race_id,date,venue,race_no,player_id,car_no,bracket_no,age,gender,term,prefecture,region_id,player_class,player_group,score,win_rate,place2_rate,place3_rate,back_count,standing_count,front_runner_count,stalker_count,deep_closer_count,marker_count,gear_ratio,prediction_mark,style,recent_avg_finish,recent_races_count,current_cup_avg_finish,days_since_last_race,venue_win_rate,track_win_rate,track_place2_rate,track_place3_rate,track_races,weather_win_rate,weather_place2_rate,weather_place3_rate,weather_races,race_type_win_rate,race_type_place2_rate,race_type_place3_rate,race_type_races,hour_win_rate,hour_place2_rate,hour_place3_rate,hour_races,line_role_win_rate,line_role_place2_rate,line_role_place3_rate,line_role_races,line_verification_status,line_source,line_verification_scope,line_id,line_position,line_size,is_line_leader,number_of_lines,line_type,weather,wind_speed,meeting_day,entries_number,declared_entries_number,cancelled_car_numbers,is_grade_race,start_at,close_at,current_term_class,current_term_group,previous_term_class,previous_term_group,odds_win,finish_pos,official_finish_pos,result_available,result_factor,result_event_back,result_event_spurtSucceeded,result_event_thrustSucceeded,result_event_leftBehind,result_event_splitLine,result_event_snatchSucceeded,result_event_competeSucceeded,result_event_hasAccident,is_dnf,result_status,data_origin,source_provider,source_url,commercial_use_status,derived_feature_version,player_name,race_class,race_type,distance
012220261008,2026-10-08,前橋,1,15667,1,1,23,女,122,茨城,2,4,1,53.18,0.086,0.26,0.565,2,0,0,2,3,1,3.77,0,両,3.3,10,3.5,1,,0.0,0.0,0.66,3.0,,,,0.0,0.42,0.42,0.14,7.0,0.03,0.21,0.25,28.0,,,,0.0,missing,winticket_line_prediction,provider_forecast_structure_only,,,,,0,,,0.0,3,7,7,,0,1791460200,1791459900,4,1,4,1,,,,0,,,,,,,,,,0,,external_public_source,winticket,https://www.winticket.jp/keirin/maebashi/racecard/2026100622/3/1,review_required,race_features_v1,戸田瑞姫,L級,ガールズ一般,1700
012220261008,2026-10-08,前橋,1,15149,2,2,29,女,110,愛知,4,4,1,51.62,0.083,0.29,0.4579999999999999,2,1,0,1,1,5,3.79,0,両,4.2,10,4.5,1,,0.0,0.12,0.37,8.0,,,,0.0,0.36,0.09,0.18,11.0,0.05,0.21,0.1,19.0,,,,0.0,missing,winticket_line_prediction,provider_forecast_structure_only,,,,,0,,,0.0,3,7,7,,0,1791460200,1791459900,4,1,4,1,,,,0,,,,,,,,,,0,,external_public_source,winticket,https://www.winticket.jp/keirin/maebashi/racecard/2026100622/3/1,review_required,race_features_v1,中野咲,L級,ガールズ一般,1700
012220261008,2026-10-08,前橋,1,15857,3,3,22,女,126,三重,4,4,1,50.66,0.2,0.266,0.4,9,1,4,0,0,0,3.77,0,両,4.8,10,5.5,1,,0.0,0.0,0.0,3.0,,,,0.0,0.33,0.33,0.11,9.0,0.16,0.16,0.0,12.0,,,,0.0,missing,winticket_line_prediction,provider_forecast_structure_only,,,,,0,,,0.0,3,7,7,,0,1791460200,1791459900,4,1,4,1,,,,0,,,,,,,,,,0,,external_public_source,winticket,https://www.winticket.jp/keirin/maebashi/racecard/2026100622/3/1,review_required,race_features_v1,伊藤優里,L級,ガールズ一般,1700
012220261008,2026-10-08,前橋,1,15147,4,4,36,女,110,愛知,4,4,1,47.76,0.0,0.166,0.2,0,4,0,3,0,2,3.77,0,両,5.6,10,6.0,1,,0.0,0.0,0.0,0.0,,,,0.0,0.06,0.4,0.13,30.0,0.03,0.12,0.03,31.0,,,,0.0,missing,winticket_line_prediction,provider_forecast_structure_only,,,,,0,,,0.0,3,7,7,,0,1791460200,1791459900,4,1,4,1,,,,0,,,,,,,,,,0,,external_public_source,winticket,https://www.winticket.jp/keirin/maebashi/racecard/2026100622/3/1,review_required,race_features_v1,佐々木恵理,L級,ガールズ一般,1700
012220261008,2026-10-08,前橋,1,15849,5,5,22,女,126,北海道,1,4,1,47.61,0.047,0.047,0.19,0,7,0,1,0,0,3.77,0,両,5.7,10,6.5,1,,0.0,0.0,0.0,0.0,,,,0.0,0.03,0.13,0.24,29.0,0.0,0.1,0.03,28.0,,,,0.0,missing,winticket_line_prediction,provider_forecast_structure_only,,,,,0,,,0.0,3,7,7,,0,1791460200,1791459900,4,1,4,1,,,,0,,,,,,,,,,0,,external_public_source,winticket,https://www.winticket.jp/keirin/maebashi/racecard/2026100622/3/1,review_required,race_features_v1,佐藤乃愛,L級,ガールズ一般,1700
012220261008,2026-10-08,前橋,1,15217,6,6,28,女,112,群馬,2,4,1,47.6,0.0,0.0,0.066,0,1,0,0,0,0,3.77,0,追,5.5,10,6.0,1,,0.0,0.0,0.0,0.0,,,,0.0,0.14,0.14,0.0,14.0,0.03,0.0,0.1,30.0,,,,0.0,missing,winticket_line_prediction,provider_forecast_structure_only,,,,,0,,,0.0,3,7,7,,0,1791460200,1791459900,4,1,4,1,,,,0,,,,,,,,,,0,,external_public_source,winticket,https://www.winticket.jp/keirin/maebashi/racecard/2026100622/3/1,review_required,race_features_v1,南彩乃,L級,ガールズ一般,1700
012220261008,2026-10-08,前橋,1,15581,7,6,25,女,120,千葉,3,4,1,45.33,0.0,0.0,0.0,1,0,0,0,0,0,3.79,0,逃,5.7,10,6.5,1,,0.0,0.0,0.0,0.0,,,,0.0,0.33,0.0,0.0,3.0,0.25,0.0,0.0,4.0,,,,0.0,missing,winticket_line_prediction,provider_forecast_structure_only,,,,,0,,,0.0,3,7,7,,0,1791460200,1791459900,4,1,4,1,,,,0,,,,,,,,,,0,,external_public_source,winticket,https://www.winticket.jp/keirin/maebashi/racecard/2026100622/3/1,review_required,race_features_v1,刈込奈那,L級,ガールズ一般,1700
022220261008,2026-10-08,前橋,2,13416,1,1,47,男,81,静岡,3,2,1,84.7,0.083,0.25,0.416,0,0,0,4,0,2,3.92,0,追,3.4,10,4.5,1,,0.33,0.0,0.0,3.0,,,,0.0,0.15,0.32,0.12,40.0,0.17,0.31,0.03,29.0,,,,0.0,missing,winticket_line_prediction,provider_forecast_structure_only,,,,,0,,,0.0,3,6,6,,0,1791461400,1791461100,2,1,2,1,,,,0,,,,,,,,,,0,,external_public_source,winticket,https://www.winticket.jp/keirin/maebashi/racecard/2026100622/3/2,review_required,race_features_v1,飯尾主税,A級,一般,1700
022220261008,2026-10-08,前橋,2,14587,2,2,41,男,97,東京,2,2,1,84.08,0.083,0.25,0.291,1,1,0,5,0,1,3.92,0,追,3.7,10,5.5,1,,0.0,0.0,0.33,3.0,,,,0.0,0.04,0.15,0.06,44.0,0.04,0.2,0.08,24.0,,,,0.0,missing,winticket_line_prediction,provider_forecast_structure_only,,,,,0,,,0.0,3,6,6,,0,1791461400,1791461100,2,1,2,1,,,,0,,,,,,,,,,0,,external_public_source,winticket,https://www.winticket.jp/keirin/maebashi/racecard/2026100622/3/2,review_required,race_features_v1,鈴木謙二,A級,一般,1700
022220261008,2026-10-08,前橋,2,15705,3,3,25,男,123,千葉,3,2,2,81.0,0.12,0.28,0.32,10,3,5,0,2,0,3.92,0,逃,4.9,10,4.5,1,,0.33,0.0,0.0,3.0,,,,0.0,0.16,0.21,0.09,42.0,0.0,0.25,0.07,28.0,,,,0.0,missing,winticket_line_prediction,provider_forecast_structure_only,,,,,0,,,0.0,3,6,6,,0,1791461400,1791461100,2,2,2,2,,,,0,,,,,,,,,,0,,external_public_source,winticket,https://www.winticket.jp/keirin/maebashi/racecard/2026100622/3/2,review_required,race_features_v1,鳥海創,A級,一般,1700
022220261008,2026-10-08,前橋,2,13761,4,4,48,男,86,埼玉,2,2,2,80.38,0.0,0.047,0.095,0,0,0,0,0,1,3.92,0,追,4.4,10,5.5,1,,0.0,0.0,0.0,6.0,,,,0.0,0.02,0.08,0.15,46.0,0.03,0.06,0.06,29.0,,,,0.0,missing,winticket_line_prediction,provider_forecast_structure_only,,,,,0,,,0.0,3,6,6,,0,1791461400,1791461100,2,2,2,2,,,,0,,,,,,,,,,0,,external_public_source,winticket,https://www.winticket.jp/keirin/maebashi/racecard/2026100622/3/2,review_required,race_features_v1,新井剛央,A級,一般,1700
022220261008,2026-10-08,前橋,2,13171,5,5,54,男,78,埼玉,2,2,2,80.26,0.0,0.0,0.3329999999999999,0,0,0,0,0,0,3.92,0,追,4.7,10,5.0,1,,0.0,0.0,0.66,3.0,,,,0.0,0.0,0.0,0.34,29.0,0.0,0.0,0.35,20.0,,,,0.0,missing,winticket_line_prediction,provider_forecast_structure_only,,,,,0,,,0.0,3,6,6,,0,1791461400,1791461100,2,2,2,2,,,,0,,,,,,,,,,0,,external_public_source,winticket,https://www.winticket.jp/keirin/maebashi/racecard/2026100622/3/2,review_required,race_features_v1,岩橋則明,A級,一般,1700
022220261008,2026-10-08,前橋,2,11372,6,6,60,男,57,静岡,3,2,2,76.28,0.0,0.0,0.047,0,0,0,0,0,0,3.92,0,追,6.1,10,5.5,1,,0.0,0.0,0.0,0.0,,,,0.0,0.0,0.07,0.03,55.0,0.0,0.08,0.02,35.0,,,,0.0,missing,winticket_line_prediction,provider_forecast_structure_only,,,,,0,,,0.0,3,6,6,,0,1791461400,1791461100,2,2,2,3,,,,0,,,,,,,,,,0,,external_public_source,winticket,https://www.winticket.jp/keirin/maebashi/racecard/2026100622/3/2,review_required,race_features_v1,黒瀬浩一,A級,一般,1700
032220261008,2026-10-08,前橋,3,14383,1,1,42,男,94,神奈川,3,2,2,83.56,0.086,0.217,0.391,0,8,0,2,0,3,3.92,0,追,4.1,10,5.5,1,,0.11,0.0,0.11,9.0,,,,0.0,0.15,0.23,0.1,39.0,0.13,0.13,0.03,30.0,,,,0.0,missing,winticket_line_prediction,provider_forecast_structure_only,,,,,0,,,0.0,3,6,6,,0,1791462600,1791462300,2,2,2,2,,,,0,,,,,,,,,,0,,external_public_source,winticket,https://www.winticket.jp/keirin/maebashi/racecard/2026100622/3/3,review_required,race_features_v1,河野要,A級,一般,1700
032220261008,2026-10-08,前橋,3,13615,2,2,48,男,84,栃木,2,2,2,83.54,0.25,0.3329999999999999,0.3329999999999999,2,0,1,6,1,0,3.92,0,追,5.4,10,7.0,1,,0.16,0.16,0.33,6.0,,,,0.0,0.31,0.13,0.02,38.0,0.19,0.12,0.02,41.0,,,,0.0,missing,winticket_line_prediction,provider_forecast_structure_only,,,,,0,,,0.0,3,6,6,,0,1791462600,1791462300,2,2,2,2,,,,0,,,,,,,,,,0,,external_public_source,winticket,https://www.winticket.jp/keirin/maebashi/racecard/2026100622/3/3,review_required,race_features_v1,山口貴弘,A級,一般,1700
032220261008,2026-10-08,前橋,3,14988,3,3,32,男,105,茨城,2,2,2,82.64,0.214,0.284,0.392,8,1,5,1,2,0,3.92,0,逃,4.8,10,7.0,1,,0.16,0.16,0.0,6.0,,,,0.0,0.23,0.08,0.07,69.0,0.2,0.05,0.02,35.0,,,,0.0,missing,winticket_line_prediction,provider_forecast_structure_only,,,,,0,,,0.0,3,6,6,,0,1791462600,1791462300,2,2,2,2,,,,0,,,,,,,,,,0,,external_public_source,winticket,https://www.winticket.jp/keirin/maebashi/racecard/2026100622/3/3,review_required,race_features_v1,伊早坂駿一,A級,一般,1700
032220261008,2026-10-08,前橋,3,14083,4,4,42,男,90,千葉,3,2,1,80.41,0.0,0.083,0.25,0,0,0,1,0,1,3.92,0,追,4.4,10,4.5,1,,0.0,0.0,0.0,3.0,,,,0.0,0.0,0.15,0.2,45.0,0.0,0.07,0.15,38.0,,,,0.0,missing,winticket_line_prediction,provider_forecast_structure_only,,,,,0,,,0.0,3,6,6,,0,1791462600,1791462300,2,1,2,2,,,,0,,,,,,,,,,0,,external_public_source,winticket,https://www.winticket.jp/keirin/maebashi/racecard/2026100622/3/3,review_required,race_features_v1,成清謙二郎,A級,一般,1700
032220261008,2026-10-08,前橋,3,13036,5,5,50,男,76,静岡,3,2,2,79.61,0.047,0.095,0.285,0,1,0,2,0,0,3.92,0,追,4.8,10,4.5,1,,0.0,0.0,0.0,3.0,,,,0.0,0.03,0.15,0.15,59.0,0.03,0.09,0.12,32.0,,,,0.0,missing,winticket_line_prediction,provider_forecast_structure_only,,,,,0,,,0.0,3,6,6,,0,1791462600,1791462300,2,2,2,2,,,,0,,,,,,,,,,0,,external_public_source,winticket,https://www.winticket.jp/keirin/maebashi/racecard/2026100622/3/3,review_required,race_features_v1,深澤伸介,A級,一般,1700
032220261008,2026-10-08,前橋,3,12717,6,6,54,男,72,栃木,2,2,2,79.5,0.0409999999999999,0.0409999999999999,0.125,0,0,0,1,0,0,3.92,0,追,5.4,10,5.5,1,,0.08,0.25,0.16,12.0,,,,0.0,0.13,0.13,0.07,38.0,0.11,0.3,0.3,26.0,,,,0.0,missing,winticket_line_prediction,provider_forecast_structure_only,,,,,0,,,0.0,3,6,6,,0,1791462600,1791462300,2,2,2,3,,,,0,,,,,,,,,,0,,external_public_source,winticket,https://www.winticket.jp/keirin/maebashi/racecard/2026100622/3/3,review_required,race_features_v1,伊藤一貴,A級,一般,1700
042220261008,2026-10-08,前橋,4,14012,1,1,42,男,89,新潟,2,2,2,83.83,0.083,0.166,0.3329999999999999,0,5,0,4,0,0,3.92,0,追,3.7,10,,5,,0.0,0.0,0.0,0.0,,,,0.0,0.06,0.1,0.08,46.0,0.0,0.21,0.07,14.0,,,,0.0,missing,winticket_line_prediction,provider_forecast_structure_only,,,,,0,,,0.0,3,7,7,,0,1791463800,1791463500,2,2,2,2,,,,0,,,,,,,,,,0,,external_public_source,winticket,https://www.winticket.jp/keirin/maebashi/racecard/2026100622/3/4,review_required,race_features_v1,関智晴,A級,一般,1700
042220261008,2026-10-08,前橋,4,14056,2,2,46,男,90,茨城,2,2,2,83.41,0.083,0.166,0.3329999999999999,0,1,0,3,0,1,3.92,0,追,4.8,10,6.5,1,,0.0,0.0,0.2,5.0,,,,0.0,0.08,0.08,0.17,46.0,0.0,0.09,0.22,31.0,,,,0.0,missing,winticket_line_prediction,provider_forecast_structure_only,,,,,0,,,0.0,3,7,7,,0,1791463800,1791463500,2,2,2,2,,,,0,,,,,,,,,,0,,external_public_source,winticket,https://www.winticket.jp/keirin/maebashi/racecard/2026100622/3/4,review_required,race_features_v1,橋本紀彰,A級,一般,1700
042220261008,2026-10-08,前橋,4,13106,3,3,52,男,77,千葉,3,2,2,82.46,0.0,0.187,0.375,0,9,0,1,0,2,3.92,0,追,3.888888888888889,10,5.0,1,,0.0,0.0,0.16,6.0,,,,0.0,0.01,0.15,0.15,51.0,0.0,0.07,0.19,26.0,,,,0.0,missing,winticket_line_prediction,provider_forecast_structure_only,,,,,0,,,0.0,3,7,7,,0,1791463800,1791463500,2,2,2,2,,,,0,,,,,,,,,,0,,external_public_source,winticket,https://www.winticket.jp/keirin/maebashi/racecard/2026100622/3/4,review_required,race_features_v1,赤井学,A級,一般,1700
042220261008,2026-10-08,前橋,4,14282,4,4,48,男,93,福島,1,2,2,81.0,0.0409999999999999,0.166,0.25,1,2,0,3,0,1,3.92,0,追,4.6,10,4.5,1,,0.0,0.0,0.16,6.0,,,,0.0,0.02,0.15,0.17,46.0,0.03,0.18,0.18,32.0,,,,0.0,missing,winticket_line_prediction,provider_forecast_structure_only,,,,,0,,,0.0,3,7,7,,0,1791463800,1791463500,2,2,2,2,,,,0,,,,,,,,,,0,,external_public_source,winticket,https://www.winticket.jp/keirin/maebashi/racecard/2026100622/3/4,review_required,race_features_v1,石川恭規,A級,一般,1700
042220261008,2026-10-08,前橋,4,12875,5,5,54,男,74,千葉,3,2,2,80.92,0.066,0.2,0.3329999999999999,0,0,0,1,1,1,3.92,0,追,4.0,10,4.0,1,,0.0,0.0,0.33,6.0,,,,0.0,0.09,0.07,0.23,51.0,0.03,0.13,0.13,30.0,,,,0.0,missing,winticket_line_prediction,provider_forecast_structure_only,,,,,0,,,0.0,3,7,7,,0,1791463800,1791463500,2,2,2,1,,,,0,,,,,,,,,,0,,external_public_source,winticket,https://www.winticket.jp/keirin/maebashi/racecard/2026100622/3/4,review_required,race_features_v1,中曽直彦,A級,一般,1700
042220261008,2026-10-08,前橋,4,15515,6,6,26,男,119,福島,1,2,2,80.19,0.076,0.192,0.2689999999999999,5,9,0,2,3,0,3.92,0,両,4.9,10,5.0,1,,0.0,0.0,0.25,4.0,,,,0.0,0.12,0.14,0.08,50.0,0.07,0.07,0.07,13.0,,,,0.0,missing,winticket_line_prediction,provider_forecast_structure_only,,,,,0,,,0.0,3,7,7,,0,1791463800,1791463500,2,2,2,2,,,,0,,,,,,,,,,0,,external_public_source,winticket,https://www.winticket.jp/keirin/maebashi/racecard/2026100622/3/4,review_required,race_features_v1,平山優太,A級,一般,1700
042220261008,2026-10-08,前橋,4,13629,7,6,49,男,84,千葉,3,2,2,78.39,0.0,0.086,0.26,0,0,0,1,1,0,3.92,0,逃,4.4,10,5.5,1,,0.0,0.0,0.0,0.0,,,,0.0,0.22,0.14,0.22,35.0,0.18,0.06,0.18,33.0,,,,0.0,missing,winticket_line_prediction,provider_forecast_structure_only,,,,,0,,,0.0,3,7,7,,0,1791463800,1791463500,2,2,2,3,,,,0,,,,,,,,,,0,,external_public_source,winticket,https://www.winticket.jp/keirin/maebashi/racecard/2026100622/3/4,review_required,race_features_v1,福森慎太郎,A級,一般,1700
052220261008,2026-10-08,前橋,5,14082,1,1,44,男,90,千葉,3,2,1,93.57,0.142,0.523,0.6659999999999999,0,4,0,6,0,5,3.92,0,追,3.8,10,6.5,1,,0.07,0.15,0.23,13.0,,,,0.0,0.0,0.13,0.06,15.0,0.11,0.11,0.11,9.0,,,,0.0,missing,winticket_line_prediction,provider_forecast_structure_only,,,,,0,,,0.0,3,7,7,,0,1791465000,1791464700,2,1,1,2,,,,0,,,,,,,,,,0,,external_public_source,winticket,https://www.winticket.jp/keirin/maebashi/racecard/2026100622/3/5,review_required,race_features_v1,高橋雅之,A級,特選,1700
052220261008,2026-10-08,前橋,5,13188,2,2,54,男,78,神奈川,3,2,1,87.56,0.175,0.47,0.647,0,0,0,4,1,3,3.85,0,追,3.111111111111111,10,3.0,1,,0.12,0.12,0.12,8.0,,,,0.0,0.0,0.0,0.08,12.0,0.0,0.27,0.36,11.0,,,,0.0,missing,winticket_line_prediction,provider_forecast_structure_only,,,,,0,,,0.0,3,7,7,,0,1791465000,1791464700,2,1,2,1,,,,0,,,,,,,,,,0,,external_public_source,winticket,https://www.winticket.jp/keirin/maebashi/racecard/2026100622/3/5,review_required,race_features_v1,山田幸司,A級,特選,1700
052220261008,2026-10-08,前橋,5,14347,3,3,39,男,94,北海道,1,2,2,86.0,0.166,0.2769999999999999,0.3879999999999999,0,0,0,5,0,0,3.92,0,追,3.3,10,3.5,1,,0.0,0.16,0.33,6.0,,,,0.0,0.0,0.0,0.0,0.0,0.1,0.1,0.24,29.0,,,,0.0,missing,winticket_line_prediction,provider_forecast_structure_only,,,,,0,,,0.0,3,7,7,,0,1791465000,1791464700,2,2,2,2,,,,0,,,,,,,,,,0,,external_public_source,winticket,https://www.winticket.jp/keirin/maebashi/racecard/2026100622/3/5,review_required,race_features_v1,外崎一成,A級,特選,1700
052220261008,2026-10-08,前橋,5,13014,4,4,54,男,76,栃木,2,2,1,86.0,0.125,0.25,0.437,0,4,0,3,0,1,3.85,0,追,3.375,10,3.5,1,,0.0,0.41,0.08,12.0,,,,0.0,0.0,0.0,0.0,2.0,0.2,0.15,0.15,20.0,,,,0.0,missing,winticket_line_prediction,provider_forecast_structure_only,,,,,0,,,0.0,3,7,7,,0,1791465000,1791464700,2,1,1,2,,,,0,,,,,,,,,,0,,external_public_source,winticket,https://www.winticket.jp/keirin/maebashi/racecard/2026100622/3/5,review_required,race_features_v1,江連和洋,A級,特選,1700
052220261008,2026-10-08,前橋,5,15895,5,5,23,男,127,静岡,3,2,2,84.09,0.095,0.284,0.476,8,11,3,0,2,1,3.85,0,逃,3.8,10,3.0,1,,0.0,0.5,0.33,6.0,,,,0.0,0.0,0.0,0.0,0.0,0.14,0.29,0.14,27.0,,,,0.0,missing,winticket_line_prediction,provider_forecast_structure_only,,,,,0,,,0.0,3,7,7,,0,1791465000,1791464700,2,2,2,3,,,,0,,,,,,,,,,0,,external_public_source,winticket,https://www.winticket.jp/keirin/maebashi/racecard/2026100622/3/5,review_required,race_features_v1,鈴木小次廊,A級,特選,1700
052220261008,2026-10-08,前橋,5,15414,6,6,27,男,117,北海道,1,2,2,83.55,0.166,0.2769999999999999,0.444,4,0,2,1,2,0,3.93,0,両,4.3,10,3.5,1,,0.0,0.0,0.0,0.0,,,,0.0,0.0,0.0,0.0,0.0,0.23,0.11,0.11,17.0,,,,0.0,missing,winticket_line_prediction,provider_forecast_structure_only,,,,,0,,,0.0,3,7,7,,0,1791465000,1791464700,2,2,2,2,,,,0,,,,,,,,,,0,,external_public_source,winticket,https://www.winticket.jp/keirin/maebashi/racecard/2026100622/3/5,review_required,race_features_v1,大森光明,A級,特選,1700
052220261008,2026-10-08,前橋,5,13983,7,6,44,男,89,青森,1,2,2,81.85,0.095,0.284,0.3329999999999999,0,1,0,5,0,1,3.92,0,追,4.2,10,4.0,1,,0.0,0.0,0.2,5.0,,,,0.0,0.0,0.0,0.0,0.0,0.02,0.02,0.04,42.0,,,,0.0,missing,winticket_line_prediction,provider_forecast_structure_only,,,,,0,,,0.0,3,7,7,,0,1791465000,1791464700,2,2,2,2,,,,0,,,,,,,,,,0,,external_public_source,winticket,https://www.winticket.jp/keirin/maebashi/racecard/2026100622/3/5,review_required,race_features_v1,大崎智久,A級,特選,1700
062220261008,2026-10-08,前橋,6,15691,1,1,28,男,123,福島,1,2,1,92.8,0.19,0.3329999999999999,0.6659999999999999,9,4,3,2,2,0,3.92,0,逃,3.8,10,4.5,1,,0.33,0.33,0.0,3.0,,,,0.0,0.21,0.0,0.28,14.0,0.17,0.08,0.3,23.0,,,,0.0,missing,winticket_line_prediction,provider_forecast_structure_only,,,,,0,,,0.0,3,7,7,,0,1791466200,1791465900,2,1,2,1,,,,0,,,,,,,,,,0,,external_public_source,winticket,https://www.winticket.jp/keirin/maebashi/racecard/2026100622/3/6,review_required,race_features_v1,岡部伶音,A級,特選,1700
062220261008,2026-10-08,前橋,6,13827,2,2,44,男,87,宮城,1,2,1,89.52,0.142,0.428,0.7609999999999999,0,3,0,3,1,5,3.85,0,追,3.4,10,3.5,1,,0.33,0.16,0.0,6.0,,,,0.0,0.0,0.0,0.0,2.0,0.15,0.19,0.19,26.0,,,,0.0,missing,winticket_line_prediction,provider_forecast_structure_only,,,,,0,,,0.0,3,7,7,,0,1791466200,1791465900,2,1,2,1,,,,0,,,,,,,,,,0,,external_public_source,winticket,https://www.winticket.jp/keirin/maebashi/racecard/2026100622/3/6,review_required,race_features_v1,佐藤雅彦,A級,特選,1700
062220261008,2026-10-08,前橋,6,14225,3,3,43,男,92,埼玉,2,2,1,89.28,0.217,0.434,0.434,0,1,0,7,0,3,3.92,0,追,2.7777777777777777,10,2.5,1,,0.0,0.0,0.0,2.0,,,,0.0,0.0,0.07,0.23,13.0,0.18,0.18,0.0,11.0,,,,0.0,missing,winticket_line_prediction,provider_forecast_structure_only,,,,,0,,,0.0,3,7,7,,0,1791466200,1791465900,2,1,2,1,,,,0,,,,,,,,,,0,,external_public_source,winticket,https://www.winticket.jp/keirin/maebashi/racecard/2026100622/3/6,review_required,race_features_v1,伊藤亮,A級,特選,1700
062220261008,2026-10-08,前橋,6,14164,4,4,40,男,91,静岡,3,2,1,87.83,0.083,0.29,0.583,0,4,0,5,1,1,3.92,0,追,3.4,10,4.5,1,,0.05,0.16,0.22,18.0,,,,0.0,0.0,0.0,0.0,0.0,0.14,0.2,0.05,35.0,,,,0.0,missing,winticket_line_prediction,provider_forecast_structure_only,,,,,0,,,0.0,3,7,7,,0,1791466200,1791465900,2,1,2,1,,,,0,,,,,,,,,,0,,external_public_source,winticket,https://www.winticket.jp/keirin/maebashi/racecard/2026100622/3/6,review_required,race_features_v1,田中孝彦,A級,特選,1700
062220261008,2026-10-08,前橋,6,14813,5,5,34,男,100,山梨,2,2,2,85.5,0.192,0.461,0.5760000000000001,8,6,4,6,2,0,3.92,0,両,3.4,10,4.0,1,,0.0,0.33,0.0,6.0,,,,0.0,0.0,0.0,0.0,0.0,0.12,0.18,0.09,32.0,,,,0.0,missing,winticket_line_prediction,provider_forecast_structure_only,,,,,0,,,0.0,3,7,7,,0,1791466200,1791465900,2,2,2,2,,,,0,,,,,,,,,,0,,external_public_source,winticket,https://www.winticket.jp/keirin/maebashi/racecard/2026100622/3/6,review_required,race_features_v1,新井僚太郎,A級,特選,1700
062220261008,2026-10-08,前橋,6,15617,6,6,26,男,121,神奈川,3,2,1,85.4,0.073,0.259,0.518,15,7,5,0,2,0,3.92,0,逃,3.2,10,4.0,1,,0.11,0.11,0.33,9.0,,,,0.0,0.0,0.0,0.0,0.0,0.16,0.24,0.12,50.0,,,,0.0,missing,winticket_line_prediction,provider_forecast_structure_only,,,,,0,,,0.0,3,7,7,,0,1791466200,1791465900,2,1,2,1,,,,0,,,,,,,,,,0,,external_public_source,winticket,https://www.winticket.jp/keirin/maebashi/racecard/2026100622/3/6,review_required,race_features_v1,添田龍児,A級,特選,1700
062220261008,2026-10-08,前橋,6,13826,7,6,47,男,87,北海道,1,2,1,85.0,0.19,0.284,0.428,1,6,0,5,0,1,3.92,0,追,3.8,10,2.0,1,,0.0,0.0,0.0,3.0,,,,0.0,0.0,0.0,0.0,0.0,0.14,0.04,0.19,41.0,,,,0.0,missing,winticket_line_prediction,provider_forecast_structure_only,,,,,0,,,0.0,3,7,7,,0,1791466200,1791465900,2,1,2,1,,,,0,,,,,,,,,,0,,external_public_source,winticket,https://www.winticket.jp/keirin/maebashi/racecard/2026100622/3/6,review_required,race_features_v1,田原大広,A級,特選,1700
072220261008,2026-10-08,前橋,7,13747,1,1,47,男,86,青森,1,2,1,94.66,0.222,0.5,0.722,0,2,0,6,0,3,3.92,0,追,3.3,10,4.0,1,,0.0,0.14,0.0,7.0,,,,0.0,0.28,0.0,0.57,7.0,0.2,0.2,0.4,5.0,,,,0.0,missing,winticket_line_prediction,provider_forecast_structure_only,,,,,0,,,0.0,3,7,7,,0,1791467400,1791467100,2,1,1,2,,,,0,,,,,,,,,,0,,external_public_source,winticket,https://www.winticket.jp/keirin/maebashi/racecard/2026100622/3/7,review_required,race_features_v1,伊藤大志,A級,特選,1700
072220261008,2026-10-08,前橋,7,12501,2,2,54,男,69,群馬,2,2,1,88.83,0.0,0.166,0.166,0,0,0,0,0,2,3.92,0,追,4.2,10,3.0,1,,0.0,0.0,0.33,3.0,,,,0.0,0.0,0.0,0.0,3.0,0.0,0.0,0.4,5.0,,,,0.0,missing,winticket_line_prediction,provider_forecast_structure_only,,,,,0,,,0.0,3,7,7,,0,1791467400,1791467100,2,1,1,2,,,,0,,,,,,,,,,0,,external_public_source,winticket,https://www.winticket.jp/keirin/maebashi/racecard/2026100622/3/7,review_required,race_features_v1,金子真也,A級,特選,1700
072220261008,2026-10-08,前橋,7,15882,3,3,20,男,127,埼玉,2,2,2,88.07,0.295,0.518,0.5920000000000001,21,5,14,0,0,0,3.77,0,逃,3.0,10,2.5,1,,0.71,0.21,0.07,14.0,,,,0.0,0.0,0.0,0.0,0.0,0.42,0.3,0.19,26.0,,,,0.0,missing,winticket_line_prediction,provider_forecast_structure_only,,,,,0,,,0.0,3,7,7,,0,1791467400,1791467100,2,2,2,3,,,,0,,,,,,,,,,0,,external_public_source,winticket,https://www.winticket.jp/keirin/maebashi/racecard/2026100622/3/7,review_required,race_features_v1,木村優駿,A級,特選,1700
072220261008,2026-10-08,前橋,7,13859,4,4,47,男,87,静岡,3,2,1,86.59,0.043,0.26,0.608,0,4,0,2,0,4,3.92,0,追,3.5,10,3.5,1,,0.0,0.33,0.0,3.0,,,,0.0,0.0,0.0,0.0,0.0,0.08,0.14,0.14,35.0,,,,0.0,missing,winticket_line_prediction,provider_forecast_structure_only,,,,,0,,,0.0,3,7,7,,0,1791467400,1791467100,2,1,2,1,,,,0,,,,,,,,,,0,,external_public_source,winticket,https://www.winticket.jp/keirin/maebashi/racecard/2026100622/3/7,review_required,race_features_v1,荒木伸哉,A級,特選,1700
072220261008,2026-10-08,前橋,7,15780,5,5,26,男,125,青森,1,2,1,85.6,0.2,0.3329999999999999,0.3329999999999999,6,2,2,1,2,0,3.92,0,逃,3.9,10,2.5,1,,0.0,0.0,0.0,0.0,,,,0.0,0.0,0.0,0.0,0.0,0.27,0.18,0.27,11.0,,,,0.0,missing,winticket_line_prediction,provider_forecast_structure_only,,,,,0,,,0.0,3,7,7,,0,1791467400,1791467100,2,1,2,2,,,,0,,,,,,,,,,0,,external_public_source,winticket,https://www.winticket.jp/keirin/maebashi/racecard/2026100622/3/7,review_required,race_features_v1,小田恭介,A級,特選,1700
072220261008,2026-10-08,前橋,7,14937,6,6,33,男,103,静岡,3,2,2,84.44,0.166,0.3879999999999999,0.611,4,4,2,0,4,1,3.93,0,両,3.3,10,4.0,1,,0.16,0.16,0.0,6.0,,,,0.0,0.0,0.0,0.0,0.0,0.12,0.12,0.25,24.0,,,,0.0,missing,winticket_line_prediction,provider_forecast_structure_only,,,,,0,,,0.0,3,7,7,,0,1791467400,1791467100,2,2,2,1,,,,0,,,,,,,,,,0,,external_public_source,winticket,https://www.winticket.jp/keirin/maebashi/racecard/2026100622/3/7,review_required,race_features_v1,田中誇士,A級,特選,1700
072220261008,2026-10-08,前橋,7,14062,7,6,45,男,90,群馬,2,2,2,80.77,0.0,0.0,0.272,0,2,0,0,0,0,3.85,0,追,4.6,10,3.5,1,,0.0,0.25,0.25,4.0,,,,0.0,0.0,0.0,0.0,0.0,0.0,0.15,0.35,20.0,,,,0.0,missing,winticket_line_prediction,provider_forecast_structure_only,,,,,0,,,0.0,3,7,7,,0,1791467400,1791467100,2,2,2,3,,,,0,,,,,,,,,,0,,external_public_source,winticket,https://www.winticket.jp/keirin/maebashi/racecard/2026100622/3/7,review_required,race_features_v1,齋藤昌弘,A級,特選,1700
082220261008,2026-10-08,前橋,8,15587,1,1,33,女,120,和歌山,5,4,1,56.96,0.518,0.777,0.8140000000000001,6,2,3,7,10,1,3.79,0,両,1.5,10,1.0,1,,1.0,0.0,0.0,3.0,,,,0.0,0.5,0.15,0.07,26.0,0.66,0.22,0.05,18.0,,,,0.0,missing,winticket_line_prediction,provider_forecast_structure_only,,,,,0,,,0.0,3,7,7,,0,1791468600,1791468300,4,1,4,1,,,,0,,,,,,,,,,0,,external_public_source,winticket,https://www.winticket.jp/keirin/maebashi/racecard/2026100622/3/8,review_required,race_features_v1,吉川美穂,L級,ガールズ決勝,1700
082220261008,2026-10-08,前橋,8,15320,2,2,36,女,114,宮崎,8,4,1,56.36,0.3,0.833,0.833,1,4,0,12,4,9,3.77,0,両,2.2,10,2.0,1,,0.44,0.33,0.11,9.0,,,,0.0,0.26,0.36,0.13,30.0,0.5,0.34,0.07,26.0,,,,0.0,missing,winticket_line_prediction,provider_forecast_structure_only,,,,,0,,,0.0,3,7,7,,0,1791468600,1791468300,4,1,4,1,,,,0,,,,,,,,,,0,,external_public_source,winticket,https://www.winticket.jp/keirin/maebashi/racecard/2026100622/3/8,review_required,race_features_v1,那須萌美,L級,ガールズ決勝,1700
082220261008,2026-10-08,前橋,8,15939,3,3,28,女,128,茨城,2,4,1,55.87,0.3329999999999999,0.583,0.7909999999999999,19,1,8,2,4,0,3.79,0,逃,1.4,10,1.0,1,,1.0,0.0,0.0,3.0,,,,0.0,0.32,0.16,0.24,25.0,0.71,0.09,0.06,32.0,,,,0.0,missing,winticket_line_prediction,provider_forecast_structure_only,,,,,0,,,0.0,3,7,7,,0,1791468600,1791468300,4,1,4,1,,,,0,,,,,,,,,,0,,external_public_source,winticket,https://www.winticket.jp/keirin/maebashi/racecard/2026100622/3/8,review_required,race_features_v1,半田水晶,L級,ガールズ決勝,1700
082220261008,2026-10-08,前橋,8,15504,4,4,31,女,118,熊本,8,4,1,54.83,0.166,0.625,0.708,5,3,4,3,6,2,3.79,0,両,3.6,10,3.0,1,,0.0,0.66,0.0,6.0,,,,0.0,0.07,0.17,0.17,28.0,0.15,0.3,0.24,33.0,,,,0.0,missing,winticket_line_prediction,provider_forecast_structure_only,,,,,0,,,0.0,3,7,7,,0,1791468600,1791468300,4,1,4,1,,,,0,,,,,,,,,,0,,external_public_source,winticket,https://www.winticket.jp/keirin/maebashi/racecard/2026100622/3/8,review_required,race_features_v1,西島叶子,L級,ガールズ決勝,1700
082220261008,2026-10-08,前橋,8,15315,5,5,31,女,114,山口,6,4,1,53.15,0.151,0.3329999999999999,0.606,20,10,5,2,3,1,3.77,0,両,3.1,10,3.0,1,,0.08,0.08,0.33,12.0,,,,0.0,0.04,0.16,0.08,25.0,0.14,0.14,0.28,35.0,,,,0.0,missing,winticket_line_prediction,provider_forecast_structure_only,,,,,0,,,0.0,3,7,7,,0,1791468600,1791468300,4,1,4,1,,,,0,,,,,,,,,,0,,external_public_source,winticket,https://www.winticket.jp/keirin/maebashi/racecard/2026100622/3/8,review_required,race_features_v1,渡口まりあ,L級,ガールズ決勝,1700
082220261008,2026-10-08,前橋,8,14962,6,6,38,女,104,東京,2,4,1,51.19,0.142,0.142,0.38,8,10,1,2,0,0,3.79,0,逃,4.5,10,4.0,1,,0.16,0.0,0.33,6.0,,,,0.0,0.0,0.15,0.07,13.0,0.14,0.03,0.14,28.0,,,,0.0,missing,winticket_line_prediction,provider_forecast_structure_only,,,,,0,,,0.0,3,7,7,,0,1791468600,1791468300,4,1,4,1,,,,0,,,,,,,,,,0,,external_public_source,winticket,https://www.winticket.jp/keirin/maebashi/racecard/2026100622/3/8,review_required,race_features_v1,石井貴子,L級,ガールズ決勝,1700
082220261008,2026-10-08,前橋,8,15674,7,6,28,女,122,静岡,3,4,1,51.05,0.055,0.222,0.3329999999999999,0,3,0,1,0,3,3.79,0,追,3.8,10,3.5,1,,0.08,0.08,0.25,12.0,,,,0.0,0.0,0.1,0.2,10.0,0.03,0.2,0.13,29.0,,,,0.0,missing,winticket_line_prediction,provider_forecast_structure_only,,,,,0,,,0.0,3,7,7,,0,1791468600,1791468300,4,1,4,1,,,,0,,,,,,,,,,0,,external_public_source,winticket,https://www.winticket.jp/keirin/maebashi/racecard/2026100622/3/8,review_required,race_features_v1,野寺楓,L級,ガールズ決勝,1700
092220261008,2026-10-08,前橋,9,15162,1,1,31,男,111,群馬,2,2,1,94.94,0.3329999999999999,0.722,0.777,9,11,5,1,7,0,3.92,0,逃,1.4444444444444444,10,1.0,1,,0.0,0.0,0.0,3.0,,,,0.0,0.14,0.42,0.0,7.0,0.36,0.36,0.0,11.0,,,,0.0,missing,winticket_line_prediction,provider_forecast_structure_only,,,,,0,,,0.0,3,7,7,,0,1791469800,1791469500,2,1,1,2,,,,0,,,,,,,,,,0,,external_public_source,winticket,https://www.winticket.jp/keirin/maebashi/racecard/2026100622/3/9,review_required,race_features_v1,蕗澤鴻太郎,A級,決勝,1700
092220261008,2026-10-08,前橋,9,14136,2,2,41,男,91,福島,1,2,1,93.23,0.428,0.475,0.619,3,0,0,1,8,1,3.92,0,両,3.4,10,2.0,1,,0.0,0.12,0.0,8.0,,,,0.0,0.25,0.0,0.25,4.0,0.12,0.37,0.12,8.0,,,,0.0,missing,winticket_line_prediction,provider_forecast_structure_only,,,,,0,,,0.0,3,7,7,,0,1791469800,1791469500,2,1,1,2,,,,0,,,,,,,,,,0,,external_public_source,winticket,https://www.winticket.jp/keirin/maebashi/racecard/2026100622/3/9,review_required,race_features_v1,金澤竜二,A級,決勝,1700
092220261008,2026-10-08,前橋,9,14378,3,3,42,男,94,千葉,3,2,1,91.66,0.166,0.3329999999999999,0.5,2,0,1,0,1,0,3.92,0,逃,3.9,10,3.5,1,,0.33,0.0,0.0,3.0,,,,0.0,0.0,0.0,0.0,1.0,0.2,0.0,0.2,5.0,,,,0.0,missing,winticket_line_prediction,provider_forecast_structure_only,,,,,0,,,0.0,3,7,7,,0,1791469800,1791469500,2,1,1,2,,,,0,,,,,,,,,,0,,external_public_source,winticket,https://www.winticket.jp/keirin/maebashi/racecard/2026100622/3/9,review_required,race_features_v1,加賀山淳,A級,決勝,1700
092220261008,2026-10-08,前橋,9,15423,4,4,30,男,117,栃木,2,2,1,91.45,0.125,0.375,0.583,6,2,4,1,4,0,3.92,0,両,2.7,10,3.0,1,,0.5,0.0,0.0,6.0,,,,0.0,0.06,0.0,0.25,16.0,0.26,0.23,0.11,26.0,,,,0.0,missing,winticket_line_prediction,provider_forecast_structure_only,,,,,0,,,0.0,3,7,7,,0,1791469800,1791469500,2,1,2,1,,,,0,,,,,,,,,,0,,external_public_source,winticket,https://www.winticket.jp/keirin/maebashi/racecard/2026100622/3/9,review_required,race_features_v1,上川直紀,A級,決勝,1700
092220261008,2026-10-08,前橋,9,15803,5,5,27,男,125,新潟,2,2,1,89.9,0.19,0.57,0.619,15,3,9,1,2,0,3.92,0,逃,3.6,10,2.0,1,,0.5,0.0,0.0,6.0,,,,0.0,0.0,0.2,0.0,5.0,0.32,0.12,0.12,31.0,,,,0.0,missing,winticket_line_prediction,provider_forecast_structure_only,,,,,0,,,0.0,3,7,7,,0,1791469800,1791469500,2,1,2,2,,,,0,,,,,,,,,,0,,external_public_source,winticket,https://www.winticket.jp/keirin/maebashi/racecard/2026100622/3/9,review_required,race_features_v1,西村剛,A級,決勝,1700
092220261008,2026-10-08,前橋,9,14818,6,6,36,男,100,千葉,3,2,1,87.82,0.083,0.29,0.5,0,11,0,2,0,5,3.92,0,追,3.555555555555556,10,1.5,1,,0.16,0.16,0.5,6.0,,,,0.0,0.0,0.0,0.25,4.0,0.12,0.21,0.21,41.0,,,,0.0,missing,winticket_line_prediction,provider_forecast_structure_only,,,,,0,,,0.0,3,7,7,,0,1791469800,1791469500,2,1,2,1,,,,0,,,,,,,,,,0,,external_public_source,winticket,https://www.winticket.jp/keirin/maebashi/racecard/2026100622/3/9,review_required,race_features_v1,田口裕一,A級,決勝,1700
092220261008,2026-10-08,前橋,9,15107,7,6,38,男,109,千葉,3,2,1,85.14,0.095,0.19,0.285,2,6,1,2,1,0,3.93,0,両,4.7,10,1.5,1,,0.16,0.0,0.33,12.0,,,,0.0,0.2,0.2,0.0,5.0,0.17,0.13,0.17,29.0,,,,0.0,missing,winticket_line_prediction,provider_forecast_structure_only,,,,,0,,,0.0,3,7,7,,0,1791469800,1791469500,2,1,2,1,,,,0,,,,,,,,,,0,,external_public_source,winticket,https://www.winticket.jp/keirin/maebashi/racecard/2026100622/3/9,review_required,race_features_v1,田頭寛之,A級,決勝,1700
014820261008,2026-10-08,四日市,1,12721,1,1,54,男,72,群馬,2,2,1,87.27,0.055,0.222,0.444,0,0,0,2,0,2,3.92,1,追,3.8,10,7.0,1,,0.0,0.33,0.22,9.0,,,,0.0,0.13,0.21,0.31,38.0,0.0,0.41,0.0,12.0,0.09,0.3,0.16,55.0,verified,winticket_line_prediction,provider_forecast_structure_only,3.0,2.0,3.0,0.0,4,二分戦,,0.0,2,7,7,,0,1791442740,1791442440,2,1,2,2,,,,0,,,,,,,,,,0,,external_public_source,winticket,https://www.winticket.jp/keirin/yokkaichi/racecard/2026100748/2/1,review_required,race_features_v1,梅山英樹,A級,一般,1625
014820261008,2026-10-08,四日市,1,15459,2,2,33,男,117,和歌山,5,2,2,78.71,0.0,0.047,0.19,4,5,0,0,0,1,3.92,0,逃,4.9,10,4.0,1,,0.0,0.33,0.0,3.0,,,,0.0,0.07,0.19,0.13,52.0,0.0,0.0,0.26,15.0,0.06,0.13,0.13,86.0,verified,winticket_line_prediction,provider_forecast_structure_only,1.0,1.0,2.0,1.0,4,二分戦,,0.0,2,7,7,,0,1791442740,1791442440,2,2,2,2,,,,0,,,,,,,,,,0,,external_public_source,winticket,https://www.winticket.jp/keirin/yokkaichi/racecard/2026100748/2/1,review_required,race_features_v1,中村泰輔,A級,一般,1625
014820261008,2026-10-08,四日市,1,12042,3,3,57,男,63,高知,7,2,2,81.79,0.0,0.0,0.166,0,0,0,0,0,0,3.92,0,追,4.5,10,7.0,1,,0.28,0.0,0.28,14.0,,,,0.0,0.1,0.1,0.18,38.0,0.0,0.09,0.14,21.0,0.0,0.07,0.23,13.0,verified,winticket_line_prediction,provider_forecast_structure_only,2.0,1.0,1.0,1.0,4,二分戦,,0.0,2,7,7,,0,1791442740,1791442440,2,2,2,3,,,,0,,,,,,,,,,0,,external_public_source,winticket,https://www.winticket.jp/keirin/yokkaichi/racecard/2026100748/2/1,review_required,race_features_v1,山原利秀,A級,一般,1625
014820261008,2026-10-08,四日市,1,15531,4,4,33,男,119,静岡,3,2,1,83.5,0.083,0.25,0.375,4,3,2,3,1,0,3.92,2,逃,4.2,10,6.0,1,,0.16,0.33,0.33,12.0,,,,0.0,0.17,0.26,0.09,41.0,0.13,0.25,0.19,36.0,0.15,0.2,0.16,86.0,verified,winticket_line_prediction,provider_forecast_structure_only,3.0,1.0,3.0,1.0,4,二分戦,,0.0,2,7,7,,0,1791442740,1791442440,2,1,2,1,,,,0,,,,,,,,,,0,,external_public_source,winticket,https://www.winticket.jp/keirin/yokkaichi/racecard/2026100748/2/1,review_required,race_features_v1,深瀬泰我,A級,一般,1625
014820261008,2026-10-08,四日市,1,14533,5,5,37,男,96,愛知,4,2,2,79.85,0.047,0.047,0.19,0,0,0,1,0,0,3.86,4,追,4.7,10,6.0,1,,0.0,0.0,0.33,6.0,,,,0.0,0.06,0.13,0.2,45.0,0.11,0.22,0.11,18.0,0.17,0.24,0.09,41.0,verified,winticket_line_prediction,provider_forecast_structure_only,1.0,2.0,2.0,0.0,4,二分戦,,0.0,2,7,7,,0,1791442740,1791442440,2,2,2,3,,,,0,,,,,,,,,,0,,external_public_source,winticket,https://www.winticket.jp/keirin/yokkaichi/racecard/2026100748/2/1,review_required,race_features_v1,加藤正法,A級,一般,1625
014820261008,2026-10-08,四日市,1,15506,6,6,29,男,119,青森,1,2,2,78.43,0.043,0.086,0.13,8,0,0,0,2,0,3.92,0,逃,5.5,10,7.0,1,,0.0,0.16,0.0,12.0,,,,0.0,0.08,0.07,0.08,57.0,0.04,0.04,0.0,21.0,0.13,0.04,0.18,22.0,verified,winticket_line_prediction,provider_forecast_structure_only,4.0,1.0,1.0,1.0,4,二分戦,,0.0,2,7,7,,0,1791442740,1791442440,2,2,2,2,,,,0,,,,,,,,,,0,,external_public_source,winticket,https://www.winticket.jp/keirin/yokkaichi/racecard/2026100748/2/1,review_required,race_features_v1,佐藤啓斗,A級,一般,1625
014820261008,2026-10-08,四日市,1,13932,7,6,43,男,88,埼玉,2,2,1,82.54,0.125,0.125,0.375,0,0,0,3,0,0,3.92,3,追,3.8,10,5.0,1,,0.18,0.09,0.18,11.0,,,,0.0,0.15,0.13,0.13,51.0,0.2,0.04,0.12,24.0,0.08,0.02,0.23,34.0,verified,winticket_line_prediction,provider_forecast_structure_only,3.0,3.0,3.0,0.0,4,二分戦,,0.0,2,7,7,,0,1791442740,1791442440,2,1,2,2,,,,0,,,,,,,,,,0,,external_public_source,winticket,https://www.winticket.jp/keirin/yokkaichi/racecard/2026100748/2/1,review_required,race_features_v1,井上雄三,A級,一般,1625
024820261008,2026-10-08,四日市,2,15109,1,1,35,男,109,和歌山,5,2,1,83.17,0.125,0.25,0.3329999999999999,1,1,0,5,0,1,3.92,2,両,4.4,10,5.0,1,,0.0,0.0,0.0,0.0,,,,0.0,0.13,0.16,0.13,37.0,0.14,0.14,0.14,14.0,0.04,0.15,0.13,46.0,verified,winticket_line_prediction,provider_forecast_structure_only,2.0,1.0,2.0,1.0,3,二分戦,,0.0,2,7,7,,0,1791444060,1791443760,2,1,2,1,,,,0,,,,,,,,,,0,,external_public_source,winticket,https://www.winticket.jp/keirin/yokkaichi/racecard/2026100748/2/2,review_required,race_features_v1,大利航平,A級,一般,1625
024820261008,2026-10-08,四日市,2,14328,2,2,40,男,93,徳島,7,2,2,80.35,0.0,0.0,0.2,0,1,0,0,0,0,3.93,0,追,4.111111111111111,10,4.0,1,,0.0,0.0,0.0,0.0,,,,0.0,0.03,0.0,0.12,32.0,0.0,0.0,0.12,16.0,0.0,0.03,0.07,28.0,verified,winticket_line_prediction,provider_forecast_structure_only,1.0,4.0,4.0,0.0,3,二分戦,,0.0,2,7,7,,0,1791444060,1791443760,2,2,2,2,,,,0,,,,,,,,,,0,,external_public_source,winticket,https://www.winticket.jp/keirin/yokkaichi/racecard/2026100748/2/2,review_required,race_features_v1,藤田洋平,A級,一般,1625
024820261008,2026-10-08,四日市,2,14532,3,3,38,男,96,静岡,3,2,2,81.41,0.0409999999999999,0.166,0.208,0,5,0,2,0,2,3.92,1,追,4.6,10,5.0,1,,0.11,0.11,0.0,9.0,,,,0.0,0.1,0.16,0.16,49.0,0.06,0.09,0.16,31.0,0.09,0.19,0.04,42.0,verified,winticket_line_prediction,provider_forecast_structure_only,1.0,2.0,4.0,0.0,3,二分戦,,0.0,2,7,7,,0,1791444060,1791443760,2,2,2,2,,,,0,,,,,,,,,,0,,external_public_source,winticket,https://www.winticket.jp/keirin/yokkaichi/racecard/2026100748/2/2,review_required,race_features_v1,柴田竜史,A級,一般,1625
024820261008,2026-10-08,四日市,2,13385,4,4,48,男,81,宮城,1,2,2,80.11,0.1169999999999999,0.1169999999999999,0.176,0,0,0,2,0,0,3.85,0,追,4.6,10,6.0,1,,0.0,0.0,0.0,4.0,,,,0.0,0.08,0.02,0.11,34.0,0.09,0.04,0.04,21.0,0.05,0.0,0.21,19.0,verified,winticket_line_prediction,provider_forecast_structure_only,1.0,3.0,4.0,0.0,3,二分戦,,0.0,2,7,7,,0,1791444060,1791443760,2,2,2,2,,,,0,,,,,,,,,,0,,external_public_source,winticket,https://www.winticket.jp/keirin/yokkaichi/racecard/2026100748/2/2,review_required,race_features_v1,鎌田聡,A級,一般,1625
024820261008,2026-10-08,四日市,2,13333,5,5,50,男,80,三重,4,2,2,81.94,0.055,0.2769999999999999,0.2769999999999999,0,2,0,3,0,2,3.92,4,追,5.0,10,5.0,1,,0.0,0.0,0.22,9.0,,,,0.0,0.07,0.07,0.12,39.0,0.0,0.18,0.13,22.0,0.05,0.13,0.13,36.0,verified,winticket_line_prediction,provider_forecast_structure_only,2.0,2.0,2.0,0.0,3,二分戦,,0.0,2,7,7,,0,1791444060,1791443760,2,2,2,2,,,,0,,,,,,,,,,0,,external_public_source,winticket,https://www.winticket.jp/keirin/yokkaichi/racecard/2026100748/2/2,review_required,race_features_v1,小西誠也,A級,一般,1625
024820261008,2026-10-08,四日市,2,15045,6,6,32,男,107,千葉,3,2,2,79.62,0.0409999999999999,0.0409999999999999,0.3329999999999999,10,5,1,0,0,0,3.92,3,逃,5.8,10,7.0,1,,0.0,0.0,0.33,3.0,,,,0.0,0.1,0.12,0.14,56.0,0.03,0.09,0.12,31.0,0.06,0.1,0.14,90.0,verified,winticket_line_prediction,provider_forecast_structure_only,1.0,1.0,4.0,1.0,3,二分戦,,0.0,2,7,7,,0,1791444060,1791443760,2,2,2,2,,,,0,,,,,,,,,,0,,external_public_source,winticket,https://www.winticket.jp/keirin/yokkaichi/racecard/2026100748/2/2,review_required,race_features_v1,大関祐也,A級,一般,1625
024820261008,2026-10-08,四日市,2,14782,7,6,47,男,99,長崎,8,2,2,80.86,0.0,0.217,0.26,2,6,0,1,0,4,3.92,0,追,5.1,10,6.0,1,,0.05,0.11,0.11,17.0,,,,0.0,0.07,0.14,0.08,57.0,0.06,0.06,0.12,32.0,0.0,0.13,0.04,23.0,verified,winticket_line_prediction,provider_forecast_structure_only,3.0,1.0,1.0,1.0,3,二分戦,,0.0,2,7,7,,0,1791444060,1791443760,2,2,2,2,,,,0,,,,,,,,,,0,,external_public_source,winticket,https://www.winticket.jp/keirin/yokkaichi/racecard/2026100748/2/2,review_required,race_features_v1,山口幸太郎,A級,一般,1625
034820261008,2026-10-08,四日市,3,15277,1,1,31,男,113,岡山,6,2,2,87.44,0.147,0.481,0.5920000000000001,15,2,9,2,2,0,3.92,4,逃,4.1,10,2.0,1,,0.08,0.33,0.0,12.0,,,,0.0,0.13,0.26,0.13,23.0,0.16,0.38,0.16,31.0,0.18,0.3,0.1,79.0,verified,winticket_line_prediction,provider_forecast_structure_only,1.0,1.0,2.0,1.0,3,三分戦,,0.0,2,7,7,,0,1791445380,1791445080,2,2,2,1,,,,0,,,,,,,,,,0,,external_public_source,winticket,https://www.winticket.jp/keirin/yokkaichi/racecard/2026100748/2/3,review_required,race_features_v1,高井流星,A級,準決勝,1625
034820261008,2026-10-08,四日市,3,15421,2,2,28,男,117,栃木,2,2,1,89.58,0.125,0.25,0.4579999999999999,5,3,1,1,4,0,3.92,2,逃,3.6,10,3.0,1,,0.0,0.16,0.16,6.0,,,,0.0,0.1,0.1,0.2,10.0,0.04,0.23,0.14,21.0,0.09,0.05,0.14,55.0,verified,winticket_line_prediction,provider_forecast_structure_only,2.0,1.0,2.0,1.0,3,三分戦,,0.0,2,7,7,,0,1791445380,1791445080,2,1,1,2,,,,0,,,,,,,,,,0,,external_public_source,winticket,https://www.winticket.jp/keirin/yokkaichi/racecard/2026100748/2/3,review_required,race_features_v1,秋本耀太郎,A級,準決勝,1625
034820261008,2026-10-08,四日市,3,15187,3,3,44,男,111,大阪,5,2,2,85.8,0.19,0.19,0.5710000000000001,6,1,1,0,3,0,3.92,0,逃,3.7,10,4.0,1,,0.66,0.0,0.0,3.0,,,,0.0,0.06,0.0,0.26,15.0,0.0,0.12,0.18,16.0,0.17,0.1,0.17,64.0,verified,winticket_line_prediction,provider_forecast_structure_only,3.0,1.0,3.0,1.0,3,三分戦,,0.0,2,7,7,,0,1791445380,1791445080,2,2,2,2,,,,0,,,,,,,,,,0,,external_public_source,winticket,https://www.winticket.jp/keirin/yokkaichi/racecard/2026100748/2/3,review_required,race_features_v1,鮫島康治,A級,準決勝,1625
034820261008,2026-10-08,四日市,3,14475,4,4,38,男,95,福井,5,2,1,91.05,0.0,0.175,0.47,0,1,0,1,0,2,3.92,3,追,4.1,10,1.0,1,,0.33,0.0,0.16,6.0,,,,0.0,0.19,0.28,0.28,21.0,0.11,0.15,0.3,26.0,0.11,0.23,0.22,67.0,verified,winticket_line_prediction,provider_forecast_structure_only,3.0,2.0,3.0,0.0,3,三分戦,,0.0,2,7,7,,0,1791445380,1791445080,2,1,2,1,,,,0,,,,,,,,,,0,,external_public_source,winticket,https://www.winticket.jp/keirin/yokkaichi/racecard/2026100748/2/3,review_required,race_features_v1,高間悠平,A級,準決勝,1625
034820261008,2026-10-08,四日市,3,13439,5,5,50,男,81,徳島,7,2,1,92.23,0.214,0.428,0.642,0,0,0,5,0,1,3.92,1,追,3.888888888888889,10,6.0,1,,0.33,0.16,0.0,6.0,,,,0.0,0.23,0.23,0.11,17.0,0.17,0.1,0.07,28.0,0.24,0.19,0.14,41.0,verified,winticket_line_prediction,provider_forecast_structure_only,1.0,2.0,2.0,0.0,3,三分戦,,0.0,2,7,7,,0,1791445380,1791445080,2,1,2,1,,,,0,,,,,,,,,,0,,external_public_source,winticket,https://www.winticket.jp/keirin/yokkaichi/racecard/2026100748/2/3,review_required,race_features_v1,青井賢治,A級,準決勝,1625
034820261008,2026-10-08,四日市,3,14950,6,6,35,男,103,兵庫,5,2,1,84.87,0.25,0.29,0.375,0,2,0,1,5,1,3.92,0,両,3.8,10,2.0,1,,0.0,0.0,0.33,3.0,,,,0.0,0.06,0.06,0.18,16.0,0.06,0.26,0.13,15.0,0.0,0.0,0.0,1.0,verified,winticket_line_prediction,provider_forecast_structure_only,3.0,3.0,3.0,0.0,3,三分戦,,0.0,2,7,7,,0,1791445380,1791445080,2,1,2,1,,,,0,,,,,,,,,,0,,external_public_source,winticket,https://www.winticket.jp/keirin/yokkaichi/racecard/2026100748/2/3,review_required,race_features_v1,市村昌樹,A級,準決勝,1625
034820261008,2026-10-08,四日市,3,14058,7,6,41,男,90,栃木,2,2,2,85.7,0.073,0.222,0.481,0,1,0,3,0,3,3.92,0,追,3.7,10,3.0,1,,0.08,0.08,0.25,12.0,,,,0.0,0.0,0.11,0.11,9.0,0.1,0.15,0.15,19.0,0.06,0.18,0.09,44.0,verified,winticket_line_prediction,provider_forecast_structure_only,2.0,2.0,2.0,0.0,3,三分戦,,0.0,2,7,7,,0,1791445380,1791445080,2,2,2,2,,,,0,,,,,,,,,,0,,external_public_source,winticket,https://www.winticket.jp/keirin/yokkaichi/racecard/2026100748/2/3,review_required,race_features_v1,佐藤謙,A級,準決勝,1625
044820261008,2026-10-08,四日市,4,15783,1,1,27,男,125,岩手,1,2,1,88.0,0.105,0.578,0.578,10,2,8,0,3,0,3.92,4,逃,3.0,10,1.0,1,,0.16,0.33,0.16,6.0,,,,0.0,0.08,0.08,0.17,23.0,0.28,0.24,0.12,25.0,0.26,0.25,0.1,76.0,verified,winticket_line_prediction,provider_forecast_structure_only,2.0,1.0,2.0,1.0,3,三分戦,,0.0,2,7,7,,0,1791446820,1791446520,2,1,2,2,,,,0,,,,,,,,,,0,,external_public_source,winticket,https://www.winticket.jp/keirin/yokkaichi/racecard/2026100748/2/4,review_required,race_features_v1,吉田優斗,A級,準決勝,1625
044820261008,2026-10-08,四日市,4,15847,2,2,35,男,125,鹿児島,8,2,1,86.33,0.25,0.25,0.312,4,1,1,1,2,0,3.92,0,逃,4.111111111111111,10,1.0,1,,0.33,0.0,0.0,3.0,,,,0.0,0.0,0.06,0.2,15.0,0.26,0.2,0.06,15.0,0.21,0.1,0.12,55.0,verified,winticket_line_prediction,provider_forecast_structure_only,3.0,1.0,2.0,1.0,3,三分戦,,0.0,2,7,7,,0,1791446820,1791446520,2,1,2,2,,,,0,,,,,,,,,,0,,external_public_source,winticket,https://www.winticket.jp/keirin/yokkaichi/racecard/2026100748/2/4,review_required,race_features_v1,寺師幸成,A級,準決勝,1625
044820261008,2026-10-08,四日市,4,14036,3,3,45,男,89,高知,7,2,1,90.8,0.428,0.475,0.619,3,5,1,4,5,0,3.92,1,両,2.8,10,5.0,1,,0.33,0.11,0.11,9.0,,,,0.0,0.23,0.11,0.11,26.0,0.26,0.21,0.1,19.0,0.39,0.13,0.02,46.0,verified,winticket_line_prediction,provider_forecast_structure_only,1.0,1.0,3.0,1.0,3,三分戦,,0.0,2,7,7,,0,1791446820,1791446520,2,1,2,1,,,,0,,,,,,,,,,0,,external_public_source,winticket,https://www.winticket.jp/keirin/yokkaichi/racecard/2026100748/2/4,review_required,race_features_v1,篠原龍馬,A級,準決勝,1625
044820261008,2026-10-08,四日市,4,14711,4,4,47,男,99,宮城,1,2,1,91.38,0.095,0.142,0.3329999999999999,0,8,0,2,0,1,3.92,3,追,4.3,10,7.0,1,,0.09,0.09,0.0,11.0,,,,0.0,0.15,0.07,0.38,13.0,0.0,0.08,0.24,25.0,0.03,0.16,0.16,59.0,verified,winticket_line_prediction,provider_forecast_structure_only,2.0,2.0,2.0,0.0,3,三分戦,,0.0,2,7,7,,0,1791446820,1791446520,2,1,1,2,,,,0,,,,,,,,,,0,,external_public_source,winticket,https://www.winticket.jp/keirin/yokkaichi/racecard/2026100748/2/4,review_required,race_features_v1,相澤政宏,A級,準決勝,1625
044820261008,2026-10-08,四日市,4,13435,5,5,51,男,81,広島,6,2,1,88.95,0.208,0.375,0.6659999999999999,0,0,0,5,0,4,3.92,2,追,3.2,10,1.0,1,,0.0,0.0,0.0,0.0,,,,0.0,0.0,0.09,0.28,21.0,0.03,0.28,0.21,28.0,0.11,0.35,0.15,53.0,verified,winticket_line_prediction,provider_forecast_structure_only,1.0,2.0,3.0,0.0,3,三分戦,,0.0,2,7,7,,0,1791446820,1791446520,2,1,2,1,,,,0,,,,,,,,,,0,,external_public_source,winticket,https://www.winticket.jp/keirin/yokkaichi/racecard/2026100748/2/4,review_required,race_features_v1,中石昌芳,A級,準決勝,1625
044820261008,2026-10-08,四日市,4,14625,6,6,38,男,97,佐賀,8,2,2,81.66,0.0,0.055,0.3329999999999999,0,0,0,0,0,1,3.92,0,追,4.4,10,2.0,1,,0.0,0.11,0.11,9.0,,,,0.0,0.0,0.0,0.14,7.0,0.04,0.13,0.17,23.0,0.04,0.13,0.2,44.0,verified,winticket_line_prediction,provider_forecast_structure_only,3.0,2.0,2.0,0.0,3,三分戦,,0.0,2,7,7,,0,1791446820,1791446520,2,2,2,2,,,,0,,,,,,,,,,0,,external_public_source,winticket,https://www.winticket.jp/keirin/yokkaichi/racecard/2026100748/2/4,review_required,race_features_v1,藤野貴章,A級,準決勝,1625
044820261008,2026-10-08,四日市,4,13493,7,6,48,男,82,岡山,6,2,1,84.2,0.166,0.29,0.375,0,0,0,7,0,0,3.92,0,追,3.9,10,3.0,1,,0.33,0.33,0.0,3.0,,,,0.0,0.1,0.15,0.0,20.0,0.08,0.17,0.11,34.0,0.09,0.14,0.09,21.0,verified,winticket_line_prediction,provider_forecast_structure_only,1.0,3.0,3.0,0.0,3,三分戦,,0.0,2,7,7,,0,1791446820,1791446520,2,1,2,1,,,,0,,,,,,,,,,0,,external_public_source,winticket,https://www.winticket.jp/keirin/yokkaichi/racecard/2026100748/2/4,review_required,race_features_v1,立花成泰,A級,準決勝,1625
054820261008,2026-10-08,四日市,5,15445,1,1,34,男,117,愛知,4,2,1,93.0,0.3329999999999999,0.475,0.5710000000000001,7,2,5,0,5,0,3.92,1,逃,2.9,10,4.0,1,,0.0,0.0,0.0,0.0,,,,0.0,0.33,0.08,0.0,12.0,0.1,0.14,0.08,49.0,0.1,0.11,0.06,92.0,verified,winticket_line_prediction,provider_forecast_structure_only,2.0,1.0,3.0,1.0,3,三分戦,,0.0,2,7,7,,0,1791448260,1791447960,2,1,1,2,,,,0,,,,,,,,,,0,,external_public_source,winticket,https://www.winticket.jp/keirin/yokkaichi/racecard/2026100748/2/5,review_required,race_features_v1,内藤久文,A級,準決勝,1625
054820261008,2026-10-08,四日市,5,15603,2,2,30,男,121,茨城,2,2,2,86.44,0.21,0.315,0.526,9,7,3,0,3,0,3.92,0,逃,3.5,10,1.0,1,,0.33,0.08,0.0,12.0,,,,0.0,0.05,0.11,0.11,17.0,0.23,0.23,0.15,13.0,0.2,0.17,0.12,79.0,verified,winticket_line_prediction,provider_forecast_structure_only,1.0,1.0,2.0,1.0,3,三分戦,,0.0,2,7,7,,0,1791448260,1791447960,2,2,2,1,,,,0,,,,,,,,,,0,,external_public_source,winticket,https://www.winticket.jp/keirin/yokkaichi/racecard/2026100748/2/5,review_required,race_features_v1,小坂丈,A級,準決勝,1625
054820261008,2026-10-08,四日市,5,14561,3,3,39,男,96,大分,8,2,1,89.5,0.0409999999999999,0.29,0.4579999999999999,0,2,0,3,0,4,3.92,2,両,3.2,10,2.0,1,,0.16,0.33,0.16,6.0,,,,0.0,0.05,0.15,0.1,19.0,0.14,0.21,0.14,14.0,0.18,0.22,0.13,53.0,verified,winticket_line_prediction,provider_forecast_structure_only,3.0,2.0,2.0,0.0,3,三分戦,,0.0,2,7,7,,0,1791448260,1791447960,2,1,2,2,,,,0,,,,,,,,,,0,,external_public_source,winticket,https://www.winticket.jp/keirin/yokkaichi/racecard/2026100748/2/5,review_required,race_features_v1,高橋義秋,A級,準決勝,1625
054820261008,2026-10-08,四日市,5,15754,4,4,27,男,123,大分,8,2,2,86.14,0.142,0.3329999999999999,0.476,8,1,3,1,1,2,3.92,4,逃,4.2,10,3.0,1,,1.0,0.0,0.0,3.0,,,,0.0,0.09,0.04,0.13,22.0,0.19,0.19,0.12,31.0,0.27,0.12,0.13,73.0,verified,winticket_line_prediction,provider_forecast_structure_only,3.0,1.0,2.0,1.0,3,三分戦,,0.0,2,7,7,,0,1791448260,1791447960,2,2,2,1,,,,0,,,,,,,,,,0,,external_public_source,winticket,https://www.winticket.jp/keirin/yokkaichi/racecard/2026100748/2/5,review_required,race_features_v1,成海大聖,A級,準決勝,1625
054820261008,2026-10-08,四日市,5,13270,5,5,49,男,79,三重,4,2,1,81.52,0.047,0.095,0.285,0,0,0,2,0,0,3.92,3,追,5.0,10,2.0,1,,0.0,0.0,0.0,6.0,,,,0.0,0.0,0.0,0.0,9.0,0.11,0.11,0.16,18.0,0.18,0.04,0.14,48.0,verified,winticket_line_prediction,provider_forecast_structure_only,2.0,2.0,3.0,0.0,3,三分戦,,0.0,2,7,7,,0,1791448260,1791447960,2,1,2,2,,,,0,,,,,,,,,,0,,external_public_source,winticket,https://www.winticket.jp/keirin/yokkaichi/racecard/2026100748/2/5,review_required,race_features_v1,中川貴史,A級,準決勝,1625
054820261008,2026-10-08,四日市,5,14092,6,6,43,男,90,福井,5,2,2,81.14,0.0,0.142,0.3329999999999999,0,0,0,0,1,2,3.92,0,追,4.8,10,4.0,1,,0.0,0.0,0.0,3.0,,,,0.0,0.0,0.0,0.0,4.0,0.0,0.22,0.16,18.0,0.0,0.06,0.06,31.0,verified,winticket_line_prediction,provider_forecast_structure_only,2.0,3.0,3.0,0.0,3,三分戦,,0.0,2,7,7,,0,1791448260,1791447960,2,2,2,2,,,,0,,,,,,,,,,0,,external_public_source,winticket,https://www.winticket.jp/keirin/yokkaichi/racecard/2026100748/2/5,review_required,race_features_v1,山出裕幸,A級,準決勝,1625
054820261008,2026-10-08,四日市,5,12421,7,6,55,男,68,埼玉,2,2,1,85.33,0.0,0.0,0.0,0,0,0,0,0,0,3.92,0,追,5.25,10,3.0,1,,0.0,0.0,0.33,3.0,,,,0.0,0.0,0.0,0.0,2.0,0.0,0.0,0.14,14.0,0.04,0.0,0.04,25.0,verified,winticket_line_prediction,provider_forecast_structure_only,1.0,2.0,2.0,0.0,3,三分戦,,0.0,2,7,7,,0,1791448260,1791447960,2,1,1,2,,,,0,,,,,,,,,,0,,external_public_source,winticket,https://www.winticket.jp/keirin/yokkaichi/racecard/2026100748/2/5,review_required,race_features_v1,小沼良,A級,準決勝,1625
064820261008,2026-10-08,四日市,6,13204,1,1,50,男,78,京都,5,1,2,90.67,0.0,0.0,0.0,0,0,0,0,0,0,3.93,0,追,6.777777777777778,10,7.0,1,,0.0,0.0,0.0,4.0,,,,0.0,0.0,0.0,0.0,37.0,0.0,0.0,0.0,15.0,0.0,0.07,0.0,26.0,verified,winticket_line_prediction,provider_forecast_structure_only,2.0,2.0,3.0,0.0,2,二分戦,,0.0,2,6,6,,0,1791449700,1791449400,1,2,1,2,,,,0,,,,,,,,,,0,,external_public_source,winticket,https://www.winticket.jp/keirin/yokkaichi/racecard/2026100748/2/6,review_required,race_features_v1,佐野梅一,S級,一般,2025
064820261008,2026-10-08,四日市,6,14571,2,2,40,男,97,秋田,1,1,2,93.68,0.0,0.111,0.166,2,2,0,0,2,0,3.92,1,両,5.666666666666667,10,6.0,1,,0.07,0.14,0.07,14.0,,,,0.0,0.1,0.15,0.07,39.0,0.0,0.14,0.14,21.0,0.09,0.27,0.18,11.0,verified,winticket_line_prediction,provider_forecast_structure_only,1.0,2.0,3.0,0.0,2,二分戦,,0.0,2,6,6,,0,1791449700,1791449400,1,2,1,2,,,,0,,,,,,,,,,0,,external_public_source,winticket,https://www.winticket.jp/keirin/yokkaichi/racecard/2026100748/2/6,review_required,race_features_v1,根本哲吏,S級,一般,2025
064820261008,2026-10-08,四日市,6,14028,3,3,44,男,89,岐阜,4,1,2,94.11,0.0,0.111,0.111,0,0,0,1,0,0,3.92,0,追,5.4,10,7.0,1,,0.0,0.0,0.0,0.0,,,,0.0,0.04,0.09,0.04,21.0,0.09,0.0,0.09,11.0,0.0,0.06,0.0,15.0,verified,winticket_line_prediction,provider_forecast_structure_only,2.0,3.0,3.0,0.0,2,二分戦,,0.0,2,6,6,,0,1791449700,1791449400,1,2,1,2,,,,0,,,,,,,,,,0,,external_public_source,winticket,https://www.winticket.jp/keirin/yokkaichi/racecard/2026100748/2/6,review_required,race_features_v1,山口泰生,S級,一般,2025
064820261008,2026-10-08,四日市,6,15113,4,4,30,男,109,大阪,5,1,2,94.86,0.0,0.09,0.136,2,3,0,0,2,0,3.92,4,両,5.2,10,6.0,1,,0.0,0.0,0.0,0.0,,,,0.0,0.25,0.08,0.04,24.0,0.17,0.17,0.0,28.0,0.24,0.13,0.01,58.0,verified,winticket_line_prediction,provider_forecast_structure_only,2.0,1.0,3.0,1.0,2,二分戦,,0.0,2,6,6,,0,1791449700,1791449400,1,2,2,1,,,,0,,,,,,,,,,0,,external_public_source,winticket,https://www.winticket.jp/keirin/yokkaichi/racecard/2026100748/2/6,review_required,race_features_v1,酒井拳蔵,S級,一般,2025
064820261008,2026-10-08,四日市,6,15325,5,5,31,男,115,岩手,1,1,2,95.43,0.0,0.1169999999999999,0.294,2,3,0,0,2,0,3.92,2,逃,5.666666666666667,10,7.0,1,,0.66,0.0,0.0,3.0,,,,0.0,0.13,0.13,0.15,46.0,0.11,0.05,0.14,34.0,0.1,0.12,0.11,77.0,verified,winticket_line_prediction,provider_forecast_structure_only,1.0,1.0,3.0,1.0,2,二分戦,,0.0,2,6,6,,0,1791449700,1791449400,1,2,1,2,,,,0,,,,,,,,,,0,,external_public_source,winticket,https://www.winticket.jp/keirin/yokkaichi/racecard/2026100748/2/6,review_required,race_features_v1,後藤悠,S級,一般,2025
064820261008,2026-10-08,四日市,6,13420,6,6,50,男,81,静岡,3,1,2,95.63,0.0,0.157,0.315,0,0,0,0,0,3,3.92,3,追,4.7,10,5.0,1,,0.33,0.0,0.0,3.0,,,,0.0,0.14,0.1,0.08,48.0,0.12,0.12,0.04,24.0,0.0,0.0,0.15,33.0,verified,winticket_line_prediction,provider_forecast_structure_only,1.0,3.0,3.0,0.0,2,二分戦,,0.0,2,6,6,,0,1791449700,1791449400,1,2,1,2,,,,0,,,,,,,,,,0,,external_public_source,winticket,https://www.winticket.jp/keirin/yokkaichi/racecard/2026100748/2/6,review_required,race_features_v1,土屋裕二,S級,一般,2025
074820261008,2026-10-08,四日市,7,14729,1,1,36,男,99,埼玉,2,1,2,98.65,0.05,0.15,0.3,0,0,0,3,0,0,3.92,1,追,4.7,10,6.0,1,,0.33,0.33,0.22,9.0,,,,0.0,0.33,0.06,0.13,15.0,0.31,0.18,0.13,22.0,0.36,0.31,0.06,47.0,verified,winticket_line_prediction,provider_forecast_structure_only,1.0,2.0,3.0,0.0,3,二分戦,,0.0,2,7,7,,0,1791451140,1791450840,1,2,2,1,,,,0,,,,,,,,,,0,,external_public_source,winticket,https://www.winticket.jp/keirin/yokkaichi/racecard/2026100748/2/7,review_required,race_features_v1,高橋昇平,S級,一般,2025
074820261008,2026-10-08,四日市,7,14325,2,2,43,男,93,香川,7,1,2,94.11,0.0,0.0,0.115,0,1,0,0,0,0,3.92,4,追,5.2,10,7.0,1,,0.0,0.16,0.0,6.0,,,,0.0,0.03,0.11,0.19,26.0,0.12,0.12,0.18,16.0,0.11,0.18,0.22,44.0,verified,winticket_line_prediction,provider_forecast_structure_only,2.0,2.0,3.0,0.0,3,二分戦,,0.0,2,7,7,,0,1791451140,1791450840,1,2,2,1,,,,0,,,,,,,,,,0,,external_public_source,winticket,https://www.winticket.jp/keirin/yokkaichi/racecard/2026100748/2/7,review_required,race_features_v1,蓮井祐輝,S級,一般,2025
074820261008,2026-10-08,四日市,7,13852,3,3,47,男,87,神奈川,3,1,2,93.38,0.0,0.152,0.23,0,0,0,2,0,0,3.92,0,追,5.3,10,7.0,1,,0.16,0.16,0.0,6.0,,,,0.0,0.07,0.14,0.17,28.0,0.04,0.17,0.13,23.0,0.05,0.11,0.22,18.0,verified,winticket_line_prediction,provider_forecast_structure_only,1.0,3.0,3.0,0.0,3,二分戦,,0.0,2,7,7,,0,1791451140,1791450840,1,2,1,2,,,,0,,,,,,,,,,0,,external_public_source,winticket,https://www.winticket.jp/keirin/yokkaichi/racecard/2026100748/2/7,review_required,race_features_v1,五十嵐力,S級,一般,2025
074820261008,2026-10-08,四日市,7,15244,4,4,32,男,113,埼玉,2,1,2,95.0,0.0,0.107,0.285,3,14,1,0,1,1,3.92,3,両,4.666666666666667,10,6.0,1,,0.0,0.0,0.0,7.0,,,,0.0,0.06,0.05,0.13,58.0,0.1,0.06,0.13,29.0,0.08,0.06,0.12,78.0,verified,winticket_line_prediction,provider_forecast_structure_only,1.0,1.0,3.0,1.0,3,二分戦,,0.0,2,7,7,,0,1791451140,1791450840,1,2,1,2,,,,0,,,,,,,,,,0,,external_public_source,winticket,https://www.winticket.jp/keirin/yokkaichi/racecard/2026100748/2/7,review_required,race_features_v1,植原琢也,S級,一般,2025
074820261008,2026-10-08,四日市,7,15612,5,5,27,男,121,群馬,2,1,2,93.8,0.0,0.038,0.115,0,3,0,0,0,1,3.92,0,逃,4.9,10,5.0,1,,0.0,0.0,0.0,2.0,,,,0.0,0.18,0.07,0.18,27.0,0.17,0.08,0.14,35.0,0.0,0.0,0.12,8.0,verified,winticket_line_prediction,provider_forecast_structure_only,3.0,1.0,1.0,1.0,3,二分戦,,0.0,2,7,7,,0,1791451140,1791450840,1,2,2,1,,,,0,,,,,,,,,,0,,external_public_source,winticket,https://www.winticket.jp/keirin/yokkaichi/racecard/2026100748/2/7,review_required,race_features_v1,小榑佑弥,S級,一般,2025
074820261008,2026-10-08,四日市,7,14026,6,6,44,男,89,愛知,4,1,2,91.75,0.0,0.0,0.0,0,0,0,0,0,0,3.92,0,両,6.0,10,6.0,1,,0.0,0.0,0.0,7.0,,,,0.0,0.06,0.06,0.04,62.0,0.0,0.0,0.0,20.0,0.0,0.0,0.0,27.0,verified,winticket_line_prediction,provider_forecast_structure_only,2.0,3.0,3.0,0.0,3,二分戦,,0.0,2,7,7,,0,1791451140,1791450840,1,2,2,1,,,,0,,,,,,,,,,0,,external_public_source,winticket,https://www.winticket.jp/keirin/yokkaichi/racecard/2026100748/2/7,review_required,race_features_v1,高橋成英,S級,一般,2025
074820261008,2026-10-08,四日市,7,15572,7,6,28,男,119,宮崎,8,1,2,98.34,0.115,0.23,0.346,11,0,3,1,2,0,3.92,2,逃,4.8,10,7.0,1,,0.5,0.0,0.0,4.0,,,,0.0,0.15,0.13,0.11,45.0,0.19,0.14,0.14,42.0,0.12,0.13,0.15,95.0,verified,winticket_line_prediction,provider_forecast_structure_only,2.0,1.0,3.0,1.0,3,二分戦,,0.0,2,7,7,,0,1791451140,1791450840,1,2,1,2,,,,0,,,,,,,,,,0,,external_public_source,winticket,https://www.winticket.jp/keirin/yokkaichi/racecard/2026100748/2/7,review_required,race_features_v1,田村大,S級,一般,2025
084820261008,2026-10-08,四日市,8,015124,1,1,36,男,109,高知,7,1,2,100.17,0.235,0.235,0.294,1,2,1,3,0,0,3.92,3,追,3.6,10,3.0,1,,0.0,0.16,0.5,6.0,,,,0.0,0.0,0.0,0.0,0.0,0.17,0.06,0.13,29.0,0.75,0.0,0.0,4.0,verified,winticket_line_prediction,provider_forecast_structure_only,1.0,1.0,2.0,1.0,4,二分戦,,0.0,2,7,7,,0,1791452580,1791452280,1,2,1,2,,,,0,,,,,,,,,,0,,external_public_source,winticket,https://www.winticket.jp/keirin/yokkaichi/racecard/2026100748/2/8,review_required,race_features_v1,山本拳也,S級,選抜,2025
084820261008,2026-10-08,四日市,8,014592,2,2,37,男,97,神奈川,3,1,2,99.81,0.062,0.156,0.34299999999999997,0,3,0,3,0,2,3.93,2,追,4.8,10,4.0,1,,0.2,0.1,0.1,10.0,,,,0.0,0.0,0.0,0.14,7.0,0.03,0.14,0.14,28.0,0.13,0.13,0.14,61.0,verified,winticket_line_prediction,provider_forecast_structure_only,2.0,2.0,3.0,0.0,4,二分戦,,0.0,2,7,7,,0,1791452580,1791452280,1,2,1,2,,,,0,,,,,,,,,,0,,external_public_source,winticket,https://www.winticket.jp/keirin/yokkaichi/racecard/2026100748/2/8,review_required,race_features_v1,小島歩,S級,選抜,2025
084820261008,2026-10-08,四日市,8,015117,3,3,39,男,109,岡山,6,1,2,96.6,0.043,0.086,0.26,0,2,0,2,0,0,3.92,0,両,5.7,10,4.0,1,,0.0,0.0,0.5,4.0,,,,0.0,0.2,0.0,0.0,5.0,0.09,0.12,0.12,31.0,0.21,0.07,0.13,38.0,verified,winticket_line_prediction,provider_forecast_structure_only,1.0,2.0,2.0,0.0,4,二分戦,,0.0,2,7,7,,0,1791452580,1791452280,1,2,1,2,,,,0,,,,,,,,,,0,,external_public_source,winticket,https://www.winticket.jp/keirin/yokkaichi/racecard/2026100748/2/8,review_required,race_features_v1,野崎将史,S級,選抜,2025
084820261008,2026-10-08,四日市,8,015050,4,4,36,男,107,神奈川,3,1,2,102.13,0.043,0.13,0.434,6,3,1,2,0,0,3.93,1,両,4.0,10,4.0,1,,0.0,0.16,0.33,6.0,,,,0.0,0.0,0.0,0.0,0.0,0.08,0.1,0.24,37.0,0.11,0.1,0.22,70.0,verified,winticket_line_prediction,provider_forecast_structure_only,2.0,1.0,3.0,1.0,4,二分戦,,0.0,2,7,7,,0,1791452580,1791452280,1,2,1,2,,,,0,,,,,,,,,,0,,external_public_source,winticket,https://www.winticket.jp/keirin/yokkaichi/racecard/2026100748/2/8,review_required,race_features_v1,堀内俊介,S級,選抜,2025
084820261008,2026-10-08,四日市,8,014723,5,5,42,男,99,茨城,2,1,2,96.84,0.066,0.066,0.266,0,0,0,1,0,0,3.92,4,追,4.625,10,5.0,1,,0.0,0.0,0.33,3.0,,,,0.0,0.0,0.0,0.33,3.0,0.03,0.13,0.27,29.0,0.0,0.04,0.19,21.0,verified,winticket_line_prediction,provider_forecast_structure_only,2.0,3.0,3.0,0.0,4,二分戦,,0.0,2,7,7,,0,1791452580,1791452280,1,2,1,1,,,,0,,,,,,,,,,0,,external_public_source,winticket,https://www.winticket.jp/keirin/yokkaichi/racecard/2026100748/2/8,review_required,race_features_v1,石川裕二,S級,選抜,2025
084820261008,2026-10-08,四日市,8,014929,6,6,32,男,103,宮崎,8,1,2,95.6,0.0,0.08,0.16,0,1,0,1,0,1,3.92,0,追,4.6,10,3.0,1,,0.0,0.0,0.0,3.0,,,,0.0,0.28,0.14,0.28,7.0,0.05,0.17,0.14,35.0,0.0,0.22,0.05,18.0,verified,winticket_line_prediction,provider_forecast_structure_only,3.0,1.0,1.0,1.0,4,二分戦,,0.0,2,7,7,,0,1791452580,1791452280,1,2,1,2,,,,0,,,,,,,,,,0,,external_public_source,winticket,https://www.winticket.jp/keirin/yokkaichi/racecard/2026100748/2/8,review_required,race_features_v1,小酒大勇,S級,選抜,2025
084820261008,2026-10-08,四日市,8,013798,7,6,48,男,86,兵庫,5,1,2,97.37,0.031,0.125,0.312,0,4,0,2,0,2,3.93,0,追,4.2,10,5.0,1,,0.16,0.0,0.33,6.0,,,,0.0,0.18,0.18,0.25,16.0,0.2,0.1,0.2,10.0,0.0,0.0,0.16,6.0,verified,winticket_line_prediction,provider_forecast_structure_only,4.0,1.0,1.0,1.0,4,二分戦,,0.0,2,7,7,,0,1791452580,1791452280,1,2,2,1,,,,0,,,,,,,,,,0,,external_public_source,winticket,https://www.winticket.jp/keirin/yokkaichi/racecard/2026100748/2/8,review_required,race_features_v1,木村直隆,S級,選抜,2025
094820261008,2026-10-08,四日市,9,14212,1,1,39,男,92,宮城,1,1,2,102.34,0.152,0.2689999999999999,0.5379999999999999,0,8,0,5,0,2,3.92,4,追,3.8,10,4.0,1,,0.2,0.3,0.1,10.0,,,,0.0,0.0,0.0,0.0,0.0,0.03,0.16,0.25,31.0,0.16,0.13,0.17,68.0,verified,winticket_line_prediction,provider_forecast_structure_only,1.0,2.0,2.0,0.0,3,三分戦,,0.0,2,7,7,,0,1791454140,1791453840,1,2,1,2,,,,0,,,,,,,,,,0,,external_public_source,winticket,https://www.winticket.jp/keirin/yokkaichi/racecard/2026100748/2/9,review_required,race_features_v1,山崎将幸,S級,選抜,2025
094820261008,2026-10-08,四日市,9,14720,2,2,39,男,99,埼玉,2,1,2,99.24,0.04,0.12,0.4,0,3,0,2,0,1,3.92,1,追,4.3,10,5.0,1,,0.16,0.0,0.33,6.0,,,,0.0,0.07,0.15,0.15,13.0,0.06,0.18,0.21,32.0,0.07,0.25,0.23,51.0,verified,winticket_line_prediction,provider_forecast_structure_only,2.0,2.0,3.0,0.0,3,三分戦,,0.0,2,7,7,,0,1791454140,1791453840,1,2,2,1,,,,0,,,,,,,,,,0,,external_public_source,winticket,https://www.winticket.jp/keirin/yokkaichi/racecard/2026100748/2/9,review_required,race_features_v1,高橋広大,S級,選抜,2025
094820261008,2026-10-08,四日市,9,14830,3,3,35,男,100,岐阜,4,1,2,98.0,0.066,0.066,0.133,0,1,0,1,0,0,3.92,0,追,4.666666666666667,10,3.0,1,,0.0,0.14,0.0,7.0,,,,0.0,0.0,0.0,0.0,0.0,0.07,0.23,0.07,39.0,0.16,0.33,0.0,6.0,verified,winticket_line_prediction,provider_forecast_structure_only,3.0,1.0,2.0,1.0,3,三分戦,,0.0,2,7,7,,0,1791454140,1791453840,1,2,1,2,,,,0,,,,,,,,,,0,,external_public_source,winticket,https://www.winticket.jp/keirin/yokkaichi/racecard/2026100748/2/9,review_required,race_features_v1,大洞翔平,S級,選抜,2025
094820261008,2026-10-08,四日市,9,12813,4,4,52,男,73,千葉,3,1,2,97.92,0.076,0.192,0.384,0,0,0,4,0,1,3.93,0,追,4.333333333333333,10,3.0,1,,0.16,0.16,0.0,6.0,,,,0.0,0.0,0.0,0.0,0.0,0.0,0.09,0.23,43.0,0.04,0.12,0.16,48.0,verified,winticket_line_prediction,provider_forecast_structure_only,2.0,3.0,3.0,0.0,3,三分戦,,0.0,2,7,7,,0,1791454140,1791453840,1,2,1,2,,,,0,,,,,,,,,,0,,external_public_source,winticket,https://www.winticket.jp/keirin/yokkaichi/racecard/2026100748/2/9,review_required,race_features_v1,成清貴之,S級,選抜,2025
094820261008,2026-10-08,四日市,9,15326,5,5,30,男,115,岩手,1,1,2,102.27,0.09,0.363,0.59,0,2,0,4,2,2,3.92,3,両,3.1,10,4.0,1,,0.5,0.0,0.0,6.0,,,,0.0,0.0,0.0,0.0,0.0,0.08,0.16,0.2,24.0,0.09,0.17,0.12,63.0,verified,winticket_line_prediction,provider_forecast_structure_only,1.0,1.0,2.0,1.0,3,三分戦,,0.0,2,7,7,,0,1791454140,1791453840,1,2,1,2,,,,0,,,,,,,,,,0,,external_public_source,winticket,https://www.winticket.jp/keirin/yokkaichi/racecard/2026100748/2/9,review_required,race_features_v1,照井拓成,S級,選抜,2025
094820261008,2026-10-08,四日市,9,13074,6,6,52,男,76,熊本,8,1,2,92.52,0.0,0.04,0.08,0,2,0,0,0,1,3.92,0,追,6.3,10,4.0,1,,0.0,0.2,0.0,5.0,,,,0.0,0.0,0.0,0.0,0.0,0.0,0.14,0.14,14.0,0.0,0.25,0.03,32.0,verified,winticket_line_prediction,provider_forecast_structure_only,3.0,2.0,2.0,0.0,3,三分戦,,0.0,2,7,7,,0,1791454140,1791453840,1,2,1,2,,,,0,,,,,,,,,,0,,external_public_source,winticket,https://www.winticket.jp/keirin/yokkaichi/racecard/2026100748/2/9,review_required,race_features_v1,島田竜二,S級,選抜,2025
094820261008,2026-10-08,四日市,9,15517,7,6,31,男,119,茨城,2,1,2,100.15,0.066,0.133,0.2,5,1,2,0,0,0,3.92,2,逃,5.375,10,5.0,1,,0.0,0.0,0.0,4.0,,,,0.0,0.0,0.0,0.0,0.0,0.1,0.17,0.1,28.0,0.1,0.2,0.15,83.0,verified,winticket_line_prediction,provider_forecast_structure_only,2.0,1.0,3.0,1.0,3,三分戦,,0.0,2,7,7,,0,1791454140,1791453840,1,2,1,2,,,,0,,,,,,,,,,0,,external_public_source,winticket,https://www.winticket.jp/keirin/yokkaichi/racecard/2026100748/2/9,review_required,race_features_v1,橋本壮史,S級,選抜,2025
104820261008,2026-10-08,四日市,10,14045,1,1,42,男,89,福岡,8,1,1,101.9,0.2269999999999999,0.318,0.409,0,6,0,6,0,1,3.92,0,両,3.0,10,1.0,1,,0.44,0.0,0.11,9.0,,,,0.0,0.05,0.11,0.11,18.0,0.4,0.16,0.0,25.0,0.23,0.22,0.05,68.0,verified,winticket_line_prediction,provider_forecast_structure_only,2.0,2.0,2.0,0.0,3,三分戦,,0.0,2,7,7,,0,1791455700,1791455400,1,1,1,1,,,,0,,,,,,,,,,0,,external_public_source,winticket,https://www.winticket.jp/keirin/yokkaichi/racecard/2026100748/2/10,review_required,race_features_v1,吉本卓仁,S級,準決勝,2025
104820261008,2026-10-08,四日市,10,15440,2,2,25,男,117,静岡,3,1,2,102.73,0.26,0.346,0.478,10,3,5,2,1,0,3.92,2,逃,4.1,10,1.0,1,,0.2,0.3,0.2,10.0,,,,0.0,0.05,0.21,0.15,19.0,0.25,0.25,0.15,39.0,0.23,0.23,0.16,84.0,verified,winticket_line_prediction,provider_forecast_structure_only,3.0,1.0,3.0,1.0,3,三分戦,,0.0,2,7,7,,0,1791455700,1791455400,1,2,1,2,,,,0,,,,,,,,,,0,,external_public_source,winticket,https://www.winticket.jp/keirin/yokkaichi/racecard/2026100748/2/10,review_required,race_features_v1,長田龍拳,S級,準決勝,2025
104820261008,2026-10-08,四日市,10,15825,3,3,25,男,125,大阪,5,1,2,102.36,0.2269999999999999,0.4539999999999999,0.545,11,10,5,1,4,0,3.93,0,逃,4.0,10,3.0,1,,0.0,0.0,0.0,0.0,,,,0.0,0.3,0.21,0.08,23.0,0.17,0.25,0.14,28.0,0.28,0.21,0.11,92.0,verified,winticket_line_prediction,provider_forecast_structure_only,1.0,1.0,2.0,1.0,3,三分戦,,0.0,2,7,7,,0,1791455700,1791455400,1,2,1,2,,,,0,,,,,,,,,,0,,external_public_source,winticket,https://www.winticket.jp/keirin/yokkaichi/racecard/2026100748/2/10,review_required,race_features_v1,南部翔大,S級,準決勝,2025
104820261008,2026-10-08,四日市,10,15385,4,4,28,男,115,佐賀,8,1,1,104.36,0.08,0.4,0.48,9,2,3,0,6,1,3.92,4,逃,3.2,10,4.0,1,,0.0,0.0,0.0,0.0,,,,0.0,0.06,0.18,0.18,16.0,0.2,0.23,0.04,43.0,0.14,0.19,0.07,88.0,verified,winticket_line_prediction,provider_forecast_structure_only,2.0,1.0,2.0,1.0,3,三分戦,,0.0,2,7,7,,0,1791455700,1791455400,1,1,1,2,,,,0,,,,,,,,,,0,,external_public_source,winticket,https://www.winticket.jp/keirin/yokkaichi/racecard/2026100748/2/10,review_required,race_features_v1,立部楓真,S級,準決勝,2025
104820261008,2026-10-08,四日市,10,14930,5,5,44,男,103,茨城,2,1,1,107.7,0.111,0.295,0.444,0,2,0,2,4,2,3.92,1,追,3.9,10,5.0,1,,0.0,0.0,0.0,0.0,,,,0.0,0.11,0.17,0.11,17.0,0.16,0.04,0.16,25.0,0.16,0.14,0.16,56.0,verified,winticket_line_prediction,provider_forecast_structure_only,3.0,2.0,3.0,0.0,3,三分戦,,0.0,2,7,7,,0,1791455700,1791455400,1,1,1,1,,,,0,,,,,,,,,,0,,external_public_source,winticket,https://www.winticket.jp/keirin/yokkaichi/racecard/2026100748/2/10,review_required,race_features_v1,杉森輝大,S級,準決勝,2025
104820261008,2026-10-08,四日市,10,15036,6,6,36,男,107,宮城,1,1,2,101.47,0.105,0.315,0.473,0,7,0,4,0,2,3.92,0,追,3.5,10,3.0,1,,0.0,0.0,0.0,0.0,,,,0.0,0.0,0.12,0.37,8.0,0.15,0.15,0.15,26.0,0.0,0.11,0.23,17.0,verified,winticket_line_prediction,provider_forecast_structure_only,3.0,3.0,3.0,0.0,3,三分戦,,0.0,2,7,7,,0,1791455700,1791455400,1,2,1,2,,,,0,,,,,,,,,,0,,external_public_source,winticket,https://www.winticket.jp/keirin/yokkaichi/racecard/2026100748/2/10,review_required,race_features_v1,尾形鉄馬,S級,準決勝,2025
104820261008,2026-10-08,四日市,10,14767,7,6,35,男,99,兵庫,5,1,2,102.54,0.272,0.4539999999999999,0.59,0,9,0,7,1,2,3.92,3,両,2.6,10,2.0,1,,0.33,0.16,0.16,6.0,,,,0.0,0.68,0.06,0.06,16.0,0.26,0.15,0.15,19.0,0.37,0.18,0.1,37.0,verified,winticket_line_prediction,provider_forecast_structure_only,1.0,2.0,2.0,0.0,3,三分戦,,0.0,2,7,7,,0,1791455700,1791455400,1,2,1,2,,,,0,,,,,,,,,,0,,external_public_source,winticket,https://www.winticket.jp/keirin/yokkaichi/racecard/2026100748/2/10,review_required,race_features_v1,藤井栄二,S級,準決勝,2025
114820261008,2026-10-08,四日市,11,15807,1,1,26,男,125,神奈川,3,1,1,102.68,0.218,0.375,0.5,14,2,6,2,4,0,3.92,3,逃,4.0,10,7.0,1,,0.09,0.18,0.18,11.0,,,,0.0,0.1,0.1,0.1,10.0,0.26,0.07,0.03,26.0,0.24,0.14,0.08,83.0,verified,winticket_line_prediction,provider_forecast_structure_only,2.0,1.0,2.0,1.0,3,三分戦,,0.0,2,7,7,,0,1791457260,1791456960,1,1,1,2,,,,0,,,,,,,,,,0,,external_public_source,winticket,https://www.winticket.jp/keirin/yokkaichi/racecard/2026100748/2/11,review_required,race_features_v1,塩島嵩一朗,S級,準決勝,2025
114820261008,2026-10-08,四日市,11,15004,2,2,35,男,105,京都,5,1,2,103.27,0.2269999999999999,0.363,0.545,0,6,0,5,0,3,3.92,4,追,3.5,10,1.0,1,,0.0,0.28,0.28,7.0,,,,0.0,0.0,0.0,0.1,10.0,0.17,0.25,0.1,28.0,0.19,0.18,0.13,66.0,verified,winticket_line_prediction,provider_forecast_structure_only,1.0,2.0,2.0,0.0,3,三分戦,,0.0,2,7,7,,0,1791457260,1791456960,1,2,1,2,,,,0,,,,,,,,,,0,,external_public_source,winticket,https://www.winticket.jp/keirin/yokkaichi/racecard/2026100748/2/11,review_required,race_features_v1,畑段嵐士,S級,準決勝,2025
114820261008,2026-10-08,四日市,11,12987,3,3,50,男,75,徳島,7,1,1,101.37,0.125,0.208,0.3329999999999999,0,0,0,4,0,1,3.92,0,追,4.5,10,6.0,1,,0.18,0.0,0.09,11.0,,,,0.0,0.0,0.0,0.0,10.0,0.08,0.06,0.28,45.0,0.0,0.04,0.31,22.0,verified,winticket_line_prediction,provider_forecast_structure_only,3.0,3.0,3.0,0.0,3,三分戦,,0.0,2,7,7,,0,1791457260,1791456960,1,1,1,2,,,,0,,,,,,,,,,0,,external_public_source,winticket,https://www.winticket.jp/keirin/yokkaichi/racecard/2026100748/2/11,review_required,race_features_v1,堤洋,S級,準決勝,2025
114820261008,2026-10-08,四日市,11,14222,4,4,41,男,92,群馬,2,1,2,102.2,0.1369999999999999,0.31,0.4479999999999999,0,0,0,7,0,2,3.92,0,追,3.4,10,1.0,1,,0.16,0.16,0.0,12.0,,,,0.0,0.12,0.25,0.06,16.0,0.13,0.21,0.13,37.0,0.13,0.19,0.09,51.0,verified,winticket_line_prediction,provider_forecast_structure_only,2.0,2.0,2.0,0.0,3,三分戦,,0.0,2,7,7,,0,1791457260,1791456960,1,2,2,1,,,,0,,,,,,,,,,0,,external_public_source,winticket,https://www.winticket.jp/keirin/yokkaichi/racecard/2026100748/2/11,review_required,race_features_v1,木暮安由,S級,準決勝,2025
114820261008,2026-10-08,四日市,11,14188,5,5,41,男,91,香川,7,1,2,103.35,0.142,0.284,0.38,0,1,0,5,0,1,3.93,2,追,3.4444444444444446,10,1.0,1,,0.0,0.16,0.0,6.0,,,,0.0,0.0,0.16,0.25,12.0,0.08,0.16,0.2,24.0,0.08,0.2,0.18,72.0,verified,winticket_line_prediction,provider_forecast_structure_only,3.0,2.0,3.0,0.0,3,三分戦,,0.0,2,7,7,,0,1791457260,1791456960,1,2,1,2,,,,0,,,,,,,,,,0,,external_public_source,winticket,https://www.winticket.jp/keirin/yokkaichi/racecard/2026100748/2/11,review_required,race_features_v1,原誠宏,S級,準決勝,2025
114820261008,2026-10-08,四日市,11,15458,6,6,30,男,117,和歌山,5,1,2,101.53,0.24,0.481,0.517,13,7,9,1,4,0,3.92,0,逃,3.9,10,1.0,1,,0.66,0.33,0.0,3.0,,,,0.0,0.07,0.0,0.07,14.0,0.12,0.24,0.14,50.0,0.15,0.17,0.14,89.0,verified,winticket_line_prediction,provider_forecast_structure_only,1.0,1.0,2.0,1.0,3,三分戦,,0.0,2,7,7,,0,1791457260,1791456960,1,2,1,2,,,,0,,,,,,,,,,0,,external_public_source,winticket,https://www.winticket.jp/keirin/yokkaichi/racecard/2026100748/2/11,review_required,race_features_v1,貴志修己,S級,準決勝,2025
114820261008,2026-10-08,四日市,11,15917,7,6,25,男,127,岡山,6,1,2,106.9,0.237,0.619,0.7140000000000001,19,1,10,0,3,0,3.92,1,逃,3.3,10,1.0,1,,0.75,0.0,0.0,4.0,,,,0.0,0.5,0.25,0.05,20.0,0.47,0.23,0.08,34.0,0.56,0.18,0.04,66.0,verified,winticket_line_prediction,provider_forecast_structure_only,3.0,1.0,3.0,1.0,3,三分戦,,0.0,2,7,7,,0,1791457260,1791456960,1,2,1,2,,,,0,,,,,,,,,,0,,external_public_source,winticket,https://www.winticket.jp/keirin/yokkaichi/racecard/2026100748/2/11,review_required,race_features_v1,猿樂楓樹,S級,準決勝,2025
124820261008,2026-10-08,四日市,12,14472,1,1,38,男,95,三重,4,1,1,104.5,0.055,0.222,0.3329999999999999,0,3,0,4,0,0,3.92,2,追,4.1,10,2.0,1,,0.16,0.16,0.33,6.0,,,,0.0,0.1,0.1,0.3,20.0,0.14,0.14,0.17,34.0,0.17,0.17,0.14,57.0,verified,winticket_line_prediction,provider_forecast_structure_only,1.0,2.0,3.0,0.0,3,二分戦,,0.0,2,7,7,,0,1791459000,1791458700,1,1,1,1,,,,0,,,,,,,,,,0,,external_public_source,winticket,https://www.winticket.jp/keirin/yokkaichi/racecard/2026100748/2/12,review_required,race_features_v1,坂口晃輔,S級,準決勝,2025
124820261008,2026-10-08,四日市,12,15837,2,2,26,男,125,徳島,7,1,2,100.6,0.217,0.26,0.391,9,1,4,0,2,0,3.92,4,逃,3.8,10,2.0,1,,0.33,0.11,0.0,9.0,,,,0.0,0.25,0.0,0.0,12.0,0.33,0.08,0.04,24.0,0.24,0.11,0.08,78.0,verified,winticket_line_prediction,provider_forecast_structure_only,3.0,1.0,3.0,1.0,3,二分戦,,0.0,2,7,7,,0,1791459000,1791458700,1,2,1,2,,,,0,,,,,,,,,,0,,external_public_source,winticket,https://www.winticket.jp/keirin/yokkaichi/racecard/2026100748/2/12,review_required,race_features_v1,小川三士郎,S級,準決勝,2025
124820261008,2026-10-08,四日市,12,15744,3,3,27,男,123,佐賀,8,1,2,99.92,0.2,0.36,0.48,13,0,6,0,3,0,3.92,0,逃,4.2,10,2.0,1,,0.0,0.3,0.0,10.0,,,,0.0,0.0,0.14,0.0,7.0,0.17,0.19,0.13,46.0,1.0,0.0,0.0,1.0,verified,winticket_line_prediction,provider_forecast_structure_only,2.0,1.0,1.0,1.0,3,二分戦,,0.0,2,7,7,,0,1791459000,1791458700,1,2,1,2,,,,0,,,,,,,,,,0,,external_public_source,winticket,https://www.winticket.jp/keirin/yokkaichi/racecard/2026100748/2/12,review_required,race_features_v1,橋本宇宙,S級,準決勝,2025
124820261008,2026-10-08,四日市,12,15518,4,4,25,男,119,岐阜,4,1,1,104.96,0.2,0.4,0.44,10,1,6,1,3,0,3.92,1,逃,3.9,10,3.0,1,,0.28,0.14,0.0,7.0,,,,0.0,0.33,0.22,0.0,18.0,0.26,0.13,0.1,30.0,0.21,0.2,0.08,89.0,verified,winticket_line_prediction,provider_forecast_structure_only,1.0,1.0,3.0,1.0,3,二分戦,,0.0,2,7,7,,0,1791459000,1791458700,1,1,1,1,,,,0,,,,,,,,,,0,,external_public_source,winticket,https://www.winticket.jp/keirin/yokkaichi/racecard/2026100748/2/12,review_required,race_features_v1,吉田有希,S級,準決勝,2025
124820261008,2026-10-08,四日市,12,14883,5,5,34,男,101,広島,6,1,2,101.85,0.142,0.356,0.4639999999999999,4,3,2,4,1,3,3.92,3,両,4.444444444444445,10,2.0,1,,0.33,0.0,0.0,3.0,,,,0.0,0.07,0.07,0.15,13.0,0.13,0.16,0.2,30.0,0.28,0.16,0.04,25.0,verified,winticket_line_prediction,provider_forecast_structure_only,3.0,2.0,3.0,0.0,3,二分戦,,0.0,2,7,7,,0,1791459000,1791458700,1,2,1,2,,,,0,,,,,,,,,,0,,external_public_source,winticket,https://www.winticket.jp/keirin/yokkaichi/racecard/2026100748/2/12,review_required,race_features_v1,才迫開,S級,準決勝,2025
124820261008,2026-10-08,四日市,12,13783,6,6,45,男,86,三重,4,1,2,95.7,0.052,0.105,0.263,0,0,0,2,0,0,3.92,0,追,5.222222222222222,10,2.0,1,,0.0,0.0,0.16,6.0,,,,0.0,0.0,0.0,0.0,3.0,0.03,0.07,0.3,26.0,0.0,0.04,0.32,25.0,verified,winticket_line_prediction,provider_forecast_structure_only,1.0,3.0,3.0,0.0,3,二分戦,,0.0,2,7,7,,0,1791459000,1791458700,1,2,1,2,,,,0,,,,,,,,,,0,,external_public_source,winticket,https://www.winticket.jp/keirin/yokkaichi/racecard/2026100748/2/12,review_required,race_features_v1,上田裕和,S級,準決勝,2025
124820261008,2026-10-08,四日市,12,14409,7,6,37,男,94,岡山,6,1,2,101.26,0.036,0.3329999999999999,0.518,0,2,0,5,1,3,3.92,0,両,4.0,10,2.0,1,,0.0,0.33,0.33,9.0,,,,0.0,0.0,0.15,0.15,13.0,0.14,0.16,0.21,42.0,0.03,0.14,0.29,27.0,verified,winticket_line_prediction,provider_forecast_structure_only,3.0,3.0,3.0,0.0,3,二分戦,,0.0,2,7,7,,0,1791459000,1791458700,1,2,1,2,,,,0,,,,,,,,,,0,,external_public_source,winticket,https://www.winticket.jp/keirin/yokkaichi/racecard/2026100748/2/12,review_required,race_features_v1,山本奨,S級,準決勝,2025
014420261008,2026-10-08,大垣,1,14316,1,1,39,男,93,京都,5,2,3,72.45,0.09,0.272,0.424,2,15,1,6,1,1,3.92,0,両,4.0,10,2.0,1,,0.0,0.0,0.0,1.0,,,,0.0,0.11,0.2,0.23,43.0,0.05,0.15,0.2,20.0,,,,0.0,missing,winticket_line_prediction,provider_forecast_structure_only,,,,,0,,,0.0,3,5,5,,0,1791459600,1791459300,2,3,2,2,,,,0,,,,,,,,,,0,,external_public_source,winticket,https://www.winticket.jp/keirin/ogaki/racecard/2026100644/3/1,review_required,race_features_v1,山崎光展,A級,チャレンジ一般,1625
014420261008,2026-10-08,大垣,1,14202,2,2,40,男,92,北海道,1,2,3,70.45,0.125,0.416,0.4579999999999999,13,2,8,0,0,2,3.92,0,逃,3.6,10,5.0,1,,0.0,0.16,0.33,6.0,,,,0.0,0.14,0.26,0.08,34.0,0.11,0.0,0.05,18.0,,,,0.0,missing,winticket_line_prediction,provider_forecast_structure_only,,,,,0,,,0.0,3,5,5,,0,1791459600,1791459300,2,3,2,3,,,,0,,,,,,,,,,0,,external_public_source,winticket,https://www.winticket.jp/keirin/ogaki/racecard/2026100644/3/1,review_required,race_features_v1,島田茂希,A級,チャレンジ一般,1625
014420261008,2026-10-08,大垣,1,14429,3,3,39,男,95,青森,1,2,3,68.28,0.142,0.142,0.238,0,2,0,3,0,0,3.86,0,追,5.8,10,5.0,1,,0.0,0.33,0.0,6.0,,,,0.0,0.16,0.05,0.05,60.0,0.13,0.0,0.06,15.0,,,,0.0,missing,winticket_line_prediction,provider_forecast_structure_only,,,,,0,,,0.0,3,5,5,,0,1791459600,1791459300,2,3,2,3,,,,0,,,,,,,,,,0,,external_public_source,winticket,https://www.winticket.jp/keirin/ogaki/racecard/2026100644/3/1,review_required,race_features_v1,千澤大輔,A級,チャレンジ一般,1625
014420261008,2026-10-08,大垣,1,13788,4,4,49,男,86,福井,5,2,3,67.27,0.0,0.055,0.166,0,1,0,0,0,1,3.92,0,追,4.9,10,5.0,1,,0.0,0.0,0.0,0.0,,,,0.0,0.07,0.05,0.18,38.0,0.07,0.14,0.14,14.0,,,,0.0,missing,winticket_line_prediction,provider_forecast_structure_only,,,,,0,,,0.0,3,5,5,,0,1791459600,1791459300,2,3,2,3,,,,0,,,,,,,,,,0,,external_public_source,winticket,https://www.winticket.jp/keirin/ogaki/racecard/2026100644/3/1,review_required,race_features_v1,白崎芳典,A級,チャレンジ一般,1625
014420261008,2026-10-08,大垣,1,11364,5,5,61,男,57,神奈川,3,2,3,66.54,0.0409999999999999,0.083,0.125,0,1,0,2,0,0,3.93,0,追,5.3,10,6.0,1,,0.0,0.16,0.16,6.0,,,,0.0,0.02,0.13,0.15,38.0,0.0,0.33,0.0,3.0,,,,0.0,missing,winticket_line_prediction,provider_forecast_structure_only,,,,,0,,,0.0,3,5,5,,0,1791459600,1791459300,2,3,2,3,,,,0,,,,,,,,,,0,,external_public_source,winticket,https://www.winticket.jp/keirin/ogaki/racecard/2026100644/3/1,review_required,race_features_v1,遠澤健二,A級,チャレンジ一般,1625
024420261008,2026-10-08,大垣,2,14033,1,1,46,男,89,兵庫,5,2,3,71.08,0.25,0.3329999999999999,0.416,0,9,0,7,0,1,3.92,0,両,3.8,10,4.5,1,,0.33,0.33,0.0,3.0,,,,0.0,0.1,0.21,0.08,47.0,0.06,0.2,0.1,58.0,,,,0.0,missing,winticket_line_prediction,provider_forecast_structure_only,,,,,0,,,0.0,3,6,6,,0,1791460800,1791460500,2,3,2,3,,,,0,,,,,,,,,,0,,external_public_source,winticket,https://www.winticket.jp/keirin/ogaki/racecard/2026100644/3/2,review_required,race_features_v1,藤縄洋介,A級,チャレンジ一般,1625
024420261008,2026-10-08,大垣,2,14595,2,2,41,男,97,愛知,4,2,3,69.48,0.1369999999999999,0.344,0.482,10,2,2,0,5,3,3.92,0,両,3.9,10,,2,,0.0,0.16,0.16,6.0,,,,0.0,0.3,0.15,0.15,60.0,0.26,0.21,0.1,38.0,,,,0.0,missing,winticket_line_prediction,provider_forecast_structure_only,,,,,0,,,0.0,3,6,6,,0,1791460800,1791460500,2,3,2,3,,,,0,,,,,,,,,,0,,external_public_source,winticket,https://www.winticket.jp/keirin/ogaki/racecard/2026100644/3/2,review_required,race_features_v1,瀧本匡平,A級,チャレンジ一般,1625
024420261008,2026-10-08,大垣,2,13109,3,3,51,男,77,神奈川,3,2,3,69.4,0.047,0.095,0.238,0,2,0,1,0,1,3.85,0,追,4.888888888888889,10,4.5,1,,0.0,0.33,0.0,3.0,,,,0.0,0.13,0.22,0.13,45.0,0.06,0.1,0.23,30.0,,,,0.0,missing,winticket_line_prediction,provider_forecast_structure_only,,,,,0,,,0.0,3,6,6,,0,1791460800,1791460500,2,3,2,3,,,,0,,,,,,,,,,0,,external_public_source,winticket,https://www.winticket.jp/keirin/ogaki/racecard/2026100644/3/2,review_required,race_features_v1,志村正洋,A級,チャレンジ一般,1625
024420261008,2026-10-08,大垣,2,13027,4,4,50,男,76,千葉,3,2,3,68.2,0.0,0.12,0.28,0,0,0,1,0,2,3.92,0,追,4.3,10,4.5,1,,0.0,0.0,0.0,0.0,,,,0.0,0.05,0.17,0.15,52.0,0.02,0.1,0.19,46.0,,,,0.0,missing,winticket_line_prediction,provider_forecast_structure_only,,,,,0,,,0.0,3,6,6,,0,1791460800,1791460500,2,3,2,3,,,,0,,,,,,,,,,0,,external_public_source,winticket,https://www.winticket.jp/keirin/ogaki/racecard/2026100644/3/2,review_required,race_features_v1,戸ノ下太郎,A級,チャレンジ一般,1625
024420261008,2026-10-08,大垣,2,13525,5,5,48,男,83,宮城,1,2,3,67.82,0.043,0.13,0.217,0,9,0,1,0,2,3.92,0,追,4.3,10,4.0,1,,0.0,0.0,0.5,6.0,,,,0.0,0.04,0.11,0.27,43.0,0.02,0.08,0.28,35.0,,,,0.0,missing,winticket_line_prediction,provider_forecast_structure_only,,,,,0,,,0.0,3,6,6,,0,1791460800,1791460500,2,3,2,3,,,,0,,,,,,,,,,0,,external_public_source,winticket,https://www.winticket.jp/keirin/ogaki/racecard/2026100644/3/2,review_required,race_features_v1,亀井道佳,A級,チャレンジ一般,1625
024420261008,2026-10-08,大垣,2,15824,6,6,23,男,125,大阪,5,2,3,64.55,0.1,0.1,0.1,0,0,0,1,0,0,3.92,0,逃,5.444444444444445,10,4.5,1,,0.33,0.0,0.33,3.0,,,,0.0,0.21,0.21,0.14,14.0,0.16,0.16,0.16,12.0,,,,0.0,missing,winticket_line_prediction,provider_forecast_structure_only,,,,,0,,,0.0,3,6,6,,0,1791460800,1791460500,2,3,2,3,,,,0,,,,,,,,,,0,,external_public_source,winticket,https://www.winticket.jp/keirin/ogaki/racecard/2026100644/3/2,review_required,race_features_v1,中嶋響,A級,チャレンジ一般,1625
034420261008,2026-10-08,大垣,3,15720,1,1,26,男,123,石川,4,2,3,76.68,0.235,0.351,0.764,6,1,2,2,1,1,3.92,0,両,3.0,10,3.5,1,,0.16,0.16,0.0,6.0,,,,0.0,0.0,0.0,0.0,0.0,0.12,0.21,0.18,33.0,,,,0.0,missing,winticket_line_prediction,provider_forecast_structure_only,,,,,0,,,0.0,3,7,7,,0,1791462000,1791461700,2,3,2,2,,,,0,,,,,,,,,,0,,external_public_source,winticket,https://www.winticket.jp/keirin/ogaki/racecard/2026100644/3/3,review_required,race_features_v1,山元大夢,A級,チャレンジ選抜,1625
034420261008,2026-10-08,大垣,3,15990,2,2,19,男,129,岐阜,4,2,3,73.83,0.3329999999999999,0.5,0.611,8,13,5,0,4,0,3.77,0,逃,3.4,10,3.5,1,,0.0,0.0,0.0,0.0,,,,0.0,0.0,0.0,0.0,0.0,0.21,0.21,0.14,14.0,,,,0.0,missing,winticket_line_prediction,provider_forecast_structure_only,,,,,0,,,0.0,3,7,7,,0,1791462000,1791461700,2,3,2,3,,,,0,,,,,,,,,,0,,external_public_source,winticket,https://www.winticket.jp/keirin/ogaki/racecard/2026100644/3/3,review_required,race_features_v1,児玉東次郎,A級,チャレンジ選抜,1625
034420261008,2026-10-08,大垣,3,13210,3,3,51,男,78,兵庫,5,2,3,71.96,0.147,0.259,0.444,0,3,0,6,0,1,3.92,0,追,3.5,10,1.0,1,,0.26,0.06,0.13,15.0,,,,0.0,0.0,0.0,0.0,0.0,0.11,0.11,0.15,44.0,,,,0.0,missing,winticket_line_prediction,provider_forecast_structure_only,,,,,0,,,0.0,3,7,7,,0,1791462000,1791461700,2,3,2,3,,,,0,,,,,,,,,,0,,external_public_source,winticket,https://www.winticket.jp/keirin/ogaki/racecard/2026100644/3/3,review_required,race_features_v1,川本恵二,A級,チャレンジ選抜,1625
034420261008,2026-10-08,大垣,3,11712,4,4,59,男,60,大阪,5,2,3,69.8,0.047,0.19,0.285,0,1,0,2,0,2,3.92,0,追,4.4,10,4.0,1,,0.0,0.0,0.16,6.0,,,,0.0,0.0,0.0,0.0,0.0,0.02,0.05,0.1,40.0,,,,0.0,missing,winticket_line_prediction,provider_forecast_structure_only,,,,,0,,,0.0,3,7,7,,0,1791462000,1791461700,2,3,2,2,,,,0,,,,,,,,,,0,,external_public_source,winticket,https://www.winticket.jp/keirin/ogaki/racecard/2026100644/3/3,review_required,race_features_v1,金田健一郎,A級,チャレンジ選抜,1625
034420261008,2026-10-08,大垣,3,13266,5,5,49,男,79,岐阜,4,2,3,68.36,0.08,0.2,0.28,3,13,3,1,0,1,3.92,0,両,3.9,10,1.0,1,,0.0,0.0,0.0,3.0,,,,0.0,0.0,0.0,0.0,0.0,0.08,0.1,0.16,37.0,,,,0.0,missing,winticket_line_prediction,provider_forecast_structure_only,,,,,0,,,0.0,3,7,7,,0,1791462000,1791461700,2,3,2,3,,,,0,,,,,,,,,,0,,external_public_source,winticket,https://www.winticket.jp/keirin/ogaki/racecard/2026100644/3/3,review_required,race_features_v1,伊藤嘉浩,A級,チャレンジ選抜,1625
034420261008,2026-10-08,大垣,3,14482,6,6,42,男,95,兵庫,5,2,3,67.65,0.043,0.217,0.304,0,0,0,1,2,2,3.92,0,両,5.3,10,4.5,1,,0.0,0.0,0.12,8.0,,,,0.0,0.0,0.0,0.0,0.0,0.16,0.06,0.19,31.0,,,,0.0,missing,winticket_line_prediction,provider_forecast_structure_only,,,,,0,,,0.0,3,7,7,,0,1791462000,1791461700,2,3,2,3,,,,0,,,,,,,,,,0,,external_public_source,winticket,https://www.winticket.jp/keirin/ogaki/racecard/2026100644/3/3,review_required,race_features_v1,松本琢也,A級,チャレンジ選抜,1625
034420261008,2026-10-08,大垣,3,13244,7,6,53,男,79,東京,2,2,3,67.29,0.0,0.0,0.074,0,1,0,0,0,0,3.92,0,追,4.6,10,4.5,1,,0.0,0.0,0.33,6.0,,,,0.0,0.0,0.0,0.0,0.0,0.0,0.02,0.09,41.0,,,,0.0,missing,winticket_line_prediction,provider_forecast_structure_only,,,,,0,,,0.0,3,7,7,,0,1791462000,1791461700,2,3,2,3,,,,0,,,,,,,,,,0,,external_public_source,winticket,https://www.winticket.jp/keirin/ogaki/racecard/2026100644/3/3,review_required,race_features_v1,小林高志,A級,チャレンジ選抜,1625
044420261008,2026-10-08,大垣,4,13550,1,1,48,男,83,埼玉,2,2,1,86.62,0.175,0.294,0.411,0,6,0,2,1,2,3.92,0,追,4.222222222222222,10,4.0,1,,0.0,0.0,0.0,0.0,,,,0.0,0.03,0.21,0.17,28.0,0.11,0.17,0.29,17.0,,,,0.0,missing,winticket_line_prediction,provider_forecast_structure_only,,,,,0,,,0.0,3,7,7,,0,1791463200,1791462900,2,1,2,1,,,,0,,,,,,,,,,0,,external_public_source,winticket,https://www.winticket.jp/keirin/ogaki/racecard/2026100644/3/4,review_required,race_features_v1,安部達也,A級,特一般,1625
044420261008,2026-10-08,大垣,4,15234,2,2,30,男,113,神奈川,3,2,1,84.66,0.237,0.428,0.428,6,1,6,0,2,1,3.92,0,逃,4.777777777777778,10,5.0,1,,0.16,0.16,0.16,6.0,,,,0.0,0.33,0.15,0.04,45.0,0.2,0.1,0.15,39.0,,,,0.0,missing,winticket_line_prediction,provider_forecast_structure_only,,,,,0,,,0.0,3,7,7,,0,1791463200,1791462900,2,1,2,2,,,,0,,,,,,,,,,0,,external_public_source,winticket,https://www.winticket.jp/keirin/ogaki/racecard/2026100644/3/4,review_required,race_features_v1,八嶋稔真,A級,特一般,1625
044420261008,2026-10-08,大垣,4,14220,3,3,42,男,92,茨城,2,2,2,83.23,0.047,0.19,0.238,0,3,0,3,0,1,3.92,0,追,3.6,10,4.5,1,,0.0,0.0,0.0,6.0,,,,0.0,0.08,0.16,0.1,48.0,0.07,0.17,0.03,28.0,,,,0.0,missing,winticket_line_prediction,provider_forecast_structure_only,,,,,0,,,0.0,3,7,7,,0,1791463200,1791462900,2,2,2,2,,,,0,,,,,,,,,,0,,external_public_source,winticket,https://www.winticket.jp/keirin/ogaki/racecard/2026100644/3/4,review_required,race_features_v1,山崎悟,A級,特一般,1625
044420261008,2026-10-08,大垣,4,15455,4,4,27,男,117,福井,5,2,2,82.14,0.095,0.237,0.428,14,2,4,0,1,0,3.92,0,逃,4.1,10,7.0,1,,0.33,0.0,0.0,3.0,,,,0.0,0.17,0.15,0.2,45.0,0.17,0.08,0.08,23.0,,,,0.0,missing,winticket_line_prediction,provider_forecast_structure_only,,,,,0,,,0.0,3,7,7,,0,1791463200,1791462900,2,2,2,2,,,,0,,,,,,,,,,0,,external_public_source,winticket,https://www.winticket.jp/keirin/ogaki/racecard/2026100644/3/4,review_required,race_features_v1,枠元一葵,A級,特一般,1625
044420261008,2026-10-08,大垣,4,14362,5,5,42,男,94,茨城,2,2,2,80.66,0.0,0.0409999999999999,0.291,0,0,0,1,0,0,3.92,0,追,4.8,10,6.0,1,,0.0,0.0,0.5,6.0,,,,0.0,0.0,0.12,0.18,54.0,0.0,0.06,0.2,29.0,,,,0.0,missing,winticket_line_prediction,provider_forecast_structure_only,,,,,0,,,0.0,3,7,7,,0,1791463200,1791462900,2,2,2,2,,,,0,,,,,,,,,,0,,external_public_source,winticket,https://www.winticket.jp/keirin/ogaki/racecard/2026100644/3/4,review_required,race_features_v1,岩崎大和,A級,特一般,1625
044420261008,2026-10-08,大垣,4,12532,6,6,57,男,69,兵庫,5,2,2,80.4,0.045,0.09,0.136,0,0,0,1,0,1,3.92,0,追,4.4,10,4.5,1,,0.0,0.0,0.0,1.0,,,,0.0,0.1,0.2,0.13,29.0,0.0,0.09,0.09,21.0,,,,0.0,missing,winticket_line_prediction,provider_forecast_structure_only,,,,,0,,,0.0,3,7,7,,0,1791463200,1791462900,2,2,2,3,,,,0,,,,,,,,,,0,,external_public_source,winticket,https://www.winticket.jp/keirin/ogaki/racecard/2026100644/3/4,review_required,race_features_v1,西郷剛,A級,特一般,1625
044420261008,2026-10-08,大垣,4,14753,7,6,37,男,99,岐阜,4,2,2,78.52,0.095,0.142,0.19,1,1,0,2,1,0,3.93,0,両,5.4,10,,17,,0.0,0.0,0.0,6.0,,,,0.0,0.08,0.06,0.08,46.0,0.1,0.03,0.03,28.0,,,,0.0,missing,winticket_line_prediction,provider_forecast_structure_only,,,,,0,,,0.0,3,7,7,,0,1791463200,1791462900,2,2,2,2,,,,0,,,,,,,,,,0,,external_public_source,winticket,https://www.winticket.jp/keirin/ogaki/racecard/2026100644/3/4,review_required,race_features_v1,山田純也,A級,特一般,1625
054420261008,2026-10-08,大垣,5,15828,1,1,25,男,125,兵庫,5,2,2,86.71,0.19,0.38,0.5710000000000001,12,11,6,1,1,0,3.92,0,逃,3.8,10,4.0,1,,0.0,0.0,0.0,0.0,,,,0.0,0.21,0.32,0.14,28.0,0.38,0.15,0.18,44.0,,,,0.0,missing,winticket_line_prediction,provider_forecast_structure_only,,,,,0,,,0.0,3,7,7,,0,1791464400,1791464100,2,2,2,3,,,,0,,,,,,,,,,0,,external_public_source,winticket,https://www.winticket.jp/keirin/ogaki/racecard/2026100644/3/5,review_required,race_features_v1,秋末蓮,A級,特一般,1625
054420261008,2026-10-08,大垣,5,13285,2,2,49,男,79,大阪,5,2,2,83.66,0.095,0.237,0.3329999999999999,0,0,0,3,0,2,3.92,0,追,4.3,10,6.0,1,,0.33,0.16,0.33,6.0,,,,0.0,0.18,0.12,0.06,33.0,0.19,0.07,0.19,26.0,,,,0.0,missing,winticket_line_prediction,provider_forecast_structure_only,,,,,0,,,0.0,3,7,7,,0,1791464400,1791464100,2,2,2,3,,,,0,,,,,,,,,,0,,external_public_source,winticket,https://www.winticket.jp/keirin/ogaki/racecard/2026100644/3/5,review_required,race_features_v1,吉川悟,A級,特一般,1625
054420261008,2026-10-08,大垣,5,13417,3,3,49,男,81,静岡,3,2,2,83.55,0.0,0.166,0.3879999999999999,0,0,0,1,0,2,3.85,0,追,4.4,10,4.5,1,,0.0,0.33,0.0,3.0,,,,0.0,0.0,0.05,0.21,37.0,0.02,0.02,0.3,36.0,,,,0.0,missing,winticket_line_prediction,provider_forecast_structure_only,,,,,0,,,0.0,3,7,7,,0,1791464400,1791464100,2,2,2,2,,,,0,,,,,,,,,,0,,external_public_source,winticket,https://www.winticket.jp/keirin/ogaki/racecard/2026100644/3/5,review_required,race_features_v1,梅原大治,A級,特一般,1625
054420261008,2026-10-08,大垣,5,13196,4,4,50,男,78,岐阜,4,2,1,83.29,0.0,0.125,0.3329999999999999,0,2,0,2,0,1,3.93,0,追,4.5,10,4.0,1,,0.0,0.0,0.66,3.0,,,,0.0,0.02,0.1,0.19,47.0,0.0,0.18,0.12,32.0,,,,0.0,missing,winticket_line_prediction,provider_forecast_structure_only,,,,,0,,,0.0,3,7,7,,0,1791464400,1791464100,2,1,2,1,,,,0,,,,,,,,,,0,,external_public_source,winticket,https://www.winticket.jp/keirin/ogaki/racecard/2026100644/3/5,review_required,race_features_v1,竹田和幸,A級,特一般,1625
054420261008,2026-10-08,大垣,5,13112,5,5,51,男,77,静岡,3,2,2,82.0,0.0,0.09,0.2269999999999999,0,6,0,1,0,1,3.92,0,追,4.9,10,5.5,1,,0.0,0.33,0.16,6.0,,,,0.0,0.03,0.08,0.3,56.0,0.02,0.08,0.25,36.0,,,,0.0,missing,winticket_line_prediction,provider_forecast_structure_only,,,,,0,,,0.0,3,7,7,,0,1791464400,1791464100,2,2,2,2,,,,0,,,,,,,,,,0,,external_public_source,winticket,https://www.winticket.jp/keirin/ogaki/racecard/2026100644/3/5,review_required,race_features_v1,佐藤明,A級,特一般,1625
054420261008,2026-10-08,大垣,5,13453,6,6,50,男,82,宮城,1,2,2,79.19,0.0,0.047,0.095,0,3,0,1,0,0,3.92,0,追,4.9,10,5.5,1,,0.0,0.25,0.25,4.0,,,,0.0,0.0,0.15,0.12,40.0,0.0,0.14,0.11,27.0,,,,0.0,missing,winticket_line_prediction,provider_forecast_structure_only,,,,,0,,,0.0,3,7,7,,0,1791464400,1791464100,2,2,2,2,,,,0,,,,,,,,,,0,,external_public_source,winticket,https://www.winticket.jp/keirin/ogaki/racecard/2026100644/3/5,review_required,race_features_v1,阿部宏之,A級,特一般,1625
054420261008,2026-10-08,大垣,5,14366,7,6,43,男,94,東京,2,2,2,78.75,0.031,0.093,0.125,7,1,1,1,0,1,3.92,0,逃,5.3,10,6.5,1,,0.12,0.0,0.37,8.0,,,,0.0,0.07,0.15,0.07,76.0,0.04,0.02,0.1,49.0,,,,0.0,missing,winticket_line_prediction,provider_forecast_structure_only,,,,,0,,,0.0,3,7,7,,0,1791464400,1791464100,2,2,2,1,,,,0,,,,,,,,,,0,,external_public_source,winticket,https://www.winticket.jp/keirin/ogaki/racecard/2026100644/3/5,review_required,race_features_v1,阿久津浩之,A級,特一般,1625
064420261008,2026-10-08,大垣,6,14991,1,1,32,男,105,東京,2,2,1,92.73,0.125,0.25,0.437,1,8,1,1,1,1,3.85,0,追,4.555555555555555,10,5.5,1,,0.0,0.0,0.22,9.0,,,,0.0,0.12,0.0,0.12,8.0,0.14,0.14,0.07,14.0,,,,0.0,missing,winticket_line_prediction,provider_forecast_structure_only,,,,,0,,,0.0,3,7,7,,0,1791465600,1791465300,2,1,1,2,,,,0,,,,,,,,,,0,,external_public_source,winticket,https://www.winticket.jp/keirin/ogaki/racecard/2026100644/3/6,review_required,race_features_v1,中島将尊,A級,特選,1625
064420261008,2026-10-08,大垣,6,14444,2,2,40,男,95,栃木,2,2,1,90.2,0.25,0.5,0.75,0,7,0,8,1,3,3.92,0,追,2.5,10,3.0,1,,0.0,0.33,0.16,6.0,,,,0.0,0.12,0.12,0.12,8.0,0.14,0.17,0.2,34.0,,,,0.0,missing,winticket_line_prediction,provider_forecast_structure_only,,,,,0,,,0.0,3,7,7,,0,1791465600,1791465300,2,1,2,1,,,,0,,,,,,,,,,0,,external_public_source,winticket,https://www.winticket.jp/keirin/ogaki/racecard/2026100644/3/6,review_required,race_features_v1,星野辰也,A級,特選,1625
064420261008,2026-10-08,大垣,6,15339,3,3,27,男,115,茨城,2,2,1,88.54,0.346,0.521,0.565,15,1,4,3,5,0,3.92,0,逃,2.7,10,4.5,1,,0.33,0.33,0.0,6.0,,,,0.0,0.0,0.0,0.0,0.0,0.13,0.0,0.2,15.0,,,,0.0,missing,winticket_line_prediction,provider_forecast_structure_only,,,,,0,,,0.0,3,7,7,,0,1791465600,1791465300,2,1,2,1,,,,0,,,,,,,,,,0,,external_public_source,winticket,https://www.winticket.jp/keirin/ogaki/racecard/2026100644/3/6,review_required,race_features_v1,土田武志,A級,特選,1625
064420261008,2026-10-08,大垣,6,14024,4,4,44,男,89,静岡,3,2,1,86.66,0.125,0.3329999999999999,0.5,0,4,0,5,1,2,3.92,0,追,3.4,10,3.5,1,,0.0,0.44,0.11,9.0,,,,0.0,0.0,0.0,0.5,2.0,0.13,0.26,0.13,38.0,,,,0.0,missing,winticket_line_prediction,provider_forecast_structure_only,,,,,0,,,0.0,3,7,7,,0,1791465600,1791465300,2,1,2,1,,,,0,,,,,,,,,,0,,external_public_source,winticket,https://www.winticket.jp/keirin/ogaki/racecard/2026100644/3/6,review_required,race_features_v1,櫻井丈,A級,特選,1625
064420261008,2026-10-08,大垣,6,14673,5,5,37,男,98,富山,4,2,1,84.7,0.125,0.3329999999999999,0.4579999999999999,4,0,2,4,2,0,3.92,0,両,4.3,10,4.0,1,,0.0,0.33,0.33,3.0,,,,0.0,0.0,0.0,0.0,0.0,0.05,0.3,0.1,20.0,,,,0.0,missing,winticket_line_prediction,provider_forecast_structure_only,,,,,0,,,0.0,3,7,7,,0,1791465600,1791465300,2,1,2,2,,,,0,,,,,,,,,,0,,external_public_source,winticket,https://www.winticket.jp/keirin/ogaki/racecard/2026100644/3/6,review_required,race_features_v1,松田大,A級,特選,1625
064420261008,2026-10-08,大垣,6,13828,6,6,46,男,87,秋田,1,2,1,83.93,0.266,0.266,0.4,4,0,2,1,1,0,3.92,0,逃,3.6,10,4.0,1,,0.11,0.22,0.22,9.0,,,,0.0,0.0,0.0,0.0,0.0,0.23,0.1,0.15,38.0,,,,0.0,missing,winticket_line_prediction,provider_forecast_structure_only,,,,,0,,,0.0,3,7,7,,0,1791465600,1791465300,2,1,2,2,,,,0,,,,,,,,,,0,,external_public_source,winticket,https://www.winticket.jp/keirin/ogaki/racecard/2026100644/3/6,review_required,race_features_v1,引地正人,A級,特選,1625
064420261008,2026-10-08,大垣,6,13952,7,6,45,男,88,三重,4,2,2,80.73,0.086,0.217,0.26,3,1,1,1,2,1,3.92,0,両,4.5,10,3.0,1,,0.0,0.0,0.0,0.0,,,,0.0,0.0,0.0,0.0,0.0,0.11,0.14,0.11,54.0,,,,0.0,missing,winticket_line_prediction,provider_forecast_structure_only,,,,,0,,,0.0,3,7,7,,0,1791465600,1791465300,2,2,2,2,,,,0,,,,,,,,,,0,,external_public_source,winticket,https://www.winticket.jp/keirin/ogaki/racecard/2026100644/3/6,review_required,race_features_v1,東鉄也,A級,特選,1625
074420261008,2026-10-08,大垣,7,15712,1,1,27,男,123,静岡,3,2,1,92.8,0.266,0.3329999999999999,0.6,7,4,1,0,4,0,3.93,0,逃,3.5,10,5.5,1,,0.0,0.0,0.0,0.0,,,,0.0,0.25,0.1,0.05,20.0,0.42,0.0,0.07,14.0,,,,0.0,missing,winticket_line_prediction,provider_forecast_structure_only,,,,,0,,,0.0,3,7,7,,0,1791466800,1791466500,2,1,2,1,,,,0,,,,,,,,,,0,,external_public_source,winticket,https://www.winticket.jp/keirin/ogaki/racecard/2026100644/3/7,review_required,race_features_v1,松本京太,A級,特選,1625
074420261008,2026-10-08,大垣,7,14819,2,2,46,男,100,千葉,3,2,1,91.22,0.111,0.3329999999999999,0.555,0,14,0,2,2,5,3.92,0,追,3.0,10,4.5,1,,0.0,0.0,0.33,3.0,,,,0.0,0.0,0.2,0.1,10.0,0.07,0.07,0.21,14.0,,,,0.0,missing,winticket_line_prediction,provider_forecast_structure_only,,,,,0,,,0.0,3,7,7,,0,1791466800,1791466500,2,1,1,2,,,,0,,,,,,,,,,0,,external_public_source,winticket,https://www.winticket.jp/keirin/ogaki/racecard/2026100644/3/7,review_required,race_features_v1,太刀川一成,A級,特選,1625
074420261008,2026-10-08,大垣,7,14098,3,3,41,男,90,大阪,5,2,1,88.18,0.062,0.25,0.25,0,0,0,2,0,2,3.92,0,追,5.444444444444445,10,4.0,1,,0.0,0.0,0.25,4.0,,,,0.0,0.0,0.0,0.0,6.0,0.11,0.22,0.11,18.0,,,,0.0,missing,winticket_line_prediction,provider_forecast_structure_only,,,,,0,,,0.0,3,7,7,,0,1791466800,1791466500,2,1,1,2,,,,0,,,,,,,,,,0,,external_public_source,winticket,https://www.winticket.jp/keirin/ogaki/racecard/2026100644/3/7,review_required,race_features_v1,菊谷信一,A級,特選,1625
074420261008,2026-10-08,大垣,7,13382,4,4,50,男,81,青森,1,2,1,87.91,0.125,0.3329999999999999,0.4579999999999999,0,4,0,5,0,3,3.92,0,追,4.3,10,3.0,1,,0.0,0.33,0.66,3.0,,,,0.0,0.0,0.13,0.06,15.0,0.17,0.17,0.22,35.0,,,,0.0,missing,winticket_line_prediction,provider_forecast_structure_only,,,,,0,,,0.0,3,7,7,,0,1791466800,1791466500,2,1,2,1,,,,0,,,,,,,,,,0,,external_public_source,winticket,https://www.winticket.jp/keirin/ogaki/racecard/2026100644/3/7,review_required,race_features_v1,成田直喜,A級,特選,1625
074420261008,2026-10-08,大垣,7,14674,5,5,38,男,98,大阪,5,2,1,86.29,0.25,0.375,0.5,14,1,7,0,2,0,3.92,0,逃,3.7,10,3.5,1,,0.66,0.0,0.0,3.0,,,,0.0,0.0,0.0,0.0,0.0,0.22,0.07,0.07,27.0,,,,0.0,missing,winticket_line_prediction,provider_forecast_structure_only,,,,,0,,,0.0,3,7,7,,0,1791466800,1791466500,2,1,2,1,,,,0,,,,,,,,,,0,,external_public_source,winticket,https://www.winticket.jp/keirin/ogaki/racecard/2026100644/3/7,review_required,race_features_v1,丹波孝佑,A級,特選,1625
074420261008,2026-10-08,大垣,7,13547,6,6,49,男,83,群馬,2,2,2,83.79,0.083,0.166,0.375,0,2,0,3,0,1,3.92,0,追,4.0,10,3.5,1,,0.0,0.0,0.0,3.0,,,,0.0,0.0,0.0,0.0,0.0,0.07,0.15,0.19,26.0,,,,0.0,missing,winticket_line_prediction,provider_forecast_structure_only,,,,,0,,,0.0,3,7,7,,0,1791466800,1791466500,2,2,2,2,,,,0,,,,,,,,,,0,,external_public_source,winticket,https://www.winticket.jp/keirin/ogaki/racecard/2026100644/3/7,review_required,race_features_v1,土屋宏,A級,特選,1625
074420261008,2026-10-08,大垣,7,12891,7,6,52,男,74,愛知,4,2,2,81.04,0.0,0.0409999999999999,0.208,0,2,0,1,0,0,3.92,0,追,3.9,10,2.5,1,,0.16,0.0,0.0,6.0,,,,0.0,0.0,0.0,0.0,0.0,0.13,0.07,0.13,38.0,,,,0.0,missing,winticket_line_prediction,provider_forecast_structure_only,,,,,0,,,0.0,3,7,7,,0,1791466800,1791466500,2,2,2,2,,,,0,,,,,,,,,,0,,external_public_source,winticket,https://www.winticket.jp/keirin/ogaki/racecard/2026100644/3/7,review_required,race_features_v1,朝日勇,A級,特選,1625
084420261008,2026-10-08,大垣,8,15965,1,1,23,男,129,茨城,2,2,3,79.88,0.611,0.722,0.833,13,13,8,0,4,1,3.92,0,逃,1.8,10,1.0,1,,0.0,0.0,0.0,0.0,,,,0.0,0.0,0.33,0.16,6.0,0.72,0.18,0.0,11.0,,,,0.0,missing,winticket_line_prediction,provider_forecast_structure_only,,,,,0,,,0.0,3,7,7,,0,1791468000,1791467700,2,3,2,3,,,,0,,,,,,,,,,0,,external_public_source,winticket,https://www.winticket.jp/keirin/ogaki/racecard/2026100644/3/8,review_required,race_features_v1,篠原輝利,A級,チャレンジ決勝,1625
084420261008,2026-10-08,大垣,8,14389,2,2,45,男,94,静岡,3,2,3,76.33,0.052,0.368,0.684,0,1,0,2,0,5,3.92,0,追,2.9,10,2.0,1,,0.0,0.0,0.66,3.0,,,,0.0,0.0,0.0,0.42,14.0,0.07,0.31,0.26,38.0,,,,0.0,missing,winticket_line_prediction,provider_forecast_structure_only,,,,,0,,,0.0,3,7,7,,0,1791468000,1791467700,2,3,2,3,,,,0,,,,,,,,,,0,,external_public_source,winticket,https://www.winticket.jp/keirin/ogaki/racecard/2026100644/3/8,review_required,race_features_v1,村本慎吾,A級,チャレンジ決勝,1625
084420261008,2026-10-08,大垣,8,15087,3,3,32,男,109,福島,1,2,3,76.0,0.111,0.3329999999999999,0.611,0,2,0,3,0,3,3.92,0,両,3.3,10,2.0,1,,0.0,0.0,0.0,0.0,,,,0.0,0.0,0.0,0.25,4.0,0.04,0.08,0.13,23.0,,,,0.0,missing,winticket_line_prediction,provider_forecast_structure_only,,,,,0,,,0.0,3,7,7,,0,1791468000,1791467700,2,3,2,2,,,,0,,,,,,,,,,0,,external_public_source,winticket,https://www.winticket.jp/keirin/ogaki/racecard/2026100644/3/8,review_required,race_features_v1,本馬鎌,A級,チャレンジ決勝,1625
084420261008,2026-10-08,大垣,8,15963,4,4,24,男,129,福島,1,2,3,74.0,0.3329999999999999,0.3879999999999999,0.444,5,5,3,1,3,0,3.92,0,逃,2.9,10,1.0,1,,0.0,0.0,0.33,3.0,,,,0.0,0.5,0.0,0.0,2.0,0.45,0.0,0.09,11.0,,,,0.0,missing,winticket_line_prediction,provider_forecast_structure_only,,,,,0,,,0.0,3,7,7,,0,1791468000,1791467700,2,3,2,3,,,,0,,,,,,,,,,0,,external_public_source,winticket,https://www.winticket.jp/keirin/ogaki/racecard/2026100644/3/8,review_required,race_features_v1,福地晶,A級,チャレンジ決勝,1625
084420261008,2026-10-08,大垣,8,13331,5,5,49,男,80,岐阜,4,2,3,71.4,0.08,0.16,0.48,0,0,0,4,0,0,3.92,0,追,3.8,10,2.5,1,,0.33,0.0,0.0,3.0,,,,0.0,0.0,0.0,0.33,6.0,0.05,0.08,0.22,35.0,,,,0.0,missing,winticket_line_prediction,provider_forecast_structure_only,,,,,0,,,0.0,3,7,7,,0,1791468000,1791467700,2,3,2,3,,,,0,,,,,,,,,,0,,external_public_source,winticket,https://www.winticket.jp/keirin/ogaki/racecard/2026100644/3/8,review_required,race_features_v1,橋本大祐,A級,チャレンジ決勝,1625
084420261008,2026-10-08,大垣,8,14743,6,6,42,男,99,神奈川,3,2,3,71.29,0.294,0.441,0.47,6,8,4,4,7,0,3.93,0,両,3.5,10,3.5,1,,0.23,0.05,0.0,17.0,,,,0.0,0.0,0.0,0.0,4.0,0.14,0.23,0.09,55.0,,,,0.0,missing,winticket_line_prediction,provider_forecast_structure_only,,,,,0,,,0.0,3,7,7,,0,1791468000,1791467700,2,3,2,3,,,,0,,,,,,,,,,0,,external_public_source,winticket,https://www.winticket.jp/keirin/ogaki/racecard/2026100644/3/8,review_required,race_features_v1,鈴木広人,A級,チャレンジ決勝,1625
084420261008,2026-10-08,大垣,8,14667,7,6,42,男,98,長野,2,2,3,71.05,0.166,0.444,0.5,5,1,4,2,0,2,3.92,0,両,2.5,10,2.0,1,,0.0,0.0,0.0,3.0,,,,0.0,0.0,0.0,0.0,2.0,0.16,0.12,0.16,25.0,,,,0.0,missing,winticket_line_prediction,provider_forecast_structure_only,,,,,0,,,0.0,3,7,7,,0,1791468000,1791467700,2,3,2,3,,,,0,,,,,,,,,,0,,external_public_source,winticket,https://www.winticket.jp/keirin/ogaki/racecard/2026100644/3/8,review_required,race_features_v1,藤本龍也,A級,チャレンジ決勝,1625
094420261008,2026-10-08,大垣,9,13901,1,1,43,男,88,北海道,1,2,1,95.28,0.142,0.57,0.809,0,2,0,5,0,7,3.92,0,追,2.8,10,3.0,1,,0.0,0.16,0.16,6.0,,,,0.0,0.0,0.42,0.28,7.0,0.12,0.62,0.12,8.0,,,,0.0,missing,winticket_line_prediction,provider_forecast_structure_only,,,,,0,,,0.0,3,7,7,,0,1791469200,1791468900,2,1,1,2,,,,0,,,,,,,,,,0,,external_public_source,winticket,https://www.winticket.jp/keirin/ogaki/racecard/2026100644/3/9,review_required,race_features_v1,山田敦也,A級,決勝,1625
094420261008,2026-10-08,大垣,9,15875,2,2,24,男,127,福島,1,2,2,95.04,0.7609999999999999,0.809,0.904,15,5,14,2,1,0,3.92,0,逃,1.8,10,1.0,1,,1.0,0.0,0.0,3.0,,,,0.0,0.53,0.07,0.23,13.0,0.94,0.0,0.0,17.0,,,,0.0,missing,winticket_line_prediction,provider_forecast_structure_only,,,,,0,,,0.0,3,7,7,,0,1791469200,1791468900,2,2,2,2,,,,0,,,,,,,,,,0,,external_public_source,winticket,https://www.winticket.jp/keirin/ogaki/racecard/2026100644/3/9,review_required,race_features_v1,邊見竜馬,A級,決勝,1625
094420261008,2026-10-08,大垣,9,15536,3,3,25,男,119,愛知,4,2,1,94.22,0.5,0.555,0.6659999999999999,4,3,2,2,5,1,3.92,0,両,2.8,10,2.5,1,,0.5,0.0,0.16,6.0,,,,0.0,0.33,0.16,0.0,6.0,0.0,0.27,0.27,11.0,,,,0.0,missing,winticket_line_prediction,provider_forecast_structure_only,,,,,0,,,0.0,3,7,7,,0,1791469200,1791468900,2,1,1,2,,,,0,,,,,,,,,,0,,external_public_source,winticket,https://www.winticket.jp/keirin/ogaki/racecard/2026100644/3/9,review_required,race_features_v1,疋田力也,A級,決勝,1625
094420261008,2026-10-08,大垣,9,15434,4,4,32,男,117,新潟,2,2,1,92.14,0.284,0.428,0.476,2,2,0,3,5,1,3.92,0,逃,2.9,10,2.0,1,,0.11,0.22,0.11,9.0,,,,0.0,0.16,0.25,0.08,12.0,0.3,0.15,0.2,20.0,,,,0.0,missing,winticket_line_prediction,provider_forecast_structure_only,,,,,0,,,0.0,3,7,7,,0,1791469200,1791468900,2,1,2,1,,,,0,,,,,,,,,,0,,external_public_source,winticket,https://www.winticket.jp/keirin/ogaki/racecard/2026100644/3/9,review_required,race_features_v1,片桐善也,A級,決勝,1625
094420261008,2026-10-08,大垣,9,15811,5,5,29,男,125,愛知,4,2,2,87.52,0.19,0.428,0.523,11,7,6,0,2,1,3.92,0,逃,3.1,10,1.5,1,,0.0,0.0,0.66,3.0,,,,0.0,0.16,0.16,0.08,12.0,0.28,0.25,0.12,32.0,,,,0.0,missing,winticket_line_prediction,provider_forecast_structure_only,,,,,0,,,0.0,3,7,7,,0,1791469200,1791468900,2,2,2,2,,,,0,,,,,,,,,,0,,external_public_source,winticket,https://www.winticket.jp/keirin/ogaki/racecard/2026100644/3/9,review_required,race_features_v1,水谷亮太,A級,決勝,1625
094420261008,2026-10-08,大垣,9,15447,6,6,27,男,117,岐阜,4,2,2,84.52,0.18,0.272,0.318,3,0,1,3,1,1,3.92,0,両,2.8,10,1.0,1,,0.16,0.0,0.0,6.0,,,,0.0,0.0,0.0,0.0,0.0,0.17,0.05,0.2,40.0,,,,0.0,missing,winticket_line_prediction,provider_forecast_structure_only,,,,,0,,,0.0,3,7,7,,0,1791469200,1791468900,2,2,2,1,,,,0,,,,,,,,,,0,,external_public_source,winticket,https://www.winticket.jp/keirin/ogaki/racecard/2026100644/3/9,review_required,race_features_v1,小浦凪,A級,決勝,1625
094420261008,2026-10-08,大垣,9,14091,7,6,41,男,90,福井,5,2,1,83.7,0.125,0.25,0.416,0,1,0,5,0,1,3.93,0,追,3.8,10,2.5,1,,0.0,0.33,0.33,3.0,,,,0.0,1.0,0.0,0.0,1.0,0.0,0.21,0.28,14.0,,,,0.0,missing,winticket_line_prediction,provider_forecast_structure_only,,,,,0,,,0.0,3,7,7,,0,1791469200,1791468900,2,1,2,1,,,,0,,,,,,,,,,0,,external_public_source,winticket,https://www.winticket.jp/keirin/ogaki/racecard/2026100644/3/9,review_required,race_features_v1,伊原弘幸,A級,決勝,1625
012520261008,2026-10-08,大宮,1,15798,1,1,26,男,125,埼玉,2,2,1,84.76,0.047,0.3329999999999999,0.38,9,4,5,1,1,0,3.92,1,逃,4.9,10,3.5,1,,0.0,0.0,0.2,5.0,,,,0.0,0.17,0.2,0.05,34.0,0.0,0.33,0.0,6.0,0.1,0.18,0.06,74.0,verified,winticket_line_prediction,provider_forecast_structure_only,1.0,1.0,3.0,1.0,3,二分戦,,0.0,3,7,7,,0,1791423900,1791423600,2,1,2,2,,,,0,,,,,,,,,,0,,external_public_source,winticket,https://www.winticket.jp/keirin/omiya/racecard/2026100625/3/1,review_required,race_features_v1,橋谷成海,A級,一般,1525
012520261008,2026-10-08,大宮,1,14828,2,2,37,男,100,三重,4,2,2,78.91,0.0,0.043,0.086,0,3,0,0,0,1,3.92,0,追,4.9,10,5.5,1,,0.0,0.0,0.0,8.0,,,,0.0,0.03,0.07,0.08,56.0,0.04,0.04,0.19,21.0,0.0,0.04,0.08,24.0,verified,winticket_line_prediction,provider_forecast_structure_only,2.0,1.0,1.0,1.0,3,二分戦,,0.0,3,7,7,,0,1791423900,1791423600,2,2,2,2,,,,0,,,,,,,,,,0,,external_public_source,winticket,https://www.winticket.jp/keirin/omiya/racecard/2026100625/3/1,review_required,race_features_v1,川口聖翔,A級,一般,1525
012520261008,2026-10-08,大宮,1,15735,3,3,24,男,123,愛媛,7,2,2,82.19,0.047,0.284,0.38,7,7,2,2,1,1,3.92,4,逃,4.3,10,4.0,1,,0.0,0.0,0.2,5.0,,,,0.0,0.16,0.23,0.06,30.0,0.16,0.16,0.16,18.0,0.13,0.16,0.08,61.0,verified,winticket_line_prediction,provider_forecast_structure_only,3.0,1.0,3.0,1.0,3,二分戦,,0.0,3,7,7,,0,1791423900,1791423600,2,2,2,2,,,,0,,,,,,,,,,0,,external_public_source,winticket,https://www.winticket.jp/keirin/omiya/racecard/2026100625/3/1,review_required,race_features_v1,岡本翔,A級,一般,1525
012520261008,2026-10-08,大宮,1,12800,4,4,52,男,73,群馬,2,2,2,82.11,0.111,0.222,0.444,1,0,0,3,0,1,3.86,3,追,3.7,10,5.0,1,,0.0,0.0,0.2,5.0,,,,0.0,0.07,0.1,0.17,39.0,0.0,0.0,0.33,3.0,0.05,0.05,0.29,34.0,verified,winticket_line_prediction,provider_forecast_structure_only,1.0,3.0,3.0,0.0,3,二分戦,,0.0,3,7,7,,0,1791423900,1791423600,2,2,2,2,,,,0,,,,,,,,,,0,,external_public_source,winticket,https://www.winticket.jp/keirin/omiya/racecard/2026100625/3/1,review_required,race_features_v1,豊田一馬,A級,一般,1525
012520261008,2026-10-08,大宮,1,14329,5,5,42,男,93,高知,7,2,2,81.4,0.15,0.15,0.2,0,0,0,3,0,0,3.92,0,追,4.6,10,5.0,1,,0.12,0.12,0.12,16.0,,,,0.0,0.09,0.05,0.13,52.0,0.09,0.0,0.0,11.0,0.12,0.12,0.08,24.0,verified,winticket_line_prediction,provider_forecast_structure_only,3.0,2.0,3.0,0.0,3,二分戦,,0.0,3,7,7,,0,1791423900,1791423600,2,2,2,2,,,,0,,,,,,,,,,0,,external_public_source,winticket,https://www.winticket.jp/keirin/omiya/racecard/2026100625/3/1,review_required,race_features_v1,阿部功,A級,一般,1525
012520261008,2026-10-08,大宮,1,12132,6,6,57,男,64,広島,6,2,2,78.03,0.0,0.0,0.0,0,0,0,0,0,0,3.92,0,追,5.8,10,6.5,1,,0.0,0.0,0.21,14.0,,,,0.0,0.01,0.01,0.15,64.0,0.04,0.0,0.26,23.0,0.0,0.0,0.14,41.0,verified,winticket_line_prediction,provider_forecast_structure_only,3.0,3.0,3.0,0.0,3,二分戦,,0.0,3,7,7,,0,1791423900,1791423600,2,2,2,3,,,,0,,,,,,,,,,0,,external_public_source,winticket,https://www.winticket.jp/keirin/omiya/racecard/2026100625/3/1,review_required,race_features_v1,甲斐下智,A級,一般,1525
012520261008,2026-10-08,大宮,1,13172,7,6,49,男,78,埼玉,2,2,2,80.13,0.0,0.086,0.13,0,2,0,0,0,2,3.92,2,追,4.3,10,3.0,1,,0.0,0.0,1.0,1.0,,,,0.0,0.02,0.14,0.19,41.0,0.0,0.26,0.2,15.0,0.02,0.12,0.26,49.0,verified,winticket_line_prediction,provider_forecast_structure_only,1.0,2.0,3.0,0.0,3,二分戦,,0.0,3,7,7,,0,1791423900,1791423600,2,2,2,1,,,,0,,,,,,,,,,0,,external_public_source,winticket,https://www.winticket.jp/keirin/omiya/racecard/2026100625/3/1,review_required,race_features_v1,金子周一郎,A級,一般,1525
022520261008,2026-10-08,大宮,2,14707,1,1,35,男,98,佐賀,8,2,2,81.75,0.15,0.15,0.35,0,2,0,3,0,0,3.92,4,両,4.2,10,6.0,1,,0.0,0.2,0.2,5.0,,,,0.0,0.11,0.06,0.2,43.0,0.17,0.05,0.11,17.0,0.07,0.0,0.14,14.0,verified,winticket_line_prediction,provider_forecast_structure_only,1.0,1.0,1.0,1.0,4,二分戦,,0.0,3,7,7,,0,1791425520,1791425220,2,2,2,2,,,,0,,,,,,,,,,0,,external_public_source,winticket,https://www.winticket.jp/keirin/omiya/racecard/2026100625/3/2,review_required,race_features_v1,飯塚直人,A級,一般,1525
022520261008,2026-10-08,大宮,2,13553,2,2,51,男,83,埼玉,2,2,2,82.07,0.073,0.147,0.259,0,0,0,3,0,1,3.92,0,追,4.6,10,2.0,1,,0.08,0.41,0.0,12.0,,,,0.0,0.15,0.13,0.02,46.0,0.14,0.19,0.0,21.0,0.23,0.14,0.02,42.0,verified,winticket_line_prediction,provider_forecast_structure_only,3.0,2.0,2.0,0.0,4,二分戦,,0.0,3,7,7,,0,1791425520,1791425220,2,2,2,2,,,,0,,,,,,,,,,0,,external_public_source,winticket,https://www.winticket.jp/keirin/omiya/racecard/2026100625/3/2,review_required,race_features_v1,小島雅章,A級,一般,1525
022520261008,2026-10-08,大宮,2,15618,3,3,29,男,121,神奈川,3,2,1,89.8,0.19,0.38,0.523,9,3,3,1,4,0,3.92,2,逃,3.3,10,5.5,1,,0.2,0.0,0.0,5.0,,,,0.0,0.4,0.26,0.13,15.0,0.16,0.05,0.27,18.0,0.19,0.19,0.17,76.0,verified,winticket_line_prediction,provider_forecast_structure_only,2.0,1.0,3.0,1.0,4,二分戦,,0.0,3,7,7,,0,1791425520,1791425220,2,1,2,1,,,,0,,,,,,,,,,0,,external_public_source,winticket,https://www.winticket.jp/keirin/omiya/racecard/2026100625/3/2,review_required,race_features_v1,高本和也,A級,一般,1525
022520261008,2026-10-08,大宮,2,14528,4,4,40,男,96,静岡,3,2,1,87.0,0.192,0.423,0.5760000000000001,0,3,0,7,0,4,3.92,1,追,3.5,10,5.5,1,,0.25,0.0,0.0,8.0,,,,0.0,0.3,0.39,0.17,23.0,0.15,0.31,0.1,19.0,0.17,0.31,0.08,57.0,verified,winticket_line_prediction,provider_forecast_structure_only,2.0,2.0,3.0,0.0,4,二分戦,,0.0,3,7,7,,0,1791425520,1791425220,2,1,2,1,,,,0,,,,,,,,,,0,,external_public_source,winticket,https://www.winticket.jp/keirin/omiya/racecard/2026100625/3/2,review_required,race_features_v1,落合達彦,A級,一般,1525
022520261008,2026-10-08,大宮,2,15883,5,5,21,男,127,埼玉,2,2,2,80.38,0.0,0.142,0.238,7,7,2,0,1,0,3.85,0,逃,4.3,10,5.0,1,,0.2,0.4,0.0,5.0,,,,0.0,0.13,0.3,0.13,23.0,0.36,0.27,0.18,11.0,0.26,0.24,0.14,82.0,verified,winticket_line_prediction,provider_forecast_structure_only,3.0,1.0,2.0,1.0,4,二分戦,,0.0,3,7,7,,0,1791425520,1791425220,2,2,2,3,,,,0,,,,,,,,,,0,,external_public_source,winticket,https://www.winticket.jp/keirin/omiya/racecard/2026100625/3/2,review_required,race_features_v1,吉田夢希斗,A級,一般,1525
022520261008,2026-10-08,大宮,2,12602,6,6,54,男,70,京都,5,2,2,78.66,0.0,0.0,0.125,0,0,0,0,0,0,3.92,0,追,5.222222222222222,10,7.0,1,,0.0,0.0,0.0,2.0,,,,0.0,0.05,0.0,0.22,40.0,0.08,0.08,0.25,12.0,0.0,0.0,0.0,4.0,verified,winticket_line_prediction,provider_forecast_structure_only,4.0,1.0,1.0,1.0,4,二分戦,,0.0,3,7,7,,0,1791425520,1791425220,2,2,2,2,,,,0,,,,,,,,,,0,,external_public_source,winticket,https://www.winticket.jp/keirin/omiya/racecard/2026100625/3/2,review_required,race_features_v1,吉村文隆,A級,一般,1525
022520261008,2026-10-08,大宮,2,13989,7,6,45,男,89,宮城,1,2,2,79.42,0.0,0.047,0.19,0,3,0,1,0,0,3.92,3,追,5.1,10,6.0,1,,0.0,0.0,0.0,4.0,,,,0.0,0.05,0.09,0.17,52.0,0.0,0.1,0.2,10.0,0.04,0.12,0.24,25.0,verified,winticket_line_prediction,provider_forecast_structure_only,2.0,3.0,3.0,0.0,4,二分戦,,0.0,3,7,7,,0,1791425520,1791425220,2,2,2,2,,,,0,,,,,,,,,,0,,external_public_source,winticket,https://www.winticket.jp/keirin/omiya/racecard/2026100625/3/2,review_required,race_features_v1,大泉英則,A級,一般,1525
032520261008,2026-10-08,大宮,3,14575,1,1,41,男,97,福島,1,2,2,83.81,0.111,0.147,0.3329999999999999,0,10,0,3,0,1,3.92,4,追,4.0,10,2.0,1,,0.0,0.1,0.2,10.0,,,,0.0,0.0,0.0,0.0,0.0,0.02,0.07,0.17,40.0,0.07,0.09,0.09,51.0,verified,winticket_line_prediction,provider_forecast_structure_only,1.0,2.0,3.0,0.0,4,二分戦,,0.0,3,7,7,,0,1791427200,1791426900,2,2,2,2,,,,0,,,,,,,,,,0,,external_public_source,winticket,https://www.winticket.jp/keirin/omiya/racecard/2026100625/3/3,review_required,race_features_v1,鈴木達也,A級,特選,1525
032520261008,2026-10-08,大宮,3,13332,2,2,49,男,80,岐阜,4,2,1,88.5,0.0,0.0,0.4,0,0,0,0,0,0,3.93,3,追,3.111111111111111,10,3.0,1,,0.37,0.25,0.0,8.0,,,,0.0,0.18,0.06,0.18,16.0,0.15,0.26,0.15,19.0,0.0,0.0,1.0,1.0,verified,winticket_line_prediction,provider_forecast_structure_only,2.0,1.0,1.0,1.0,4,二分戦,,0.0,3,7,7,,0,1791427200,1791426900,2,1,2,1,,,,0,,,,,,,,,,0,,external_public_source,winticket,https://www.winticket.jp/keirin/omiya/racecard/2026100625/3/3,review_required,race_features_v1,吉村和之,A級,特選,1525
032520261008,2026-10-08,大宮,3,15650,3,3,25,男,121,福岡,8,2,2,87.76,0.095,0.3329999999999999,0.523,12,4,3,0,4,0,3.92,2,逃,3.3,10,3.5,1,,0.36,0.09,0.0,11.0,,,,0.0,0.0,0.0,0.0,0.0,0.21,0.12,0.06,32.0,0.21,0.15,0.1,80.0,verified,winticket_line_prediction,provider_forecast_structure_only,3.0,1.0,2.0,1.0,4,二分戦,,0.0,3,7,7,,0,1791427200,1791426900,2,2,2,2,,,,0,,,,,,,,,,0,,external_public_source,winticket,https://www.winticket.jp/keirin/omiya/racecard/2026100625/3/3,review_required,race_features_v1,田代匠,A級,特選,1525
032520261008,2026-10-08,大宮,3,15513,4,4,31,男,119,福島,1,2,2,83.5,0.0579999999999999,0.351,0.529,4,4,2,1,2,1,3.92,0,逃,3.7777777777777777,10,3.5,1,,0.12,0.25,0.12,8.0,,,,0.0,0.0,0.0,0.0,0.0,0.05,0.33,0.05,18.0,0.13,0.16,0.09,73.0,verified,winticket_line_prediction,provider_forecast_structure_only,1.0,1.0,3.0,1.0,4,二分戦,,0.0,3,7,7,,0,1791427200,1791426900,2,2,2,1,,,,0,,,,,,,,,,0,,external_public_source,winticket,https://www.winticket.jp/keirin/omiya/racecard/2026100625/3/3,review_required,race_features_v1,菊池翔,A級,特選,1525
032520261008,2026-10-08,大宮,3,15559,5,5,33,男,119,福岡,8,2,1,93.19,0.3329999999999999,0.523,0.5710000000000001,1,1,0,8,1,2,3.92,1,逃,3.0,10,3.5,1,,0.25,0.12,0.37,8.0,,,,0.0,0.08,0.08,0.08,12.0,0.25,0.07,0.03,28.0,0.37,0.15,0.08,45.0,verified,winticket_line_prediction,provider_forecast_structure_only,3.0,2.0,2.0,0.0,4,二分戦,,0.0,3,7,7,,0,1791427200,1791426900,2,1,2,1,,,,0,,,,,,,,,,0,,external_public_source,winticket,https://www.winticket.jp/keirin/omiya/racecard/2026100625/3/3,review_required,race_features_v1,神開一輝,A級,特選,1525
032520261008,2026-10-08,大宮,3,15156,6,6,33,男,111,秋田,1,2,2,80.57,0.095,0.142,0.142,0,0,0,1,2,0,3.92,0,両,4.2,10,3.0,1,,0.2,0.0,0.0,5.0,,,,0.0,0.0,0.0,0.0,0.0,0.12,0.0,0.0,8.0,0.33,0.0,0.0,3.0,verified,winticket_line_prediction,provider_forecast_structure_only,1.0,3.0,3.0,0.0,4,二分戦,,0.0,3,7,7,,0,1791427200,1791426900,2,2,2,2,,,,0,,,,,,,,,,0,,external_public_source,winticket,https://www.winticket.jp/keirin/omiya/racecard/2026100625/3/3,review_required,race_features_v1,門脇翼,A級,特選,1525
032520261008,2026-10-08,大宮,3,13645,7,6,47,男,84,兵庫,5,2,1,86.5,0.0,0.208,0.583,0,2,0,4,0,1,3.92,0,追,4.0,10,4.0,1,,0.0,0.5,0.0,2.0,,,,0.0,0.0,0.0,0.0,0.0,0.0,0.11,0.23,17.0,0.0,0.14,0.0,7.0,verified,winticket_line_prediction,provider_forecast_structure_only,4.0,1.0,1.0,1.0,4,二分戦,,0.0,3,7,7,,0,1791427200,1791426900,2,1,2,1,,,,0,,,,,,,,,,0,,external_public_source,winticket,https://www.winticket.jp/keirin/omiya/racecard/2026100625/3/3,review_required,race_features_v1,川木敬大,A級,特選,1525
042520261008,2026-10-08,大宮,4,14410,1,1,37,男,94,広島,6,2,1,83.52,0.0579999999999999,0.294,0.47,0,0,0,3,0,2,3.92,4,追,2.9,10,3.5,1,,0.0,0.0,0.5,2.0,,,,0.0,0.0,0.0,0.0,1.0,0.02,0.08,0.08,34.0,0.0,0.05,0.0,19.0,verified,winticket_line_prediction,provider_forecast_structure_only,3.0,1.0,1.0,1.0,4,二分戦,,0.0,3,7,7,,0,1791428880,1791428580,2,1,1,2,,,,0,,,,,,,,,,0,,external_public_source,winticket,https://www.winticket.jp/keirin/omiya/racecard/2026100625/3/4,review_required,race_features_v1,桶谷明誉,A級,特選,1525
042520261008,2026-10-08,大宮,4,15507,2,2,33,男,119,宮城,1,2,1,87.45,0.125,0.416,0.541,10,6,4,3,2,1,3.92,2,逃,4.0,10,4.0,1,,0.12,0.12,0.0,8.0,,,,0.0,0.0,0.0,0.0,2.0,0.01,0.05,0.07,53.0,0.03,0.09,0.07,93.0,verified,winticket_line_prediction,provider_forecast_structure_only,1.0,1.0,3.0,1.0,4,二分戦,,0.0,3,7,7,,0,1791428880,1791428580,2,1,1,2,,,,0,,,,,,,,,,0,,external_public_source,winticket,https://www.winticket.jp/keirin/omiya/racecard/2026100625/3/4,review_required,race_features_v1,上遠野拓馬,A級,特選,1525
042520261008,2026-10-08,大宮,4,12886,3,3,52,男,74,静岡,3,2,1,89.07,0.0,0.142,0.285,0,1,0,0,0,2,3.92,0,追,4.888888888888889,10,5.5,1,,0.0,0.0,0.0,2.0,,,,0.0,0.0,0.0,0.0,4.0,0.0,0.0,0.17,35.0,0.05,0.1,0.15,39.0,verified,winticket_line_prediction,provider_forecast_structure_only,4.0,2.0,2.0,0.0,4,二分戦,,0.0,3,7,7,,0,1791428880,1791428580,2,1,1,2,,,,0,,,,,,,,,,0,,external_public_source,winticket,https://www.winticket.jp/keirin/omiya/racecard/2026100625/3/4,review_required,race_features_v1,中井達郎,A級,特選,1525
042520261008,2026-10-08,大宮,4,13275,4,4,49,男,79,東京,2,2,1,85.52,0.095,0.284,0.3329999999999999,0,2,0,2,0,4,3.93,3,追,3.8,10,3.5,1,,0.18,0.0,0.09,11.0,,,,0.0,0.0,0.4,0.2,5.0,0.11,0.15,0.19,26.0,0.0,0.17,0.29,17.0,verified,winticket_line_prediction,provider_forecast_structure_only,1.0,3.0,3.0,0.0,4,二分戦,,0.0,3,7,7,,0,1791428880,1791428580,2,1,2,1,,,,0,,,,,,,,,,0,,external_public_source,winticket,https://www.winticket.jp/keirin/omiya/racecard/2026100625/3/4,review_required,race_features_v1,渡辺航平,A級,特選,1525
042520261008,2026-10-08,大宮,4,12989,5,5,51,男,75,高知,7,2,1,84.38,0.095,0.142,0.38,0,10,0,2,0,1,3.92,0,追,2.9,10,3.0,1,,0.0,0.21,0.21,14.0,,,,0.0,0.0,0.0,0.0,0.0,0.0,0.21,0.17,23.0,0.0,0.0,0.33,3.0,verified,winticket_line_prediction,provider_forecast_structure_only,2.0,1.0,1.0,1.0,4,二分戦,,0.0,3,7,7,,0,1791428880,1791428580,2,1,2,1,,,,0,,,,,,,,,,0,,external_public_source,winticket,https://www.winticket.jp/keirin/omiya/racecard/2026100625/3/4,review_required,race_features_v1,森岡正臣,A級,特選,1525
042520261008,2026-10-08,大宮,4,13468,6,6,49,男,82,神奈川,3,2,2,79.44,0.073,0.111,0.185,6,0,3,0,0,0,3.92,0,両,5.3,10,4.5,1,,0.0,0.0,0.4,5.0,,,,0.0,0.0,0.0,0.0,0.0,0.11,0.05,0.17,35.0,0.16,0.12,0.09,72.0,verified,winticket_line_prediction,provider_forecast_structure_only,4.0,1.0,2.0,1.0,4,二分戦,,0.0,3,7,7,,0,1791428880,1791428580,2,2,2,2,,,,0,,,,,,,,,,0,,external_public_source,winticket,https://www.winticket.jp/keirin/omiya/racecard/2026100625/3/4,review_required,race_features_v1,勝俣亮,A級,特選,1525
042520261008,2026-10-08,大宮,4,13748,7,6,48,男,86,青森,1,2,1,91.87,0.166,0.3329999999999999,0.5,0,8,0,5,0,3,3.92,1,追,3.4,10,5.0,1,,0.0,0.0,0.0,2.0,,,,0.0,0.09,0.14,0.19,21.0,0.13,0.13,0.02,38.0,0.15,0.25,0.1,60.0,verified,winticket_line_prediction,provider_forecast_structure_only,1.0,2.0,3.0,0.0,4,二分戦,,0.0,3,7,7,,0,1791428880,1791428580,2,1,2,1,,,,0,,,,,,,,,,0,,external_public_source,winticket,https://www.winticket.jp/keirin/omiya/racecard/2026100625/3/4,review_required,race_features_v1,佐々木省司,A級,特選,1525
052520261008,2026-10-08,大宮,5,15864,1,1,21,女,126,香川,7,4,1,49.14,0.095,0.095,0.285,1,1,0,2,0,0,3.77,4,両,5.8,10,6.0,1,,0.06,0.0,0.06,16.0,,,,0.0,0.17,0.11,0.0,17.0,0.0,0.0,0.15,20.0,0.0,0.0,0.0,0.0,incomplete,winticket_line_prediction,provider_forecast_structure_only,2.0,1.0,1.0,1.0,7,細切れ,,0.0,3,6,7,2.0,0,1791430620,1791430320,4,1,4,1,,,,0,,,,,,,,,,0,,external_public_source,winticket,https://www.winticket.jp/keirin/omiya/racecard/2026100625/3/5,review_required,race_features_v1,田野口佳奈,L級,ガールズ一般,1525
052520261008,2026-10-08,大宮,5,15774,3,3,24,女,124,福岡,8,4,1,47.7,0.0,0.0,0.083,0,1,0,0,0,0,3.77,0,両,5.8,10,6.5,1,,0.0,0.07,0.21,14.0,,,,0.0,0.09,0.13,0.22,22.0,0.0,0.2,0.13,15.0,0.0,0.0,0.0,0.0,incomplete,winticket_line_prediction,provider_forecast_structure_only,4.0,1.0,1.0,1.0,7,細切れ,,0.0,3,6,7,2.0,0,1791430620,1791430320,4,1,4,1,,,,0,,,,,,,,,,0,,external_public_source,winticket,https://www.winticket.jp/keirin/omiya/racecard/2026100625/3/5,review_required,race_features_v1,金田舞夏,L級,ガールズ一般,1525
052520261008,2026-10-08,大宮,5,15399,4,4,27,女,116,神奈川,3,4,1,50.3,0.033,0.166,0.266,1,4,0,0,1,4,3.79,2,両,3.6,10,3.5,1,,0.2,0.0,0.4,5.0,,,,0.0,0.31,0.06,0.06,16.0,0.13,0.21,0.13,38.0,0.0,0.0,0.0,0.0,incomplete,winticket_line_prediction,provider_forecast_structure_only,3.0,1.0,1.0,1.0,7,細切れ,,0.0,3,6,7,2.0,0,1791430620,1791430320,4,1,4,1,,,,0,,,,,,,,,,0,,external_public_source,winticket,https://www.winticket.jp/keirin/omiya/racecard/2026100625/3/5,review_required,race_features_v1,高木佑真,L級,ガールズ一般,1525
052520261008,2026-10-08,大宮,5,15151,5,5,34,女,110,山口,6,4,1,49.75,0.0,0.0,0.083,0,0,0,0,0,0,3.77,3,両,4.3,10,4.0,1,,0.0,0.0,0.5,2.0,,,,0.0,0.2,0.1,0.0,10.0,0.2,0.0,0.2,5.0,0.0,0.0,0.0,0.0,incomplete,winticket_line_prediction,provider_forecast_structure_only,6.0,1.0,1.0,1.0,7,細切れ,,0.0,3,6,7,2.0,0,1791430620,1791430320,4,1,4,1,,,,0,,,,,,,,,,0,,external_public_source,winticket,https://www.winticket.jp/keirin/omiya/racecard/2026100625/3/5,review_required,race_features_v1,山本知佳,L級,ガールズ一般,1525
052520261008,2026-10-08,大宮,5,15498,6,6,26,女,118,山口,6,4,1,48.83,0.0,0.111,0.166,2,1,0,1,0,1,3.77,0,追,5.2,10,6.0,1,,0.12,0.12,0.12,8.0,,,,0.0,0.28,0.14,0.21,14.0,0.14,0.23,0.19,21.0,0.0,0.0,0.0,0.0,incomplete,winticket_line_prediction,provider_forecast_structure_only,7.0,1.0,1.0,1.0,7,細切れ,,0.0,3,6,7,2.0,0,1791430620,1791430320,4,1,4,1,,,,0,,,,,,,,,,0,,external_public_source,winticket,https://www.winticket.jp/keirin/omiya/racecard/2026100625/3/5,review_required,race_features_v1,國村美留莉,L級,ガールズ一般,1525
052520261008,2026-10-08,大宮,5,14905,7,6,46,女,102,新潟,2,4,1,49.88,0.152,0.23,0.307,10,11,3,0,3,0,3.77,1,逃,4.4,10,,3,,0.0,0.0,0.33,6.0,,,,0.0,0.23,0.17,0.29,17.0,0.05,0.1,0.1,38.0,0.0,0.0,0.0,0.0,incomplete,winticket_line_prediction,provider_forecast_structure_only,1.0,1.0,1.0,1.0,7,細切れ,,0.0,3,6,7,2.0,0,1791430620,1791430320,4,1,4,1,,,,0,,,,,,,,,,0,,external_public_source,winticket,https://www.winticket.jp/keirin/omiya/racecard/2026100625/3/5,review_required,race_features_v1,加瀬加奈子,L級,ガールズ一般,1525
062520261008,2026-10-08,大宮,6,15706,1,1,22,男,123,千葉,3,1,2,102.0,0.083,0.3329999999999999,0.4579999999999999,6,2,4,3,1,0,3.92,1,逃,5.2,10,6.0,1,,0.21,0.21,0.14,14.0,,,,0.0,0.16,0.22,0.12,31.0,0.17,0.17,0.12,39.0,0.17,0.15,0.11,76.0,verified,winticket_line_prediction,provider_forecast_structure_only,1.0,1.0,3.0,1.0,3,三分戦,,0.0,3,7,7,,0,1791432420,1791432120,1,2,1,2,,,,0,,,,,,,,,,0,,external_public_source,winticket,https://www.winticket.jp/keirin/omiya/racecard/2026100625/3/6,review_required,race_features_v1,山田駿斗,S級,一般,2025
062520261008,2026-10-08,大宮,6,14831,2,2,34,男,100,三重,4,1,2,99.04,0.08,0.16,0.44,3,6,1,1,2,0,3.92,4,両,4.5,10,5.5,1,,0.0,0.11,0.11,9.0,,,,0.0,0.07,0.2,0.15,53.0,0.03,0.16,0.15,59.0,0.03,0.15,0.17,52.0,verified,winticket_line_prediction,provider_forecast_structure_only,2.0,1.0,2.0,1.0,3,三分戦,,0.0,3,7,7,,0,1791432420,1791432120,1,2,1,2,,,,0,,,,,,,,,,0,,external_public_source,winticket,https://www.winticket.jp/keirin/omiya/racecard/2026100625/3/6,review_required,race_features_v1,伊藤裕貴,S級,一般,2025
062520261008,2026-10-08,大宮,6,15130,3,3,33,男,109,長崎,8,1,2,95.45,0.15,0.2,0.3,2,0,1,1,2,0,3.92,0,両,5.1,10,4.5,1,,0.0,0.11,0.33,9.0,,,,0.0,0.14,0.08,0.2,49.0,0.14,0.04,0.14,48.0,0.26,0.04,0.04,23.0,verified,winticket_line_prediction,provider_forecast_structure_only,3.0,2.0,2.0,0.0,3,三分戦,,0.0,3,7,7,,0,1791432420,1791432120,1,2,1,2,,,,0,,,,,,,,,,0,,external_public_source,winticket,https://www.winticket.jp/keirin/omiya/racecard/2026100625/3/6,review_required,race_features_v1,瀬戸栄作,S級,一般,2025
062520261008,2026-10-08,大宮,6,13976,4,4,45,男,89,北海道,1,1,2,96.39,0.035,0.178,0.25,0,0,0,2,0,3,3.92,3,追,5.5,10,5.0,1,,0.0,0.0,0.0,5.0,,,,0.0,0.15,0.23,0.11,26.0,0.12,0.29,0.09,31.0,0.0,0.14,0.09,21.0,verified,winticket_line_prediction,provider_forecast_structure_only,1.0,3.0,3.0,0.0,3,三分戦,,0.0,3,7,7,,0,1791432420,1791432120,1,2,2,2,,,,0,,,,,,,,,,0,,external_public_source,winticket,https://www.winticket.jp/keirin/omiya/racecard/2026100625/3/6,review_required,race_features_v1,明田春喜,S級,一般,2025
062520261008,2026-10-08,大宮,6,15727,5,5,27,男,123,岡山,6,1,2,95.2,0.08,0.16,0.36,11,1,4,0,0,0,3.92,0,逃,4.8,10,5.0,1,,0.2,0.0,0.4,5.0,,,,0.0,0.13,0.17,0.24,29.0,0.14,0.17,0.26,34.0,0.24,0.12,0.15,90.0,verified,winticket_line_prediction,provider_forecast_structure_only,3.0,1.0,2.0,1.0,3,三分戦,,0.0,3,7,7,,0,1791432420,1791432120,1,2,2,1,,,,0,,,,,,,,,,0,,external_public_source,winticket,https://www.winticket.jp/keirin/omiya/racecard/2026100625/3/6,review_required,race_features_v1,中原航大,S級,一般,2025
062520261008,2026-10-08,大宮,6,12688,6,6,52,男,71,奈良,5,1,2,94.07,0.0,0.038,0.115,0,0,0,0,0,1,3.92,0,追,5.2,10,5.0,1,,0.12,0.12,0.12,8.0,,,,0.0,0.0,0.09,0.09,31.0,0.05,0.11,0.11,36.0,0.04,0.23,0.08,47.0,verified,winticket_line_prediction,provider_forecast_structure_only,2.0,2.0,2.0,0.0,3,三分戦,,0.0,3,7,7,,0,1791432420,1791432120,1,2,2,1,,,,0,,,,,,,,,,0,,external_public_source,winticket,https://www.winticket.jp/keirin/omiya/racecard/2026100625/3/6,review_required,race_features_v1,佐藤成人,S級,一般,2025
062520261008,2026-10-08,大宮,6,14071,7,6,45,男,90,東京,2,1,2,98.4,0.045,0.18,0.318,0,2,0,2,0,2,3.92,2,追,5.1,10,4.5,1,,0.0,0.12,0.37,8.0,,,,0.0,0.1,0.16,0.13,37.0,0.05,0.1,0.2,39.0,0.09,0.14,0.13,61.0,verified,winticket_line_prediction,provider_forecast_structure_only,1.0,2.0,3.0,0.0,3,三分戦,,0.0,3,7,7,,0,1791432420,1791432120,1,2,1,1,,,,0,,,,,,,,,,0,,external_public_source,winticket,https://www.winticket.jp/keirin/omiya/racecard/2026100625/3/6,review_required,race_features_v1,朝倉佳弘,S級,一般,2025
072520261008,2026-10-08,大宮,7,14604,1,1,37,男,97,京都,5,1,2,97.45,0.136,0.2269999999999999,0.409,9,4,3,1,1,0,3.92,4,逃,5.2,10,5.5,1,,0.06,0.2,0.13,15.0,,,,0.0,0.11,0.13,0.11,43.0,0.1,0.1,0.1,47.0,0.09,0.12,0.12,77.0,verified,winticket_line_prediction,provider_forecast_structure_only,1.0,1.0,3.0,1.0,3,三分戦,,0.0,3,7,7,,0,1791434220,1791433920,1,2,1,2,,,,0,,,,,,,,,,0,,external_public_source,winticket,https://www.winticket.jp/keirin/omiya/racecard/2026100625/3/7,review_required,race_features_v1,菱田浩二,S級,一般,2025
072520261008,2026-10-08,大宮,7,15474,2,2,30,男,117,大分,8,1,1,108.63,0.09,0.18,0.318,5,6,1,0,2,1,3.93,1,逃,6.1,10,6.0,1,,0.11,0.11,0.11,9.0,,,,0.0,0.33,0.05,0.11,18.0,0.18,0.2,0.06,48.0,0.21,0.21,0.1,70.0,verified,winticket_line_prediction,provider_forecast_structure_only,2.0,1.0,2.0,1.0,3,三分戦,,0.0,3,7,7,,0,1791434220,1791433920,1,1,1,1,,,,0,,,,,,,,,,0,,external_public_source,winticket,https://www.winticket.jp/keirin/omiya/racecard/2026100625/3/7,review_required,race_features_v1,阿部将大,S級,一般,2025
072520261008,2026-10-08,大宮,7,15097,3,3,32,男,109,静岡,3,1,2,98.3,0.0,0.13,0.347,0,3,0,0,0,3,3.92,0,両,4.8,10,5.0,1,,0.0,0.0,0.0,3.0,,,,0.0,0.02,0.1,0.27,40.0,0.01,0.09,0.15,52.0,0.02,0.13,0.07,38.0,verified,winticket_line_prediction,provider_forecast_structure_only,3.0,2.0,2.0,0.0,3,三分戦,,0.0,3,7,7,,0,1791434220,1791433920,1,2,1,2,,,,0,,,,,,,,,,0,,external_public_source,winticket,https://www.winticket.jp/keirin/omiya/racecard/2026100625/3/7,review_required,race_features_v1,長谷部翔,S級,一般,2025
072520261008,2026-10-08,大宮,7,14310,4,4,43,男,93,奈良,5,1,2,98.68,0.0,0.12,0.36,0,1,0,0,0,3,3.92,3,追,4.1,10,5.0,1,,0.0,0.25,0.12,8.0,,,,0.0,0.03,0.17,0.34,29.0,0.02,0.15,0.17,39.0,0.01,0.26,0.21,52.0,verified,winticket_line_prediction,provider_forecast_structure_only,1.0,2.0,3.0,0.0,3,三分戦,,0.0,3,7,7,,0,1791434220,1791433920,1,2,2,1,,,,0,,,,,,,,,,0,,external_public_source,winticket,https://www.winticket.jp/keirin/omiya/racecard/2026100625/3/7,review_required,race_features_v1,三谷政史,S級,一般,2025
072520261008,2026-10-08,大宮,7,14268,5,5,42,男,92,佐賀,8,1,2,99.19,0.095,0.3329999999999999,0.428,0,7,0,4,0,3,3.92,2,追,3.8,10,4.5,1,,0.0,0.16,0.33,12.0,,,,0.0,0.06,0.24,0.22,50.0,0.02,0.18,0.18,69.0,0.05,0.21,0.21,71.0,verified,winticket_line_prediction,provider_forecast_structure_only,2.0,2.0,2.0,0.0,3,三分戦,,0.0,3,7,7,,0,1791434220,1791433920,1,2,1,2,,,,0,,,,,,,,,,0,,external_public_source,winticket,https://www.winticket.jp/keirin/omiya/racecard/2026100625/3/7,review_required,race_features_v1,山口貴弘,S級,一般,2025
072520261008,2026-10-08,大宮,7,14481,6,6,41,男,95,兵庫,5,1,2,94.23,0.0289999999999999,0.0579999999999999,0.147,0,1,0,1,0,1,3.92,0,追,4.9,10,6.0,1,,0.18,0.18,0.09,11.0,,,,0.0,0.05,0.08,0.08,34.0,0.02,0.16,0.1,37.0,0.0,0.04,0.16,25.0,verified,winticket_line_prediction,provider_forecast_structure_only,1.0,3.0,3.0,0.0,3,三分戦,,0.0,3,7,7,,0,1791434220,1791433920,1,2,2,1,,,,0,,,,,,,,,,0,,external_public_source,winticket,https://www.winticket.jp/keirin/omiya/racecard/2026100625/3/7,review_required,race_features_v1,徳丸泰教,S級,一般,2025
072520261008,2026-10-08,大宮,7,15786,7,6,27,男,125,福島,1,1,2,95.57,0.105,0.157,0.315,6,2,2,0,1,0,3.92,0,逃,6.1,10,7.0,1,,0.0,0.0,0.0,2.0,,,,0.0,0.25,0.0,0.12,16.0,0.23,0.04,0.28,21.0,0.38,0.12,0.11,71.0,verified,winticket_line_prediction,provider_forecast_structure_only,3.0,1.0,2.0,1.0,3,三分戦,,0.0,3,7,7,,0,1791434220,1791433920,1,2,2,2,,,,0,,,,,,,,,,0,,external_public_source,winticket,https://www.winticket.jp/keirin/omiya/racecard/2026100625/3/7,review_required,race_features_v1,角田光,S級,一般,2025
082520261008,2026-10-08,大宮,8,14811,1,1,34,男,100,埼玉,2,1,2,96.28,0.142,0.214,0.285,5,2,1,3,2,0,3.92,2,逃,5.0,10,4.0,1,,0.2,0.4,0.2,5.0,,,,0.0,0.28,0.14,0.0,7.0,0.3,0.12,0.05,39.0,0.35,0.21,0.0,14.0,verified,winticket_line_prediction,provider_forecast_structure_only,1.0,2.0,3.0,0.0,3,三分戦,,0.0,3,7,7,,0,1791436020,1791435720,1,2,1,2,,,,0,,,,,,,,,,0,,external_public_source,winticket,https://www.winticket.jp/keirin/omiya/racecard/2026100625/3/8,review_required,race_features_v1,笠松将太,S級,特選,2025
082520261008,2026-10-08,大宮,8,13804,2,2,49,男,86,徳島,7,1,1,102.18,0.136,0.363,0.4539999999999999,0,2,0,6,0,2,3.92,4,追,4.2,10,4.0,1,,0.25,0.08,0.08,12.0,,,,0.0,0.5,0.0,0.0,2.0,0.12,0.18,0.16,48.0,0.16,0.25,0.08,48.0,verified,winticket_line_prediction,provider_forecast_structure_only,2.0,2.0,2.0,0.0,3,三分戦,,0.0,3,7,7,,0,1791436020,1791435720,1,1,1,1,,,,0,,,,,,,,,,0,,external_public_source,winticket,https://www.winticket.jp/keirin/omiya/racecard/2026100625/3/8,review_required,race_features_v1,湊聖二,S級,特選,2025
082520261008,2026-10-08,大宮,8,13862,3,3,46,男,87,愛知,4,1,2,98.92,0.076,0.115,0.23,0,4,0,1,1,1,3.92,0,追,5.2,10,4.5,1,,0.0,0.0,0.0,9.0,,,,0.0,0.0,0.0,0.0,0.0,0.07,0.01,0.21,69.0,0.09,0.04,0.07,41.0,verified,winticket_line_prediction,provider_forecast_structure_only,3.0,2.0,2.0,0.0,3,三分戦,,0.0,3,7,7,,0,1791436020,1791435720,1,2,1,2,,,,0,,,,,,,,,,0,,external_public_source,winticket,https://www.winticket.jp/keirin/omiya/racecard/2026100625/3/8,review_required,race_features_v1,鈴木伸之,S級,特選,2025
082520261008,2026-10-08,大宮,8,15211,4,4,30,男,111,長崎,8,1,2,101.69,0.461,0.5,0.5760000000000001,5,13,2,0,11,0,3.93,3,逃,3.2,10,3.0,1,,0.33,0.0,0.0,3.0,,,,0.0,0.0,0.0,0.0,0.0,0.27,0.13,0.08,58.0,0.27,0.09,0.08,84.0,verified,winticket_line_prediction,provider_forecast_structure_only,3.0,1.0,2.0,1.0,3,三分戦,,0.0,3,7,7,,0,1791436020,1791435720,1,2,1,2,,,,0,,,,,,,,,,0,,external_public_source,winticket,https://www.winticket.jp/keirin/omiya/racecard/2026100625/3/8,review_required,race_features_v1,平尾一晃,S級,特選,2025
082520261008,2026-10-08,大宮,8,15468,5,5,29,男,117,愛媛,7,1,2,100.14,0.147,0.259,0.407,6,11,1,2,3,1,3.92,0,両,4.1,10,3.0,1,,0.22,0.11,0.22,9.0,,,,0.0,0.4,0.4,0.2,5.0,0.21,0.12,0.2,55.0,0.19,0.12,0.14,71.0,verified,winticket_line_prediction,provider_forecast_structure_only,2.0,1.0,2.0,1.0,3,三分戦,,0.0,3,7,7,,0,1791436020,1791435720,1,2,1,2,,,,0,,,,,,,,,,0,,external_public_source,winticket,https://www.winticket.jp/keirin/omiya/racecard/2026100625/3/8,review_required,race_features_v1,和泉尚吾,S級,特選,2025
082520261008,2026-10-08,大宮,8,13394,6,6,47,男,81,栃木,2,1,2,93.21,0.0,0.0,0.1,0,0,0,0,0,0,3.92,0,追,4.5,10,2.5,1,,0.28,0.14,0.0,7.0,,,,0.0,0.07,0.0,0.15,13.0,0.08,0.08,0.13,36.0,0.05,0.0,0.15,19.0,verified,winticket_line_prediction,provider_forecast_structure_only,1.0,3.0,3.0,0.0,3,三分戦,,0.0,3,7,7,,0,1791436020,1791435720,1,2,2,1,,,,0,,,,,,,,,,0,,external_public_source,winticket,https://www.winticket.jp/keirin/omiya/racecard/2026100625/3/8,review_required,race_features_v1,飯嶋則之,S級,特選,2025
082520261008,2026-10-08,大宮,8,15799,7,6,25,男,125,埼玉,2,1,2,108.55,0.25,0.35,0.45,12,7,3,1,3,0,3.92,1,逃,4.3,10,2.5,1,,0.23,0.15,0.15,13.0,,,,0.0,0.14,0.14,0.0,7.0,0.25,0.09,0.13,44.0,0.27,0.11,0.11,80.0,verified,winticket_line_prediction,provider_forecast_structure_only,1.0,1.0,3.0,1.0,3,三分戦,,0.0,3,7,7,,0,1791436020,1791435720,1,2,1,1,,,,0,,,,,,,,,,0,,external_public_source,winticket,https://www.winticket.jp/keirin/omiya/racecard/2026100625/3/8,review_required,race_features_v1,森田一郎,S級,特選,2025
092520261008,2026-10-08,大宮,9,15815,1,1,29,男,125,岐阜,4,1,2,105.8,0.18,0.272,0.4539999999999999,0,0,0,1,2,0,3.92,1,逃,4.888888888888889,10,3.5,1,,0.16,0.0,0.33,6.0,,,,0.0,0.5,0.0,0.0,2.0,0.22,0.13,0.15,58.0,0.28,0.14,0.14,7.0,verified,winticket_line_prediction,provider_forecast_structure_only,1.0,2.0,2.0,0.0,3,三分戦,,0.0,3,7,7,,0,1791437820,1791437520,1,2,1,2,,,,0,,,,,,,,,,0,,external_public_source,winticket,https://www.winticket.jp/keirin/omiya/racecard/2026100625/3/9,review_required,race_features_v1,栗山和樹,S級,特選,2025
092520261008,2026-10-08,大宮,9,15527,2,2,36,男,119,神奈川,3,1,2,105.44,0.166,0.5,0.611,8,4,4,0,5,0,3.92,2,逃,3.0,10,4.0,1,,0.11,0.0,0.11,9.0,,,,0.0,0.71,0.14,0.0,7.0,0.44,0.2,0.11,34.0,0.55,0.16,0.05,54.0,verified,winticket_line_prediction,provider_forecast_structure_only,2.0,1.0,2.0,1.0,3,三分戦,,0.0,3,7,7,,0,1791437820,1791437520,1,2,1,2,,,,0,,,,,,,,,,0,,external_public_source,winticket,https://www.winticket.jp/keirin/omiya/racecard/2026100625/3/9,review_required,race_features_v1,北井佑季,S級,特選,2025
092520261008,2026-10-08,大宮,9,15197,3,3,29,男,111,徳島,7,1,2,102.16,0.166,0.166,0.291,1,2,0,1,3,0,3.92,0,両,4.7,10,3.0,1,,0.16,0.0,0.11,18.0,,,,0.0,0.0,0.0,0.0,1.0,0.25,0.08,0.09,71.0,0.27,0.08,0.1,58.0,verified,winticket_line_prediction,provider_forecast_structure_only,3.0,1.0,3.0,1.0,3,三分戦,,0.0,3,7,7,,0,1791437820,1791437520,1,2,1,2,,,,0,,,,,,,,,,0,,external_public_source,winticket,https://www.winticket.jp/keirin/omiya/racecard/2026100625/3/9,review_required,race_features_v1,川口雄太,S級,特選,2025
092520261008,2026-10-08,大宮,9,15186,4,4,28,男,111,和歌山,5,1,1,104.44,0.12,0.24,0.4,13,11,4,1,0,1,3.93,3,逃,3.7,10,4.0,1,,0.14,0.21,0.21,14.0,,,,0.0,0.0,0.42,0.14,7.0,0.17,0.17,0.07,56.0,0.22,0.14,0.1,67.0,verified,winticket_line_prediction,provider_forecast_structure_only,1.0,1.0,2.0,1.0,3,三分戦,,0.0,3,7,7,,0,1791437820,1791437520,1,1,1,2,,,,0,,,,,,,,,,0,,external_public_source,winticket,https://www.winticket.jp/keirin/omiya/racecard/2026100625/3/9,review_required,race_features_v1,南潤,S級,特選,2025
092520261008,2026-10-08,大宮,9,14622,5,5,38,男,97,愛媛,7,1,2,96.75,0.034,0.102,0.413,0,2,0,2,0,1,3.92,0,追,4.0,10,3.0,1,,0.2,0.2,0.0,5.0,,,,0.0,0.1,0.0,0.3,10.0,0.14,0.17,0.17,35.0,0.18,0.2,0.09,44.0,verified,winticket_line_prediction,provider_forecast_structure_only,3.0,2.0,3.0,0.0,3,三分戦,,0.0,3,7,7,,0,1791437820,1791437520,1,2,2,1,,,,0,,,,,,,,,,0,,external_public_source,winticket,https://www.winticket.jp/keirin/omiya/racecard/2026100625/3/9,review_required,race_features_v1,高市訓但,S級,特選,2025
092520261008,2026-10-08,大宮,9,13438,6,6,52,男,81,広島,6,1,2,95.78,0.071,0.107,0.25,0,5,0,2,0,1,3.92,0,追,4.2,10,3.5,1,,0.0,0.2,0.4,5.0,,,,0.0,0.0,0.13,0.13,15.0,0.11,0.2,0.13,44.0,0.05,0.0,0.29,17.0,verified,winticket_line_prediction,provider_forecast_structure_only,3.0,3.0,3.0,0.0,3,三分戦,,0.0,3,7,7,,0,1791437820,1791437520,1,2,2,1,,,,0,,,,,,,,,,0,,external_public_source,winticket,https://www.winticket.jp/keirin/omiya/racecard/2026100625/3/9,review_required,race_features_v1,前反祐一郎,S級,特選,2025
092520261008,2026-10-08,大宮,9,13669,7,6,47,男,85,北海道,1,1,2,102.66,0.0,0.3329999999999999,0.6659999999999999,0,0,0,0,0,2,3.92,4,追,3.333333333333333,10,3.5,1,,0.5,0.0,0.0,2.0,,,,0.0,0.0,0.0,0.0,0.0,0.11,0.25,0.14,35.0,0.14,0.26,0.08,34.0,verified,winticket_line_prediction,provider_forecast_structure_only,2.0,2.0,2.0,0.0,3,三分戦,,0.0,3,7,7,,0,1791437820,1791437520,1,2,1,2,,,,0,,,,,,,,,,0,,external_public_source,winticket,https://www.winticket.jp/keirin/omiya/racecard/2026100625/3/9,review_required,race_features_v1,荒澤貴史,S級,特選,2025
102520261008,2026-10-08,大宮,10,15429,1,1,26,男,117,埼玉,2,2,1,89.0,0.3329999999999999,0.5,0.583,1,0,0,9,2,1,3.92,3,逃,3.4,10,4.0,1,,0.0,0.5,0.0,2.0,,,,0.0,0.0,0.25,0.25,8.0,0.11,0.11,0.17,17.0,0.26,0.2,0.14,50.0,verified,winticket_line_prediction,provider_forecast_structure_only,2.0,1.0,2.0,1.0,4,三分戦,,0.0,3,7,7,,0,1791439620,1791439320,2,1,2,1,,,,0,,,,,,,,,,0,,external_public_source,winticket,https://www.winticket.jp/keirin/omiya/racecard/2026100625/3/10,review_required,race_features_v1,山田雄大,A級,決勝,1525
102520261008,2026-10-08,大宮,10,13817,2,2,45,男,86,大分,8,2,2,85.61,0.111,0.222,0.3879999999999999,0,1,0,2,0,2,3.93,0,追,3.5,10,1.0,1,,0.37,0.12,0.12,8.0,,,,0.0,0.0,0.0,0.0,0.0,0.17,0.17,0.17,17.0,0.14,0.11,0.08,35.0,verified,winticket_line_prediction,provider_forecast_structure_only,4.0,2.0,2.0,0.0,4,三分戦,,0.0,3,7,7,,0,1791439620,1791439320,2,2,2,2,,,,0,,,,,,,,,,0,,external_public_source,winticket,https://www.winticket.jp/keirin/omiya/racecard/2026100625/3/10,review_required,race_features_v1,吉川裕二,A級,決勝,1525
102520261008,2026-10-08,大宮,10,15365,3,3,35,男,115,和歌山,5,2,1,96.0,0.57,0.7609999999999999,0.7609999999999999,2,10,1,6,6,3,3.93,1,両,1.5,10,1.5,1,,0.5,0.5,0.0,2.0,,,,0.0,0.4,0.1,0.1,10.0,0.34,0.17,0.12,47.0,0.35,0.27,0.07,40.0,verified,winticket_line_prediction,provider_forecast_structure_only,1.0,2.0,2.0,0.0,4,三分戦,,0.0,3,7,7,,0,1791439620,1791439320,2,1,1,2,,,,0,,,,,,,,,,0,,external_public_source,winticket,https://www.winticket.jp/keirin/omiya/racecard/2026100625/3/10,review_required,race_features_v1,古賀勝大,A級,決勝,1525
102520261008,2026-10-08,大宮,10,15285,4,4,34,男,113,徳島,7,2,1,92.33,0.29,0.416,0.583,0,2,0,7,3,0,3.92,2,逃,3.2,10,1.5,1,,0.35,0.17,0.11,17.0,,,,0.0,0.27,0.09,0.04,22.0,0.16,0.16,0.16,25.0,0.33,0.11,0.0,9.0,verified,winticket_line_prediction,provider_forecast_structure_only,3.0,1.0,1.0,1.0,4,三分戦,,0.0,3,7,7,,0,1791439620,1791439320,2,1,2,1,,,,0,,,,,,,,,,0,,external_public_source,winticket,https://www.winticket.jp/keirin/omiya/racecard/2026100625/3/10,review_required,race_features_v1,久樹克門,A級,決勝,1525
102520261008,2026-10-08,大宮,10,15185,5,5,28,男,111,和歌山,5,2,2,85.13,0.062,0.25,0.625,4,5,1,1,2,0,3.92,0,逃,3.4444444444444446,10,2.0,1,,0.07,0.21,0.14,14.0,,,,0.0,0.33,0.33,0.0,3.0,0.12,0.21,0.28,32.0,0.11,0.21,0.25,70.0,verified,winticket_line_prediction,provider_forecast_structure_only,1.0,1.0,2.0,1.0,4,三分戦,,0.0,3,7,7,,0,1791439620,1791439320,2,2,2,1,,,,0,,,,,,,,,,0,,external_public_source,winticket,https://www.winticket.jp/keirin/omiya/racecard/2026100625/3/10,review_required,race_features_v1,布居大地,A級,決勝,1525
102520261008,2026-10-08,大宮,10,14079,6,6,46,男,90,千葉,3,2,2,80.66,0.047,0.095,0.238,0,2,0,1,1,0,3.92,0,追,3.6,10,1.5,1,,0.18,0.09,0.09,11.0,,,,0.0,0.0,0.0,0.0,1.0,0.11,0.11,0.11,17.0,0.15,0.12,0.15,39.0,verified,winticket_line_prediction,provider_forecast_structure_only,2.0,2.0,2.0,0.0,4,三分戦,,0.0,3,7,7,,0,1791439620,1791439320,2,2,2,3,,,,0,,,,,,,,,,0,,external_public_source,winticket,https://www.winticket.jp/keirin/omiya/racecard/2026100625/3/10,review_required,race_features_v1,江本博明,A級,決勝,1525
102520261008,2026-10-08,大宮,10,14267,7,6,38,男,92,佐賀,8,2,1,86.34,0.304,0.434,0.521,9,0,5,0,5,0,3.93,4,逃,3.1,10,1.5,1,,0.37,0.37,0.12,8.0,,,,0.0,0.0,0.0,0.33,3.0,0.34,0.17,0.04,23.0,0.3,0.19,0.06,91.0,verified,winticket_line_prediction,provider_forecast_structure_only,4.0,1.0,2.0,1.0,4,三分戦,,0.0,3,7,7,,0,1791439620,1791439320,2,1,2,1,,,,0,,,,,,,,,,0,,external_public_source,winticket,https://www.winticket.jp/keirin/omiya/racecard/2026100625/3/10,review_required,race_features_v1,一ノ瀬匠,A級,決勝,1525
112520261008,2026-10-08,大宮,11,15218,1,1,32,女,112,埼玉,2,4,1,58.71,0.713,0.857,0.952,9,1,2,0,14,2,3.79,1,逃,1.0,10,1.0,1,,1.0,0.0,0.0,11.0,,,,0.0,0.72,0.12,0.04,25.0,0.9,0.0,0.05,20.0,0.0,0.0,0.0,0.0,verified,winticket_line_prediction,provider_forecast_structure_only,1.0,1.0,1.0,1.0,7,細切れ,,0.0,3,7,7,,0,1791441480,1791441180,4,1,4,1,,,,0,,,,,,,,,,0,,external_public_source,winticket,https://www.winticket.jp/keirin/omiya/racecard/2026100625/3/11,review_required,race_features_v1,太田りゆ,L級,ガールズ決勝,1525
112520261008,2026-10-08,大宮,11,15402,2,2,26,女,116,福島,1,4,1,50.2,0.083,0.125,0.375,0,0,0,2,0,1,3.77,0,両,3.8,10,3.5,1,,0.0,0.0,0.5,2.0,,,,0.0,0.0,0.0,0.25,4.0,0.08,0.08,0.08,12.0,0.0,0.0,0.0,0.0,verified,winticket_line_prediction,provider_forecast_structure_only,2.0,1.0,1.0,1.0,7,細切れ,,0.0,3,7,7,,0,1791441480,1791441180,4,1,4,1,,,,0,,,,,,,,,,0,,external_public_source,winticket,https://www.winticket.jp/keirin/omiya/racecard/2026100625/3/11,review_required,race_features_v1,鈴木樹里,L級,ガールズ決勝,1525
112520261008,2026-10-08,大宮,11,14902,3,3,45,女,102,東京,2,4,1,51.16,0.0,0.142,0.285,0,0,0,0,0,1,3.79,0,追,4.222222222222222,10,3.5,1,,0.0,0.12,0.37,8.0,,,,0.0,0.0,0.0,0.2,15.0,0.16,0.05,0.27,18.0,0.0,0.0,0.0,0.0,verified,winticket_line_prediction,provider_forecast_structure_only,4.0,1.0,1.0,1.0,7,細切れ,,0.0,3,7,7,,0,1791441480,1791441180,4,1,4,1,,,,0,,,,,,,,,,0,,external_public_source,winticket,https://www.winticket.jp/keirin/omiya/racecard/2026100625/3/11,review_required,race_features_v1,中村由香里,L級,ガールズ決勝,1525
112520261008,2026-10-08,大宮,11,15492,4,4,26,女,118,愛知,4,4,1,54.04,0.19,0.475,0.7609999999999999,0,3,0,3,2,5,3.77,4,両,2.3,10,3.0,1,,0.0,0.5,0.0,2.0,,,,0.0,0.08,0.16,0.28,25.0,0.15,0.19,0.15,26.0,0.0,0.0,0.0,0.0,verified,winticket_line_prediction,provider_forecast_structure_only,5.0,1.0,1.0,1.0,7,細切れ,,0.0,3,7,7,,0,1791441480,1791441180,4,1,4,1,,,,0,,,,,,,,,,0,,external_public_source,winticket,https://www.winticket.jp/keirin/omiya/racecard/2026100625/3/11,review_required,race_features_v1,永禮美瑠,L級,ガールズ決勝,1525
112520261008,2026-10-08,大宮,11,15944,5,5,23,女,128,静岡,3,4,1,49.83,0.0,0.0409999999999999,0.291,1,8,0,0,1,0,3.77,0,両,3.7,10,3.5,1,,0.0,0.2,0.0,5.0,,,,0.0,0.0,0.0,0.0,7.0,0.0,0.11,0.05,18.0,0.0,0.0,0.0,0.0,verified,winticket_line_prediction,provider_forecast_structure_only,3.0,1.0,1.0,1.0,7,細切れ,,0.0,3,7,7,,0,1791441480,1791441180,4,1,4,1,,,,0,,,,,,,,,,0,,external_public_source,winticket,https://www.winticket.jp/keirin/omiya/racecard/2026100625/3/11,review_required,race_features_v1,赤池七虹,L級,ガールズ決勝,1525
112520261008,2026-10-08,大宮,11,15392,6,6,29,女,116,沖縄,8,4,1,54.8,0.28,0.6,0.72,10,0,4,1,8,2,3.77,3,逃,2.4,10,2.0,1,,0.27,0.45,0.09,11.0,,,,0.0,0.13,0.1,0.1,29.0,0.11,0.38,0.17,34.0,0.0,0.0,0.0,0.0,verified,winticket_line_prediction,provider_forecast_structure_only,6.0,1.0,1.0,1.0,7,細切れ,,0.0,3,7,7,,0,1791441480,1791441180,4,1,4,1,,,,0,,,,,,,,,,0,,external_public_source,winticket,https://www.winticket.jp/keirin/omiya/racecard/2026100625/3/11,review_required,race_features_v1,加藤舞,L級,ガールズ決勝,1525
112520261008,2026-10-08,大宮,11,15311,7,6,29,女,114,福井,5,4,1,58.08,0.615,0.769,0.769,5,0,2,0,8,0,3.79,2,両,2.333333333333333,10,1.0,1,,1.0,0.0,0.0,2.0,,,,0.0,0.66,0.23,0.04,21.0,0.66,0.05,0.16,18.0,0.0,0.0,0.0,0.0,verified,winticket_line_prediction,provider_forecast_structure_only,7.0,1.0,1.0,1.0,7,細切れ,,0.0,3,7,7,,0,1791441480,1791441180,4,1,4,1,,,,0,,,,,,,,,,0,,external_public_source,winticket,https://www.winticket.jp/keirin/omiya/racecard/2026100625/3/11,review_required,race_features_v1,柳原真緒,L級,ガールズ決勝,1525
122520261008,2026-10-08,大宮,12,14580,1,1,42,男,97,埼玉,2,1,1,100.07,0.073,0.3329999999999999,0.407,1,3,0,3,1,5,3.93,4,追,3.7,10,3.5,1,,0.33,0.0,0.0,6.0,,,,0.0,0.0,0.0,0.0,2.0,0.12,0.18,0.06,16.0,0.0,0.09,0.36,11.0,verified,winticket_line_prediction,provider_forecast_structure_only,1.0,3.0,4.0,0.0,3,二分戦,,0.0,3,7,7,,0,1791443640,1791443340,1,1,1,1,,,,0,,,,,,,,,,0,,external_public_source,winticket,https://www.winticket.jp/keirin/omiya/racecard/2026100625/3/12,review_required,race_features_v1,久木原洋,S級,決勝,2025
122520261008,2026-10-08,大宮,12,13619,2,2,49,男,84,宮城,1,1,1,103.82,0.102,0.275,0.413,0,0,0,5,0,3,3.92,0,追,3.0,10,2.0,1,,0.2,0.4,0.2,5.0,,,,0.0,0.0,0.14,0.42,7.0,0.11,0.29,0.18,27.0,0.18,0.27,0.12,54.0,verified,winticket_line_prediction,provider_forecast_structure_only,3.0,2.0,2.0,0.0,3,二分戦,,0.0,3,7,7,,0,1791443640,1791443340,1,1,1,1,,,,0,,,,,,,,,,0,,external_public_source,winticket,https://www.winticket.jp/keirin/omiya/racecard/2026100625/3/12,review_required,race_features_v1,竹内智彦,S級,決勝,2025
122520261008,2026-10-08,大宮,12,15794,3,3,23,男,125,栃木,2,1,2,104.42,0.3329999999999999,0.5329999999999999,0.5329999999999999,6,0,3,2,3,0,3.92,3,逃,2.9,10,1.5,1,,0.33,0.22,0.11,9.0,,,,0.0,0.0,0.4,0.0,5.0,0.2,0.26,0.11,34.0,0.27,0.19,0.1,68.0,verified,winticket_line_prediction,provider_forecast_structure_only,1.0,1.0,4.0,1.0,3,二分戦,,0.0,3,7,7,,0,1791443640,1791443340,1,2,1,2,,,,0,,,,,,,,,,0,,external_public_source,winticket,https://www.winticket.jp/keirin/omiya/racecard/2026100625/3/12,review_required,race_features_v1,福田稔希,S級,決勝,2025
122520261008,2026-10-08,大宮,12,15289,4,4,31,男,113,栃木,2,1,1,97.62,0.073,0.147,0.222,8,1,3,0,1,0,3.92,1,逃,5.8,10,4.5,1,,0.16,0.08,0.08,12.0,,,,0.0,0.2,0.2,0.4,5.0,0.15,0.06,0.06,33.0,0.3,0.0,0.0,10.0,verified,winticket_line_prediction,provider_forecast_structure_only,1.0,2.0,4.0,0.0,3,二分戦,,0.0,3,7,7,,0,1791443640,1791443340,1,1,1,1,,,,0,,,,,,,,,,0,,external_public_source,winticket,https://www.winticket.jp/keirin/omiya/racecard/2026100625/3/12,review_required,race_features_v1,橋本瑠偉,S級,決勝,2025
122520261008,2026-10-08,大宮,12,15444,5,5,25,男,117,静岡,3,1,1,110.72,0.217,0.434,0.652,5,7,1,2,6,1,3.92,2,両,2.333333333333333,10,1.0,1,,0.55,0.11,0.0,9.0,,,,0.0,0.05,0.31,0.1,19.0,0.36,0.19,0.21,41.0,0.0,0.25,0.0,4.0,verified,winticket_line_prediction,provider_forecast_structure_only,2.0,1.0,1.0,1.0,3,二分戦,,0.0,3,7,7,,0,1791443640,1791443340,1,1,1,1,,,,0,,,,,,,,,,0,,external_public_source,winticket,https://www.winticket.jp/keirin/omiya/racecard/2026100625/3/12,review_required,race_features_v1,渡邉雅也,S級,決勝,2025
122520261008,2026-10-08,大宮,12,14065,6,6,43,男,90,群馬,2,1,2,95.96,0.068,0.1369999999999999,0.206,0,1,0,2,0,2,3.92,0,追,4.8,10,2.5,1,,0.0,0.2,0.4,5.0,,,,0.0,0.3,0.15,0.3,13.0,0.14,0.14,0.11,34.0,0.09,0.16,0.22,31.0,verified,winticket_line_prediction,provider_forecast_structure_only,1.0,4.0,4.0,0.0,3,二分戦,,0.0,3,7,7,,0,1791443640,1791443340,1,2,2,1,,,,0,,,,,,,,,,0,,external_public_source,winticket,https://www.winticket.jp/keirin/omiya/racecard/2026100625/3/12,review_required,race_features_v1,鰐淵圭佑,S級,決勝,2025
122520261008,2026-10-08,大宮,12,15509,7,6,24,男,119,宮城,1,1,2,103.23,0.2689999999999999,0.5,0.615,17,14,7,1,5,0,3.92,0,逃,3.6,10,2.5,1,,0.0,0.11,0.33,9.0,,,,0.0,0.0,0.0,0.0,2.0,0.23,0.23,0.11,34.0,0.17,0.16,0.13,98.0,verified,winticket_line_prediction,provider_forecast_structure_only,3.0,1.0,2.0,1.0,3,二分戦,,0.0,3,7,7,,0,1791443640,1791443340,1,2,1,2,,,,0,,,,,,,,,,0,,external_public_source,winticket,https://www.winticket.jp/keirin/omiya/racecard/2026100625/3/12,review_required,race_features_v1,木村佑来,S級,決勝,2025
013520261008,2026-10-08,平塚,1,15189,1,1,28,男,111,大阪,5,2,2,89.81,0.346,0.478,0.7390000000000001,0,16,0,9,0,2,3.92,1,追,2.8,10,,6,,0.0,0.0,0.0,3.0,,,,0.0,0.26,0.36,0.1,19.0,0.09,0.27,0.13,22.0,0.21,0.25,0.17,51.0,verified,winticket_line_prediction,provider_forecast_structure_only,1.0,2.0,3.0,0.0,3,二分戦,,0.0,1,7,7,,0,1791441900,1791441600,2,2,2,1,,,,0,,,,,,,,,,0,,external_public_source,winticket,https://www.winticket.jp/keirin/hiratsuka/racecard/2026100835/1/1,review_required,race_features_v1,山本隼人,A級,予選,1625
013520261008,2026-10-08,平塚,1,14992,2,2,38,男,105,埼玉,2,2,2,81.42,0.25,0.25,0.375,4,0,1,1,0,0,3.92,0,両,3.6666666666666665,10,,68,,0.66,0.33,0.0,3.0,,,,0.0,0.34,0.26,0.04,23.0,0.18,0.18,0.13,22.0,0.29,0.22,0.15,58.0,verified,winticket_line_prediction,provider_forecast_structure_only,2.0,1.0,3.0,1.0,3,二分戦,,0.0,1,7,7,,0,1791441900,1791441600,2,2,2,3,,,,0,,,,,,,,,,0,,external_public_source,winticket,https://www.winticket.jp/keirin/hiratsuka/racecard/2026100835/1/1,review_required,race_features_v1,楠野史尭,A級,予選,1625
013520261008,2026-10-08,平塚,1,15057,3,3,40,男,107,和歌山,5,2,2,85.5,0.25,0.3329999999999999,0.416,10,2,5,0,2,1,3.92,2,逃,3.4,10,,7,,0.0,0.0,0.0,0.0,,,,0.0,0.2,0.0,0.17,29.0,0.11,0.29,0.11,17.0,0.17,0.14,0.08,69.0,verified,winticket_line_prediction,provider_forecast_structure_only,1.0,1.0,3.0,1.0,3,二分戦,,0.0,1,7,7,,0,1791441900,1791441600,2,2,2,1,,,,0,,,,,,,,,,0,,external_public_source,winticket,https://www.winticket.jp/keirin/hiratsuka/racecard/2026100835/1/1,review_required,race_features_v1,小林史也,A級,予選,1625
013520261008,2026-10-08,平塚,1,14713,4,4,35,男,99,宮城,1,2,2,77.85,0.0,0.047,0.142,0,4,0,0,0,1,3.85,0,両,5.7,10,,22,,0.0,0.16,0.16,12.0,,,,0.0,0.04,0.13,0.04,23.0,0.11,0.11,0.16,18.0,0.0,0.1,0.0,10.0,verified,winticket_line_prediction,provider_forecast_structure_only,2.0,3.0,3.0,0.0,3,二分戦,,0.0,1,7,7,,0,1791441900,1791441600,2,2,2,3,,,,0,,,,,,,,,,0,,external_public_source,winticket,https://www.winticket.jp/keirin/hiratsuka/racecard/2026100835/1/1,review_required,race_features_v1,鈴木裕斗,A級,予選,1625
013520261008,2026-10-08,平塚,1,13560,5,5,50,男,83,山梨,2,2,2,85.79,0.083,0.25,0.375,0,13,0,3,0,3,3.92,4,追,3.6,10,,9,,0.08,0.16,0.25,12.0,,,,0.0,0.1,0.13,0.2,30.0,0.18,0.06,0.24,33.0,0.15,0.17,0.14,63.0,verified,winticket_line_prediction,provider_forecast_structure_only,2.0,2.0,3.0,0.0,3,二分戦,,0.0,1,7,7,,0,1791441900,1791441600,2,2,2,1,,,,0,,,,,,,,,,0,,external_public_source,winticket,https://www.winticket.jp/keirin/hiratsuka/racecard/2026100835/1/1,review_required,race_features_v1,小佐野文秀,A級,予選,1625
013520261008,2026-10-08,平塚,1,15382,6,6,29,男,115,福岡,8,2,2,77.14,0.047,0.047,0.047,1,5,0,1,0,0,3.92,0,両,6.8,10,,7,,0.0,0.0,0.0,4.0,,,,0.0,0.0,0.08,0.0,25.0,0.0,0.0,0.03,33.0,0.0,0.0,0.0,39.0,verified,winticket_line_prediction,provider_forecast_structure_only,3.0,1.0,1.0,1.0,3,二分戦,,0.0,1,7,7,,0,1791441900,1791441600,2,2,1,2,,,,0,,,,,,,,,,0,,external_public_source,winticket,https://www.winticket.jp/keirin/hiratsuka/racecard/2026100835/1/1,review_required,race_features_v1,竹元健竜,A級,予選,1625
013520261008,2026-10-08,平塚,1,13041,7,6,50,男,76,愛知,4,2,1,83.19,0.045,0.136,0.2269999999999999,0,3,0,2,0,1,3.86,3,追,4.1,10,,5,,0.0,0.0,0.0,3.0,,,,0.0,0.0,0.13,0.3,30.0,0.04,0.25,0.08,24.0,0.0,0.17,0.17,23.0,verified,winticket_line_prediction,provider_forecast_structure_only,1.0,3.0,3.0,0.0,3,二分戦,,0.0,1,7,7,,0,1791441900,1791441600,2,1,2,1,,,,0,,,,,,,,,,0,,external_public_source,winticket,https://www.winticket.jp/keirin/hiratsuka/racecard/2026100835/1/1,review_required,race_features_v1,三浦稔希,A級,予選,1625
023520261008,2026-10-08,平塚,2,15833,1,1,22,男,125,山口,6,2,1,87.8,0.19,0.3329999999999999,0.476,13,2,7,0,0,0,3.92,2,逃,3.6,10,,13,,0.22,0.22,0.11,9.0,,,,0.0,0.35,0.32,0.07,28.0,0.09,0.33,0.14,21.0,0.19,0.22,0.15,83.0,verified,winticket_line_prediction,provider_forecast_structure_only,1.0,1.0,3.0,1.0,3,三分戦,,0.0,1,7,7,,0,1791443220,1791442920,2,1,2,2,,,,0,,,,,,,,,,0,,external_public_source,winticket,https://www.winticket.jp/keirin/hiratsuka/racecard/2026100835/1/2,review_required,race_features_v1,野村賢,A級,予選,1625
023520261008,2026-10-08,平塚,2,15785,2,2,25,男,125,宮城,1,2,1,89.14,0.142,0.523,0.5710000000000001,13,6,8,0,3,0,3.92,3,逃,4.1,10,,20,,0.0,0.0,0.0,0.0,,,,0.0,0.1,0.4,0.15,20.0,0.16,0.27,0.05,18.0,0.19,0.26,0.08,61.0,verified,winticket_line_prediction,provider_forecast_structure_only,2.0,1.0,2.0,1.0,3,三分戦,,0.0,1,7,7,,0,1791443220,1791442920,2,1,2,2,,,,0,,,,,,,,,,0,,external_public_source,winticket,https://www.winticket.jp/keirin/hiratsuka/racecard/2026100835/1/2,review_required,race_features_v1,福田健太,A級,予選,1625
023520261008,2026-10-08,平塚,2,13426,3,3,47,男,81,岐阜,4,2,2,84.04,0.083,0.166,0.3329999999999999,0,3,0,2,0,2,3.92,0,追,4.2,10,,16,,0.33,0.0,0.0,3.0,,,,0.0,0.03,0.1,0.2,29.0,0.06,0.2,0.2,15.0,0.27,0.17,0.0,29.0,verified,winticket_line_prediction,provider_forecast_structure_only,3.0,2.0,2.0,0.0,3,三分戦,,0.0,1,7,7,,0,1791443220,1791442920,2,2,2,2,,,,0,,,,,,,,,,0,,external_public_source,winticket,https://www.winticket.jp/keirin/hiratsuka/racecard/2026100835/1/2,review_required,race_features_v1,本村隆文,A級,予選,1625
023520261008,2026-10-08,平塚,2,14185,4,4,45,男,91,山口,6,2,1,88.44,0.222,0.2769999999999999,0.5,0,8,0,4,0,1,3.92,1,追,3.4,10,,17,,0.0,0.16,0.5,6.0,,,,0.0,0.22,0.29,0.18,27.0,0.16,0.33,0.05,18.0,0.25,0.18,0.16,59.0,verified,winticket_line_prediction,provider_forecast_structure_only,1.0,2.0,3.0,0.0,3,三分戦,,0.0,1,7,7,,0,1791443220,1791442920,2,1,2,2,,,,0,,,,,,,,,,0,,external_public_source,winticket,https://www.winticket.jp/keirin/hiratsuka/racecard/2026100835/1/2,review_required,race_features_v1,隅貴史,A級,予選,1625
023520261008,2026-10-08,平塚,2,15635,5,5,38,男,121,兵庫,5,2,1,83.57,0.15,0.3,0.4,3,0,2,3,1,0,3.92,0,両,4.8,10,,16,,0.0,0.0,0.0,3.0,,,,0.0,0.23,0.19,0.04,21.0,0.16,0.16,0.16,12.0,0.24,0.12,0.08,49.0,verified,winticket_line_prediction,provider_forecast_structure_only,3.0,1.0,2.0,1.0,3,三分戦,,0.0,1,7,7,,0,1791443220,1791442920,2,1,2,1,,,,0,,,,,,,,,,0,,external_public_source,winticket,https://www.winticket.jp/keirin/hiratsuka/racecard/2026100835/1/2,review_required,race_features_v1,藤岡徹也,A級,予選,1625
023520261008,2026-10-08,平塚,2,13348,6,6,50,男,80,岡山,6,2,2,81.87,0.0,0.125,0.3329999999999999,0,2,0,3,0,0,3.92,0,追,4.5,10,,5,,0.0,0.16,0.08,12.0,,,,0.0,0.03,0.0,0.13,29.0,0.0,0.1,0.2,30.0,0.03,0.07,0.21,28.0,verified,winticket_line_prediction,provider_forecast_structure_only,1.0,3.0,3.0,0.0,3,三分戦,,0.0,1,7,7,,0,1791443220,1791442920,2,2,2,1,,,,0,,,,,,,,,,0,,external_public_source,winticket,https://www.winticket.jp/keirin/hiratsuka/racecard/2026100835/1/2,review_required,race_features_v1,内藤敦,A級,予選,1625
023520261008,2026-10-08,平塚,2,14354,7,6,38,男,94,福島,1,2,1,85.38,0.047,0.142,0.38,0,3,0,1,0,2,3.92,4,追,3.7,10,,9,,0.0,0.0,0.5,6.0,,,,0.0,0.07,0.25,0.25,28.0,0.16,0.0,0.25,12.0,0.1,0.17,0.17,56.0,verified,winticket_line_prediction,provider_forecast_structure_only,2.0,2.0,2.0,0.0,3,三分戦,,0.0,1,7,7,,0,1791443220,1791442920,2,1,2,1,,,,0,,,,,,,,,,0,,external_public_source,winticket,https://www.winticket.jp/keirin/hiratsuka/racecard/2026100835/1/2,review_required,race_features_v1,大島将人,A級,予選,1625
033520261008,2026-10-08,平塚,3,14460,1,1,38,男,95,千葉,3,2,1,89.05,0.111,0.2769999999999999,0.3329999999999999,5,4,3,2,0,0,3.92,3,両,4.4,10,,34,,0.0,0.08,0.08,12.0,,,,0.0,0.09,0.18,0.0,11.0,0.15,0.15,0.03,26.0,0.14,0.13,0.07,76.0,verified,winticket_line_prediction,provider_forecast_structure_only,1.0,1.0,2.0,1.0,4,三分戦,,0.0,1,7,7,,0,1791444660,1791444360,2,1,2,1,,,,0,,,,,,,,,,0,,external_public_source,winticket,https://www.winticket.jp/keirin/hiratsuka/racecard/2026100835/1/3,review_required,race_features_v1,矢口大樹,A級,予選,1625
033520261008,2026-10-08,平塚,3,12130,2,2,56,男,64,広島,6,2,1,82.72,0.055,0.055,0.2769999999999999,0,2,0,1,0,0,3.92,4,追,3.6,10,,7,,0.33,0.0,0.33,6.0,,,,0.0,0.11,0.23,0.19,26.0,0.18,0.12,0.12,16.0,0.12,0.2,0.07,55.0,verified,winticket_line_prediction,provider_forecast_structure_only,3.0,2.0,2.0,0.0,4,三分戦,,0.0,1,7,7,,0,1791444660,1791444360,2,1,2,1,,,,0,,,,,,,,,,0,,external_public_source,winticket,https://www.winticket.jp/keirin/hiratsuka/racecard/2026100835/1/3,review_required,race_features_v1,石田洋秀,A級,予選,1625
033520261008,2026-10-08,平塚,3,15932,3,3,24,男,127,大分,8,2,2,89.14,0.19,0.475,0.7140000000000001,8,1,5,1,4,0,3.92,1,逃,3.1,10,,10,,0.44,0.11,0.22,9.0,,,,0.0,0.58,0.16,0.12,24.0,0.41,0.08,0.25,12.0,0.39,0.22,0.17,68.0,verified,winticket_line_prediction,provider_forecast_structure_only,4.0,1.0,2.0,1.0,4,三分戦,,0.0,1,7,7,,0,1791444660,1791444360,2,2,2,3,,,,0,,,,,,,,,,0,,external_public_source,winticket,https://www.winticket.jp/keirin/hiratsuka/racecard/2026100835/1/3,review_required,race_features_v1,生野優翔,A級,予選,1625
033520261008,2026-10-08,平塚,3,14513,4,4,38,男,96,東京,2,2,2,81.0,0.125,0.125,0.312,0,0,0,2,0,0,3.92,0,追,4.5,10,,9,,0.33,0.33,0.33,3.0,,,,0.0,0.25,0.25,0.03,28.0,0.2,0.06,0.2,15.0,0.06,0.06,0.18,16.0,verified,winticket_line_prediction,provider_forecast_structure_only,2.0,1.0,1.0,1.0,4,三分戦,,0.0,1,7,7,,0,1791444660,1791444360,2,2,2,3,,,,0,,,,,,,,,,0,,external_public_source,winticket,https://www.winticket.jp/keirin/hiratsuka/racecard/2026100835/1/3,review_required,race_features_v1,樋口絢土,A級,予選,1625
033520261008,2026-10-08,平塚,3,12882,5,5,53,男,74,神奈川,3,2,2,80.73,0.0,0.0,0.083,0,0,0,0,0,0,3.92,0,追,5.444444444444445,10,,8,,0.0,0.0,0.0,0.0,,,,0.0,0.03,0.07,0.14,28.0,0.03,0.06,0.06,32.0,0.05,0.13,0.18,38.0,verified,winticket_line_prediction,provider_forecast_structure_only,1.0,2.0,2.0,0.0,4,三分戦,,0.0,1,7,7,,0,1791444660,1791444360,2,2,2,2,,,,0,,,,,,,,,,0,,external_public_source,winticket,https://www.winticket.jp/keirin/hiratsuka/racecard/2026100835/1/3,review_required,race_features_v1,鈴木愼二,A級,予選,1625
033520261008,2026-10-08,平塚,3,14615,6,6,38,男,97,岡山,6,2,2,80.29,0.0409999999999999,0.166,0.25,2,2,1,1,2,0,3.92,0,両,3.9,10,,5,,0.0,0.0,0.0,0.0,,,,0.0,0.11,0.07,0.07,27.0,0.15,0.0,0.12,33.0,0.02,0.07,0.17,40.0,verified,winticket_line_prediction,provider_forecast_structure_only,3.0,1.0,2.0,1.0,4,三分戦,,0.0,1,7,7,,0,1791444660,1791444360,2,2,2,2,,,,0,,,,,,,,,,0,,external_public_source,winticket,https://www.winticket.jp/keirin/hiratsuka/racecard/2026100835/1/3,review_required,race_features_v1,藤原亮太,A級,予選,1625
033520261008,2026-10-08,平塚,3,15214,7,6,34,男,111,熊本,8,2,2,82.44,0.073,0.185,0.407,1,1,1,2,0,2,3.92,2,逃,3.7,10,,5,,0.0,0.0,0.0,0.0,,,,0.0,0.04,0.08,0.08,24.0,0.08,0.12,0.16,24.0,0.12,0.16,0.16,24.0,verified,winticket_line_prediction,provider_forecast_structure_only,4.0,2.0,2.0,0.0,4,三分戦,,0.0,1,7,7,,0,1791444660,1791444360,2,2,2,2,,,,0,,,,,,,,,,0,,external_public_source,winticket,https://www.winticket.jp/keirin/hiratsuka/racecard/2026100835/1/3,review_required,race_features_v1,境啓亨,A級,予選,1625
043520261008,2026-10-08,平塚,4,13006,1,1,52,男,76,青森,1,2,2,81.2,0.04,0.08,0.36,0,9,0,2,0,0,3.92,0,追,5.2,10,,6,,0.0,0.0,0.22,9.0,,,,0.0,0.0,0.03,0.22,31.0,0.08,0.04,0.16,25.0,0.0,0.05,0.29,37.0,verified,winticket_line_prediction,provider_forecast_structure_only,2.0,3.0,3.0,0.0,3,二分戦,,0.0,1,7,7,,0,1791446100,1791445800,2,2,2,2,,,,0,,,,,,,,,,0,,external_public_source,winticket,https://www.winticket.jp/keirin/hiratsuka/racecard/2026100835/1/4,review_required,race_features_v1,佐々木健司,A級,予選,1625
043520261008,2026-10-08,平塚,4,14037,2,2,44,男,89,愛媛,7,2,2,81.59,0.09,0.18,0.318,0,1,0,3,0,1,3.92,0,追,4.6,10,,7,,0.0,0.0,0.0,0.0,,,,0.0,0.07,0.07,0.21,28.0,0.13,0.1,0.2,30.0,0.03,0.14,0.25,28.0,verified,winticket_line_prediction,provider_forecast_structure_only,1.0,3.0,3.0,0.0,3,二分戦,,0.0,1,7,7,,0,1791446100,1791445800,2,2,2,2,,,,0,,,,,,,,,,0,,external_public_source,winticket,https://www.winticket.jp/keirin/hiratsuka/racecard/2026100835/1/4,review_required,race_features_v1,橋本勝弘,A級,予選,1625
043520261008,2026-10-08,平塚,4,14630,3,3,37,男,97,大分,8,2,1,87.54,0.208,0.416,0.583,11,13,3,2,5,0,3.92,3,逃,3.4,10,,22,,0.0,0.0,0.0,0.0,,,,0.0,0.46,0.14,0.17,28.0,0.28,0.09,0.04,21.0,0.3,0.13,0.1,79.0,verified,winticket_line_prediction,provider_forecast_structure_only,1.0,1.0,3.0,1.0,3,二分戦,,0.0,1,7,7,,0,1791446100,1791445800,2,1,2,1,,,,0,,,,,,,,,,0,,external_public_source,winticket,https://www.winticket.jp/keirin/hiratsuka/racecard/2026100835/1/4,review_required,race_features_v1,利根正明,A級,予選,1625
043520261008,2026-10-08,平塚,4,15893,4,4,22,男,127,静岡,3,2,2,91.0,0.284,0.475,0.6659999999999999,11,6,6,0,4,0,3.92,1,逃,3.9,10,,9,,0.0,0.0,0.0,0.0,,,,0.0,0.57,0.25,0.1,28.0,0.5,0.12,0.2,24.0,0.5,0.14,0.12,74.0,verified,winticket_line_prediction,provider_forecast_structure_only,2.0,1.0,3.0,1.0,3,二分戦,,0.0,1,7,7,,0,1791446100,1791445800,2,2,2,2,,,,0,,,,,,,,,,0,,external_public_source,winticket,https://www.winticket.jp/keirin/hiratsuka/racecard/2026100835/1/4,review_required,race_features_v1,岩辺陸,A級,予選,1625
043520261008,2026-10-08,平塚,4,14332,5,5,41,男,93,愛媛,7,2,1,84.48,0.111,0.222,0.3329999999999999,1,1,1,4,0,1,3.92,4,追,3.3,10,,7,,0.0,0.5,0.0,2.0,,,,0.0,0.15,0.19,0.19,26.0,0.08,0.16,0.25,24.0,0.1,0.2,0.15,39.0,verified,winticket_line_prediction,provider_forecast_structure_only,1.0,2.0,3.0,0.0,3,二分戦,,0.0,1,7,7,,0,1791446100,1791445800,2,1,2,2,,,,0,,,,,,,,,,0,,external_public_source,winticket,https://www.winticket.jp/keirin/hiratsuka/racecard/2026100835/1/4,review_required,race_features_v1,芳野匠,A級,予選,1625
043520261008,2026-10-08,平塚,4,15180,6,6,30,男,111,三重,4,2,2,80.45,0.0409999999999999,0.083,0.25,0,5,0,2,0,0,3.92,0,逃,5.3,10,,6,,0.0,0.0,0.08,12.0,,,,0.0,0.1,0.06,0.06,29.0,0.14,0.09,0.0,21.0,0.14,0.09,0.04,21.0,verified,winticket_line_prediction,provider_forecast_structure_only,3.0,1.0,1.0,1.0,3,二分戦,,0.0,1,7,7,,0,1791446100,1791445800,2,2,2,1,,,,0,,,,,,,,,,0,,external_public_source,winticket,https://www.winticket.jp/keirin/hiratsuka/racecard/2026100835/1/4,review_required,race_features_v1,下岡将也,A級,予選,1625
043520261008,2026-10-08,平塚,4,14669,7,6,46,男,98,神奈川,3,2,1,86.9,0.09,0.2269999999999999,0.59,0,1,0,5,0,0,3.92,2,追,3.111111111111111,10,,14,,0.0,0.0,0.0,3.0,,,,0.0,0.07,0.07,0.3,26.0,0.06,0.18,0.37,16.0,0.17,0.17,0.25,51.0,verified,winticket_line_prediction,provider_forecast_structure_only,2.0,2.0,3.0,0.0,3,二分戦,,0.0,1,7,7,,0,1791446100,1791445800,2,1,2,2,,,,0,,,,,,,,,,0,,external_public_source,winticket,https://www.winticket.jp/keirin/hiratsuka/racecard/2026100835/1/4,review_required,race_features_v1,植木和広,A級,予選,1625
053520261008,2026-10-08,平塚,5,15790,1,1,22,男,125,茨城,2,2,1,95.27,0.434,0.695,0.782,14,8,6,0,10,0,3.92,1,逃,2.3,10,,6,,0.53,0.13,0.06,15.0,,,,0.0,0.5,0.25,0.25,8.0,0.46,0.07,0.15,26.0,0.5,0.15,0.11,86.0,verified,winticket_line_prediction,provider_forecast_structure_only,1.0,1.0,3.0,1.0,4,二分戦,,0.0,1,7,7,,0,1791447540,1791447240,2,1,2,2,,,,0,,,,,,,,,,0,,external_public_source,winticket,https://www.winticket.jp/keirin/hiratsuka/racecard/2026100835/1/5,review_required,race_features_v1,藤田祐大,A級,初特選,1625
053520261008,2026-10-08,平塚,5,15288,2,2,28,男,113,愛媛,7,2,1,93.43,0.3329999999999999,0.5,0.541,5,5,2,5,4,1,3.92,4,逃,3.7777777777777777,10,,7,,0.66,0.33,0.0,3.0,,,,0.0,0.25,0.18,0.18,16.0,0.17,0.05,0.27,40.0,0.33,0.0,0.33,6.0,verified,winticket_line_prediction,provider_forecast_structure_only,2.0,1.0,1.0,1.0,4,二分戦,,0.0,1,7,7,,0,1791447540,1791447240,2,1,1,2,,,,0,,,,,,,,,,0,,external_public_source,winticket,https://www.winticket.jp/keirin/hiratsuka/racecard/2026100835/1/5,review_required,race_features_v1,薦田将伍,A級,初特選,1625
053520261008,2026-10-08,平塚,5,15005,3,3,36,男,105,奈良,5,2,1,91.79,0.29,0.3329999999999999,0.5,0,7,0,6,1,1,3.92,0,両,4.4,10,,6,,0.33,0.16,0.0,6.0,,,,0.0,0.12,0.12,0.12,8.0,0.2,0.04,0.24,25.0,0.15,0.05,0.15,59.0,verified,winticket_line_prediction,provider_forecast_structure_only,4.0,2.0,2.0,0.0,4,二分戦,,0.0,1,7,7,,0,1791447540,1791447240,2,1,1,2,,,,0,,,,,,,,,,0,,external_public_source,winticket,https://www.winticket.jp/keirin/hiratsuka/racecard/2026100835/1/5,review_required,race_features_v1,野口正則,A級,初特選,1625
053520261008,2026-10-08,平塚,5,14728,4,4,39,男,99,群馬,2,2,1,93.15,0.3,0.55,0.8,0,1,0,8,3,0,3.93,2,両,2.7,10,,19,,0.16,0.33,0.0,6.0,,,,0.0,0.07,0.07,0.14,14.0,0.12,0.18,0.25,16.0,0.26,0.21,0.0,23.0,verified,winticket_line_prediction,provider_forecast_structure_only,1.0,2.0,3.0,0.0,4,二分戦,,0.0,1,7,7,,0,1791447540,1791447240,2,1,2,1,,,,0,,,,,,,,,,0,,external_public_source,winticket,https://www.winticket.jp/keirin/hiratsuka/racecard/2026100835/1/5,review_required,race_features_v1,三好恵一郎,A級,初特選,1625
053520261008,2026-10-08,平塚,5,15817,5,5,25,男,125,三重,4,2,1,95.38,0.284,0.57,0.7609999999999999,6,8,3,0,8,1,3.92,3,逃,2.1,10,,7,,0.0,0.0,0.0,0.0,,,,0.0,0.14,0.42,0.0,7.0,0.27,0.27,0.22,18.0,0.34,0.23,0.12,73.0,verified,winticket_line_prediction,provider_forecast_structure_only,4.0,1.0,2.0,1.0,4,二分戦,,0.0,1,7,7,,0,1791447540,1791447240,2,1,2,2,,,,0,,,,,,,,,,0,,external_public_source,winticket,https://www.winticket.jp/keirin/hiratsuka/racecard/2026100835/1/5,review_required,race_features_v1,梅澤忠秀,A級,初特選,1625
053520261008,2026-10-08,平塚,5,14084,6,6,46,男,90,神奈川,3,2,1,90.15,0.052,0.105,0.421,0,0,0,2,0,0,3.93,0,追,3.9,10,,29,,0.25,0.5,0.0,4.0,,,,0.0,0.4,0.0,0.05,20.0,0.23,0.19,0.09,21.0,0.2,0.0,0.0,5.0,verified,winticket_line_prediction,provider_forecast_structure_only,3.0,1.0,1.0,1.0,4,二分戦,,0.0,1,7,7,,0,1791447540,1791447240,2,1,2,1,,,,0,,,,,,,,,,0,,external_public_source,winticket,https://www.winticket.jp/keirin/hiratsuka/racecard/2026100835/1/5,review_required,race_features_v1,小菅誠,A級,初特選,1625
053520261008,2026-10-08,平塚,5,13242,7,6,49,男,79,埼玉,2,2,1,93.0,0.055,0.2769999999999999,0.444,0,4,0,2,0,3,3.92,0,追,3.7,10,,14,,0.0,0.0,0.0,6.0,,,,0.0,0.12,0.0,0.12,8.0,0.12,0.09,0.12,31.0,0.0,0.0,0.15,33.0,verified,winticket_line_prediction,provider_forecast_structure_only,1.0,3.0,3.0,0.0,4,二分戦,,0.0,1,7,7,,0,1791447540,1791447240,2,1,1,2,,,,0,,,,,,,,,,0,,external_public_source,winticket,https://www.winticket.jp/keirin/hiratsuka/racecard/2026100835/1/5,review_required,race_features_v1,尾崎剛,A級,初特選,1625
063520261008,2026-10-08,平塚,6,15865,1,1,30,女,126,徳島,7,4,1,51.85,0.0,0.284,0.428,1,4,0,2,1,3,3.75,4,両,4.2,10,,21,,0.16,0.16,0.33,6.0,,,,0.0,0.0,0.0,0.0,0.0,0.06,0.12,0.18,32.0,0.0,0.0,0.0,0.0,verified,winticket_line_prediction,provider_forecast_structure_only,2.0,1.0,1.0,1.0,7,細切れ,,0.0,1,7,7,,0,1791448980,1791448680,4,1,4,1,,,,0,,,,,,,,,,0,,external_public_source,winticket,https://www.winticket.jp/keirin/hiratsuka/racecard/2026100835/1/6,review_required,race_features_v1,豊田美香,L級,ガールズ予選(第１走),1625
063520261008,2026-10-08,平塚,6,15853,2,2,22,女,126,埼玉,2,4,1,56.71,0.523,0.7609999999999999,0.904,1,6,1,7,7,1,3.79,2,両,1.9,10,,6,,0.08,0.33,0.16,12.0,,,,0.0,0.0,0.0,0.0,0.0,0.27,0.22,0.11,18.0,0.0,0.0,0.0,0.0,verified,winticket_line_prediction,provider_forecast_structure_only,3.0,1.0,1.0,1.0,7,細切れ,,0.0,1,7,7,,0,1791448980,1791448680,4,1,4,1,,,,0,,,,,,,,,,0,,external_public_source,winticket,https://www.winticket.jp/keirin/hiratsuka/racecard/2026100835/1/6,review_required,race_features_v1,中島瞳,L級,ガールズ予選(第１走),1625
063520261008,2026-10-08,平塚,6,15146,3,3,40,女,110,愛知,4,4,1,45.73,0.0,0.0,0.066,0,0,0,0,0,0,3.71,0,両,6.3,10,,22,,0.0,0.0,0.0,6.0,,,,0.0,0.0,0.0,0.0,0.0,0.0,0.0,0.03,29.0,0.0,0.0,0.0,0.0,verified,winticket_line_prediction,provider_forecast_structure_only,7.0,1.0,1.0,1.0,7,細切れ,,0.0,1,7,7,,0,1791448980,1791448680,4,1,4,1,,,,0,,,,,,,,,,0,,external_public_source,winticket,https://www.winticket.jp/keirin/hiratsuka/racecard/2026100835/1/6,review_required,race_features_v1,齊藤由紀,L級,ガールズ予選(第１走),1625
063520261008,2026-10-08,平塚,6,15314,4,4,33,女,114,大阪,5,4,1,48.08,0.0,0.0409999999999999,0.125,0,9,0,0,0,1,3.79,0,追,5.5,10,,5,,0.0,0.0,0.33,3.0,,,,0.0,0.0,0.0,0.0,0.0,0.0,0.0,0.12,24.0,0.0,0.0,0.0,0.0,verified,winticket_line_prediction,provider_forecast_structure_only,1.0,1.0,1.0,1.0,7,細切れ,,0.0,1,7,7,,0,1791448980,1791448680,4,1,4,1,,,,0,,,,,,,,,,0,,external_public_source,winticket,https://www.winticket.jp/keirin/hiratsuka/racecard/2026100835/1/6,review_required,race_features_v1,向井円,L級,ガールズ予選(第１走),1625
063520261008,2026-10-08,平塚,6,15942,5,5,29,女,128,神奈川,3,4,1,49.21,0.0,0.25,0.35,3,4,3,0,0,2,3.77,0,両,4.6,10,,6,,0.0,0.22,0.22,9.0,,,,0.0,0.0,0.0,0.0,0.0,0.06,0.1,0.2,30.0,0.0,0.0,0.0,0.0,verified,winticket_line_prediction,provider_forecast_structure_only,6.0,1.0,1.0,1.0,7,細切れ,,0.0,1,7,7,,0,1791448980,1791448680,4,1,4,1,,,,0,,,,,,,,,,0,,external_public_source,winticket,https://www.winticket.jp/keirin/hiratsuka/racecard/2026100835/1/6,review_required,race_features_v1,齊藤由莉,L級,ガールズ予選(第１走),1625
063520261008,2026-10-08,平塚,6,14900,6,6,33,女,102,東京,2,4,1,57.62,0.583,0.75,0.958,4,3,1,8,7,2,3.77,1,両,1.6,10,,17,,0.0,0.0,0.0,0.0,,,,0.0,0.0,0.0,0.0,0.0,0.51,0.32,0.06,31.0,0.0,0.0,0.0,0.0,verified,winticket_line_prediction,provider_forecast_structure_only,4.0,1.0,1.0,1.0,7,細切れ,,0.0,1,7,7,,0,1791448980,1791448680,4,1,4,1,,,,0,,,,,,,,,,0,,external_public_source,winticket,https://www.winticket.jp/keirin/hiratsuka/racecard/2026100835/1/6,review_required,race_features_v1,小林莉子,L級,ガールズ予選(第１走),1625
063520261008,2026-10-08,平塚,6,15756,7,6,22,女,124,岩手,1,4,1,55.42,0.237,0.428,0.6659999999999999,9,8,3,0,5,1,3.77,3,逃,2.5,10,,14,,0.58,0.25,0.08,12.0,,,,0.0,0.0,0.0,0.0,0.0,0.32,0.28,0.1,28.0,0.0,0.0,0.0,0.0,verified,winticket_line_prediction,provider_forecast_structure_only,5.0,1.0,1.0,1.0,7,細切れ,,0.0,1,7,7,,0,1791448980,1791448680,4,1,4,1,,,,0,,,,,,,,,,0,,external_public_source,winticket,https://www.winticket.jp/keirin/hiratsuka/racecard/2026100835/1/6,review_required,race_features_v1,熊谷芽緯,L級,ガールズ予選(第１走),1625
073520261008,2026-10-08,平塚,7,15851,1,1,27,女,126,栃木,2,4,1,48.83,0.0,0.1,0.233,0,1,0,1,0,2,3.77,0,両,4.1,10,,3,,0.0,0.11,0.11,9.0,,,,0.0,0.0,0.0,0.0,0.0,0.0,0.13,0.21,23.0,0.0,0.0,0.0,0.0,verified,winticket_line_prediction,provider_forecast_structure_only,3.0,1.0,1.0,1.0,7,細切れ,,0.0,1,7,7,,0,1791450420,1791450120,4,1,4,1,,,,0,,,,,,,,,,0,,external_public_source,winticket,https://www.winticket.jp/keirin/hiratsuka/racecard/2026100835/1/7,review_required,race_features_v1,片岡美奈,L級,ガールズ予選(第１走),1625
073520261008,2026-10-08,平塚,7,15858,2,2,22,女,126,三重,4,4,1,51.11,0.036,0.111,0.37,7,5,0,1,0,2,3.77,4,両,3.7,10,,6,,0.0,0.33,0.33,3.0,,,,0.0,0.0,0.0,0.0,0.0,0.15,0.12,0.15,40.0,0.0,0.0,0.0,0.0,verified,winticket_line_prediction,provider_forecast_structure_only,2.0,1.0,1.0,1.0,7,細切れ,,0.0,1,7,7,,0,1791450420,1791450120,4,1,4,1,,,,0,,,,,,,,,,0,,external_public_source,winticket,https://www.winticket.jp/keirin/hiratsuka/racecard/2026100835/1/7,review_required,race_features_v1,平子結菜,L級,ガールズ予選(第１走),1625
073520261008,2026-10-08,平塚,7,15495,3,3,25,女,118,富山,4,4,1,55.85,0.475,0.619,0.809,3,1,4,0,9,0,3.77,2,両,2.0,10,,21,,0.22,0.22,0.22,9.0,,,,0.0,0.0,0.0,0.0,0.0,0.5,0.11,0.16,18.0,0.0,0.0,0.0,0.0,verified,winticket_line_prediction,provider_forecast_structure_only,4.0,1.0,1.0,1.0,7,細切れ,,0.0,1,7,7,,0,1791450420,1791450120,4,1,4,1,,,,0,,,,,,,,,,0,,external_public_source,winticket,https://www.winticket.jp/keirin/hiratsuka/racecard/2026100835/1/7,review_required,race_features_v1,下条未悠,L級,ガールズ予選(第１走),1625
073520261008,2026-10-08,平塚,7,14966,4,4,36,女,104,千葉,3,4,1,53.0,0.12,0.36,0.6,5,6,1,1,3,4,3.79,3,両,3.4,10,,10,,0.0,0.33,0.0,6.0,,,,0.0,0.0,0.0,0.0,0.0,0.13,0.18,0.26,38.0,0.0,0.0,0.0,0.0,verified,winticket_line_prediction,provider_forecast_structure_only,1.0,1.0,1.0,1.0,7,細切れ,,0.0,1,7,7,,0,1791450420,1791450120,4,1,4,1,,,,0,,,,,,,,,,0,,external_public_source,winticket,https://www.winticket.jp/keirin/hiratsuka/racecard/2026100835/1/7,review_required,race_features_v1,田中まい,L級,ガールズ予選(第１走),1625
073520261008,2026-10-08,平塚,7,15759,5,5,26,女,124,東京,2,4,1,47.14,0.0,0.095,0.142,0,4,0,2,0,0,3.79,0,追,5.2,10,,8,,0.0,0.0,0.0,0.0,,,,0.0,0.0,0.0,0.0,0.0,0.0,0.06,0.06,16.0,0.0,0.0,0.0,0.0,verified,winticket_line_prediction,provider_forecast_structure_only,7.0,1.0,1.0,1.0,7,細切れ,,0.0,1,7,7,,0,1791450420,1791450120,4,1,4,1,,,,0,,,,,,,,,,0,,external_public_source,winticket,https://www.winticket.jp/keirin/hiratsuka/racecard/2026100835/1/7,review_required,race_features_v1,星野しほ,L級,ガールズ予選(第１走),1625
073520261008,2026-10-08,平塚,7,15593,6,6,24,女,120,熊本,8,4,1,46.8,0.0,0.0,0.133,0,4,0,0,0,0,3.77,0,追,5.4,10,,21,,0.0,0.0,0.16,6.0,,,,0.0,0.0,0.0,0.0,0.0,0.0,0.0,0.14,21.0,0.0,0.0,0.0,0.0,verified,winticket_line_prediction,provider_forecast_structure_only,6.0,1.0,1.0,1.0,7,細切れ,,0.0,1,7,7,,0,1791450420,1791450120,4,1,4,1,,,,0,,,,,,,,,,0,,external_public_source,winticket,https://www.winticket.jp/keirin/hiratsuka/racecard/2026100835/1/7,review_required,race_features_v1,中村鈴花,L級,ガールズ予選(第１走),1625
073520261008,2026-10-08,平塚,7,15225,7,6,29,女,112,愛知,4,4,1,58.07,0.74,0.851,0.888,12,0,2,5,16,0,3.79,1,両,1.4,10,,8,,0.66,0.33,0.0,3.0,,,,0.0,0.0,0.0,0.0,1.0,0.5,0.16,0.2,30.0,0.0,0.0,0.0,0.0,verified,winticket_line_prediction,provider_forecast_structure_only,5.0,1.0,1.0,1.0,7,細切れ,,0.0,1,7,7,,0,1791450420,1791450120,4,1,4,1,,,,0,,,,,,,,,,0,,external_public_source,winticket,https://www.winticket.jp/keirin/hiratsuka/racecard/2026100835/1/7,review_required,race_features_v1,坂口楓華,L級,ガールズ予選(第１走),1625
083520261008,2026-10-08,平塚,8,015477,1,1,29,男,117,熊本,8,1,2,102.3,0.05,0.3,0.55,1,0,1,3,0,2,3.92,2,逃,3.7,10,,13,,0.0,0.33,0.33,3.0,,,,0.0,0.1,0.25,0.15,20.0,0.06,0.27,0.1,29.0,0.07,0.21,0.09,51.0,verified,winticket_line_prediction,provider_forecast_structure_only,2.0,1.0,3.0,1.0,3,三分戦,,0.0,1,7,7,,0,1791451860,1791451560,1,2,1,1,,,,0,,,,,,,,,,0,,external_public_source,winticket,https://www.winticket.jp/keirin/hiratsuka/racecard/2026100835/1/8,review_required,race_features_v1,兼本将太,S級,予選,2025
083520261008,2026-10-08,平塚,8,015784,2,2,25,男,125,宮城,1,1,2,99.1,0.0,0.15,0.4,12,3,3,0,0,0,3.92,0,逃,5.1,10,,9,,0.0,0.0,0.0,0.0,,,,0.0,0.03,0.21,0.21,28.0,0.12,0.25,0.12,32.0,0.09,0.25,0.19,76.0,verified,winticket_line_prediction,provider_forecast_structure_only,1.0,1.0,2.0,1.0,3,三分戦,,0.0,1,7,7,,0,1791451860,1791451560,1,2,1,2,,,,0,,,,,,,,,,0,,external_public_source,winticket,https://www.winticket.jp/keirin/hiratsuka/racecard/2026100835/1/8,review_required,race_features_v1,高橋舜,S級,予選,2025
083520261008,2026-10-08,平塚,8,013685,3,3,46,男,85,東京,2,1,2,101.65,0.083,0.33299999999999996,0.41600000000000004,0,3,0,5,0,3,3.92,4,追,4.3,10,,9,,0.16,0.0,0.66,6.0,,,,0.0,0.11,0.23,0.11,34.0,0.25,0.09,0.0,31.0,0.16,0.2,0.1,75.0,verified,winticket_line_prediction,provider_forecast_structure_only,3.0,2.0,2.0,0.0,3,三分戦,,0.0,1,7,7,,0,1791451860,1791451560,1,2,1,2,,,,0,,,,,,,,,,0,,external_public_source,winticket,https://www.winticket.jp/keirin/hiratsuka/racecard/2026100835/1/8,review_required,race_features_v1,岡田征陽,S級,予選,2025
083520261008,2026-10-08,平塚,8,015252,4,4,32,男,113,東京,2,1,2,101.89,0.21,0.578,0.631,10,0,6,0,5,0,3.92,3,逃,3.4,10,,9,,0.0,0.42,0.0,7.0,,,,0.0,0.18,0.18,0.07,27.0,0.22,0.17,0.14,35.0,0.16,0.22,0.12,72.0,verified,winticket_line_prediction,provider_forecast_structure_only,3.0,1.0,2.0,1.0,3,三分戦,,0.0,1,7,7,,0,1791451860,1791451560,1,2,1,2,,,,0,,,,,,,,,,0,,external_public_source,winticket,https://www.winticket.jp/keirin/hiratsuka/racecard/2026100835/1/8,review_required,race_features_v1,河合佑弥,S級,予選,2025
083520261008,2026-10-08,平塚,8,013514,5,5,48,男,82,福岡,8,1,2,100.32,0.068,0.379,0.413,0,2,0,4,0,7,3.92,0,追,3.9,10,,5,,0.06,0.2,0.26,15.0,,,,0.0,0.11,0.11,0.26,34.0,0.19,0.14,0.14,21.0,0.02,0.16,0.23,42.0,verified,winticket_line_prediction,provider_forecast_structure_only,2.0,3.0,3.0,0.0,3,三分戦,,0.0,1,7,7,,0,1791451860,1791451560,1,2,1,2,,,,0,,,,,,,,,,0,,external_public_source,winticket,https://www.winticket.jp/keirin/hiratsuka/racecard/2026100835/1/8,review_required,race_features_v1,山口貴嗣,S級,予選,2025
083520261008,2026-10-08,平塚,8,013604,6,6,47,男,84,宮城,1,1,2,98.57,0.076,0.23,0.34600000000000003,0,3,0,3,1,2,3.92,0,追,4.7,10,,4,,0.0,0.0,0.1,10.0,,,,0.0,0.03,0.06,0.15,33.0,0.14,0.08,0.11,34.0,0.22,0.12,0.08,50.0,verified,winticket_line_prediction,provider_forecast_structure_only,1.0,2.0,2.0,0.0,3,三分戦,,0.0,1,7,7,,0,1791451860,1791451560,1,2,1,2,,,,0,,,,,,,,,,0,,external_public_source,winticket,https://www.winticket.jp/keirin/hiratsuka/racecard/2026100835/1/8,review_required,race_features_v1,庄子信弘,S級,予選,2025
083520261008,2026-10-08,平塚,8,015570,7,6,29,男,119,熊本,8,1,2,99.95,0.172,0.304,0.304,2,0,2,2,3,0,3.92,1,逃,4.8,10,,20,,0.0,0.0,0.0,0.0,,,,0.0,0.22,0.11,0.0,9.0,0.07,0.15,0.07,13.0,0.0,0.0,0.0,1.0,verified,winticket_line_prediction,provider_forecast_structure_only,2.0,2.0,3.0,0.0,3,三分戦,,0.0,1,7,7,,0,1791451860,1791451560,1,2,2,1,,,,0,,,,,,,,,,0,,external_public_source,winticket,https://www.winticket.jp/keirin/hiratsuka/racecard/2026100835/1/8,review_required,race_features_v1,松本憲斗,S級,予選,2025
093520261008,2026-10-08,平塚,9,013855,1,1,48,男,87,神奈川,3,1,2,99.59,0.03,0.18,0.272,0,3,0,4,0,2,3.92,0,追,4.3,10,,5,,0.0,0.0,0.33,3.0,,,,0.0,0.04,0.17,0.12,41.0,0.03,0.18,0.13,58.0,0.08,0.15,0.09,73.0,verified,winticket_line_prediction,provider_forecast_structure_only,1.0,2.0,2.0,0.0,3,三分戦,,0.0,1,7,7,,0,1791453360,1791453060,1,2,1,2,,,,0,,,,,,,,,,0,,external_public_source,winticket,https://www.winticket.jp/keirin/hiratsuka/racecard/2026100835/1/9,review_required,race_features_v1,近藤俊明,S級,予選,2025
093520261008,2026-10-08,平塚,9,013790,2,2,49,男,86,京都,5,1,2,97.86,0.034,0.172,0.31,0,2,0,3,0,2,3.92,4,両,5.0,10,,9,,0.0,0.14,0.14,14.0,,,,0.0,0.0,0.03,0.2,30.0,0.11,0.14,0.07,27.0,0.0,0.0,0.22,18.0,verified,winticket_line_prediction,provider_forecast_structure_only,2.0,3.0,3.0,0.0,3,三分戦,,0.0,1,7,7,,0,1791453360,1791453060,1,2,1,2,,,,0,,,,,,,,,,0,,external_public_source,winticket,https://www.winticket.jp/keirin/hiratsuka/racecard/2026100835/1/9,review_required,race_features_v1,稲垣裕之,S級,予選,2025
093520261008,2026-10-08,平塚,9,014292,3,3,40,男,93,埼玉,2,1,2,96.36,0.066,0.2,0.266,0,7,0,3,0,3,3.92,0,追,4.7,10,,5,,0.0,0.66,0.0,3.0,,,,0.0,0.11,0.0,0.11,9.0,0.13,0.13,0.33,15.0,0.16,0.22,0.12,48.0,verified,winticket_line_prediction,provider_forecast_structure_only,3.0,2.0,2.0,0.0,3,三分戦,,0.0,1,7,7,,0,1791453360,1791453060,1,2,2,1,,,,0,,,,,,,,,,0,,external_public_source,winticket,https://www.winticket.jp/keirin/hiratsuka/racecard/2026100835/1/9,review_required,race_features_v1,丸山直樹,S級,予選,2025
093520261008,2026-10-08,平塚,9,015173,4,4,32,男,111,静岡,3,1,2,101.8,0.419,0.483,0.58,10,0,5,2,8,0,3.93,3,逃,2.7,10,,5,,0.33,0.33,0.0,3.0,,,,0.0,0.2,0.31,0.02,35.0,0.2,0.28,0.05,39.0,0.26,0.19,0.06,104.0,verified,winticket_line_prediction,provider_forecast_structure_only,1.0,1.0,2.0,1.0,3,三分戦,,0.0,1,7,7,,0,1791453360,1791453060,1,2,1,2,,,,0,,,,,,,,,,0,,external_public_source,winticket,https://www.winticket.jp/keirin/hiratsuka/racecard/2026100835/1/9,review_required,race_features_v1,格清洋介,S級,予選,2025
093520261008,2026-10-08,平塚,9,015363,5,5,27,男,115,奈良,5,1,2,103.91,0.41600000000000004,0.45799999999999996,0.583,9,4,7,0,4,0,3.92,1,逃,4.1,10,,8,,0.66,0.0,0.0,3.0,,,,0.0,0.44,0.06,0.06,29.0,0.45,0.03,0.03,33.0,0.4,0.05,0.09,75.0,verified,winticket_line_prediction,provider_forecast_structure_only,2.0,1.0,3.0,1.0,3,三分戦,,0.0,1,7,7,,0,1791453360,1791453060,1,2,1,2,,,,0,,,,,,,,,,0,,external_public_source,winticket,https://www.winticket.jp/keirin/hiratsuka/racecard/2026100835/1/9,review_required,race_features_v1,田中大我,S級,予選,2025
093520261008,2026-10-08,平塚,9,014982,6,6,34,男,105,青森,1,1,2,93.65,0.09300000000000001,0.125,0.156,7,0,3,1,0,0,3.92,0,逃,5.3,10,,9,,0.33,0.0,0.0,3.0,,,,0.0,0.05,0.0,0.0,19.0,0.1,0.03,0.03,29.0,0.07,0.02,0.04,41.0,verified,winticket_line_prediction,provider_forecast_structure_only,3.0,1.0,2.0,1.0,3,三分戦,,0.0,1,7,7,,0,1791453360,1791453060,1,2,1,2,,,,0,,,,,,,,,,0,,external_public_source,winticket,https://www.winticket.jp/keirin/hiratsuka/racecard/2026100835/1/9,review_required,race_features_v1,坂本周作,S級,予選,2025
093520261008,2026-10-08,平塚,9,014945,7,6,33,男,103,奈良,5,1,2,100.32,0.152,0.23,0.384,3,4,0,5,1,0,3.92,2,両,4.222222222222222,10,,9,,0.27,0.09,0.09,11.0,,,,0.0,0.14,0.19,0.19,21.0,0.31,0.08,0.14,35.0,0.43,0.03,0.2,30.0,verified,winticket_line_prediction,provider_forecast_structure_only,2.0,2.0,3.0,0.0,3,三分戦,,0.0,1,7,7,,0,1791453360,1791453060,1,2,1,1,,,,0,,,,,,,,,,0,,external_public_source,winticket,https://www.winticket.jp/keirin/hiratsuka/racecard/2026100835/1/9,review_required,race_features_v1,中井俊亮,S級,予選,2025
103520261008,2026-10-08,平塚,10,15555,1,1,24,男,119,愛媛,7,1,2,104.24,0.2,0.48,0.64,14,1,8,0,4,0,3.92,2,逃,4.3,10,,10,,0.11,0.44,0.22,9.0,,,,0.0,0.2,0.33,0.13,15.0,0.5,0.18,0.04,22.0,0.39,0.22,0.12,74.0,verified,winticket_line_prediction,provider_forecast_structure_only,1.0,1.0,3.0,1.0,3,三分戦,,0.0,1,7,7,,0,1791454920,1791454620,1,2,2,1,,,,0,,,,,,,,,,0,,external_public_source,winticket,https://www.winticket.jp/keirin/hiratsuka/racecard/2026100835/1/10,review_required,race_features_v1,林昌幸,S級,予選,2025
103520261008,2026-10-08,平塚,10,13118,2,2,49,男,77,愛知,4,1,2,101.72,0.18,0.363,0.484,0,1,0,9,0,3,3.92,4,追,4.5,10,,5,,0.11,0.22,0.33,9.0,,,,0.0,0.03,0.19,0.19,31.0,0.15,0.1,0.02,38.0,0.2,0.2,0.12,80.0,verified,winticket_line_prediction,provider_forecast_structure_only,2.0,2.0,2.0,0.0,3,三分戦,,0.0,1,7,7,,0,1791454920,1791454620,1,2,1,2,,,,0,,,,,,,,,,0,,external_public_source,winticket,https://www.winticket.jp/keirin/hiratsuka/racecard/2026100835/1/10,review_required,race_features_v1,山内卓也,S級,予選,2025
103520261008,2026-10-08,平塚,10,15168,3,3,38,男,111,千葉,3,1,2,99.13,0.136,0.272,0.5,4,3,2,2,2,0,3.92,0,逃,4.9,10,,9,,0.11,0.11,0.33,9.0,,,,0.0,0.09,0.15,0.21,32.0,0.12,0.19,0.09,31.0,0.1,0.17,0.14,82.0,verified,winticket_line_prediction,provider_forecast_structure_only,3.0,1.0,2.0,1.0,3,三分戦,,0.0,1,7,7,,0,1791454920,1791454620,1,2,1,2,,,,0,,,,,,,,,,0,,external_public_source,winticket,https://www.winticket.jp/keirin/hiratsuka/racecard/2026100835/1/10,review_required,race_features_v1,染谷幸喜,S級,予選,2025
103520261008,2026-10-08,平塚,10,15540,4,4,29,男,119,京都,5,1,2,98.08,0.13,0.26,0.478,12,11,4,1,1,0,3.92,0,逃,4.0,10,,9,,0.33,0.0,0.33,3.0,,,,0.0,0.12,0.15,0.09,32.0,0.09,0.15,0.15,32.0,0.13,0.15,0.12,97.0,verified,winticket_line_prediction,provider_forecast_structure_only,2.0,1.0,2.0,1.0,3,三分戦,,0.0,1,7,7,,0,1791454920,1791454620,1,2,1,2,,,,0,,,,,,,,,,0,,external_public_source,winticket,https://www.winticket.jp/keirin/hiratsuka/racecard/2026100835/1/10,review_required,race_features_v1,徳田匠,S級,予選,2025
103520261008,2026-10-08,平塚,10,13442,5,5,47,男,81,愛媛,7,1,2,104.38,0.038,0.384,0.5760000000000001,0,6,0,3,0,7,3.92,1,追,3.4,10,,9,,0.05,0.11,0.29,17.0,,,,0.0,0.1,0.15,0.15,38.0,0.07,0.23,0.15,39.0,0.1,0.23,0.16,73.0,verified,winticket_line_prediction,provider_forecast_structure_only,1.0,2.0,3.0,0.0,3,三分戦,,0.0,1,7,7,,0,1791454920,1791454620,1,2,1,2,,,,0,,,,,,,,,,0,,external_public_source,winticket,https://www.winticket.jp/keirin/hiratsuka/racecard/2026100835/1/10,review_required,race_features_v1,濱田浩司,S級,予選,2025
103520261008,2026-10-08,平塚,10,15046,6,6,41,男,107,千葉,3,1,2,97.4,0.068,0.172,0.275,0,2,0,2,0,3,3.92,0,追,4.555555555555555,10,,4,,0.0,0.14,0.28,7.0,,,,0.0,0.0,0.08,0.05,36.0,0.13,0.08,0.11,36.0,0.13,0.15,0.09,52.0,verified,winticket_line_prediction,provider_forecast_structure_only,3.0,2.0,2.0,0.0,3,三分戦,,0.0,1,7,7,,0,1791454920,1791454620,1,2,1,2,,,,0,,,,,,,,,,0,,external_public_source,winticket,https://www.winticket.jp/keirin/hiratsuka/racecard/2026100835/1/10,review_required,race_features_v1,山本紳貴,S級,予選,2025
103520261008,2026-10-08,平塚,10,14879,7,6,34,男,101,岡山,6,1,2,99.66,0.147,0.259,0.3329999999999999,1,14,0,3,3,1,3.92,3,両,4.1,10,,10,,0.08,0.25,0.16,12.0,,,,0.0,0.11,0.2,0.2,35.0,0.16,0.19,0.03,31.0,0.0,0.0,0.0,0.0,verified,winticket_line_prediction,provider_forecast_structure_only,1.0,3.0,3.0,0.0,3,三分戦,,0.0,1,7,7,,0,1791454920,1791454620,1,2,1,2,,,,0,,,,,,,,,,0,,external_public_source,winticket,https://www.winticket.jp/keirin/hiratsuka/racecard/2026100835/1/10,review_required,race_features_v1,月森亮輔,S級,予選,2025
113520261008,2026-10-08,平塚,11,14246,1,1,39,男,92,岐阜,4,1,2,103.44,0.28,0.36,0.52,0,3,0,8,0,1,3.92,2,追,3.8,10,,9,,0.0,0.33,0.16,6.0,,,,0.0,0.21,0.16,0.24,37.0,0.15,0.15,0.12,32.0,0.15,0.15,0.21,71.0,verified,winticket_line_prediction,provider_forecast_structure_only,1.0,2.0,2.0,0.0,3,三分戦,,0.0,1,7,7,,0,1791456480,1791456180,1,2,1,2,,,,0,,,,,,,,,,0,,external_public_source,winticket,https://www.winticket.jp/keirin/hiratsuka/racecard/2026100835/1/11,review_required,race_features_v1,森川大輔,S級,予選,2025
113520261008,2026-10-08,平塚,11,15694,2,2,26,男,123,群馬,2,1,2,95.4,0.0,0.0,0.086,8,1,0,0,0,0,3.92,0,逃,5.222222222222222,10,,9,,0.0,0.0,0.0,3.0,,,,0.0,0.0,0.05,0.08,34.0,0.1,0.07,0.12,39.0,0.07,0.07,0.09,95.0,verified,winticket_line_prediction,provider_forecast_structure_only,2.0,1.0,2.0,1.0,3,三分戦,,0.0,1,7,7,,0,1791456480,1791456180,1,2,1,2,,,,0,,,,,,,,,,0,,external_public_source,winticket,https://www.winticket.jp/keirin/hiratsuka/racecard/2026100835/1/11,review_required,race_features_v1,浮島知稀,S級,予選,2025
113520261008,2026-10-08,平塚,11,15276,3,3,32,男,113,岡山,6,1,2,98.28,0.56,0.64,0.76,10,2,6,1,9,0,3.92,3,逃,3.9,10,,5,,0.5,0.33,0.0,6.0,,,,0.0,0.04,0.0,0.25,24.0,0.26,0.15,0.1,19.0,0.25,0.09,0.11,81.0,verified,winticket_line_prediction,provider_forecast_structure_only,3.0,1.0,3.0,1.0,3,三分戦,,0.0,1,7,7,,0,1791456480,1791456180,1,2,1,2,,,,0,,,,,,,,,,0,,external_public_source,winticket,https://www.winticket.jp/keirin/hiratsuka/racecard/2026100835/1/11,review_required,race_features_v1,佐伯亮輔,S級,予選,2025
113520261008,2026-10-08,平塚,11,15814,4,4,21,男,125,岐阜,4,1,2,107.8,0.259,0.37,0.518,9,3,3,0,6,1,3.92,1,逃,4.5,10,,9,,0.42,0.28,0.0,7.0,,,,0.0,0.46,0.3,0.06,30.0,0.39,0.07,0.1,38.0,0.37,0.2,0.07,81.0,verified,winticket_line_prediction,provider_forecast_structure_only,1.0,1.0,2.0,1.0,3,三分戦,,0.0,1,7,7,,0,1791456480,1791456180,1,2,1,2,,,,0,,,,,,,,,,0,,external_public_source,winticket,https://www.winticket.jp/keirin/hiratsuka/racecard/2026100835/1/11,review_required,race_features_v1,岩井芯,S級,予選,2025
113520261008,2026-10-08,平塚,11,14582,5,5,41,男,97,埼玉,2,1,2,97.12,0.16,0.32,0.32,0,1,0,4,2,2,3.92,0,追,3.8,10,,14,,0.25,0.25,0.25,4.0,,,,0.0,0.0,0.04,0.08,23.0,0.09,0.09,0.13,22.0,0.07,0.13,0.1,38.0,verified,winticket_line_prediction,provider_forecast_structure_only,2.0,2.0,2.0,0.0,3,三分戦,,0.0,1,7,7,,0,1791456480,1791456180,1,2,1,2,,,,0,,,,,,,,,,0,,external_public_source,winticket,https://www.winticket.jp/keirin/hiratsuka/racecard/2026100835/1/11,review_required,race_features_v1,平原啓多,S級,予選,2025
113520261008,2026-10-08,平塚,11,13803,6,6,46,男,86,徳島,7,1,2,93.8,0.05,0.1,0.15,0,1,0,1,0,1,3.92,0,両,5.6,10,,8,,0.33,0.0,0.66,3.0,,,,0.0,0.0,0.07,0.15,13.0,0.0,0.06,0.2,30.0,0.0,0.0,0.11,18.0,verified,winticket_line_prediction,provider_forecast_structure_only,3.0,3.0,3.0,0.0,3,三分戦,,0.0,1,7,7,,0,1791456480,1791456180,1,2,2,1,,,,0,,,,,,,,,,0,,external_public_source,winticket,https://www.winticket.jp/keirin/hiratsuka/racecard/2026100835/1/11,review_required,race_features_v1,三ツ石康洋,S級,予選,2025
113520261008,2026-10-08,平塚,11,14259,7,6,43,男,92,岡山,6,1,2,100.55,0.142,0.19,0.3329999999999999,0,2,0,3,0,1,3.92,4,追,3.7777777777777777,10,,5,,0.0,0.25,0.0,4.0,,,,0.0,0.03,0.1,0.21,28.0,0.03,0.06,0.18,32.0,0.1,0.15,0.05,39.0,verified,winticket_line_prediction,provider_forecast_structure_only,3.0,2.0,3.0,0.0,3,三分戦,,0.0,1,7,7,,0,1791456480,1791456180,1,2,1,2,,,,0,,,,,,,,,,0,,external_public_source,winticket,https://www.winticket.jp/keirin/hiratsuka/racecard/2026100835/1/11,review_required,race_features_v1,戸田洋平,S級,予選,2025
123520261008,2026-10-08,平塚,12,15328,1,1,26,男,115,福島,1,1,1,105.88,0.2,0.32,0.56,0,7,0,4,2,2,3.92,1,追,2.5,10,,5,,0.33,0.22,0.22,9.0,,,,0.0,0.0,0.0,1.0,1.0,0.19,0.26,0.11,26.0,0.21,0.25,0.14,64.0,verified,winticket_line_prediction,provider_forecast_structure_only,1.0,2.0,3.0,0.0,4,二分戦,,0.0,1,7,7,,0,1791458100,1791457800,1,1,1,2,,,,0,,,,,,,,,,0,,external_public_source,winticket,https://www.winticket.jp/keirin/hiratsuka/racecard/2026100835/1/12,review_required,race_features_v1,星野洋輝,S級,初特選,2025
123520261008,2026-10-08,平塚,12,14190,2,2,40,男,91,徳島,7,1,1,108.47,0.142,0.237,0.285,0,0,0,3,0,2,3.92,3,追,5.1,10,,17,,0.2,0.2,0.2,5.0,,,,0.0,0.0,0.18,0.18,11.0,0.2,0.1,0.15,40.0,0.05,0.0,0.27,18.0,verified,winticket_line_prediction,provider_forecast_structure_only,1.0,3.0,3.0,0.0,4,二分戦,,0.0,1,7,7,,0,1791458100,1791457800,1,1,1,1,,,,0,,,,,,,,,,0,,external_public_source,winticket,https://www.winticket.jp/keirin/hiratsuka/racecard/2026100835/1/12,review_required,race_features_v1,木村隆弘,S級,初特選,2025
123520261008,2026-10-08,平塚,12,15337,3,3,35,男,115,茨城,2,1,1,108.77,0.111,0.222,0.444,0,3,0,3,0,1,3.92,4,追,4.4,10,,9,,0.0,0.0,0.0,0.0,,,,0.0,0.14,0.0,0.0,7.0,0.05,0.1,0.1,19.0,0.19,0.16,0.1,56.0,verified,winticket_line_prediction,provider_forecast_structure_only,3.0,2.0,2.0,0.0,4,二分戦,,0.0,1,7,7,,0,1791458100,1791457800,1,1,1,1,,,,0,,,,,,,,,,0,,external_public_source,winticket,https://www.winticket.jp/keirin/hiratsuka/racecard/2026100835/1/12,review_required,race_features_v1,佐藤礼文,S級,初特選,2025
123520261008,2026-10-08,平塚,12,15093,4,4,35,男,109,山梨,2,1,1,101.66,0.055,0.055,0.222,4,4,0,0,1,0,3.92,0,両,4.5,10,,8,,0.33,0.0,0.0,3.0,,,,0.0,0.0,0.0,0.0,3.0,0.33,0.05,0.11,18.0,0.16,0.03,0.1,56.0,verified,winticket_line_prediction,provider_forecast_structure_only,3.0,1.0,2.0,1.0,4,二分戦,,0.0,1,7,7,,0,1791458100,1791457800,1,1,1,1,,,,0,,,,,,,,,,0,,external_public_source,winticket,https://www.winticket.jp/keirin/hiratsuka/racecard/2026100835/1/12,review_required,race_features_v1,末木浩二,S級,初特選,2025
123520261008,2026-10-08,平塚,12,15282,5,5,32,男,113,熊本,8,1,1,101.4,0.12,0.24,0.44,1,0,0,3,3,0,3.92,0,両,4.6,10,,17,,0.14,0.14,0.14,7.0,,,,0.0,1.0,0.0,0.0,1.0,0.31,0.1,0.26,19.0,0.0,0.0,0.0,2.0,verified,winticket_line_prediction,provider_forecast_structure_only,2.0,1.0,1.0,1.0,4,二分戦,,0.0,1,7,7,,0,1791458100,1791457800,1,1,1,2,,,,0,,,,,,,,,,0,,external_public_source,winticket,https://www.winticket.jp/keirin/hiratsuka/racecard/2026100835/1/12,review_required,race_features_v1,宮本隼輔,S級,初特選,2025
123520261008,2026-10-08,平塚,12,12834,6,6,52,男,73,大阪,5,1,1,97.64,0.071,0.214,0.321,0,3,0,3,1,2,3.93,0,追,3.4,10,,10,,0.0,0.16,0.0,6.0,,,,0.0,0.0,0.0,0.0,1.0,0.11,0.17,0.11,17.0,0.0,0.0,0.5,2.0,verified,winticket_line_prediction,provider_forecast_structure_only,4.0,1.0,1.0,1.0,4,二分戦,,0.0,1,7,7,,0,1791458100,1791457800,1,1,1,1,,,,0,,,,,,,,,,0,,external_public_source,winticket,https://www.winticket.jp/keirin/hiratsuka/racecard/2026100835/1/12,review_required,race_features_v1,松田治之,S級,初特選,2025
123520261008,2026-10-08,平塚,12,15436,7,6,32,男,117,神奈川,3,1,1,110.0,0.3329999999999999,0.466,0.5329999999999999,10,0,4,2,8,0,3.92,2,逃,3.6,10,,9,,0.5,0.1,0.1,10.0,,,,0.0,0.26,0.13,0.13,15.0,0.21,0.18,0.07,38.0,0.28,0.17,0.09,85.0,verified,winticket_line_prediction,provider_forecast_structure_only,1.0,1.0,3.0,1.0,4,二分戦,,0.0,1,7,7,,0,1791458100,1791457800,1,1,1,1,,,,0,,,,,,,,,,0,,external_public_source,winticket,https://www.winticket.jp/keirin/hiratsuka/racecard/2026100835/1/12,review_required,race_features_v1,青野将大,S級,初特選,2025
013820261008,2026-10-08,静岡,1,14276,1,1,40,男,93,北海道,1,2,3,70.9,0.19,0.284,0.38,10,2,5,1,0,0,3.92,1,両,5.0,10,7.0,1,,0.33,0.0,0.0,3.0,,,,0.0,0.19,0.07,0.15,26.0,0.22,0.11,0.0,9.0,0.21,0.1,0.07,28.0,verified,winticket_line_prediction,provider_forecast_structure_only,1.0,1.0,3.0,1.0,4,二分戦,,0.0,2,7,7,,0,1791424680,1791424380,2,3,2,3,,,,0,,,,,,,,,,0,,external_public_source,winticket,https://www.winticket.jp/keirin/shizuoka/racecard/2026100738/2/1,review_required,race_features_v1,坂本敏也,A級,チャレンジ一般,1625
013820261008,2026-10-08,静岡,1,13728,2,2,48,男,85,奈良,5,2,3,69.72,0.0,0.217,0.347,0,8,0,1,0,4,3.86,3,追,4.444444444444445,10,6.0,1,,0.0,0.0,0.0,0.0,,,,0.0,0.02,0.3,0.17,40.0,0.03,0.2,0.13,29.0,0.0,0.16,0.2,25.0,verified,winticket_line_prediction,provider_forecast_structure_only,1.0,3.0,3.0,0.0,4,二分戦,,0.0,2,7,7,,0,1791424680,1791424380,2,3,2,3,,,,0,,,,,,,,,,0,,external_public_source,winticket,https://www.winticket.jp/keirin/shizuoka/racecard/2026100738/2/1,review_required,race_features_v1,伊狩知人,A級,チャレンジ一般,1625
013820261008,2026-10-08,静岡,1,14810,3,3,38,男,100,埼玉,2,2,3,69.28,0.071,0.214,0.285,8,4,5,0,0,1,3.92,0,両,4.5,10,7.0,1,,0.0,0.16,0.0,6.0,,,,0.0,0.05,0.11,0.05,54.0,0.06,0.06,0.06,15.0,0.04,0.11,0.03,63.0,verified,winticket_line_prediction,provider_forecast_structure_only,4.0,1.0,2.0,1.0,4,二分戦,,0.0,2,7,7,,0,1791424680,1791424380,2,3,2,2,,,,0,,,,,,,,,,0,,external_public_source,winticket,https://www.winticket.jp/keirin/shizuoka/racecard/2026100738/2/1,review_required,race_features_v1,小川辰徳,A級,チャレンジ一般,1625
013820261008,2026-10-08,静岡,1,12092,4,4,57,男,64,神奈川,3,2,3,71.76,0.0,0.152,0.384,0,0,0,0,0,2,3.92,2,追,4.6,10,6.0,1,,0.0,0.0,0.0,0.0,,,,0.0,0.0,0.08,0.2,24.0,0.0,0.0,0.21,14.0,0.0,0.09,0.09,22.0,verified,winticket_line_prediction,provider_forecast_structure_only,1.0,2.0,3.0,0.0,4,二分戦,,0.0,2,7,7,,0,1791424680,1791424380,2,3,2,3,,,,0,,,,,,,,,,0,,external_public_source,winticket,https://www.winticket.jp/keirin/shizuoka/racecard/2026100738/2/1,review_required,race_features_v1,高木隆弘,A級,チャレンジ一般,1625
013820261008,2026-10-08,静岡,1,12529,5,5,54,男,69,大阪,5,2,3,70.55,0.111,0.185,0.3329999999999999,0,3,0,3,0,2,3.86,4,追,4.1,10,5.0,1,,0.0,0.0,0.33,6.0,,,,0.0,0.1,0.14,0.1,47.0,0.06,0.06,0.2,15.0,0.0,0.2,0.06,15.0,verified,winticket_line_prediction,provider_forecast_structure_only,2.0,1.0,1.0,1.0,4,二分戦,,0.0,2,7,7,,0,1791424680,1791424380,2,3,2,2,,,,0,,,,,,,,,,0,,external_public_source,winticket,https://www.winticket.jp/keirin/shizuoka/racecard/2026100738/2/1,review_required,race_features_v1,木本賢二,A級,チャレンジ一般,1625
013820261008,2026-10-08,静岡,1,11990,6,6,57,男,63,埼玉,2,2,3,67.5,0.073,0.111,0.37,0,2,0,2,0,1,3.92,0,追,5.6,10,7.0,1,,0.1,0.2,0.2,10.0,,,,0.0,0.11,0.14,0.28,42.0,0.1,0.16,0.26,30.0,0.11,0.17,0.17,51.0,verified,winticket_line_prediction,provider_forecast_structure_only,4.0,2.0,2.0,0.0,4,二分戦,,0.0,2,7,7,,0,1791424680,1791424380,2,3,2,3,,,,0,,,,,,,,,,0,,external_public_source,winticket,https://www.winticket.jp/keirin/shizuoka/racecard/2026100738/2/1,review_required,race_features_v1,茂木和臣,A級,チャレンジ一般,1625
013820261008,2026-10-08,静岡,1,13261,7,6,51,男,79,愛知,4,2,3,69.59,0.036,0.259,0.37,0,5,0,3,0,4,3.92,0,追,4.5,10,5.0,1,,0.0,0.22,0.22,9.0,,,,0.0,0.07,0.27,0.07,55.0,0.02,0.18,0.15,44.0,0.05,0.05,0.11,17.0,verified,winticket_line_prediction,provider_forecast_structure_only,3.0,1.0,1.0,1.0,4,二分戦,,0.0,2,7,7,,0,1791424680,1791424380,2,3,2,3,,,,0,,,,,,,,,,0,,external_public_source,winticket,https://www.winticket.jp/keirin/shizuoka/racecard/2026100738/2/1,review_required,race_features_v1,柴田昌樹,A級,チャレンジ一般,1625
023820261008,2026-10-08,静岡,2,13421,1,1,50,男,81,静岡,3,2,3,70.83,0.04,0.2,0.32,0,0,0,2,0,3,3.92,3,追,4.2,10,,2,,0.0,0.0,0.33,3.0,,,,0.0,0.04,0.13,0.2,43.0,0.0,0.0,0.33,9.0,0.06,0.09,0.09,31.0,verified,winticket_line_prediction,provider_forecast_structure_only,1.0,2.0,3.0,0.0,3,二分戦,,0.0,2,7,7,,0,1791426360,1791426060,2,3,2,3,,,,0,,,,,,,,,,0,,external_public_source,winticket,https://www.winticket.jp/keirin/shizuoka/racecard/2026100738/2/2,review_required,race_features_v1,富澤洋祐,A級,チャレンジ一般,1625
023820261008,2026-10-08,静岡,2,15905,2,2,24,男,127,富山,4,2,3,67.79,0.083,0.125,0.208,9,3,1,2,0,0,3.92,4,逃,4.6,10,6.0,1,,0.0,0.0,0.0,0.0,,,,0.0,0.13,0.11,0.11,44.0,0.2,0.15,0.15,20.0,0.1,0.11,0.12,85.0,verified,winticket_line_prediction,provider_forecast_structure_only,3.0,1.0,3.0,1.0,3,二分戦,,0.0,2,7,7,,0,1791426360,1791426060,2,3,2,3,,,,0,,,,,,,,,,0,,external_public_source,winticket,https://www.winticket.jp/keirin/shizuoka/racecard/2026100738/2/2,review_required,race_features_v1,上野幸星,A級,チャレンジ一般,1625
023820261008,2026-10-08,静岡,2,13998,3,3,44,男,89,福島,1,2,3,69.94,0.0,0.222,0.3329999999999999,1,0,0,1,2,1,3.92,0,両,4.666666666666667,10,5.0,1,,0.0,0.33,0.0,3.0,,,,0.0,0.16,0.22,0.12,31.0,0.06,0.18,0.06,16.0,0.08,0.21,0.04,23.0,verified,winticket_line_prediction,provider_forecast_structure_only,2.0,1.0,1.0,1.0,3,二分戦,,0.0,2,7,7,,0,1791426360,1791426060,2,3,2,3,,,,0,,,,,,,,,,0,,external_public_source,winticket,https://www.winticket.jp/keirin/shizuoka/racecard/2026100738/2/2,review_required,race_features_v1,桂馬将人,A級,チャレンジ一般,1625
023820261008,2026-10-08,静岡,2,14382,4,4,40,男,94,神奈川,3,2,3,69.16,0.266,0.3329999999999999,0.4,7,0,5,2,3,0,3.92,1,両,4.2,10,7.0,1,,0.41,0.16,0.16,12.0,,,,0.0,0.42,0.04,0.02,50.0,0.5,0.0,0.0,4.0,0.31,0.05,0.04,91.0,verified,winticket_line_prediction,provider_forecast_structure_only,1.0,1.0,3.0,1.0,3,二分戦,,0.0,2,7,7,,0,1791426360,1791426060,2,3,2,3,,,,0,,,,,,,,,,0,,external_public_source,winticket,https://www.winticket.jp/keirin/shizuoka/racecard/2026100738/2/2,review_required,race_features_v1,伊藤翼,A級,チャレンジ一般,1625
023820261008,2026-10-08,静岡,2,13049,5,5,51,男,76,京都,5,2,3,72.95,0.095,0.237,0.38,0,0,0,3,0,2,3.92,2,追,3.6,10,5.0,1,,0.0,0.16,0.0,6.0,,,,0.0,0.03,0.09,0.16,31.0,0.0,0.09,0.22,22.0,0.08,0.21,0.1,37.0,verified,winticket_line_prediction,provider_forecast_structure_only,3.0,2.0,3.0,0.0,3,二分戦,,0.0,2,7,7,,0,1791426360,1791426060,2,3,2,3,,,,0,,,,,,,,,,0,,external_public_source,winticket,https://www.winticket.jp/keirin/shizuoka/racecard/2026100738/2/2,review_required,race_features_v1,南大輔,A級,チャレンジ一般,1625
023820261008,2026-10-08,静岡,2,12277,6,6,58,男,66,千葉,3,2,3,63.77,0.0,0.036,0.037,0,0,0,1,0,0,3.92,0,追,6.4,10,7.0,1,,0.0,0.12,0.0,8.0,,,,0.0,0.01,0.07,0.08,56.0,0.0,0.0,0.0,10.0,0.0,0.03,0.07,51.0,verified,winticket_line_prediction,provider_forecast_structure_only,1.0,3.0,3.0,0.0,3,二分戦,,0.0,2,7,7,,0,1791426360,1791426060,2,3,2,3,,,,0,,,,,,,,,,0,,external_public_source,winticket,https://www.winticket.jp/keirin/shizuoka/racecard/2026100738/2/2,review_required,race_features_v1,井上典善,A級,チャレンジ一般,1625
023820261008,2026-10-08,静岡,2,14483,7,6,40,男,95,兵庫,5,2,3,68.66,0.083,0.166,0.416,0,0,0,3,0,1,3.92,0,追,4.5,10,6.0,1,,0.0,0.33,0.0,3.0,,,,0.0,0.12,0.19,0.19,41.0,0.0,0.18,0.37,16.0,0.02,0.1,0.24,37.0,verified,winticket_line_prediction,provider_forecast_structure_only,3.0,3.0,3.0,0.0,3,二分戦,,0.0,2,7,7,,0,1791426360,1791426060,2,3,2,3,,,,0,,,,,,,,,,0,,external_public_source,winticket,https://www.winticket.jp/keirin/shizuoka/racecard/2026100738/2/2,review_required,race_features_v1,竜門孝宗,A級,チャレンジ一般,1625
033820261008,2026-10-08,静岡,3,14434,1,1,38,男,95,宮城,1,2,3,74.38,0.142,0.284,0.428,0,6,0,5,0,1,3.92,0,追,3.6,10,2.0,1,,0.0,0.22,0.11,9.0,,,,0.0,0.0,0.21,0.0,14.0,0.0,0.31,0.05,19.0,0.0,0.0,0.28,7.0,verified,winticket_line_prediction,provider_forecast_structure_only,2.0,1.0,1.0,1.0,3,二分戦,,0.0,2,7,7,,0,1791428040,1791427740,2,3,2,3,,,,0,,,,,,,,,,0,,external_public_source,winticket,https://www.winticket.jp/keirin/shizuoka/racecard/2026100738/2/3,review_required,race_features_v1,山崎功也,A級,チャレンジ準決勝,1625
033820261008,2026-10-08,静岡,3,15997,2,2,23,男,129,福井,5,2,3,75.75,0.475,0.713,0.7140000000000001,15,7,8,1,5,1,3.92,1,逃,2.6,10,3.0,1,,0.0,0.0,0.0,3.0,,,,0.0,0.4,0.4,0.0,5.0,0.38,0.07,0.07,13.0,0.47,0.19,0.04,21.0,verified,winticket_line_prediction,provider_forecast_structure_only,1.0,1.0,3.0,1.0,3,二分戦,,0.0,2,7,7,,0,1791428040,1791427740,2,3,2,3,,,,0,,,,,,,,,,0,,external_public_source,winticket,https://www.winticket.jp/keirin/shizuoka/racecard/2026100738/2/3,review_required,race_features_v1,片岡遼真,A級,チャレンジ準決勝,1625
033820261008,2026-10-08,静岡,3,15698,3,3,26,男,123,埼玉,2,2,3,77.21,0.466,0.6659999999999999,0.8,7,0,5,0,4,1,3.92,2,逃,1.8888888888888888,10,2.0,1,,0.08,0.08,0.16,12.0,,,,0.0,0.16,0.08,0.08,12.0,0.0,0.25,0.18,16.0,0.17,0.15,0.13,79.0,verified,winticket_line_prediction,provider_forecast_structure_only,3.0,1.0,3.0,1.0,3,二分戦,,0.0,2,7,7,,0,1791428040,1791427740,2,3,2,1,,,,0,,,,,,,,,,0,,external_public_source,winticket,https://www.winticket.jp/keirin/shizuoka/racecard/2026100738/2/3,review_required,race_features_v1,佐藤譲士郎,A級,チャレンジ準決勝,1625
033820261008,2026-10-08,静岡,3,14432,4,4,39,男,95,宮城,1,2,3,70.57,0.047,0.095,0.3329999999999999,1,4,0,1,0,1,3.92,0,追,4.8,10,4.0,1,,0.33,0.33,0.0,3.0,,,,0.0,0.0,0.06,0.06,15.0,0.0,0.2,0.1,10.0,0.06,0.13,0.4,15.0,verified,winticket_line_prediction,provider_forecast_structure_only,1.0,3.0,3.0,0.0,3,二分戦,,0.0,2,7,7,,0,1791428040,1791427740,2,3,2,3,,,,0,,,,,,,,,,0,,external_public_source,winticket,https://www.winticket.jp/keirin/shizuoka/racecard/2026100738/2/3,review_required,race_features_v1,相澤恵一,A級,チャレンジ準決勝,1625
033820261008,2026-10-08,静岡,3,14179,5,5,41,男,91,奈良,5,2,3,71.21,0.142,0.214,0.357,1,3,0,2,1,0,3.92,3,両,3.2,10,3.0,1,,0.0,0.0,0.0,0.0,,,,0.0,0.5,0.0,0.0,2.0,0.0,0.1,0.3,10.0,0.07,0.07,0.23,13.0,verified,winticket_line_prediction,provider_forecast_structure_only,1.0,2.0,3.0,0.0,3,二分戦,,0.0,2,7,7,,0,1791428040,1791427740,2,3,2,3,,,,0,,,,,,,,,,0,,external_public_source,winticket,https://www.winticket.jp/keirin/shizuoka/racecard/2026100738/2/3,review_required,race_features_v1,肥後公允,A級,チャレンジ準決勝,1625
033820261008,2026-10-08,静岡,3,11792,6,6,58,男,61,長野,2,2,3,68.48,0.036,0.073,0.296,0,0,0,0,1,1,3.86,0,両,4.3,10,3.0,1,,0.0,0.33,0.0,3.0,,,,0.0,0.0,0.0,0.25,8.0,0.0,0.0,0.3,13.0,0.04,0.0,0.3,23.0,verified,winticket_line_prediction,provider_forecast_structure_only,3.0,3.0,3.0,0.0,3,二分戦,,0.0,2,7,7,,0,1791428040,1791427740,2,3,2,3,,,,0,,,,,,,,,,0,,external_public_source,winticket,https://www.winticket.jp/keirin/shizuoka/racecard/2026100738/2/3,review_required,race_features_v1,木下章,A級,チャレンジ準決勝,1625
033820261008,2026-10-08,静岡,3,13549,7,6,48,男,83,群馬,2,2,3,74.07,0.147,0.259,0.5920000000000001,0,14,0,5,0,2,3.92,4,追,3.9,10,1.0,1,,0.0,0.0,0.25,4.0,,,,0.0,0.03,0.19,0.19,26.0,0.25,0.05,0.2,20.0,0.16,0.17,0.18,74.0,verified,winticket_line_prediction,provider_forecast_structure_only,3.0,2.0,3.0,0.0,3,二分戦,,0.0,2,7,7,,0,1791428040,1791427740,2,3,2,3,,,,0,,,,,,,,,,0,,external_public_source,winticket,https://www.winticket.jp/keirin/shizuoka/racecard/2026100738/2/3,review_required,race_features_v1,堀勝政,A級,チャレンジ準決勝,1625
043820261008,2026-10-08,静岡,4,14392,1,1,39,男,94,岐阜,4,2,3,75.55,0.147,0.444,0.5920000000000001,0,5,0,6,0,6,3.92,2,追,2.2,10,1.0,1,,0.16,0.33,0.16,6.0,,,,0.0,0.0,0.21,0.14,14.0,0.26,0.04,0.17,23.0,0.24,0.22,0.15,53.0,verified,winticket_line_prediction,provider_forecast_structure_only,3.0,2.0,3.0,0.0,3,二分戦,,0.0,2,7,7,,0,1791429720,1791429420,2,3,2,2,,,,0,,,,,,,,,,0,,external_public_source,winticket,https://www.winticket.jp/keirin/shizuoka/racecard/2026100738/2/4,review_required,race_features_v1,北村篤,A級,チャレンジ準決勝,1625
043820261008,2026-10-08,静岡,4,15967,2,2,24,男,129,栃木,2,2,3,79.71,0.6659999999999999,0.809,0.904,8,6,7,2,8,0,3.85,1,逃,1.7,10,3.0,1,,0.16,0.33,0.16,6.0,,,,0.0,0.83,0.16,0.0,6.0,0.2,0.1,0.2,10.0,0.63,0.13,0.13,22.0,verified,winticket_line_prediction,provider_forecast_structure_only,1.0,1.0,3.0,1.0,3,二分戦,,0.0,2,7,7,,0,1791429720,1791429420,2,3,2,3,,,,0,,,,,,,,,,0,,external_public_source,winticket,https://www.winticket.jp/keirin/shizuoka/racecard/2026100738/2/4,review_required,race_features_v1,田崎隼翔,A級,チャレンジ準決勝,1625
043820261008,2026-10-08,静岡,4,14994,3,3,38,男,105,神奈川,3,2,3,76.66,0.0,0.3329999999999999,0.6659999999999999,0,0,0,0,0,1,3.85,4,逃,4.6,10,5.0,1,,0.33,0.0,0.0,3.0,,,,0.0,0.0,0.4,0.0,5.0,0.28,0.14,0.14,7.0,0.0,0.0,0.0,2.0,verified,winticket_line_prediction,provider_forecast_structure_only,3.0,3.0,3.0,0.0,3,二分戦,,0.0,2,7,7,,0,1791429720,1791429420,2,3,2,3,,,,0,,,,,,,,,,0,,external_public_source,winticket,https://www.winticket.jp/keirin/shizuoka/racecard/2026100738/2/4,review_required,race_features_v1,野口修平,A級,チャレンジ準決勝,1625
043820261008,2026-10-08,静岡,4,13926,4,4,47,男,88,栃木,2,2,3,71.18,0.073,0.222,0.407,0,8,0,3,0,3,3.85,0,追,3.7,10,1.0,1,,0.0,0.16,0.5,6.0,,,,0.0,0.0,0.04,0.14,21.0,0.07,0.14,0.14,14.0,0.08,0.21,0.21,47.0,verified,winticket_line_prediction,provider_forecast_structure_only,1.0,2.0,3.0,0.0,3,二分戦,,0.0,2,7,7,,0,1791429720,1791429420,2,3,2,3,,,,0,,,,,,,,,,0,,external_public_source,winticket,https://www.winticket.jp/keirin/shizuoka/racecard/2026100738/2/4,review_required,race_features_v1,早坂道義,A級,チャレンジ準決勝,1625
043820261008,2026-10-08,静岡,4,15998,5,5,25,男,129,京都,5,2,3,74.57,0.38,0.523,0.7140000000000001,11,2,6,0,5,0,3.92,3,逃,3.2,10,1.0,1,,0.33,0.33,0.0,3.0,,,,0.0,0.5,0.25,0.0,4.0,0.42,0.14,0.14,7.0,0.4,0.15,0.2,20.0,verified,winticket_line_prediction,provider_forecast_structure_only,3.0,1.0,3.0,1.0,3,二分戦,,0.0,2,7,7,,0,1791429720,1791429420,2,3,2,3,,,,0,,,,,,,,,,0,,external_public_source,winticket,https://www.winticket.jp/keirin/shizuoka/racecard/2026100738/2/4,review_required,race_features_v1,木曽田晃大,A級,チャレンジ準決勝,1625
043820261008,2026-10-08,静岡,4,14496,6,6,42,男,96,埼玉,2,2,3,68.51,0.036,0.073,0.222,0,0,0,1,0,1,3.92,0,追,4.7,10,2.0,1,,0.0,0.0,0.0,3.0,,,,0.0,0.0,0.0,0.42,7.0,0.0,0.1,0.1,20.0,0.0,0.07,0.07,26.0,verified,winticket_line_prediction,provider_forecast_structure_only,1.0,3.0,3.0,0.0,3,二分戦,,0.0,2,7,7,,0,1791429720,1791429420,2,3,2,2,,,,0,,,,,,,,,,0,,external_public_source,winticket,https://www.winticket.jp/keirin/shizuoka/racecard/2026100738/2/4,review_required,race_features_v1,天沼雅貴,A級,チャレンジ準決勝,1625
043820261008,2026-10-08,静岡,4,12878,7,6,55,男,74,神奈川,3,2,3,73.6,0.0,0.35,0.6,0,0,0,1,0,6,3.92,0,追,3.4,10,2.0,1,,0.08,0.0,0.0,12.0,,,,0.0,0.0,0.2,0.2,5.0,0.05,0.05,0.11,17.0,0.0,0.06,0.06,15.0,verified,winticket_line_prediction,provider_forecast_structure_only,2.0,1.0,1.0,1.0,3,二分戦,,0.0,2,7,7,,0,1791429720,1791429420,2,3,2,2,,,,0,,,,,,,,,,0,,external_public_source,winticket,https://www.winticket.jp/keirin/shizuoka/racecard/2026100738/2/4,review_required,race_features_v1,安藤宜明,A級,チャレンジ準決勝,1625
053820261008,2026-10-08,静岡,5,14381,1,1,48,男,94,千葉,3,2,3,68.71,0.066,0.133,0.266,0,0,0,1,0,1,3.92,0,追,4.333333333333333,10,4.0,1,,0.0,0.0,0.0,4.0,,,,0.0,0.0,0.0,0.16,6.0,0.0,0.05,0.1,20.0,0.0,0.05,0.18,37.0,verified,winticket_line_prediction,provider_forecast_structure_only,1.0,3.0,3.0,0.0,3,三分戦,,0.0,2,7,7,,0,1791431520,1791431220,2,3,2,3,,,,0,,,,,,,,,,0,,external_public_source,winticket,https://www.winticket.jp/keirin/shizuoka/racecard/2026100738/2/5,review_required,race_features_v1,吉澤賢,A級,チャレンジ準決勝,1625
053820261008,2026-10-08,静岡,5,12893,2,2,53,男,74,愛知,4,2,3,70.9,0.133,0.266,0.433,0,1,0,7,0,1,3.92,0,追,4.2,10,4.0,1,,0.0,0.33,0.0,3.0,,,,0.0,0.0,0.13,0.13,15.0,0.0,0.42,0.28,7.0,0.08,0.19,0.08,47.0,verified,winticket_line_prediction,provider_forecast_structure_only,2.0,2.0,2.0,0.0,3,三分戦,,0.0,2,7,7,,0,1791431520,1791431220,2,3,2,3,,,,0,,,,,,,,,,0,,external_public_source,winticket,https://www.winticket.jp/keirin/shizuoka/racecard/2026100738/2/5,review_required,race_features_v1,吉野猛,A級,チャレンジ準決勝,1625
053820261008,2026-10-08,静岡,5,15241,3,3,38,男,113,福島,1,2,3,72.03,0.147,0.406,0.5920000000000001,10,2,6,2,3,0,3.92,3,逃,3.0,10,4.0,1,,0.0,0.0,0.2,5.0,,,,0.0,0.0,0.16,0.16,6.0,0.0,0.12,0.25,16.0,0.08,0.18,0.1,74.0,verified,winticket_line_prediction,provider_forecast_structure_only,3.0,1.0,2.0,1.0,3,三分戦,,0.0,2,7,7,,0,1791431520,1791431220,2,3,2,2,,,,0,,,,,,,,,,0,,external_public_source,winticket,https://www.winticket.jp/keirin/shizuoka/racecard/2026100738/2/5,review_required,race_features_v1,山田祐太,A級,チャレンジ準決勝,1625
053820261008,2026-10-08,静岡,5,12885,4,4,54,男,74,静岡,3,2,3,68.52,0.0,0.0,0.176,0,1,0,0,0,0,3.92,2,追,4.8,10,2.0,1,,0.0,0.12,0.0,8.0,,,,0.0,0.0,0.0,0.0,7.0,0.0,0.1,0.4,10.0,0.0,0.12,0.18,16.0,verified,winticket_line_prediction,provider_forecast_structure_only,1.0,2.0,3.0,0.0,3,三分戦,,0.0,2,7,7,,0,1791431520,1791431220,2,3,2,3,,,,0,,,,,,,,,,0,,external_public_source,winticket,https://www.winticket.jp/keirin/shizuoka/racecard/2026100738/2/5,review_required,race_features_v1,田中智也,A級,チャレンジ準決勝,1625
053820261008,2026-10-08,静岡,5,13521,5,5,51,男,83,北海道,1,2,3,72.54,0.076,0.2689999999999999,0.423,0,0,0,5,0,2,3.92,4,追,3.0,10,4.0,1,,0.0,0.0,0.33,3.0,,,,0.0,0.0,0.2,0.32,25.0,0.12,0.06,0.25,16.0,0.07,0.33,0.15,65.0,verified,winticket_line_prediction,provider_forecast_structure_only,3.0,2.0,2.0,0.0,3,三分戦,,0.0,2,7,7,,0,1791431520,1791431220,2,3,2,3,,,,0,,,,,,,,,,0,,external_public_source,winticket,https://www.winticket.jp/keirin/shizuoka/racecard/2026100738/2/5,review_required,race_features_v1,中野良,A級,チャレンジ準決勝,1625
053820261008,2026-10-08,静岡,5,15355,6,6,29,男,115,愛知,4,2,3,68.09,0.0,0.237,0.285,9,4,5,0,0,0,3.93,0,逃,4.3,10,3.0,1,,0.0,0.33,0.0,3.0,,,,0.0,0.08,0.25,0.0,12.0,0.0,0.12,0.25,8.0,0.02,0.2,0.13,69.0,verified,winticket_line_prediction,provider_forecast_structure_only,2.0,1.0,2.0,1.0,3,三分戦,,0.0,2,7,7,,0,1791431520,1791431220,2,3,2,3,,,,0,,,,,,,,,,0,,external_public_source,winticket,https://www.winticket.jp/keirin/shizuoka/racecard/2026100738/2/5,review_required,race_features_v1,磯村蓮太,A級,チャレンジ準決勝,1625
053820261008,2026-10-08,静岡,5,15986,7,6,21,男,129,静岡,3,2,3,79.55,0.619,0.809,0.809,17,3,15,0,2,0,3.92,1,逃,1.7,10,1.0,1,,0.66,0.0,0.0,3.0,,,,0.0,0.57,0.28,0.0,7.0,0.6,0.1,0.0,10.0,0.66,0.19,0.0,21.0,verified,winticket_line_prediction,provider_forecast_structure_only,1.0,1.0,3.0,1.0,3,三分戦,,0.0,2,7,7,,0,1791431520,1791431220,2,3,2,3,,,,0,,,,,,,,,,0,,external_public_source,winticket,https://www.winticket.jp/keirin/shizuoka/racecard/2026100738/2/5,review_required,race_features_v1,鈴木那樹,A級,チャレンジ準決勝,1625
063820261008,2026-10-08,静岡,6,15101,1,1,30,男,109,岐阜,4,2,2,81.19,0.047,0.19,0.3329999999999999,4,9,2,2,0,0,3.92,4,逃,4.0,10,3.0,1,,0.11,0.11,0.22,9.0,,,,0.0,0.05,0.14,0.24,57.0,0.05,0.1,0.21,38.0,0.05,0.08,0.19,92.0,verified,winticket_line_prediction,provider_forecast_structure_only,1.0,1.0,2.0,1.0,3,三分戦,,0.0,2,7,7,,0,1791433320,1791433020,2,2,2,2,,,,0,,,,,,,,,,0,,external_public_source,winticket,https://www.winticket.jp/keirin/shizuoka/racecard/2026100738/2/6,review_required,race_features_v1,松岡晋乃介,A級,特一般,1625
063820261008,2026-10-08,静岡,6,14456,2,2,45,男,95,千葉,3,2,2,80.91,0.0,0.083,0.291,0,1,0,0,1,1,3.92,0,追,4.7,10,4.0,1,,0.0,0.0,0.5,4.0,,,,0.0,0.0,0.05,0.25,36.0,0.0,0.09,0.09,11.0,0.0,0.0,0.26,23.0,verified,winticket_line_prediction,provider_forecast_structure_only,2.0,3.0,3.0,0.0,3,三分戦,,0.0,2,7,7,,0,1791433320,1791433020,2,2,2,1,,,,0,,,,,,,,,,0,,external_public_source,winticket,https://www.winticket.jp/keirin/shizuoka/racecard/2026100738/2/6,review_required,race_features_v1,亀井久幸,A級,特一般,1625
063820261008,2026-10-08,静岡,6,15247,3,3,32,男,113,埼玉,2,2,2,83.61,0.19,0.237,0.285,5,2,0,1,4,0,3.85,0,両,5.2,10,7.0,1,,0.08,0.16,0.16,12.0,,,,0.0,0.08,0.08,0.15,46.0,0.12,0.08,0.08,25.0,0.07,0.08,0.17,85.0,verified,winticket_line_prediction,provider_forecast_structure_only,3.0,1.0,2.0,1.0,3,三分戦,,0.0,2,7,7,,0,1791433320,1791433020,2,2,2,1,,,,0,,,,,,,,,,0,,external_public_source,winticket,https://www.winticket.jp/keirin/shizuoka/racecard/2026100738/2/6,review_required,race_features_v1,小玉勇一,A級,特一般,1625
063820261008,2026-10-08,静岡,6,14455,4,4,38,男,95,千葉,3,2,1,90.73,0.25,0.583,0.6659999999999999,0,9,0,9,0,5,3.92,1,追,3.111111111111111,10,5.0,1,,0.0,0.33,0.0,3.0,,,,0.0,0.33,0.29,0.08,24.0,0.12,0.28,0.24,25.0,0.25,0.27,0.08,72.0,verified,winticket_line_prediction,provider_forecast_structure_only,2.0,2.0,3.0,0.0,3,三分戦,,0.0,2,7,7,,0,1791433320,1791433020,2,1,2,1,,,,0,,,,,,,,,,0,,external_public_source,winticket,https://www.winticket.jp/keirin/shizuoka/racecard/2026100738/2/6,review_required,race_features_v1,小野裕次,A級,特一般,1625
063820261008,2026-10-08,静岡,6,14400,5,5,41,男,94,大阪,5,2,2,86.64,0.055,0.2769999999999999,0.3879999999999999,0,3,0,1,0,4,3.92,3,追,4.3,10,6.0,1,,0.0,0.0,0.0,0.0,,,,0.0,0.1,0.31,0.1,38.0,0.14,0.21,0.07,28.0,0.16,0.24,0.08,49.0,verified,winticket_line_prediction,provider_forecast_structure_only,1.0,2.0,2.0,0.0,3,三分戦,,0.0,2,7,7,,0,1791433320,1791433020,2,2,2,1,,,,0,,,,,,,,,,0,,external_public_source,winticket,https://www.winticket.jp/keirin/shizuoka/racecard/2026100738/2/6,review_required,race_features_v1,志水祐彦,A級,特一般,1625
063820261008,2026-10-08,静岡,6,13175,6,6,51,男,78,埼玉,2,2,2,77.12,0.0,0.0,0.04,0,0,0,0,0,0,3.92,0,追,5.9,10,6.0,1,,0.0,0.0,0.0,6.0,,,,0.0,0.0,0.03,0.09,33.0,0.0,0.09,0.0,11.0,0.0,0.0,0.09,11.0,verified,winticket_line_prediction,provider_forecast_structure_only,3.0,2.0,2.0,0.0,3,三分戦,,0.0,2,7,7,,0,1791433320,1791433020,2,2,2,2,,,,0,,,,,,,,,,0,,external_public_source,winticket,https://www.winticket.jp/keirin/shizuoka/racecard/2026100738/2/6,review_required,race_features_v1,峠祐介,A級,特一般,1625
063820261008,2026-10-08,静岡,6,13183,7,6,52,男,78,千葉,3,2,2,81.67,0.096,0.161,0.322,11,0,3,1,1,0,3.92,2,逃,5.5,10,7.0,1,,0.11,0.11,0.11,9.0,,,,0.0,0.12,0.18,0.15,64.0,0.03,0.03,0.17,28.0,0.09,0.11,0.11,94.0,verified,winticket_line_prediction,provider_forecast_structure_only,2.0,1.0,3.0,1.0,3,三分戦,,0.0,2,7,7,,0,1791433320,1791433020,2,2,2,2,,,,0,,,,,,,,,,0,,external_public_source,winticket,https://www.winticket.jp/keirin/shizuoka/racecard/2026100738/2/6,review_required,race_features_v1,坂木田雄介,A級,特一般,1625
073820261008,2026-10-08,静岡,7,14459,1,1,40,男,95,千葉,3,2,2,86.0,0.166,0.29,0.5,4,0,2,5,0,0,3.93,3,両,3.7,10,7.0,1,,0.25,0.25,0.0,12.0,,,,0.0,0.31,0.15,0.09,51.0,0.11,0.15,0.15,26.0,0.18,0.16,0.12,66.0,verified,winticket_line_prediction,provider_forecast_structure_only,2.0,1.0,2.0,1.0,3,三分戦,,0.0,2,7,7,,0,1791435120,1791434820,2,2,2,2,,,,0,,,,,,,,,,0,,external_public_source,winticket,https://www.winticket.jp/keirin/shizuoka/racecard/2026100738/2/7,review_required,race_features_v1,根藤浩二,A級,特一般,1625
073820261008,2026-10-08,静岡,7,15885,2,2,27,男,127,東京,2,2,2,81.66,0.095,0.237,0.285,9,1,5,0,0,0,3.92,1,逃,4.2,10,6.0,1,,0.0,0.33,0.33,3.0,,,,0.0,0.2,0.05,0.2,20.0,0.31,0.06,0.12,16.0,0.31,0.09,0.09,66.0,verified,winticket_line_prediction,provider_forecast_structure_only,1.0,1.0,3.0,1.0,3,三分戦,,0.0,2,7,7,,0,1791435120,1791434820,2,2,2,3,,,,0,,,,,,,,,,0,,external_public_source,winticket,https://www.winticket.jp/keirin/shizuoka/racecard/2026100738/2/7,review_required,race_features_v1,五輪拓巳,A級,特一般,1625
073820261008,2026-10-08,静岡,7,15266,3,3,38,男,113,愛知,4,2,1,83.22,0.0,0.0,0.222,0,0,0,0,0,0,3.92,0,追,4.2,10,4.0,1,,0.0,0.0,0.0,0.0,,,,0.0,0.16,0.05,0.22,18.0,0.0,0.27,0.09,11.0,0.21,0.09,0.18,32.0,verified,winticket_line_prediction,provider_forecast_structure_only,3.0,2.0,2.0,0.0,3,三分戦,,0.0,2,7,7,,0,1791435120,1791434820,2,1,2,1,,,,0,,,,,,,,,,0,,external_public_source,winticket,https://www.winticket.jp/keirin/shizuoka/racecard/2026100738/2/7,review_required,race_features_v1,福田真平,A級,特一般,1625
073820261008,2026-10-08,静岡,7,12963,4,4,52,男,75,神奈川,3,2,2,85.5,0.038,0.307,0.461,0,0,0,4,0,4,3.92,4,追,4.0,10,6.0,1,,0.08,0.08,0.25,12.0,,,,0.0,0.07,0.2,0.16,55.0,0.04,0.12,0.16,24.0,0.08,0.25,0.13,60.0,verified,winticket_line_prediction,provider_forecast_structure_only,2.0,2.0,2.0,0.0,3,三分戦,,0.0,2,7,7,,0,1791435120,1791434820,2,2,2,2,,,,0,,,,,,,,,,0,,external_public_source,winticket,https://www.winticket.jp/keirin/shizuoka/racecard/2026100738/2/7,review_required,race_features_v1,荻野哲,A級,特一般,1625
073820261008,2026-10-08,静岡,7,13548,5,5,48,男,83,群馬,2,2,2,80.41,0.0,0.083,0.3329999999999999,0,0,0,1,0,0,3.92,0,追,4.4,10,4.0,1,,0.0,0.0,0.0,0.0,,,,0.0,0.03,0.06,0.2,30.0,0.0,0.0,0.12,8.0,0.0,0.03,0.3,33.0,verified,winticket_line_prediction,provider_forecast_structure_only,1.0,3.0,3.0,0.0,3,三分戦,,0.0,2,7,7,,0,1791435120,1791434820,2,2,2,2,,,,0,,,,,,,,,,0,,external_public_source,winticket,https://www.winticket.jp/keirin/shizuoka/racecard/2026100738/2/7,review_required,race_features_v1,手島志誠,A級,特一般,1625
073820261008,2026-10-08,静岡,7,14941,6,6,34,男,103,福井,5,2,2,79.95,0.0,0.047,0.095,6,2,1,0,0,0,3.92,0,逃,5.5,10,5.0,1,,0.5,0.0,0.0,6.0,,,,0.0,0.17,0.08,0.05,35.0,0.29,0.0,0.03,27.0,0.18,0.08,0.07,69.0,verified,winticket_line_prediction,provider_forecast_structure_only,3.0,1.0,2.0,1.0,3,三分戦,,0.0,2,7,7,,0,1791435120,1791434820,2,2,2,2,,,,0,,,,,,,,,,0,,external_public_source,winticket,https://www.winticket.jp/keirin/shizuoka/racecard/2026100738/2/7,review_required,race_features_v1,江端隆司,A級,特一般,1625
073820261008,2026-10-08,静岡,7,12417,7,6,55,男,68,群馬,2,2,1,82.24,0.102,0.1369999999999999,0.31,0,2,0,2,1,1,3.92,2,追,4.6,10,5.0,1,,0.0,0.0,0.33,3.0,,,,0.0,0.16,0.04,0.14,49.0,0.15,0.05,0.05,19.0,0.17,0.09,0.05,52.0,verified,winticket_line_prediction,provider_forecast_structure_only,1.0,2.0,3.0,0.0,3,三分戦,,0.0,2,7,7,,0,1791435120,1791434820,2,1,2,1,,,,0,,,,,,,,,,0,,external_public_source,winticket,https://www.winticket.jp/keirin/shizuoka/racecard/2026100738/2/7,review_required,race_features_v1,須藤直道,A級,特一般,1625
083820261008,2026-10-08,静岡,8,15088,1,1,35,男,109,栃木,2,2,1,81.64,0.214,0.25,0.285,4,3,1,4,1,1,3.92,4,両,4.7,10,4.0,1,,0.33,0.11,0.33,9.0,,,,0.0,0.18,0.09,0.09,55.0,0.22,0.18,0.18,22.0,0.07,0.04,0.08,67.0,verified,winticket_line_prediction,provider_forecast_structure_only,2.0,1.0,2.0,1.0,3,三分戦,,0.0,2,7,7,,0,1791436920,1791436620,2,1,2,1,,,,0,,,,,,,,,,0,,external_public_source,winticket,https://www.winticket.jp/keirin/shizuoka/racecard/2026100738/2/8,review_required,race_features_v1,神山尚,A級,特一般,1625
083820261008,2026-10-08,静岡,8,13723,2,2,47,男,85,三重,4,2,2,81.55,0.0,0.0,0.111,0,0,0,0,0,0,3.92,0,両,4.7,10,5.0,1,,0.0,0.0,0.0,3.0,,,,0.0,0.02,0.11,0.09,42.0,0.0,0.14,0.09,21.0,0.02,0.05,0.2,40.0,verified,winticket_line_prediction,provider_forecast_structure_only,1.0,3.0,3.0,0.0,3,三分戦,,0.0,2,7,7,,0,1791436920,1791436620,2,2,2,2,,,,0,,,,,,,,,,0,,external_public_source,winticket,https://www.winticket.jp/keirin/shizuoka/racecard/2026100738/2/8,review_required,race_features_v1,高谷進太郎,A級,特一般,1625
083820261008,2026-10-08,静岡,8,14224,3,3,41,男,92,群馬,2,2,1,81.93,0.0,0.066,0.133,0,0,0,1,0,0,3.92,3,追,4.7,10,6.0,1,,0.0,0.5,0.16,6.0,,,,0.0,0.17,0.1,0.27,29.0,0.04,0.14,0.19,21.0,0.19,0.11,0.25,51.0,verified,winticket_line_prediction,provider_forecast_structure_only,3.0,2.0,2.0,0.0,3,三分戦,,0.0,2,7,7,,0,1791436920,1791436620,2,1,2,1,,,,0,,,,,,,,,,0,,external_public_source,winticket,https://www.winticket.jp/keirin/shizuoka/racecard/2026100738/2/8,review_required,race_features_v1,矢島一弥,A級,特一般,1625
083820261008,2026-10-08,静岡,8,12944,4,4,52,男,75,栃木,2,2,2,80.66,0.0,0.066,0.4,0,0,0,0,0,1,3.92,0,追,4.8,10,7.0,1,,0.0,0.5,0.5,2.0,,,,0.0,0.03,0.12,0.15,33.0,0.0,0.04,0.23,21.0,0.06,0.17,0.13,29.0,verified,winticket_line_prediction,provider_forecast_structure_only,2.0,2.0,2.0,0.0,3,三分戦,,0.0,2,7,7,,0,1791436920,1791436620,2,2,2,2,,,,0,,,,,,,,,,0,,external_public_source,winticket,https://www.winticket.jp/keirin/shizuoka/racecard/2026100738/2/8,review_required,race_features_v1,渡邊恭典,A級,特一般,1625
083820261008,2026-10-08,静岡,8,13482,5,5,52,男,82,富山,4,2,2,86.75,0.125,0.25,0.625,0,2,0,5,0,1,3.92,1,追,3.0,10,4.0,1,,0.0,0.0,0.0,0.0,,,,0.0,0.18,0.13,0.27,44.0,0.15,0.19,0.3,26.0,0.21,0.15,0.26,52.0,verified,winticket_line_prediction,provider_forecast_structure_only,1.0,2.0,3.0,0.0,3,三分戦,,0.0,2,7,7,,0,1791436920,1791436620,2,2,2,1,,,,0,,,,,,,,,,0,,external_public_source,winticket,https://www.winticket.jp/keirin/shizuoka/racecard/2026100738/2/8,review_required,race_features_v1,松崎貴久,A級,特一般,1625
083820261008,2026-10-08,静岡,8,15534,6,6,28,男,119,愛知,4,2,2,77.63,0.066,0.133,0.133,5,1,2,0,2,0,3.92,0,逃,4.6,10,5.0,1,,0.0,0.0,0.0,3.0,,,,0.0,0.11,0.16,0.08,72.0,0.13,0.09,0.0,22.0,0.06,0.1,0.08,92.0,verified,winticket_line_prediction,provider_forecast_structure_only,1.0,1.0,3.0,1.0,3,三分戦,,0.0,2,7,7,,0,1791436920,1791436620,2,2,2,2,,,,0,,,,,,,,,,0,,external_public_source,winticket,https://www.winticket.jp/keirin/shizuoka/racecard/2026100738/2/8,review_required,race_features_v1,牛田樹希斗,A級,特一般,1625
083820261008,2026-10-08,静岡,8,15796,7,6,25,男,125,埼玉,2,2,1,86.52,0.19,0.428,0.428,12,7,5,0,4,0,3.85,2,逃,3.9,10,7.0,1,,0.16,0.33,0.0,6.0,,,,0.0,0.25,0.45,0.08,24.0,0.0,0.33,0.0,9.0,0.22,0.29,0.08,87.0,verified,winticket_line_prediction,provider_forecast_structure_only,3.0,1.0,2.0,1.0,3,三分戦,,0.0,2,7,7,,0,1791436920,1791436620,2,1,2,2,,,,0,,,,,,,,,,0,,external_public_source,winticket,https://www.winticket.jp/keirin/shizuoka/racecard/2026100738/2/8,review_required,race_features_v1,川田真也,A級,特一般,1625
093820261008,2026-10-08,静岡,9,15327,1,1,27,男,115,宮城,1,2,1,90.84,0.263,0.526,0.526,9,3,7,0,2,1,3.92,3,逃,3.6,10,5.0,1,,0.0,0.0,0.0,0.0,,,,0.0,0.13,0.18,0.04,22.0,0.06,0.25,0.18,16.0,0.18,0.21,0.1,69.0,verified,winticket_line_prediction,provider_forecast_structure_only,1.0,1.0,2.0,1.0,3,三分戦,,0.0,2,7,7,,0,1791438720,1791438420,2,1,2,1,,,,0,,,,,,,,,,0,,external_public_source,winticket,https://www.winticket.jp/keirin/shizuoka/racecard/2026100738/2/9,review_required,race_features_v1,阿部架惟都,A級,準決勝,1625
093820261008,2026-10-08,静岡,9,15704,2,2,35,男,123,千葉,3,2,1,89.83,0.166,0.4579999999999999,0.4579999999999999,7,3,6,1,3,1,3.92,0,逃,2.8,10,2.0,1,,0.44,0.22,0.0,9.0,,,,0.0,0.3,0.07,0.11,26.0,0.3,0.13,0.06,30.0,0.28,0.22,0.05,75.0,verified,winticket_line_prediction,provider_forecast_structure_only,2.0,1.0,2.0,1.0,3,三分戦,,0.0,2,7,7,,0,1791438720,1791438420,2,1,2,1,,,,0,,,,,,,,,,0,,external_public_source,winticket,https://www.winticket.jp/keirin/shizuoka/racecard/2026100738/2/9,review_required,race_features_v1,坪内恒,A級,準決勝,1625
093820261008,2026-10-08,静岡,9,15462,3,3,33,男,117,三重,4,2,1,90.12,0.208,0.583,0.708,17,8,9,1,2,2,3.92,2,逃,3.0,10,2.0,1,,0.0,0.0,0.0,3.0,,,,0.0,0.09,0.27,0.09,22.0,0.09,0.27,0.09,22.0,0.16,0.14,0.12,81.0,verified,winticket_line_prediction,provider_forecast_structure_only,3.0,1.0,3.0,1.0,3,三分戦,,0.0,2,7,7,,0,1791438720,1791438420,2,1,2,1,,,,0,,,,,,,,,,0,,external_public_source,winticket,https://www.winticket.jp/keirin/shizuoka/racecard/2026100738/2/9,review_required,race_features_v1,溝口葵,A級,準決勝,1625
093820261008,2026-10-08,静岡,9,14796,4,4,34,男,100,宮城,1,2,1,90.76,0.13,0.26,0.391,0,6,0,3,0,3,3.92,4,追,5.375,10,6.0,1,,0.0,0.18,0.09,11.0,,,,0.0,0.1,0.1,0.1,10.0,0.02,0.08,0.13,45.0,0.07,0.12,0.1,40.0,verified,winticket_line_prediction,provider_forecast_structure_only,1.0,2.0,2.0,0.0,3,三分戦,,0.0,2,7,7,,0,1791438720,1791438420,2,1,1,1,,,,0,,,,,,,,,,0,,external_public_source,winticket,https://www.winticket.jp/keirin/shizuoka/racecard/2026100738/2/9,review_required,race_features_v1,保科千春,A級,準決勝,1625
093820261008,2026-10-08,静岡,9,12519,5,5,54,男,69,岐阜,4,2,1,91.47,0.083,0.208,0.5,0,4,0,3,0,2,3.93,1,追,3.8,10,4.0,1,,0.0,0.0,0.0,0.0,,,,0.0,0.22,0.22,0.22,9.0,0.1,0.07,0.12,56.0,0.12,0.07,0.18,64.0,verified,winticket_line_prediction,provider_forecast_structure_only,3.0,2.0,3.0,0.0,3,三分戦,,0.0,2,7,7,,0,1791438720,1791438420,2,1,1,2,,,,0,,,,,,,,,,0,,external_public_source,winticket,https://www.winticket.jp/keirin/shizuoka/racecard/2026100738/2/9,review_required,race_features_v1,藤原誠,A級,準決勝,1625
093820261008,2026-10-08,静岡,9,13775,6,6,49,男,86,静岡,3,2,1,84.73,0.0,0.133,0.4,0,2,0,1,0,1,3.85,0,追,4.4,10,1.0,1,,0.33,0.0,0.0,3.0,,,,0.0,0.14,0.0,0.07,14.0,0.18,0.12,0.12,16.0,0.18,0.25,0.09,43.0,verified,winticket_line_prediction,provider_forecast_structure_only,2.0,2.0,2.0,0.0,3,三分戦,,0.0,2,7,7,,0,1791438720,1791438420,2,1,2,2,,,,0,,,,,,,,,,0,,external_public_source,winticket,https://www.winticket.jp/keirin/shizuoka/racecard/2026100738/2/9,review_required,race_features_v1,鈴木良太,A級,準決勝,1625
093820261008,2026-10-08,静岡,9,14597,7,6,36,男,97,岐阜,4,2,2,85.14,0.142,0.237,0.38,0,1,0,3,1,1,3.92,0,追,3.7,10,3.0,1,,0.0,0.33,0.0,3.0,,,,0.0,0.08,0.16,0.33,12.0,0.19,0.09,0.33,21.0,0.0,0.0,0.23,13.0,verified,winticket_line_prediction,provider_forecast_structure_only,3.0,3.0,3.0,0.0,3,三分戦,,0.0,2,7,7,,0,1791438720,1791438420,2,2,2,1,,,,0,,,,,,,,,,0,,external_public_source,winticket,https://www.winticket.jp/keirin/shizuoka/racecard/2026100738/2/9,review_required,race_features_v1,上田隼,A級,準決勝,1625
103820261008,2026-10-08,静岡,10,15913,1,1,21,男,127,兵庫,5,2,2,92.35,0.4,0.7,0.8,13,3,9,1,4,0,3.92,1,逃,2.3,10,1.0,1,,0.66,0.0,0.0,3.0,,,,0.0,0.52,0.3,0.04,23.0,0.61,0.07,0.07,26.0,0.54,0.2,0.07,70.0,verified,winticket_line_prediction,provider_forecast_structure_only,2.0,1.0,3.0,1.0,3,三分戦,,0.0,2,7,7,,0,1791440520,1791440220,2,2,2,2,,,,0,,,,,,,,,,0,,external_public_source,winticket,https://www.winticket.jp/keirin/shizuoka/racecard/2026100738/2/10,review_required,race_features_v1,一守大葵,A級,準決勝,1625
103820261008,2026-10-08,静岡,10,14439,2,2,42,男,95,福島,1,2,1,86.91,0.125,0.3329999999999999,0.5,0,2,0,3,0,5,3.92,0,追,3.1,10,2.0,1,,0.25,0.16,0.25,12.0,,,,0.0,0.0,0.13,0.17,23.0,0.04,0.24,0.2,25.0,0.22,0.19,0.14,68.0,verified,winticket_line_prediction,provider_forecast_structure_only,1.0,2.0,2.0,0.0,3,三分戦,,0.0,2,7,7,,0,1791440520,1791440220,2,1,2,1,,,,0,,,,,,,,,,0,,external_public_source,winticket,https://www.winticket.jp/keirin/shizuoka/racecard/2026100738/2/10,review_required,race_features_v1,山崎司,A級,準決勝,1625
103820261008,2026-10-08,静岡,10,14078,3,3,42,男,90,千葉,3,2,1,85.38,0.166,0.3329999999999999,0.444,0,1,0,5,0,1,3.92,0,追,3.9,10,2.0,1,,0.0,0.0,0.0,3.0,,,,0.0,0.0,0.15,0.1,19.0,0.15,0.3,0.15,13.0,0.2,0.24,0.07,54.0,verified,winticket_line_prediction,provider_forecast_structure_only,3.0,2.0,2.0,0.0,3,三分戦,,0.0,2,7,7,,0,1791440520,1791440220,2,1,2,1,,,,0,,,,,,,,,,0,,external_public_source,winticket,https://www.winticket.jp/keirin/shizuoka/racecard/2026100738/2/10,review_required,race_features_v1,植草亮介,A級,準決勝,1625
103820261008,2026-10-08,静岡,10,14477,4,4,37,男,95,滋賀,5,2,1,92.09,0.237,0.3329999999999999,0.476,0,2,0,5,0,2,3.83,2,両,4.1,10,3.0,1,,0.5,0.0,0.16,6.0,,,,0.0,0.3,0.1,0.3,20.0,0.14,0.11,0.29,27.0,0.32,0.15,0.12,40.0,verified,winticket_line_prediction,provider_forecast_structure_only,2.0,2.0,3.0,0.0,3,三分戦,,0.0,2,7,7,,0,1791440520,1791440220,2,1,2,1,,,,0,,,,,,,,,,0,,external_public_source,winticket,https://www.winticket.jp/keirin/shizuoka/racecard/2026100738/2/10,review_required,race_features_v1,白上翔,A級,準決勝,1625
103820261008,2026-10-08,静岡,10,15332,5,5,29,男,115,福島,1,2,1,91.4,0.3329999999999999,0.475,0.476,13,4,4,0,6,0,3.92,4,逃,4.3,10,7.0,1,,0.18,0.06,0.12,16.0,,,,0.0,0.33,0.11,0.11,9.0,0.11,0.09,0.11,43.0,0.09,0.08,0.05,87.0,verified,winticket_line_prediction,provider_forecast_structure_only,1.0,1.0,2.0,1.0,3,三分戦,,0.0,2,7,7,,0,1791440520,1791440220,2,1,1,2,,,,0,,,,,,,,,,0,,external_public_source,winticket,https://www.winticket.jp/keirin/shizuoka/racecard/2026100738/2/10,review_required,race_features_v1,鈴木涼介,A級,準決勝,1625
103820261008,2026-10-08,静岡,10,15892,6,6,25,男,127,神奈川,3,2,2,79.33,0.047,0.19,0.238,8,5,2,1,0,1,3.92,0,逃,5.0,10,1.0,1,,0.0,0.0,0.0,3.0,,,,0.0,0.0,0.14,0.28,7.0,0.12,0.25,0.06,16.0,0.22,0.14,0.12,54.0,verified,winticket_line_prediction,provider_forecast_structure_only,3.0,1.0,2.0,1.0,3,三分戦,,0.0,2,7,7,,0,1791440520,1791440220,2,2,2,3,,,,0,,,,,,,,,,0,,external_public_source,winticket,https://www.winticket.jp/keirin/shizuoka/racecard/2026100738/2/10,review_required,race_features_v1,山本和瑳,A級,準決勝,1625
103820261008,2026-10-08,静岡,10,14390,7,6,42,男,94,愛知,4,2,1,88.72,0.08,0.2,0.56,0,0,0,3,0,2,3.93,3,追,4.1,10,1.0,1,,0.0,0.16,0.16,6.0,,,,0.0,0.0,0.11,0.19,26.0,0.09,0.12,0.15,32.0,0.0,0.09,0.18,11.0,verified,winticket_line_prediction,provider_forecast_structure_only,2.0,3.0,3.0,0.0,3,三分戦,,0.0,2,7,7,,0,1791440520,1791440220,2,1,2,1,,,,0,,,,,,,,,,0,,external_public_source,winticket,https://www.winticket.jp/keirin/shizuoka/racecard/2026100738/2/10,review_required,race_features_v1,愛敬博之,A級,準決勝,1625
113820261008,2026-10-08,静岡,11,15442,1,1,28,男,117,静岡,3,2,1,95.18,0.346,0.608,0.695,0,8,0,5,6,3,3.92,2,両,2.4444444444444446,10,2.0,1,,0.0,0.14,0.14,7.0,,,,0.0,0.23,0.23,0.14,21.0,0.14,0.18,0.07,27.0,0.23,0.17,0.09,52.0,verified,winticket_line_prediction,provider_forecast_structure_only,2.0,1.0,2.0,1.0,3,三分戦,,0.0,2,7,7,,0,1791442320,1791442020,2,1,1,2,,,,0,,,,,,,,,,0,,external_public_source,winticket,https://www.winticket.jp/keirin/shizuoka/racecard/2026100738/2/11,review_required,race_features_v1,仁藤秀,A級,準決勝,1625
113820261008,2026-10-08,静岡,11,14314,2,2,40,男,93,京都,5,2,2,86.78,0.15,0.4,0.55,7,6,5,3,0,0,3.93,0,逃,3.4,10,3.0,1,,0.16,0.33,0.0,6.0,,,,0.0,0.0,0.0,0.05,17.0,0.16,0.16,0.11,18.0,0.2,0.18,0.1,92.0,verified,winticket_line_prediction,provider_forecast_structure_only,3.0,1.0,2.0,1.0,3,三分戦,,0.0,2,7,7,,0,1791442320,1791442020,2,2,2,1,,,,0,,,,,,,,,,0,,external_public_source,winticket,https://www.winticket.jp/keirin/shizuoka/racecard/2026100738/2/11,review_required,race_features_v1,中川繁樹,A級,準決勝,1625
113820261008,2026-10-08,静岡,11,13985,3,3,44,男,89,青森,1,2,1,85.0,0.111,0.222,0.3329999999999999,0,1,0,1,0,1,3.92,0,追,4.3,10,2.0,1,,0.0,0.0,0.33,3.0,,,,0.0,0.06,0.06,0.18,16.0,0.11,0.07,0.14,27.0,0.16,0.14,0.16,42.0,verified,winticket_line_prediction,provider_forecast_structure_only,1.0,2.0,3.0,0.0,3,三分戦,,0.0,2,7,7,,0,1791442320,1791442020,2,1,2,1,,,,0,,,,,,,,,,0,,external_public_source,winticket,https://www.winticket.jp/keirin/shizuoka/racecard/2026100738/2/11,review_required,race_features_v1,高橋陽介,A級,準決勝,1625
113820261008,2026-10-08,静岡,11,13980,4,4,45,男,89,北海道,1,2,2,88.52,0.237,0.523,0.5710000000000001,6,13,4,4,2,1,3.92,3,両,2.6,10,1.0,1,,0.0,0.0,0.0,0.0,,,,0.0,0.15,0.15,0.05,20.0,0.21,0.21,0.15,19.0,0.26,0.22,0.1,67.0,verified,winticket_line_prediction,provider_forecast_structure_only,1.0,1.0,3.0,1.0,3,三分戦,,0.0,2,7,7,,0,1791442320,1791442020,2,2,2,1,,,,0,,,,,,,,,,0,,external_public_source,winticket,https://www.winticket.jp/keirin/shizuoka/racecard/2026100738/2/11,review_required,race_features_v1,森田康嗣,A級,準決勝,1625
113820261008,2026-10-08,静岡,11,14826,5,5,35,男,100,静岡,3,2,1,95.91,0.4579999999999999,0.6659999999999999,0.833,0,8,0,12,0,4,3.92,1,追,2.3,10,1.0,1,,0.42,0.14,0.0,7.0,,,,0.0,0.28,0.14,0.14,21.0,0.21,0.19,0.08,57.0,0.27,0.17,0.14,76.0,verified,winticket_line_prediction,provider_forecast_structure_only,2.0,2.0,2.0,0.0,3,三分戦,,0.0,2,7,7,,0,1791442320,1791442020,2,1,1,2,,,,0,,,,,,,,,,0,,external_public_source,winticket,https://www.winticket.jp/keirin/shizuoka/racecard/2026100738/2/11,review_required,race_features_v1,菅原裕太,A級,準決勝,1625
113820261008,2026-10-08,静岡,11,13601,6,6,47,男,84,青森,1,2,2,84.82,0.217,0.346,0.478,0,0,0,5,0,3,3.92,0,追,3.4,10,3.0,1,,0.08,0.25,0.0,12.0,,,,0.0,0.0,0.09,0.18,11.0,0.12,0.06,0.12,16.0,0.2,0.0,0.33,15.0,verified,winticket_line_prediction,provider_forecast_structure_only,1.0,3.0,3.0,0.0,3,三分戦,,0.0,2,7,7,,0,1791442320,1791442020,2,2,2,1,,,,0,,,,,,,,,,0,,external_public_source,winticket,https://www.winticket.jp/keirin/shizuoka/racecard/2026100738/2/11,review_required,race_features_v1,工藤政志,A級,準決勝,1625
113820261008,2026-10-08,静岡,11,14032,7,6,45,男,89,兵庫,5,2,1,87.33,0.222,0.2769999999999999,0.5,3,2,0,2,3,0,3.92,4,両,3.4,10,2.0,1,,0.33,0.0,0.33,3.0,,,,0.0,0.05,0.05,0.0,20.0,0.34,0.04,0.17,23.0,0.26,0.17,0.17,23.0,verified,winticket_line_prediction,provider_forecast_structure_only,3.0,2.0,2.0,0.0,3,三分戦,,0.0,2,7,7,,0,1791442320,1791442020,2,1,2,2,,,,0,,,,,,,,,,0,,external_public_source,winticket,https://www.winticket.jp/keirin/shizuoka/racecard/2026100738/2/11,review_required,race_features_v1,藤田真,A級,準決勝,1625
017420261008,2026-10-08,高知,1,14868,1,1,38,男,101,静岡,3,2,3,68.54,0.208,0.29,0.375,7,3,6,1,0,0,3.85,4,逃,4.4,10,7.0,1,,0.28,0.14,0.0,7.0,,,,0.0,0.22,0.15,0.04,45.0,0.12,0.09,0.09,31.0,0.13,0.1,0.11,76.0,verified,winticket_line_prediction,provider_forecast_structure_only,1.0,1.0,2.0,1.0,4,二分戦,,0.0,2,7,7,,0,1791415800,1791415500,2,3,2,3,,,,0,,,,,,,,,,0,,external_public_source,winticket,https://www.winticket.jp/keirin/kochi/racecard/2026100774/2/1,review_required,race_features_v1,小林寛弥,A級,チャレンジ一般,1500
017420261008,2026-10-08,高知,1,11427,2,2,60,男,57,徳島,7,2,3,67.24,0.102,0.102,0.241,0,0,0,3,0,0,3.93,0,追,4.8,10,,3,,0.0,0.0,0.0,0.0,,,,0.0,0.07,0.02,0.07,38.0,0.05,0.0,0.11,17.0,0.0,0.0,0.0,11.0,verified,winticket_line_prediction,provider_forecast_structure_only,3.0,1.0,1.0,1.0,4,二分戦,,0.0,2,7,7,,0,1791415800,1791415500,2,3,2,2,,,,0,,,,,,,,,,0,,external_public_source,winticket,https://www.winticket.jp/keirin/kochi/racecard/2026100774/2/1,review_required,race_features_v1,川口秀人,A級,チャレンジ一般,1500
017420261008,2026-10-08,高知,1,14257,3,3,41,男,92,岡山,6,2,3,72.82,0.205,0.41,0.647,20,0,8,2,3,1,3.92,1,逃,3.9,10,7.0,1,,0.37,0.0,0.0,8.0,,,,0.0,0.28,0.14,0.19,56.0,0.24,0.08,0.16,49.0,0.2,0.11,0.17,108.0,verified,winticket_line_prediction,provider_forecast_structure_only,2.0,1.0,3.0,1.0,4,二分戦,,0.0,2,7,7,,0,1791415800,1791415500,2,3,2,3,,,,0,,,,,,,,,,0,,external_public_source,winticket,https://www.winticket.jp/keirin/kochi/racecard/2026100774/2/1,review_required,race_features_v1,岡崎克政,A級,チャレンジ一般,1500
017420261008,2026-10-08,高知,1,13023,4,4,52,男,76,東京,2,2,3,68.93,0.034,0.068,0.275,0,0,0,1,0,1,3.92,0,追,5.0,10,6.0,1,,0.14,0.0,0.14,7.0,,,,0.0,0.05,0.1,0.15,58.0,0.0,0.08,0.17,35.0,0.09,0.11,0.09,51.0,verified,winticket_line_prediction,provider_forecast_structure_only,1.0,2.0,2.0,0.0,4,二分戦,,0.0,2,7,7,,0,1791415800,1791415500,2,3,2,3,,,,0,,,,,,,,,,0,,external_public_source,winticket,https://www.winticket.jp/keirin/kochi/racecard/2026100774/2/1,review_required,race_features_v1,吉田英二,A級,チャレンジ一般,1500
017420261008,2026-10-08,高知,1,13887,5,5,47,男,87,広島,6,2,3,70.37,0.0,0.2,0.3,0,0,0,0,0,2,3.92,3,追,4.375,10,6.0,1,,0.0,0.0,0.0,2.0,,,,0.0,0.0,0.31,0.18,16.0,0.0,0.16,0.16,12.0,0.0,0.0,0.33,9.0,verified,winticket_line_prediction,provider_forecast_structure_only,2.0,3.0,3.0,0.0,4,二分戦,,0.0,2,7,7,,0,1791415800,1791415500,2,3,2,3,,,,0,,,,,,,,,,0,,external_public_source,winticket,https://www.winticket.jp/keirin/kochi/racecard/2026100774/2/1,review_required,race_features_v1,沖本尚織,A級,チャレンジ一般,1500
017420261008,2026-10-08,高知,1,14777,6,6,35,男,99,高知,7,2,3,63.33,0.0,0.055,0.055,2,8,0,0,0,1,3.92,0,両,6.8,10,7.0,1,,0.0,0.0,0.0,7.0,,,,0.0,0.1,0.15,0.1,46.0,0.19,0.0,0.09,21.0,0.08,0.08,0.08,12.0,verified,winticket_line_prediction,provider_forecast_structure_only,4.0,1.0,1.0,1.0,4,二分戦,,0.0,2,7,7,,0,1791415800,1791415500,2,3,2,3,,,,0,,,,,,,,,,0,,external_public_source,winticket,https://www.winticket.jp/keirin/kochi/racecard/2026100774/2/1,review_required,race_features_v1,竹村達也,A級,チャレンジ一般,1500
017420261008,2026-10-08,高知,1,12299,7,6,55,男,66,岡山,6,2,3,67.88,0.192,0.2689999999999999,0.384,5,0,2,2,3,0,3.93,2,逃,4.5,10,6.0,1,,0.18,0.25,0.06,16.0,,,,0.0,0.4,0.12,0.05,55.0,0.21,0.18,0.05,38.0,0.6,0.0,0.2,5.0,verified,winticket_line_prediction,provider_forecast_structure_only,2.0,2.0,3.0,0.0,4,二分戦,,0.0,2,7,7,,0,1791415800,1791415500,2,3,2,3,,,,0,,,,,,,,,,0,,external_public_source,winticket,https://www.winticket.jp/keirin/kochi/racecard/2026100774/2/1,review_required,race_features_v1,増成富夫,A級,チャレンジ一般,1500
027420261008,2026-10-08,高知,2,13062,1,1,53,男,76,徳島,7,2,3,65.76,0.0,0.0,0.0579999999999999,0,0,0,0,0,0,3.92,0,追,5.6,10,7.0,1,,0.0,0.16,0.33,6.0,,,,0.0,0.02,0.02,0.14,34.0,0.0,0.0,0.09,22.0,0.0,0.02,0.21,38.0,verified,winticket_line_prediction,provider_forecast_structure_only,1.0,3.0,3.0,0.0,4,二分戦,,0.0,2,7,7,,0,1791417000,1791416700,2,3,2,3,,,,0,,,,,,,,,,0,,external_public_source,winticket,https://www.winticket.jp/keirin/kochi/racecard/2026100774/2/2,review_required,race_features_v1,藤原義浩,A級,チャレンジ一般,1500
027420261008,2026-10-08,高知,2,14272,2,2,42,男,92,大分,8,2,3,70.43,0.166,0.29,0.291,3,3,0,3,1,3,3.93,3,追,3.8,10,6.0,1,,0.28,0.0,0.0,7.0,,,,0.0,0.12,0.12,0.08,50.0,0.1,0.2,0.1,20.0,0.05,0.0,0.0,18.0,verified,winticket_line_prediction,provider_forecast_structure_only,2.0,1.0,2.0,1.0,4,二分戦,,0.0,2,7,7,,0,1791417000,1791416700,2,3,2,2,,,,0,,,,,,,,,,0,,external_public_source,winticket,https://www.winticket.jp/keirin/kochi/racecard/2026100774/2/2,review_required,race_features_v1,松田直也,A級,チャレンジ一般,1500
027420261008,2026-10-08,高知,2,12883,3,3,51,男,74,静岡,3,2,3,68.57,0.047,0.19,0.285,2,1,2,1,1,0,3.93,4,逃,4.8,10,6.0,1,,0.1,0.2,0.1,10.0,,,,0.0,0.12,0.15,0.1,40.0,0.09,0.15,0.06,32.0,0.0,0.0,0.14,7.0,verified,winticket_line_prediction,provider_forecast_structure_only,3.0,1.0,1.0,1.0,4,二分戦,,0.0,2,7,7,,0,1791417000,1791416700,2,3,2,3,,,,0,,,,,,,,,,0,,external_public_source,winticket,https://www.winticket.jp/keirin/kochi/racecard/2026100774/2/2,review_required,race_features_v1,大沼孝行,A級,チャレンジ一般,1500
027420261008,2026-10-08,高知,2,12982,4,4,53,男,75,岡山,6,2,3,67.66,0.055,0.111,0.166,0,0,0,2,0,0,3.85,2,追,5.7,10,7.0,1,,0.0,0.0,0.0,1.0,,,,0.0,0.15,0.05,0.07,38.0,0.12,0.09,0.15,32.0,0.13,0.13,0.09,52.0,verified,winticket_line_prediction,provider_forecast_structure_only,1.0,2.0,3.0,0.0,4,二分戦,,0.0,2,7,7,,0,1791417000,1791416700,2,3,2,3,,,,0,,,,,,,,,,0,,external_public_source,winticket,https://www.winticket.jp/keirin/kochi/racecard/2026100774/2/2,review_required,race_features_v1,上原直樹,A級,チャレンジ一般,1500
027420261008,2026-10-08,高知,2,14373,5,5,42,男,94,東京,2,2,3,65.93,0.066,0.133,0.133,0,0,0,1,1,0,3.93,0,両,5.7,10,7.0,1,,0.0,0.14,0.14,7.0,,,,0.0,0.11,0.08,0.08,34.0,0.05,0.15,0.15,19.0,0.11,0.05,0.05,18.0,verified,winticket_line_prediction,provider_forecast_structure_only,4.0,1.0,1.0,1.0,4,二分戦,,0.0,2,7,7,,0,1791417000,1791416700,2,3,2,3,,,,0,,,,,,,,,,0,,external_public_source,winticket,https://www.winticket.jp/keirin/kochi/racecard/2026100774/2/2,review_required,race_features_v1,鈴木雄一朗,A級,チャレンジ一般,1500
027420261008,2026-10-08,高知,2,11328,6,6,61,男,56,沖縄,8,2,3,65.66,0.0,0.0,0.1,0,0,0,0,0,0,3.92,0,追,5.4,10,6.0,1,,0.0,0.0,0.0,4.0,,,,0.0,0.07,0.09,0.11,42.0,0.0,0.05,0.15,19.0,0.12,0.08,0.04,24.0,verified,winticket_line_prediction,provider_forecast_structure_only,2.0,2.0,2.0,0.0,4,二分戦,,0.0,2,7,7,,0,1791417000,1791416700,2,3,2,3,,,,0,,,,,,,,,,0,,external_public_source,winticket,https://www.winticket.jp/keirin/kochi/racecard/2026100774/2/2,review_required,race_features_v1,川添輝彦,A級,チャレンジ一般,1500
027420261008,2026-10-08,高知,2,14880,7,6,44,男,101,岡山,6,2,3,70.36,0.1939999999999999,0.3879999999999999,0.5,17,3,11,2,0,1,3.93,1,逃,3.6,10,7.0,1,,0.25,0.08,0.16,12.0,,,,0.0,0.41,0.17,0.16,79.0,0.26,0.13,0.15,38.0,0.28,0.16,0.11,135.0,verified,winticket_line_prediction,provider_forecast_structure_only,1.0,1.0,3.0,1.0,4,二分戦,,0.0,2,7,7,,0,1791417000,1791416700,2,3,2,3,,,,0,,,,,,,,,,0,,external_public_source,winticket,https://www.winticket.jp/keirin/kochi/racecard/2026100774/2/2,review_required,race_features_v1,野見泰要,A級,チャレンジ一般,1500
037420261008,2026-10-08,高知,3,14430,1,1,42,男,95,青森,1,2,3,72.8,0.142,0.38,0.476,0,0,0,5,1,2,3.92,3,追,4.1,10,4.0,1,,0.25,0.0,0.0,4.0,,,,0.0,0.0,0.0,0.0,0.0,0.13,0.13,0.06,15.0,0.0,0.0,0.23,13.0,verified,winticket_line_prediction,provider_forecast_structure_only,1.0,3.0,3.0,0.0,4,二分戦,,0.0,2,7,7,,0,1791418260,1791417960,2,3,2,3,,,,0,,,,,,,,,,0,,external_public_source,winticket,https://www.winticket.jp/keirin/kochi/racecard/2026100774/2/3,review_required,race_features_v1,橋本祐司,A級,チャレンジ選抜,1500
037420261008,2026-10-08,高知,3,13470,2,2,49,男,82,神奈川,3,2,3,68.9,0.09,0.136,0.2269999999999999,0,1,0,2,0,1,3.85,0,追,3.8,10,5.0,1,,0.06,0.0,0.06,16.0,,,,0.0,0.0,0.0,0.0,0.0,0.05,0.05,0.0,17.0,0.0,0.0,0.09,21.0,verified,winticket_line_prediction,provider_forecast_structure_only,2.0,1.0,1.0,1.0,4,二分戦,,0.0,2,7,7,,0,1791418260,1791417960,2,3,2,3,,,,0,,,,,,,,,,0,,external_public_source,winticket,https://www.winticket.jp/keirin/kochi/racecard/2026100774/2/3,review_required,race_features_v1,畠山裕行,A級,チャレンジ選抜,1500
037420261008,2026-10-08,高知,3,14266,3,3,40,男,92,福岡,8,2,3,73.0,0.142,0.428,0.428,0,11,0,2,0,4,3.93,4,追,4.75,10,4.0,1,,0.1,0.1,0.2,10.0,,,,0.0,0.0,0.0,0.0,0.0,0.09,0.23,0.09,21.0,0.15,0.28,0.04,46.0,verified,winticket_line_prediction,provider_forecast_structure_only,4.0,2.0,2.0,0.0,4,二分戦,,0.0,2,7,7,,0,1791418260,1791417960,2,3,2,3,,,,0,,,,,,,,,,0,,external_public_source,winticket,https://www.winticket.jp/keirin/kochi/racecard/2026100774/2/3,review_required,race_features_v1,宮本龍一,A級,チャレンジ選抜,1500
037420261008,2026-10-08,高知,3,14503,4,4,40,男,96,福島,1,2,3,69.3,0.05,0.25,0.3,0,0,0,2,2,1,3.92,1,追,4.1,10,4.0,1,,0.0,0.0,0.0,4.0,,,,0.0,0.0,0.0,0.0,0.0,0.04,0.14,0.04,21.0,0.07,0.29,0.07,27.0,verified,winticket_line_prediction,provider_forecast_structure_only,1.0,2.0,3.0,0.0,4,二分戦,,0.0,2,7,7,,0,1791418260,1791417960,2,3,2,3,,,,0,,,,,,,,,,0,,external_public_source,winticket,https://www.winticket.jp/keirin/kochi/racecard/2026100774/2/3,review_required,race_features_v1,真船拓磨,A級,チャレンジ選抜,1500
037420261008,2026-10-08,高知,3,14872,5,5,36,男,101,香川,7,2,3,71.0,0.0,0.3329999999999999,0.5,2,0,1,0,1,0,3.92,0,両,3.9,10,5.0,1,,0.0,0.25,0.25,8.0,,,,0.0,0.0,0.0,0.0,0.0,0.04,0.16,0.16,25.0,0.08,0.16,0.17,62.0,verified,winticket_line_prediction,provider_forecast_structure_only,4.0,1.0,2.0,1.0,4,二分戦,,0.0,2,7,7,,0,1791418260,1791417960,2,3,2,3,,,,0,,,,,,,,,,0,,external_public_source,winticket,https://www.winticket.jp/keirin/kochi/racecard/2026100774/2/3,review_required,race_features_v1,玉村元気,A級,チャレンジ選抜,1500
037420261008,2026-10-08,高知,3,12509,6,6,58,男,69,神奈川,3,2,3,67.92,0.0,0.0,0.142,0,0,0,0,0,0,3.92,0,追,4.444444444444445,10,5.0,1,,0.0,0.0,0.0,1.0,,,,0.0,0.0,0.0,0.0,0.0,0.0,0.0,0.31,16.0,0.0,0.0,0.0,19.0,verified,winticket_line_prediction,provider_forecast_structure_only,3.0,1.0,1.0,1.0,4,二分戦,,0.0,2,7,7,,0,1791418260,1791417960,2,3,2,3,,,,0,,,,,,,,,,0,,external_public_source,winticket,https://www.winticket.jp/keirin/kochi/racecard/2026100774/2/3,review_required,race_features_v1,岡嵜浩一,A級,チャレンジ選抜,1500
037420261008,2026-10-08,高知,3,15160,7,6,30,男,111,福島,1,2,3,70.95,0.19,0.237,0.428,5,0,1,1,3,0,3.92,2,逃,4.4,10,5.0,1,,0.0,0.0,0.25,4.0,,,,0.0,0.0,0.0,0.0,0.0,0.21,0.0,0.1,19.0,0.18,0.11,0.16,60.0,verified,winticket_line_prediction,provider_forecast_structure_only,1.0,1.0,3.0,1.0,4,二分戦,,0.0,2,7,7,,0,1791418260,1791417960,2,3,2,3,,,,0,,,,,,,,,,0,,external_public_source,winticket,https://www.winticket.jp/keirin/kochi/racecard/2026100774/2/3,review_required,race_features_v1,牧田賢也,A級,チャレンジ選抜,1500
047420261008,2026-10-08,高知,4,11341,1,1,60,男,57,栃木,2,2,3,71.33,0.095,0.142,0.38,0,1,0,2,0,1,3.93,0,追,4.1,10,5.0,1,,0.0,0.0,0.0,8.0,,,,0.0,0.0,0.0,0.0,0.0,0.05,0.0,0.15,19.0,0.05,0.02,0.17,35.0,verified,winticket_line_prediction,provider_forecast_structure_only,1.0,2.0,2.0,0.0,4,二分戦,,0.0,2,7,7,,0,1791419520,1791419220,2,3,2,2,,,,0,,,,,,,,,,0,,external_public_source,winticket,https://www.winticket.jp/keirin/kochi/racecard/2026100774/2/4,review_required,race_features_v1,黒崎直行,A級,チャレンジ選抜,1500
047420261008,2026-10-08,高知,4,15732,2,2,23,男,123,徳島,7,2,3,73.25,0.295,0.444,0.555,8,1,6,3,3,0,3.93,1,逃,4.0,10,4.0,1,,0.0,0.28,0.0,7.0,,,,0.0,0.0,0.0,0.0,0.0,0.3,0.0,0.0,10.0,0.14,0.09,0.03,92.0,verified,winticket_line_prediction,provider_forecast_structure_only,3.0,1.0,3.0,1.0,4,二分戦,,0.0,2,7,7,,0,1791419520,1791419220,2,3,2,2,,,,0,,,,,,,,,,0,,external_public_source,winticket,https://www.winticket.jp/keirin/kochi/racecard/2026100774/2/4,review_required,race_features_v1,宮道良輔,A級,チャレンジ選抜,1500
047420261008,2026-10-08,高知,4,14855,3,3,39,男,100,宮崎,8,2,3,69.13,0.0,0.045,0.2269999999999999,0,0,0,1,0,0,3.92,3,追,5.3,10,4.0,1,,0.0,0.0,0.0,7.0,,,,0.0,0.0,0.0,0.0,0.0,0.0,0.0,0.26,19.0,0.0,0.06,0.17,29.0,verified,winticket_line_prediction,provider_forecast_structure_only,3.0,3.0,3.0,0.0,4,二分戦,,0.0,2,7,7,,0,1791419520,1791419220,2,3,2,3,,,,0,,,,,,,,,,0,,external_public_source,winticket,https://www.winticket.jp/keirin/kochi/racecard/2026100774/2/4,review_required,race_features_v1,東隆之,A級,チャレンジ選抜,1500
047420261008,2026-10-08,高知,4,13029,4,4,51,男,76,千葉,3,2,3,68.5,0.0,0.1,0.3,0,1,0,1,0,2,3.93,0,追,3.7,10,4.0,1,,0.0,0.0,0.23,13.0,,,,0.0,0.0,0.0,0.0,0.0,0.0,0.16,0.16,43.0,0.0,0.0,0.06,15.0,verified,winticket_line_prediction,provider_forecast_structure_only,2.0,1.0,1.0,1.0,4,二分戦,,0.0,2,7,7,,0,1791419520,1791419220,2,3,2,3,,,,0,,,,,,,,,,0,,external_public_source,winticket,https://www.winticket.jp/keirin/kochi/racecard/2026100774/2/4,review_required,race_features_v1,藤田晃英,A級,チャレンジ選抜,1500
047420261008,2026-10-08,高知,4,14447,5,5,38,男,95,群馬,2,2,3,71.61,0.0,0.111,0.444,0,5,0,1,0,1,3.92,4,両,4.2,10,5.0,1,,0.0,0.08,0.25,12.0,,,,0.0,0.0,0.0,0.0,0.0,0.04,0.09,0.09,21.0,0.1,0.1,0.1,10.0,verified,winticket_line_prediction,provider_forecast_structure_only,1.0,1.0,2.0,1.0,4,二分戦,,0.0,2,7,7,,0,1791419520,1791419220,2,3,2,3,,,,0,,,,,,,,,,0,,external_public_source,winticket,https://www.winticket.jp/keirin/kochi/racecard/2026100774/2/4,review_required,race_features_v1,三木翔太,A級,チャレンジ選抜,1500
047420261008,2026-10-08,高知,4,14416,6,6,48,男,94,福岡,8,2,3,66.66,0.08,0.12,0.16,4,2,3,0,0,0,3.92,0,両,5.3,10,4.0,1,,0.0,0.14,0.0,7.0,,,,0.0,0.0,0.0,0.0,0.0,0.02,0.14,0.02,35.0,0.0,0.05,0.05,17.0,verified,winticket_line_prediction,provider_forecast_structure_only,4.0,1.0,1.0,1.0,4,二分戦,,0.0,2,7,7,,0,1791419520,1791419220,2,3,2,3,,,,0,,,,,,,,,,0,,external_public_source,winticket,https://www.winticket.jp/keirin/kochi/racecard/2026100774/2/4,review_required,race_features_v1,矢田晋,A級,チャレンジ選抜,1500
047420261008,2026-10-08,高知,4,11935,7,6,59,男,62,岡山,6,2,3,69.96,0.1,0.366,0.5,0,0,0,6,0,5,3.86,2,追,4.3,10,5.0,1,,0.14,0.28,0.14,7.0,,,,0.0,0.0,0.0,0.0,0.0,0.18,0.18,0.14,49.0,0.25,0.22,0.1,80.0,verified,winticket_line_prediction,provider_forecast_structure_only,3.0,2.0,3.0,0.0,4,二分戦,,0.0,2,7,7,,0,1791419520,1791419220,2,3,2,3,,,,0,,,,,,,,,,0,,external_public_source,winticket,https://www.winticket.jp/keirin/kochi/racecard/2026100774/2/4,review_required,race_features_v1,高嶋一朗,A級,チャレンジ選抜,1500
057420261008,2026-10-08,高知,5,14487,1,1,37,男,95,広島,6,2,3,78.91,0.3329999999999999,0.75,0.7909999999999999,18,19,14,0,4,0,3.93,2,逃,2.2,10,1.0,1,,0.25,0.0,0.0,4.0,,,,0.0,0.13,0.4,0.06,15.0,0.26,0.15,0.07,26.0,0.23,0.21,0.08,94.0,verified,winticket_line_prediction,provider_forecast_structure_only,1.0,1.0,2.0,1.0,4,三分戦,,0.0,2,7,7,,0,1791420780,1791420480,2,3,2,2,,,,0,,,,,,,,,,0,,external_public_source,winticket,https://www.winticket.jp/keirin/kochi/racecard/2026100774/2/5,review_required,race_features_v1,才迫勇馬,A級,チャレンジ準決勝,1500
057420261008,2026-10-08,高知,5,16014,2,2,25,男,129,福岡,8,2,3,76.88,0.222,0.555,0.833,12,4,7,0,3,0,3.92,4,逃,2.8,10,2.0,1,,0.0,0.25,0.25,4.0,,,,0.0,0.33,0.16,0.33,6.0,0.28,0.42,0.0,7.0,0.22,0.38,0.27,18.0,verified,winticket_line_prediction,provider_forecast_structure_only,2.0,1.0,2.0,1.0,4,三分戦,,0.0,2,7,7,,0,1791420780,1791420480,2,3,2,3,,,,0,,,,,,,,,,0,,external_public_source,winticket,https://www.winticket.jp/keirin/kochi/racecard/2026100774/2/5,review_required,race_features_v1,森田瑞基,A級,チャレンジ準決勝,1500
057420261008,2026-10-08,高知,5,14578,3,3,37,男,97,栃木,2,2,3,73.93,0.18,0.424,0.575,1,0,0,5,1,8,3.92,3,追,4.4,10,3.0,1,,0.15,0.07,0.23,13.0,,,,0.0,0.12,0.37,0.0,8.0,0.12,0.21,0.21,33.0,0.15,0.21,0.26,38.0,verified,winticket_line_prediction,provider_forecast_structure_only,3.0,2.0,2.0,0.0,4,三分戦,,0.0,2,7,7,,0,1791420780,1791420480,2,3,2,2,,,,0,,,,,,,,,,0,,external_public_source,winticket,https://www.winticket.jp/keirin/kochi/racecard/2026100774/2/5,review_required,race_features_v1,大越啓介,A級,チャレンジ準決勝,1500
057420261008,2026-10-08,高知,5,12507,4,4,54,男,69,沖縄,8,2,3,69.79,0.0,0.208,0.375,0,1,0,1,0,4,3.93,0,追,4.1,10,3.0,1,,0.0,0.0,0.28,7.0,,,,0.0,0.0,0.0,0.0,8.0,0.1,0.1,0.14,28.0,0.05,0.15,0.12,40.0,verified,winticket_line_prediction,provider_forecast_structure_only,2.0,2.0,2.0,0.0,4,三分戦,,0.0,2,7,7,,0,1791420780,1791420480,2,3,2,2,,,,0,,,,,,,,,,0,,external_public_source,winticket,https://www.winticket.jp/keirin/kochi/racecard/2026100774/2/5,review_required,race_features_v1,爲田学,A級,チャレンジ準決勝,1500
057420261008,2026-10-08,高知,5,13063,5,5,54,男,76,高知,7,2,3,72.66,0.0,0.0,0.444,0,0,0,0,0,0,3.83,0,追,4.4,10,3.0,1,,0.0,0.6,0.2,5.0,,,,0.0,0.06,0.06,0.06,16.0,0.11,0.11,0.26,26.0,0.09,0.21,0.14,41.0,verified,winticket_line_prediction,provider_forecast_structure_only,1.0,2.0,2.0,0.0,4,三分戦,,0.0,2,7,7,,0,1791420780,1791420480,2,3,2,3,,,,0,,,,,,,,,,0,,external_public_source,winticket,https://www.winticket.jp/keirin/kochi/racecard/2026100774/2/5,review_required,race_features_v1,赤松秀展,A級,チャレンジ準決勝,1500
057420261008,2026-10-08,高知,5,14463,6,6,41,男,95,神奈川,3,2,3,64.4,0.0,0.05,0.1,0,0,0,0,0,1,3.93,0,両,4.9,10,2.0,1,,0.0,0.28,0.0,7.0,,,,0.0,0.0,0.0,0.0,0.0,0.0,0.09,0.0,22.0,0.0,0.02,0.02,94.0,verified,winticket_line_prediction,provider_forecast_structure_only,4.0,1.0,1.0,1.0,4,三分戦,,0.0,2,7,7,,0,1791420780,1791420480,2,3,2,3,,,,0,,,,,,,,,,0,,external_public_source,winticket,https://www.winticket.jp/keirin/kochi/racecard/2026100774/2/5,review_required,race_features_v1,久保将史,A級,チャレンジ準決勝,1500
057420261008,2026-10-08,高知,5,15959,7,6,24,男,129,宮城,1,2,3,80.88,0.777,0.888,0.944,9,7,8,3,5,0,3.92,1,逃,1.1,10,1.0,1,,0.75,0.25,0.0,4.0,,,,0.0,0.5,0.33,0.16,6.0,0.9,0.1,0.0,10.0,0.8,0.13,0.06,15.0,verified,winticket_line_prediction,provider_forecast_structure_only,3.0,1.0,2.0,1.0,4,三分戦,,0.0,2,7,7,,0,1791420780,1791420480,2,3,2,3,,,,0,,,,,,,,,,0,,external_public_source,winticket,https://www.winticket.jp/keirin/kochi/racecard/2026100774/2/5,review_required,race_features_v1,中野楚樂,A級,チャレンジ準決勝,1500
067420261008,2026-10-08,高知,6,14739,1,1,49,男,99,千葉,3,2,3,78.33,0.0,0.57,0.7140000000000001,0,1,0,3,0,1,3.92,4,逃,2.7777777777777777,10,1.0,1,,0.33,0.22,0.11,9.0,,,,0.0,0.0,0.42,0.14,21.0,0.29,0.19,0.12,31.0,0.0,0.33,0.11,18.0,verified,winticket_line_prediction,provider_forecast_structure_only,2.0,2.0,2.0,0.0,3,三分戦,,0.0,2,7,7,,0,1791422040,1791421740,2,3,2,3,,,,0,,,,,,,,,,0,,external_public_source,winticket,https://www.winticket.jp/keirin/kochi/racecard/2026100774/2/6,review_required,race_features_v1,里見恒平,A級,チャレンジ準決勝,1500
067420261008,2026-10-08,高知,6,15886,2,2,27,男,127,新潟,2,2,3,73.53,0.125,0.375,0.437,3,7,2,1,2,1,3.75,0,逃,3.333333333333333,10,3.0,1,,0.5,0.0,0.25,4.0,,,,0.0,0.05,0.38,0.22,18.0,0.2,0.3,0.2,20.0,0.32,0.19,0.17,67.0,verified,winticket_line_prediction,provider_forecast_structure_only,3.0,1.0,2.0,1.0,3,三分戦,,0.0,2,7,7,,0,1791422040,1791421740,2,3,2,3,,,,0,,,,,,,,,,0,,external_public_source,winticket,https://www.winticket.jp/keirin/kochi/racecard/2026100774/2/6,review_required,race_features_v1,中川飛隆,A級,チャレンジ準決勝,1500
067420261008,2026-10-08,高知,6,16019,3,3,28,男,129,大分,8,2,3,81.33,0.75,0.916,1.0,19,16,16,1,5,0,3.93,1,逃,1.2,10,1.0,1,,0.25,0.25,0.25,4.0,,,,0.0,0.85,0.14,0.0,7.0,0.7,0.2,0.1,10.0,0.8,0.14,0.04,21.0,verified,winticket_line_prediction,provider_forecast_structure_only,1.0,1.0,3.0,1.0,3,三分戦,,0.0,2,7,7,,0,1791422040,1791421740,2,3,2,3,,,,0,,,,,,,,,,0,,external_public_source,winticket,https://www.winticket.jp/keirin/kochi/racecard/2026100774/2/6,review_required,race_features_v1,沢田桂太郎,A級,チャレンジ準決勝,1500
067420261008,2026-10-08,高知,6,14787,4,4,37,男,99,宮崎,8,2,3,74.44,0.185,0.518,0.555,1,0,1,5,2,6,3.92,2,両,2.7,10,2.0,1,,0.0,0.25,0.25,4.0,,,,0.0,0.25,0.12,0.0,8.0,0.09,0.09,0.04,22.0,0.15,0.34,0.0,26.0,verified,winticket_line_prediction,provider_forecast_structure_only,1.0,2.0,3.0,0.0,3,三分戦,,0.0,2,7,7,,0,1791422040,1791421740,2,3,2,2,,,,0,,,,,,,,,,0,,external_public_source,winticket,https://www.winticket.jp/keirin/kochi/racecard/2026100774/2/6,review_required,race_features_v1,瀬口匠,A級,チャレンジ準決勝,1500
067420261008,2026-10-08,高知,6,15964,5,5,24,男,129,福島,1,2,3,77.9,0.35,0.65,0.7,10,8,5,0,6,2,3.92,3,逃,2.0,10,1.0,1,,0.25,0.25,0.0,4.0,,,,0.0,0.16,0.33,0.16,6.0,1.0,0.0,0.0,1.0,0.38,0.33,0.05,18.0,verified,winticket_line_prediction,provider_forecast_structure_only,2.0,1.0,2.0,1.0,3,三分戦,,0.0,2,7,7,,0,1791422040,1791421740,2,3,2,3,,,,0,,,,,,,,,,0,,external_public_source,winticket,https://www.winticket.jp/keirin/kochi/racecard/2026100774/2/6,review_required,race_features_v1,柳沼鼓太朗,A級,チャレンジ準決勝,1500
067420261008,2026-10-08,高知,6,11142,6,6,60,男,55,静岡,3,2,3,67.38,0.0,0.073,0.259,0,0,0,0,0,2,3.92,0,追,4.444444444444445,10,3.0,1,,0.0,0.0,0.33,3.0,,,,0.0,0.0,0.0,0.0,5.0,0.0,0.04,0.19,21.0,0.08,0.16,0.08,25.0,verified,winticket_line_prediction,provider_forecast_structure_only,3.0,2.0,2.0,0.0,3,三分戦,,0.0,2,7,7,,0,1791422040,1791421740,2,3,2,3,,,,0,,,,,,,,,,0,,external_public_source,winticket,https://www.winticket.jp/keirin/kochi/racecard/2026100774/2/6,review_required,race_features_v1,小林宏年,A級,チャレンジ準決勝,1500
067420261008,2026-10-08,高知,6,14275,7,6,42,男,92,沖縄,8,2,3,68.68,0.0,0.13,0.26,0,3,0,0,0,3,3.92,0,追,4.333333333333333,10,3.0,1,,0.1,0.0,0.2,10.0,,,,0.0,0.0,0.33,0.0,3.0,0.0,0.0,0.26,15.0,0.0,0.04,0.22,22.0,verified,winticket_line_prediction,provider_forecast_structure_only,1.0,3.0,3.0,0.0,3,三分戦,,0.0,2,7,7,,0,1791422040,1791421740,2,3,2,2,,,,0,,,,,,,,,,0,,external_public_source,winticket,https://www.winticket.jp/keirin/kochi/racecard/2026100774/2/6,review_required,race_features_v1,喜納隆志,A級,チャレンジ準決勝,1500
077420261008,2026-10-08,高知,7,14183,1,1,42,男,91,広島,6,2,3,70.14,0.284,0.356,0.357,2,1,1,0,3,1,3.92,0,両,3.3,10,2.0,1,,0.0,1.0,0.0,1.0,,,,0.0,0.0,0.0,0.25,4.0,0.13,0.13,0.0,23.0,0.0,0.22,0.0,9.0,verified,winticket_line_prediction,provider_forecast_structure_only,2.0,3.0,3.0,0.0,3,三分戦,,0.0,2,7,7,,0,1791423300,1791423000,2,3,2,3,,,,0,,,,,,,,,,0,,external_public_source,winticket,https://www.winticket.jp/keirin/kochi/racecard/2026100774/2/7,review_required,race_features_v1,隅田幸助,A級,チャレンジ準決勝,1500
077420261008,2026-10-08,高知,7,15970,2,2,21,男,129,群馬,2,2,3,76.38,0.284,0.523,0.7140000000000001,11,9,5,1,4,1,3.92,2,逃,2.1,10,1.0,1,,0.42,0.0,0.14,7.0,,,,0.0,0.28,0.14,0.28,7.0,0.75,0.0,0.0,4.0,0.33,0.23,0.19,21.0,verified,winticket_line_prediction,provider_forecast_structure_only,1.0,1.0,2.0,1.0,3,三分戦,,0.0,2,7,7,,0,1791423300,1791423000,2,3,2,3,,,,0,,,,,,,,,,0,,external_public_source,winticket,https://www.winticket.jp/keirin/kochi/racecard/2026100774/2/7,review_required,race_features_v1,田沼龍弥,A級,チャレンジ準決勝,1500
077420261008,2026-10-08,高知,7,12586,3,3,55,男,70,神奈川,3,2,3,77.4,0.37,0.6659999999999999,0.777,0,7,0,12,0,6,3.93,3,追,2.8,10,2.0,1,,0.0,0.28,0.14,7.0,,,,0.0,0.18,0.12,0.0,16.0,0.13,0.22,0.13,22.0,0.29,0.18,0.09,55.0,verified,winticket_line_prediction,provider_forecast_structure_only,1.0,2.0,2.0,0.0,3,三分戦,,0.0,2,7,7,,0,1791423300,1791423000,2,3,2,2,,,,0,,,,,,,,,,0,,external_public_source,winticket,https://www.winticket.jp/keirin/kochi/racecard/2026100774/2/7,review_required,race_features_v1,佐藤和典,A級,チャレンジ準決勝,1500
077420261008,2026-10-08,高知,7,13145,4,4,52,男,77,福岡,8,2,3,71.2,0.0,0.166,0.4,0,0,0,1,0,4,3.92,0,追,4.1,10,3.0,1,,0.0,0.0,0.2,5.0,,,,0.0,0.0,0.0,0.0,11.0,0.0,0.15,0.15,13.0,0.02,0.17,0.15,45.0,verified,winticket_line_prediction,provider_forecast_structure_only,3.0,2.0,2.0,0.0,3,三分戦,,0.0,2,7,7,,0,1791423300,1791423000,2,3,2,3,,,,0,,,,,,,,,,0,,external_public_source,winticket,https://www.winticket.jp/keirin/kochi/racecard/2026100774/2/7,review_required,race_features_v1,瓦田勝也,A級,チャレンジ準決勝,1500
077420261008,2026-10-08,高知,7,16004,5,5,23,男,129,高知,7,2,3,80.88,0.777,0.888,0.944,13,6,9,1,5,1,3.92,1,逃,1.1,10,1.0,1,,0.25,0.0,0.5,4.0,,,,0.0,0.83,0.0,0.16,6.0,0.7,0.1,0.1,10.0,0.81,0.12,0.06,16.0,verified,winticket_line_prediction,provider_forecast_structure_only,2.0,1.0,3.0,1.0,3,三分戦,,0.0,2,7,7,,0,1791423300,1791423000,2,3,2,3,,,,0,,,,,,,,,,0,,external_public_source,winticket,https://www.winticket.jp/keirin/kochi/racecard/2026100774/2/7,review_required,race_features_v1,松本悠平,A級,チャレンジ準決勝,1500
077420261008,2026-10-08,高知,7,13061,6,6,52,男,76,徳島,7,2,3,69.96,0.185,0.3329999999999999,0.444,0,4,0,8,0,1,3.77,4,追,3.3,10,2.0,1,,0.09,0.09,0.0,11.0,,,,0.0,0.0,0.0,0.0,1.0,0.14,0.11,0.03,27.0,0.1,0.17,0.1,39.0,verified,winticket_line_prediction,provider_forecast_structure_only,2.0,2.0,3.0,0.0,3,三分戦,,0.0,2,7,7,,0,1791423300,1791423000,2,3,2,2,,,,0,,,,,,,,,,0,,external_public_source,winticket,https://www.winticket.jp/keirin/kochi/racecard/2026100774/2/7,review_required,race_features_v1,小磯知也,A級,チャレンジ準決勝,1500
077420261008,2026-10-08,高知,7,15848,7,6,24,男,125,沖縄,8,2,3,73.83,0.3329999999999999,0.444,0.5,9,2,5,1,2,0,3.92,0,逃,2.8,10,2.0,1,,0.0,1.0,0.0,1.0,,,,0.0,0.05,0.41,0.17,17.0,0.29,0.23,0.2,34.0,0.37,0.17,0.19,51.0,verified,winticket_line_prediction,provider_forecast_structure_only,3.0,1.0,2.0,1.0,3,三分戦,,0.0,2,7,7,,0,1791423300,1791423000,2,3,2,3,,,,0,,,,,,,,,,0,,external_public_source,winticket,https://www.winticket.jp/keirin/kochi/racecard/2026100774/2/7,review_required,race_features_v1,與古田龍門,A級,チャレンジ準決勝,1500
