date,venue,race_no,race_id,start_at,close_at,seconds_to_close_at_prediction,strategy_version,bet_type,bet_label,candidate_rank,buy,prob,odds_used,expected_profit_100yen,is_selected
2026-10-02,川崎,1,013420261002,1790924100,1790923800,667,near_close_v2_20260805,exacta,2車単,1,5-2,0.3631809707372556,3.1,13,False
2026-10-02,川崎,1,013420261002,1790924100,1790923800,667,near_close_v2_20260805,exacta,2車単,2,2-5,0.1487994326658632,4.3,-36,False
2026-10-02,川崎,1,013420261002,1790924100,1790923800,667,near_close_v2_20260805,exacta,2車単,3,5-7,0.10736769496137426,20.5,120,False
2026-10-02,川崎,1,013420261002,1790924100,1790923800,667,near_close_v2_20260805,exacta,2車単,4,5-6,0.08652136926882636,31.8,175,False
2026-10-02,川崎,1,013420261002,1790924100,1790923800,667,near_close_v2_20260805,exacta,2車単,5,5-4,0.04611689720186644,51.9,139,False
2026-10-02,川崎,1,013420261002,1790924100,1790923800,667,near_close_v2_20260805,exacta,2車単,6,5-3,0.040100915641434476,24.6,-1,False
2026-10-02,川崎,1,013420261002,1790924100,1790923800,667,near_close_v2_20260805,exacta,2車単,7,7-5,0.03800201128987098,27.4,4,False
2026-10-02,川崎,1,013420261002,1790924100,1790923800,667,near_close_v2_20260805,exacta,2車単,8,6-5,0.030287648271824626,37.9,15,False
2026-10-02,川崎,1,013420261002,1790924100,1790923800,667,near_close_v2_20260805,exacta,2車単,9,5-1,0.021897412103089514,27.4,-40,False
2026-10-02,川崎,1,013420261002,1790924100,1790923800,667,near_close_v2_20260805,exacta,2車単,10,4-5,0.015807549797434938,89.7,42,False
2026-10-02,川崎,1,013420261002,1790924100,1790923800,667,near_close_v2_20260805,exacta,2車単,11,3-5,0.013702964007542682,39.5,-46,False
2026-10-02,川崎,1,013420261002,1790924100,1790923800,667,near_close_v2_20260805,exacta,2車単,12,2-7,0.012089107523376125,29.0,-65,False
2026-10-02,川崎,1,013420261002,1790924100,1790923800,667,near_close_v2_20260805,exacta,2車単,13,7-2,0.010443570509550748,26.6,-72,False
2026-10-02,川崎,1,013420261002,1790924100,1790923800,667,near_close_v2_20260805,exacta,2車単,14,2-6,0.009741907345005971,98.7,-4,False
2026-10-02,川崎,1,013420261002,1790924100,1790923800,667,near_close_v2_20260805,exacta,2車単,15,6-2,0.008323538138087514,89.7,-25,False
2026-10-02,川崎,1,013420261002,1790924100,1790923800,667,near_close_v2_20260805,exacta,2車単,16,1-5,0.007413284498241371,42.9,-68,False
2026-10-02,川崎,1,013420261002,1790924100,1790923800,667,near_close_v2_20260805,exacta,2車単,17,2-4,0.005192550041410622,109.7,-43,False
2026-10-02,川崎,1,013420261002,1790924100,1790923800,667,near_close_v2_20260805,exacta,2車単,18,2-3,0.0045151782493750925,70.5,-68,False
2026-10-02,川崎,1,013420261002,1790924100,1790923800,667,near_close_v2_20260805,exacta,2車単,19,4-2,0.004344171671164907,82.3,-64,False
2026-10-02,川崎,1,013420261002,1790924100,1790923800,667,near_close_v2_20260805,exacta,2車単,20,3-2,0.0037657972813863127,82.3,-69,False
2026-10-02,川崎,1,013420261002,1790924100,1790923800,667,near_close_v2_20260805,exacta,2車単,21,7-6,0.002487993847000238,123.4,-69,False
2026-10-02,川崎,1,013420261002,1790924100,1790923800,667,near_close_v2_20260805,exacta,2車単,22,2-1,0.0024655476630392457,35.2,-91,False
2026-10-02,川崎,1,013420261002,1790924100,1790923800,667,near_close_v2_20260805,exacta,2車単,23,6-7,0.002460699143998049,75.9,-81,False
2026-10-02,川崎,1,013420261002,1790924100,1790923800,667,near_close_v2_20260805,exacta,2車単,24,1-2,0.0020372910995208053,65.8,-87,False
2026-10-02,川崎,1,013420261002,1790924100,1790923800,667,near_close_v2_20260805,exacta,2車単,25,7-4,0.0013261296885453532,27.4,-96,False
2026-10-02,川崎,1,013420261002,1790924100,1790923800,667,near_close_v2_20260805,exacta,2車単,26,4-7,0.001284273506683567,29.9,-96,False
2026-10-02,川崎,1,013420261002,1790924100,1790923800,667,near_close_v2_20260805,exacta,2車単,27,7-3,0.001153135141273267,98.7,-89,False
2026-10-02,川崎,1,013420261002,1790924100,1790923800,667,near_close_v2_20260805,exacta,2車単,28,3-7,0.0011132878822738988,54.8,-94,False
2026-10-02,川崎,1,013420261002,1790924100,1790923800,667,near_close_v2_20260805,exacta,2車単,29,6-4,0.001056926941658786,141.1,-85,False
2026-10-02,川崎,1,013420261002,1790924100,1790923800,667,near_close_v2_20260805,exacta,2車単,30,4-6,0.001034921186991246,197.5,-80,False
2026-10-02,川崎,1,013420261002,1790924100,1790923800,667,near_close_v2_20260805,exacta,2車単,31,6-3,0.0009190500813854184,27.4,-97,False
2026-10-02,川崎,1,013420261002,1790924100,1790923800,667,near_close_v2_20260805,exacta,2車単,32,3-6,0.0008971338352693717,22.9,-98,False
2026-10-02,川崎,1,013420261002,1790924100,1790923800,667,near_close_v2_20260805,exacta,2車単,33,7-1,0.0006296782752991477,70.5,-96,False
2026-10-02,川崎,1,013420261002,1790924100,1790923800,667,near_close_v2_20260805,exacta,2車単,34,1-7,0.0006022871982439856,82.3,-95,False
2026-10-02,川崎,1,013420261002,1790924100,1790923800,667,near_close_v2_20260805,exacta,2車単,35,6-1,0.0005018543355823126,141.1,-93,False
2026-10-02,川崎,1,013420261002,1790924100,1790923800,667,near_close_v2_20260805,exacta,2車単,36,1-6,0.0004853481589960709,89.7,-96,False
2026-10-02,川崎,1,013420261002,1790924100,1790923800,667,near_close_v2_20260805,exacta,2車単,37,4-3,0.0004796651690303529,493.8,-76,False
2026-10-02,川崎,1,013420261002,1790924100,1790923800,667,near_close_v2_20260805,exacta,2車単,38,3-4,0.0004781827796655143,123.4,-94,False
2026-10-02,川崎,1,013420261002,1790924100,1790923800,667,near_close_v2_20260805,exacta,2車単,39,4-1,0.0002619248391152199,197.5,-95,False
2026-10-02,川崎,1,013420261002,1790924100,1790923800,667,near_close_v2_20260805,exacta,2車単,40,1-4,0.0002586962197280138,329.2,-91,False
2026-10-02,川崎,1,013420261002,1790924100,1790923800,667,near_close_v2_20260805,exacta,2車単,41,3-1,0.000227052686157577,58.1,-99,False
2026-10-02,川崎,1,013420261002,1790924100,1790923800,667,near_close_v2_20260805,exacta,2車単,42,1-3,0.0002249491165604963,164.6,-96,False
2026-10-02,川崎,1,013420261002,1790924100,1790923800,667,near_close_v2_20260805,quinella,2車複,1,5-7,0.14536970625124523,8.7,26,False
2026-10-02,川崎,1,013420261002,1790924100,1790923800,667,near_close_v2_20260805,quinella,2車複,2,5-6,0.11680901754065098,23.8,178,False
2026-10-02,川崎,1,013420261002,1790924100,1790923800,667,near_close_v2_20260805,quinella,2車複,3,2-7,0.022532678032926873,16.2,-63,False
2026-10-02,川崎,1,013420261002,1790924100,1790923800,667,near_close_v2_20260805,quinella,2車複,4,2-6,0.018065445483093485,37.0,-33,False
2026-10-02,川崎,1,013420261002,1790924100,1790923800,667,near_close_v2_20260805,quinella,2車複,5,2-4,0.009536721712575528,33.3,-68,False
2026-10-02,川崎,1,013420261002,1790924100,1790923800,667,near_close_v2_20260805,quinella,2車複,6,2-3,0.008280975530761405,30.3,-75,False
2026-10-02,川崎,1,013420261002,1790924100,1790923800,667,near_close_v2_20260805,quinella_place,ワイド,1,5-7,0.40160891844830093,4.6,85,False
2026-10-02,川崎,1,013420261002,1790924100,1790923800,667,near_close_v2_20260805,quinella_place,ワイド,2,5-6,0.328735023748053,3.3,8,False
2026-10-02,川崎,1,013420261002,1790924100,1790923800,667,near_close_v2_20260805,quinella_place,ワイド,3,2-7,0.3041794782159502,3.6,10,False
2026-10-02,川崎,1,013420261002,1790924100,1790923800,667,near_close_v2_20260805,quinella_place,ワイド,4,2-6,0.2425170104333587,5.1,24,False
2026-10-02,川崎,1,013420261002,1790924100,1790923800,667,near_close_v2_20260805,quinella_place,ワイド,5,2-4,0.12685270243463095,7.6,-4,False
2026-10-02,川崎,1,013420261002,1790924100,1790923800,667,near_close_v2_20260805,quinella_place,ワイド,6,2-3,0.11001665107854966,3.5,-61,False
2026-10-02,川崎,1,013420261002,1790924100,1790923800,667,near_close_v2_20260805,trifecta,3連単,1,5-2-7,0.12911705256971534,11.5,48,False
2026-10-02,川崎,1,013420261002,1790924100,1790923800,667,near_close_v2_20260805,trifecta,3連単,2,5-2-6,0.10404790927388106,21.3,122,True
2026-10-02,川崎,1,013420261002,1790924100,1790923800,667,near_close_v2_20260805,trifecta,3連単,3,5-7-2,0.06990440267906556,38.3,168,True
2026-10-02,川崎,1,013420261002,1790924100,1790923800,667,near_close_v2_20260805,trifecta,3連単,4,5-2-4,0.055458747088755915,29.6,64,False
2026-10-02,川崎,1,013420261002,1790924100,1790923800,667,near_close_v2_20260805,trifecta,3連単,5,5-6-2,0.054302532763090966,93.1,406,True
2026-10-02,川崎,1,013420261002,1790924100,1790923800,667,near_close_v2_20260805,trifecta,3連単,6,2-5-7,0.052900745682959945,20.5,8,False
2026-10-02,川崎,1,013420261002,1790924100,1790923800,667,near_close_v2_20260805,trifecta,3連単,7,5-2-3,0.04822411466346099,14.4,-31,False
2026-10-02,川崎,1,013420261002,1790924100,1790923800,667,near_close_v2_20260805,trifecta,3連単,8,2-5-6,0.042629628525398165,53.7,129,True
2026-10-02,川崎,1,013420261002,1790924100,1790923800,667,near_close_v2_20260805,trifecta,3連単,9,5-4-2,0.027054814140060324,134.3,263,True
2026-10-02,川崎,1,013420261002,1790924100,1790923800,667,near_close_v2_20260805,trifecta,3連単,10,5-2-1,0.026333147141442012,6.4,-83,False
2026-10-02,川崎,1,013420261002,1790924100,1790923800,667,near_close_v2_20260805,trifecta,3連単,11,7-5-2,0.024742152663119202,96.4,139,True
2026-10-02,川崎,1,013420261002,1790924100,1790923800,667,near_close_v2_20260805,trifecta,3連単,12,5-3-2,0.02329907892199906,55.0,28,False
2026-10-02,川崎,1,013420261002,1790924100,1790923800,667,near_close_v2_20260805,trifecta,3連単,13,2-5-4,0.022722088347345085,70.9,61,False
2026-10-02,川崎,1,013420261002,1790924100,1790923800,667,near_close_v2_20260805,trifecta,3連単,14,2-5-3,0.019757975997943534,41.7,-18,False
2026-10-02,川崎,1,013420261002,1790924100,1790923800,667,near_close_v2_20260805,trifecta,3連単,15,6-5-2,0.0190091306517304,136.9,160,True
2026-10-02,川崎,1,013420261002,1790924100,1790923800,667,near_close_v2_20260805,trifecta,3連単,16,5-7-6,0.016653473405928456,187.6,212,True
2026-10-02,川崎,1,013420261002,1790924100,1790923800,667,near_close_v2_20260805,trifecta,3連単,17,5-6-7,0.016053533205503654,244.6,293,True
2026-10-02,川崎,1,013420261002,1790924100,1790923800,667,near_close_v2_20260805,trifecta,3連単,18,5-1-2,0.012362620266026407,38.5,-52,False
2026-10-02,川崎,1,013420261002,1790924100,1790923800,667,near_close_v2_20260805,trifecta,3連単,19,2-5-1,0.010788994112216347,13.5,-85,False
2026-10-02,川崎,1,013420261002,1790924100,1790923800,667,near_close_v2_20260805,trifecta,3連単,20,2-7-5,0.010537189980774759,90.7,-4,False
2026-10-02,川崎,1,013420261002,1790924100,1790923800,667,near_close_v2_20260805,trifecta,3連単,21,4-5-2,0.009273614395767325,135.6,26,False
2026-10-02,川崎,1,013420261002,1790924100,1790923800,667,near_close_v2_20260805,trifecta,3連単,22,7-2-5,0.009102895836103903,107.0,-3,False
2026-10-02,川崎,1,013420261002,1790924100,1790923800,667,near_close_v2_20260805,trifecta,3連単,23,5-7-4,0.008876495224306762,72.1,-36,False
2026-10-02,川崎,1,013420261002,1790924100,1790923800,667,near_close_v2_20260805,trifecta,3連単,24,2-6-5,0.008376141648842789,171.2,43,False
2026-10-02,川崎,1,013420261002,1790924100,1790923800,667,near_close_v2_20260805,trifecta,3連単,25,5-4-7,0.007998252292596486,136.9,9,False
2026-10-02,川崎,1,013420261002,1790924100,1790923800,667,near_close_v2_20260805,trifecta,3連単,26,3-5-2,0.007961574811203707,78.2,-38,False
2026-10-02,川崎,1,013420261002,1790924100,1790923800,667,near_close_v2_20260805,trifecta,3連単,27,5-7-3,0.007718550201315697,118.0,-9,False
2026-10-02,川崎,1,013420261002,1790924100,1790923800,667,near_close_v2_20260805,trifecta,3連単,28,6-2-5,0.007156620566701094,144.2,3,False
2026-10-02,川崎,1,013420261002,1790924100,1790923800,667,near_close_v2_20260805,trifecta,3連単,29,5-6-4,0.0068953621555468796,402.9,178,False
2026-10-02,川崎,1,013420261002,1790924100,1790923800,667,near_close_v2_20260805,trifecta,3連単,30,5-3-7,0.006887939072083013,134.3,-7,False
2026-10-02,川崎,1,013420261002,1790924100,1790923800,667,near_close_v2_20260805,trifecta,3連単,31,5-4-6,0.006445325480461633,204.4,32,False
2026-10-02,川崎,1,013420261002,1790924100,1790923800,667,near_close_v2_20260805,trifecta,3連単,32,5-6-3,0.005995857329827782,129.2,-23,False
2026-10-02,川崎,1,013420261002,1790924100,1790923800,667,near_close_v2_20260805,trifecta,3連単,33,7-5-6,0.005894375255195092,595.6,251,False
2026-10-02,川崎,1,013420261002,1790924100,1790923800,667,near_close_v2_20260805,trifecta,3連単,34,6-5-7,0.005619695704741213,334.1,88,False
2026-10-02,川崎,1,013420261002,1790924100,1790923800,667,near_close_v2_20260805,trifecta,3連単,35,5-3-6,0.005550588751777405,86.1,-52,False
2026-10-02,川崎,1,013420261002,1790924100,1790923800,667,near_close_v2_20260805,trifecta,3連単,36,2-4-5,0.004350224624145325,192.9,-16,False
2026-10-02,川崎,1,013420261002,1790924100,1790923800,667,near_close_v2_20260805,trifecta,3連単,37,5-7-1,0.004214773450757754,76.9,-68,False
2026-10-02,川崎,1,013420261002,1790924100,1790923800,667,near_close_v2_20260805,trifecta,3連単,38,1-5-2,0.004185317458716848,141.2,-41,False
2026-10-02,川崎,1,013420261002,1790924100,1790923800,667,near_close_v2_20260805,trifecta,3連単,39,2-3-5,0.0037683630263109107,118.0,-56,False
2026-10-02,川崎,1,013420261002,1790924100,1790923800,667,near_close_v2_20260805,trifecta,3連単,40,5-1-7,0.003654778605144209,94.4,-65,False
2026-10-02,川崎,1,013420261002,1790924100,1790923800,667,near_close_v2_20260805,trifecta,3連単,41,4-2-5,0.003639468551040137,210.7,-23,False
2026-10-02,川崎,1,013420261002,1790924100,1790923800,667,near_close_v2_20260805,trifecta,3連単,42,5-6-1,0.003274083814857058,304.4,0,False
2026-10-02,川崎,1,013420261002,1790924100,1790923800,667,near_close_v2_20260805,trifecta,3連単,43,3-2-5,0.0031429304572244444,105.3,-67,False
2026-10-02,川崎,1,013420261002,1790924100,1790923800,667,near_close_v2_20260805,trifecta,3連単,44,7-5-4,0.003141770640134769,285.4,-10,False
2026-10-02,川崎,1,013420261002,1790924100,1790923800,667,near_close_v2_20260805,trifecta,3連単,45,5-4-3,0.0029872788139831768,244.6,-27,False
2026-10-02,川崎,1,013420261002,1790924100,1790923800,667,near_close_v2_20260805,trifecta,3連単,46,5-3-4,0.002958528431054117,187.6,-44,False
2026-10-02,川崎,1,013420261002,1790924100,1790923800,667,near_close_v2_20260805,trifecta,3連単,47,5-1-6,0.002945173121256331,456.6,34,False
2026-10-02,川崎,1,013420261002,1790924100,1790923800,667,near_close_v2_20260805,trifecta,3連単,48,4-5-7,0.0027415715080361075,268.6,-26,False
2026-10-02,川崎,1,013420261002,1790924100,1790923800,667,near_close_v2_20260805,trifecta,3連単,49,7-5-3,0.0027319244582586747,311.3,-15,False
2026-10-02,川崎,1,013420261002,1790924100,1790923800,667,near_close_v2_20260805,trifecta,3連単,50,6-5-4,0.002413788702593972,595.6,44,False
2026-10-02,川崎,1,013420261002,1790924100,1790923800,667,near_close_v2_20260805,trifecta,3連単,51,3-5-7,0.0023536914227807928,297.8,-30,False
2026-10-02,川崎,1,013420261002,1790924100,1790923800,667,near_close_v2_20260805,trifecta,3連単,52,4-5-6,0.0022092727324454532,622.7,38,False
2026-10-02,川崎,1,013420261002,1790924100,1790923800,667,near_close_v2_20260805,trifecta,3連単,53,6-5-3,0.0020989082746670773,195.7,-59,False
2026-10-02,川崎,1,013420261002,1790924100,1790923800,667,near_close_v2_20260805,trifecta,3連単,54,2-1-5,0.0020343562409483045,47.7,-90,False
2026-10-02,川崎,1,013420261002,1790924100,1790923800,667,near_close_v2_20260805,trifecta,3連単,55,3-5-6,0.0018967027727339013,128.0,-76,False
2026-10-02,川崎,1,013420261002,1790924100,1790923800,667,near_close_v2_20260805,trifecta,3連単,56,7-6-5,0.0018339567756254765,526.9,-3,False
2026-10-02,川崎,1,013420261002,1790924100,1790923800,667,near_close_v2_20260805,trifecta,3連単,57,6-7-5,0.001813837230084838,526.9,-4,False
2026-10-02,川崎,1,013420261002,1790924100,1790923800,667,near_close_v2_20260805,trifecta,3連単,58,1-2-5,0.0016809960420029455,89.5,-85,False
2026-10-02,川崎,1,013420261002,1790924100,1790923800,667,near_close_v2_20260805,trifecta,3連単,59,5-4-1,0.0016312264747648081,268.6,-56,False
2026-10-02,川崎,1,013420261002,1790924100,1790923800,667,near_close_v2_20260805,trifecta,3連単,60,5-1-4,0.0015698115647323101,326.1,-49,False
2026-10-02,川崎,1,013420261002,1790924100,1790923800,667,near_close_v2_20260805,trifecta,3連単,61,7-5-1,0.0014917882731632268,318.5,-52,False
2026-10-02,川崎,1,013420261002,1790924100,1790923800,667,near_close_v2_20260805,trifecta,3連単,62,5-3-1,0.0014047804645208638,161.1,-77,False
2026-10-02,川崎,1,013420261002,1790924100,1790923800,667,near_close_v2_20260805,trifecta,3連単,63,5-1-3,0.0013650285459302514,273.9,-63,False
2026-10-02,川崎,1,013420261002,1790924100,1790923800,667,near_close_v2_20260805,trifecta,3連単,64,1-5-7,0.0012373112151548306,291.4,-64,False
2026-10-02,川崎,1,013420261002,1790924100,1790923800,667,near_close_v2_20260805,trifecta,3連単,65,6-5-1,0.00114612493809195,595.6,-32,False
2026-10-02,川崎,1,013420261002,1790924100,1790923800,667,near_close_v2_20260805,trifecta,3連単,66,4-5-3,0.0010239535067625995,526.9,-46,False
2026-10-02,川崎,1,013420261002,1790924100,1790923800,667,near_close_v2_20260805,trifecta,3連単,67,3-5-4,0.0010109646614686646,507.3,-49,False
2026-10-02,川崎,1,013420261002,1790924100,1790923800,667,near_close_v2_20260805,trifecta,3連単,68,1-5-6,0.0009970770126469066,978.5,-2,False
2026-10-02,川崎,1,013420261002,1790924100,1790923800,667,near_close_v2_20260805,trifecta,3連単,69,7-4-5,0.0009559758604807414,120.1,-89,False
2026-10-02,川崎,1,013420261002,1790924100,1790923800,667,near_close_v2_20260805,trifecta,3連単,70,4-7-5,0.0009258027184288122,182.6,-83,False
2026-10-02,川崎,1,013420261002,1790924100,1790923800,667,near_close_v2_20260805,trifecta,3連単,71,7-3-5,0.0008285491655627347,652.3,-46,False
2026-10-02,川崎,1,013420261002,1790924100,1790923800,667,near_close_v2_20260805,trifecta,3連単,72,3-7-5,0.0007999181647266716,489.2,-61,False
2026-10-02,川崎,1,013420261002,1790924100,1790923800,667,near_close_v2_20260805,trifecta,3連単,73,6-4-5,0.0007533473673984612,526.9,-60,False
2026-10-02,川崎,1,013420261002,1790924100,1790923800,667,near_close_v2_20260805,trifecta,3連単,74,4-6-5,0.0007376622933474681,856.2,-37,False
2026-10-02,川崎,1,013420261002,1790924100,1790923800,667,near_close_v2_20260805,trifecta,3連単,75,2-7-6,0.0006898704291429931,415.1,-71,False
2026-10-02,川崎,1,013420261002,1790924100,1790923800,667,near_close_v2_20260805,trifecta,3連単,76,2-6-7,0.0006805138649370671,547.9,-63,False
2026-10-02,川崎,1,013420261002,1790924100,1790923800,667,near_close_v2_20260805,trifecta,3連単,77,6-3-5,0.000652954027659098,106.1,-93,False
2026-10-02,川崎,1,013420261002,1790924100,1790923800,667,near_close_v2_20260805,trifecta,3連単,78,3-6-5,0.0006373832753546439,94.4,-94,False
2026-10-02,川崎,1,013420261002,1790924100,1790923800,667,near_close_v2_20260805,trifecta,3連単,79,7-2-6,0.0005959671096710389,761.0,-55,False
2026-10-02,川崎,1,013420261002,1790924100,1790923800,667,near_close_v2_20260805,trifecta,3連単,80,6-2-7,0.0005814347137272573,507.3,-71,False
2026-10-02,川崎,1,013420261002,1790924100,1790923800,667,near_close_v2_20260805,trifecta,3連単,81,4-5-1,0.0005591376544234497,570.8,-68,False
2026-10-02,川崎,1,013420261002,1790924100,1790923800,667,near_close_v2_20260805,trifecta,3連単,82,1-5-4,0.0005314536568614941,570.8,-70,False
2026-10-02,川崎,1,013420261002,1790924100,1790923800,667,near_close_v2_20260805,trifecta,3連単,83,7-6-2,0.0005040011369824008,622.7,-69,False
2026-10-02,川崎,1,013420261002,1790924100,1790923800,667,near_close_v2_20260805,trifecta,3連単,84,6-7-2,0.000498471958779936,913.3,-54,False
2026-10-02,川崎,1,013420261002,1790924100,1790923800,667,near_close_v2_20260805,trifecta,3連単,85,3-5-1,0.0004800303393556102,380.5,-82,False
2026-10-02,川崎,1,013420261002,1790924100,1790923800,667,near_close_v2_20260805,trifecta,3連単,86,1-5-3,0.0004621251548612883,526.9,-76,False
2026-10-02,川崎,1,013420261002,1790924100,1790923800,667,near_close_v2_20260805,trifecta,3連単,87,7-1-5,0.0004480016549119673,311.3,-86,False
2026-10-02,川崎,1,013420261002,1790924100,1790923800,667,near_close_v2_20260805,trifecta,3連単,88,1-7-5,0.0004285135316402791,441.9,-81,False
2026-10-02,川崎,1,013420261002,1790924100,1790923800,667,near_close_v2_20260805,trifecta,3連単,89,2-7-4,0.00036770897100050543,391.4,-86,False
2026-10-02,川崎,1,013420261002,1790924100,1790923800,667,near_close_v2_20260805,trifecta,3連単,90,2-4-7,0.0003534310063548805,547.9,-81,False
2026-10-02,川崎,1,013420261002,1790924100,1790923800,667,near_close_v2_20260805,trifecta,3連単,91,6-1-5,0.00035309505954297054,1053.8,-63,False
2026-10-02,川崎,1,013420261002,1790924100,1790923800,667,near_close_v2_20260805,trifecta,3連単,92,1-6-5,0.0003414816311209899,978.5,-67,False
2026-10-02,川崎,1,013420261002,1790924100,1790923800,667,near_close_v2_20260805,trifecta,3連単,93,4-3-5,0.0003335408471417527,1053.8,-65,False
2026-10-02,川崎,1,013420261002,1790924100,1790923800,667,near_close_v2_20260805,trifecta,3連単,94,3-4-5,0.000332510050168227,684.9,-77,False
2026-10-02,川崎,1,013420261002,1790924100,1790923800,667,near_close_v2_20260805,trifecta,3連単,95,2-7-3,0.00031974107802927316,285.4,-91,False
2026-10-02,川崎,1,013420261002,1790924100,1790923800,667,near_close_v2_20260805,trifecta,3連単,96,7-2-4,0.00031765740839119266,507.3,-84,False
2026-10-02,川崎,1,013420261002,1790924100,1790923800,667,near_close_v2_20260805,trifecta,3連単,97,2-3-7,0.00030615806119695577,402.9,-88,False
2026-10-02,川崎,1,013420261002,1790924100,1790923800,667,near_close_v2_20260805,trifecta,3連単,98,4-2-7,0.00029568611824125525,507.3,-85,False
2026-10-02,川崎,1,013420261002,1790924100,1790923800,667,near_close_v2_20260805,trifecta,3連単,99,2-6-4,0.0002922963742961764,684.9,-80,False
2026-10-02,川崎,1,013420261002,1790924100,1790923800,667,near_close_v2_20260805,trifecta,3連単,100,2-4-6,0.00028480945430452343,402.9,-89,False
2026-10-02,川崎,1,013420261002,1790924100,1790923800,667,near_close_v2_20260805,trifecta,3連単,101,7-2-3,0.0002762187768403546,391.4,-89,False
2026-10-02,川崎,1,013420261002,1790924100,1790923800,667,near_close_v2_20260805,trifecta,3連単,102,7-4-2,0.00026271770797089744,217.4,-94,False
2026-10-02,川崎,1,013420261002,1790924100,1790923800,667,near_close_v2_20260805,trifecta,3連単,103,3-2-7,0.0002553452224592833,304.4,-92,False
2026-10-02,川崎,1,013420261002,1790924100,1790923800,667,near_close_v2_20260805,trifecta,3連単,104,4-7-2,0.00025442563800359014,204.4,-95,False
2026-10-02,川崎,1,013420261002,1790924100,1790923800,667,near_close_v2_20260805,trifecta,3連単,105,2-6-3,0.00025416610741699555,273.9,-93,False
2026-10-02,川崎,1,013420261002,1790924100,1790923800,667,near_close_v2_20260805,trifecta,3連単,106,6-2-4,0.00024973959748509966,622.7,-84,False
2026-10-02,川崎,1,013420261002,1790924100,1790923800,667,near_close_v2_20260805,trifecta,3連単,107,2-3-6,0.00024671494230158613,217.4,-95,False
2026-10-02,川崎,1,013420261002,1790924100,1790923800,667,near_close_v2_20260805,trifecta,3連単,108,4-2-6,0.00023827621365272945,263.4,-94,False
2026-10-02,川崎,1,013420261002,1790924100,1790923800,667,near_close_v2_20260805,trifecta,3連単,109,7-3-2,0.00022769878060349458,370.2,-92,False
2026-10-02,川崎,1,013420261002,1790924100,1790923800,667,near_close_v2_20260805,trifecta,3連単,110,3-7-2,0.00021983051611323775,326.1,-93,False
2026-10-02,川崎,1,013420261002,1790924100,1790923800,667,near_close_v2_20260805,trifecta,3連単,111,6-2-3,0.00021716089196630658,115.1,-98,False
2026-10-02,川崎,1,013420261002,1790924100,1790923800,667,near_close_v2_20260805,trifecta,3連単,112,6-4-2,0.0002070321038957034,595.6,-88,False
2026-10-02,川崎,1,013420261002,1790924100,1790923800,667,near_close_v2_20260805,trifecta,3連単,113,3-2-6,0.0002057678363252392,130.4,-97,False
2026-10-02,川崎,1,013420261002,1790924100,1790923800,667,near_close_v2_20260805,trifecta,3連単,114,4-6-2,0.00020272159055077598,652.3,-87,False
2026-10-02,川崎,1,013420261002,1790924100,1790923800,667,near_close_v2_20260805,trifecta,3連単,115,4-1-5,0.00018040457789412966,526.9,-90,False
2026-10-02,川崎,1,013420261002,1790924100,1790923800,667,near_close_v2_20260805,trifecta,3連単,116,6-3-2,0.00017944238201862,71.7,-99,False
2026-10-02,川崎,1,013420261002,1790924100,1790923800,667,near_close_v2_20260805,trifecta,3連単,117,1-4-5,0.00017818081889632996,652.3,-88,False
2026-10-02,川崎,1,013420261002,1790924100,1790923800,667,near_close_v2_20260805,trifecta,3連単,118,3-6-2,0.0001751632861481954,75.6,-99,False
2026-10-02,川崎,1,013420261002,1790924100,1790923800,667,near_close_v2_20260805,trifecta,3連単,119,2-7-1,0.0001745970644285927,185.1,-97,False
2026-10-02,川崎,1,013420261002,1790924100,1790923800,667,near_close_v2_20260805,trifecta,3連単,120,2-1-7,0.00016527987302815465,167.0,-97,False
2026-10-02,川崎,1,013420261002,1790924100,1790923800,667,near_close_v2_20260805,trifecta,3連単,121,3-1-5,0.00015589706675588625,472.3,-93,False
2026-10-02,川崎,1,013420261002,1790924100,1790923800,667,near_close_v2_20260805,trifecta,3連単,122,1-3-5,0.00015445273092594522,761.0,-88,False
2026-10-02,川崎,1,013420261002,1790924100,1790923800,667,near_close_v2_20260805,trifecta,3連単,123,7-2-1,0.00015083137854425807,240.3,-96,False
2026-10-02,川崎,1,013420261002,1790924100,1790923800,667,near_close_v2_20260805,trifecta,3連単,124,2-6-1,0.0001387893495129424,472.3,-93,False
2026-10-02,川崎,1,013420261002,1790924100,1790923800,667,near_close_v2_20260805,trifecta,3連単,125,1-2-7,0.00013657136679933997,279.5,-96,False
2026-10-02,川崎,1,013420261002,1790924100,1790923800,667,near_close_v2_20260805,trifecta,3連単,126,2-1-6,0.00013318941914621755,507.3,-93,False
2026-10-02,川崎,1,013420261002,1790924100,1790923800,667,near_close_v2_20260805,trifecta,3連単,127,2-4-3,0.00013200345761360608,380.5,-95,False
2026-10-02,川崎,1,013420261002,1790924100,1790923800,667,near_close_v2_20260805,trifecta,3連単,128,2-3-4,0.00013150193678668527,652.3,-91,False
2026-10-02,川崎,1,013420261002,1790924100,1790923800,667,near_close_v2_20260805,trifecta,3連単,129,7-1-2,0.0001231181380316999,326.1,-96,False
2026-10-02,川崎,1,013420261002,1790924100,1790923800,667,near_close_v2_20260805,trifecta,3連単,130,6-2-1,0.0001185823682077553,342.4,-96,False
2026-10-02,川崎,1,013420261002,1790924100,1790923800,667,near_close_v2_20260805,trifecta,3連単,131,1-7-2,0.00011776248493391399,456.6,-95,False
2026-10-02,川崎,1,013420261002,1790924100,1790923800,667,near_close_v2_20260805,trifecta,3連単,132,4-2-3,0.00011043623585475571,547.9,-94,False
2026-10-02,川崎,1,013420261002,1790924100,1790923800,667,near_close_v2_20260805,trifecta,3連単,133,1-2-6,0.00011005490676357521,805.8,-91,False
2026-10-02,川崎,1,013420261002,1790924100,1790923800,667,near_close_v2_20260805,trifecta,3連単,134,3-2-4,0.00010967665254785276,441.9,-95,False
2026-10-02,川崎,1,013420261002,1790924100,1790923800,667,near_close_v2_20260805,trifecta,3連単,135,6-1-2,9.703626270680878e-05,684.9,-93,False
2026-10-02,川崎,1,013420261002,1790924100,1790923800,667,near_close_v2_20260805,trifecta,3連単,136,1-6-2,9.384470377437663e-05,761.0,-93,False
2026-10-02,川崎,1,013420261002,1790924100,1790923800,667,near_close_v2_20260805,trifecta,3連単,137,4-3-2,9.166244724180254e-05,761.0,-93,False
2026-10-02,川崎,1,013420261002,1790924100,1790923800,667,near_close_v2_20260805,trifecta,3連単,138,3-4-2,9.137916747558351e-05,622.7,-94,False
2026-10-02,川崎,1,013420261002,1790924100,1790923800,667,near_close_v2_20260805,trifecta,3連単,139,2-4-1,7.208149899228692e-05,526.9,-96,False
2026-10-02,川崎,1,013420261002,1790924100,1790923800,667,near_close_v2_20260805,trifecta,3連単,140,2-1-4,7.099151114978341e-05,391.4,-97,False
2026-10-02,川崎,1,013420261002,1790924100,1790923800,667,near_close_v2_20260805,trifecta,3連単,141,7-6-4,6.399831075030741e-05,761.0,-95,False
2026-10-02,川崎,1,013420261002,1790924100,1790923800,667,near_close_v2_20260805,trifecta,3連単,142,6-7-4,6.329621299927093e-05,721.0,-95,False
2026-10-02,川崎,1,013420261002,1790924100,1790923800,667,near_close_v2_20260805,trifecta,3連単,143,7-4-6,6.258779412001268e-05,380.5,-98,False
2026-10-02,川崎,1,013420261002,1790924100,1790923800,667,near_close_v2_20260805,trifecta,3連単,144,2-3-1,6.24402827789536e-05,334.1,-98,False
2026-10-02,川崎,1,013420261002,1790924100,1790923800,667,near_close_v2_20260805,trifecta,3連単,145,2-1-3,6.173061876678475e-05,263.4,-98,False
2026-10-02,川崎,1,013420261002,1790924100,1790923800,667,near_close_v2_20260805,trifecta,3連単,146,6-4-7,6.120518851293768e-05,1522.1,-91,False
2026-10-02,川崎,1,013420261002,1790924100,1790923800,667,near_close_v2_20260805,trifecta,3連単,147,4-7-6,6.061235678862404e-05,547.9,-97,False
2026-10-02,川崎,1,013420261002,1790924100,1790923800,667,near_close_v2_20260805,trifecta,3連単,148,4-2-1,6.030455237602827e-05,472.3,-97,False
2026-10-02,川崎,1,013420261002,1790924100,1790923800,667,near_close_v2_20260805,trifecta,3連単,149,4-6-7,5.99308654640026e-05,761.0,-95,False
2026-10-02,川崎,1,013420261002,1790924100,1790923800,667,near_close_v2_20260805,trifecta,3連単,150,1-2-4,5.866054669115662e-05,684.9,-96,False
2026-10-02,川崎,1,013420261002,1790924100,1790923800,667,near_close_v2_20260805,trifecta,3連単,151,7-6-3,5.56496862605171e-05,570.8,-97,False
2026-10-02,川崎,1,013420261002,1790924100,1790923800,667,near_close_v2_20260805,trifecta,3連単,152,6-7-3,5.503917765315973e-05,622.7,-97,False
2026-10-02,川崎,1,013420261002,1790924100,1790923800,667,near_close_v2_20260805,trifecta,3連単,153,7-3-6,5.424516113458226e-05,507.3,-97,False
2026-10-02,川崎,1,013420261002,1790924100,1790923800,667,near_close_v2_20260805,trifecta,3連単,154,6-3-7,5.304880070287565e-05,220.9,-99,False
2026-10-02,川崎,1,013420261002,1790924100,1790923800,667,near_close_v2_20260805,trifecta,3連単,155,3-7-6,5.237068787656893e-05,311.3,-98,False
2026-10-02,川崎,1,013420261002,1790924100,1790923800,667,near_close_v2_20260805,trifecta,3連単,156,3-2-1,5.2077112829492266e-05,157.4,-99,False
2026-10-02,川崎,1,013420261002,1790924100,1790923800,667,near_close_v2_20260805,trifecta,3連単,157,3-6-7,5.178376564557743e-05,153.9,-99,False
2026-10-02,川崎,1,013420261002,1790924100,1790923800,667,near_close_v2_20260805,trifecta,3連単,158,1-2-3,5.100823726378748e-05,652.3,-97,False
2026-10-02,川崎,1,013420261002,1790924100,1790923800,667,near_close_v2_20260805,trifecta,3連単,159,4-1-2,4.957811088239061e-05,684.9,-97,False
2026-10-02,川崎,1,013420261002,1790924100,1790923800,667,near_close_v2_20260805,trifecta,3連単,160,1-4-2,4.896698575765388e-05,1141.6,-94,False
2026-10-02,川崎,1,013420261002,1790924100,1790923800,667,near_close_v2_20260805,trifecta,3連単,161,3-1-2,4.2843048397577744e-05,595.6,-97,False
2026-10-02,川崎,1,013420261002,1790924100,1790923800,667,near_close_v2_20260805,trifecta,3連単,162,1-3-2,4.244612143062323e-05,1245.4,-95,False
2026-10-02,川崎,1,013420261002,1790924100,1790923800,667,near_close_v2_20260805,trifecta,3連単,163,7-6-1,3.038793738153633e-05,1245.4,-96,False
2026-10-02,川崎,1,013420261002,1790924100,1790923800,667,near_close_v2_20260805,trifecta,3連単,164,6-7-1,3.0054564480844395e-05,1712.4,-95,False
2026-10-02,川崎,1,013420261002,1790924100,1790923800,667,near_close_v2_20260805,trifecta,3連単,165,7-1-6,2.933069390366688e-05,1369.9,-96,False
2026-10-02,川崎,1,013420261002,1790924100,1790923800,667,near_close_v2_20260805,trifecta,3連単,166,7-4-3,2.9008184606879402e-05,210.7,-99,False
2026-10-02,川崎,1,013420261002,1790924100,1790923800,667,near_close_v2_20260805,trifecta,3連単,167,7-3-4,2.891330246946916e-05,428.1,-99,False
2026-10-02,川崎,1,013420261002,1790924100,1790923800,667,near_close_v2_20260805,trifecta,3連単,168,6-1-7,2.868696516050055e-05,1712.4,-95,False
2026-10-02,川崎,1,013420261002,1790924100,1790923800,667,near_close_v2_20260805,trifecta,3連単,169,4-7-3,2.809260910859035e-05,279.5,-99,False
2026-10-02,川崎,1,013420261002,1790924100,1790923800,667,near_close_v2_20260805,trifecta,3連単,170,1-7-6,2.8054805361355282e-05,805.8,-98,False
2026-10-02,川崎,1,013420261002,1790924100,1790923800,667,near_close_v2_20260805,trifecta,3連単,171,3-7-4,2.7914186398168216e-05,402.9,-99,False
2026-10-02,川崎,1,013420261002,1790924100,1790923800,667,near_close_v2_20260805,trifecta,3連単,172,1-6-7,2.774344015914102e-05,1522.1,-96,False
2026-10-02,川崎,1,013420261002,1790924100,1790923800,667,near_close_v2_20260805,trifecta,3連単,173,4-3-7,2.7098296628517034e-05,526.9,-99,False
2026-10-02,川崎,1,013420261002,1790924100,1790923800,667,near_close_v2_20260805,trifecta,3連単,174,3-4-7,2.7014550237657425e-05,441.9,-99,False
2026-10-02,川崎,1,013420261002,1790924100,1790923800,667,near_close_v2_20260805,trifecta,3連単,175,6-4-3,2.2859614358475123e-05,805.8,-98,False
2026-10-02,川崎,1,013420261002,1790924100,1790923800,667,near_close_v2_20260805,trifecta,3連単,176,6-3-4,2.278568138746883e-05,391.4,-99,False
2026-10-02,川崎,1,013420261002,1790924100,1790923800,667,near_close_v2_20260805,trifecta,3連単,177,4-6-3,2.2383665600297303e-05,761.0,-98,False
2026-10-02,川崎,1,013420261002,1790924100,1790923800,667,near_close_v2_20260805,trifecta,3連単,178,3-6-4,2.2242319702045976e-05,263.4,-99,False
2026-10-02,川崎,1,013420261002,1790924100,1790923800,667,near_close_v2_20260805,trifecta,3連単,179,4-3-6,2.1836938289450872e-05,684.9,-99,False
2026-10-02,川崎,1,013420261002,1790924100,1790923800,667,near_close_v2_20260805,trifecta,3連単,180,3-4-6,2.1769451952791575e-05,297.8,-99,False
2026-10-02,川崎,1,013420261002,1790924100,1790923800,667,near_close_v2_20260805,trifecta,3連単,181,7-4-1,1.584014136682226e-05,304.4,-100,False
2026-10-02,川崎,1,013420261002,1790924100,1790923800,667,near_close_v2_20260805,trifecta,3連単,182,7-1-4,1.563360135242534e-05,489.2,-99,False
2026-10-02,川崎,1,013420261002,1790924100,1790923800,667,near_close_v2_20260805,trifecta,3連単,183,4-7-1,1.534018435395018e-05,489.2,-99,False
2026-10-02,川崎,1,013420261002,1790924100,1790923800,667,near_close_v2_20260805,trifecta,3連単,184,1-7-4,1.4953537904007132e-05,761.0,-99,False
2026-10-02,川崎,1,013420261002,1790924100,1790923800,667,near_close_v2_20260805,trifecta,3連単,185,4-1-7,1.4656845801077803e-05,570.8,-99,False
2026-10-02,川崎,1,013420261002,1790924100,1790923800,667,near_close_v2_20260805,trifecta,3連単,186,1-4-7,1.4476178031390511e-05,684.9,-99,False
2026-10-02,川崎,1,013420261002,1790924100,1790923800,667,near_close_v2_20260805,trifecta,3連単,187,7-3-1,1.3728731502986246e-05,721.0,-99,False
2026-10-02,川崎,1,013420261002,1790924100,1790923800,667,near_close_v2_20260805,trifecta,3連単,188,7-1-3,1.3594187099388199e-05,913.3,-99,False
2026-10-02,川崎,1,013420261002,1790924100,1790923800,667,near_close_v2_20260805,trifecta,3連単,189,3-7-1,1.3254327159252316e-05,721.0,-99,False
2026-10-02,川崎,1,013420261002,1790924100,1790923800,667,near_close_v2_20260805,trifecta,3連単,190,1-7-3,1.3002838404430078e-05,547.9,-99,False
2026-10-02,川崎,1,013420261002,1790924100,1790923800,667,near_close_v2_20260805,trifecta,3連単,191,3-1-7,1.2665749921392156e-05,805.8,-99,False
2026-10-02,川崎,1,013420261002,1790924100,1790923800,667,near_close_v2_20260805,trifecta,3連単,192,1-3-7,1.2548405850684368e-05,761.0,-99,False
2026-10-02,川崎,1,013420261002,1790924100,1790923800,667,near_close_v2_20260805,trifecta,3連単,193,6-4-1,1.2482667493208542e-05,1141.6,-99,False
2026-10-02,川崎,1,013420261002,1790924100,1790923800,667,near_close_v2_20260805,trifecta,3連単,194,6-1-4,1.2321712073787771e-05,1712.4,-98,False
2026-10-02,川崎,1,013420261002,1790924100,1790923800,667,near_close_v2_20260805,trifecta,3連単,195,4-6-1,1.222277202870187e-05,1369.9,-98,False
2026-10-02,川崎,1,013420261002,1790924100,1790923800,667,near_close_v2_20260805,trifecta,3連単,196,1-6-4,1.191644636038355e-05,805.8,-99,False
2026-10-02,川崎,1,013420261002,1790924100,1790923800,667,near_close_v2_20260805,trifecta,3連単,197,4-1-6,1.1811098006039081e-05,1712.4,-98,False
2026-10-02,川崎,1,013420261002,1790924100,1790923800,667,near_close_v2_20260805,trifecta,3連単,198,1-4-6,1.1665508377597183e-05,595.6,-99,False
2026-10-02,川崎,1,013420261002,1790924100,1790923800,667,near_close_v2_20260805,trifecta,3連単,199,6-3-1,1.0819189617355875e-05,285.4,-100,False
2026-10-02,川崎,1,013420261002,1790924100,1790923800,667,near_close_v2_20260805,trifecta,3連単,200,6-1-3,1.0714336098244928e-05,1053.8,-99,False
2026-10-02,川崎,1,013420261002,1790924100,1790923800,667,near_close_v2_20260805,trifecta,3連単,201,3-6-1,1.0561188418908986e-05,244.6,-100,False
2026-10-02,川崎,1,013420261002,1790924100,1790923800,667,near_close_v2_20260805,trifecta,3連単,202,1-6-3,1.0361937581179674e-05,489.2,-99,False
2026-10-02,川崎,1,013420261002,1790924100,1790923800,667,near_close_v2_20260805,trifecta,3連単,203,3-1-6,1.0206589853769481e-05,761.0,-99,False
2026-10-02,川崎,1,013420261002,1790924100,1790923800,667,near_close_v2_20260805,trifecta,3連単,204,1-3-6,1.0112029104590055e-05,1141.6,-99,False
2026-10-02,川崎,1,013420261002,1790924100,1790923800,667,near_close_v2_20260805,trifecta,3連単,205,4-3-1,5.526639728829695e-06,1369.9,-99,False
2026-10-02,川崎,1,013420261002,1790924100,1790923800,667,near_close_v2_20260805,trifecta,3連単,206,3-4-1,5.5095598312547395e-06,978.5,-99,False
2026-10-02,川崎,1,013420261002,1790924100,1790923800,667,near_close_v2_20260805,trifecta,3連単,207,4-1-3,5.474206531582702e-06,1712.4,-99,False
2026-10-02,川崎,1,013420261002,1790924100,1790923800,667,near_close_v2_20260805,trifecta,3連単,208,3-1-4,5.440231228951342e-06,1053.8,-99,False
2026-10-02,川崎,1,013420261002,1790924100,1790923800,667,near_close_v2_20260805,trifecta,3連単,209,1-4-3,5.406728665042282e-06,805.8,-100,False
2026-10-02,川崎,1,013420261002,1790924100,1790923800,667,near_close_v2_20260805,trifecta,3連単,210,1-3-4,5.389829248653392e-06,1053.8,-99,False
2026-10-02,大宮,12,122520261002,1790924580,1790924280,1147,near_close_v2_20260805,exacta,2車単,1,1-2,0.35121836962772074,9.3,227,False
2026-10-02,大宮,12,122520261002,1790924580,1790924280,1147,near_close_v2_20260805,exacta,2車単,2,1-7,0.29403448807877375,2.6,-24,False
2026-10-02,大宮,12,122520261002,1790924580,1790924280,1147,near_close_v2_20260805,exacta,2車単,3,1-3,0.15346755755251945,21.5,230,False
2026-10-02,大宮,12,122520261002,1790924580,1790924280,1147,near_close_v2_20260805,exacta,2車単,4,1-5,0.041759954586311925,24.1,1,False
2026-10-02,大宮,12,122520261002,1790924580,1790924280,1147,near_close_v2_20260805,exacta,2車単,5,1-4,0.03620378929229246,40.7,47,False
2026-10-02,大宮,12,122520261002,1790924580,1790924280,1147,near_close_v2_20260805,exacta,2車単,6,2-1,0.035005850909625005,14.3,-50,False
2026-10-02,大宮,12,122520261002,1790924580,1790924280,1147,near_close_v2_20260805,exacta,2車単,7,7-1,0.029122744456959636,4.2,-88,False
2026-10-02,大宮,12,122520261002,1790924580,1790924280,1147,near_close_v2_20260805,exacta,2車単,8,1-6,0.02736155731185297,55.6,52,False
2026-10-02,大宮,12,122520261002,1790924580,1790924280,1147,near_close_v2_20260805,exacta,2車単,9,3-1,0.014969708950775427,55.6,-17,False
2026-10-02,大宮,12,122520261002,1790924580,1790924280,1147,near_close_v2_20260805,exacta,2車単,10,5-1,0.0040248862256332995,60.0,-76,False
2026-10-02,大宮,12,122520261002,1790924580,1790924280,1147,near_close_v2_20260805,exacta,2車単,11,4-1,0.0034873090843965315,198.5,-31,False
2026-10-02,大宮,12,122520261002,1790924580,1790924280,1147,near_close_v2_20260805,exacta,2車単,12,6-1,0.002633105487019585,169.1,-55,False
2026-10-02,大宮,12,122520261002,1790924580,1790924280,1147,near_close_v2_20260805,exacta,2車単,13,2-7,0.001208432768501777,21.1,-97,False
2026-10-02,大宮,12,122520261002,1790924580,1790924280,1147,near_close_v2_20260805,exacta,2車単,14,7-2,0.001200862003631027,25.6,-97,False
2026-10-02,大宮,12,122520261002,1790924580,1790924280,1147,near_close_v2_20260805,exacta,2車単,15,2-3,0.0006307260983572519,61.7,-96,False
2026-10-02,大宮,12,122520261002,1790924580,1790924280,1147,near_close_v2_20260805,exacta,2車単,16,3-2,0.0006172685651576884,114.1,-93,False
2026-10-02,大宮,12,122520261002,1790924580,1790924280,1147,near_close_v2_20260805,exacta,2車単,17,7-3,0.000524725853178531,45.2,-98,False
2026-10-02,大宮,12,122520261002,1790924580,1790924280,1147,near_close_v2_20260805,exacta,2車単,18,3-7,0.0005167675220280817,55.6,-97,False
2026-10-02,大宮,12,122520261002,1790924580,1790924280,1147,near_close_v2_20260805,exacta,2車単,19,2-5,0.00017162645736892515,23.2,-100,False
2026-10-02,大宮,12,122520261002,1790924580,1790924280,1147,near_close_v2_20260805,exacta,2車単,20,5-2,0.00016596419834140577,43.9,-99,False
2026-10-02,大宮,12,122520261002,1790924580,1790924280,1147,near_close_v2_20260805,exacta,2車単,21,2-4,0.00014879154350430857,142.7,-98,False
2026-10-02,大宮,12,122520261002,1790924580,1790924280,1147,near_close_v2_20260805,exacta,2車単,22,4-2,0.000143797470068736,142.7,-98,False
2026-10-02,大宮,12,122520261002,1790924580,1790924280,1147,near_close_v2_20260805,exacta,2車単,23,7-5,0.0001427828014497485,70.2,-99,False
2026-10-02,大宮,12,122520261002,1790924580,1790924280,1147,near_close_v2_20260805,exacta,2車単,24,5-7,0.00013894261325352877,163.0,-98,False
2026-10-02,大宮,12,122520261002,1790924580,1790924280,1147,near_close_v2_20260805,exacta,2車単,25,7-4,0.00012378553830957254,44.7,-99,False
2026-10-02,大宮,12,122520261002,1790924580,1790924280,1147,near_close_v2_20260805,exacta,2車単,26,4-7,0.00012038497742444512,190.2,-98,False
2026-10-02,大宮,12,122520261002,1790924580,1790924280,1147,near_close_v2_20260805,exacta,2車単,27,2-6,0.00011245144292061514,123.4,-99,False
2026-10-02,大宮,12,122520261002,1790924580,1790924280,1147,near_close_v2_20260805,exacta,2車単,28,6-2,0.0001085748060450583,163.0,-98,False
2026-10-02,大宮,12,122520261002,1790924580,1790924280,1147,near_close_v2_20260805,exacta,2車単,29,7-6,9.355277906108581e-05,111.3,-99,False
2026-10-02,大宮,12,122520261002,1790924580,1790924280,1147,near_close_v2_20260805,exacta,2車単,30,6-7,9.089711778899829e-05,285.4,-97,False
2026-10-02,大宮,12,122520261002,1790924580,1790924280,1147,near_close_v2_20260805,exacta,2車単,31,3-5,7.339339134187607e-05,134.3,-99,False
2026-10-02,大宮,12,122520261002,1790924580,1790924280,1147,near_close_v2_20260805,exacta,2車単,32,5-3,7.2519328039746e-05,190.2,-99,False
2026-10-02,大宮,12,122520261002,1790924580,1790924280,1147,near_close_v2_20260805,exacta,2車単,33,3-4,6.362839476025181e-05,304.4,-98,False
2026-10-02,大宮,12,122520261002,1790924580,1790924280,1147,near_close_v2_20260805,exacta,2車単,34,4-3,6.283340628530339e-05,415.1,-97,False
2026-10-02,大宮,12,122520261002,1790924580,1790924280,1147,near_close_v2_20260805,exacta,2車単,35,3-6,4.808811464010139e-05,59.3,-100,False
2026-10-02,大宮,12,122520261002,1790924580,1790924280,1147,near_close_v2_20260805,exacta,2車単,36,6-3,4.744259337327805e-05,86.1,-100,False
2026-10-02,大宮,12,122520261002,1790924580,1790924280,1147,near_close_v2_20260805,exacta,2車単,37,5-4,1.7107683955099856e-05,326.1,-99,False
2026-10-02,大宮,12,122520261002,1790924580,1790924280,1147,near_close_v2_20260805,exacta,2車単,38,4-5,1.7097556218548673e-05,415.1,-99,False
2026-10-02,大宮,12,122520261002,1790924580,1790924280,1147,near_close_v2_20260805,exacta,2車単,39,5-6,1.2929388999349467e-05,380.5,-100,False
2026-10-02,大宮,12,122520261002,1790924580,1790924280,1147,near_close_v2_20260805,exacta,2車単,40,6-5,1.2909572396413167e-05,326.1,-100,False
2026-10-02,大宮,12,122520261002,1790924580,1790924280,1147,near_close_v2_20260805,exacta,2車単,41,4-6,1.12024969615218e-05,1141.6,-99,False
2026-10-02,大宮,12,122520261002,1790924580,1790924280,1147,near_close_v2_20260805,exacta,2車単,42,6-4,1.1191952757691303e-05,913.3,-99,False
2026-10-02,大宮,12,122520261002,1790924580,1790924280,1147,near_close_v2_20260805,quinella,2車複,1,1-2,0.38622422053734573,6.3,143,False
2026-10-02,大宮,12,122520261002,1790924580,1790924280,1147,near_close_v2_20260805,quinella,2車複,2,1-7,0.32315723253573336,1.3,-58,False
2026-10-02,大宮,12,122520261002,1790924580,1790924280,1147,near_close_v2_20260805,quinella,2車複,3,1-3,0.16843726650329488,29.6,399,False
2026-10-02,大宮,12,122520261002,1790924580,1790924280,1147,near_close_v2_20260805,quinella,2車複,4,1-5,0.04578484081194523,19.7,-10,False
2026-10-02,大宮,12,122520261002,1790924580,1790924280,1147,near_close_v2_20260805,quinella,2車複,5,1-4,0.039691098376688994,44.4,76,False
2026-10-02,大宮,12,122520261002,1790924580,1790924280,1147,near_close_v2_20260805,quinella,2車複,6,1-6,0.029994662798872553,51.4,54,False
2026-10-02,大宮,12,122520261002,1790924580,1790924280,1147,near_close_v2_20260805,quinella,2車複,7,2-7,0.002409294772132804,25.7,-94,False
2026-10-02,大宮,12,122520261002,1790924580,1790924280,1147,near_close_v2_20260805,quinella,2車複,8,2-3,0.0012479946635149401,61.0,-92,False
2026-10-02,大宮,12,122520261002,1790924580,1790924280,1147,near_close_v2_20260805,quinella,2車複,9,2-5,0.0003375906557103309,26.4,-99,False
2026-10-02,大宮,12,122520261002,1790924580,1790924280,1147,near_close_v2_20260805,quinella,2車複,10,2-4,0.0002925890135730446,20.5,-99,False
2026-10-02,大宮,12,122520261002,1790924580,1790924280,1147,near_close_v2_20260805,quinella,2車複,11,2-6,0.00022102624896567344,97.7,-98,False
2026-10-02,大宮,12,122520261002,1790924580,1790924280,1147,near_close_v2_20260805,quinella,2車複,12,3-5,0.00014591271938162208,55.8,-99,False
2026-10-02,大宮,12,122520261002,1790924580,1790924280,1147,near_close_v2_20260805,quinella,2車複,13,3-4,0.0001264618010455552,279.2,-96,False
2026-10-02,大宮,12,122520261002,1790924580,1790924280,1147,near_close_v2_20260805,quinella,2車複,14,3-6,9.553070801337944e-05,36.8,-100,False
2026-10-02,大宮,12,122520261002,1790924580,1790924280,1147,near_close_v2_20260805,quinella,2車複,15,5-6,2.5838961395762634e-05,139.6,-100,False
2026-10-02,大宮,12,122520261002,1790924580,1790924280,1147,near_close_v2_20260805,quinella,2車複,16,4-6,2.2394449719213105e-05,244.3,-99,False
2026-10-02,大宮,12,122520261002,1790924580,1790924280,1147,near_close_v2_20260805,quinella_place,ワイド,1,1-2,0.702162406998991,2.1,47,False
2026-10-02,大宮,12,122520261002,1790924580,1790924280,1147,near_close_v2_20260805,quinella_place,ワイド,2,1-7,0.6376765827917589,1.0,-36,False
2026-10-02,大宮,12,122520261002,1790924580,1790924280,1147,near_close_v2_20260805,quinella_place,ワイド,3,2-7,0.3940290816868611,2.9,14,False
2026-10-02,大宮,12,122520261002,1790924580,1790924280,1147,near_close_v2_20260805,quinella_place,ワイド,4,1-3,0.37989370011056056,3.7,41,False
2026-10-02,大宮,12,122520261002,1790924580,1790924280,1147,near_close_v2_20260805,quinella_place,ワイド,5,2-3,0.18739398607916344,11.7,119,False
2026-10-02,大宮,12,122520261002,1790924580,1790924280,1147,near_close_v2_20260805,quinella_place,ワイド,6,1-5,0.11056440732112113,3.5,-61,False
2026-10-02,大宮,12,122520261002,1790924580,1790924280,1147,near_close_v2_20260805,quinella_place,ワイド,7,1-4,0.09612182744486387,3.2,-69,False
2026-10-02,大宮,12,122520261002,1790924580,1790924280,1147,near_close_v2_20260805,quinella_place,ワイド,8,1-6,0.07296255452057557,5.4,-61,False
2026-10-02,大宮,12,122520261002,1790924580,1790924280,1147,near_close_v2_20260805,quinella_place,ワイド,9,2-5,0.048199579031648405,10.8,-48,False
2026-10-02,大宮,12,122520261002,1790924580,1790924280,1147,near_close_v2_20260805,quinella_place,ワイド,10,2-4,0.04168253010923883,13.1,-45,False
2026-10-02,大宮,12,122520261002,1790924580,1790924280,1147,near_close_v2_20260805,quinella_place,ワイド,11,2-6,0.03137906434855033,41.0,29,False
2026-10-02,大宮,12,122520261002,1790924580,1790924280,1147,near_close_v2_20260805,quinella_place,ワイド,12,3-5,0.017689119346884375,14.9,-74,False
2026-10-02,大宮,12,122520261002,1790924580,1790924280,1147,near_close_v2_20260805,quinella_place,ワイド,13,3-4,0.015290092045487152,22.6,-65,False
2026-10-02,大宮,12,122520261002,1790924580,1790924280,1147,near_close_v2_20260805,quinella_place,ワイド,14,3-6,0.011501906264115107,13.8,-84,False
2026-10-02,大宮,12,122520261002,1790924580,1790924280,1147,near_close_v2_20260805,quinella_place,ワイド,15,5-6,0.002912225507422358,37.0,-89,False
2026-10-02,大宮,12,122520261002,1790924580,1790924280,1147,near_close_v2_20260805,quinella_place,ワイド,16,4-6,0.00251664301373359,24.7,-94,False
2026-10-02,大宮,12,122520261002,1790924580,1790924280,1147,near_close_v2_20260805,trifecta,3連単,1,1-2-7,0.18680391646878175,18.8,251,True
2026-10-02,大宮,12,122520261002,1790924580,1790924280,1147,near_close_v2_20260805,trifecta,3連単,2,1-7-2,0.16929247973545858,7.1,20,False
2026-10-02,大宮,12,122520261002,1790924580,1790924280,1147,near_close_v2_20260805,trifecta,3連単,3,1-2-3,0.09749992590674725,53.8,425,True
2026-10-02,大宮,12,122520261002,1790924580,1790924280,1147,near_close_v2_20260805,trifecta,3連単,4,1-7-3,0.0739736460953027,20.8,54,False
2026-10-02,大宮,12,122520261002,1790924580,1790924280,1147,near_close_v2_20260805,trifecta,3連単,5,1-3-2,0.07181214203402425,116.5,737,True
2026-10-02,大宮,12,122520261002,1790924580,1790924280,1147,near_close_v2_20260805,trifecta,3連単,6,1-3-7,0.06011999441599806,77.7,367,True
2026-10-02,大宮,12,122520261002,1790924580,1790924280,1147,near_close_v2_20260805,trifecta,3連単,7,1-2-5,0.026530639719350248,28.7,-24,False
2026-10-02,大宮,12,122520261002,1790924580,1790924280,1147,near_close_v2_20260805,trifecta,3連単,8,1-2-4,0.023000735985089348,82.2,89,False
2026-10-02,大宮,12,122520261002,1790924580,1790924280,1147,near_close_v2_20260805,trifecta,3連単,9,1-7-5,0.020128919432803195,17.2,-65,False
2026-10-02,大宮,12,122520261002,1790924580,1790924280,1147,near_close_v2_20260805,trifecta,3連単,10,2-1-7,0.018618701681724616,35.7,-34,False
2026-10-02,大宮,12,122520261002,1790924580,1790924280,1147,near_close_v2_20260805,trifecta,3連単,11,1-7-4,0.01745076509411735,6.8,-88,False
2026-10-02,大宮,12,122520261002,1790924580,1790924280,1147,near_close_v2_20260805,trifecta,3連単,12,1-2-6,0.017383151547752558,146.0,154,True
2026-10-02,大宮,12,122520261002,1790924580,1790924280,1147,near_close_v2_20260805,trifecta,3連単,13,1-5-2,0.01700928371337263,69.2,18,False
2026-10-02,大宮,12,122520261002,1790924580,1790924280,1147,near_close_v2_20260805,trifecta,3連単,14,7-1-2,0.016767630416537834,13.0,-78,False
2026-10-02,大宮,12,122520261002,1790924580,1790924280,1147,near_close_v2_20260805,trifecta,3連単,15,1-4-2,0.014651787902477717,264.9,288,True
2026-10-02,大宮,12,122520261002,1790924580,1790924280,1147,near_close_v2_20260805,trifecta,3連単,16,1-5-7,0.014239904463281251,59.2,-16,False
2026-10-02,大宮,12,122520261002,1790924580,1790924280,1147,near_close_v2_20260805,trifecta,3連単,17,1-7-6,0.013188677721092234,31.1,-59,False
2026-10-02,大宮,12,122520261002,1790924580,1790924280,1147,near_close_v2_20260805,trifecta,3連単,18,1-4-7,0.01226624609615458,98.7,21,False
2026-10-02,大宮,12,122520261002,1790924580,1790924280,1147,near_close_v2_20260805,trifecta,3連単,19,1-6-2,0.010961623350189824,323.8,255,True
2026-10-02,大宮,12,122520261002,1790924580,1790924280,1147,near_close_v2_20260805,trifecta,3連単,20,2-1-3,0.00971779429876864,106.5,3,False
2026-10-02,大宮,12,122520261002,1790924580,1790924280,1147,near_close_v2_20260805,trifecta,3連単,21,1-6-7,0.00917689844555046,122.3,12,False
2026-10-02,大宮,12,122520261002,1790924580,1790924280,1147,near_close_v2_20260805,trifecta,3連単,22,1-3-5,0.008538482179236053,146.0,25,False
2026-10-02,大宮,12,122520261002,1790924580,1790924280,1147,near_close_v2_20260805,trifecta,3連単,23,1-5-3,0.007432336839260572,96.2,-29,False
2026-10-02,大宮,12,122520261002,1790924580,1790924280,1147,near_close_v2_20260805,trifecta,3連単,24,1-3-4,0.0074024364431272945,193.7,43,False
2026-10-02,大宮,12,122520261002,1790924580,1790924280,1147,near_close_v2_20260805,trifecta,3連単,25,7-1-3,0.007326744579723979,33.8,-75,False
2026-10-02,大宮,12,122520261002,1790924580,1790924280,1147,near_close_v2_20260805,trifecta,3連単,26,3-1-2,0.00700478252553933,231.4,62,False
2026-10-02,大宮,12,122520261002,1790924580,1790924280,1147,near_close_v2_20260805,trifecta,3連単,27,1-4-3,0.0064022109821710565,421.8,170,False
2026-10-02,大宮,12,122520261002,1790924580,1790924280,1147,near_close_v2_20260805,trifecta,3連単,28,3-1-7,0.005864293619332188,134.9,-21,False
2026-10-02,大宮,12,122520261002,1790924580,1790924280,1147,near_close_v2_20260805,trifecta,3連単,29,1-3-6,0.005594502480133933,126.4,-29,False
2026-10-02,大宮,12,122520261002,1790924580,1790924280,1147,near_close_v2_20260805,trifecta,3連単,30,1-6-3,0.004789765307969022,134.7,-35,False
2026-10-02,大宮,12,122520261002,1790924580,1790924280,1147,near_close_v2_20260805,trifecta,3連単,31,2-1-5,0.0026443025162293473,56.5,-85,False
2026-10-02,大宮,12,122520261002,1790924580,1790924280,1147,near_close_v2_20260805,trifecta,3連単,32,2-1-4,0.002292477855184873,189.1,-57,False
2026-10-02,大宮,12,122520261002,1790924580,1790924280,1147,near_close_v2_20260805,trifecta,3連単,33,7-1-5,0.001993675574136076,31.6,-94,False
2026-10-02,大宮,12,122520261002,1790924580,1790924280,1147,near_close_v2_20260805,trifecta,3連単,34,1-5-4,0.001753326638992407,224.1,-61,False
2026-10-02,大宮,12,122520261002,1790924580,1790924280,1147,near_close_v2_20260805,trifecta,3連単,35,1-4-5,0.0017421013543918334,377.1,-34,False
2026-10-02,大宮,12,122520261002,1790924580,1790924280,1147,near_close_v2_20260805,trifecta,3連単,36,2-1-6,0.0017325745577175965,320.5,-44,False
2026-10-02,大宮,12,122520261002,1790924580,1790924280,1147,near_close_v2_20260805,trifecta,3連単,37,7-1-4,0.0017284168797173781,10.5,-98,False
2026-10-02,大宮,12,122520261002,1790924580,1790924280,1147,near_close_v2_20260805,trifecta,3連単,38,5-1-2,0.0016393799371678985,228.1,-63,False
2026-10-02,大宮,12,122520261002,1790924580,1790924280,1147,near_close_v2_20260805,trifecta,3連単,39,4-1-2,0.0014113250036465,704.6,-1,False
2026-10-02,大宮,12,122520261002,1790924580,1790924280,1147,near_close_v2_20260805,trifecta,3連単,40,5-1-7,0.0013724630665039382,171.9,-76,False
2026-10-02,大宮,12,122520261002,1790924580,1790924280,1147,near_close_v2_20260805,trifecta,3連単,41,1-5-6,0.0013251029314050994,132.2,-82,False
2026-10-02,大宮,12,122520261002,1790924580,1790924280,1147,near_close_v2_20260805,trifecta,3連単,42,7-1-6,0.0013062770068443996,60.6,-92,False
2026-10-02,大宮,12,122520261002,1790924580,1790924280,1147,near_close_v2_20260805,trifecta,3連単,43,1-6-5,0.001303339838919558,181.6,-76,False
2026-10-02,大宮,12,122520261002,1790924580,1790924280,1147,near_close_v2_20260805,trifecta,3連単,44,4-1-7,0.0011815390675602605,288.8,-66,False
2026-10-02,大宮,12,122520261002,1790924580,1790924280,1147,near_close_v2_20260805,trifecta,3連単,45,2-7-1,0.0011727991829604467,58.8,-93,False
2026-10-02,大宮,12,122520261002,1790924580,1790924280,1147,near_close_v2_20260805,trifecta,3連単,46,7-2-1,0.0011654516605444421,50.9,-94,False
2026-10-02,大宮,12,122520261002,1790924580,1790924280,1147,near_close_v2_20260805,trifecta,3連単,47,1-4-6,0.0011414429570973,562.4,-36,False
2026-10-02,大宮,12,122520261002,1790924580,1790924280,1147,near_close_v2_20260805,trifecta,3連単,48,1-6-4,0.001129930369224124,604.9,-32,False
2026-10-02,大宮,12,122520261002,1790924580,1790924280,1147,near_close_v2_20260805,trifecta,3連単,49,6-1-2,0.0010548782096377017,1001.8,6,False
2026-10-02,大宮,12,122520261002,1790924580,1790924280,1147,near_close_v2_20260805,trifecta,3連単,50,6-1-7,0.0008831274249266777,534.3,-53,False
2026-10-02,大宮,12,122520261002,1790924580,1790924280,1147,near_close_v2_20260805,trifecta,3連単,51,3-1-5,0.0008328704459951061,319.0,-73,False
2026-10-02,大宮,12,122520261002,1790924580,1790924280,1147,near_close_v2_20260805,trifecta,3連単,52,3-1-4,0.0007220569666152854,538.8,-61,False
2026-10-02,大宮,12,122520261002,1790924580,1790924280,1147,near_close_v2_20260805,trifecta,3連単,53,5-1-3,0.0007163396240476787,298.2,-79,False
2026-10-02,大宮,12,122520261002,1790924580,1790924280,1147,near_close_v2_20260805,trifecta,3連単,54,4-1-3,0.0006166892735479911,2003.7,24,False
2026-10-02,大宮,12,122520261002,1790924580,1790924280,1147,near_close_v2_20260805,trifecta,3連単,55,2-3-1,0.00060247800669397,388.6,-77,False
2026-10-02,大宮,12,122520261002,1790924580,1790924280,1147,near_close_v2_20260805,trifecta,3連単,56,3-2-1,0.0005896231909534953,400.7,-76,False
2026-10-02,大宮,12,122520261002,1790924580,1790924280,1147,near_close_v2_20260805,trifecta,3連単,57,3-1-6,0.0005457053932935381,246.6,-87,False
2026-10-02,大宮,12,122520261002,1790924580,1790924280,1147,near_close_v2_20260805,trifecta,3連単,58,7-3-1,0.0004980313064157308,172.8,-91,False
2026-10-02,大宮,12,122520261002,1790924580,1790924280,1147,near_close_v2_20260805,trifecta,3連単,59,3-7-1,0.0004904778420004778,147.0,-93,False
2026-10-02,大宮,12,122520261002,1790924580,1790924280,1147,near_close_v2_20260805,trifecta,3連単,60,6-1-3,0.0004609371159033339,525.5,-76,False
2026-10-02,大宮,12,122520261002,1790924580,1790924280,1147,near_close_v2_20260805,trifecta,3連単,61,5-1-4,0.00016898821630015838,512.9,-91,False
2026-10-02,大宮,12,122520261002,1790924580,1790924280,1147,near_close_v2_20260805,trifecta,3連単,62,4-1-5,0.00016780690634511907,1086.7,-82,False
2026-10-02,大宮,12,122520261002,1790924580,1790924280,1147,near_close_v2_20260805,trifecta,3連単,63,2-5-1,0.00016191153057657103,88.0,-99,False
2026-10-02,大宮,12,122520261002,1790924580,1790924280,1147,near_close_v2_20260805,trifecta,3連単,64,5-2-1,0.00015656978408992085,189.7,-97,False
2026-10-02,大宮,12,122520261002,1790924580,1790924280,1147,near_close_v2_20260805,trifecta,3連単,65,2-4-1,0.0001402828594623153,572.4,-92,False
2026-10-02,大宮,12,122520261002,1790924580,1790924280,1147,near_close_v2_20260805,trifecta,3連単,66,4-2-1,0.00013557437344619556,929.2,-87,False
2026-10-02,大宮,12,122520261002,1790924580,1790924280,1147,near_close_v2_20260805,trifecta,3連単,67,7-5-1,0.00013385280133954925,195.4,-97,False
2026-10-02,大宮,12,122520261002,1790924580,1790924280,1147,near_close_v2_20260805,trifecta,3連単,68,5-7-1,0.00013025278829514915,294.1,-96,False
2026-10-02,大宮,12,122520261002,1790924580,1790924280,1147,near_close_v2_20260805,trifecta,3連単,69,5-1-6,0.00012771538161363016,411.0,-95,False
2026-10-02,大宮,12,122520261002,1790924580,1790924280,1147,near_close_v2_20260805,trifecta,3連単,70,6-1-5,0.00012542529075359495,822.0,-90,False
2026-10-02,大宮,12,122520261002,1790924580,1790924280,1147,near_close_v2_20260805,trifecta,3連単,71,7-4-1,0.00011597275582668297,102.4,-99,False
2026-10-02,大宮,12,122520261002,1790924580,1790924280,1147,near_close_v2_20260805,trifecta,3連単,72,4-7-1,0.0001127868229415476,267.1,-97,False
2026-10-02,大宮,12,122520261002,1790924580,1790924280,1147,near_close_v2_20260805,trifecta,3連単,73,4-1-6,0.0001099488332966652,1424.8,-84,False
2026-10-02,大宮,12,122520261002,1790924580,1790924280,1147,near_close_v2_20260805,trifecta,3連単,74,6-1-4,0.00010873744579827862,2671.6,-71,False
2026-10-02,大宮,12,122520261002,1790924580,1790924280,1147,near_close_v2_20260805,trifecta,3連単,75,2-6-1,0.00010591721072155976,929.2,-90,False
2026-10-02,大宮,12,122520261002,1790924580,1790924280,1147,near_close_v2_20260805,trifecta,3連単,76,6-2-1,0.00010226583414358924,1457.2,-85,False
2026-10-02,大宮,12,122520261002,1790924580,1790924280,1147,near_close_v2_20260805,trifecta,3連単,77,7-6-1,8.756298816996027e-05,468.0,-96,False
2026-10-02,大宮,12,122520261002,1790924580,1790924280,1147,near_close_v2_20260805,trifecta,3連単,78,6-7-1,8.507735771744978e-05,866.4,-93,False
2026-10-02,大宮,12,122520261002,1790924580,1790924280,1147,near_close_v2_20260805,trifecta,3連単,79,3-5-1,6.775494512377997e-05,557.5,-96,False
2026-10-02,大宮,12,122520261002,1790924580,1790924280,1147,near_close_v2_20260805,trifecta,3連単,80,5-3-1,6.694803172207234e-05,791.6,-95,False
2026-10-02,大宮,12,122520261002,1790924580,1790924280,1147,near_close_v2_20260805,trifecta,3連単,81,3-4-1,5.8704792070935905e-05,1563.8,-91,False
2026-10-02,大宮,12,122520261002,1790924580,1790924280,1147,near_close_v2_20260805,trifecta,3連単,82,4-3-1,5.797132027274759e-05,2787.8,-84,False
2026-10-02,大宮,12,122520261002,1790924580,1790924280,1147,near_close_v2_20260805,trifecta,3連単,83,3-6-1,4.432457456917885e-05,207.5,-99,False
2026-10-02,大宮,12,122520261002,1790924580,1790924280,1147,near_close_v2_20260805,trifecta,3連単,84,6-3-1,4.372957400112909e-05,468.0,-98,False
2026-10-02,大宮,12,122520261002,1790924580,1790924280,1147,near_close_v2_20260805,trifecta,3連単,85,2-7-3,2.1131183319466962e-05,312.7,-99,False
2026-10-02,大宮,12,122520261002,1790924580,1790924280,1147,near_close_v2_20260805,trifecta,3連単,86,7-2-3,2.0998797617488074e-05,292.7,-99,False
2026-10-02,大宮,12,122520261002,1790924580,1790924280,1147,near_close_v2_20260805,trifecta,3連単,87,2-3-7,2.079807079880023e-05,521.2,-99,False
2026-10-02,大宮,12,122520261002,1790924580,1790924280,1147,near_close_v2_20260805,trifecta,3連単,88,7-3-2,2.0536075278799786e-05,451.5,-99,False
2026-10-02,大宮,12,122520261002,1790924580,1790924280,1147,near_close_v2_20260805,trifecta,3連単,89,3-2-7,2.0354311250890745e-05,552.7,-99,False
2026-10-02,大宮,12,122520261002,1790924580,1790924280,1147,near_close_v2_20260805,trifecta,3連単,90,3-7-2,2.02246118991907e-05,517.0,-99,False
2026-10-02,大宮,12,122520261002,1790924580,1790924280,1147,near_close_v2_20260805,trifecta,3連単,91,5-4-1,1.559517809796473e-05,1364.2,-98,False
2026-10-02,大宮,12,122520261002,1790924580,1790924280,1147,near_close_v2_20260805,trifecta,3連単,92,4-5-1,1.5585945763789076e-05,1233.0,-98,False
2026-10-02,大宮,12,122520261002,1790924580,1790924280,1147,near_close_v2_20260805,trifecta,3連単,93,5-6-1,1.177514676354078e-05,1885.8,-98,False
2026-10-02,大宮,12,122520261002,1790924580,1790924280,1147,near_close_v2_20260805,trifecta,3連単,94,6-5-1,1.1757099243434339e-05,1943.0,-98,False
2026-10-02,大宮,12,122520261002,1790924580,1790924280,1147,near_close_v2_20260805,trifecta,3連単,95,4-6-1,1.0196361659150031e-05,4274.6,-96,False
2026-10-02,大宮,12,122520261002,1790924580,1790924280,1147,near_close_v2_20260805,trifecta,3連単,96,6-4-1,1.0186764467021096e-05,3374.7,-97,False
2026-10-02,大宮,12,122520261002,1790924580,1790924280,1147,near_close_v2_20260805,trifecta,3連単,97,2-7-5,5.7499921797738e-06,156.0,-100,False
2026-10-02,大宮,12,122520261002,1790924580,1790924280,1147,near_close_v2_20260805,trifecta,3連単,98,7-2-5,5.713968794827288e-06,184.7,-100,False
2026-10-02,大宮,12,122520261002,1790924580,1790924280,1147,near_close_v2_20260805,trifecta,3連単,99,2-5-7,5.5893284711787575e-06,110.7,-100,False
2026-10-02,大宮,12,122520261002,1790924580,1790924280,1147,near_close_v2_20260805,trifecta,3連単,100,7-5-2,5.519354243752401e-06,362.2,-100,False
2026-10-02,大宮,12,122520261002,1790924580,1790924280,1147,near_close_v2_20260805,trifecta,3連単,101,5-2-7,5.404926683255858e-06,255.4,-100,False
2026-10-02,大宮,12,122520261002,1790924580,1790924280,1147,near_close_v2_20260805,trifecta,3連単,102,5-7-2,5.370909481481275e-06,461.2,-100,False
2026-10-02,大宮,12,122520261002,1790924580,1790924280,1147,near_close_v2_20260805,trifecta,3連単,103,2-7-4,4.984955260873165e-06,222.6,-100,False
2026-10-02,大宮,12,122520261002,1790924580,1790924280,1147,near_close_v2_20260805,trifecta,3連単,104,7-2-4,4.953724790171788e-06,193.7,-100,False
2026-10-02,大宮,12,122520261002,1790924580,1790924280,1147,near_close_v2_20260805,trifecta,3連単,105,2-4-7,4.842687717291867e-06,647.6,-100,False
2026-10-02,大宮,12,122520261002,1790924580,1790924280,1147,near_close_v2_20260805,trifecta,3連単,106,7-4-2,4.782079385906255e-06,341.0,-100,False
2026-10-02,大宮,12,122520261002,1790924580,1790924280,1147,near_close_v2_20260805,trifecta,3連単,107,4-2-7,4.680146637899136e-06,942.9,-100,False
2026-10-02,大宮,12,122520261002,1790924580,1790924280,1147,near_close_v2_20260805,trifecta,3連単,108,4-7-2,4.650709014767922e-06,822.0,-100,False
2026-10-02,大宮,12,122520261002,1790924580,1790924280,1147,near_close_v2_20260805,trifecta,3連単,109,2-7-6,3.7674547812165585e-06,557.5,-100,False
2026-10-02,大宮,12,122520261002,1790924580,1790924280,1147,near_close_v2_20260805,trifecta,3連単,110,7-2-6,3.7438518840978914e-06,529.9,-100,False
2026-10-02,大宮,12,122520261002,1790924580,1790924280,1147,near_close_v2_20260805,trifecta,3連単,111,2-6-7,3.6563552908536246e-06,1209.8,-100,False
2026-10-02,大宮,12,122520261002,1790924580,1790924280,1147,near_close_v2_20260805,trifecta,3連単,112,7-6-2,3.610616628975358e-06,1335.8,-100,False
2026-10-02,大宮,12,122520261002,1790924580,1790924280,1147,near_close_v2_20260805,trifecta,3連単,113,6-2-7,3.5303065592187014e-06,1602.9,-99,False
2026-10-02,大宮,12,122520261002,1790924580,1790924280,1147,near_close_v2_20260805,trifecta,3連単,114,6-7-2,3.5081228832399784e-06,2466.1,-99,False
2026-10-02,大宮,12,122520261002,1790924580,1790924280,1147,near_close_v2_20260805,trifecta,3連単,115,2-3-5,2.953825239058739e-06,493.2,-100,False
2026-10-02,大宮,12,122520261002,1790924580,1790924280,1147,near_close_v2_20260805,trifecta,3連単,116,2-5-3,2.917278834994201e-06,208.1,-100,False
2026-10-02,大宮,12,122520261002,1790924580,1790924280,1147,near_close_v2_20260805,trifecta,3連単,117,3-2-5,2.890800732345167e-06,641.1,-100,False
2026-10-02,大宮,12,122520261002,1790924580,1790924280,1147,near_close_v2_20260805,trifecta,3連単,118,5-2-3,2.821032669499277e-06,471.4,-100,False
2026-10-02,大宮,12,122520261002,1790924580,1790924280,1147,near_close_v2_20260805,trifecta,3連単,119,3-5-2,2.793841743778669e-06,654.2,-100,False
2026-10-02,大宮,12,122520261002,1790924580,1790924280,1147,near_close_v2_20260805,trifecta,3連単,120,5-3-2,2.7605690676487315e-06,878.3,-100,False
2026-10-02,大宮,12,122520261002,1790924580,1790924280,1147,near_close_v2_20260805,trifecta,3連単,121,2-3-4,2.5608185550132435e-06,1424.8,-100,False
2026-10-02,大宮,12,122520261002,1790924580,1790924280,1147,near_close_v2_20260805,trifecta,3連単,122,2-4-3,2.5275791993599803e-06,1563.8,-100,False
2026-10-02,大宮,12,122520261002,1790924580,1790924280,1147,near_close_v2_20260805,trifecta,3連単,123,3-2-4,2.506179463953103e-06,1687.3,-100,False
2026-10-02,大宮,12,122520261002,1790924580,1790924280,1147,near_close_v2_20260805,trifecta,3連単,124,4-2-3,2.4427429523627583e-06,2564.7,-99,False
2026-10-02,大宮,12,122520261002,1790924580,1790924280,1147,near_close_v2_20260805,trifecta,3連単,125,7-3-5,2.4417446386211888e-06,682.1,-100,False
2026-10-02,大宮,12,122520261002,1790924580,1790924280,1147,near_close_v2_20260805,trifecta,3連単,126,3-4-2,2.4206631464020547e-06,1644.0,-100,False
2026-10-02,大宮,12,122520261002,1790924580,1790924280,1147,near_close_v2_20260805,trifecta,3連単,127,7-5-3,2.411724124662525e-06,682.1,-100,False
2026-10-02,大宮,12,122520261002,1790924580,1790924280,1147,near_close_v2_20260805,trifecta,3連単,128,3-7-5,2.4047115625848723e-06,667.9,-100,False
2026-10-02,大宮,12,122520261002,1790924580,1790924280,1147,near_close_v2_20260805,trifecta,3連単,129,4-3-2,2.3904187985700365e-06,2914.5,-99,False
2026-10-02,大宮,12,122520261002,1790924580,1790924280,1147,near_close_v2_20260805,trifecta,3連単,130,5-7-3,2.346860048443045e-06,854.9,-100,False
2026-10-02,大宮,12,122520261002,1790924580,1790924280,1147,near_close_v2_20260805,trifecta,3連単,131,3-5-7,2.338960310577764e-06,822.0,-100,False
2026-10-02,大宮,12,122520261002,1790924580,1790924280,1147,near_close_v2_20260805,trifecta,3連単,132,5-3-7,2.311104950098621e-06,1282.3,-100,False
2026-10-02,大宮,12,122520261002,1790924580,1790924280,1147,near_close_v2_20260805,trifecta,3連単,133,7-3-4,2.116870319375352e-06,534.3,-100,False
2026-10-02,大宮,12,122520261002,1790924580,1790924280,1147,near_close_v2_20260805,trifecta,3連単,134,7-4-3,2.089566226718686e-06,696.9,-100,False
2026-10-02,大宮,12,122520261002,1790924580,1790924280,1147,near_close_v2_20260805,trifecta,3連単,135,3-7-4,2.0847644970643353e-06,478.5,-100,False
2026-10-02,大宮,12,122520261002,1790924580,1790924280,1147,near_close_v2_20260805,trifecta,3連単,136,4-7-3,2.0321629365242173e-06,1526.6,-100,False
2026-10-02,大宮,12,122520261002,1790924580,1790924280,1147,near_close_v2_20260805,trifecta,3連単,137,3-4-7,2.026541065656449e-06,1187.4,-100,False
2026-10-02,大宮,12,122520261002,1790924580,1790924280,1147,near_close_v2_20260805,trifecta,3連単,138,4-3-7,2.001220973938325e-06,1687.3,-100,False
2026-10-02,大宮,12,122520261002,1790924580,1790924280,1147,near_close_v2_20260805,trifecta,3連単,139,2-3-6,1.9353770704098193e-06,588.2,-100,False
2026-10-02,大宮,12,122520261002,1790924580,1790924280,1147,near_close_v2_20260805,trifecta,3連単,140,2-6-3,1.908388093172277e-06,915.9,-100,False
2026-10-02,大宮,12,122520261002,1790924580,1790924280,1147,near_close_v2_20260805,trifecta,3連単,141,3-2-6,1.8940827570041266e-06,588.2,-100,False
2026-10-02,大宮,12,122520261002,1790924580,1790924280,1147,near_close_v2_20260805,trifecta,3連単,142,6-2-3,1.8425985624849033e-06,1001.8,-100,False
2026-10-02,大宮,12,122520261002,1790924580,1790924280,1147,near_close_v2_20260805,trifecta,3連単,143,3-6-2,1.8277019703930005e-06,333.9,-100,False
2026-10-02,大宮,12,122520261002,1790924580,1790924280,1147,near_close_v2_20260805,trifecta,3連単,144,6-3-2,1.8031674154383394e-06,634.8,-100,False
2026-10-02,大宮,12,122520261002,1790924580,1790924280,1147,near_close_v2_20260805,trifecta,3連単,145,7-3-6,1.5998565260040376e-06,682.1,-100,False
2026-10-02,大宮,12,122520261002,1790924580,1790924280,1147,near_close_v2_20260805,trifecta,3連単,146,7-6-3,1.5776865996351486e-06,903.0,-100,False
2026-10-02,大宮,12,122520261002,1790924580,1790924280,1147,near_close_v2_20260805,trifecta,3連単,147,3-7-6,1.5755920687640858e-06,647.6,-100,False
2026-10-02,大宮,12,122520261002,1790924580,1790924280,1147,near_close_v2_20260805,trifecta,3連単,148,6-7-3,1.5329011721556853e-06,1732.9,-100,False
2026-10-02,大宮,12,122520261002,1790924580,1790924280,1147,near_close_v2_20260805,trifecta,3連単,149,3-6-7,1.5301233070317628e-06,311.2,-100,False
2026-10-02,大宮,12,122520261002,1790924580,1790924280,1147,near_close_v2_20260805,trifecta,3連単,150,6-3-7,1.5095833639929606e-06,654.2,-100,False
2026-10-02,大宮,12,122520261002,1790924580,1790924280,1147,near_close_v2_20260805,trifecta,3連単,151,2-5-4,6.882011412271975e-07,419.0,-100,False
2026-10-02,大宮,12,122520261002,1790924580,1790924280,1147,near_close_v2_20260805,trifecta,3連単,152,2-4-5,6.877778877953259e-07,1017.7,-100,False
2026-10-02,大宮,12,122520261002,1790924580,1790924280,1147,near_close_v2_20260805,trifecta,3連単,153,5-2-4,6.654961737973425e-07,482.1,-100,False
2026-10-02,大宮,12,122520261002,1790924580,1790924280,1147,near_close_v2_20260805,trifecta,3連単,154,4-2-5,6.646931532861139e-07,2671.6,-100,False
2026-10-02,大宮,12,122520261002,1790924580,1790924280,1147,near_close_v2_20260805,trifecta,3連単,155,5-4-2,6.430594769453182e-07,1491.1,-100,False
2026-10-02,大宮,12,122520261002,1790924580,1790924280,1147,near_close_v2_20260805,trifecta,3連単,156,4-5-2,6.426787861991987e-07,2374.8,-100,False
2026-10-02,大宮,12,122520261002,1790924580,1790924280,1147,near_close_v2_20260805,trifecta,3連単,157,7-5-4,5.689381745098812e-07,534.3,-100,False
2026-10-02,大宮,12,122520261002,1790924580,1790924280,1147,near_close_v2_20260805,trifecta,3連単,158,7-4-5,5.685904703539797e-07,557.5,-100,False
2026-10-02,大宮,12,122520261002,1790924580,1790924280,1147,near_close_v2_20260805,trifecta,3連単,159,5-7-4,5.536364039888666e-07,754.3,-100,False
2026-10-02,大宮,12,122520261002,1790924580,1790924280,1147,near_close_v2_20260805,trifecta,3連単,160,4-7-5,5.52970499398193e-07,1732.9,-100,False
2026-10-02,大宮,12,122520261002,1790924580,1790924280,1147,near_close_v2_20260805,trifecta,3連単,161,5-4-7,5.383592672223855e-07,1335.8,-100,False
2026-10-02,大宮,12,122520261002,1790924580,1790924280,1147,near_close_v2_20260805,trifecta,3連単,162,4-5-7,5.380405589248376e-07,1491.1,-100,False
2026-10-02,大宮,12,122520261002,1790924580,1790924280,1147,near_close_v2_20260805,trifecta,3連単,163,2-5-6,5.201183449540023e-07,403.2,-100,False
2026-10-02,大宮,12,122520261002,1790924580,1790924280,1147,near_close_v2_20260805,trifecta,3連単,164,2-6-5,5.192902094415613e-07,903.0,-100,False
2026-10-02,大宮,12,122520261002,1790924580,1790924280,1147,near_close_v2_20260805,trifecta,3連単,165,5-2-6,5.029587249324596e-07,674.9,-100,False
2026-10-02,大宮,12,122520261002,1790924580,1790924280,1147,near_close_v2_20260805,trifecta,3連単,166,6-2-5,5.013882641863286e-07,1424.8,-100,False
2026-10-02,大宮,12,122520261002,1790924580,1790924280,1147,near_close_v2_20260805,trifecta,3連単,167,5-6-2,4.855423690034742e-07,1393.9,-100,False
2026-10-02,大宮,12,122520261002,1790924580,1790924280,1147,near_close_v2_20260805,trifecta,3連単,168,6-5-2,4.847981884133647e-07,1831.9,-100,False
2026-10-02,大宮,12,122520261002,1790924580,1790924280,1147,near_close_v2_20260805,trifecta,3連単,169,2-4-6,4.5063923754613884e-07,1526.6,-100,False
2026-10-02,大宮,12,122520261002,1790924580,1790924280,1147,near_close_v2_20260805,trifecta,3連単,170,2-6-4,4.501986055879252e-07,1943.0,-100,False
2026-10-02,大宮,12,122520261002,1790924580,1790924280,1147,near_close_v2_20260805,trifecta,3連単,171,4-2-6,4.355138789924743e-07,2787.8,-100,False
2026-10-02,大宮,12,122520261002,1790924580,1790924280,1147,near_close_v2_20260805,trifecta,3連単,172,6-2-4,4.346785155791338e-07,2564.7,-100,False
2026-10-02,大宮,12,122520261002,1790924580,1790924280,1147,near_close_v2_20260805,trifecta,3連単,173,7-5-6,4.2998356727446854e-07,745.5,-100,False
2026-10-02,大宮,12,122520261002,1790924580,1790924280,1147,near_close_v2_20260805,trifecta,3連単,174,7-6-5,4.2930324690708603e-07,957.0,-100,False
2026-10-02,大宮,12,122520261002,1790924580,1790924280,1147,near_close_v2_20260805,trifecta,3連単,175,4-6-2,4.2044194391944974e-07,8014.9,-100,False
2026-10-02,大宮,12,122520261002,1790924580,1790924280,1147,near_close_v2_20260805,trifecta,3連単,176,6-4-2,4.2004620843558353e-07,5343.3,-100,False
2026-10-02,大宮,12,122520261002,1790924580,1790924280,1147,near_close_v2_20260805,trifecta,3連単,177,5-7-6,4.1841902446643994e-07,1124.9,-100,False
2026-10-02,大宮,12,122520261002,1790924580,1790924280,1147,near_close_v2_20260805,trifecta,3連単,178,6-7-5,4.1711671414734674e-07,1885.8,-100,False
2026-10-02,大宮,12,122520261002,1790924580,1790924280,1147,near_close_v2_20260805,trifecta,3連単,179,5-6-7,4.064884250269109e-07,1257.2,-100,False
2026-10-02,大宮,12,122520261002,1790924580,1790924280,1147,near_close_v2_20260805,trifecta,3連単,180,6-5-7,4.058654087561988e-07,1885.8,-100,False
2026-10-02,大宮,12,122520261002,1790924580,1790924280,1147,near_close_v2_20260805,trifecta,3連単,181,7-4-6,3.7254639991067657e-07,866.4,-100,False
2026-10-02,大宮,12,122520261002,1790924580,1790924280,1147,near_close_v2_20260805,trifecta,3連単,182,7-6-4,3.721844156079527e-07,1124.9,-100,False
2026-10-02,大宮,12,122520261002,1790924580,1790924280,1147,near_close_v2_20260805,trifecta,3連単,183,4-7-6,3.6231203220721346e-07,2914.5,-100,False
2026-10-02,大宮,12,122520261002,1790924580,1790924280,1147,near_close_v2_20260805,trifecta,3連単,184,6-7-4,3.616193020055103e-07,1885.8,-100,False
2026-10-02,大宮,12,122520261002,1790924580,1790924280,1147,near_close_v2_20260805,trifecta,3連単,185,4-6-7,3.519873743455887e-07,3771.7,-100,False
2026-10-02,大宮,12,122520261002,1790924580,1790924280,1147,near_close_v2_20260805,trifecta,3連単,186,6-4-7,3.516560708305233e-07,3374.7,-100,False
2026-10-02,大宮,12,122520261002,1790924580,1790924280,1147,near_close_v2_20260805,trifecta,3連単,187,3-5-4,2.8799079591134964e-07,2003.7,-100,False
2026-10-02,大宮,12,122520261002,1790924580,1790924280,1147,near_close_v2_20260805,trifecta,3連単,188,3-4-5,2.8781747142000915e-07,2068.3,-100,False
2026-10-02,大宮,12,122520261002,1790924580,1790924280,1147,near_close_v2_20260805,trifecta,3連単,189,5-3-4,2.845610295324561e-07,1687.3,-100,False
2026-10-02,大宮,12,122520261002,1790924580,1790924280,1147,near_close_v2_20260805,trifecta,3連単,190,4-3-5,2.84221410674962e-07,2787.8,-100,False
2026-10-02,大宮,12,122520261002,1790924580,1790924280,1147,near_close_v2_20260805,trifecta,3連単,191,5-4-3,2.8098976540550927e-07,2671.6,-100,False
2026-10-02,大宮,12,122520261002,1790924580,1790924280,1147,near_close_v2_20260805,trifecta,3連単,192,4-5-3,2.80823419667239e-07,2564.7,-100,False
2026-10-02,大宮,12,122520261002,1790924580,1790924280,1147,near_close_v2_20260805,trifecta,3連単,193,3-5-6,2.1765336782832607e-07,1209.8,-100,False
2026-10-02,大宮,12,122520261002,1790924580,1790924280,1147,near_close_v2_20260805,trifecta,3連単,194,3-6-5,2.1731423490697857e-07,543.3,-100,False
2026-10-02,大宮,12,122520261002,1790924580,1790924280,1147,near_close_v2_20260805,trifecta,3連単,195,5-3-6,2.1506127039386388e-07,1308.5,-100,False
2026-10-02,大宮,12,122520261002,1790924580,1790924280,1147,near_close_v2_20260805,trifecta,3連単,196,6-3-5,2.1439707000530208e-07,957.0,-100,False
2026-10-02,大宮,12,122520261002,1790924580,1790924280,1147,near_close_v2_20260805,trifecta,3連単,197,5-6-3,2.121614582352587e-07,1124.9,-100,False
2026-10-02,大宮,12,122520261002,1790924580,1790924280,1147,near_close_v2_20260805,trifecta,3連単,198,6-5-3,2.118362828246924e-07,2671.6,-100,False
2026-10-02,大宮,12,122520261002,1790924580,1790924280,1147,near_close_v2_20260805,trifecta,3連単,199,3-4-6,1.8858100583740806e-07,1885.8,-100,False
2026-10-02,大宮,12,122520261002,1790924580,1790924280,1147,near_close_v2_20260805,trifecta,3連単,200,3-6-4,1.8840055859080938e-07,720.4,-100,False
2026-10-02,大宮,12,122520261002,1790924580,1790924280,1147,near_close_v2_20260805,trifecta,3連単,201,4-3-6,1.8622482937248528e-07,2787.8,-100,False
2026-10-02,大宮,12,122520261002,1790924580,1790924280,1147,near_close_v2_20260805,trifecta,3連単,202,6-3-4,1.858715227123608e-07,1001.8,-100,False
2026-10-02,大宮,12,122520261002,1790924580,1790924280,1147,near_close_v2_20260805,trifecta,3連単,203,4-6-3,1.8371532871229004e-07,3562.2,-100,False
2026-10-02,大宮,12,122520261002,1790924580,1790924280,1147,near_close_v2_20260805,trifecta,3連単,204,6-4-3,1.835424090605925e-07,3053.3,-100,False
2026-10-02,大宮,12,122520261002,1790924580,1790924280,1147,near_close_v2_20260805,trifecta,3連単,205,5-4-6,5.0097347561916314e-08,3374.7,-100,False
2026-10-02,大宮,12,122520261002,1790924580,1790924280,1147,near_close_v2_20260805,trifecta,3連単,206,4-5-6,5.0067689968325516e-08,3374.7,-100,False
2026-10-02,大宮,12,122520261002,1790924580,1790924280,1147,near_close_v2_20260805,trifecta,3連単,207,5-6-4,5.004998354304437e-08,2466.1,-100,False
2026-10-02,大宮,12,122520261002,1790924580,1790924280,1147,near_close_v2_20260805,trifecta,3連単,208,4-6-5,4.999065539444138e-08,8014.9,-100,False
2026-10-02,大宮,12,122520261002,1790924580,1790924280,1147,near_close_v2_20260805,trifecta,3連単,209,6-5-4,4.9973272984572444e-08,4007.4,-100,False
2026-10-02,大宮,12,122520261002,1790924580,1790924280,1147,near_close_v2_20260805,trifecta,3連単,210,6-4-5,4.99436023435091e-08,8014.9,-100,False
2026-10-02,大宮,12,122520261002,1790924580,1790924280,1147,near_close_v2_20260805,trio,3連複,1,1-2-7,0.39382097914600767,3.3,30,False
2026-10-02,大宮,12,122520261002,1790924580,1790924280,1147,near_close_v2_20260805,trio,3連複,2,1-2-3,0.18722674596272693,20.6,286,False
2026-10-02,大宮,12,122520261002,1790924580,1790924280,1147,near_close_v2_20260805,trio,3連複,3,1-2-5,0.04814208720078661,13.0,-37,False
2026-10-02,大宮,12,122520261002,1790924580,1790924280,1147,near_close_v2_20260805,trio,3連複,4,1-2-4,0.04163218397930695,27.8,16,False
2026-10-02,大宮,12,122520261002,1790924580,1790924280,1147,near_close_v2_20260805,trio,3連複,5,1-2-6,0.03134041071016283,69.2,117,False
2026-10-02,大宮,12,122520261002,1790924580,1790924280,1147,near_close_v2_20260805,trio,3連複,6,1-3-5,0.017654732065385263,34.1,-40,False
2026-10-02,大宮,12,122520261002,1790924580,1790924280,1147,near_close_v2_20260805,trio,3連複,7,1-3-4,0.015260069777805313,41.5,-37,False
2026-10-02,大宮,12,122520261002,1790924580,1790924280,1147,near_close_v2_20260805,trio,3連複,8,1-3-6,0.011478964445870135,34.6,-60,False
2026-10-02,大宮,12,122520261002,1790924580,1790924280,1147,near_close_v2_20260805,trio,3連複,9,1-5-6,0.0029051156886988577,154.3,-55,False
2026-10-02,大宮,12,122520261002,1790924580,1790924280,1147,near_close_v2_20260805,trio,3連複,10,1-4-6,0.002510442731542539,135.0,-66,False
2026-10-02,大宮,12,122520261002,1790924580,1790924280,1147,near_close_v2_20260805,trio,3連複,11,2-3-5,1.7137348287324784e-05,46.1,-100,False
2026-10-02,大宮,12,122520261002,1790924580,1790924280,1147,near_close_v2_20260805,trio,3連複,12,2-3-4,1.4848402115661175e-05,150.0,-100,False
2026-10-02,大宮,12,122520261002,1790924580,1790924280,1147,near_close_v2_20260805,trio,3連複,13,2-3-6,1.1211315868902464e-05,65.8,-100,False
2026-10-02,大宮,12,122520261002,1790924580,1790924280,1147,near_close_v2_20260805,trio,3連複,14,2-5-6,3.0140961009311902e-06,98.2,-100,False
2026-10-02,大宮,12,122520261002,1790924580,1790924280,1147,near_close_v2_20260805,trio,3連複,15,2-4-6,2.611518390060705e-06,300.1,-100,False
2026-10-02,大宮,12,122520261002,1790924580,1790924280,1147,near_close_v2_20260805,trio,3連複,16,3-5-6,1.2884236841944218e-06,135.0,-100,False
2026-10-02,大宮,12,122520261002,1790924580,1790924280,1147,near_close_v2_20260805,trio,3連複,17,3-4-6,1.116335654285946e-06,158.8,-100,False
2026-10-02,久留米,1,018320261002,1790925000,1790924700,1567,near_close_v2_20260805,exacta,2車単,1,2-6,0.17093265285308692,11.7,100,False
2026-10-02,久留米,1,018320261002,1790925000,1790924700,1567,near_close_v2_20260805,exacta,2車単,2,2-7,0.11646743219693385,24.3,183,False
2026-10-02,久留米,1,018320261002,1790925000,1790924700,1567,near_close_v2_20260805,exacta,2車単,3,6-2,0.10919557368230651,7.7,-16,False
2026-10-02,久留米,1,018320261002,1790925000,1790924700,1567,near_close_v2_20260805,exacta,2車単,4,2-3,0.07735192223372785,40.5,213,False
2026-10-02,久留米,1,018320261002,1790925000,1790924700,1567,near_close_v2_20260805,exacta,2車単,5,7-2,0.06936984625054315,52.0,261,False
2026-10-02,久留米,1,018320261002,1790925000,1790924700,1567,near_close_v2_20260805,exacta,2車単,6,2-4,0.0661230243209488,52.0,244,False
2026-10-02,久留米,1,018320261002,1790925000,1790924700,1567,near_close_v2_20260805,exacta,2車単,7,3-2,0.04393782458160264,30.3,33,False
2026-10-02,久留米,1,018320261002,1790925000,1790924700,1567,near_close_v2_20260805,exacta,2車単,8,4-2,0.037066617494298335,60.7,125,False
2026-10-02,久留米,1,018320261002,1790925000,1790924700,1567,near_close_v2_20260805,exacta,2車単,9,2-5,0.035642157254818986,21.4,-24,False
2026-10-02,久留米,1,018320261002,1790925000,1790924700,1567,near_close_v2_20260805,exacta,2車単,10,6-7,0.02876576482157353,36.4,5,False
2026-10-02,久留米,1,018320261002,1790925000,1790924700,1567,near_close_v2_20260805,exacta,2車単,11,7-6,0.026820208856284524,36.4,-2,False
2026-10-02,久留米,1,018320261002,1790925000,1790924700,1567,near_close_v2_20260805,exacta,2車単,12,5-2,0.01929266484583719,30.3,-42,False
2026-10-02,久留米,1,018320261002,1790925000,1790924700,1567,near_close_v2_20260805,exacta,2車単,13,6-3,0.01910480175874126,30.3,-42,False
2026-10-02,久留米,1,018320261002,1790925000,1790924700,1567,near_close_v2_20260805,exacta,2車単,14,3-6,0.016987519731747253,30.3,-49,False
2026-10-02,久留米,1,018320261002,1790925000,1790924700,1567,near_close_v2_20260805,exacta,2車単,15,6-4,0.016331427000909483,60.7,-1,False
2026-10-02,久留米,1,018320261002,1790925000,1790924700,1567,near_close_v2_20260805,exacta,2車単,16,4-6,0.014330930173934284,72.9,4,False
2026-10-02,久留米,1,018320261002,1790925000,1790924700,1567,near_close_v2_20260805,exacta,2車単,17,2-1,0.013125353446280656,91.1,20,False
2026-10-02,久留米,1,018320261002,1790925000,1790924700,1567,near_close_v2_20260805,exacta,2車単,18,7-3,0.012136912843251375,19.1,-77,False
2026-10-02,久留米,1,018320261002,1790925000,1790924700,1567,near_close_v2_20260805,exacta,2車単,19,3-7,0.011574691959246795,18.2,-79,False
2026-10-02,久留米,1,018320261002,1790925000,1790924700,1567,near_close_v2_20260805,exacta,2車単,20,7-4,0.010375041239319307,121.5,26,False
2026-10-02,久留米,1,018320261002,1790925000,1790924700,1567,near_close_v2_20260805,exacta,2車単,21,4-7,0.009764586288766197,91.1,-11,False
2026-10-02,久留米,1,018320261002,1790925000,1790924700,1567,near_close_v2_20260805,exacta,2車単,22,6-5,0.00880309537169186,2.7,-98,False
2026-10-02,久留米,1,018320261002,1790925000,1790924700,1567,near_close_v2_20260805,exacta,2車単,23,5-6,0.007459052146242868,24.3,-82,False
2026-10-02,久留米,1,018320261002,1790925000,1790924700,1567,near_close_v2_20260805,exacta,2車単,24,1-2,0.006928534498082181,364.5,153,False
2026-10-02,久留米,1,018320261002,1790925000,1790924700,1567,near_close_v2_20260805,exacta,2車単,25,3-4,0.006571396170516028,36.4,-76,False
2026-10-02,久留米,1,018320261002,1790925000,1790924700,1567,near_close_v2_20260805,exacta,2車単,26,4-3,0.006485156451084294,60.7,-61,False
2026-10-02,久留米,1,018320261002,1790925000,1790924700,1567,near_close_v2_20260805,exacta,2車単,27,7-5,0.005592437054635688,60.7,-66,False
2026-10-02,久留米,1,018320261002,1790925000,1790924700,1567,near_close_v2_20260805,exacta,2車単,28,5-7,0.005082332928177252,72.9,-63,False
2026-10-02,久留米,1,018320261002,1790925000,1790924700,1567,near_close_v2_20260805,exacta,2車単,29,3-5,0.003542166107775011,60.7,-78,False
2026-10-02,久留米,1,018320261002,1790925000,1790924700,1567,near_close_v2_20260805,exacta,2車単,30,5-3,0.0033754347804418306,364.5,23,False
2026-10-02,久留米,1,018320261002,1790925000,1790924700,1567,near_close_v2_20260805,exacta,2車単,31,6-1,0.0032417717409389123,52.0,-83,False
2026-10-02,久留米,1,018320261002,1790925000,1790924700,1567,near_close_v2_20260805,exacta,2車単,32,4-5,0.002988225235737759,121.5,-64,False
2026-10-02,久留米,1,018320261002,1790925000,1790924700,1567,near_close_v2_20260805,exacta,2車単,33,5-4,0.0028854351596657815,364.5,5,False
2026-10-02,久留米,1,018320261002,1790925000,1790924700,1567,near_close_v2_20260805,exacta,2車単,34,1-6,0.0026787538440750337,91.1,-76,False
2026-10-02,久留米,1,018320261002,1790925000,1790924700,1567,near_close_v2_20260805,exacta,2車単,35,7-1,0.002059435191966271,121.5,-75,False
2026-10-02,久留米,1,018320261002,1790925000,1790924700,1567,near_close_v2_20260805,exacta,2車単,36,1-7,0.001825207627095285,182.2,-67,False
2026-10-02,久留米,1,018320261002,1790925000,1790924700,1567,near_close_v2_20260805,exacta,2車単,37,3-1,0.0013044154930801027,91.1,-88,False
2026-10-02,久留米,1,018320261002,1790925000,1790924700,1567,near_close_v2_20260805,exacta,2車単,38,1-3,0.0012122128544291737,121.5,-85,False
2026-10-02,久留米,1,018320261002,1790925000,1790924700,1567,near_close_v2_20260805,exacta,2車単,39,4-1,0.0011004247614908463,364.5,-60,False
2026-10-02,久留米,1,018320261002,1790925000,1790924700,1567,near_close_v2_20260805,exacta,2車単,40,1-4,0.0010362403123401222,364.5,-62,False
2026-10-02,久留米,1,018320261002,1790925000,1790924700,1567,near_close_v2_20260805,exacta,2車単,41,5-1,0.0005727559606637667,182.2,-90,False
2026-10-02,久留米,1,018320261002,1790925000,1790924700,1567,near_close_v2_20260805,exacta,2車単,42,1-5,0.0005585624757110237,91.1,-95,False
2026-10-02,久留米,1,018320261002,1790925000,1790924700,1567,near_close_v2_20260805,quinella,2車複,1,2-6,0.28012822653539343,3.6,1,False
2026-10-02,久留米,1,018320261002,1790925000,1790924700,1567,near_close_v2_20260805,quinella,2車複,2,2-7,0.185837278447477,16.4,205,False
2026-10-02,久留米,1,018320261002,1790925000,1790924700,1567,near_close_v2_20260805,quinella,2車複,3,2-3,0.12128974681533049,23.9,190,False
2026-10-02,久留米,1,018320261002,1790925000,1790924700,1567,near_close_v2_20260805,quinella,2車複,4,2-4,0.10318964181524713,26.3,171,False
2026-10-02,久留米,1,018320261002,1790925000,1790924700,1567,near_close_v2_20260805,quinella,2車複,5,6-7,0.05558597367785806,16.4,-9,False
2026-10-02,久留米,1,018320261002,1790925000,1790924700,1567,near_close_v2_20260805,quinella,2車複,6,2-5,0.05493482210065617,12.5,-31,False
2026-10-02,久留米,1,018320261002,1790925000,1790924700,1567,near_close_v2_20260805,quinella,2車複,7,3-4,0.013056552621600322,26.3,-66,False
2026-10-02,久留米,1,018320261002,1790925000,1790924700,1567,near_close_v2_20260805,quinella,2車複,8,3-5,0.0069176008882168415,29.2,-80,False
2026-10-02,久留米,1,018320261002,1790925000,1790924700,1567,near_close_v2_20260805,quinella,2車複,9,4-5,0.005873660395403541,29.2,-83,False
2026-10-02,久留米,1,018320261002,1790925000,1790924700,1567,near_close_v2_20260805,quinella_place,ワイド,1,2-6,0.5861159568404943,1.7,0,False
2026-10-02,久留米,1,018320261002,1790925000,1790924700,1567,near_close_v2_20260805,quinella_place,ワイド,2,2-7,0.44860418974016597,4.7,111,False
2026-10-02,久留米,1,018320261002,1790925000,1790924700,1567,near_close_v2_20260805,quinella_place,ワイド,3,2-3,0.31389093859272627,2.9,-9,False
2026-10-02,久留米,1,018320261002,1790925000,1790924700,1567,near_close_v2_20260805,quinella_place,ワイド,4,6-7,0.27721145267118197,5.1,41,False
2026-10-02,久留米,1,018320261002,1790925000,1790924700,1567,near_close_v2_20260805,quinella_place,ワイド,5,2-4,0.2715354052542124,8.9,142,False
2026-10-02,久留米,1,018320261002,1790925000,1790924700,1567,near_close_v2_20260805,quinella_place,ワイド,6,2-5,0.15039388141037968,3.9,-41,False
2026-10-02,久留米,1,018320261002,1790925000,1790924700,1567,near_close_v2_20260805,quinella_place,ワイド,7,3-4,0.06507995316607236,5.8,-62,False
2026-10-02,久留米,1,018320261002,1790925000,1790924700,1567,near_close_v2_20260805,quinella_place,ワイド,8,3-5,0.034497143383080166,9.7,-67,False
2026-10-02,久留米,1,018320261002,1790925000,1790924700,1567,near_close_v2_20260805,quinella_place,ワイド,9,4-5,0.029276495463446732,12.6,-63,False
2026-10-02,久留米,1,018320261002,1790925000,1790924700,1567,near_close_v2_20260805,trifecta,3連単,1,2-6-7,0.0644880123267271,37.5,142,True
2026-10-02,久留米,1,018320261002,1790925000,1790924700,1567,near_close_v2_20260805,trifecta,3連単,2,2-7-6,0.05481677186093894,98.5,440,True
2026-10-02,久留米,1,018320261002,1790925000,1790924700,1567,near_close_v2_20260805,trifecta,3連単,3,2-6-3,0.04282975609928489,50.5,116,True
2026-10-02,久留米,1,018320261002,1790925000,1790924700,1567,near_close_v2_20260805,trifecta,3連単,4,6-2-7,0.041196374034520526,39.2,61,False
2026-10-02,久留米,1,018320261002,1790925000,1790924700,1567,near_close_v2_20260805,trifecta,3連単,5,2-6-4,0.036612315795540314,62.6,129,True
2026-10-02,久留米,1,018320261002,1790925000,1790924700,1567,near_close_v2_20260805,trifecta,3連単,6,2-3-6,0.032866710310889426,69.8,129,True
2026-10-02,久留米,1,018320261002,1790925000,1790924700,1567,near_close_v2_20260805,trifecta,3連単,7,7-2-6,0.03264973704850466,120.2,292,True
2026-10-02,久留米,1,018320261002,1790925000,1790924700,1567,near_close_v2_20260805,trifecta,3連単,8,6-2-3,0.027360599100713145,31.9,-13,False
2026-10-02,久留米,1,018320261002,1790925000,1790924700,1567,near_close_v2_20260805,trifecta,3連単,9,2-4-6,0.027332649295318395,150.2,311,True
2026-10-02,久留米,1,018320261002,1790925000,1790924700,1567,near_close_v2_20260805,trifecta,3連単,10,2-7-3,0.024806159638414427,87.1,116,True
2026-10-02,久留米,1,018320261002,1790925000,1790924700,1567,near_close_v2_20260805,trifecta,3連単,11,6-2-4,0.02338876019532624,46.5,9,False
2026-10-02,久留米,1,018320261002,1790925000,1790924700,1567,near_close_v2_20260805,trifecta,3連単,12,2-3-7,0.022394207840205828,53.6,20,False
2026-10-02,久留米,1,018320261002,1790925000,1790924700,1567,near_close_v2_20260805,trifecta,3連単,13,2-7-4,0.021205139442094068,300.5,537,True
2026-10-02,久留米,1,018320261002,1790925000,1790924700,1567,near_close_v2_20260805,trifecta,3連単,14,6-7-2,0.020048257350834476,87.1,75,False
2026-10-02,久留米,1,018320261002,1790925000,1790924700,1567,near_close_v2_20260805,trifecta,3連単,15,2-6-5,0.019735060978363556,16.2,-68,False
2026-10-02,久留米,1,018320261002,1790925000,1790924700,1567,near_close_v2_20260805,trifecta,3連単,16,7-6-2,0.018692304991336894,122.6,129,True
2026-10-02,久留米,1,018320261002,1790925000,1790924700,1567,near_close_v2_20260805,trifecta,3連単,17,3-2-6,0.018669112680234617,95.4,78,False
2026-10-02,久留米,1,018320261002,1790925000,1790924700,1567,near_close_v2_20260805,trifecta,3連単,18,2-4-7,0.018623495426009103,273.2,409,True
2026-10-02,久留米,1,018320261002,1790925000,1790924700,1567,near_close_v2_20260805,trifecta,3連単,19,4-2-6,0.015321877166686024,158.1,142,True
2026-10-02,久留米,1,018320261002,1790925000,1790924700,1567,near_close_v2_20260805,trifecta,3連単,20,7-2-3,0.014774941352476563,139.7,106,True
2026-10-02,久留米,1,018320261002,1790925000,1790924700,1567,near_close_v2_20260805,trifecta,3連単,21,2-5-6,0.013721628850104726,59.5,-18,False
2026-10-02,久留米,1,018320261002,1790925000,1790924700,1567,near_close_v2_20260805,trifecta,3連単,22,3-2-7,0.012720469605833278,91.0,16,False
2026-10-02,久留米,1,018320261002,1790925000,1790924700,1567,near_close_v2_20260805,trifecta,3連単,23,2-3-4,0.012714049942841405,111.3,42,False
2026-10-02,久留米,1,018320261002,1790925000,1790924700,1567,near_close_v2_20260805,trifecta,3連単,24,7-2-4,0.012630116720802229,375.6,374,True
2026-10-02,久留米,1,018320261002,1790925000,1790924700,1567,near_close_v2_20260805,trifecta,3連単,25,6-2-5,0.01260719510999383,12.2,-85,False
2026-10-02,久留米,1,018320261002,1790925000,1790924700,1567,near_close_v2_20260805,trifecta,3連単,26,6-3-2,0.012541718643613843,68.3,-14,False
2026-10-02,久留米,1,018320261002,1790925000,1790924700,1567,near_close_v2_20260805,trifecta,3連単,27,2-4-3,0.012368806822125227,261.3,223,True
2026-10-02,久留米,1,018320261002,1790925000,1790924700,1567,near_close_v2_20260805,trifecta,3連単,28,2-7-5,0.011430162524584243,182.1,108,True
2026-10-02,久留米,1,018320261002,1790925000,1790924700,1567,near_close_v2_20260805,trifecta,3連単,29,3-6-2,0.011151787682430771,83.4,-7,False
2026-10-02,久留米,1,018320261002,1790925000,1790924700,1567,near_close_v2_20260805,trifecta,3連単,30,6-4-2,0.010545259992792138,91.0,-4,False
2026-10-02,久留米,1,018320261002,1790925000,1790924700,1567,near_close_v2_20260805,trifecta,3連単,31,4-2-7,0.01043978233681597,667.8,597,True
2026-10-02,久留米,1,018320261002,1790925000,1790924700,1567,near_close_v2_20260805,trifecta,3連単,32,2-5-7,0.009349430030227266,113.4,6,False
2026-10-02,久留米,1,018320261002,1790925000,1790924700,1567,near_close_v2_20260805,trifecta,3連単,33,4-6-2,0.009253532138634973,154.1,43,False
2026-10-02,久留米,1,018320261002,1790925000,1790924700,1567,near_close_v2_20260805,trifecta,3連単,34,5-2-6,0.0074273502765674635,113.4,-16,False
2026-10-02,久留米,1,018320261002,1790925000,1790924700,1567,near_close_v2_20260805,trifecta,3連単,35,7-3-2,0.0073713721197993754,158.1,17,False
2026-10-02,久留米,1,018320261002,1790925000,1790924700,1567,near_close_v2_20260805,trifecta,3連単,36,2-6-1,0.007267507653171048,176.7,28,False
2026-10-02,久留米,1,018320261002,1790925000,1790924700,1567,near_close_v2_20260805,trifecta,3連単,37,3-2-4,0.007221898046985079,182.1,32,False
2026-10-02,久留米,1,018320261002,1790925000,1790924700,1567,near_close_v2_20260805,trifecta,3連単,38,3-7-2,0.007029906427242743,88.3,-38,False
2026-10-02,久留米,1,018320261002,1790925000,1790924700,1567,near_close_v2_20260805,trifecta,3連単,39,4-2-3,0.006933588353600657,333.9,132,False
2026-10-02,久留米,1,018320261002,1790925000,1790924700,1567,near_close_v2_20260805,trifecta,3連単,40,2-3-5,0.006853228086011923,214.6,47,False
2026-10-02,久留米,1,018320261002,1790925000,1790924700,1567,near_close_v2_20260805,trifecta,3連単,41,7-2-5,0.006807985734659337,231.1,57,False
2026-10-02,久留米,1,018320261002,1790925000,1790924700,1567,near_close_v2_20260805,trifecta,3連単,42,2-5-3,0.006209430147004292,166.9,4,False
2026-10-02,久留米,1,018320261002,1790925000,1790924700,1567,near_close_v2_20260805,trifecta,3連単,43,7-4-2,0.006205571761142868,858.6,433,False
2026-10-02,久留米,1,018320261002,1790925000,1790924700,1567,near_close_v2_20260805,trifecta,3連単,44,4-7-2,0.005840443380906109,462.3,170,False
2026-10-02,久留米,1,018320261002,1790925000,1790924700,1567,near_close_v2_20260805,trifecta,3連単,45,2-4-5,0.005699288977933641,375.6,114,False
2026-10-02,久留米,1,018320261002,1790925000,1790924700,1567,near_close_v2_20260805,trifecta,3連単,46,6-5-2,0.0054419307426621785,13.8,-92,False
2026-10-02,久留米,1,018320261002,1790925000,1790924700,1567,near_close_v2_20260805,trifecta,3連単,47,2-5-4,0.005308029700787047,286.2,52,False
2026-10-02,久留米,1,018320261002,1790925000,1790924700,1567,near_close_v2_20260805,trifecta,3連単,48,5-2-7,0.005060732401330522,193.8,-2,False
2026-10-02,久留米,1,018320261002,1790925000,1790924700,1567,near_close_v2_20260805,trifecta,3連単,49,2-1-6,0.004809150740387331,300.5,45,False
2026-10-02,久留米,1,018320261002,1790925000,1790924700,1567,near_close_v2_20260805,trifecta,3連単,50,6-2-1,0.004642645241752792,41.1,-81,False
2026-10-02,久留米,1,018320261002,1790925000,1790924700,1567,near_close_v2_20260805,trifecta,3連単,51,5-6-2,0.0046110650256374645,65.3,-70,False
2026-10-02,久留米,1,018320261002,1790925000,1790924700,1567,near_close_v2_20260805,trifecta,3連単,52,2-7-1,0.004209198730902174,130.6,-45,False
2026-10-02,久留米,1,018320261002,1790925000,1790924700,1567,near_close_v2_20260805,trifecta,3連単,53,3-2-5,0.0038928047909533195,250.4,-3,False
2026-10-02,久留米,1,018320261002,1790925000,1790924700,1567,near_close_v2_20260805,trifecta,3連単,54,3-4-2,0.0037329732072932994,462.3,73,False
2026-10-02,久留米,1,018320261002,1790925000,1790924700,1567,near_close_v2_20260805,trifecta,3連単,55,4-3-2,0.0036839835323917063,429.3,58,False
2026-10-02,久留米,1,018320261002,1790925000,1790924700,1567,near_close_v2_20260805,trifecta,3連単,56,6-7-3,0.0035076328589130545,182.1,-36,False
2026-10-02,久留米,1,018320261002,1790925000,1790924700,1567,near_close_v2_20260805,trifecta,3連単,57,5-2-3,0.0033610887762298486,250.4,-16,False
2026-10-02,久留米,1,018320261002,1790925000,1790924700,1567,near_close_v2_20260805,trifecta,3連単,58,6-3-7,0.003303907995484964,136.6,-55,False
2026-10-02,久留米,1,018320261002,1790925000,1790924700,1567,near_close_v2_20260805,trifecta,3連単,59,2-1-7,0.0032767843266452907,429.3,41,False
2026-10-02,久留米,1,018320261002,1790925000,1790924700,1567,near_close_v2_20260805,trifecta,3連単,60,7-6-3,0.00327039612715809,200.3,-34,False
2026-10-02,久留米,1,018320261002,1790925000,1790924700,1567,near_close_v2_20260805,trifecta,3連単,61,7-5-2,0.0032125029692488863,286.2,-8,False
2026-10-02,久留米,1,018320261002,1790925000,1790924700,1567,near_close_v2_20260805,trifecta,3連単,62,4-2-5,0.0031948533314077173,375.6,20,False
2026-10-02,久留米,1,018320261002,1790925000,1790924700,1567,near_close_v2_20260805,trifecta,3連単,63,6-7-4,0.0029984425227087123,182.1,-45,False
2026-10-02,久留米,1,018320261002,1790925000,1790924700,1567,near_close_v2_20260805,trifecta,3連単,64,3-6-7,0.0029377537110270545,81.2,-76,False
2026-10-02,久留米,1,018320261002,1790925000,1790924700,1567,near_close_v2_20260805,trifecta,3連単,65,5-7-2,0.00291948026646934,353.5,3,False
2026-10-02,久留米,1,018320261002,1790925000,1790924700,1567,near_close_v2_20260805,trifecta,3連単,66,5-2-4,0.0028731717128370002,500.8,44,False
2026-10-02,久留米,1,018320261002,1790925000,1790924700,1567,near_close_v2_20260805,trifecta,3連単,67,7-3-6,0.002849966527190682,103.6,-70,False
2026-10-02,久留米,1,018320261002,1790925000,1790924700,1567,near_close_v2_20260805,trifecta,3連単,68,7-6-4,0.0027956445865920583,316.3,-12,False
2026-10-02,久留米,1,018320261002,1790925000,1790924700,1567,near_close_v2_20260805,trifecta,3連単,69,6-4-7,0.002777974039657973,150.2,-58,False
2026-10-02,久留米,1,018320261002,1790925000,1790924700,1567,near_close_v2_20260805,trifecta,3連単,70,3-7-6,0.002717946900701269,78.0,-79,False
2026-10-02,久留米,1,018320261002,1790925000,1790924700,1567,near_close_v2_20260805,trifecta,3連単,71,1-2-6,0.0025386262509138834,500.8,27,False
2026-10-02,久留米,1,018320261002,1790925000,1790924700,1567,near_close_v2_20260805,trifecta,3連単,72,2-3-1,0.002523726053779255,158.1,-60,False
2026-10-02,久留米,1,018320261002,1790925000,1790924700,1567,near_close_v2_20260805,trifecta,3連単,73,7-2-1,0.0025070653941003797,250.4,-37,False
2026-10-02,久留米,1,018320261002,1790925000,1790924700,1567,near_close_v2_20260805,trifecta,3連単,74,4-6-7,0.002437689736795414,462.3,13,False
2026-10-02,久留米,1,018320261002,1790925000,1790924700,1567,near_close_v2_20260805,trifecta,3連単,75,7-4-6,0.0023992374165772348,375.6,-10,False
2026-10-02,久留米,1,018320261002,1790925000,1790924700,1567,near_close_v2_20260805,trifecta,3連単,76,4-7-6,0.0022580691720645103,667.8,51,False
2026-10-02,久留米,1,018320261002,1790925000,1790924700,1567,near_close_v2_20260805,trifecta,3連単,77,2-1-3,0.002176278480861344,353.5,-23,False
2026-10-02,久留米,1,018320261002,1790925000,1790924700,1567,near_close_v2_20260805,trifecta,3連単,78,2-4-1,0.002098783799562431,316.3,-34,False
2026-10-02,久留米,1,018320261002,1790925000,1790924700,1567,near_close_v2_20260805,trifecta,3連単,79,6-1-2,0.0019428421383275588,261.3,-49,False
2026-10-02,久留米,1,018320261002,1790925000,1790924700,1567,near_close_v2_20260805,trifecta,3連単,80,3-5-2,0.00193634129005854,546.4,6,False
2026-10-02,久留米,1,018320261002,1790925000,1790924700,1567,near_close_v2_20260805,trifecta,3連単,81,6-3-4,0.0018757551756634402,56.1,-89,False
2026-10-02,久留米,1,018320261002,1790925000,1790924700,1567,near_close_v2_20260805,trifecta,3連単,82,2-1-4,0.0018603560294770066,222.6,-59,False
2026-10-02,久留米,1,018320261002,1790925000,1790924700,1567,near_close_v2_20260805,trifecta,3連単,83,5-3-2,0.0018451968480311448,546.4,1,False
2026-10-02,久留米,1,018320261002,1790925000,1790924700,1567,near_close_v2_20260805,trifecta,3連単,84,6-4-3,0.0018449932983805866,146.5,-73,False
2026-10-02,久留米,1,018320261002,1790925000,1790924700,1567,near_close_v2_20260805,trifecta,3連単,85,1-2-7,0.0017297296673081475,353.5,-39,False
2026-10-02,久留米,1,018320261002,1790925000,1790924700,1567,near_close_v2_20260805,trifecta,3連単,86,3-6-4,0.001667875357247839,139.7,-77,False
2026-10-02,久留米,1,018320261002,1790925000,1790924700,1567,near_close_v2_20260805,trifecta,3連単,87,4-6-3,0.0016189932532531567,231.1,-63,False
2026-10-02,久留米,1,018320261002,1790925000,1790924700,1567,near_close_v2_20260805,trifecta,3連単,88,6-7-5,0.0016162442811930142,139.7,-77,False
2026-10-02,久留米,1,018320261002,1790925000,1790924700,1567,near_close_v2_20260805,trifecta,3連単,89,4-5-2,0.0016111575712253218,500.8,-19,False
2026-10-02,久留米,1,018320261002,1790925000,1790924700,1567,near_close_v2_20260805,trifecta,3連単,90,1-6-2,0.0016054171182850031,400.7,-36,False
2026-10-02,久留米,1,018320261002,1790925000,1790924700,1567,near_close_v2_20260805,trifecta,3連単,91,5-4-2,0.0015557363776253334,1001.7,56,False
2026-10-02,久留米,1,018320261002,1790925000,1790924700,1567,near_close_v2_20260805,trifecta,3連単,92,7-6-5,0.0015069305284684201,143.1,-78,False
2026-10-02,久留米,1,018320261002,1790925000,1790924700,1567,near_close_v2_20260805,trifecta,3連単,93,3-4-6,0.0014432657197036337,353.5,-49,False
2026-10-02,久留米,1,018320261002,1790925000,1790924700,1567,near_close_v2_20260805,trifecta,3連単,94,6-5-7,0.0014335864965932805,51.8,-93,False
2026-10-02,久留米,1,018320261002,1790925000,1790924700,1567,near_close_v2_20260805,trifecta,3連単,95,3-2-1,0.0014335394575963492,158.1,-77,False
2026-10-02,久留米,1,018320261002,1790925000,1790924700,1567,near_close_v2_20260805,trifecta,3連単,96,4-3-6,0.0014243250216384145,429.3,-39,False
2026-10-02,久留米,1,018320261002,1790925000,1790924700,1567,near_close_v2_20260805,trifecta,3連単,97,7-5-6,0.001242038223286601,231.1,-71,False
2026-10-02,久留米,1,018320261002,1790925000,1790924700,1567,near_close_v2_20260805,trifecta,3連単,98,5-6-7,0.0012147086885625537,176.7,-79,False
2026-10-02,久留米,1,018320261002,1790925000,1790924700,1567,near_close_v2_20260805,trifecta,3連単,99,4-2-1,0.0011765163057879694,429.3,-49,False
2026-10-02,久留米,1,018320261002,1790925000,1790924700,1567,near_close_v2_20260805,trifecta,3連単,100,7-1-2,0.001149389268360132,353.5,-59,False
2026-10-02,久留米,1,018320261002,1790925000,1790924700,1567,near_close_v2_20260805,trifecta,3連単,101,1-2-3,0.001148801104198416,601.0,-31,False
2026-10-02,久留米,1,018320261002,1790925000,1790924700,1567,near_close_v2_20260805,trifecta,3連単,102,5-7-6,0.001128747932000726,375.6,-58,False
2026-10-02,久留米,1,018320261002,1790925000,1790924700,1567,near_close_v2_20260805,trifecta,3連単,103,7-3-4,0.001102471662645328,81.2,-91,False
2026-10-02,久留米,1,018320261002,1790925000,1790924700,1567,near_close_v2_20260805,trifecta,3連単,104,7-4-3,0.0010857236634994446,214.6,-77,False
2026-10-02,久留米,1,018320261002,1790925000,1790924700,1567,near_close_v2_20260805,trifecta,3連単,105,2-5-1,0.0010536385266956534,353.5,-63,False
2026-10-02,久留米,1,018320261002,1790925000,1790924700,1567,near_close_v2_20260805,trifecta,3連単,106,3-7-4,0.0010514016252505132,154.1,-84,False
2026-10-02,久留米,1,018320261002,1790925000,1790924700,1567,near_close_v2_20260805,trifecta,3連単,107,4-7-3,0.0010218409887198909,353.5,-64,False
2026-10-02,久留米,1,018320261002,1790925000,1790924700,1567,near_close_v2_20260805,trifecta,3連単,108,1-7-2,0.0010186647617249909,667.8,-32,False
2026-10-02,久留米,1,018320261002,1790925000,1790924700,1567,near_close_v2_20260805,trifecta,3連単,109,6-3-5,0.0010110844388791205,109.2,-89,False
2026-10-02,久留米,1,018320261002,1790925000,1790924700,1567,near_close_v2_20260805,trifecta,3連単,110,2-1-5,0.0010027838689096837,273.2,-73,False
2026-10-02,久留米,1,018320261002,1790925000,1790924700,1567,near_close_v2_20260805,trifecta,3連単,111,3-4-7,0.0009833899465435357,375.6,-63,False
2026-10-02,久留米,1,018320261002,1790925000,1790924700,1567,near_close_v2_20260805,trifecta,3連単,112,1-2-4,0.000982033815828339,601.0,-41,False
2026-10-02,久留米,1,018320261002,1790925000,1790924700,1567,near_close_v2_20260805,trifecta,3連単,113,4-3-7,0.0009704844283125077,429.3,-58,False
2026-10-02,久留米,1,018320261002,1790925000,1790924700,1567,near_close_v2_20260805,trifecta,3連単,114,6-5-3,0.0009521174212229703,107.3,-90,False
2026-10-02,久留米,1,018320261002,1790925000,1790924700,1567,near_close_v2_20260805,trifecta,3連単,115,3-6-5,0.0008990314096330778,84.6,-92,False
2026-10-02,久留米,1,018320261002,1790925000,1790924700,1567,near_close_v2_20260805,trifecta,3連単,116,6-4-5,0.0008501345458005286,85.8,-93,False
2026-10-02,久留米,1,018320261002,1790925000,1790924700,1567,near_close_v2_20260805,trifecta,3連単,117,6-5-4,0.0008139019895290248,45.5,-96,False
2026-10-02,久留米,1,018320261002,1790925000,1790924700,1567,near_close_v2_20260805,trifecta,3連単,118,5-6-3,0.0008067495800495359,286.2,-77,False
2026-10-02,久留米,1,018320261002,1790925000,1790924700,1567,near_close_v2_20260805,trifecta,3連単,119,3-5-6,0.0007486405206788364,316.3,-76,False
2026-10-02,久留米,1,018320261002,1790925000,1790924700,1567,near_close_v2_20260805,trifecta,3連単,120,4-6-5,0.0007459984246103074,182.1,-86,False
2026-10-02,久留米,1,018320261002,1790925000,1790924700,1567,near_close_v2_20260805,trifecta,3連単,121,5-3-6,0.0007134016798367304,667.8,-52,False
2026-10-02,久留米,1,018320261002,1790925000,1790924700,1567,near_close_v2_20260805,trifecta,3連単,122,3-1-2,0.0006937499409516087,667.8,-54,False
2026-10-02,久留米,1,018320261002,1790925000,1790924700,1567,near_close_v2_20260805,trifecta,3連単,123,5-6-4,0.0006896366704545931,150.2,-90,False
2026-10-02,久留米,1,018320261002,1790925000,1790924700,1567,near_close_v2_20260805,trifecta,3連単,124,1-3-2,0.0006447122106739476,1001.7,-35,False
2026-10-02,久留米,1,018320261002,1790925000,1790924700,1567,near_close_v2_20260805,trifecta,3連単,125,4-5-6,0.000622915933885451,462.3,-71,False
2026-10-02,久留米,1,018320261002,1790925000,1790924700,1567,near_close_v2_20260805,trifecta,3連単,126,5-4-6,0.0006014886413692213,751.3,-55,False
2026-10-02,久留米,1,018320261002,1790925000,1790924700,1567,near_close_v2_20260805,trifecta,3連単,127,6-7-1,0.0005951878079242783,222.6,-87,False
2026-10-02,久留米,1,018320261002,1790925000,1790924700,1567,near_close_v2_20260805,trifecta,3連単,128,7-3-5,0.000594263023697442,154.1,-91,False
2026-10-02,久留米,1,018320261002,1790925000,1790924700,1567,near_close_v2_20260805,trifecta,3連単,129,4-1-2,0.0005774577185946241,667.8,-61,False
2026-10-02,久留米,1,018320261002,1790925000,1790924700,1567,near_close_v2_20260805,trifecta,3連単,130,5-2-1,0.000570321678872357,300.5,-83,False
2026-10-02,久留米,1,018320261002,1790925000,1790924700,1567,near_close_v2_20260805,trifecta,3連単,131,3-7-5,0.0005667348469008041,187.8,-89,False
2026-10-02,久留米,1,018320261002,1790925000,1790924700,1567,near_close_v2_20260805,trifecta,3連単,132,7-5-3,0.0005620578775054543,429.3,-76,False
2026-10-02,久留米,1,018320261002,1790925000,1790924700,1567,near_close_v2_20260805,trifecta,3連単,133,7-6-1,0.000554932622729066,333.9,-81,False
2026-10-02,久留米,1,018320261002,1790925000,1790924700,1567,near_close_v2_20260805,trifecta,3連単,134,1-4-2,0.0005437763558401037,667.8,-64,False
2026-10-02,久留米,1,018320261002,1790925000,1790924700,1567,near_close_v2_20260805,trifecta,3連単,135,1-2-5,0.0005293436598333948,333.9,-82,False
2026-10-02,久留米,1,018320261002,1790925000,1790924700,1567,near_close_v2_20260805,trifecta,3連単,136,6-1-7,0.0005118095738859541,400.7,-79,False
2026-10-02,久留米,1,018320261002,1790925000,1790924700,1567,near_close_v2_20260805,trifecta,3連単,137,5-7-3,0.0005107907751987159,751.3,-62,False
2026-10-02,久留米,1,018320261002,1790925000,1790924700,1567,near_close_v2_20260805,trifecta,3連単,138,3-5-7,0.0005100970331103417,429.3,-78,False
2026-10-02,久留米,1,018320261002,1790925000,1790924700,1567,near_close_v2_20260805,trifecta,3連単,139,7-4-5,0.0005002788868361444,273.2,-86,False
2026-10-02,久留米,1,018320261002,1790925000,1790924700,1567,near_close_v2_20260805,trifecta,3連単,140,5-3-7,0.00048608653986652604,429.3,-79,False
2026-10-02,久留米,1,018320261002,1790925000,1790924700,1567,near_close_v2_20260805,trifecta,3連単,141,7-5-4,0.000480465974611151,500.8,-76,False
2026-10-02,久留米,1,018320261002,1790925000,1790924700,1567,near_close_v2_20260805,trifecta,3連単,142,4-7-5,0.0004708430787191677,400.7,-81,False
2026-10-02,久留米,1,018320261002,1790925000,1790924700,1567,near_close_v2_20260805,trifecta,3連単,143,7-1-6,0.0004443841510510691,316.3,-86,False
2026-10-02,久留米,1,018320261002,1790925000,1790924700,1567,near_close_v2_20260805,trifecta,3連単,144,5-7-4,0.00043664113154584305,858.6,-63,False
2026-10-02,久留米,1,018320261002,1790925000,1790924700,1567,near_close_v2_20260805,trifecta,3連単,145,4-5-7,0.00042443276976779977,1202.1,-49,False
2026-10-02,久留米,1,018320261002,1790925000,1790924700,1567,near_close_v2_20260805,trifecta,3連単,146,1-6-7,0.0004229205425439112,858.6,-64,False
2026-10-02,久留米,1,018320261002,1790925000,1790924700,1567,near_close_v2_20260805,trifecta,3連単,147,5-4-7,0.00040983297448794325,667.8,-73,False
2026-10-02,久留米,1,018320261002,1790925000,1790924700,1567,near_close_v2_20260805,trifecta,3連単,148,1-7-6,0.0003938426152095969,858.6,-66,False
2026-10-02,久留米,1,018320261002,1790925000,1790924700,1567,near_close_v2_20260805,trifecta,3連単,149,6-3-1,0.000372335505099892,193.8,-93,False
2026-10-02,久留米,1,018320261002,1790925000,1790924700,1567,near_close_v2_20260805,trifecta,3連単,150,6-1-3,0.0003399186674843334,353.5,-88,False
2026-10-02,久留米,1,018320261002,1790925000,1790924700,1567,near_close_v2_20260805,trifecta,3連単,151,3-6-1,0.0003310715714085079,193.8,-94,False
2026-10-02,久留米,1,018320261002,1790925000,1790924700,1567,near_close_v2_20260805,trifecta,3連単,152,6-4-1,0.00031306512427826044,154.1,-95,False
2026-10-02,久留米,1,018320261002,1790925000,1790924700,1567,near_close_v2_20260805,trifecta,3連単,153,3-4-5,0.00030094369263887206,462.3,-86,False
2026-10-02,久留米,1,018320261002,1790925000,1790924700,1567,near_close_v2_20260805,trifecta,3連単,154,4-3-5,0.0002969942580066441,667.8,-80,False
2026-10-02,久留米,1,018320261002,1790925000,1790924700,1567,near_close_v2_20260805,trifecta,3連単,155,6-1-4,0.00029057390777304626,333.9,-90,False
2026-10-02,久留米,1,018320261002,1790925000,1790924700,1567,near_close_v2_20260805,trifecta,3連単,156,5-1-2,0.00029006462877582517,858.6,-75,False
2026-10-02,久留米,1,018320261002,1790925000,1790924700,1567,near_close_v2_20260805,trifecta,3連単,157,3-5-4,0.00028960163274971645,500.8,-85,False
2026-10-02,久留米,1,018320261002,1790925000,1790924700,1567,near_close_v2_20260805,trifecta,3連単,158,1-5-2,0.0002828765273389035,751.3,-79,False
2026-10-02,久留米,1,018320261002,1790925000,1790924700,1567,near_close_v2_20260805,trifecta,3連単,159,4-5-3,0.0002818873051567876,667.8,-81,False
2026-10-02,久留米,1,018320261002,1790925000,1790924700,1567,near_close_v2_20260805,trifecta,3連単,160,1-6-3,0.0002808829584444452,193.8,-95,False
2026-10-02,久留米,1,018320261002,1790925000,1790924700,1567,near_close_v2_20260805,trifecta,3連単,161,5-3-4,0.00027596995564676245,667.8,-82,False
2026-10-02,久留米,1,018320261002,1790925000,1790924700,1567,near_close_v2_20260805,trifecta,3連単,162,4-6-1,0.0002747166206404351,462.3,-87,False
2026-10-02,久留米,1,018320261002,1790925000,1790924700,1567,near_close_v2_20260805,trifecta,3連単,163,5-4-3,0.00027219084145175594,667.8,-82,False
2026-10-02,久留米,1,018320261002,1790925000,1790924700,1567,near_close_v2_20260805,trifecta,3連単,164,3-1-6,0.00026822199148540736,667.8,-82,False
2026-10-02,久留米,1,018320261002,1790925000,1790924700,1567,near_close_v2_20260805,trifecta,3連単,165,1-3-6,0.0002492627139466493,1001.7,-75,False
2026-10-02,久留米,1,018320261002,1790925000,1790924700,1567,near_close_v2_20260805,trifecta,3連単,166,1-6-4,0.0002401081984290206,546.4,-87,False
2026-10-02,久留米,1,018320261002,1790925000,1790924700,1567,near_close_v2_20260805,trifecta,3連単,167,4-1-6,0.00022326035670376204,1001.7,-78,False
2026-10-02,久留米,1,018320261002,1790925000,1790924700,1567,near_close_v2_20260805,trifecta,3連単,168,7-3-1,0.00021883950991854735,41.7,-99,False
2026-10-02,久留米,1,018320261002,1790925000,1790924700,1567,near_close_v2_20260805,trifecta,3連単,169,1-4-6,0.00021023825513562648,858.6,-82,False
2026-10-02,久留米,1,018320261002,1790925000,1790924700,1567,near_close_v2_20260805,trifecta,3連単,170,3-7-1,0.0002087021591514659,34.9,-99,False
2026-10-02,久留米,1,018320261002,1790925000,1790924700,1567,near_close_v2_20260805,trifecta,3連単,171,7-1-3,0.00020109655890935697,105.4,-98,False
2026-10-02,久留米,1,018320261002,1790925000,1790924700,1567,near_close_v2_20260805,trifecta,3連単,172,7-4-1,0.00018422951126361575,200.3,-96,False
2026-10-02,久留米,1,018320261002,1790925000,1790924700,1567,near_close_v2_20260805,trifecta,3連単,173,3-1-7,0.00018275692844890574,222.6,-96,False
2026-10-02,久留米,1,018320261002,1790925000,1790924700,1567,near_close_v2_20260805,trifecta,3連単,174,1-7-3,0.00017822506604518875,231.1,-96,False
2026-10-02,久留米,1,018320261002,1790925000,1790924700,1567,near_close_v2_20260805,trifecta,3連単,175,4-7-1,0.00017338966835652068,300.5,-95,False
2026-10-02,久留米,1,018320261002,1790925000,1790924700,1567,near_close_v2_20260805,trifecta,3連単,176,7-1-4,0.00017190410104410525,176.7,-97,False
2026-10-02,久留米,1,018320261002,1790925000,1790924700,1567,near_close_v2_20260805,trifecta,3連単,177,1-3-7,0.00016983875082519565,231.1,-96,False
2026-10-02,久留米,1,018320261002,1790925000,1790924700,1567,near_close_v2_20260805,trifecta,3連単,178,6-5-1,0.0001615587216844074,101.8,-98,False
2026-10-02,久留米,1,018320261002,1790925000,1790924700,1567,near_close_v2_20260805,trifecta,3連単,179,6-1-5,0.00015662745346802035,222.6,-97,False
2026-10-02,久留米,1,018320261002,1790925000,1790924700,1567,near_close_v2_20260805,trifecta,3連単,180,1-7-4,0.0001523527798197391,429.3,-93,False
2026-10-02,久留米,1,018320261002,1790925000,1790924700,1567,near_close_v2_20260805,trifecta,3連単,181,4-1-7,0.00015212166910559408,500.8,-92,False
2026-10-02,久留米,1,018320261002,1790925000,1790924700,1567,near_close_v2_20260805,trifecta,3連単,182,1-4-7,0.00014324887209382628,500.8,-93,False
2026-10-02,久留米,1,018320261002,1790925000,1790924700,1567,near_close_v2_20260805,trifecta,3連単,183,5-6-1,0.0001368921815387229,300.5,-96,False
2026-10-02,久留米,1,018320261002,1790925000,1790924700,1567,near_close_v2_20260805,trifecta,3連単,184,1-6-5,0.0001294250263726539,429.3,-94,False
2026-10-02,久留米,1,018320261002,1790925000,1790924700,1567,near_close_v2_20260805,trifecta,3連単,185,5-1-6,0.00011214662199899797,601.0,-93,False
2026-10-02,久留米,1,018320261002,1790925000,1790924700,1567,near_close_v2_20260805,trifecta,3連単,186,3-4-1,0.00011082360433668724,462.3,-95,False
2026-10-02,久留米,1,018320261002,1790925000,1790924700,1567,near_close_v2_20260805,trifecta,3連単,187,4-3-1,0.00010936921073502148,667.8,-93,False
2026-10-02,久留米,1,018320261002,1790925000,1790924700,1567,near_close_v2_20260805,trifecta,3連単,188,1-5-6,0.0001093675127427642,546.4,-94,False
2026-10-02,久留米,1,018320261002,1790925000,1790924700,1567,near_close_v2_20260805,trifecta,3連単,189,3-1-4,0.00010375811157419016,601.0,-94,False
2026-10-02,久留米,1,018320261002,1790925000,1790924700,1567,near_close_v2_20260805,trifecta,3連単,190,4-1-3,0.00010103170729156481,1001.7,-90,False
2026-10-02,久留米,1,018320261002,1790925000,1790924700,1567,near_close_v2_20260805,trifecta,3連単,191,1-3-4,9.642396710923298e-05,1001.7,-90,False
2026-10-02,久留米,1,018320261002,1790925000,1790924700,1567,near_close_v2_20260805,trifecta,3連単,192,7-5-1,9.537200998359562e-05,667.8,-94,False
2026-10-02,久留米,1,018320261002,1790925000,1790924700,1567,near_close_v2_20260805,trifecta,3連単,193,1-4-3,9.513883327945978e-05,858.6,-92,False
2026-10-02,久留米,1,018320261002,1790925000,1790924700,1567,near_close_v2_20260805,trifecta,3連単,194,7-1-5,9.266111260160787e-05,546.4,-95,False
2026-10-02,久留米,1,018320261002,1790925000,1790924700,1567,near_close_v2_20260805,trifecta,3連単,195,5-7-1,8.667282296262762e-05,1001.7,-91,False
2026-10-02,久留米,1,018320261002,1790925000,1790924700,1567,near_close_v2_20260805,trifecta,3連単,196,1-7-5,8.212240429576947e-05,667.8,-95,False
2026-10-02,久留米,1,018320261002,1790925000,1790924700,1567,near_close_v2_20260805,trifecta,3連単,197,5-1-7,7.641272089194972e-05,601.0,-95,False
2026-10-02,久留米,1,018320261002,1790925000,1790924700,1567,near_close_v2_20260805,trifecta,3連単,198,1-5-7,7.451913465511485e-05,667.8,-95,False
2026-10-02,久留米,1,018320261002,1790925000,1790924700,1567,near_close_v2_20260805,trifecta,3連単,199,3-5-1,5.74856311775767e-05,462.3,-97,False
2026-10-02,久留米,1,018320261002,1790925000,1790924700,1567,near_close_v2_20260805,trifecta,3連単,200,3-1-5,5.592852061999084e-05,400.7,-98,False
2026-10-02,久留米,1,018320261002,1790925000,1790924700,1567,near_close_v2_20260805,trifecta,3連単,201,5-3-1,5.4779757060667043e-05,1502.6,-92,False
2026-10-02,久留米,1,018320261002,1790925000,1790924700,1567,near_close_v2_20260805,trifecta,3連単,202,1-3-5,5.197521187414832e-05,546.4,-97,False
2026-10-02,久留米,1,018320261002,1790925000,1790924700,1567,near_close_v2_20260805,trifecta,3連単,203,5-1-3,5.074955919099633e-05,1001.7,-95,False
2026-10-02,久留米,1,018320261002,1790925000,1790924700,1567,near_close_v2_20260805,trifecta,3連単,204,1-5-3,4.949193263761926e-05,751.3,-96,False
2026-10-02,久留米,1,018320261002,1790925000,1790924700,1567,near_close_v2_20260805,trifecta,3連単,205,4-5-1,4.7831655702398956e-05,601.0,-97,False
2026-10-02,久留米,1,018320261002,1790925000,1790924700,1567,near_close_v2_20260805,trifecta,3連単,206,4-1-5,4.6553309795301404e-05,546.4,-97,False
2026-10-02,久留米,1,018320261002,1790925000,1790924700,1567,near_close_v2_20260805,trifecta,3連単,207,5-4-1,4.6186324731527754e-05,500.8,-98,False
2026-10-02,久留米,1,018320261002,1790925000,1790924700,1567,near_close_v2_20260805,trifecta,3連単,208,1-4-5,4.383799599110609e-05,400.7,-98,False
2026-10-02,久留米,1,018320261002,1790925000,1790924700,1567,near_close_v2_20260805,trifecta,3連単,209,5-1-4,4.338242980599757e-05,546.4,-98,False
2026-10-02,久留米,1,018320261002,1790925000,1790924700,1567,near_close_v2_20260805,trifecta,3連単,210,1-5-4,4.2307368336621905e-05,601.0,-97,False
2026-10-02,久留米,1,018320261002,1790925000,1790924700,1567,near_close_v2_20260805,trio,3連複,1,2-6-7,0.23189145761286262,11.0,155,False
2026-10-02,久留米,1,018320261002,1790925000,1790924700,1567,near_close_v2_20260805,trio,3連複,2,2-3-4,0.046655299905237375,44.6,108,False
2026-10-02,久留米,1,018320261002,1790925000,1790924700,1567,near_close_v2_20260805,trio,3連複,3,2-3-5,0.02409808993828907,53.5,29,False
2026-10-02,久留米,1,018320261002,1790925000,1790924700,1567,near_close_v2_20260805,trio,3連複,4,2-4-5,0.02024223767181606,42.2,-15,False
2026-10-02,久留米,1,018320261002,1790925000,1790924700,1567,near_close_v2_20260805,trio,3連複,5,3-4-5,0.0017175876856505388,57.3,-90,False
2026-10-02,川崎,2,023420261002,1790925480,1790925180,2047,near_close_v2_20260805,exacta,2車単,1,7-4,0.3536621407329456,8.2,190,False
2026-10-02,川崎,2,023420261002,1790925480,1790925180,2047,near_close_v2_20260805,exacta,2車単,2,4-7,0.26118775137120126,4.9,28,False
2026-10-02,川崎,2,023420261002,1790925480,1790925180,2047,near_close_v2_20260805,exacta,2車単,3,7-1,0.0448615226149213,41.0,84,False
2026-10-02,川崎,2,023420261002,1790925480,1790925180,2047,near_close_v2_20260805,exacta,2車単,4,7-5,0.04350729487124663,25.6,11,False
2026-10-02,川崎,2,023420261002,1790925480,1790925180,2047,near_close_v2_20260805,exacta,2車単,5,7-2,0.03863583316638253,17.0,-34,False
2026-10-02,川崎,2,023420261002,1790925480,1790925180,2047,near_close_v2_20260805,exacta,2車単,6,7-3,0.025860011138280174,51.2,32,False
2026-10-02,川崎,2,023420261002,1790925480,1790925180,2047,near_close_v2_20260805,exacta,2車単,7,1-7,0.02291060292420515,102.5,135,False
2026-10-02,川崎,2,023420261002,1790925480,1790925180,2047,near_close_v2_20260805,exacta,2車単,8,5-7,0.02218898540532376,45.5,1,False
2026-10-02,川崎,2,023420261002,1790925480,1790925180,2047,near_close_v2_20260805,exacta,2車単,9,4-1,0.021915481915581857,41.0,-10,False
2026-10-02,川崎,2,023420261002,1790925480,1790925180,2047,near_close_v2_20260805,exacta,2車単,10,4-5,0.021253922701891456,34.1,-28,False
2026-10-02,川崎,2,023420261002,1790925480,1790925180,2047,near_close_v2_20260805,exacta,2車単,11,2-7,0.019609209670398295,34.1,-33,False
2026-10-02,川崎,2,023420261002,1790925480,1790925180,2047,near_close_v2_20260805,exacta,2車単,12,4-2,0.018874145452425353,14.6,-72,False
2026-10-02,川崎,2,023420261002,1790925480,1790925180,2047,near_close_v2_20260805,exacta,2車単,13,1-4,0.015154768230252127,82.0,24,False
2026-10-02,川崎,2,023420261002,1790925480,1790925180,2047,near_close_v2_20260805,exacta,2車単,14,5-4,0.01467743700131344,51.2,-25,False
2026-10-02,川崎,2,023420261002,1790925480,1790925180,2047,near_close_v2_20260805,exacta,2車単,15,2-4,0.012970982418770843,13.6,-82,False
2026-10-02,川崎,2,023420261002,1790925480,1790925180,2047,near_close_v2_20260805,exacta,2車単,16,3-7,0.012960582662735648,68.3,-11,False
2026-10-02,川崎,2,023420261002,1790925480,1790925180,2047,near_close_v2_20260805,exacta,2車単,17,4-3,0.012632977513991558,17.8,-78,False
2026-10-02,川崎,2,023420261002,1790925480,1790925180,2047,near_close_v2_20260805,exacta,2車単,18,3-4,0.008573088496735711,34.1,-71,False
2026-10-02,川崎,2,023420261002,1790925480,1790925180,2047,near_close_v2_20260805,exacta,2車単,19,7-6,0.004682974049126497,136.7,-36,False
2026-10-02,川崎,2,023420261002,1790925480,1790925180,2047,near_close_v2_20260805,exacta,2車単,20,6-7,0.0022992872158787065,205.1,-53,False
2026-10-02,川崎,2,023420261002,1790925480,1790925180,2047,near_close_v2_20260805,exacta,2車単,21,4-6,0.0022876983905721344,205.1,-53,False
2026-10-02,川崎,2,023420261002,1790925480,1790925180,2047,near_close_v2_20260805,exacta,2車単,22,1-5,0.0018643300884073344,58.6,-89,False
2026-10-02,川崎,2,023420261002,1790925480,1790925180,2047,near_close_v2_20260805,exacta,2車単,23,5-1,0.0018618113055553504,82.0,-85,False
2026-10-02,川崎,2,023420261002,1790925480,1790925180,2047,near_close_v2_20260805,exacta,2車単,24,1-2,0.0016555831953224136,25.6,-96,False
2026-10-02,川崎,2,023420261002,1790925480,1790925180,2047,near_close_v2_20260805,exacta,2車単,25,2-1,0.001645350050507195,21.5,-96,False
2026-10-02,川崎,2,023420261002,1790925480,1790925180,2047,near_close_v2_20260805,exacta,2車単,26,5-2,0.0016034371282083054,12.0,-98,False
2026-10-02,川崎,2,023420261002,1790925480,1790925180,2047,near_close_v2_20260805,exacta,2車単,27,2-5,0.0015956821267146964,8.3,-99,False
2026-10-02,川崎,2,023420261002,1790925480,1790925180,2047,near_close_v2_20260805,exacta,2車単,28,6-4,0.0015209187190184954,205.1,-69,False
2026-10-02,川崎,2,023420261002,1790925480,1790925180,2047,near_close_v2_20260805,exacta,2車単,29,1-3,0.0011081267404539764,82.0,-91,False
2026-10-02,川崎,2,023420261002,1790925480,1790925180,2047,near_close_v2_20260805,exacta,2車単,30,3-1,0.0010874836720689536,82.0,-91,False
2026-10-02,川崎,2,023420261002,1790925480,1790925180,2047,near_close_v2_20260805,exacta,2車単,31,5-3,0.0010732239632683226,136.7,-85,False
2026-10-02,川崎,2,023420261002,1790925480,1790925180,2047,near_close_v2_20260805,exacta,2車単,32,3-5,0.0010546559731040692,205.1,-78,False
2026-10-02,川崎,2,023420261002,1790925480,1790925180,2047,near_close_v2_20260805,exacta,2車単,33,2-3,0.0009484468683266192,82.0,-92,False
2026-10-02,川崎,2,023420261002,1790925480,1790925180,2047,near_close_v2_20260805,exacta,2車単,34,3-2,0.0009365673583099992,136.7,-87,False
2026-10-02,川崎,2,023420261002,1790925480,1790925180,2047,near_close_v2_20260805,exacta,2車単,35,1-6,0.0002006700128990827,29.3,-99,False
2026-10-02,川崎,2,023420261002,1790925480,1790925180,2047,near_close_v2_20260805,exacta,2車単,36,5-6,0.0001943494897203084,410.2,-92,False
2026-10-02,川崎,2,023420261002,1790925480,1790925180,2047,near_close_v2_20260805,exacta,2車単,37,6-1,0.00019292630352601745,51.2,-99,False
2026-10-02,川崎,2,023420261002,1790925480,1790925180,2047,near_close_v2_20260805,exacta,2車単,38,6-5,0.00018710246747474985,205.1,-96,False
2026-10-02,川崎,2,023420261002,1790925480,1790925180,2047,near_close_v2_20260805,exacta,2車単,39,2-6,0.0001717536797489655,205.1,-96,False
2026-10-02,川崎,2,023420261002,1790925480,1790925180,2047,near_close_v2_20260805,exacta,2車単,40,6-2,0.00016615281965393812,205.1,-97,False
2026-10-02,川崎,2,023420261002,1790925480,1790925180,2047,near_close_v2_20260805,exacta,2車単,41,3-6,0.00011351950442836375,205.1,-98,False
2026-10-02,川崎,2,023420261002,1790925480,1790925180,2047,near_close_v2_20260805,exacta,2車単,42,6-3,0.00011121058910271195,102.5,-99,False
2026-10-02,川崎,2,023420261002,1790925480,1790925180,2047,near_close_v2_20260805,quinella,2車複,1,4-5,0.03593135970320489,20.5,-26,False
2026-10-02,川崎,2,023420261002,1790925480,1790925180,2047,near_close_v2_20260805,quinella,2車複,2,4-6,0.00380861710959063,61.7,-77,False
2026-10-02,川崎,2,023420261002,1790925480,1790925180,2047,near_close_v2_20260805,quinella,2車複,3,1-5,0.003726141393962685,23.1,-91,False
2026-10-02,川崎,2,023420261002,1790925480,1790925180,2047,near_close_v2_20260805,quinella,2車複,4,1-2,0.0033009332458296087,185.2,-39,False
2026-10-02,川崎,2,023420261002,1790925480,1790925180,2047,near_close_v2_20260805,quinella,2車複,5,1-3,0.00219561041252293,61.7,-86,False
2026-10-02,川崎,2,023420261002,1790925480,1790925180,2047,near_close_v2_20260805,quinella,2車複,6,2-3,0.0018850142266366183,16.8,-97,False
2026-10-02,川崎,2,023420261002,1790925480,1790925180,2047,near_close_v2_20260805,quinella,2車複,7,1-6,0.00039359631642510017,46.3,-98,False
2026-10-02,川崎,2,023420261002,1790925480,1790925180,2047,near_close_v2_20260805,quinella,2車複,8,5-6,0.00038145195719505823,61.7,-98,False
2026-10-02,川崎,2,023420261002,1790925480,1790925180,2047,near_close_v2_20260805,quinella,2車複,9,2-6,0.0003379064994029036,9999.9,238,False
2026-10-02,川崎,2,023420261002,1790925480,1790925180,2047,near_close_v2_20260805,quinella,2車複,10,3-6,0.0002247300935310757,61.7,-99,False
2026-10-02,川崎,2,023420261002,1790925480,1790925180,2047,near_close_v2_20260805,quinella_place,ワイド,1,4-5,0.2650947784449364,3.5,-7,False
2026-10-02,川崎,2,023420261002,1790925480,1790925180,2047,near_close_v2_20260805,quinella_place,ワイド,2,4-6,0.028336795178245062,7.4,-79,False
2026-10-02,川崎,2,023420261002,1790925480,1790925180,2047,near_close_v2_20260805,quinella_place,ワイド,3,1-5,0.02185489952237427,40.2,-12,False
2026-10-02,川崎,2,023420261002,1790925480,1790925180,2047,near_close_v2_20260805,quinella_place,ワイド,4,1-2,0.019346081796598837,5.4,-90,False
2026-10-02,川崎,2,023420261002,1790925480,1790925180,2047,near_close_v2_20260805,quinella_place,ワイド,5,1-3,0.012843937620223825,6.7,-91,False
2026-10-02,川崎,2,023420261002,1790925480,1790925180,2047,near_close_v2_20260805,quinella_place,ワイド,6,2-3,0.011015140005105176,3.5,-96,False
2026-10-02,川崎,2,023420261002,1790925480,1790925180,2047,near_close_v2_20260805,quinella_place,ワイド,7,1-6,0.002296268027073944,7.3,-98,False
2026-10-02,川崎,2,023420261002,1790925480,1790925180,2047,near_close_v2_20260805,quinella_place,ワイド,8,5-6,0.002224839588462807,20.6,-95,False
2026-10-02,川崎,2,023420261002,1790925480,1790925180,2047,near_close_v2_20260805,quinella_place,ワイド,9,2-6,0.00196906027227357,40.7,-92,False
2026-10-02,川崎,2,023420261002,1790925480,1790925180,2047,near_close_v2_20260805,quinella_place,ワイド,10,3-6,0.0013066171172010272,19.5,-97,False
2026-10-02,川崎,2,023420261002,1790925480,1790925180,2047,near_close_v2_20260805,trifecta,3連単,1,7-4-1,0.10070492038769546,41.2,315,True
2026-10-02,川崎,2,023420261002,1790925480,1790925180,2047,near_close_v2_20260805,trifecta,3連単,2,7-4-5,0.09766495675819069,24.4,138,True
2026-10-02,川崎,2,023420261002,1790925480,1790925180,2047,near_close_v2_20260805,trifecta,3連単,3,7-4-2,0.08672952401840053,18.1,57,False
2026-10-02,川崎,2,023420261002,1790925480,1790925180,2047,near_close_v2_20260805,trifecta,3連単,4,4-7-1,0.07437293585784074,45.4,238,True
2026-10-02,川崎,2,023420261002,1790925480,1790925180,2047,near_close_v2_20260805,trifecta,3連単,5,4-7-5,0.0721278517134224,25.8,86,False
2026-10-02,川崎,2,023420261002,1790925480,1790925180,2047,near_close_v2_20260805,trifecta,3連単,6,4-7-2,0.06405177921762886,28.5,83,False
2026-10-02,川崎,2,023420261002,1790925480,1790925180,2047,near_close_v2_20260805,trifecta,3連単,7,7-4-3,0.05805042297069148,11.5,-33,False
2026-10-02,川崎,2,023420261002,1790925480,1790925180,2047,near_close_v2_20260805,trifecta,3連単,8,4-7-3,0.04287159323991956,10.7,-54,False
2026-10-02,川崎,2,023420261002,1790925480,1790925180,2047,near_close_v2_20260805,trifecta,3連単,9,7-1-4,0.034021403510952244,123.8,321,True
2026-10-02,川崎,2,023420261002,1790925480,1790925180,2047,near_close_v2_20260805,trifecta,3連単,10,7-5-4,0.03289886978081028,116.4,283,True
2026-10-02,川崎,2,023420261002,1790925480,1790925180,2047,near_close_v2_20260805,trifecta,3連単,11,7-2-4,0.0289140602381237,45.8,32,False
2026-10-02,川崎,2,023420261002,1790925480,1790925180,2047,near_close_v2_20260805,trifecta,3連単,12,7-3-4,0.018843538309639765,46.1,-13,False
2026-10-02,川崎,2,023420261002,1790925480,1790925180,2047,near_close_v2_20260805,trifecta,3連単,13,4-1-7,0.01810055298634123,114.1,107,True
2026-10-02,川崎,2,023420261002,1790925480,1790925180,2047,near_close_v2_20260805,trifecta,3連単,14,4-5-7,0.01751750822378692,97.0,70,False
2026-10-02,川崎,2,023420261002,1790925480,1790925180,2047,near_close_v2_20260805,trifecta,3連単,15,1-7-4,0.01737459678874863,194.0,237,True
2026-10-02,川崎,2,023420261002,1790925480,1790925180,2047,near_close_v2_20260805,trifecta,3連単,16,5-7-4,0.01677862398888165,171.1,187,True
2026-10-02,川崎,2,023420261002,1790925480,1790925180,2047,near_close_v2_20260805,trifecta,3連単,17,4-2-7,0.015440143716023409,71.8,11,False
2026-10-02,川崎,2,023420261002,1790925480,1790925180,2047,near_close_v2_20260805,trifecta,3連単,18,2-7-4,0.01467502634640299,71.8,5,False
2026-10-02,川崎,2,023420261002,1790925480,1790925180,2047,near_close_v2_20260805,trifecta,3連単,19,1-4-7,0.012516707887329908,157.2,97,False
2026-10-02,川崎,2,023420261002,1790925480,1790925180,2047,near_close_v2_20260805,trifecta,3連単,20,5-4-7,0.01209716093263769,121.2,47,False
2026-10-02,川崎,2,023420261002,1790925480,1790925180,2047,near_close_v2_20260805,trifecta,3連単,21,2-4-7,0.010611014585462958,75.5,-20,False
2026-10-02,川崎,2,023420261002,1790925480,1790925180,2047,near_close_v2_20260805,trifecta,3連単,22,7-4-6,0.010512316597967416,145.5,53,False
2026-10-02,川崎,2,023420261002,1790925480,1790925180,2047,near_close_v2_20260805,trifecta,3連単,23,4-3-7,0.010136363750529573,25.8,-74,False
2026-10-02,川崎,2,023420261002,1790925480,1790925180,2047,near_close_v2_20260805,trifecta,3連単,24,3-7-4,0.009444049912221123,66.8,-37,False
2026-10-02,川崎,2,023420261002,1790925480,1790925180,2047,near_close_v2_20260805,trifecta,3連単,25,4-7-6,0.007763591342389587,171.1,33,False
2026-10-02,川崎,2,023420261002,1790925480,1790925180,2047,near_close_v2_20260805,trifecta,3連単,26,3-4-7,0.006878817236249219,44.7,-69,False
2026-10-02,川崎,2,023420261002,1790925480,1790925180,2047,near_close_v2_20260805,trifecta,3連単,27,7-1-5,0.004185291734696492,232.8,-3,False
2026-10-02,川崎,2,023420261002,1790925480,1790925180,2047,near_close_v2_20260805,trifecta,3連単,28,7-5-1,0.004173173265361292,323.3,35,False
2026-10-02,川崎,2,023420261002,1790925480,1790925180,2047,near_close_v2_20260805,trifecta,3連単,29,7-1-2,0.0037166694388356502,161.6,-40,False
2026-10-02,川崎,2,023420261002,1790925480,1790925180,2047,near_close_v2_20260805,trifecta,3連単,30,7-2-1,0.003667706033146646,102.1,-63,False
2026-10-02,川崎,2,023420261002,1790925480,1790925180,2047,near_close_v2_20260805,trifecta,3連単,31,7-5-2,0.0035940382014871455,62.5,-78,False
2026-10-02,川崎,2,023420261002,1790925480,1790925180,2047,near_close_v2_20260805,trifecta,3連単,32,7-2-5,0.00355698956664673,43.7,-84,False
2026-10-02,川崎,2,023420261002,1790925480,1790925180,2047,near_close_v2_20260805,trifecta,3連単,33,7-6-4,0.003269699883518338,415.7,36,False
2026-10-02,川崎,2,023420261002,1790925480,1790925180,2047,near_close_v2_20260805,trifecta,3連単,34,7-1-3,0.002487667670364219,323.3,-20,False
2026-10-02,川崎,2,023420261002,1790925480,1790925180,2047,near_close_v2_20260805,trifecta,3連単,35,7-5-3,0.0024055872568248845,253.0,-39,False
2026-10-02,川崎,2,023420261002,1790925480,1790925180,2047,near_close_v2_20260805,trifecta,3連単,36,7-3-1,0.0023902751317149713,323.3,-23,False
2026-10-02,川崎,2,023420261002,1790925480,1790925180,2047,near_close_v2_20260805,trifecta,3連単,37,7-3-5,0.002318120271386904,363.7,-16,False
2026-10-02,川崎,2,023420261002,1790925480,1790925180,2047,near_close_v2_20260805,trifecta,3連単,38,1-7-5,0.00213741200624555,582.0,24,False
2026-10-02,川崎,2,023420261002,1790925480,1790925180,2047,near_close_v2_20260805,trifecta,3連単,39,5-7-1,0.0021283437858644265,727.5,55,False
2026-10-02,川崎,2,023420261002,1790925480,1790925180,2047,near_close_v2_20260805,trifecta,3連単,40,7-2-3,0.00211421533065761,95.4,-80,False
2026-10-02,川崎,2,023420261002,1790925480,1790925180,2047,near_close_v2_20260805,trifecta,3連単,41,7-3-2,0.0020585630140867355,242.5,-50,False
2026-10-02,川崎,2,023420261002,1790925480,1790925180,2047,near_close_v2_20260805,trifecta,3連単,42,1-7-2,0.0018980884452943197,323.3,-39,False
2026-10-02,川崎,2,023420261002,1790925480,1790925180,2047,near_close_v2_20260805,trifecta,3連単,43,2-7-1,0.0018615055175239886,215.5,-60,False
2026-10-02,川崎,2,023420261002,1790925480,1790925180,2047,near_close_v2_20260805,trifecta,3連単,44,5-7-2,0.0018329813755366047,187.7,-66,False
2026-10-02,川崎,2,023420261002,1790925480,1790925180,2047,near_close_v2_20260805,trifecta,3連単,45,2-7-5,0.0018053125425669593,98.6,-82,False
2026-10-02,川崎,2,023420261002,1790925480,1790925180,2047,near_close_v2_20260805,trifecta,3連単,46,4-6-7,0.0017790483712885297,388.0,-31,False
2026-10-02,川崎,2,023420261002,1790925480,1790925180,2047,near_close_v2_20260805,trifecta,3連単,47,6-7-4,0.0016053856081769489,582.0,-7,False
2026-10-02,川崎,2,023420261002,1790925480,1790925180,2047,near_close_v2_20260805,trifecta,3連単,48,4-1-5,0.0014729165208304063,215.5,-68,False
2026-10-02,川崎,2,023420261002,1790925480,1790925180,2047,near_close_v2_20260805,trifecta,3連単,49,4-5-1,0.0014698416471255254,232.8,-66,False
2026-10-02,川崎,2,023420261002,1790925480,1790925180,2047,near_close_v2_20260805,trifecta,3連単,50,4-1-2,0.0013079957541653885,242.5,-68,False
2026-10-02,川崎,2,023420261002,1790925480,1790925180,2047,near_close_v2_20260805,trifecta,3連単,51,4-2-1,0.001295536213340997,145.5,-81,False
2026-10-02,川崎,2,023420261002,1790925480,1790925180,2047,near_close_v2_20260805,trifecta,3連単,52,1-7-3,0.0012704420822341957,485.0,-38,False
2026-10-02,川崎,2,023420261002,1790925480,1790925180,2047,near_close_v2_20260805,trifecta,3連単,53,4-5-2,0.0012658633356428782,109.8,-86,False
2026-10-02,川崎,2,023420261002,1790925480,1790925180,2047,near_close_v2_20260805,trifecta,3連単,54,4-2-5,0.001256428064959558,58.2,-93,False
2026-10-02,川崎,2,023420261002,1790925480,1790925180,2047,near_close_v2_20260805,trifecta,3連単,55,5-7-3,0.0012268641544109574,363.7,-55,False
2026-10-02,川崎,2,023420261002,1790925480,1790925180,2047,near_close_v2_20260805,trifecta,3連単,56,3-7-1,0.001197963847177736,646.6,-23,False
2026-10-02,川崎,2,023420261002,1790925480,1790925180,2047,near_close_v2_20260805,trifecta,3連単,57,6-4-7,0.0011827555507679473,529.0,-37,False
2026-10-02,川崎,2,023420261002,1790925480,1790925180,2047,near_close_v2_20260805,trifecta,3連単,58,3-7-5,0.0011618011005029778,485.0,-44,False
2026-10-02,川崎,2,023420261002,1790925480,1790925180,2047,near_close_v2_20260805,trifecta,3連単,59,2-7-3,0.0010730476945766678,181.8,-80,False
2026-10-02,川崎,2,023420261002,1790925480,1790925180,2047,near_close_v2_20260805,trifecta,3連単,60,1-5-7,0.0010410232874136897,415.7,-57,False
2026-10-02,川崎,2,023420261002,1790925480,1790925180,2047,near_close_v2_20260805,trifecta,3連単,61,5-1-7,0.001039616824244341,646.6,-33,False
2026-10-02,川崎,2,023420261002,1790925480,1790925180,2047,near_close_v2_20260805,trifecta,3連単,62,3-7-2,0.0010317155691795944,291.0,-70,False
2026-10-02,川崎,2,023420261002,1790925480,1790925180,2047,near_close_v2_20260805,trifecta,3連単,63,1-4-5,0.001018536055090053,291.0,-70,False
2026-10-02,川崎,2,023420261002,1790925480,1790925180,2047,near_close_v2_20260805,trifecta,3連単,64,5-4-1,0.0010150365407921513,363.7,-63,False
2026-10-02,川崎,2,023420261002,1790925480,1790925180,2047,near_close_v2_20260805,trifecta,3連単,65,1-2-7,0.0009197815400429353,194.0,-82,False
2026-10-02,川崎,2,023420261002,1790925480,1790925180,2047,near_close_v2_20260805,trifecta,3連単,66,2-1-7,0.0009140963786301975,447.6,-59,False
2026-10-02,川崎,2,023420261002,1790925480,1790925180,2047,near_close_v2_20260805,trifecta,3連単,67,1-4-2,0.0009044917459212541,363.7,-67,False
2026-10-02,川崎,2,023420261002,1790925480,1790925180,2047,near_close_v2_20260805,trifecta,3連単,68,2-4-1,0.0008903384520631444,215.5,-81,False
2026-10-02,川崎,2,023420261002,1790925480,1790925180,2047,near_close_v2_20260805,trifecta,3連単,69,5-2-7,0.0008895593202864956,135.3,-88,False
2026-10-02,川崎,2,023420261002,1790925480,1790925180,2047,near_close_v2_20260805,trifecta,3連単,70,2-5-7,0.0008852569789373315,56.5,-95,False
2026-10-02,川崎,2,023420261002,1790925480,1790925180,2047,near_close_v2_20260805,trifecta,3連単,71,4-1-3,0.0008754770377508373,323.3,-72,False
2026-10-02,川崎,2,023420261002,1790925480,1790925180,2047,near_close_v2_20260805,trifecta,3連単,72,5-4-2,0.0008741741287841125,181.8,-84,False
2026-10-02,川崎,2,023420261002,1790925480,1790925180,2047,near_close_v2_20260805,trifecta,3連単,73,2-4-5,0.0008634619449192864,81.9,-93,False
2026-10-02,川崎,2,023420261002,1790925480,1790925180,2047,near_close_v2_20260805,trifecta,3連単,74,4-3-1,0.0008505119221642949,200.6,-83,False
2026-10-02,川崎,2,023420261002,1790925480,1790925180,2047,near_close_v2_20260805,trifecta,3連単,75,4-5-3,0.0008472766671885474,48.9,-96,False
2026-10-02,川崎,2,023420261002,1790925480,1790925180,2047,near_close_v2_20260805,trifecta,3連単,76,4-3-5,0.0008248376522290639,45.4,-96,False
2026-10-02,川崎,2,023420261002,1790925480,1790925180,2047,near_close_v2_20260805,trifecta,3連単,77,4-2-3,0.0007467999067847126,55.9,-96,False
2026-10-02,川崎,2,023420261002,1790925480,1790925180,2047,near_close_v2_20260805,trifecta,3連単,78,4-3-2,0.0007324815301705663,49.7,-96,False
2026-10-02,川崎,2,023420261002,1790925480,1790925180,2047,near_close_v2_20260805,trifecta,3連単,79,1-5-4,0.0006886098412705547,363.7,-75,False
2026-10-02,川崎,2,023420261002,1790925480,1790925180,2047,near_close_v2_20260805,trifecta,3連単,80,5-1-4,0.0006876795024476796,253.0,-83,False
2026-10-02,川崎,2,023420261002,1790925480,1790925180,2047,near_close_v2_20260805,trifecta,3連単,81,1-2-4,0.0006084115772915063,342.3,-79,False
2026-10-02,川崎,2,023420261002,1790925480,1790925180,2047,near_close_v2_20260805,trifecta,3連単,82,1-3-7,0.0006075690282473591,388.0,-76,False
2026-10-02,川崎,2,023420261002,1790925480,1790925180,2047,near_close_v2_20260805,trifecta,3連単,83,1-4-3,0.0006054008599550057,306.3,-81,False
2026-10-02,川崎,2,023420261002,1790925480,1790925180,2047,near_close_v2_20260805,trifecta,3連単,84,2-1-4,0.0006046509908134182,415.7,-75,False
2026-10-02,川崎,2,023420261002,1790925480,1790925180,2047,near_close_v2_20260805,trifecta,3連単,85,3-1-7,0.000596250747999385,582.0,-65,False
2026-10-02,川崎,2,023420261002,1790925480,1790925180,2047,near_close_v2_20260805,trifecta,3連単,86,5-2-4,0.0005884203646059292,61.2,-96,False
2026-10-02,川崎,2,023420261002,1790925480,1790925180,2047,near_close_v2_20260805,trifecta,3連単,87,5-3-7,0.0005876163181980354,306.3,-82,False
2026-10-02,川崎,2,023420261002,1790925480,1790925180,2047,near_close_v2_20260805,trifecta,3連単,88,2-5-4,0.0005855744776508929,43.4,-97,False
2026-10-02,川崎,2,023420261002,1790925480,1790925180,2047,near_close_v2_20260805,trifecta,3連単,89,5-4-3,0.0005851084564373621,161.6,-91,False
2026-10-02,川崎,2,023420261002,1790925480,1790925180,2047,near_close_v2_20260805,trifecta,3連単,90,3-5-7,0.0005774498903226936,388.0,-78,False
2026-10-02,川崎,2,023420261002,1790925480,1790925180,2047,near_close_v2_20260805,trifecta,3連単,91,3-4-1,0.000577180951059846,363.7,-79,False
2026-10-02,川崎,2,023420261002,1790925480,1790925180,2047,near_close_v2_20260805,trifecta,3連単,92,3-4-5,0.0005597576802592735,176.3,-90,False
2026-10-02,川崎,2,023420261002,1790925480,1790925180,2047,near_close_v2_20260805,trifecta,3連単,93,2-3-7,0.0005167200538416095,291.0,-85,False
2026-10-02,川崎,2,023420261002,1790925480,1790925180,2047,near_close_v2_20260805,trifecta,3連単,94,2-4-3,0.0005132273927665135,88.1,-95,False
2026-10-02,川崎,2,023420261002,1790925480,1790925180,2047,near_close_v2_20260805,trifecta,3連単,95,3-2-7,0.0005102480191284473,242.5,-88,False
2026-10-02,川崎,2,023420261002,1790925480,1790925180,2047,near_close_v2_20260805,trifecta,3連単,96,3-4-2,0.000497082257403031,207.8,-90,False
2026-10-02,川崎,2,023420261002,1790925480,1790925180,2047,near_close_v2_20260805,trifecta,3連単,97,7-1-6,0.00045049026007269423,242.5,-89,False
2026-10-02,川崎,2,023420261002,1790925480,1790925180,2047,near_close_v2_20260805,trifecta,3連単,98,7-5-6,0.0004356263667630243,447.6,-81,False
2026-10-02,川崎,2,023420261002,1790925480,1790925180,2047,near_close_v2_20260805,trifecta,3連単,99,7-6-1,0.00041475662326894645,323.3,-87,False
2026-10-02,川崎,2,023420261002,1790925480,1790925180,2047,near_close_v2_20260805,trifecta,3連単,100,7-6-5,0.0004022364301643813,447.6,-82,False
2026-10-02,川崎,2,023420261002,1790925480,1790925180,2047,near_close_v2_20260805,trifecta,3連単,101,1-3-4,0.0004018911172887728,447.6,-82,False
2026-10-02,川崎,2,023420261002,1790925480,1790925180,2047,near_close_v2_20260805,trifecta,3連単,102,3-1-4,0.0003944043691446692,485.0,-81,False
2026-10-02,川崎,2,023420261002,1790925480,1790925180,2047,near_close_v2_20260805,trifecta,3連単,103,5-3-4,0.00038869291829927977,166.2,-94,False
2026-10-02,川崎,2,023420261002,1790925480,1790925180,2047,near_close_v2_20260805,trifecta,3連単,104,7-2-6,0.0003828619978078415,529.0,-80,False
2026-10-02,川崎,2,023420261002,1790925480,1790925180,2047,near_close_v2_20260805,trifecta,3連単,105,3-5-4,0.00038196809055510877,232.8,-91,False
2026-10-02,川崎,2,023420261002,1790925480,1790925180,2047,near_close_v2_20260805,trifecta,3連単,106,7-6-2,0.0003571984802838885,388.0,-86,False
2026-10-02,川崎,2,023420261002,1790925480,1790925180,2047,near_close_v2_20260805,trifecta,3連単,107,2-3-4,0.00034179688250891675,253.0,-91,False
2026-10-02,川崎,2,023420261002,1790925480,1790925180,2047,near_close_v2_20260805,trifecta,3連単,108,3-2-4,0.0003375157997988456,291.0,-90,False
2026-10-02,川崎,2,023420261002,1790925480,1790925180,2047,near_close_v2_20260805,trifecta,3連単,109,7-3-6,0.0002495144114517983,646.6,-84,False
2026-10-02,川崎,2,023420261002,1790925480,1790925180,2047,near_close_v2_20260805,trifecta,3連単,110,7-6-3,0.00023908263189094267,582.0,-86,False
2026-10-02,川崎,2,023420261002,1790925480,1790925180,2047,near_close_v2_20260805,trifecta,3連単,111,1-7-6,0.00023006360168244838,264.5,-94,False
2026-10-02,川崎,2,023420261002,1790925480,1790925180,2047,near_close_v2_20260805,trifecta,3連単,112,5-7-6,0.00022217210063012115,727.5,-84,False
2026-10-02,川崎,2,023420261002,1790925480,1790925180,2047,near_close_v2_20260805,trifecta,3連単,113,6-7-1,0.00020364080423661336,582.0,-88,False
2026-10-02,川崎,2,023420261002,1790925480,1790925180,2047,near_close_v2_20260805,trifecta,3連単,114,6-7-5,0.00019749353123367432,582.0,-89,False
2026-10-02,川崎,2,023420261002,1790925480,1790925180,2047,near_close_v2_20260805,trifecta,3連単,115,2-7-6,0.00019431756932768835,970.0,-81,False
2026-10-02,川崎,2,023420261002,1790925480,1790925180,2047,near_close_v2_20260805,trifecta,3連単,116,6-7-2,0.0001753804079698546,1455.0,-74,False
2026-10-02,川崎,2,023420261002,1790925480,1790925180,2047,near_close_v2_20260805,trifecta,3連単,117,4-1-6,0.00015853961649399235,485.0,-92,False
2026-10-02,川崎,2,023420261002,1790925480,1790925180,2047,near_close_v2_20260805,trifecta,3連単,118,4-5-6,0.00015343282814758418,582.0,-91,False
2026-10-02,川崎,2,023420261002,1790925480,1790925180,2047,near_close_v2_20260805,trifecta,3連単,119,4-6-1,0.00014927462028075048,529.0,-92,False
2026-10-02,川崎,2,023420261002,1790925480,1790925180,2047,near_close_v2_20260805,trifecta,3連単,120,4-6-5,0.00014476849074194928,970.0,-86,False
2026-10-02,川崎,2,023420261002,1790925480,1790925180,2047,near_close_v2_20260805,trifecta,3連単,121,4-2-6,0.0001352375513166728,447.6,-94,False
2026-10-02,川崎,2,023420261002,1790925480,1790925180,2047,near_close_v2_20260805,trifecta,3連単,122,4-6-2,0.0001285589295452025,646.6,-92,False
2026-10-02,川崎,2,023420261002,1790925480,1790925180,2047,near_close_v2_20260805,trifecta,3連単,123,3-7-6,0.000125052233654217,1164.0,-85,False
2026-10-02,川崎,2,023420261002,1790925480,1790925180,2047,near_close_v2_20260805,trifecta,3連単,124,6-7-3,0.00011738686426161535,970.0,-89,False
2026-10-02,川崎,2,023420261002,1790925480,1790925180,2047,near_close_v2_20260805,trifecta,3連単,125,1-4-6,0.00010963168195590746,342.3,-96,False
2026-10-02,川崎,2,023420261002,1790925480,1790925180,2047,near_close_v2_20260805,trifecta,3連単,126,1-6-7,0.0001076857261437584,84.3,-99,False
2026-10-02,川崎,2,023420261002,1790925480,1790925180,2047,near_close_v2_20260805,trifecta,3連単,127,5-4-6,0.0001059569426621235,970.0,-90,False
2026-10-02,川崎,2,023420261002,1790925480,1790925180,2047,near_close_v2_20260805,trifecta,3連単,128,5-6-7,0.00010415237163104419,1455.0,-85,False
2026-10-02,川崎,2,023420261002,1790925480,1790925180,2047,near_close_v2_20260805,trifecta,3連単,129,6-1-7,0.00010353021254789232,447.6,-95,False
2026-10-02,川崎,2,023420261002,1790925480,1790925180,2047,near_close_v2_20260805,trifecta,3連単,130,6-5-7,0.00010026867450776337,831.4,-92,False
2026-10-02,川崎,2,023420261002,1790925480,1790925180,2047,near_close_v2_20260805,trifecta,3連単,131,6-4-1,9.924147570982548e-05,529.0,-95,False
2026-10-02,川崎,2,023420261002,1790925480,1790925180,2047,near_close_v2_20260805,trifecta,3連単,132,6-4-5,9.624568885517331e-05,646.6,-94,False
2026-10-02,川崎,2,023420261002,1790925480,1790925180,2047,near_close_v2_20260805,trifecta,3連単,133,2-4-6,9.294004355894007e-05,415.7,-96,False
2026-10-02,川崎,2,023420261002,1790925480,1790925180,2047,near_close_v2_20260805,trifecta,3連単,134,2-6-7,9.15959760836672e-05,1940.0,-82,False
2026-10-02,川崎,2,023420261002,1790925480,1790925180,2047,near_close_v2_20260805,trifecta,3連単,135,4-3-6,8.878265889805834e-05,646.6,-94,False
2026-10-02,川崎,2,023420261002,1790925480,1790925180,2047,near_close_v2_20260805,trifecta,3連単,136,6-2-7,8.860904591680315e-05,1164.0,-90,False
2026-10-02,川崎,2,023420261002,1790925480,1790925180,2047,near_close_v2_20260805,trifecta,3連単,137,4-6-3,8.604797871570242e-05,306.3,-97,False
2026-10-02,川崎,2,023420261002,1790925480,1790925180,2047,near_close_v2_20260805,trifecta,3連単,138,6-4-2,8.546916990809201e-05,727.5,-94,False
2026-10-02,川崎,2,023420261002,1790925480,1790925180,2047,near_close_v2_20260805,trifecta,3連単,139,1-5-2,7.52272066467755e-05,485.0,-96,False
2026-10-02,川崎,2,023420261002,1790925480,1790925180,2047,near_close_v2_20260805,trifecta,3連単,140,5-1-2,7.512557174891983e-05,415.7,-97,False
2026-10-02,川崎,2,023420261002,1790925480,1790925180,2047,near_close_v2_20260805,trifecta,3連単,141,1-2-5,7.484641087520274e-05,194.0,-99,False
2026-10-02,川崎,2,023420261002,1790925480,1790925180,2047,near_close_v2_20260805,trifecta,3連単,142,5-2-1,7.464025818297056e-05,166.2,-99,False
2026-10-02,川崎,2,023420261002,1790925480,1790925180,2047,near_close_v2_20260805,trifecta,3連単,143,2-1-5,7.438378588387082e-05,232.8,-98,False
2026-10-02,川崎,2,023420261002,1790925480,1790925180,2047,near_close_v2_20260805,trifecta,3連単,144,2-5-1,7.427926160661019e-05,153.1,-99,False
2026-10-02,川崎,2,023420261002,1790925480,1790925180,2047,near_close_v2_20260805,trifecta,3連単,145,1-6-4,7.123130835159718e-05,207.8,-99,False
2026-10-02,川崎,2,023420261002,1790925480,1790925180,2047,near_close_v2_20260805,trifecta,3連単,146,5-6-4,6.889408619761682e-05,1940.0,-87,False
2026-10-02,川崎,2,023420261002,1790925480,1790925180,2047,near_close_v2_20260805,trifecta,3連単,147,6-1-4,6.848254413830458e-05,727.5,-95,False
2026-10-02,川崎,2,023420261002,1790925480,1790925180,2047,near_close_v2_20260805,trifecta,3連単,148,6-5-4,6.632512151456015e-05,1940.0,-87,False
2026-10-02,川崎,2,023420261002,1790925480,1790925180,2047,near_close_v2_20260805,trifecta,3連単,149,2-6-4,6.058835697008843e-05,1455.0,-91,False
2026-10-02,川崎,2,023420261002,1790925480,1790925180,2047,near_close_v2_20260805,trifecta,3連単,150,3-4-6,6.025037176434121e-05,727.5,-96,False
2026-10-02,川崎,2,023420261002,1790925480,1790925180,2047,near_close_v2_20260805,trifecta,3連単,151,3-6-7,5.9778007278919e-05,447.6,-97,False
2026-10-02,川崎,2,023420261002,1790925480,1790925180,2047,near_close_v2_20260805,trifecta,3連単,152,6-2-4,5.861258031556184e-05,727.5,-96,False
2026-10-02,川崎,2,023420261002,1790925480,1790925180,2047,near_close_v2_20260805,trifecta,3連単,153,6-3-7,5.856216020631026e-05,2910.0,-83,False
2026-10-02,川崎,2,023420261002,1790925480,1790925180,2047,near_close_v2_20260805,trifecta,3連単,154,6-4-3,5.7206833777457396e-05,485.0,-97,False
2026-10-02,川崎,2,023420261002,1790925480,1790925180,2047,near_close_v2_20260805,trifecta,3連単,155,1-5-3,5.03516099525974e-05,181.8,-99,False
2026-10-02,川崎,2,023420261002,1790925480,1790925180,2047,near_close_v2_20260805,trifecta,3連単,156,5-1-3,5.028358295860798e-05,529.0,-97,False
2026-10-02,川崎,2,023420261002,1790925480,1790925180,2047,near_close_v2_20260805,trifecta,3連単,157,1-3-5,4.944039333636414e-05,415.7,-98,False
2026-10-02,川崎,2,023420261002,1790925480,1790925180,2047,near_close_v2_20260805,trifecta,3連単,158,5-3-1,4.9305125248648106e-05,646.6,-97,False
2026-10-02,川崎,2,023420261002,1790925480,1790925180,2047,near_close_v2_20260805,trifecta,3連単,159,3-1-5,4.851937827250342e-05,342.3,-98,False
2026-10-02,川崎,2,023420261002,1790925480,1790925180,2047,near_close_v2_20260805,trifecta,3連単,160,3-5-1,4.8452090735818005e-05,485.0,-98,False
2026-10-02,川崎,2,023420261002,1790925480,1790925180,2047,near_close_v2_20260805,trifecta,3連単,161,1-2-3,4.4487459508134155e-05,646.6,-97,False
2026-10-02,川崎,2,023420261002,1790925480,1790925180,2047,near_close_v2_20260805,trifecta,3連単,162,2-1-3,4.421248292169976e-05,485.0,-98,False
2026-10-02,川崎,2,023420261002,1790925480,1790925180,2047,near_close_v2_20260805,trifecta,3連単,163,1-3-2,4.3904609428762736e-05,646.6,-97,False
2026-10-02,川崎,2,023420261002,1790925480,1790925180,2047,near_close_v2_20260805,trifecta,3連単,164,2-3-1,4.3356432052934644e-05,727.5,-97,False
2026-10-02,川崎,2,023420261002,1790925480,1790925180,2047,near_close_v2_20260805,trifecta,3連単,165,3-1-2,4.30867193609855e-05,646.6,-97,False
2026-10-02,川崎,2,023420261002,1790925480,1790925180,2047,near_close_v2_20260805,trifecta,3連単,166,5-2-3,4.302568872982763e-05,171.1,-99,False
2026-10-02,川崎,2,023420261002,1790925480,1790925180,2047,near_close_v2_20260805,trifecta,3連単,167,2-5-3,4.2817595581369596e-05,153.1,-99,False
2026-10-02,川崎,2,023420261002,1790925480,1790925180,2047,near_close_v2_20260805,trifecta,3連単,168,3-2-1,4.281338300500382e-05,970.0,-96,False
2026-10-02,川崎,2,023420261002,1790925480,1790925180,2047,near_close_v2_20260805,trifecta,3連単,169,5-3-2,4.24627717098653e-05,215.5,-99,False
2026-10-02,川崎,2,023420261002,1790925480,1790925180,2047,near_close_v2_20260805,trifecta,3連単,170,2-3-5,4.204763824188149e-05,306.3,-99,False
2026-10-02,川崎,2,023420261002,1790925480,1790925180,2047,near_close_v2_20260805,trifecta,3連単,171,3-5-2,4.172811766332814e-05,277.1,-99,False
2026-10-02,川崎,2,023420261002,1790925480,1790925180,2047,near_close_v2_20260805,trifecta,3連単,172,3-2-5,4.1520982130347334e-05,342.3,-99,False
2026-10-02,川崎,2,023420261002,1790925480,1790925180,2047,near_close_v2_20260805,trifecta,3連単,173,3-6-4,3.9541597773545784e-05,323.3,-99,False
2026-10-02,川崎,2,023420261002,1790925480,1790925180,2047,near_close_v2_20260805,trifecta,3連単,174,6-3-4,3.873734654324102e-05,831.4,-97,False
2026-10-02,川崎,2,023420261002,1790925480,1790925180,2047,near_close_v2_20260805,trifecta,3連単,175,1-5-6,9.118143123716947e-06,582.0,-99,False
2026-10-02,川崎,2,023420261002,1790925480,1790925180,2047,near_close_v2_20260805,trifecta,3連単,176,5-1-6,9.105824155802004e-06,1164.0,-99,False
2026-10-02,川崎,2,023420261002,1790925480,1790925180,2047,near_close_v2_20260805,trifecta,3連単,177,1-6-5,8.76283090436243e-06,415.7,-100,False
2026-10-02,川崎,2,023420261002,1790925480,1790925180,2047,near_close_v2_20260805,trifecta,3連単,178,5-6-1,8.739113549398952e-06,1455.0,-99,False
2026-10-02,川崎,2,023420261002,1790925480,1790925180,2047,near_close_v2_20260805,trifecta,3連単,179,6-1-5,8.424679653817475e-06,727.5,-99,False
2026-10-02,川崎,2,023420261002,1790925480,1790925180,2047,near_close_v2_20260805,trifecta,3連単,180,6-5-1,8.413244156121413e-06,727.5,-99,False
2026-10-02,川崎,2,023420261002,1790925480,1790925180,2047,near_close_v2_20260805,trifecta,3連単,181,1-2-6,8.056207604634981e-06,363.7,-100,False
2026-10-02,川崎,2,023420261002,1790925480,1790925180,2047,near_close_v2_20260805,trifecta,3連単,182,2-1-6,8.006412258008719e-06,529.0,-100,False
2026-10-02,川崎,2,023420261002,1790925480,1790925180,2047,near_close_v2_20260805,trifecta,3連単,183,5-2-6,7.79149640308226e-06,388.0,-100,False
2026-10-02,川崎,2,023420261002,1790925480,1790925180,2047,near_close_v2_20260805,trifecta,3連単,184,1-6-2,7.781666819049163e-06,323.3,-100,False
2026-10-02,川崎,2,023420261002,1790925480,1790925180,2047,near_close_v2_20260805,trifecta,3連単,185,2-5-6,7.75381293849212e-06,253.0,-100,False
2026-10-02,川崎,2,023420261002,1790925480,1790925180,2047,near_close_v2_20260805,trifecta,3連単,186,2-6-1,7.685544007570221e-06,1164.0,-99,False
2026-10-02,川崎,2,023420261002,1790925480,1790925180,2047,near_close_v2_20260805,trifecta,3連単,187,5-6-2,7.526336901555548e-06,646.6,-100,False
2026-10-02,川崎,2,023420261002,1790925480,1790925180,2047,near_close_v2_20260805,trifecta,3連単,188,6-1-2,7.481377974621539e-06,970.0,-99,False
2026-10-02,川崎,2,023420261002,1790925480,1790925180,2047,near_close_v2_20260805,trifecta,3連単,189,2-6-5,7.4535416966004535e-06,970.0,-99,False
2026-10-02,川崎,2,023420261002,1790925480,1790925180,2047,near_close_v2_20260805,trifecta,3連単,190,6-2-1,7.434919643635241e-06,9999.9,-93,False
2026-10-02,川崎,2,023420261002,1790925480,1790925180,2047,near_close_v2_20260805,trifecta,3連単,191,6-5-2,7.24569026321533e-06,1455.0,-99,False
2026-10-02,川崎,2,023420261002,1790925480,1790925180,2047,near_close_v2_20260805,trifecta,3連単,192,6-2-5,7.2104828910125426e-06,1940.0,-99,False
2026-10-02,川崎,2,023420261002,1790925480,1790925180,2047,near_close_v2_20260805,trifecta,3連単,193,1-3-6,5.321592152717673e-06,646.6,-100,False
2026-10-02,川崎,2,023420261002,1790925480,1790925180,2047,near_close_v2_20260805,trifecta,3連単,194,3-1-6,5.22245729141043e-06,1164.0,-99,False
2026-10-02,川崎,2,023420261002,1790925480,1790925180,2047,near_close_v2_20260805,trifecta,3連単,195,1-6-3,5.208480680315511e-06,194.0,-100,False
2026-10-02,川崎,2,023420261002,1790925480,1790925180,2047,near_close_v2_20260805,trifecta,3連単,196,5-3-6,5.1468298124939995e-06,529.0,-100,False
2026-10-02,川崎,2,023420261002,1790925480,1790925180,2047,near_close_v2_20260805,trifecta,3連単,197,3-5-6,5.057783827120691e-06,646.6,-100,False
2026-10-02,川崎,2,023420261002,1790925480,1790925180,2047,near_close_v2_20260805,trifecta,3連単,198,5-6-3,5.037581440692894e-06,1164.0,-99,False
2026-10-02,川崎,2,023420261002,1790925480,1790925180,2047,near_close_v2_20260805,trifecta,3連単,199,3-6-1,5.015793545420898e-06,415.7,-100,False
2026-10-02,川崎,2,023420261002,1790925480,1790925180,2047,near_close_v2_20260805,trifecta,3連単,200,6-1-3,5.007489211381525e-06,831.4,-100,False
2026-10-02,川崎,2,023420261002,1790925480,1790925180,2047,near_close_v2_20260805,trifecta,3連単,201,6-3-1,4.913775459228178e-06,1940.0,-99,False
2026-10-02,川崎,2,023420261002,1790925480,1790925180,2047,near_close_v2_20260805,trifecta,3連単,202,3-6-5,4.864382572724799e-06,485.0,-100,False
2026-10-02,川崎,2,023420261002,1790925480,1790925180,2047,near_close_v2_20260805,trifecta,3連単,203,6-5-3,4.849737033089598e-06,831.4,-100,False
2026-10-02,川崎,2,023420261002,1790925480,1790925180,2047,near_close_v2_20260805,trifecta,3連単,204,6-3-5,4.765444090491682e-06,1940.0,-99,False
2026-10-02,川崎,2,023420261002,1790925480,1790925180,2047,near_close_v2_20260805,trifecta,3連単,205,2-3-6,4.5258616812768955e-06,447.6,-100,False
2026-10-02,川崎,2,023420261002,1790925480,1790925180,2047,near_close_v2_20260805,trifecta,3連単,206,3-2-6,4.469174247355135e-06,388.0,-100,False
2026-10-02,川崎,2,023420261002,1790925480,1790925180,2047,near_close_v2_20260805,trifecta,3連単,207,2-6-3,4.4302609910391924e-06,646.6,-100,False
2026-10-02,川崎,2,023420261002,1790925480,1790925180,2047,near_close_v2_20260805,trifecta,3連単,208,3-6-2,4.319723257753277e-06,306.3,-100,False
2026-10-02,川崎,2,023420261002,1790925480,1790925180,2047,near_close_v2_20260805,trifecta,3連単,209,6-2-3,4.2857908869253546e-06,646.6,-100,False
2026-10-02,川崎,2,023420261002,1790925480,1790925180,2047,near_close_v2_20260805,trifecta,3連単,210,6-3-2,4.231862803440819e-06,646.6,-100,False
2026-10-02,川崎,2,023420261002,1790925480,1790925180,2047,near_close_v2_20260805,trio,3連複,1,4-5-6,0.0006356231581190072,79.4,-95,False
2026-10-02,川崎,2,023420261002,1790925480,1790925180,2047,near_close_v2_20260805,trio,3連複,2,1-2-3,0.00026186108627752067,52.9,-99,False
2026-10-02,川崎,2,023420261002,1790925480,1790925180,2047,near_close_v2_20260805,trio,3連複,3,1-5-6,5.2563835543219226e-05,317.6,-98,False
2026-10-02,川崎,2,023420261002,1790925480,1790925180,2047,near_close_v2_20260805,trio,3連複,4,1-2-6,4.644612830751986e-05,79.4,-100,False
2026-10-02,川崎,2,023420261002,1790925480,1790925180,2047,near_close_v2_20260805,trio,3連複,5,1-3-6,3.0689588340474216e-05,79.4,-100,False
2026-10-02,川崎,2,023420261002,1790925480,1790925180,2047,near_close_v2_20260805,trio,3連複,6,2-3-6,2.6262673867790673e-05,79.4,-100,False
2026-10-02,松阪,12,124720261002,1790925900,1790925600,2467,near_close_v2_20260805,exacta,2車単,1,1-5,0.3990755795626487,2.8,12,False
2026-10-02,松阪,12,124720261002,1790925900,1790925600,2467,near_close_v2_20260805,exacta,2車単,2,5-1,0.19009625904262814,2.7,-49,False
2026-10-02,松阪,12,124720261002,1790925900,1790925600,2467,near_close_v2_20260805,exacta,2車単,3,1-7,0.07511617625379773,33.3,150,False
2026-10-02,松阪,12,124720261002,1790925900,1790925600,2467,near_close_v2_20260805,exacta,2車単,4,1-3,0.04607573411239795,14.8,-32,False
2026-10-02,松阪,12,124720261002,1790925900,1790925600,2467,near_close_v2_20260805,exacta,2車単,5,1-9,0.045811649837260326,25.2,15,False
2026-10-02,松阪,12,124720261002,1790925900,1790925600,2467,near_close_v2_20260805,exacta,2車単,6,1-2,0.039415426092742456,27.5,8,False
2026-10-02,松阪,12,124720261002,1790925900,1790925600,2467,near_close_v2_20260805,exacta,2車単,7,7-1,0.028773084325922585,83.0,139,False
2026-10-02,松阪,12,124720261002,1790925900,1790925600,2467,near_close_v2_20260805,exacta,2車単,8,1-4,0.024252472551226707,57.1,38,False
2026-10-02,松阪,12,124720261002,1790925900,1790925600,2467,near_close_v2_20260805,exacta,2車単,9,3-1,0.01734468939192258,32.5,-44,False
2026-10-02,松阪,12,124720261002,1790925900,1790925600,2467,near_close_v2_20260805,exacta,2車単,10,9-1,0.01724257246450993,55.8,-4,False
2026-10-02,松阪,12,124720261002,1790925900,1790925600,2467,near_close_v2_20260805,exacta,2車単,11,2-1,0.014779009419070992,94.6,40,False
2026-10-02,松阪,12,124720261002,1790925900,1790925600,2467,near_close_v2_20260805,exacta,2車単,12,5-7,0.01303326278011682,78.1,2,False
2026-10-02,松阪,12,124720261002,1790925900,1790925600,2467,near_close_v2_20260805,exacta,2車単,13,7-5,0.010480637030513945,121.6,27,False
2026-10-02,松阪,12,124720261002,1790925900,1790925600,2467,near_close_v2_20260805,exacta,2車単,14,4-1,0.009012710840050857,157.1,42,False
2026-10-02,松阪,12,124720261002,1790925900,1790925600,2467,near_close_v2_20260805,exacta,2車単,15,5-3,0.007994511707367615,51.7,-59,False
2026-10-02,松阪,12,124720261002,1790925900,1790925600,2467,near_close_v2_20260805,exacta,2車単,16,5-9,0.007948690954427047,18.0,-86,False
2026-10-02,松阪,12,124720261002,1790925900,1790925600,2467,near_close_v2_20260805,exacta,2車単,17,5-2,0.006838894516159737,91.4,-37,False
2026-10-02,松阪,12,124720261002,1790925900,1790925600,2467,near_close_v2_20260805,exacta,2車単,18,3-5,0.006317827865258496,51.2,-68,False
2026-10-02,松阪,12,124720261002,1790925900,1790925600,2467,near_close_v2_20260805,exacta,2車単,19,9-5,0.00628063162870769,50.5,-68,False
2026-10-02,松阪,12,124720261002,1790925900,1790925600,2467,near_close_v2_20260805,exacta,2車単,20,2-5,0.005383275273422162,133.7,-28,False
2026-10-02,松阪,12,124720261002,1790925900,1790925600,2467,near_close_v2_20260805,exacta,2車単,21,5-4,0.004207999709140241,166.8,-30,False
2026-10-02,松阪,12,124720261002,1790925900,1790925600,2467,near_close_v2_20260805,exacta,2車単,22,4-5,0.0032828927863826685,317.3,4,False
2026-10-02,松阪,12,124720261002,1790925900,1790925600,2467,near_close_v2_20260805,exacta,2車単,23,1-8,0.002047939209942273,161.8,-67,False
2026-10-02,松阪,12,124720261002,1790925900,1790925600,2467,near_close_v2_20260805,exacta,2車単,24,1-6,0.0017968143305842075,160.2,-71,False
2026-10-02,松阪,12,124720261002,1790925900,1790925600,2467,near_close_v2_20260805,exacta,2車単,25,7-3,0.0012100541097396418,54.6,-93,False
2026-10-02,松阪,12,124720261002,1790925900,1790925600,2467,near_close_v2_20260805,exacta,2車単,26,7-9,0.0012031186529617127,279.0,-66,False
2026-10-02,松阪,12,124720261002,1790925900,1790925600,2467,near_close_v2_20260805,exacta,2車単,27,3-7,0.00118917592499145,34.2,-96,False
2026-10-02,松阪,12,124720261002,1790925900,1790925600,2467,near_close_v2_20260805,exacta,2車単,28,9-7,0.0011821746470285382,317.3,-62,False
2026-10-02,松阪,12,124720261002,1790925900,1790925600,2467,near_close_v2_20260805,exacta,2車単,29,7-2,0.0010351391952717367,197.3,-80,False
2026-10-02,松阪,12,124720261002,1790925900,1790925600,2467,near_close_v2_20260805,exacta,2車単,30,2-7,0.0010132693528986287,265.3,-73,False
2026-10-02,松阪,12,124720261002,1790925900,1790925600,2467,near_close_v2_20260805,exacta,2車単,31,8-1,0.0007512714894355527,437.4,-67,False
2026-10-02,松阪,12,124720261002,1790925900,1790925600,2467,near_close_v2_20260805,exacta,2車単,32,3-9,0.000725251387750906,134.8,-90,False
2026-10-02,松阪,12,124720261002,1790925900,1790925600,2467,near_close_v2_20260805,exacta,2車単,33,9-3,0.0007251376125279132,174.0,-87,False
2026-10-02,松阪,12,124720261002,1790925900,1790925600,2467,near_close_v2_20260805,exacta,2車単,34,6-1,0.0006590523427361735,505.8,-67,False
2026-10-02,松阪,12,124720261002,1790925900,1790925600,2467,near_close_v2_20260805,exacta,2車単,35,7-4,0.0006369253718317462,330.3,-79,False
2026-10-02,松阪,12,124720261002,1790925900,1790925600,2467,near_close_v2_20260805,exacta,2車単,36,3-2,0.000623991770086931,97.5,-94,False
2026-10-02,松阪,12,124720261002,1790925900,1790925600,2467,near_close_v2_20260805,exacta,2車単,37,2-3,0.000621532293266037,139.5,-91,False
2026-10-02,松阪,12,124720261002,1790925900,1790925600,2467,near_close_v2_20260805,exacta,2車単,38,9-2,0.0006203180160719567,404.6,-75,False
2026-10-02,松阪,12,124720261002,1790925900,1790925600,2467,near_close_v2_20260805,exacta,2車単,39,2-9,0.0006179699646715238,269.7,-83,False
2026-10-02,松阪,12,124720261002,1790925900,1790925600,2467,near_close_v2_20260805,exacta,2車単,40,4-7,0.0006179239367001395,330.3,-80,False
2026-10-02,松阪,12,124720261002,1790925900,1790925600,2467,near_close_v2_20260805,exacta,2車単,41,3-4,0.0003839446829933207,294.2,-89,False
2026-10-02,松阪,12,124720261002,1790925900,1790925600,2467,near_close_v2_20260805,exacta,2車単,42,9-4,0.0003816842071532656,404.6,-85,False
2026-10-02,松阪,12,124720261002,1790925900,1790925600,2467,near_close_v2_20260805,exacta,2車単,43,4-3,0.00037903019601110745,647.4,-75,False
2026-10-02,松阪,12,124720261002,1790925900,1790925600,2467,near_close_v2_20260805,exacta,2車単,44,4-9,0.00037685777452945097,952.1,-64,False
2026-10-02,松阪,12,124720261002,1790925900,1790925600,2467,near_close_v2_20260805,exacta,2車単,45,5-8,0.00035533398013630935,337.2,-88,False
2026-10-02,松阪,12,124720261002,1790925900,1790925600,2467,near_close_v2_20260805,exacta,2車単,46,2-4,0.00032715040080239454,149.8,-95,False
2026-10-02,松阪,12,124720261002,1790925900,1790925600,2467,near_close_v2_20260805,exacta,2車単,47,4-2,0.00032424088222554376,204.8,-93,False
2026-10-02,松阪,12,124720261002,1790925900,1790925600,2467,near_close_v2_20260805,exacta,2車単,48,5-6,0.0003117617869479836,558.1,-83,False
2026-10-02,松阪,12,124720261002,1790925900,1790925600,2467,near_close_v2_20260805,exacta,2車単,49,8-5,0.0002736517122376714,952.1,-74,False
2026-10-02,松阪,12,124720261002,1790925900,1790925600,2467,near_close_v2_20260805,exacta,2車単,50,6-5,0.0002400607564377348,1471.4,-65,False
2026-10-02,松阪,12,124720261002,1790925900,1790925600,2467,near_close_v2_20260805,exacta,2車単,51,7-8,5.378356536745439e-05,385.3,-98,False
2026-10-02,松阪,12,124720261002,1790925900,1790925600,2467,near_close_v2_20260805,exacta,2車単,52,8-7,5.150821373516677e-05,647.4,-97,False
2026-10-02,松阪,12,124720261002,1790925900,1790925600,2467,near_close_v2_20260805,exacta,2車単,53,7-6,4.7188451948668224e-05,425.9,-98,False
2026-10-02,松阪,12,124720261002,1790925900,1790925600,2467,near_close_v2_20260805,exacta,2車単,54,6-7,4.518554132517667e-05,952.1,-96,False
2026-10-02,松阪,12,124720261002,1790925900,1790925600,2467,near_close_v2_20260805,exacta,2車単,55,3-8,3.242124567258221e-05,86.5,-100,False
2026-10-02,松阪,12,124720261002,1790925900,1790925600,2467,near_close_v2_20260805,exacta,2車単,56,9-8,3.2230365460422485e-05,1011.6,-97,False
2026-10-02,松阪,12,124720261002,1790925900,1790925600,2467,near_close_v2_20260805,exacta,2車単,57,8-3,3.1594775972720246e-05,283.9,-99,False
2026-10-02,松阪,12,124720261002,1790925900,1790925600,2467,near_close_v2_20260805,exacta,2車単,58,8-9,3.141368968789758e-05,1618.5,-95,False
2026-10-02,松阪,12,124720261002,1790925900,1790925600,2467,near_close_v2_20260805,exacta,2車単,59,3-6,2.844564846313432e-05,505.8,-99,False
2026-10-02,松阪,12,124720261002,1790925900,1790925600,2467,near_close_v2_20260805,exacta,2車単,60,9-6,2.8278174595273168e-05,1079.0,-97,False
2026-10-02,松阪,12,124720261002,1790925900,1790925600,2467,near_close_v2_20260805,exacta,2車単,61,6-3,2.7716493193013806e-05,1011.6,-97,False
2026-10-02,松阪,12,124720261002,1790925900,1790925600,2467,near_close_v2_20260805,exacta,2車単,62,2-8,2.762539497514721e-05,703.7,-98,False
2026-10-02,松阪,12,124720261002,1790925900,1790925600,2467,near_close_v2_20260805,exacta,2車単,63,6-9,2.7557635387376272e-05,1348.8,-96,False
2026-10-02,松阪,12,124720261002,1790925900,1790925600,2467,near_close_v2_20260805,exacta,2車単,64,8-2,2.7027709514766513e-05,2023.2,-95,False
2026-10-02,松阪,12,124720261002,1790925900,1790925600,2467,near_close_v2_20260805,exacta,2車単,65,2-6,2.4237880371845925e-05,241.5,-99,False
2026-10-02,松阪,12,124720261002,1790925900,1790925600,2467,near_close_v2_20260805,exacta,2車単,66,6-2,2.3710037616205427e-05,522.1,-99,False
2026-10-02,松阪,12,124720261002,1790925900,1790925600,2467,near_close_v2_20260805,exacta,2車単,67,4-8,1.6846846070204793e-05,1471.4,-98,False
2026-10-02,松阪,12,124720261002,1790925900,1790925600,2467,near_close_v2_20260805,exacta,2車単,68,8-4,1.6630259979609826e-05,1798.4,-97,False
2026-10-02,松阪,12,124720261002,1790925900,1790925600,2467,near_close_v2_20260805,exacta,2車単,69,4-6,1.4781031730401548e-05,1245.0,-98,False
2026-10-02,松阪,12,124720261002,1790925900,1790925600,2467,near_close_v2_20260805,exacta,2車単,70,6-4,1.4588882919153684e-05,1011.6,-99,False
2026-10-02,松阪,12,124720261002,1790925900,1790925600,2467,near_close_v2_20260805,exacta,2車単,71,8-6,1.2321007431134085e-06,3237.1,-100,False
2026-10-02,松阪,12,124720261002,1790925900,1790925600,2467,near_close_v2_20260805,exacta,2車単,72,6-8,1.2319216235080622e-06,3237.1,-100,False
2026-10-02,松阪,12,124720261002,1790925900,1790925600,2467,near_close_v2_20260805,quinella,2車複,1,1-5,0.5891718386052769,1.1,-35,False
2026-10-02,松阪,12,124720261002,1790925900,1790925600,2467,near_close_v2_20260805,quinella,2車複,2,1-7,0.10388926057972031,41.6,332,False
2026-10-02,松阪,12,124720261002,1790925900,1790925600,2467,near_close_v2_20260805,quinella,2車複,3,1-3,0.06342042350432053,24.4,55,False
2026-10-02,松阪,12,124720261002,1790925900,1790925600,2467,near_close_v2_20260805,quinella,2車複,4,1-9,0.06305422230177025,23.4,48,False
2026-10-02,松阪,12,124720261002,1790925900,1790925600,2467,near_close_v2_20260805,quinella,2車複,5,1-2,0.05419443551181345,39.3,113,False
2026-10-02,松阪,12,124720261002,1790925900,1790925600,2467,near_close_v2_20260805,quinella,2車複,6,1-4,0.03326518339127756,40.2,34,False
2026-10-02,松阪,12,124720261002,1790925900,1790925600,2467,near_close_v2_20260805,quinella,2車複,7,5-7,0.023513899810630765,83.3,96,False
2026-10-02,松阪,12,124720261002,1790925900,1790925600,2467,near_close_v2_20260805,quinella,2車複,8,5-9,0.014229322583134738,25.6,-64,False
2026-10-02,松阪,12,124720261002,1790925900,1790925600,2467,near_close_v2_20260805,quinella,2車複,9,1-8,0.002799210699377826,52.1,-85,False
2026-10-02,松阪,12,124720261002,1790925900,1790925600,2467,near_close_v2_20260805,quinella,2車複,10,1-6,0.002455866673320381,52.5,-87,False
2026-10-02,松阪,12,124720261002,1790925900,1790925600,2467,near_close_v2_20260805,quinella,2車複,11,7-9,0.0023852932999902507,190.7,-55,False
2026-10-02,松阪,12,124720261002,1790925900,1790925600,2467,near_close_v2_20260805,quinella,2車複,12,3-9,0.0014503890002788193,99.2,-86,False
2026-10-02,松阪,12,124720261002,1790925900,1790925600,2467,near_close_v2_20260805,quinella,2車複,13,3-4,0.0007629748790044281,258.8,-80,False
2026-10-02,松阪,12,124720261002,1790925900,1790925600,2467,near_close_v2_20260805,quinella,2車複,14,2-4,0.0006513912830279383,96.6,-94,False
2026-10-02,松阪,12,124720261002,1790925900,1790925600,2467,near_close_v2_20260805,quinella,2車複,15,5-8,0.0006289856923739807,55.7,-96,False
2026-10-02,松阪,12,124720261002,1790925900,1790925600,2467,near_close_v2_20260805,quinella,2車複,16,5-6,0.0005518225433857184,57.5,-97,False
2026-10-02,松阪,12,124720261002,1790925900,1790925600,2467,near_close_v2_20260805,quinella,2車複,17,7-8,0.00010529177910262115,345.1,-96,False
2026-10-02,松阪,12,124720261002,1790925900,1790925600,2467,near_close_v2_20260805,quinella,2車複,18,3-8,6.401602164530246e-05,136.7,-99,False
2026-10-02,松阪,12,124720261002,1790925900,1790925600,2467,near_close_v2_20260805,quinella,2車複,19,3-6,5.6162141656148124e-05,241.6,-99,False
2026-10-02,松阪,12,124720261002,1790925900,1790925600,2467,near_close_v2_20260805,quinella,2車複,20,2-8,5.4653104489913724e-05,483.2,-97,False
2026-10-02,松阪,12,124720261002,1790925900,1790925600,2467,near_close_v2_20260805,quinella,2車複,21,2-6,4.794791798805135e-05,190.7,-99,False
2026-10-02,松阪,12,124720261002,1790925900,1790925600,2467,near_close_v2_20260805,quinella,2車複,22,4-8,3.347710604981462e-05,517.7,-98,False
2026-10-02,松阪,12,124720261002,1790925900,1790925600,2467,near_close_v2_20260805,quinella,2車複,23,4-6,2.936991464955523e-05,345.1,-99,False
2026-10-02,松阪,12,124720261002,1790925900,1790925600,2467,near_close_v2_20260805,quinella_place,ワイド,1,1-5,0.873316131629833,1.0,-13,False
2026-10-02,松阪,12,124720261002,1790925900,1790925600,2467,near_close_v2_20260805,quinella_place,ワイド,2,1-7,0.3464977537384192,6.1,111,False
2026-10-02,松阪,12,124720261002,1790925900,1790925600,2467,near_close_v2_20260805,quinella_place,ワイド,3,5-7,0.29139152583734257,7.5,119,False
2026-10-02,松阪,12,124720261002,1790925900,1790925600,2467,near_close_v2_20260805,quinella_place,ワイド,4,1-3,0.2160205995533301,4.3,-7,False
2026-10-02,松阪,12,124720261002,1790925900,1790925600,2467,near_close_v2_20260805,quinella_place,ワイド,5,1-9,0.21481202692347007,1.6,-66,False
2026-10-02,松阪,12,124720261002,1790925900,1790925600,2467,near_close_v2_20260805,quinella_place,ワイド,6,1-2,0.185427327444008,6.9,28,False
2026-10-02,松阪,12,124720261002,1790925900,1790925600,2467,near_close_v2_20260805,quinella_place,ワイド,7,5-9,0.17569530088604246,2.3,-60,False
2026-10-02,松阪,12,124720261002,1790925900,1790925600,2467,near_close_v2_20260805,quinella_place,ワイド,8,1-4,0.11494135476981243,12.5,44,False
2026-10-02,松阪,12,124720261002,1790925900,1790925600,2467,near_close_v2_20260805,quinella_place,ワイド,9,7-9,0.02098600683999596,22.4,-53,False
2026-10-02,松阪,12,124720261002,1790925900,1790925600,2467,near_close_v2_20260805,quinella_place,ワイド,10,3-9,0.01261430276288474,20.4,-74,False
2026-10-02,松阪,12,124720261002,1790925900,1790925600,2467,near_close_v2_20260805,quinella_place,ワイド,11,1-8,0.009802988165552017,11.9,-88,False
2026-10-02,松阪,12,124720261002,1790925900,1790925600,2467,near_close_v2_20260805,quinella_place,ワイド,12,1-6,0.00860183427707021,31.8,-73,False
2026-10-02,松阪,12,124720261002,1790925900,1790925600,2467,near_close_v2_20260805,quinella_place,ワイド,13,5-8,0.007735784642336631,16.4,-87,False
2026-10-02,松阪,12,124720261002,1790925900,1790925600,2467,near_close_v2_20260805,quinella_place,ワイド,14,5-6,0.006786645160980828,20.7,-86,False
2026-10-02,松阪,12,124720261002,1790925900,1790925600,2467,near_close_v2_20260805,quinella_place,ワイド,15,3-4,0.006584998419274997,56.1,-63,False
2026-10-02,松阪,12,124720261002,1790925900,1790925600,2467,near_close_v2_20260805,quinella_place,ワイド,16,2-4,0.005607811687882602,25.3,-86,False
2026-10-02,松阪,12,124720261002,1790925900,1790925600,2467,near_close_v2_20260805,quinella_place,ワイド,17,7-8,0.000913243713437155,29.1,-97,False
2026-10-02,松阪,12,124720261002,1790925900,1790925600,2467,near_close_v2_20260805,quinella_place,ワイド,18,3-8,0.0005485322498535663,22.9,-99,False
2026-10-02,松阪,12,124720261002,1790925900,1790925600,2467,near_close_v2_20260805,quinella_place,ワイド,19,3-6,0.00048119749159890334,89.2,-96,False
2026-10-02,松阪,12,124720261002,1790925900,1790925600,2467,near_close_v2_20260805,quinella_place,ワイド,20,2-8,0.0004670944599470091,51.5,-98,False
2026-10-02,松阪,12,124720261002,1790925900,1790925600,2467,near_close_v2_20260805,quinella_place,ワイド,21,2-6,0.0004097561819437135,38.9,-98,False
2026-10-02,松阪,12,124720261002,1790925900,1790925600,2467,near_close_v2_20260805,quinella_place,ワイド,22,4-8,0.0002845059726113924,57.3,-98,False
2026-10-02,松阪,12,124720261002,1790925900,1790925600,2467,near_close_v2_20260805,quinella_place,ワイド,23,4-6,0.00024958088089417196,31.4,-99,False
2026-10-02,松阪,12,124720261002,1790925900,1790925600,2467,near_close_v2_20260805,trifecta,3連単,1,1-5-7,0.12782498603305298,28.6,266,True
2026-10-02,松阪,12,124720261002,1790925900,1790925600,2467,near_close_v2_20260805,trifecta,3連単,2,1-5-3,0.07840694725301812,11.4,-11,False
2026-10-02,松阪,12,124720261002,1790925900,1790925600,2467,near_close_v2_20260805,trifecta,3連単,3,1-5-9,0.0779575557841691,5.1,-60,False
2026-10-02,松阪,12,124720261002,1790925900,1790925600,2467,near_close_v2_20260805,trifecta,3連単,4,1-5-2,0.06707311981334926,20.9,40,False
2026-10-02,松阪,12,124720261002,1790925900,1790925600,2467,near_close_v2_20260805,trifecta,3連単,5,5-1-7,0.0608883452194423,42.8,161,True
2026-10-02,松阪,12,124720261002,1790925900,1790925600,2467,near_close_v2_20260805,trifecta,3連単,6,1-7-5,0.05367652719378349,118.0,533,True
2026-10-02,松阪,12,124720261002,1790925900,1790925600,2467,near_close_v2_20260805,trifecta,3連単,7,1-5-4,0.04127036438400738,54.9,127,True
2026-10-02,松阪,12,124720261002,1790925900,1790925600,2467,near_close_v2_20260805,trifecta,3連単,8,5-1-3,0.03734848264102209,17.5,-35,False
2026-10-02,松阪,12,124720261002,1790925900,1790925600,2467,near_close_v2_20260805,trifecta,3連単,9,5-1-9,0.03713441883594665,4.3,-84,False
2026-10-02,松阪,12,124720261002,1790925900,1790925600,2467,near_close_v2_20260805,trifecta,3連単,10,5-1-2,0.03194971031003432,29.6,-5,False
2026-10-02,松阪,12,124720261002,1790925900,1790925600,2467,near_close_v2_20260805,trifecta,3連単,11,1-3-5,0.03129735783280251,46.2,45,False
2026-10-02,松阪,12,124720261002,1790925900,1790925600,2467,near_close_v2_20260805,trifecta,3連単,12,1-9-5,0.03110399518396874,51.9,61,False
2026-10-02,松阪,12,124720261002,1790925900,1790925600,2467,near_close_v2_20260805,trifecta,3連単,13,1-2-5,0.02647317348100799,116.2,208,True
2026-10-02,松阪,12,124720261002,1790925900,1790925600,2467,near_close_v2_20260805,trifecta,3連単,14,7-1-5,0.020560674415203945,302.4,522,True
2026-10-02,松阪,12,124720261002,1790925900,1790925600,2467,near_close_v2_20260805,trifecta,3連単,15,5-1-4,0.01965878715837165,74.1,46,False
2026-10-02,松阪,12,124720261002,1790925900,1790925600,2467,near_close_v2_20260805,trifecta,3連単,16,1-4-5,0.015883710817723374,261.1,315,True
2026-10-02,松阪,12,124720261002,1790925900,1790925600,2467,near_close_v2_20260805,trifecta,3連単,17,3-1-5,0.011781536656010607,104.4,23,False
2026-10-02,松阪,12,124720261002,1790925900,1790925600,2467,near_close_v2_20260805,trifecta,3連単,18,9-1-5,0.011706910639554079,98.5,15,False
2026-10-02,松阪,12,124720261002,1790925900,1790925600,2467,near_close_v2_20260805,trifecta,3連単,19,5-7-1,0.011377888517098807,215.2,145,True
2026-10-02,松阪,12,124720261002,1790925900,1790925600,2467,near_close_v2_20260805,trifecta,3連単,20,2-1-5,0.009926247639894414,348.2,246,False
2026-10-02,松阪,12,124720261002,1790925900,1790925600,2467,near_close_v2_20260805,trifecta,3連単,21,7-5-1,0.009149475594345096,402.0,268,False
2026-10-02,松阪,12,124720261002,1790925900,1790925600,2467,near_close_v2_20260805,trifecta,3連単,22,5-3-1,0.006821274486051011,104.1,-29,False
2026-10-02,松阪,12,124720261002,1790925900,1790925600,2467,near_close_v2_20260805,trifecta,3連単,23,5-9-1,0.006780783597149492,22.4,-85,False
2026-10-02,松阪,12,124720261002,1790925900,1790925600,2467,near_close_v2_20260805,trifecta,3連単,24,1-7-3,0.00619728573161018,131.3,-19,False
2026-10-02,松阪,12,124720261002,1790925900,1790925600,2467,near_close_v2_20260805,trifecta,3連単,25,1-7-9,0.006161765826354614,265.1,63,False
2026-10-02,松阪,12,124720261002,1790925900,1790925600,2467,near_close_v2_20260805,trifecta,3連単,26,4-1-5,0.005902709192423666,660.4,290,False
2026-10-02,松阪,12,124720261002,1790925900,1790925600,2467,near_close_v2_20260805,trifecta,3連単,27,1-3-7,0.005890958925182516,73.3,-57,False
2026-10-02,松阪,12,124720261002,1790925900,1790925600,2467,near_close_v2_20260805,trifecta,3連単,28,1-9-7,0.005854563155672848,256.9,50,False
2026-10-02,松阪,12,124720261002,1790925900,1790925600,2467,near_close_v2_20260805,trifecta,3連単,29,5-2-1,0.005805139178121404,199.8,16,False
2026-10-02,松阪,12,124720261002,1790925900,1790925600,2467,near_close_v2_20260805,trifecta,3連単,30,3-5-1,0.005390652938169275,174.5,-6,False
2026-10-02,松阪,12,124720261002,1790925900,1790925600,2467,near_close_v2_20260805,trifecta,3連単,31,9-5-1,0.005357813528271609,81.7,-56,False
2026-10-02,松阪,12,124720261002,1790925900,1790925600,2467,near_close_v2_20260805,trifecta,3連単,32,1-7-2,0.0053014599210511795,305.1,62,False
2026-10-02,松阪,12,124720261002,1790925900,1790925600,2467,near_close_v2_20260805,trifecta,3連単,33,1-2-7,0.00498292470658327,333.8,66,False
2026-10-02,松阪,12,124720261002,1790925900,1790925600,2467,near_close_v2_20260805,trifecta,3連単,34,2-5-1,0.004569548795132386,432.6,98,False
2026-10-02,松阪,12,124720261002,1790925900,1790925600,2467,near_close_v2_20260805,trifecta,3連単,35,1-3-9,0.0035927620513364527,139.4,-50,False
2026-10-02,松阪,12,124720261002,1790925900,1790925600,2467,near_close_v2_20260805,trifecta,3連単,36,1-9-3,0.003591147856003725,186.4,-33,False
2026-10-02,松阪,12,124720261002,1790925900,1790925600,2467,near_close_v2_20260805,trifecta,3連単,37,5-4-1,0.0035304507909308938,405.6,43,False
2026-10-02,松阪,12,124720261002,1790925900,1790925600,2467,near_close_v2_20260805,trifecta,3連単,38,1-5-8,0.003484972398261255,87.9,-69,False
2026-10-02,松阪,12,124720261002,1790925900,1790925600,2467,near_close_v2_20260805,trifecta,3連単,39,1-7-4,0.003262009927640905,420.6,37,False
2026-10-02,松阪,12,124720261002,1790925900,1790925600,2467,near_close_v2_20260805,trifecta,3連単,40,1-3-2,0.0030911405200710496,144.0,-55,False
2026-10-02,松阪,12,124720261002,1790925900,1790925600,2467,near_close_v2_20260805,trifecta,3連単,41,1-9-2,0.0030720427060615904,268.8,-17,False
2026-10-02,松阪,12,124720261002,1790925900,1790925600,2467,near_close_v2_20260805,trifecta,3連単,42,1-5-6,0.003057633896790689,158.9,-51,False
2026-10-02,松阪,12,124720261002,1790925900,1790925600,2467,near_close_v2_20260805,trifecta,3連単,43,1-2-3,0.003056490962837337,201.4,-38,False
2026-10-02,松阪,12,124720261002,1790925900,1790925600,2467,near_close_v2_20260805,trifecta,3連単,44,1-2-9,0.0030389726049438615,307.1,-7,False
2026-10-02,松阪,12,124720261002,1790925900,1790925600,2467,near_close_v2_20260805,trifecta,3連単,45,1-4-7,0.0029897184454534143,522.7,56,False
2026-10-02,松阪,12,124720261002,1790925900,1790925600,2467,near_close_v2_20260805,trifecta,3連単,46,4-5-1,0.0027542994855848154,846.4,133,False
2026-10-02,松阪,12,124720261002,1790925900,1790925600,2467,near_close_v2_20260805,trifecta,3連単,47,7-1-3,0.002373856522528212,362.1,-14,False
2026-10-02,松阪,12,124720261002,1790925900,1790925600,2467,near_close_v2_20260805,trifecta,3連単,48,7-1-9,0.002360250701783103,512.9,21,False
2026-10-02,松阪,12,124720261002,1790925900,1790925600,2467,near_close_v2_20260805,trifecta,3連単,49,3-1-7,0.0022175849120192595,168.1,-63,False
2026-10-02,松阪,12,124720261002,1790925900,1790925600,2467,near_close_v2_20260805,trifecta,3連単,50,9-1-7,0.002203538397292875,683.5,51,False
2026-10-02,松阪,12,124720261002,1790925900,1790925600,2467,near_close_v2_20260805,trifecta,3連単,51,7-1-2,0.0020307124372720233,778.9,58,False
2026-10-02,松阪,12,124720261002,1790925900,1790925600,2467,near_close_v2_20260805,trifecta,3連単,52,1-3-4,0.0019019913786701794,318.2,-39,False
2026-10-02,松阪,12,124720261002,1790925900,1790925600,2467,near_close_v2_20260805,trifecta,3連単,53,1-9-4,0.0018902404157613167,457.9,-13,False
2026-10-02,松阪,12,124720261002,1790925900,1790925600,2467,near_close_v2_20260805,trifecta,3連単,54,2-1-7,0.0018683723220405705,1020.1,91,False
2026-10-02,松阪,12,124720261002,1790925900,1790925600,2467,near_close_v2_20260805,trifecta,3連単,55,1-4-3,0.0018338722633885226,520.7,-5,False
2026-10-02,松阪,12,124720261002,1790925900,1790925600,2467,near_close_v2_20260805,trifecta,3連単,56,1-4-9,0.0018233613765475112,641.7,17,False
2026-10-02,松阪,12,124720261002,1790925900,1790925600,2467,near_close_v2_20260805,trifecta,3連単,57,5-1-8,0.0016600369696945626,132.7,-78,False
2026-10-02,松阪,12,124720261002,1790925900,1790925600,2467,near_close_v2_20260805,trifecta,3連単,58,1-2-4,0.0016088178432156323,227.8,-63,False
2026-10-02,松阪,12,124720261002,1790925900,1790925600,2467,near_close_v2_20260805,trifecta,3連単,59,1-4-2,0.0015687836136217075,333.4,-48,False
2026-10-02,松阪,12,124720261002,1790925900,1790925600,2467,near_close_v2_20260805,trifecta,3連単,60,5-1-6,0.0014564779081166427,209.5,-69,False
2026-10-02,松阪,12,124720261002,1790925900,1790925600,2467,near_close_v2_20260805,trifecta,3連単,61,3-1-9,0.0013524546714221467,397.3,-46,False
2026-10-02,松阪,12,124720261002,1790925900,1790925600,2467,near_close_v2_20260805,trifecta,3連単,62,9-1-3,0.0013516349521983672,627.0,-15,False
2026-10-02,松阪,12,124720261002,1790925900,1790925600,2467,near_close_v2_20260805,trifecta,3連単,63,1-8-5,0.0012941025766779188,649.4,-16,False
2026-10-02,松阪,12,124720261002,1790925900,1790925600,2467,near_close_v2_20260805,trifecta,3連単,64,7-1-4,0.0012495056511248213,831.0,4,False
2026-10-02,松阪,12,124720261002,1790925900,1790925600,2467,near_close_v2_20260805,trifecta,3連単,65,3-1-2,0.0011636249149417634,380.7,-56,False
2026-10-02,松阪,12,124720261002,1790925900,1790925600,2467,near_close_v2_20260805,trifecta,3連単,66,9-1-2,0.0011562543405772244,821.0,-5,False
2026-10-02,松阪,12,124720261002,1790925900,1790925600,2467,near_close_v2_20260805,trifecta,3連単,67,2-1-3,0.0011460464393507053,681.8,-22,False
2026-10-02,松阪,12,124720261002,1790925900,1790925600,2467,near_close_v2_20260805,trifecta,3連単,68,2-1-9,0.0011394778442096773,1134.4,29,False
2026-10-02,松阪,12,124720261002,1790925900,1790925600,2467,near_close_v2_20260805,trifecta,3連単,69,1-6-5,0.0011349642617381383,976.4,11,False
2026-10-02,松阪,12,124720261002,1790925900,1790925600,2467,near_close_v2_20260805,trifecta,3連単,70,4-1-7,0.0011110400304597012,1259.9,40,False
2026-10-02,松阪,12,124720261002,1790925900,1790925600,2467,near_close_v2_20260805,trifecta,3連単,71,7-3-1,0.0008244634307921433,299.1,-75,False
2026-10-02,松阪,12,124720261002,1790925900,1790925600,2467,near_close_v2_20260805,trifecta,3連単,72,7-9-1,0.0008196033927534416,1143.9,-6,False
2026-10-02,松阪,12,124720261002,1790925900,1790925600,2467,near_close_v2_20260805,trifecta,3連単,73,3-7-1,0.0008102381993023629,171.9,-86,False
2026-10-02,松阪,12,124720261002,1790925900,1790925600,2467,near_close_v2_20260805,trifecta,3連単,74,9-7-1,0.0008053356575816686,983.4,-21,False
2026-10-02,松阪,12,124720261002,1790925900,1790925600,2467,near_close_v2_20260805,trifecta,3連単,75,3-1-4,0.0007159831595666782,721.3,-48,False
2026-10-02,松阪,12,124720261002,1790925900,1790925600,2467,near_close_v2_20260805,trifecta,3連単,76,9-1-4,0.0007114480150767478,1204.4,-14,False
2026-10-02,松阪,12,124720261002,1790925900,1790925600,2467,near_close_v2_20260805,trifecta,3連単,77,7-2-1,0.000702376931833319,1242.7,-13,False
2026-10-02,松阪,12,124720261002,1790925900,1790925600,2467,near_close_v2_20260805,trifecta,3連単,78,2-7-1,0.0006875375045796061,1494.0,3,False
2026-10-02,松阪,12,124720261002,1790925900,1790925600,2467,near_close_v2_20260805,trifecta,3連単,79,4-1-3,0.0006815041391181509,1510.5,3,False
2026-10-02,松阪,12,124720261002,1790925900,1790925600,2467,near_close_v2_20260805,trifecta,3連単,80,4-1-9,0.0006775980803206226,2377.4,61,False
2026-10-02,松阪,12,124720261002,1790925900,1790925600,2467,near_close_v2_20260805,trifecta,3連単,81,2-1-4,0.0006032342261760126,818.5,-51,False
2026-10-02,松阪,12,124720261002,1790925900,1790925600,2467,near_close_v2_20260805,trifecta,3連単,82,4-1-2,0.0005829918186823125,1120.5,-35,False
2026-10-02,松阪,12,124720261002,1790925900,1790925600,2467,near_close_v2_20260805,trifecta,3連単,83,3-9-1,0.0004853016622323567,792.4,-62,False
2026-10-02,松阪,12,124720261002,1790925900,1790925600,2467,near_close_v2_20260805,trifecta,3連単,84,9-3-1,0.00048522552958956295,994.2,-52,False
2026-10-02,松阪,12,124720261002,1790925900,1790925600,2467,near_close_v2_20260805,trifecta,3連単,85,5-7-3,0.000478497911601051,374.5,-82,False
2026-10-02,松阪,12,124720261002,1790925900,1790925600,2467,near_close_v2_20260805,trifecta,3連単,86,5-7-9,0.0004757553883059955,397.9,-81,False
2026-10-02,松阪,12,124720261002,1790925900,1790925600,2467,near_close_v2_20260805,trifecta,3連単,87,8-1-5,0.0004747320455330367,1589.5,-25,False
2026-10-02,松阪,12,124720261002,1790925900,1790925600,2467,near_close_v2_20260805,trifecta,3連単,88,5-3-7,0.00046767602539760127,295.8,-86,False
2026-10-02,松阪,12,124720261002,1790925900,1790925600,2467,near_close_v2_20260805,trifecta,3連単,89,5-9-7,0.0004648999139795661,221.2,-90,False
2026-10-02,松阪,12,124720261002,1790925900,1790925600,2467,near_close_v2_20260805,trifecta,3連単,90,7-4-1,0.00042815468892907165,1502.2,-36,False
2026-10-02,松阪,12,124720261002,1790925900,1790925600,2467,near_close_v2_20260805,trifecta,3連単,91,6-1-5,0.00041629279268779563,3505.2,46,False
2026-10-02,松阪,12,124720261002,1790925900,1790925600,2467,near_close_v2_20260805,trifecta,3連単,92,3-2-1,0.00041591902460817276,624.2,-74,False
2026-10-02,松阪,12,124720261002,1790925900,1790925600,2467,near_close_v2_20260805,trifecta,3連単,93,4-7-1,0.000415381522860052,1822.7,-24,False
2026-10-02,松阪,12,124720261002,1790925900,1790925600,2467,near_close_v2_20260805,trifecta,3連単,94,2-3-1,0.00041427967093488614,876.3,-64,False
2026-10-02,松阪,12,124720261002,1790925900,1790925600,2467,near_close_v2_20260805,trifecta,3連単,95,9-2-1,0.00041340388058430124,1687.6,-30,False
2026-10-02,松阪,12,124720261002,1790925900,1790925600,2467,near_close_v2_20260805,trifecta,3連単,96,2-9-1,0.00041183904845690776,1469.9,-39,False
2026-10-02,松阪,12,124720261002,1790925900,1790925600,2467,near_close_v2_20260805,trifecta,3連単,97,5-7-2,0.00040933040858849774,838.6,-66,False
2026-10-02,松阪,12,124720261002,1790925900,1790925600,2467,near_close_v2_20260805,trifecta,3連単,98,5-2-7,0.000398008381462369,695.6,-72,False
2026-10-02,松阪,12,124720261002,1790925900,1790925600,2467,near_close_v2_20260805,trifecta,3連単,99,7-5-3,0.0003847818474895058,661.9,-75,False
2026-10-02,松阪,12,124720261002,1790925900,1790925600,2467,near_close_v2_20260805,trifecta,3連単,100,7-5-9,0.0003825764602669712,873.5,-67,False
2026-10-02,松阪,12,124720261002,1790925900,1790925600,2467,near_close_v2_20260805,trifecta,3連単,101,3-5-7,0.0003695906308383167,358.8,-87,False
2026-10-02,松阪,12,124720261002,1790925900,1790925600,2467,near_close_v2_20260805,trifecta,3連単,102,9-5-7,0.0003673391154171517,613.0,-77,False
2026-10-02,松阪,12,124720261002,1790925900,1790925600,2467,near_close_v2_20260805,trifecta,3連単,103,7-5-2,0.000329161124911314,1380.8,-55,False
2026-10-02,松阪,12,124720261002,1790925900,1790925600,2467,near_close_v2_20260805,trifecta,3連単,104,2-5-7,0.0003132945936625267,1380.8,-57,False
2026-10-02,松阪,12,124720261002,1790925900,1790925600,2467,near_close_v2_20260805,trifecta,3連単,105,7-3-5,0.00030031198133596837,389.4,-88,False
2026-10-02,松阪,12,124720261002,1790925900,1790925600,2467,near_close_v2_20260805,trifecta,3連単,106,7-9-5,0.0002985417055441502,1535.9,-54,False
2026-10-02,松阪,12,124720261002,1790925900,1790925600,2467,near_close_v2_20260805,trifecta,3連単,107,3-7-5,0.00029513042046363933,232.4,-93,False
2026-10-02,松阪,12,124720261002,1790925900,1790925600,2467,near_close_v2_20260805,trifecta,3連単,108,9-7-5,0.0002933446626449943,1527.4,-55,False
2026-10-02,松阪,12,124720261002,1790925900,1790925600,2467,near_close_v2_20260805,trifecta,3連単,109,5-8-1,0.00029313568398980114,787.9,-77,False
2026-10-02,松阪,12,124720261002,1790925900,1790925600,2467,near_close_v2_20260805,trifecta,3連単,110,5-3-9,0.00028522498589927047,251.0,-93,False
2026-10-02,松阪,12,124720261002,1790925900,1790925600,2467,near_close_v2_20260805,trifecta,3連単,111,5-9-3,0.0002851663369155612,150.8,-96,False
2026-10-02,松阪,12,124720261002,1790925900,1790925600,2467,near_close_v2_20260805,trifecta,3連単,112,1-7-8,0.0002754522459483772,622.7,-83,False
2026-10-02,松阪,12,124720261002,1790925900,1790925600,2467,near_close_v2_20260805,trifecta,3連単,113,5-6-1,0.00025714182265600333,1387.8,-64,False
2026-10-02,松阪,12,124720261002,1790925900,1790925600,2467,near_close_v2_20260805,trifecta,3連単,114,7-2-5,0.0002558417998489988,1708.7,-56,False
2026-10-02,松阪,12,124720261002,1790925900,1790925600,2467,near_close_v2_20260805,trifecta,3連単,115,3-4-1,0.0002535774566135143,1271.6,-68,False
2026-10-02,松阪,12,124720261002,1790925900,1790925600,2467,near_close_v2_20260805,trifecta,3連単,116,9-4-1,0.00025204439401527574,2040.3,-49,False
2026-10-02,松阪,12,124720261002,1790925900,1790925600,2467,near_close_v2_20260805,trifecta,3連単,117,5-7-4,0.0002518626711104579,1416.6,-64,False
2026-10-02,松阪,12,124720261002,1790925900,1790925600,2467,near_close_v2_20260805,trifecta,3連単,118,2-7-5,0.0002504365172930803,1885.5,-53,False
2026-10-02,松阪,12,124720261002,1790925900,1790925600,2467,near_close_v2_20260805,trifecta,3連単,119,4-3-1,0.00025033166844477556,1872.6,-53,False
2026-10-02,松阪,12,124720261002,1790925900,1790925600,2467,near_close_v2_20260805,trifecta,3連単,120,4-9-1,0.00024885726899640784,3294.0,-18,False
2026-10-02,松阪,12,124720261002,1790925900,1790925600,2467,near_close_v2_20260805,trifecta,3連単,121,5-3-2,0.00024540186593263556,390.0,-90,False
2026-10-02,松阪,12,124720261002,1790925900,1790925600,2467,near_close_v2_20260805,trifecta,3連単,122,5-2-3,0.00024413554141527284,511.9,-88,False
2026-10-02,松阪,12,124720261002,1790925900,1790925600,2467,near_close_v2_20260805,trifecta,3連単,123,5-9-2,0.00024394516752385237,235.4,-94,False
2026-10-02,松阪,12,124720261002,1790925900,1790925600,2467,near_close_v2_20260805,trifecta,3連単,124,1-8-7,0.00024358302591895921,1454.2,-65,False
2026-10-02,松阪,12,124720261002,1790925900,1790925600,2467,near_close_v2_20260805,trifecta,3連単,125,5-2-9,0.00024273627217448967,451.1,-89,False
2026-10-02,松阪,12,124720261002,1790925900,1790925600,2467,near_close_v2_20260805,trifecta,3連単,126,5-4-7,0.0002420525954703578,1834.9,-56,False
2026-10-02,松阪,12,124720261002,1790925900,1790925600,2467,near_close_v2_20260805,trifecta,3連単,127,1-7-6,0.0002416754074089929,1047.5,-75,False
2026-10-02,松阪,12,124720261002,1790925900,1790925600,2467,near_close_v2_20260805,trifecta,3連単,128,8-5-1,0.0002257512265249668,2169.8,-51,False
2026-10-02,松阪,12,124720261002,1790925900,1790925600,2467,near_close_v2_20260805,trifecta,3連単,129,3-5-9,0.00022540493150090404,446.0,-90,False
2026-10-02,松阪,12,124720261002,1790925900,1790925600,2467,near_close_v2_20260805,trifecta,3連単,130,9-5-3,0.00022532322936483906,454.1,-90,False
2026-10-02,松阪,12,124720261002,1790925900,1790925600,2467,near_close_v2_20260805,trifecta,3連単,131,2-4-1,0.00021520346115897287,550.1,-88,False
2026-10-02,松阪,12,124720261002,1790925900,1790925600,2467,near_close_v2_20260805,trifecta,3連単,132,1-6-7,0.00021362914668924217,2789.8,-40,False
2026-10-02,松阪,12,124720261002,1790925900,1790925600,2467,near_close_v2_20260805,trifecta,3連単,133,4-2-1,0.00021328954490972205,655.6,-86,False
2026-10-02,松阪,12,124720261002,1790925900,1790925600,2467,near_close_v2_20260805,trifecta,3連単,134,7-5-4,0.00020253418364827598,2398.2,-51,False
2026-10-02,松阪,12,124720261002,1790925900,1790925600,2467,near_close_v2_20260805,trifecta,3連単,135,6-5-1,0.00019800265152084657,4796.5,-5,False
2026-10-02,松阪,12,124720261002,1790925900,1790925600,2467,near_close_v2_20260805,trifecta,3連単,136,3-5-2,0.0001939338890887863,629.9,-88,False
2026-10-02,松阪,12,124720261002,1790925900,1790925600,2467,near_close_v2_20260805,trifecta,3連単,137,9-5-2,0.00019275245994654992,721.3,-86,False
2026-10-02,松阪,12,124720261002,1790925900,1790925600,2467,near_close_v2_20260805,trifecta,3連単,138,2-5-3,0.00019217269989453854,1204.4,-77,False
2026-10-02,松阪,12,124720261002,1790925900,1790925600,2467,near_close_v2_20260805,trifecta,3連単,139,2-5-9,0.00019107125703897625,1031.7,-80,False
2026-10-02,松阪,12,124720261002,1790925900,1790925600,2467,near_close_v2_20260805,trifecta,3連単,140,4-5-7,0.00018883858710085213,3460.8,-35,False
2026-10-02,松阪,12,124720261002,1790925900,1790925600,2467,near_close_v2_20260805,trifecta,3連単,141,3-9-5,0.00017677182308814998,959.3,-83,False
2026-10-02,松阪,12,124720261002,1790925900,1790925600,2467,near_close_v2_20260805,trifecta,3連単,142,9-3-5,0.00017674409166435625,1080.6,-81,False
2026-10-02,松阪,12,124720261002,1790925900,1790925600,2467,near_close_v2_20260805,trifecta,3連単,143,1-3-8,0.00016060889103671212,161.2,-97,False
2026-10-02,松阪,12,124720261002,1790925900,1790925600,2467,near_close_v2_20260805,trifecta,3連単,144,1-9-8,0.0001596166104498645,587.9,-91,False
2026-10-02,松阪,12,124720261002,1790925900,1790925600,2467,near_close_v2_20260805,trifecta,3連単,145,7-4-5,0.00015595595650256465,2761.6,-57,False
2026-10-02,松阪,12,124720261002,1790925900,1790925600,2467,near_close_v2_20260805,trifecta,3連単,146,3-2-5,0.00015149909831100057,783.3,-88,False
2026-10-02,松阪,12,124720261002,1790925900,1790925600,2467,near_close_v2_20260805,trifecta,3連単,147,4-7-5,0.0001513033125321279,3179.1,-52,False
2026-10-02,松阪,12,124720261002,1790925900,1790925600,2467,near_close_v2_20260805,trifecta,3連単,148,5-3-4,0.00015099676973039057,890.5,-87,False
2026-10-02,松阪,12,124720261002,1790925900,1790925600,2467,near_close_v2_20260805,trifecta,3連単,149,2-3-5,0.00015090196139582888,1027.8,-84,False
2026-10-02,松阪,12,124720261002,1790925900,1790925600,2467,near_close_v2_20260805,trifecta,3連単,150,9-2-5,0.0001505829535107049,1786.9,-73,False
2026-10-02,松阪,12,124720261002,1790925900,1790925600,2467,near_close_v2_20260805,trifecta,3連単,151,5-9-4,0.0001501004572538667,402.6,-94,False
2026-10-02,松阪,12,124720261002,1790925900,1790925600,2467,near_close_v2_20260805,trifecta,3連単,152,2-9-5,0.00015001296117498152,1617.7,-76,False
2026-10-02,松阪,12,124720261002,1790925900,1790925600,2467,near_close_v2_20260805,trifecta,3連単,153,1-8-3,0.00014941211462381746,731.0,-89,False
2026-10-02,松阪,12,124720261002,1790925900,1790925600,2467,near_close_v2_20260805,trifecta,3連単,154,1-8-9,0.00014855575518110176,1409.3,-79,False
2026-10-02,松阪,12,124720261002,1790925900,1790925600,2467,near_close_v2_20260805,trifecta,3連単,155,5-4-3,0.00014847335935239602,1380.8,-79,False
2026-10-02,松阪,12,124720261002,1790925900,1790925600,2467,near_close_v2_20260805,trifecta,3連単,156,5-4-9,0.0001476223804100708,1063.8,-84,False
2026-10-02,松阪,12,124720261002,1790925900,1790925600,2467,near_close_v2_20260805,trifecta,3連単,157,1-3-6,0.00014091451329853506,727.1,-90,False
2026-10-02,松阪,12,124720261002,1790925900,1790925600,2467,near_close_v2_20260805,trifecta,3連単,158,1-9-6,0.00014004390934224938,890.5,-88,False
2026-10-02,松阪,12,124720261002,1790925900,1790925600,2467,near_close_v2_20260805,trifecta,3連単,159,1-2-8,0.00013585258722865362,704.6,-90,False
2026-10-02,松阪,12,124720261002,1790925900,1790925600,2467,near_close_v2_20260805,trifecta,3連単,160,1-6-3,0.00013103861581365215,1775.3,-77,False
2026-10-02,松阪,12,124720261002,1790925900,1790925600,2467,near_close_v2_20260805,trifecta,3連単,161,1-6-9,0.00013028756455991044,2603.8,-66,False
2026-10-02,松阪,12,124720261002,1790925900,1790925600,2467,near_close_v2_20260805,trifecta,3連単,162,5-2-4,0.00012850344397138093,699.2,-91,False
2026-10-02,松阪,12,124720261002,1790925900,1790925600,2467,near_close_v2_20260805,trifecta,3連単,163,1-8-2,0.0001278143967700952,1952.8,-75,False
2026-10-02,松阪,12,124720261002,1790925900,1790925600,2467,near_close_v2_20260805,trifecta,3連単,164,5-4-2,0.00012701133980892723,867.9,-89,False
2026-10-02,松阪,12,124720261002,1790925900,1790925600,2467,near_close_v2_20260805,trifecta,3連単,165,3-5-4,0.00011932831350881843,1153.6,-86,False
2026-10-02,松阪,12,124720261002,1790925900,1790925600,2467,near_close_v2_20260805,trifecta,3連単,166,1-2-6,0.0001191939069257171,383.4,-95,False
2026-10-02,松阪,12,124720261002,1790925900,1790925600,2467,near_close_v2_20260805,trifecta,3連単,167,9-5-4,0.00011860137533552842,1084.9,-87,False
2026-10-02,松阪,12,124720261002,1790925900,1790925600,2467,near_close_v2_20260805,trifecta,3連単,168,4-5-3,0.00011583226095031515,2680.4,-69,False
2026-10-02,松阪,12,124720261002,1790925900,1790925600,2467,near_close_v2_20260805,trifecta,3連単,169,4-5-9,0.00011516836531718218,1741.4,-80,False
2026-10-02,松阪,12,124720261002,1790925900,1790925600,2467,near_close_v2_20260805,trifecta,3連単,170,1-6-2,0.00011209681139965838,1667.1,-81,False
2026-10-02,松阪,12,124720261002,1790925900,1790925600,2467,near_close_v2_20260805,trifecta,3連単,171,7-1-8,0.00010551137046245375,1327.2,-86,False
2026-10-02,松阪,12,124720261002,1790925900,1790925600,2467,near_close_v2_20260805,trifecta,3連単,172,2-5-4,0.00010115222728558422,1220.5,-88,False
2026-10-02,松阪,12,124720261002,1790925900,1790925600,2467,near_close_v2_20260805,trifecta,3連単,173,4-5-2,9.908855514933421e-05,1657.0,-84,False
2026-10-02,松阪,12,124720261002,1790925900,1790925600,2467,near_close_v2_20260805,trifecta,3連単,174,7-1-6,9.25732275480287e-05,1039.5,-90,False
2026-10-02,松阪,12,124720261002,1790925900,1790925600,2467,near_close_v2_20260805,trifecta,3連単,175,3-4-5,9.236595047590283e-05,2010.3,-81,False
2026-10-02,松阪,12,124720261002,1790925900,1790925600,2467,near_close_v2_20260805,trifecta,3連単,176,9-4-5,9.180753023651543e-05,2761.6,-75,False
2026-10-02,松阪,12,124720261002,1790925900,1790925600,2467,near_close_v2_20260805,trifecta,3連単,177,4-3-5,9.118366750306771e-05,2485.5,-77,False
2026-10-02,松阪,12,124720261002,1790925900,1790925600,2467,near_close_v2_20260805,trifecta,3連単,178,4-9-5,9.064661539974452e-05,3797.3,-66,False
2026-10-02,松阪,12,124720261002,1790925900,1790925600,2467,near_close_v2_20260805,trifecta,3連単,179,8-1-7,8.935664779254536e-05,3597.4,-68,False
2026-10-02,松阪,12,124720261002,1790925900,1790925600,2467,near_close_v2_20260805,trifecta,3連単,180,1-4-8,8.151056052752886e-05,1178.4,-90,False
2026-10-02,松阪,12,124720261002,1790925900,1790925600,2467,near_close_v2_20260805,trifecta,3連単,181,1-8-4,7.864472001456052e-05,1925.3,-85,False
2026-10-02,松阪,12,124720261002,1790925900,1790925600,2467,near_close_v2_20260805,trifecta,3連単,182,2-4-5,7.838816786441891e-05,843.8,-93,False
2026-10-02,松阪,12,124720261002,1790925900,1790925600,2467,near_close_v2_20260805,trifecta,3連単,183,6-1-7,7.83568937567957e-05,9999.9,-22,False
2026-10-02,松阪,12,124720261002,1790925900,1790925600,2467,near_close_v2_20260805,trifecta,3連単,184,4-2-5,7.769102113909797e-05,1148.7,-91,False
2026-10-02,松阪,12,124720261002,1790925900,1790925600,2467,near_close_v2_20260805,trifecta,3連単,185,1-4-6,7.151547396465136e-05,1416.6,-90,False
2026-10-02,松阪,12,124720261002,1790925900,1790925600,2467,near_close_v2_20260805,trifecta,3連単,186,1-6-4,6.897362558388861e-05,2356.9,-84,False
2026-10-02,松阪,12,124720261002,1790925900,1790925600,2467,near_close_v2_20260805,trifecta,3連単,187,3-1-8,6.0459401945010734e-05,305.1,-98,False
2026-10-02,松阪,12,124720261002,1790925900,1790925600,2467,near_close_v2_20260805,trifecta,3連単,188,9-1-8,6.007644304446711e-05,1333.6,-92,False
2026-10-02,松阪,12,124720261002,1790925900,1790925600,2467,near_close_v2_20260805,trifecta,3連単,189,8-1-3,5.481073918024887e-05,1925.3,-89,False
2026-10-02,松阪,12,124720261002,1790925900,1790925600,2467,near_close_v2_20260805,trifecta,3連単,190,8-1-9,5.4496589995108075e-05,3597.4,-80,False
2026-10-02,松阪,12,124720261002,1790925900,1790925600,2467,near_close_v2_20260805,trifecta,3連単,191,3-1-6,5.304567601711584e-05,1059.7,-94,False
2026-10-02,松阪,12,124720261002,1790925900,1790925600,2467,near_close_v2_20260805,trifecta,3連単,192,9-1-6,5.270967676617082e-05,2508.3,-87,False
2026-10-02,松阪,12,124720261002,1790925900,1790925600,2467,near_close_v2_20260805,trifecta,3連単,193,2-1-8,5.0938601083069975e-05,2508.3,-87,False
2026-10-02,松阪,12,124720261002,1790925900,1790925600,2467,near_close_v2_20260805,trifecta,3連単,194,6-1-3,4.8063567432041665e-05,5579.7,-73,False
2026-10-02,松阪,12,124720261002,1790925900,1790925600,2467,near_close_v2_20260805,trifecta,3連単,195,6-1-9,4.778808983824237e-05,7194.8,-66,False
2026-10-02,松阪,12,124720261002,1790925900,1790925600,2467,near_close_v2_20260805,trifecta,3連単,196,8-1-2,4.688777467934841e-05,6835.1,-68,False
2026-10-02,松阪,12,124720261002,1790925900,1790925600,2467,near_close_v2_20260805,trifecta,3連単,197,2-1-6,4.469234631654536e-05,1409.3,-94,False
2026-10-02,松阪,12,124720261002,1790925900,1790925600,2467,near_close_v2_20260805,trifecta,3連単,198,6-1-2,4.111591548926462e-05,4142.5,-83,False
2026-10-02,松阪,12,124720261002,1790925900,1790925600,2467,near_close_v2_20260805,trifecta,3連単,199,7-8-1,3.566850628006913e-05,3071.9,-89,False
2026-10-02,松阪,12,124720261002,1790925900,1790925600,2467,near_close_v2_20260805,trifecta,3連単,200,7-3-9,3.4474139825780744e-05,969.5,-97,False
2026-10-02,松阪,12,124720261002,1790925900,1790925600,2467,near_close_v2_20260805,trifecta,3連単,201,7-9-3,3.446847903143786e-05,2135.9,-93,False
2026-10-02,松阪,12,124720261002,1790925900,1790925600,2467,near_close_v2_20260805,trifecta,3連単,202,8-7-1,3.415952498752865e-05,4633.9,-84,False
2026-10-02,松阪,12,124720261002,1790925900,1790925600,2467,near_close_v2_20260805,trifecta,3連単,203,3-7-9,3.3879325548861745e-05,617.1,-98,False
2026-10-02,松阪,12,124720261002,1790925900,1790925600,2467,near_close_v2_20260805,trifecta,3連単,204,9-7-3,3.386844841304056e-05,1925.3,-93,False
2026-10-02,松阪,12,124720261002,1790925900,1790925600,2467,near_close_v2_20260805,trifecta,3連単,205,3-9-7,3.327295404631522e-05,1059.7,-96,False
2026-10-02,松阪,12,124720261002,1790925900,1790925600,2467,near_close_v2_20260805,trifecta,3連単,206,9-3-7,3.326773428689085e-05,1708.7,-94,False
2026-10-02,松阪,12,124720261002,1790925900,1790925600,2467,near_close_v2_20260805,trifecta,3連単,207,7-6-1,3.1289963175315036e-05,6213.7,-81,False
2026-10-02,松阪,12,124720261002,1790925900,1790925600,2467,near_close_v2_20260805,trifecta,3連単,208,4-1-8,3.0290977997949447e-05,3179.1,-90,False
2026-10-02,松阪,12,124720261002,1790925900,1790925600,2467,near_close_v2_20260805,trifecta,3連単,209,6-7-1,2.9961862823121412e-05,9999.9,-70,False
2026-10-02,松阪,12,124720261002,1790925900,1790925600,2467,near_close_v2_20260805,trifecta,3連単,210,7-3-2,2.9660859524617185e-05,655.6,-98,False
2026-10-02,松阪,12,124720261002,1790925900,1790925600,2467,near_close_v2_20260805,trifecta,3連単,211,7-2-3,2.953851187185773e-05,1308.1,-96,False
2026-10-02,松阪,12,124720261002,1790925900,1790925600,2467,near_close_v2_20260805,trifecta,3連単,212,7-9-2,2.9486015013427982e-05,2555.1,-92,False
2026-10-02,松阪,12,124720261002,1790925900,1790925600,2467,near_close_v2_20260805,trifecta,3連単,213,7-2-9,2.9369211118509023e-05,2103.1,-94,False
2026-10-02,松阪,12,124720261002,1790925900,1790925600,2467,near_close_v2_20260805,trifecta,3連単,214,3-7-2,2.9149093232547515e-05,460.2,-99,False
2026-10-02,松阪,12,124720261002,1790925900,1790925600,2467,near_close_v2_20260805,trifecta,3連単,215,9-7-2,2.8972719610795272e-05,2579.2,-93,False
2026-10-02,松阪,12,124720261002,1790925900,1790925600,2467,near_close_v2_20260805,trifecta,3連単,216,2-7-3,2.8914438702254562e-05,1786.9,-95,False
2026-10-02,松阪,12,124720261002,1790925900,1790925600,2467,near_close_v2_20260805,trifecta,3連単,217,8-1-4,2.885023913539227e-05,3797.3,-89,False
2026-10-02,松阪,12,124720261002,1790925900,1790925600,2467,near_close_v2_20260805,trifecta,3連単,218,2-7-9,2.8748714840599545e-05,2103.1,-94,False
2026-10-02,松阪,12,124720261002,1790925900,1790925600,2467,near_close_v2_20260805,trifecta,3連単,219,3-2-7,2.851598432430281e-05,873.5,-98,False
2026-10-02,松阪,12,124720261002,1790925900,1790925600,2467,near_close_v2_20260805,trifecta,3連単,220,2-3-7,2.8403587966157206e-05,1939.0,-94,False
2026-10-02,松阪,12,124720261002,1790925900,1790925600,2467,near_close_v2_20260805,trifecta,3連単,221,9-2-7,2.8343542566858195e-05,2734.0,-92,False
2026-10-02,松阪,12,124720261002,1790925900,1790925600,2467,near_close_v2_20260805,trifecta,3連単,222,2-9-7,2.8236255509102288e-05,2419.5,-93,False
2026-10-02,松阪,12,124720261002,1790925900,1790925600,2467,near_close_v2_20260805,trifecta,3連単,223,4-1-6,2.6576601048456256e-05,3597.4,-90,False
2026-10-02,松阪,12,124720261002,1790925900,1790925600,2467,near_close_v2_20260805,trifecta,3連単,224,6-1-4,2.5298790617553526e-05,9999.9,-75,False
2026-10-02,松阪,12,124720261002,1790925900,1790925600,2467,near_close_v2_20260805,trifecta,3連単,225,5-7-8,2.126791149225782e-05,1562.3,-97,False
2026-10-02,松阪,12,124720261002,1790925900,1790925600,2467,near_close_v2_20260805,trifecta,3連単,226,3-8-1,2.112988138732221e-05,477.1,-99,False
2026-10-02,松阪,12,124720261002,1790925900,1790925600,2467,near_close_v2_20260805,trifecta,3連単,227,9-8-1,2.1002179837857127e-05,3505.2,-93,False
2026-10-02,松阪,12,124720261002,1790925900,1790925600,2467,near_close_v2_20260805,trifecta,3連単,228,8-3-1,2.0591246724587233e-05,1981.2,-96,False
2026-10-02,松阪,12,124720261002,1790925900,1790925600,2467,near_close_v2_20260805,trifecta,3連単,229,8-9-1,2.0470011765954532e-05,4271.9,-91,False
2026-10-02,松阪,12,124720261002,1790925900,1790925600,2467,near_close_v2_20260805,trifecta,3連単,230,5-8-7,2.009778845154249e-05,2789.8,-94,False
2026-10-02,松阪,12,124720261002,1790925900,1790925600,2467,near_close_v2_20260805,trifecta,3連単,231,5-7-6,1.8659971919753706e-05,3694.6,-93,False
2026-10-02,松阪,12,124720261002,1790925900,1790925600,2467,near_close_v2_20260805,trifecta,3連単,232,3-6-1,1.8536098518350016e-05,2654.4,-95,False
2026-10-02,松阪,12,124720261002,1790925900,1790925600,2467,near_close_v2_20260805,trifecta,3連単,233,9-6-1,1.842407330980588e-05,5943.6,-89,False
2026-10-02,松阪,12,124720261002,1790925900,1790925600,2467,near_close_v2_20260805,trifecta,3連単,234,7-3-4,1.8250447928026406e-05,1289.6,-98,False
2026-10-02,松阪,12,124720261002,1790925900,1790925600,2467,near_close_v2_20260805,trifecta,3連単,235,7-9-4,1.8142865386653613e-05,3460.8,-94,False
2026-10-02,松阪,12,124720261002,1790925900,1790925600,2467,near_close_v2_20260805,trifecta,3連単,236,6-3-1,1.8060957516040143e-05,9764.4,-82,False
2026-10-02,松阪,12,124720261002,1790925900,1790925600,2467,near_close_v2_20260805,trifecta,3連単,237,7-4-3,1.8006075924093998e-05,2706.9,-95,False
2026-10-02,松阪,12,124720261002,1790925900,1790925600,2467,near_close_v2_20260805,trifecta,3連単,238,6-9-1,1.7954620547069884e-05,7194.8,-87,False
2026-10-02,松阪,12,124720261002,1790925900,1790925600,2467,near_close_v2_20260805,trifecta,3連単,239,3-7-4,1.7935556039711948e-05,890.5,-98,False
2026-10-02,松阪,12,124720261002,1790925900,1790925600,2467,near_close_v2_20260805,trifecta,3連単,240,2-8-1,1.7933233756717463e-05,4633.9,-92,False
2026-10-02,松阪,12,124720261002,1790925900,1790925600,2467,near_close_v2_20260805,trifecta,3連単,241,7-4-9,1.7902873629001148e-05,3216.5,-94,False
2026-10-02,松阪,12,124720261002,1790925900,1790925600,2467,near_close_v2_20260805,trifecta,3連単,242,9-7-4,1.7827032630368558e-05,3254.8,-94,False
2026-10-02,松阪,12,124720261002,1790925900,1790925600,2467,near_close_v2_20260805,trifecta,3連単,243,5-6-7,1.7629999471385466e-05,6358.2,-89,False
2026-10-02,松阪,12,124720261002,1790925900,1790925600,2467,near_close_v2_20260805,trifecta,3連単,244,8-2-1,1.754524172678844e-05,7010.4,-88,False
2026-10-02,松阪,12,124720261002,1790925900,1790925600,2467,near_close_v2_20260805,trifecta,3連単,245,4-7-3,1.7468899515714338e-05,3254.8,-94,False
2026-10-02,松阪,12,124720261002,1790925900,1790925600,2467,near_close_v2_20260805,trifecta,3連単,246,3-9-2,1.74591909027511e-05,1580.3,-97,False
2026-10-02,松阪,12,124720261002,1790925900,1790925600,2467,near_close_v2_20260805,trifecta,3連単,247,9-3-2,1.7456451958197826e-05,2119.4,-96,False
2026-10-02,松阪,12,124720261002,1790925900,1790925600,2467,near_close_v2_20260805,trifecta,3連単,248,3-2-9,1.739125117625669e-05,1637.1,-97,False
2026-10-02,松阪,12,124720261002,1790925900,1790925600,2467,near_close_v2_20260805,trifecta,3連単,249,9-2-3,1.7385729629015362e-05,2259.5,-96,False
2026-10-02,松阪,12,124720261002,1790925900,1790925600,2467,near_close_v2_20260805,trifecta,3連単,250,3-4-7,1.7385621599299794e-05,1911.9,-97,False
2026-10-02,松阪,12,124720261002,1790925900,1790925600,2467,near_close_v2_20260805,trifecta,3連単,251,4-7-9,1.736877606125552e-05,3745.2,-93,False
2026-10-02,松阪,12,124720261002,1790925900,1790925600,2467,near_close_v2_20260805,trifecta,3連単,252,2-3-9,1.73227031902017e-05,2555.1,-96,False
2026-10-02,松阪,12,124720261002,1790925900,1790925600,2467,near_close_v2_20260805,trifecta,3連単,253,2-9-3,1.7319920502494325e-05,3460.8,-94,False
2026-10-02,松阪,12,124720261002,1790925900,1790925600,2467,near_close_v2_20260805,trifecta,3連単,254,9-4-7,1.728051270445967e-05,3037.8,-95,False
2026-10-02,松阪,12,124720261002,1790925900,1790925600,2467,near_close_v2_20260805,trifecta,3連単,255,4-3-7,1.7163085867429972e-05,2939.8,-95,False
2026-10-02,松阪,12,124720261002,1790925900,1790925600,2467,near_close_v2_20260805,trifecta,3連単,256,7-5-8,1.7102491103570957e-05,2152.8,-96,False
2026-10-02,松阪,12,124720261002,1790925900,1790925600,2467,near_close_v2_20260805,trifecta,3連単,257,4-9-7,1.7061998999386312e-05,6075.6,-90,False
2026-10-02,松阪,12,124720261002,1790925900,1790925600,2467,near_close_v2_20260805,trifecta,3連単,258,2-6-1,1.5731862262079536e-05,1810.6,-97,False
2026-10-02,松阪,12,124720261002,1790925900,1790925600,2467,near_close_v2_20260805,trifecta,3連単,259,7-2-4,1.5547922614293224e-05,1544.6,-98,False
2026-10-02,松阪,12,124720261002,1790925900,1790925600,2467,near_close_v2_20260805,trifecta,3連単,260,8-5-7,1.5477816728491123e-05,5360.8,-92,False
2026-10-02,松阪,12,124720261002,1790925900,1790925600,2467,near_close_v2_20260805,trifecta,3連単,261,7-4-2,1.5403273946219497e-05,2555.1,-96,False
2026-10-02,松阪,12,124720261002,1790925900,1790925600,2467,near_close_v2_20260805,trifecta,3連単,262,6-2-1,1.538926012854403e-05,4409.7,-93,False
2026-10-02,松阪,12,124720261002,1790925900,1790925600,2467,near_close_v2_20260805,trifecta,3連単,263,2-7-4,1.5219434795111949e-05,2356.9,-96,False
2026-10-02,松阪,12,124720261002,1790925900,1790925600,2467,near_close_v2_20260805,trifecta,3連単,264,7-5-6,1.5005328749211957e-05,6358.2,-90,False
2026-10-02,松阪,12,124720261002,1790925900,1790925600,2467,near_close_v2_20260805,trifecta,3連単,265,4-7-2,1.4943747094805617e-05,3745.2,-94,False
2026-10-02,松阪,12,124720261002,1790925900,1790925600,2467,near_close_v2_20260805,trifecta,3連単,266,2-4-7,1.4754647327628862e-05,1981.2,-97,False
2026-10-02,松阪,12,124720261002,1790925900,1790925600,2467,near_close_v2_20260805,trifecta,3連単,267,4-2-7,1.4623426579039445e-05,2119.4,-97,False
2026-10-02,松阪,12,124720261002,1790925900,1790925600,2467,near_close_v2_20260805,trifecta,3連単,268,6-5-7,1.3575335997813614e-05,9999.9,-86,False
2026-10-02,松阪,12,124720261002,1790925900,1790925600,2467,near_close_v2_20260805,trifecta,3連単,269,7-8-5,1.2992304318422255e-05,4206.2,-95,False
2026-10-02,松阪,12,124720261002,1790925900,1790925600,2467,near_close_v2_20260805,trifecta,3連単,270,5-3-8,1.275054346118001e-05,581.7,-99,False
2026-10-02,松阪,12,124720261002,1790925900,1790925600,2467,near_close_v2_20260805,trifecta,3連単,271,5-9-8,1.2674856602400705e-05,580.4,-99,False
2026-10-02,松阪,12,124720261002,1790925900,1790925600,2467,near_close_v2_20260805,trifecta,3連単,272,8-7-5,1.2442655729004118e-05,3071.9,-96,False
2026-10-02,松阪,12,124720261002,1790925900,1790925600,2467,near_close_v2_20260805,trifecta,3連単,273,5-8-3,1.2327842059102099e-05,1173.4,-99,False
2026-10-02,松阪,12,124720261002,1790925900,1790925600,2467,near_close_v2_20260805,trifecta,3連単,274,5-8-9,1.2257184709915921e-05,1981.2,-98,False
2026-10-02,松阪,12,124720261002,1790925900,1790925600,2467,near_close_v2_20260805,trifecta,3連単,275,7-6-5,1.1397413743481578e-05,9999.9,-89,False
2026-10-02,松阪,12,124720261002,1790925900,1790925600,2467,near_close_v2_20260805,trifecta,3連単,276,5-3-6,1.1187030895526827e-05,2135.9,-98,False
2026-10-02,松阪,12,124720261002,1790925900,1790925600,2467,near_close_v2_20260805,trifecta,3連単,277,5-9-6,1.1120625002309225e-05,899.3,-99,False
2026-10-02,松阪,12,124720261002,1790925900,1790925600,2467,near_close_v2_20260805,trifecta,3連単,278,6-7-5,1.091365129473712e-05,9999.9,-89,False
2026-10-02,松阪,12,124720261002,1790925900,1790925600,2467,near_close_v2_20260805,trifecta,3連単,279,5-2-8,1.0851150989481272e-05,1657.0,-98,False
2026-10-02,松阪,12,124720261002,1790925900,1790925600,2467,near_close_v2_20260805,trifecta,3連単,280,4-8-1,1.0838878551960786e-05,4796.5,-95,False
2026-10-02,松阪,12,124720261002,1790925900,1790925600,2467,near_close_v2_20260805,trifecta,3連単,281,5-6-3,1.081411765823482e-05,6075.6,-93,False
2026-10-02,松阪,12,124720261002,1790925900,1790925600,2467,near_close_v2_20260805,trifecta,3連単,282,5-6-9,1.0752136260042415e-05,3745.2,-96,False
2026-10-02,松阪,12,124720261002,1790925900,1790925600,2467,near_close_v2_20260805,trifecta,3連単,283,3-9-4,1.0742711423169513e-05,2579.2,-97,False
2026-10-02,松阪,12,124720261002,1790925900,1790925600,2467,near_close_v2_20260805,trifecta,3連単,284,9-3-4,1.0741026139406723e-05,4482.0,-95,False
2026-10-02,松阪,12,124720261002,1790925900,1790925600,2467,near_close_v2_20260805,trifecta,3連単,285,8-4-1,1.069953197502763e-05,4142.5,-96,False
2026-10-02,松阪,12,124720261002,1790925900,1790925600,2467,near_close_v2_20260805,trifecta,3連単,286,3-4-9,1.0603095746237006e-05,3962.4,-96,False
2026-10-02,松阪,12,124720261002,1790925900,1790925600,2467,near_close_v2_20260805,trifecta,3連単,287,9-4-3,1.0599744933852962e-05,3905.7,-96,False
2026-10-02,松阪,12,124720261002,1790925900,1790925600,2467,near_close_v2_20260805,trifecta,3連単,288,5-8-2,1.0545836261191417e-05,3797.3,-96,False
2026-10-02,松阪,12,124720261002,1790925900,1790925600,2467,near_close_v2_20260805,trifecta,3連単,289,4-3-9,1.0467376257664355e-05,4796.5,-95,False
2026-10-02,松阪,12,124720261002,1790925900,1790925600,2467,near_close_v2_20260805,trifecta,3連単,290,4-9-3,1.0465710164286719e-05,7194.8,-92,False
2026-10-02,松阪,12,124720261002,1790925900,1790925600,2467,near_close_v2_20260805,trifecta,3連単,291,3-5-8,1.0076380112370551e-05,555.7,-99,False
2026-10-02,松阪,12,124720261002,1790925900,1790925600,2467,near_close_v2_20260805,trifecta,3連単,292,9-5-8,1.0014995641771114e-05,1314.4,-99,False
2026-10-02,松阪,12,124720261002,1790925900,1790925600,2467,near_close_v2_20260805,trifecta,3連単,293,5-2-6,9.520548025340333e-06,1502.2,-99,False
2026-10-02,松阪,12,124720261002,1790925900,1790925600,2467,near_close_v2_20260805,trifecta,3連単,294,4-6-1,9.508378279696036e-06,7010.4,-93,False
2026-10-02,松阪,12,124720261002,1790925900,1790925600,2467,near_close_v2_20260805,trifecta,3連単,295,8-5-3,9.493983903185253e-06,2908.5,-97,False
2026-10-02,松阪,12,124720261002,1790925900,1790925600,2467,near_close_v2_20260805,trifecta,3連単,296,8-5-9,9.43956888613691e-06,5579.7,-95,False
2026-10-02,松阪,12,124720261002,1790925900,1790925600,2467,near_close_v2_20260805,trifecta,3連単,297,6-4-1,9.38477232196165e-06,6668.4,-94,False
2026-10-02,松阪,12,124720261002,1790925900,1790925600,2467,near_close_v2_20260805,trifecta,3連単,298,5-6-2,9.25092271512356e-06,3460.8,-97,False
2026-10-02,松阪,12,124720261002,1790925900,1790925600,2467,near_close_v2_20260805,trifecta,3連単,299,3-2-4,9.206846801675423e-06,1265.7,-99,False
2026-10-02,松阪,12,124720261002,1790925900,1790925600,2467,near_close_v2_20260805,trifecta,3連単,300,2-3-4,9.170557819371877e-06,1657.0,-98,False
2026-10-02,松阪,12,124720261002,1790925900,1790925600,2467,near_close_v2_20260805,trifecta,3連単,301,9-2-4,9.151171190939055e-06,2818.6,-97,False
2026-10-02,松阪,12,124720261002,1790925900,1790925600,2467,near_close_v2_20260805,trifecta,3連単,302,3-4-2,9.12269124174092e-06,1698.1,-98,False
2026-10-02,松阪,12,124720261002,1790925900,1790925600,2467,near_close_v2_20260805,trifecta,3連単,303,2-9-4,9.116531828912217e-06,3071.9,-97,False
2026-10-02,松阪,12,124720261002,1790925900,1790925600,2467,near_close_v2_20260805,trifecta,3連単,304,9-4-2,9.067537850249547e-06,2680.4,-98,False
2026-10-02,松阪,12,124720261002,1790925900,1790925600,2467,near_close_v2_20260805,trifecta,3連単,305,2-4-3,9.050396879802031e-06,1143.9,-99,False
2026-10-02,松阪,12,124720261002,1790925900,1790925600,2467,near_close_v2_20260805,trifecta,3連単,306,4-3-2,9.005920911700781e-06,2025.2,-98,False
2026-10-02,松阪,12,124720261002,1790925900,1790925600,2467,near_close_v2_20260805,trifecta,3連単,307,2-4-9,8.998524293379859e-06,2103.1,-98,False
2026-10-02,松阪,12,124720261002,1790925900,1790925600,2467,near_close_v2_20260805,trifecta,3連単,308,4-2-3,8.969906995684292e-06,1289.6,-99,False
2026-10-02,松阪,12,124720261002,1790925900,1790925600,2467,near_close_v2_20260805,trifecta,3連単,309,4-9-2,8.952877983066348e-06,3850.7,-97,False
2026-10-02,松阪,12,124720261002,1790925900,1790925600,2467,near_close_v2_20260805,trifecta,3連単,310,4-2-9,8.918495739138088e-06,1872.6,-98,False
2026-10-02,松阪,12,124720261002,1790925900,1790925600,2467,near_close_v2_20260805,trifecta,3連単,311,3-5-6,8.840782040025235e-06,2485.5,-98,False
2026-10-02,松阪,12,124720261002,1790925900,1790925600,2467,near_close_v2_20260805,trifecta,3連単,312,9-5-6,8.786924730241364e-06,2119.4,-98,False
2026-10-02,松阪,12,124720261002,1790925900,1790925600,2467,near_close_v2_20260805,trifecta,3連単,313,2-5-8,8.5415461039523e-06,4020.6,-97,False
2026-10-02,松阪,12,124720261002,1790925900,1790925600,2467,near_close_v2_20260805,trifecta,3連単,314,6-5-3,8.327015605910861e-06,9999.9,-92,False
2026-10-02,松阪,12,124720261002,1790925900,1790925600,2467,near_close_v2_20260805,trifecta,3連単,315,6-5-9,8.279289098179432e-06,9764.4,-92,False
2026-10-02,松阪,12,124720261002,1790925900,1790925600,2467,near_close_v2_20260805,trifecta,3連単,316,8-5-2,8.121616032179365e-06,8819.5,-93,False
2026-10-02,松阪,12,124720261002,1790925900,1790925600,2467,near_close_v2_20260805,trifecta,3連単,317,3-8-5,7.696589451789187e-06,569.5,-100,False
2026-10-02,松阪,12,124720261002,1790925900,1790925600,2467,near_close_v2_20260805,trifecta,3連単,318,9-8-5,7.650073980141542e-06,4409.7,-97,False
2026-10-02,松阪,12,124720261002,1790925900,1790925600,2467,near_close_v2_20260805,trifecta,3連単,319,8-3-5,7.500391007151375e-06,2356.9,-98,False
2026-10-02,松阪,12,124720261002,1790925900,1790925600,2467,near_close_v2_20260805,trifecta,3連単,320,2-5-6,7.494154304199201e-06,2025.2,-98,False
2026-10-02,松阪,12,124720261002,1790925900,1790925600,2467,near_close_v2_20260805,trifecta,3連単,321,8-9-5,7.45623100044351e-06,6835.1,-95,False
2026-10-02,松阪,12,124720261002,1790925900,1790925600,2467,near_close_v2_20260805,trifecta,3連単,322,6-5-2,7.123334538463225e-06,7010.4,-95,False
2026-10-02,松阪,12,124720261002,1790925900,1790925600,2467,near_close_v2_20260805,trifecta,3連単,323,3-6-5,6.751800339932614e-06,7389.3,-95,False
2026-10-02,松阪,12,124720261002,1790925900,1790925600,2467,near_close_v2_20260805,trifecta,3連単,324,9-6-5,6.710994997838615e-06,5695.9,-96,False
2026-10-02,松阪,12,124720261002,1790925900,1790925600,2467,near_close_v2_20260805,trifecta,3連単,325,5-4-8,6.5992310292415756e-06,3550.7,-98,False
2026-10-02,松阪,12,124720261002,1790925900,1790925600,2467,near_close_v2_20260805,trifecta,3連単,326,6-3-5,6.5787295517224695e-06,9999.9,-93,False
2026-10-02,松阪,12,124720261002,1790925900,1790925600,2467,near_close_v2_20260805,trifecta,3連単,327,6-9-5,6.539996159011482e-06,6835.1,-96,False
2026-10-02,松阪,12,124720261002,1790925900,1790925600,2467,near_close_v2_20260805,trifecta,3連単,328,2-8-5,6.532205990102495e-06,5695.9,-96,False
2026-10-02,松阪,12,124720261002,1790925900,1790925600,2467,near_close_v2_20260805,trifecta,3連単,329,5-8-4,6.488896094957339e-06,7010.4,-95,False
2026-10-02,松阪,12,124720261002,1790925900,1790925600,2467,near_close_v2_20260805,trifecta,3連単,330,8-2-5,6.3908793394606375e-06,8819.5,-94,False
2026-10-02,松阪,12,124720261002,1790925900,1790925600,2467,near_close_v2_20260805,trifecta,3連単,331,1-8-6,5.82662075582052e-06,2555.1,-99,False
2026-10-02,松阪,12,124720261002,1790925900,1790925600,2467,near_close_v2_20260805,trifecta,3連単,332,1-6-8,5.82430479971735e-06,3334.2,-98,False
2026-10-02,松阪,12,124720261002,1790925900,1790925600,2467,near_close_v2_20260805,trifecta,3連単,333,5-4-6,5.790012138354181e-06,4142.5,-98,False
2026-10-02,松阪,12,124720261002,1790925900,1790925600,2467,near_close_v2_20260805,trifecta,3連単,334,2-6-5,5.730353281394657e-06,2531.5,-99,False
2026-10-02,松阪,12,124720261002,1790925900,1790925600,2467,near_close_v2_20260805,trifecta,3連単,335,5-6-4,5.692130504796564e-06,7389.3,-96,False
2026-10-02,松阪,12,124720261002,1790925900,1790925600,2467,near_close_v2_20260805,trifecta,3連単,336,6-2-5,5.605559965294361e-06,5360.8,-97,False
2026-10-02,松阪,12,124720261002,1790925900,1790925600,2467,near_close_v2_20260805,trifecta,3連単,337,4-5-8,5.148424296349642e-06,8041.3,-96,False
2026-10-02,松阪,12,124720261002,1790925900,1790925600,2467,near_close_v2_20260805,trifecta,3連単,338,8-5-4,4.997263493449857e-06,9999.9,-95,False
2026-10-02,松阪,12,124720261002,1790925900,1790925600,2467,near_close_v2_20260805,trifecta,3連単,339,4-5-6,4.5171079838203355e-06,6075.6,-97,False
2026-10-02,松阪,12,124720261002,1790925900,1790925600,2467,near_close_v2_20260805,trifecta,3連単,340,6-5-4,4.38301681582213e-06,9999.9,-96,False
2026-10-02,松阪,12,124720261002,1790925900,1790925600,2467,near_close_v2_20260805,trifecta,3連単,341,4-8-5,3.948076981742942e-06,9999.9,-96,False
2026-10-02,松阪,12,124720261002,1790925900,1790925600,2467,near_close_v2_20260805,trifecta,3連単,342,8-4-5,3.897319792220328e-06,9999.9,-96,False
2026-10-02,松阪,12,124720261002,1790925900,1790925600,2467,near_close_v2_20260805,trifecta,3連単,343,4-6-5,3.4634403586874217e-06,9113.5,-97,False
2026-10-02,松阪,12,124720261002,1790925900,1790925600,2467,near_close_v2_20260805,trifecta,3連単,344,6-4-5,3.418416712172891e-06,9999.9,-97,False
2026-10-02,松阪,12,124720261002,1790925900,1790925600,2467,near_close_v2_20260805,trifecta,3連単,345,8-1-6,2.137453119873014e-06,9999.9,-98,False
2026-10-02,松阪,12,124720261002,1790925900,1790925600,2467,near_close_v2_20260805,trifecta,3連単,346,6-1-8,2.136292914480052e-06,9999.9,-98,False
2026-10-02,松阪,12,124720261002,1790925900,1790925600,2467,near_close_v2_20260805,trifecta,3連単,347,7-3-8,1.5411132960513134e-06,334.6,-100,False
2026-10-02,松阪,12,124720261002,1790925900,1790925600,2467,near_close_v2_20260805,trifecta,3連単,348,7-9-8,1.5320287582039986e-06,3254.8,-100,False
2026-10-02,松阪,12,124720261002,1790925900,1790925600,2467,near_close_v2_20260805,trifecta,3連単,349,3-7-8,1.5145230404140865e-06,202.8,-100,False
2026-10-02,松阪,12,124720261002,1790925900,1790925600,2467,near_close_v2_20260805,trifecta,3連単,350,9-7-8,1.5053590533310582e-06,3216.5,-100,False
2026-10-02,松阪,12,124720261002,1790925900,1790925600,2467,near_close_v2_20260805,trifecta,3連単,351,7-8-3,1.5000415709200462e-06,1084.9,-100,False
2026-10-02,松阪,12,124720261002,1790925900,1790925600,2467,near_close_v2_20260805,trifecta,3連単,352,7-8-9,1.491444043423981e-06,3745.2,-99,False
2026-10-02,松阪,12,124720261002,1790925900,1790925600,2467,near_close_v2_20260805,trifecta,3連単,353,3-8-7,1.448693930225711e-06,418.6,-100,False
2026-10-02,松阪,12,124720261002,1790925900,1790925600,2467,near_close_v2_20260805,trifecta,3連単,354,9-8-7,1.4399385351433e-06,3645.4,-99,False
2026-10-02,松阪,12,124720261002,1790925900,1790925600,2467,near_close_v2_20260805,trifecta,3連単,355,8-7-3,1.4365812552348842e-06,1183.5,-100,False
2026-10-02,松阪,12,124720261002,1790925900,1790925600,2467,near_close_v2_20260805,trifecta,3連単,356,8-7-9,1.42834745219792e-06,4882.2,-99,False
2026-10-02,松阪,12,124720261002,1790925900,1790925600,2467,near_close_v2_20260805,trifecta,3連単,357,8-3-7,1.4117643918052294e-06,1059.7,-100,False
2026-10-02,松阪,12,124720261002,1790925900,1790925600,2467,near_close_v2_20260805,trifecta,3連単,358,8-9-7,1.403452355145727e-06,4482.0,-99,False
2026-10-02,松阪,12,124720261002,1790925900,1790925600,2467,near_close_v2_20260805,trifecta,3連単,359,7-3-6,1.3521370370543943e-06,2441.1,-100,False
2026-10-02,松阪,12,124720261002,1790925900,1790925600,2467,near_close_v2_20260805,trifecta,3連単,360,7-9-6,1.344166474397288e-06,5468.1,-99,False
2026-10-02,松阪,12,124720261002,1790925900,1790925600,2467,near_close_v2_20260805,trifecta,3連単,361,3-7-6,1.328807363912283e-06,1911.9,-100,False
2026-10-02,松阪,12,124720261002,1790925900,1790925600,2467,near_close_v2_20260805,trifecta,3連単,362,9-7-6,1.320767094339761e-06,5257.8,-99,False
2026-10-02,松阪,12,124720261002,1790925900,1790925600,2467,near_close_v2_20260805,trifecta,3連単,363,7-6-3,1.3159016289324407e-06,6213.7,-99,False
2026-10-02,松阪,12,124720261002,1790925900,1790925600,2467,near_close_v2_20260805,trifecta,3連単,364,7-2-8,1.3129053249190759e-06,2222.8,-100,False
2026-10-02,松阪,12,124720261002,1790925900,1790925600,2467,near_close_v2_20260805,trifecta,3連単,365,7-6-9,1.3083595043299042e-06,6213.7,-99,False
2026-10-02,松阪,12,124720261002,1790925900,1790925600,2467,near_close_v2_20260805,trifecta,3連単,366,2-7-8,1.2851669950036901e-06,5360.8,-99,False
2026-10-02,松阪,12,124720261002,1790925900,1790925600,2467,near_close_v2_20260805,trifecta,3連単,367,7-8-2,1.2832085872014617e-06,5257.8,-99,False
2026-10-02,松阪,12,124720261002,1790925900,1790925600,2467,near_close_v2_20260805,trifecta,3連単,368,3-6-7,1.2708605846557741e-06,5943.6,-99,False
2026-10-02,松阪,12,124720261002,1790925900,1790925600,2467,near_close_v2_20260805,trifecta,3連単,369,9-6-7,1.2631799812167252e-06,6358.2,-99,False
2026-10-02,松阪,12,124720261002,1790925900,1790925600,2467,near_close_v2_20260805,trifecta,3連単,370,6-7-3,1.2600482740708386e-06,9113.5,-99,False
2026-10-02,松阪,12,124720261002,1790925900,1790925600,2467,near_close_v2_20260805,trifecta,3連単,371,6-7-9,1.2528262744324892e-06,8543.9,-99,False
2026-10-02,松阪,12,124720261002,1790925900,1790925600,2467,near_close_v2_20260805,trifecta,3連単,372,6-3-7,1.23828425952502e-06,4971.0,-99,False
2026-10-02,松阪,12,124720261002,1790925900,1790925600,2467,near_close_v2_20260805,trifecta,3連単,373,6-9-7,1.2309936496686748e-06,8819.5,-99,False
2026-10-02,松阪,12,124720261002,1790925900,1790925600,2467,near_close_v2_20260805,trifecta,3連単,374,2-8-7,1.2295273417040142e-06,3962.4,-100,False
2026-10-02,松阪,12,124720261002,1790925900,1790925600,2467,near_close_v2_20260805,trifecta,3連単,375,8-7-2,1.2289215436872149e-06,9999.9,-99,False
2026-10-02,松阪,12,124720261002,1790925900,1790925600,2467,near_close_v2_20260805,trifecta,3連単,376,8-2-7,1.2029260708103986e-06,9999.9,-99,False
2026-10-02,松阪,12,124720261002,1790925900,1790925600,2467,near_close_v2_20260805,trifecta,3連単,377,7-2-6,1.1519126598398433e-06,1898.6,-100,False
2026-10-02,松阪,12,124720261002,1790925900,1790925600,2467,near_close_v2_20260805,trifecta,3連単,378,2-7-6,1.1275756929726273e-06,4142.5,-100,False
2026-10-02,松阪,12,124720261002,1790925900,1790925600,2467,near_close_v2_20260805,trifecta,3連単,379,7-6-2,1.1256863162284336e-06,5579.7,-99,False
2026-10-02,松阪,12,124720261002,1790925900,1790925600,2467,near_close_v2_20260805,trifecta,3連単,380,2-6-7,1.0785982634003703e-06,4020.6,-100,False
2026-10-02,松阪,12,124720261002,1790925900,1790925600,2467,near_close_v2_20260805,trifecta,3連単,381,6-7-2,1.077906637336962e-06,9999.9,-99,False
2026-10-02,松阪,12,124720261002,1790925900,1790925600,2467,near_close_v2_20260805,trifecta,3連単,382,6-2-7,1.0551089866629694e-06,6509.6,-99,False
2026-10-02,松阪,12,124720261002,1790925900,1790925600,2467,near_close_v2_20260805,trifecta,3連単,383,3-9-8,9.071413192256478e-07,2055.6,-100,False
2026-10-02,松阪,12,124720261002,1790925900,1790925600,2467,near_close_v2_20260805,trifecta,3連単,384,9-3-8,9.069990096656468e-07,3550.7,-100,False
2026-10-02,松阪,12,124720261002,1790925900,1790925600,2467,near_close_v2_20260805,trifecta,3連単,385,3-8-9,8.835255248966339e-07,1527.4,-100,False
2026-10-02,松阪,12,124720261002,1790925900,1790925600,2467,near_close_v2_20260805,trifecta,3連単,386,9-8-3,8.832481682679388e-07,5063.0,-100,False
2026-10-02,松阪,12,124720261002,1790925900,1790925600,2467,near_close_v2_20260805,trifecta,3連単,387,8-3-9,8.610030381681481e-07,5817.1,-99,False
2026-10-02,松阪,12,124720261002,1790925900,1790925600,2467,near_close_v2_20260805,trifecta,3連単,388,8-9-3,8.608678021179742e-07,5063.0,-100,False
2026-10-02,松阪,12,124720261002,1790925900,1790925600,2467,near_close_v2_20260805,trifecta,3連単,389,7-4-8,8.003203771467923e-07,5257.8,-100,False
2026-10-02,松阪,12,124720261002,1790925900,1790925600,2467,near_close_v2_20260805,trifecta,3連単,390,3-9-6,7.959047389378575e-07,3037.8,-100,False
2026-10-02,松阪,12,124720261002,1790925900,1790925600,2467,near_close_v2_20260805,trifecta,3連単,391,9-3-6,7.957798798328864e-07,4271.9,-100,False
2026-10-02,松阪,12,124720261002,1790925900,1790925600,2467,near_close_v2_20260805,trifecta,3連単,392,7-8-4,7.895634811958089e-07,8819.5,-99,False
2026-10-02,松阪,12,124720261002,1790925900,1790925600,2467,near_close_v2_20260805,trifecta,3連単,393,8-6-1,7.823885065573197e-07,9999.9,-99,False
2026-10-02,松阪,12,124720261002,1790925900,1790925600,2467,near_close_v2_20260805,trifecta,3連単,394,6-8-1,7.822747649486848e-07,9999.9,-99,False
2026-10-02,松阪,12,124720261002,1790925900,1790925600,2467,near_close_v2_20260805,trifecta,3連単,395,3-2-8,7.774490838101786e-07,1231.5,-100,False
2026-10-02,松阪,12,124720261002,1790925900,1790925600,2467,near_close_v2_20260805,trifecta,3連単,396,4-7-8,7.764443684283407e-07,4971.0,-100,False
2026-10-02,松阪,12,124720261002,1790925900,1790925600,2467,near_close_v2_20260805,trifecta,3連単,397,3-6-9,7.750690064349854e-07,4080.6,-100,False
2026-10-02,松阪,12,124720261002,1790925900,1790925600,2467,near_close_v2_20260805,trifecta,3連単,398,9-6-3,7.74825714690224e-07,4482.0,-100,False
2026-10-02,松阪,12,124720261002,1790925900,1790925600,2467,near_close_v2_20260805,trifecta,3連単,399,2-3-8,7.743847517264558e-07,2706.9,-100,False
2026-10-02,松阪,12,124720261002,1790925900,1790925600,2467,near_close_v2_20260805,trifecta,3連単,400,9-2-8,7.727476965176601e-07,4482.0,-100,False
2026-10-02,松阪,12,124720261002,1790925900,1790925600,2467,near_close_v2_20260805,trifecta,3連単,401,2-9-8,7.698226624803138e-07,4882.2,-100,False
2026-10-02,松阪,12,124720261002,1790925900,1790925600,2467,near_close_v2_20260805,trifecta,3連単,402,3-8-2,7.601676680784079e-07,1248.4,-100,False
2026-10-02,松阪,12,124720261002,1790925900,1790925600,2467,near_close_v2_20260805,trifecta,3連単,403,8-7-4,7.56160441745756e-07,7194.8,-99,False
2026-10-02,松阪,12,124720261002,1790925900,1790925600,2467,near_close_v2_20260805,trifecta,3連単,404,9-8-2,7.555734828443576e-07,8041.3,-99,False
2026-10-02,松阪,12,124720261002,1790925900,1790925600,2467,near_close_v2_20260805,trifecta,3連単,405,6-3-9,7.552014456204879e-07,7389.3,-99,False
2026-10-02,松阪,12,124720261002,1790925900,1790925600,2467,near_close_v2_20260805,trifecta,3連単,406,6-9-3,7.55082845332088e-07,6668.4,-99,False
2026-10-02,松阪,12,124720261002,1790925900,1790925600,2467,near_close_v2_20260805,trifecta,3連単,407,2-8-3,7.541834223412488e-07,4339.7,-100,False
2026-10-02,松阪,12,124720261002,1790925900,1790925600,2467,near_close_v2_20260805,trifecta,3連単,408,2-8-9,7.498608003310611e-07,6835.1,-99,False
2026-10-02,松阪,12,124720261002,1790925900,1790925600,2467,near_close_v2_20260805,trifecta,3連単,409,4-8-7,7.43128524048434e-07,9427.7,-99,False
2026-10-02,松阪,12,124720261002,1790925900,1790925600,2467,near_close_v2_20260805,trifecta,3連単,410,8-3-2,7.407897715340801e-07,5360.8,-100,False
2026-10-02,松阪,12,124720261002,1790925900,1790925600,2467,near_close_v2_20260805,trifecta,3連単,411,8-2-3,7.378663899006614e-07,5817.1,-100,False
2026-10-02,松阪,12,124720261002,1790925900,1790925600,2467,near_close_v2_20260805,trifecta,3連単,412,8-9-2,7.364282280826958e-07,9999.9,-99,False
2026-10-02,松阪,12,124720261002,1790925900,1790925600,2467,near_close_v2_20260805,trifecta,3連単,413,8-2-9,7.336372893886653e-07,9999.9,-99,False
2026-10-02,松阪,12,124720261002,1790925900,1790925600,2467,near_close_v2_20260805,trifecta,3連単,414,8-4-7,7.335747297558681e-07,8041.3,-99,False
2026-10-02,松阪,12,124720261002,1790925900,1790925600,2467,near_close_v2_20260805,trifecta,3連単,415,7-4-6,7.021825236484675e-07,6075.6,-100,False
2026-10-02,松阪,12,124720261002,1790925900,1790925600,2467,near_close_v2_20260805,trifecta,3連単,416,7-6-4,6.926393849297611e-07,9999.9,-99,False
2026-10-02,松阪,12,124720261002,1790925900,1790925600,2467,near_close_v2_20260805,trifecta,3連単,417,3-2-6,6.821157817126164e-07,942.7,-100,False
2026-10-02,松阪,12,124720261002,1790925900,1790925600,2467,near_close_v2_20260805,trifecta,3連単,418,4-7-6,6.812342677558151e-07,7594.6,-99,False
2026-10-02,松阪,12,124720261002,1790925900,1790925600,2467,near_close_v2_20260805,trifecta,3連単,419,2-3-6,6.794272078648324e-07,1209.7,-100,False
2026-10-02,松阪,12,124720261002,1790925900,1790925600,2467,near_close_v2_20260805,trifecta,3連単,420,9-2-6,6.779908936203268e-07,3645.4,-100,False
2026-10-02,松阪,12,124720261002,1790925900,1790925600,2467,near_close_v2_20260805,trifecta,3連単,421,2-9-6,6.754245366453565e-07,5943.6,-100,False
2026-10-02,松阪,12,124720261002,1790925900,1790925600,2467,near_close_v2_20260805,trifecta,3連単,422,3-6-2,6.668538515516702e-07,3106.8,-100,False
2026-10-02,松阪,12,124720261002,1790925900,1790925600,2467,near_close_v2_20260805,trifecta,3連単,423,6-7-4,6.632403534922904e-07,9999.9,-99,False
2026-10-02,松阪,12,124720261002,1790925900,1790925600,2467,near_close_v2_20260805,trifecta,3連単,424,9-6-2,6.628236376577063e-07,7389.3,-100,False
2026-10-02,松阪,12,124720261002,1790925900,1790925600,2467,near_close_v2_20260805,trifecta,3連単,425,2-6-3,6.61604587414246e-07,2040.3,-100,False
2026-10-02,松阪,12,124720261002,1790925900,1790925600,2467,near_close_v2_20260805,trifecta,3連単,426,2-6-9,6.578125834177648e-07,4409.7,-100,False
2026-10-02,松阪,12,124720261002,1790925900,1790925600,2467,near_close_v2_20260805,trifecta,3連単,427,4-6-7,6.519075828012162e-07,9999.9,-99,False
2026-10-02,松阪,12,124720261002,1790925900,1790925600,2467,near_close_v2_20260805,trifecta,3連単,428,6-3-2,6.497602000960096e-07,4206.2,-100,False
2026-10-02,松阪,12,124720261002,1790925900,1790925600,2467,near_close_v2_20260805,trifecta,3連単,429,6-2-3,6.471964302978845e-07,2734.0,-100,False
2026-10-02,松阪,12,124720261002,1790925900,1790925600,2467,near_close_v2_20260805,trifecta,3連単,430,6-9-2,6.459346260546357e-07,8819.5,-99,False
2026-10-02,松阪,12,124720261002,1790925900,1790925600,2467,near_close_v2_20260805,trifecta,3連単,431,6-2-9,6.43487007030749e-07,9764.4,-99,False
2026-10-02,松阪,12,124720261002,1790925900,1790925600,2467,near_close_v2_20260805,trifecta,3連単,432,6-4-7,6.434329871597577e-07,9999.9,-99,False
2026-10-02,松阪,12,124720261002,1790925900,1790925600,2467,near_close_v2_20260805,trifecta,3連単,433,5-8-6,4.807485697989796e-07,9999.9,-100,False
2026-10-02,松阪,12,124720261002,1790925900,1790925600,2467,near_close_v2_20260805,trifecta,3連単,434,5-6-8,4.806576823974907e-07,9999.9,-100,False
2026-10-02,松阪,12,124720261002,1790925900,1790925600,2467,near_close_v2_20260805,trifecta,3連単,435,3-4-8,4.7399505590016276e-07,3004.4,-100,False
2026-10-02,松阪,12,124720261002,1790925900,1790925600,2467,near_close_v2_20260805,trifecta,3連単,436,9-4-8,4.711294064782661e-07,5158.5,-100,False
2026-10-02,松阪,12,124720261002,1790925900,1790925600,2467,near_close_v2_20260805,trifecta,3連単,437,4-3-8,4.6792792530808396e-07,5817.1,-100,False
2026-10-02,松阪,12,124720261002,1790925900,1790925600,2467,near_close_v2_20260805,trifecta,3連単,438,3-8-4,4.677342688373526e-07,1617.7,-100,False
2026-10-02,松阪,12,124720261002,1790925900,1790925600,2467,near_close_v2_20260805,trifecta,3連単,439,4-9-8,4.6517193091378183e-07,9999.9,-100,False
2026-10-02,松阪,12,124720261002,1790925900,1790925600,2467,near_close_v2_20260805,trifecta,3連単,440,9-8-4,4.649074479114062e-07,9999.9,-100,False
2026-10-02,松阪,12,124720261002,1790925900,1790925600,2467,near_close_v2_20260805,trifecta,3連単,441,4-8-3,4.5582980914398255e-07,9999.9,-100,False
2026-10-02,松阪,12,124720261002,1790925900,1790925600,2467,near_close_v2_20260805,trifecta,3連単,442,8-3-4,4.558109700016119e-07,5943.6,-100,False
2026-10-02,松阪,12,124720261002,1790925900,1790925600,2467,near_close_v2_20260805,trifecta,3連単,443,4-8-9,4.5321720867102513e-07,9999.9,-100,False
2026-10-02,松阪,12,124720261002,1790925900,1790925600,2467,near_close_v2_20260805,trifecta,3連単,444,8-9-4,4.5312729451408093e-07,6509.6,-100,False
2026-10-02,松阪,12,124720261002,1790925900,1790925600,2467,near_close_v2_20260805,trifecta,3連単,445,8-4-3,4.4996957893069937e-07,8819.5,-100,False
2026-10-02,松阪,12,124720261002,1790925900,1790925600,2467,near_close_v2_20260805,trifecta,3連単,446,8-4-9,4.473905665204788e-07,9113.5,-100,False
2026-10-02,松阪,12,124720261002,1790925900,1790925600,2467,near_close_v2_20260805,trifecta,3連単,447,3-4-6,4.1587226072568925e-07,3294.0,-100,False
2026-10-02,松阪,12,124720261002,1790925900,1790925600,2467,near_close_v2_20260805,trifecta,3連単,448,9-4-6,4.133580064340106e-07,8041.3,-100,False
2026-10-02,松阪,12,124720261002,1790925900,1790925600,2467,near_close_v2_20260805,trifecta,3連単,449,4-3-6,4.105491011609674e-07,4080.6,-100,False
2026-10-02,松阪,12,124720261002,1790925900,1790925600,2467,near_close_v2_20260805,trifecta,3連単,450,3-6-4,4.1031789666266196e-07,3106.8,-100,False
2026-10-02,松阪,12,124720261002,1790925900,1790925600,2467,near_close_v2_20260805,trifecta,3連単,451,4-9-6,4.0813105564543117e-07,9999.9,-100,False
2026-10-02,松阪,12,124720261002,1790925900,1790925600,2467,near_close_v2_20260805,trifecta,3連単,452,9-6-4,4.078380896041528e-07,9999.9,-100,False
2026-10-02,松阪,12,124720261002,1790925900,1790925600,2467,near_close_v2_20260805,trifecta,3連単,453,2-4-8,4.022651617546018e-07,3004.4,-100,False
2026-10-02,松阪,12,124720261002,1790925900,1790925600,2467,near_close_v2_20260805,trifecta,3連単,454,4-6-3,3.9987552547293394e-07,4882.2,-100,False
2026-10-02,松阪,12,124720261002,1790925900,1790925600,2467,near_close_v2_20260805,trifecta,3連単,455,6-3-4,3.998001031532579e-07,4971.0,-100,False
2026-10-02,松阪,12,124720261002,1790925900,1790925600,2467,near_close_v2_20260805,trifecta,3連単,456,4-2-8,3.9868760856171465e-07,3905.7,-100,False
2026-10-02,松阪,12,124720261002,1790925900,1790925600,2467,near_close_v2_20260805,trifecta,3連単,457,4-6-9,3.9758362844027483e-07,9764.4,-100,False
2026-10-02,松阪,12,124720261002,1790925900,1790925600,2467,near_close_v2_20260805,trifecta,3連単,458,6-9-4,3.9744621183129684e-07,9999.9,-100,False
2026-10-02,松阪,12,124720261002,1790925900,1790925600,2467,near_close_v2_20260805,trifecta,3連単,459,2-8-4,3.9697279058652494e-07,7194.8,-100,False
2026-10-02,松阪,12,124720261002,1790925900,1790925600,2467,near_close_v2_20260805,trifecta,3連単,460,6-4-3,3.9467726812066103e-07,6213.7,-100,False
2026-10-02,松阪,12,124720261002,1790925900,1790925600,2467,near_close_v2_20260805,trifecta,3連単,461,6-4-9,3.9241516503597254e-07,9999.9,-100,False
2026-10-02,松阪,12,124720261002,1790925900,1790925600,2467,near_close_v2_20260805,trifecta,3連単,462,4-8-2,3.8993901018169774e-07,9999.9,-100,False
2026-10-02,松阪,12,124720261002,1790925900,1790925600,2467,near_close_v2_20260805,trifecta,3連単,463,8-2-4,3.883841399875464e-07,9999.9,-100,False
2026-10-02,松阪,12,124720261002,1790925900,1790925600,2467,near_close_v2_20260805,trifecta,3連単,464,8-4-2,3.8492588396010236e-07,9999.9,-100,False
2026-10-02,松阪,12,124720261002,1790925900,1790925600,2467,near_close_v2_20260805,trifecta,3連単,465,8-5-6,3.7023666926207205e-07,9999.9,-100,False
2026-10-02,松阪,12,124720261002,1790925900,1790925600,2467,near_close_v2_20260805,trifecta,3連単,466,6-5-8,3.7011286069899914e-07,9999.9,-100,False
2026-10-02,松阪,12,124720261002,1790925900,1790925600,2467,near_close_v2_20260805,trifecta,3連単,467,2-4-6,3.529381164374585e-07,431.2,-100,False
2026-10-02,松阪,12,124720261002,1790925900,1790925600,2467,near_close_v2_20260805,trifecta,3連単,468,4-2-6,3.49799254300243e-07,505.3,-100,False
2026-10-02,松阪,12,124720261002,1790925900,1790925600,2467,near_close_v2_20260805,trifecta,3連単,469,2-6-4,3.4824289629087373e-07,1016.3,-100,False
2026-10-02,松阪,12,124720261002,1790925900,1790925600,2467,near_close_v2_20260805,trifecta,3連単,470,4-6-2,3.4207299187304707e-07,1562.3,-100,False
2026-10-02,松阪,12,124720261002,1790925900,1790925600,2467,near_close_v2_20260805,trifecta,3連単,471,6-2-4,3.4065900334353826e-07,1340.2,-100,False
2026-10-02,松阪,12,124720261002,1790925900,1790925600,2467,near_close_v2_20260805,trifecta,3連単,472,6-4-2,3.376261494639874e-07,1562.3,-100,False
2026-10-02,松阪,12,124720261002,1790925900,1790925600,2467,near_close_v2_20260805,trifecta,3連単,473,8-6-5,2.849861301343203e-07,9999.9,-100,False
2026-10-02,松阪,12,124720261002,1790925900,1790925600,2467,near_close_v2_20260805,trifecta,3連単,474,6-8-5,2.849446995910436e-07,9999.9,-100,False
2026-10-02,松阪,12,124720261002,1790925900,1790925600,2467,near_close_v2_20260805,trifecta,3連単,475,7-8-6,5.849708622170259e-08,8819.5,-100,False
2026-10-02,松阪,12,124720261002,1790925900,1790925600,2467,near_close_v2_20260805,trifecta,3連単,476,7-6-8,5.848819545107409e-08,9999.9,-100,False
2026-10-02,松阪,12,124720261002,1790925900,1790925600,2467,near_close_v2_20260805,trifecta,3連単,477,8-7-6,5.602232576822095e-08,9999.9,-100,False
2026-10-02,松阪,12,124720261002,1790925900,1790925600,2467,near_close_v2_20260805,trifecta,3連単,478,6-7-8,5.600566798555691e-08,9999.9,-100,False
2026-10-02,松阪,12,124720261002,1790925900,1790925600,2467,near_close_v2_20260805,trifecta,3連単,479,8-6-7,5.3641639522311993e-08,9999.9,-100,False
2026-10-02,松阪,12,124720261002,1790925900,1790925600,2467,near_close_v2_20260805,trifecta,3連単,480,6-8-7,5.363384124010572e-08,9999.9,-100,False
2026-10-02,松阪,12,124720261002,1790925900,1790925600,2467,near_close_v2_20260805,trifecta,3連単,481,3-8-6,3.465344143270752e-08,3550.7,-100,False
2026-10-02,松阪,12,124720261002,1790925900,1790925600,2467,near_close_v2_20260805,trifecta,3連単,482,3-6-8,3.4648265546599045e-08,6213.7,-100,False
2026-10-02,松阪,12,124720261002,1790925900,1790925600,2467,near_close_v2_20260805,trifecta,3連単,483,9-8-6,3.4444008256811446e-08,9999.9,-100,False
2026-10-02,松阪,12,124720261002,1790925900,1790925600,2467,near_close_v2_20260805,trifecta,3連単,484,9-6-8,3.443886445986508e-08,8543.9,-100,False
2026-10-02,松阪,12,124720261002,1790925900,1790925600,2467,near_close_v2_20260805,trifecta,3連単,485,8-3-6,3.3770069472564296e-08,9999.9,-100,False
2026-10-02,松阪,12,124720261002,1790925900,1790925600,2467,near_close_v2_20260805,trifecta,3連単,486,6-3-8,3.37601168564196e-08,9999.9,-100,False
2026-10-02,松阪,12,124720261002,1790925900,1790925600,2467,near_close_v2_20260805,trifecta,3連単,487,8-9-6,3.3571241639053805e-08,9999.9,-100,False
2026-10-02,松阪,12,124720261002,1790925900,1790925600,2467,near_close_v2_20260805,trifecta,3連単,488,6-9-8,3.356134840821273e-08,9999.9,-100,False
2026-10-02,松阪,12,124720261002,1790925900,1790925600,2467,near_close_v2_20260805,trifecta,3連単,489,8-6-3,3.2903404343058346e-08,9999.9,-100,False
2026-10-02,松阪,12,124720261002,1790925900,1790925600,2467,near_close_v2_20260805,trifecta,3連単,490,6-8-3,3.289862093160972e-08,9999.9,-100,False
2026-10-02,松阪,12,124720261002,1790925900,1790925600,2467,near_close_v2_20260805,trifecta,3連単,491,8-6-9,3.2714817620505e-08,9999.9,-100,False
2026-10-02,松阪,12,124720261002,1790925900,1790925600,2467,near_close_v2_20260805,trifecta,3連単,492,6-8-9,3.271006162530419e-08,9999.9,-100,False
2026-10-02,松阪,12,124720261002,1790925900,1790925600,2467,near_close_v2_20260805,trifecta,3連単,493,2-8-6,2.9410873364406432e-08,8285.0,-100,False
2026-10-02,松阪,12,124720261002,1790925900,1790925600,2467,near_close_v2_20260805,trifecta,3連単,494,2-6-8,2.9406497848478867e-08,5579.7,-100,False
2026-10-02,松阪,12,124720261002,1790925900,1790925600,2467,near_close_v2_20260805,trifecta,3連単,495,8-2-6,2.8774558430165026e-08,9999.9,-100,False
2026-10-02,松阪,12,124720261002,1790925900,1790925600,2467,near_close_v2_20260805,trifecta,3連単,496,6-2-8,2.8766095031898114e-08,9999.9,-100,False
2026-10-02,松阪,12,124720261002,1790925900,1790925600,2467,near_close_v2_20260805,trifecta,3連単,497,8-6-2,2.8147173931504872e-08,9999.9,-100,False
2026-10-02,松阪,12,124720261002,1790925900,1790925600,2467,near_close_v2_20260805,trifecta,3連単,498,6-8-2,2.8143081968477985e-08,9999.9,-100,False
2026-10-02,松阪,12,124720261002,1790925900,1790925600,2467,near_close_v2_20260805,trifecta,3連単,499,4-8-6,1.7775984455926146e-08,9999.9,-100,False
2026-10-02,松阪,12,124720261002,1790925900,1790925600,2467,near_close_v2_20260805,trifecta,3連単,500,4-6-8,1.7773363430620598e-08,6668.4,-100,False
2026-10-02,松阪,12,124720261002,1790925900,1790925600,2467,near_close_v2_20260805,trifecta,3連単,501,8-4-6,1.7547453194719038e-08,9999.9,-100,False
2026-10-02,松阪,12,124720261002,1790925900,1790925600,2467,near_close_v2_20260805,trifecta,3連単,502,6-4-8,1.7542315238764966e-08,9999.9,-100,False
2026-10-02,松阪,12,124720261002,1790925900,1790925600,2467,near_close_v2_20260805,trifecta,3連単,503,8-6-4,1.73190710043883e-08,9999.9,-100,False
2026-10-02,松阪,12,124720261002,1790925900,1790925600,2467,near_close_v2_20260805,trifecta,3連単,504,6-8-4,1.731655320283627e-08,9999.9,-100,False
2026-10-02,松阪,12,124720261002,1790925900,1790925600,2467,near_close_v2_20260805,trio,3連複,1,1-5-7,0.2834778969729266,13.3,277,False
2026-10-02,松阪,12,124720261002,1790925900,1790925600,2467,near_close_v2_20260805,trio,3連複,2,1-5-9,0.17004147756905968,2.1,-64,False
2026-10-02,松阪,12,124720261002,1790925900,1790925600,2467,near_close_v2_20260805,trio,3連複,3,1-7-9,0.018205057131438548,56.4,3,False
2026-10-02,松阪,12,124720261002,1790925900,1790925600,2467,near_close_v2_20260805,trio,3連複,4,1-3-9,0.010858526722782612,40.2,-56,False
2026-10-02,松阪,12,124720261002,1790925900,1790925600,2467,near_close_v2_20260805,trio,3連複,5,1-5-8,0.007432730900681542,50.3,-63,False
2026-10-02,松阪,12,124720261002,1790925900,1790925600,2467,near_close_v2_20260805,trio,3連複,6,1-5-6,0.006520513333510117,75.2,-51,False
2026-10-02,松阪,12,124720261002,1790925900,1790925600,2467,near_close_v2_20260805,trio,3連複,7,1-3-4,0.005637260065801821,139.5,-21,False
2026-10-02,松阪,12,124720261002,1790925900,1790925600,2467,near_close_v2_20260805,trio,3連複,8,1-2-4,0.00479232050776436,66.1,-68,False
2026-10-02,松阪,12,124720261002,1790925900,1790925600,2467,near_close_v2_20260805,trio,3連複,9,5-7-9,0.0022824572461588293,69.2,-84,False
2026-10-02,松阪,12,124720261002,1790925900,1790925600,2467,near_close_v2_20260805,trio,3連複,10,1-7-8,0.0007837313213899334,186.1,-85,False
2026-10-02,松阪,12,124720261002,1790925900,1790925600,2467,near_close_v2_20260805,trio,3連複,11,1-3-8,0.0004670122748976987,67.9,-97,False
2026-10-02,松阪,12,124720261002,1790925900,1790925600,2467,near_close_v2_20260805,trio,3連複,12,1-3-6,0.0004096594285957349,234.8,-90,False
2026-10-02,松阪,12,124720261002,1790925900,1790925600,2467,near_close_v2_20260805,trio,3連複,13,1-2-8,0.0003969718352446731,222.3,-91,False
2026-10-02,松阪,12,124720261002,1790925900,1790925600,2467,near_close_v2_20260805,trio,3連複,14,1-2-6,0.000348220102521809,137.3,-95,False
2026-10-02,松阪,12,124720261002,1790925900,1790925600,2467,near_close_v2_20260805,trio,3連複,15,1-4-8,0.0002408349082024195,358.9,-91,False
2026-10-02,松阪,12,124720261002,1790925900,1790925600,2467,near_close_v2_20260805,trio,3連複,16,1-4-6,0.00021125764181620745,398.8,-92,False
2026-10-02,松阪,12,124720261002,1790925900,1790925600,2467,near_close_v2_20260805,trio,3連複,17,5-7-8,9.938096782328877e-05,302.7,-97,False
2026-10-02,松阪,12,124720261002,1790925900,1790925600,2467,near_close_v2_20260805,trio,3連複,18,3-4-8,2.7712676081218934e-06,584.3,-100,False
2026-10-02,松阪,12,124720261002,1790925900,1790925600,2467,near_close_v2_20260805,trio,3連複,19,3-4-6,2.4310921552961713e-06,465.3,-100,False
2026-10-02,松阪,12,124720261002,1790925900,1790925600,2467,near_close_v2_20260805,trio,3連複,20,2-4-8,2.361174595032188e-06,584.3,-100,False
2026-10-02,松阪,12,124720261002,1790925900,1790925600,2467,near_close_v2_20260805,trio,3連複,21,2-4-6,2.071338411709148e-06,82.6,-100,False
2026-10-02,久留米,2,028320261002,1790926320,1790926020,2887,near_close_v2_20260805,exacta,2車単,1,4-7,0.26199679333127474,6.0,57,False
2026-10-02,久留米,2,028320261002,1790926320,1790926020,2887,near_close_v2_20260805,exacta,2車単,2,4-1,0.1688442451407892,7.8,32,False
2026-10-02,久留米,2,028320261002,1790926320,1790926020,2887,near_close_v2_20260805,exacta,2車単,3,4-3,0.15892352504087245,12.1,92,False
2026-10-02,久留米,2,028320261002,1790926320,1790926020,2887,near_close_v2_20260805,exacta,2車単,4,4-5,0.1142003328000641,22.5,157,False
2026-10-02,久留米,2,028320261002,1790926320,1790926020,2887,near_close_v2_20260805,exacta,2車単,5,7-4,0.06951515463257792,19.6,36,False
2026-10-02,久留米,2,028320261002,1790926320,1790926020,2887,near_close_v2_20260805,exacta,2車単,6,4-2,0.04719519014478943,9.8,-54,False
2026-10-02,久留米,2,028320261002,1790926320,1790926020,2887,near_close_v2_20260805,exacta,2車単,7,1-4,0.04338268584013998,12.1,-48,False
2026-10-02,久留米,2,028320261002,1790926320,1790926020,2887,near_close_v2_20260805,exacta,2車単,8,3-4,0.040696626508968645,39.3,60,False
2026-10-02,久留米,2,028320261002,1790926320,1790926020,2887,near_close_v2_20260805,exacta,2車単,9,5-4,0.028808211568454645,157.5,354,False
2026-10-02,久留米,2,028320261002,1790926320,1790926020,2887,near_close_v2_20260805,exacta,2車単,10,2-4,0.01164544295831596,14.3,-83,False
2026-10-02,久留米,2,028320261002,1790926320,1790926020,2887,near_close_v2_20260805,exacta,2車単,11,4-6,0.005827762606608404,157.5,-8,False
2026-10-02,久留米,2,028320261002,1790926320,1790926020,2887,near_close_v2_20260805,exacta,2車単,12,7-1,0.004977553408273801,26.2,-87,False
2026-10-02,久留米,2,028320261002,1790926320,1790926020,2887,near_close_v2_20260805,exacta,2車単,13,1-7,0.004820172541510371,26.2,-87,False
2026-10-02,久留米,2,028320261002,1790926320,1790926020,2887,near_close_v2_20260805,exacta,2車単,14,7-3,0.004685089107197415,11.2,-95,False
2026-10-02,久留米,2,028320261002,1790926320,1790926020,2887,near_close_v2_20260805,exacta,2車単,15,3-7,0.004521729298952984,11.2,-95,False
2026-10-02,久留米,2,028320261002,1790926320,1790926020,2887,near_close_v2_20260805,exacta,2車単,16,7-5,0.003366642761682369,157.5,-47,False
2026-10-02,久留米,2,028320261002,1790926320,1790926020,2887,near_close_v2_20260805,exacta,2車単,17,5-7,0.0032008288026234943,9999.9,3101,False
2026-10-02,久留米,2,028320261002,1790926320,1790926020,2887,near_close_v2_20260805,exacta,2車単,18,1-3,0.002923848043565374,52.5,-85,False
2026-10-02,久留米,2,028320261002,1790926320,1790926020,2887,near_close_v2_20260805,exacta,2車単,19,3-1,0.002914035551753338,31.5,-91,False
2026-10-02,久留米,2,028320261002,1790926320,1790926020,2887,near_close_v2_20260805,exacta,2車単,20,1-5,0.0021010383424738877,12.1,-97,False
2026-10-02,久留米,2,028320261002,1790926320,1790926020,2887,near_close_v2_20260805,exacta,2車単,21,5-1,0.002062779151348289,31.5,-94,False
2026-10-02,久留米,2,028320261002,1790926320,1790926020,2887,near_close_v2_20260805,exacta,2車単,22,3-5,0.0019709515685533783,78.7,-84,False
2026-10-02,久留米,2,028320261002,1790926320,1790926020,2887,near_close_v2_20260805,exacta,2車単,23,5-3,0.0019415771845805961,9999.9,1842,False
2026-10-02,久留米,2,028320261002,1790926320,1790926020,2887,near_close_v2_20260805,exacta,2車単,24,6-4,0.0014188716341831287,9999.9,1319,False
2026-10-02,久留米,2,028320261002,1790926320,1790926020,2887,near_close_v2_20260805,exacta,2車単,25,7-2,0.001391321210642647,78.7,-89,False
2026-10-02,久留米,2,028320261002,1790926320,1790926020,2887,near_close_v2_20260805,exacta,2車単,26,2-7,0.0012939043144595394,9999.9,1194,False
2026-10-02,久留米,2,028320261002,1790926320,1790926020,2887,near_close_v2_20260805,exacta,2車単,27,1-2,0.0008682890990182183,39.3,-97,False
2026-10-02,久留米,2,028320261002,1790926320,1790926020,2887,near_close_v2_20260805,exacta,2車単,28,2-1,0.0008338586685795613,157.5,-87,False
2026-10-02,久留米,2,028320261002,1790926320,1790926020,2887,near_close_v2_20260805,exacta,2車単,29,3-2,0.0008145285724070626,9999.9,715,False
2026-10-02,久留米,2,028320261002,1790926320,1790926020,2887,near_close_v2_20260805,exacta,2車単,30,2-3,0.0007848639370921533,157.5,-88,False
2026-10-02,久留米,2,028320261002,1790926320,1790926020,2887,near_close_v2_20260805,exacta,2車単,31,5-2,0.0005765861560363682,78.7,-95,False
2026-10-02,久留米,2,028320261002,1790926320,1790926020,2887,near_close_v2_20260805,exacta,2車単,32,2-5,0.0005639927933617173,78.7,-96,False
2026-10-02,久留米,2,028320261002,1790926320,1790926020,2887,near_close_v2_20260805,exacta,2車単,33,7-6,0.00017180330665665403,157.5,-97,False
2026-10-02,久留米,2,028320261002,1790926320,1790926020,2887,near_close_v2_20260805,exacta,2車単,34,6-7,0.00015764828660491705,9999.9,58,False
2026-10-02,久留米,2,028320261002,1790926320,1790926020,2887,near_close_v2_20260805,exacta,2車単,35,1-6,0.0001072181874352029,78.7,-99,False
2026-10-02,久留米,2,028320261002,1790926320,1790926020,2887,near_close_v2_20260805,exacta,2車単,36,6-1,0.0001015966860170292,78.7,-99,False
2026-10-02,久留米,2,028320261002,1790926320,1790926020,2887,near_close_v2_20260805,exacta,2車単,37,3-6,0.00010057972309731404,78.7,-99,False
2026-10-02,久留米,2,028320261002,1790926320,1790926020,2887,near_close_v2_20260805,exacta,2車単,38,6-3,9.56272063690043e-05,78.7,-99,False
2026-10-02,久留米,2,028320261002,1790926320,1790926020,2887,near_close_v2_20260805,exacta,2車単,39,5-6,7.119808669756588e-05,9999.9,-29,False
2026-10-02,久留米,2,028320261002,1790926320,1790926020,2887,near_close_v2_20260805,exacta,2車単,40,6-5,6.871643949045359e-05,9999.9,-31,False
2026-10-02,久留米,2,028320261002,1790926320,1790926020,2887,near_close_v2_20260805,exacta,2車単,41,2-6,2.878114302262516e-05,9999.9,-71,False
2026-10-02,久留米,2,028320261002,1790926320,1790926020,2887,near_close_v2_20260805,exacta,2車単,42,6-2,2.839821345794759e-05,9999.9,-72,False
2026-10-02,久留米,2,028320261002,1790926320,1790926020,2887,near_close_v2_20260805,quinella,2車複,1,4-7,0.33151194796385264,6.6,119,False
2026-10-02,久留米,2,028320261002,1790926320,1790926020,2887,near_close_v2_20260805,quinella,2車複,2,4-5,0.14300854436851873,23.8,240,False
2026-10-02,久留米,2,028320261002,1790926320,1790926020,2887,near_close_v2_20260805,quinella,2車複,3,4-6,0.007246634240791533,29.8,-78,False
2026-10-02,久留米,2,028320261002,1790926320,1790926020,2887,near_close_v2_20260805,quinella,2車複,4,1-3,0.005837883595318712,11.9,-93,False
2026-10-02,久留米,2,028320261002,1790926320,1790926020,2887,near_close_v2_20260805,quinella,2車複,5,1-5,0.004163817493822177,10.8,-96,False
2026-10-02,久留米,2,028320261002,1790926320,1790926020,2887,near_close_v2_20260805,quinella,2車複,6,3-5,0.003912528753133975,29.8,-88,False
2026-10-02,久留米,2,028320261002,1790926320,1790926020,2887,near_close_v2_20260805,quinella,2車複,7,1-2,0.0017021477675977796,23.8,-96,False
2026-10-02,久留米,2,028320261002,1790926320,1790926020,2887,near_close_v2_20260805,quinella,2車複,8,1-6,0.0002088148734522321,59.6,-99,False
2026-10-02,久留米,2,028320261002,1790926320,1790926020,2887,near_close_v2_20260805,quinella,2車複,9,3-6,0.00019620692946631835,9.9,-100,False
2026-10-02,久留米,2,028320261002,1790926320,1790926020,2887,near_close_v2_20260805,quinella,2車複,10,5-6,0.00013991452618801947,9999.9,40,False
2026-10-02,久留米,2,028320261002,1790926320,1790926020,2887,near_close_v2_20260805,quinella,2車複,11,2-6,5.717935648057275e-05,9.1,-100,False
2026-10-02,久留米,2,028320261002,1790926320,1790926020,2887,near_close_v2_20260805,quinella_place,ワイド,1,4-7,0.6208855662367272,5.4,235,False
2026-10-02,久留米,2,028320261002,1790926320,1790926020,2887,near_close_v2_20260805,quinella_place,ワイド,2,4-5,0.32277524022195575,4.7,52,False
2026-10-02,久留米,2,028320261002,1790926320,1790926020,2887,near_close_v2_20260805,quinella_place,ワイド,3,1-3,0.12137239273758059,6.5,-21,False
2026-10-02,久留米,2,028320261002,1790926320,1790926020,2887,near_close_v2_20260805,quinella_place,ワイド,4,1-5,0.08437849744072838,6.7,-43,False
2026-10-02,久留米,2,028320261002,1790926320,1790926020,2887,near_close_v2_20260805,quinella_place,ワイド,5,3-5,0.07877096569304701,13.2,4,False
2026-10-02,久留米,2,028320261002,1790926320,1790926020,2887,near_close_v2_20260805,quinella_place,ワイド,6,1-2,0.03339570260954009,8.6,-71,False
2026-10-02,久留米,2,028320261002,1790926320,1790926020,2887,near_close_v2_20260805,quinella_place,ワイド,7,4-6,0.01772876148362975,4.0,-93,False
2026-10-02,久留米,2,028320261002,1790926320,1790926020,2887,near_close_v2_20260805,quinella_place,ワイド,8,1-6,0.004027875979669466,12.8,-95,False
2026-10-02,久留米,2,028320261002,1790926320,1790926020,2887,near_close_v2_20260805,quinella_place,ワイド,9,3-6,0.0037579734617642323,3.3,-99,False
2026-10-02,久留米,2,028320261002,1790926320,1790926020,2887,near_close_v2_20260805,quinella_place,ワイド,10,5-6,0.00260207428718457,7.0,-98,False
2026-10-02,久留米,2,028320261002,1790926320,1790926020,2887,near_close_v2_20260805,quinella_place,ワイド,11,2-6,0.0010242052471536405,6.9,-99,False
2026-10-02,久留米,2,028320261002,1790926320,1790926020,2887,near_close_v2_20260805,trifecta,3連単,1,4-7-1,0.08936858613295187,34.0,204,True
2026-10-02,久留米,2,028320261002,1790926320,1790926020,2887,near_close_v2_20260805,trifecta,3連単,2,4-7-3,0.08411758851671074,34.0,186,True
2026-10-02,久留米,2,028320261002,1790926320,1790926020,2887,near_close_v2_20260805,trifecta,3連単,3,4-1-7,0.07521403022019789,41.1,209,True
2026-10-02,久留米,2,028320261002,1790926320,1790926020,2887,near_close_v2_20260805,trifecta,3連単,4,4-3-7,0.06962036067540663,46.5,224,True
2026-10-02,久留米,2,028320261002,1790926320,1790926020,2887,near_close_v2_20260805,trifecta,3連単,5,4-7-5,0.06044578107914891,68.8,316,True
2026-10-02,久留米,2,028320261002,1790926320,1790926020,2887,near_close_v2_20260805,trifecta,3連単,6,4-5-7,0.04654745189338292,88.0,310,True
2026-10-02,久留米,2,028320261002,1790926320,1790926020,2887,near_close_v2_20260805,trifecta,3連単,7,4-1-3,0.04562375998247642,63.3,189,True
2026-10-02,久留米,2,028320261002,1790926320,1790926020,2887,near_close_v2_20260805,trifecta,3連単,8,4-3-1,0.04486695083250591,66.0,196,True
2026-10-02,久留米,2,028320261002,1790926320,1790926020,2887,near_close_v2_20260805,trifecta,3連単,9,4-1-5,0.032784627526032194,32.3,6,False
2026-10-02,久留米,2,028320261002,1790926320,1790926020,2887,near_close_v2_20260805,trifecta,3連単,10,4-3-5,0.03034643385401639,176.0,434,True
2026-10-02,久留米,2,028320261002,1790926320,1790926020,2887,near_close_v2_20260805,trifecta,3連単,11,4-5-1,0.029997578513214843,41.6,25,False
2026-10-02,久留米,2,028320261002,1790926320,1790926020,2887,near_close_v2_20260805,trifecta,3連単,12,4-5-3,0.028235021667663302,117.3,231,True
2026-10-02,久留米,2,028320261002,1790926320,1790926020,2887,near_close_v2_20260805,trifecta,3連単,13,4-7-2,0.024980226077582383,56.5,41,False
2026-10-02,久留米,2,028320261002,1790926320,1790926020,2887,near_close_v2_20260805,trifecta,3連単,14,7-4-1,0.023712011911809234,58.6,39,False
2026-10-02,久留米,2,028320261002,1790926320,1790926020,2887,near_close_v2_20260805,trifecta,3連単,15,7-4-3,0.02231877382432335,77.2,72,False
2026-10-02,久留米,2,028320261002,1790926320,1790926020,2887,near_close_v2_20260805,trifecta,3連単,16,1-4-7,0.019325424097770272,68.8,33,False
2026-10-02,久留米,2,028320261002,1790926320,1790926020,2887,near_close_v2_20260805,trifecta,3連単,17,3-4-7,0.01782815863855292,121.8,117,True
2026-10-02,久留米,2,028320261002,1790926320,1790926020,2887,near_close_v2_20260805,trifecta,3連単,18,4-2-7,0.017420564052346824,30.7,-47,False
2026-10-02,久留米,2,028320261002,1790926320,1790926020,2887,near_close_v2_20260805,trifecta,3連単,19,7-4-5,0.01603797422547464,126.7,103,True
2026-10-02,久留米,2,028320261002,1790926320,1790926020,2887,near_close_v2_20260805,trifecta,3連単,20,4-1-2,0.0135487935278269,33.3,-55,False
2026-10-02,久留米,2,028320261002,1790926320,1790926020,2887,near_close_v2_20260805,trifecta,3連単,21,4-3-2,0.012541169371756635,166.7,109,True
2026-10-02,久留米,2,028320261002,1790926320,1790926020,2887,near_close_v2_20260805,trifecta,3連単,22,5-4-7,0.011742074731644623,243.6,186,True
2026-10-02,久留米,2,028320261002,1790926320,1790926020,2887,near_close_v2_20260805,trifecta,3連単,23,1-4-3,0.011722527140414642,137.7,61,False
2026-10-02,久留米,2,028320261002,1790926320,1790926020,2887,near_close_v2_20260805,trifecta,3連単,24,3-4-1,0.011489384848197604,186.3,114,True
2026-10-02,久留米,2,028320261002,1790926320,1790926020,2887,near_close_v2_20260805,trifecta,3連単,25,4-2-1,0.011226709876659222,11.3,-87,False
2026-10-02,久留米,2,028320261002,1790926320,1790926020,2887,near_close_v2_20260805,trifecta,3連単,26,4-2-3,0.010567066154503124,73.6,-22,False
2026-10-02,久留米,2,028320261002,1790926320,1790926020,2887,near_close_v2_20260805,trifecta,3連単,27,1-4-5,0.008423652195915239,68.8,-42,False
2026-10-02,久留米,2,028320261002,1790926320,1790926020,2887,near_close_v2_20260805,trifecta,3連単,28,4-5-2,0.00838489591773721,51.0,-57,False
2026-10-02,久留米,2,028320261002,1790926320,1790926020,2887,near_close_v2_20260805,trifecta,3連単,29,3-4-5,0.00777101743822009,452.5,252,False
2026-10-02,久留米,2,028320261002,1790926320,1790926020,2887,near_close_v2_20260805,trifecta,3連単,30,4-2-5,0.007593353288974627,24.1,-82,False
2026-10-02,久留米,2,028320261002,1790926320,1790926020,2887,near_close_v2_20260805,trifecta,3連単,31,5-4-1,0.007567198511259829,93.1,-30,False
2026-10-02,久留米,2,028320261002,1790926320,1790926020,2887,near_close_v2_20260805,trifecta,3連単,32,5-4-3,0.007122575371702321,316.8,126,False
2026-10-02,久留米,2,028320261002,1790926320,1790926020,2887,near_close_v2_20260805,trifecta,3連単,33,7-4-2,0.006627960046611026,150.8,0,False
2026-10-02,久留米,2,028320261002,1790926320,1790926020,2887,near_close_v2_20260805,trifecta,3連単,34,7-1-4,0.004372745440235677,53.6,-77,False
2026-10-02,久留米,2,028320261002,1790926320,1790926020,2887,near_close_v2_20260805,trifecta,3連単,35,2-4-7,0.004298535175955686,132.0,-43,False
2026-10-02,久留米,2,028320261002,1790926320,1790926020,2887,near_close_v2_20260805,trifecta,3連単,36,1-7-4,0.004234487462656529,117.3,-50,False
2026-10-02,久留米,2,028320261002,1790926320,1790926020,2887,near_close_v2_20260805,trifecta,3連単,37,7-3-4,0.004100661587827705,34.8,-86,False
2026-10-02,久留米,2,028320261002,1790926320,1790926020,2887,near_close_v2_20260805,trifecta,3連単,38,3-7-4,0.0039576796134542114,79.2,-69,False
2026-10-02,久留米,2,028320261002,1790926320,1790926020,2887,near_close_v2_20260805,trifecta,3連単,39,1-4-2,0.003481214610782374,93.1,-68,False
2026-10-02,久留米,2,028320261002,1790926320,1790926020,2887,near_close_v2_20260805,trifecta,3連単,40,3-4-2,0.003211502424054807,264.0,-15,False
2026-10-02,久留米,2,028320261002,1790926320,1790926020,2887,near_close_v2_20260805,trifecta,3連単,41,4-7-6,0.003084611524880811,176.0,-46,False
2026-10-02,久留米,2,028320261002,1790926320,1790926020,2887,near_close_v2_20260805,trifecta,3連単,42,7-5-4,0.002898563545521661,316.8,-8,False
2026-10-02,久留米,2,028320261002,1790926320,1790926020,2887,near_close_v2_20260805,trifecta,3連単,43,2-4-1,0.002770197748480344,105.6,-71,False
2026-10-02,久留米,2,028320261002,1790926320,1790926020,2887,near_close_v2_20260805,trifecta,3連単,44,5-7-4,0.0027558034337162433,264.0,-27,False
2026-10-02,久留米,2,028320261002,1790926320,1790926020,2887,near_close_v2_20260805,trifecta,3連単,45,2-4-3,0.002607430243664428,243.6,-36,False
2026-10-02,久留米,2,028320261002,1790926320,1790926020,2887,near_close_v2_20260805,trifecta,3連単,46,1-3-4,0.0024735931231209263,198.0,-51,False
2026-10-02,久留米,2,028320261002,1790926320,1790926020,2887,near_close_v2_20260805,trifecta,3連単,47,3-1-4,0.002465291695719338,264.0,-35,False
2026-10-02,久留米,2,028320261002,1790926320,1790926020,2887,near_close_v2_20260805,trifecta,3連単,48,5-4-2,0.0021151764592538,166.7,-65,False
2026-10-02,久留米,2,028320261002,1790926320,1790926020,2887,near_close_v2_20260805,trifecta,3連単,49,4-6-7,0.002032662734288015,528.0,7,False
2026-10-02,久留米,2,028320261002,1790926320,1790926020,2887,near_close_v2_20260805,trifecta,3連単,50,2-4-5,0.001873664717057142,226.2,-58,False
2026-10-02,久留米,2,028320261002,1790926320,1790926020,2887,near_close_v2_20260805,trifecta,3連単,51,1-5-4,0.0017494206072326414,73.6,-87,False
2026-10-02,久留米,2,028320261002,1790926320,1790926020,2887,near_close_v2_20260805,trifecta,3連単,52,5-1-4,0.001717564255057571,45.2,-92,False
2026-10-02,久留米,2,028320261002,1790926320,1790926020,2887,near_close_v2_20260805,trifecta,3連単,53,4-1-6,0.0016730338842557886,288.0,-52,False
2026-10-02,久留米,2,028320261002,1790926320,1790926020,2887,near_close_v2_20260805,trifecta,3連単,54,3-5-4,0.001635375511832285,1056.0,73,False
2026-10-02,久留米,2,028320261002,1790926320,1790926020,2887,near_close_v2_20260805,trifecta,3連単,55,5-3-4,0.0016110024379370673,198.0,-68,False
2026-10-02,久留米,2,028320261002,1790926320,1790926020,2887,near_close_v2_20260805,trifecta,3連単,56,4-3-6,0.0015486103071868874,126.7,-80,False
2026-10-02,久留米,2,028320261002,1790926320,1790926020,2887,near_close_v2_20260805,trifecta,3連単,57,4-6-1,0.0013099526930572703,633.6,-17,False
2026-10-02,久留米,2,028320261002,1790926320,1790926020,2887,near_close_v2_20260805,trifecta,3連単,58,4-6-3,0.0012329842775740123,452.5,-44,False
2026-10-02,久留米,2,028320261002,1790926320,1790926020,2887,near_close_v2_20260805,trifecta,3連単,59,7-2-4,0.0011692734744781891,226.2,-74,False
2026-10-02,久留米,2,028320261002,1790926320,1790926020,2887,near_close_v2_20260805,trifecta,3連単,60,2-7-4,0.0010874038157670351,352.0,-62,False
2026-10-02,久留米,2,028320261002,1790926320,1790926020,2887,near_close_v2_20260805,trifecta,3連単,61,4-5-6,0.0010353848080658136,396.0,-59,False
2026-10-02,久留米,2,028320261002,1790926320,1790926020,2887,near_close_v2_20260805,trifecta,3連単,62,4-6-5,0.0008860061139468533,1056.0,-6,False
2026-10-02,久留米,2,028320261002,1790926320,1790926020,2887,near_close_v2_20260805,trifecta,3連単,63,7-4-6,0.0008184346243596762,352.0,-71,False
2026-10-02,久留米,2,028320261002,1790926320,1790926020,2887,near_close_v2_20260805,trifecta,3連単,64,1-2-4,0.0007062667922506932,226.2,-84,False
2026-10-02,久留米,2,028320261002,1790926320,1790926020,2887,near_close_v2_20260805,trifecta,3連単,65,2-1-4,0.0006782610627198073,264.0,-82,False
2026-10-02,久留米,2,028320261002,1790926320,1790926020,2887,near_close_v2_20260805,trifecta,3連単,66,3-2-4,0.0006602783874550158,352.0,-77,False
2026-10-02,久留米,2,028320261002,1790926320,1790926020,2887,near_close_v2_20260805,trifecta,3連単,67,2-3-4,0.0006362314500808155,528.0,-66,False
2026-10-02,久留米,2,028320261002,1790926320,1790926020,2887,near_close_v2_20260805,trifecta,3連単,68,6-4-7,0.0004948876078569097,633.6,-69,False
2026-10-02,久留米,2,028320261002,1790926320,1790926020,2887,near_close_v2_20260805,trifecta,3連単,69,5-2-4,0.0004603187611084271,226.2,-90,False
2026-10-02,久留米,2,028320261002,1790926320,1790926020,2887,near_close_v2_20260805,trifecta,3連単,70,2-5-4,0.00045026482373255506,633.6,-71,False
2026-10-02,久留米,2,028320261002,1790926320,1790926020,2887,near_close_v2_20260805,trifecta,3連単,71,1-4-6,0.0004298677952574411,452.5,-81,False
2026-10-02,久留米,2,028320261002,1790926320,1790926020,2887,near_close_v2_20260805,trifecta,3連単,72,3-4-6,0.0003965631599432208,198.0,-92,False
2026-10-02,久留米,2,028320261002,1790926320,1790926020,2887,near_close_v2_20260805,trifecta,3連単,73,4-2-6,0.00038749677230562703,150.8,-94,False
2026-10-02,久留米,2,028320261002,1790926320,1790926020,2887,near_close_v2_20260805,trifecta,3連単,74,4-6-2,0.0003661567877422528,1056.0,-61,False
2026-10-02,久留米,2,028320261002,1790926320,1790926020,2887,near_close_v2_20260805,trifecta,3連単,75,6-4-1,0.0003189310965057385,1056.0,-66,False
2026-10-02,久留米,2,028320261002,1790926320,1790926020,2887,near_close_v2_20260805,trifecta,3連単,76,6-4-3,0.00030019177769179453,3168.0,-5,False
2026-10-02,久留米,2,028320261002,1790926320,1790926020,2887,near_close_v2_20260805,trifecta,3連単,77,7-1-3,0.0002947084292465106,68.8,-98,False
2026-10-02,久留米,2,028320261002,1790926320,1790926020,2887,near_close_v2_20260805,trifecta,3連単,78,7-3-1,0.00029362319871908363,62.1,-98,False
2026-10-02,久留米,2,028320261002,1790926320,1790926020,2887,near_close_v2_20260805,trifecta,3連単,79,1-7-3,0.00028539030360667144,150.8,-96,False
2026-10-02,久留米,2,028320261002,1790926320,1790926020,2887,near_close_v2_20260805,trifecta,3連単,80,3-7-1,0.00028338513742689217,102.1,-97,False
2026-10-02,久留米,2,028320261002,1790926320,1790926020,2887,near_close_v2_20260805,trifecta,3連単,81,1-3-7,0.00027483650262853106,126.7,-97,False
2026-10-02,久留米,2,028320261002,1790926320,1790926020,2887,near_close_v2_20260805,trifecta,3連単,82,3-1-7,0.00027391414589469665,144.0,-96,False
2026-10-02,久留米,2,028320261002,1790926320,1790926020,2887,near_close_v2_20260805,trifecta,3連単,83,5-4-6,0.0002611864945940596,792.0,-79,False
2026-10-02,久留米,2,028320261002,1790926320,1790926020,2887,near_close_v2_20260805,trifecta,3連単,84,6-4-5,0.0002157138215215717,1584.0,-66,False
2026-10-02,久留米,2,028320261002,1790926320,1790926020,2887,near_close_v2_20260805,trifecta,3連単,85,7-1-5,0.00021177356020941486,144.0,-97,False
2026-10-02,久留米,2,028320261002,1790926320,1790926020,2887,near_close_v2_20260805,trifecta,3連単,86,7-5-1,0.00020754833865172824,264.0,-95,False
2026-10-02,久留米,2,028320261002,1790926320,1790926020,2887,near_close_v2_20260805,trifecta,3連単,87,1-7-5,0.00020507767897428138,144.0,-97,False
2026-10-02,久留米,2,028320261002,1790926320,1790926020,2887,near_close_v2_20260805,trifecta,3連単,88,7-3-5,0.00019859644599422665,96.0,-98,False
2026-10-02,久留米,2,028320261002,1790926320,1790926020,2887,near_close_v2_20260805,trifecta,3連単,89,5-7-1,0.00019732616357582633,396.0,-92,False
2026-10-02,久留米,2,028320261002,1790926320,1790926020,2887,near_close_v2_20260805,trifecta,3連単,90,7-5-3,0.0001953534961609485,352.0,-93,False
2026-10-02,久留米,2,028320261002,1790926320,1790926020,2887,near_close_v2_20260805,trifecta,3連単,91,1-5-7,0.00019437499111069257,102.1,-98,False
2026-10-02,久留米,2,028320261002,1790926320,1790926020,2887,near_close_v2_20260805,trifecta,3連単,92,3-7-5,0.00019167177997543044,211.2,-96,False
2026-10-02,久留米,2,028320261002,1790926320,1790926020,2887,near_close_v2_20260805,trifecta,3連単,93,5-1-7,0.0001908354888633494,47.2,-99,False
2026-10-02,久留米,2,028320261002,1790926320,1790926020,2887,near_close_v2_20260805,trifecta,3連単,94,5-7-3,0.00018573194172009284,352.0,-93,False
2026-10-02,久留米,2,028320261002,1790926320,1790926020,2887,near_close_v2_20260805,trifecta,3連単,95,3-5-7,0.00018170364477293076,264.0,-95,False
2026-10-02,久留米,2,028320261002,1790926320,1790926020,2887,near_close_v2_20260805,trifecta,3連単,96,5-3-7,0.0001789955961755055,150.8,-97,False
2026-10-02,久留米,2,028320261002,1790926320,1790926020,2887,near_close_v2_20260805,trifecta,3連単,97,7-6-4,0.00014228659237983059,633.6,-91,False
2026-10-02,久留米,2,028320261002,1790926320,1790926020,2887,near_close_v2_20260805,trifecta,3連単,98,6-7-4,0.00013056347943500866,633.6,-92,False
2026-10-02,久留米,2,028320261002,1790926320,1790926020,2887,near_close_v2_20260805,trifecta,3連単,99,1-3-5,0.00011979696265250937,166.7,-98,False
2026-10-02,久留米,2,028320261002,1790926320,1790926020,2887,near_close_v2_20260805,trifecta,3連単,100,3-1-5,0.0001193949216785533,226.2,-97,False
2026-10-02,久留米,2,028320261002,1790926320,1790926020,2887,near_close_v2_20260805,trifecta,3連単,101,1-5-3,0.00011790510247978695,109.2,-99,False
2026-10-02,久留米,2,028320261002,1790926320,1790926020,2887,near_close_v2_20260805,trifecta,3連単,102,3-5-1,0.00011709919938685506,288.0,-97,False
2026-10-02,久留米,2,028320261002,1790926320,1790926020,2887,near_close_v2_20260805,trifecta,3連単,103,5-1-3,0.00011575809080500428,81.2,-99,False
2026-10-02,久留米,2,028320261002,1790926320,1790926020,2887,near_close_v2_20260805,trifecta,3連単,104,5-3-1,0.00011535399321305774,243.6,-97,False
2026-10-02,久留米,2,028320261002,1790926320,1790926020,2887,near_close_v2_20260805,trifecta,3連単,105,2-4-6,9.561507315835947e-05,186.3,-98,False
2026-10-02,久留米,2,028320261002,1790926320,1790926020,2887,near_close_v2_20260805,trifecta,3連単,106,6-4-2,8.914733060711389e-05,1056.0,-91,False
2026-10-02,久留米,2,028320261002,1790926320,1790926020,2887,near_close_v2_20260805,trifecta,3連単,107,7-1-2,8.751895197381366e-05,288.0,-97,False
2026-10-02,久留米,2,028320261002,1790926320,1790926020,2887,near_close_v2_20260805,trifecta,3連単,108,1-6-4,8.598436168743338e-05,528.0,-95,False
2026-10-02,久留米,2,028320261002,1790926320,1790926020,2887,near_close_v2_20260805,trifecta,3連単,109,1-7-2,8.475176749780769e-05,243.6,-98,False
2026-10-02,久留米,2,028320261002,1790926320,1790926020,2887,near_close_v2_20260805,trifecta,3連単,110,7-2-1,8.372449430423177e-05,243.6,-98,False
2026-10-02,久留米,2,028320261002,1790926320,1790926020,2887,near_close_v2_20260805,trifecta,3連単,111,7-3-2,8.207328998932366e-05,93.1,-99,False
2026-10-02,久留米,2,028320261002,1790926320,1790926020,2887,near_close_v2_20260805,trifecta,3連単,112,6-1-4,8.147616002193902e-05,1056.0,-91,False
2026-10-02,久留米,2,028320261002,1790926320,1790926020,2887,near_close_v2_20260805,trifecta,3連単,113,3-6-4,8.038936633900331e-05,264.0,-98,False
2026-10-02,久留米,2,028320261002,1790926320,1790926020,2887,near_close_v2_20260805,trifecta,3連単,114,3-7-2,7.92115563898392e-05,264.0,-98,False
2026-10-02,久留米,2,028320261002,1790926320,1790926020,2887,near_close_v2_20260805,trifecta,3連単,115,7-2-3,7.88051245453942e-05,166.7,-99,False
2026-10-02,久留米,2,028320261002,1790926320,1790926020,2887,near_close_v2_20260805,trifecta,3連単,116,1-2-7,7.847203862692924e-05,226.2,-98,False
2026-10-02,久留米,2,028320261002,1790926320,1790926020,2887,near_close_v2_20260805,trifecta,3連単,117,2-7-1,7.786231071410938e-05,316.8,-98,False
2026-10-02,久留米,2,028320261002,1790926320,1790926020,2887,near_close_v2_20260805,trifecta,3連単,118,6-3-4,7.643101698873784e-05,1584.0,-88,False
2026-10-02,久留米,2,028320261002,1790926320,1790926020,2887,near_close_v2_20260805,trifecta,3連単,119,2-1-7,7.53603721665544e-05,528.0,-96,False
2026-10-02,久留米,2,028320261002,1790926320,1790926020,2887,near_close_v2_20260805,trifecta,3連単,120,3-2-7,7.336234931813856e-05,186.3,-99,False
2026-10-02,久留米,2,028320261002,1790926320,1790926020,2887,near_close_v2_20260805,trifecta,3連単,121,2-7-3,7.328738315123434e-05,352.0,-97,False
2026-10-02,久留米,2,028320261002,1790926320,1790926020,2887,near_close_v2_20260805,trifecta,3連単,122,2-3-7,7.069053716557485e-05,316.8,-98,False
2026-10-02,久留米,2,028320261002,1790926320,1790926020,2887,near_close_v2_20260805,trifecta,3連単,123,7-5-2,5.8013723231939345e-05,528.0,-97,False
2026-10-02,久留米,2,028320261002,1790926320,1790926020,2887,near_close_v2_20260805,trifecta,3連単,124,7-2-5,5.6628315078714605e-05,1056.0,-94,False
2026-10-02,久留米,2,028320261002,1790926320,1790926020,2887,near_close_v2_20260805,trifecta,3連単,125,5-6-4,5.605604005145066e-05,9999.9,-44,False
2026-10-02,久留米,2,028320261002,1790926320,1790926020,2887,near_close_v2_20260805,trifecta,3連単,126,5-7-2,5.5156430133212514e-05,316.8,-98,False
2026-10-02,久留米,2,028320261002,1790926320,1790926020,2887,near_close_v2_20260805,trifecta,3連単,127,6-5-4,5.4102176939561545e-05,1056.0,-94,False
2026-10-02,久留米,2,028320261002,1790926320,1790926020,2887,near_close_v2_20260805,trifecta,3連単,128,2-7-5,5.266333945062124e-05,792.0,-96,False
2026-10-02,久留米,2,028320261002,1790926320,1790926020,2887,near_close_v2_20260805,trifecta,3連単,129,5-2-7,5.1145193287778075e-05,396.0,-98,False
2026-10-02,久留米,2,028320261002,1790926320,1790926020,2887,near_close_v2_20260805,trifecta,3連単,130,2-5-7,5.002811830879179e-05,633.6,-97,False
2026-10-02,久留米,2,028320261002,1790926320,1790926020,2887,near_close_v2_20260805,trifecta,3連単,131,1-3-2,4.950809067300935e-05,264.0,-99,False
2026-10-02,久留米,2,028320261002,1790926320,1790926020,2887,near_close_v2_20260805,trifecta,3連単,132,3-1-2,4.934194054238695e-05,243.6,-99,False
2026-10-02,久留米,2,028320261002,1790926320,1790926020,2887,near_close_v2_20260805,trifecta,3連単,133,1-2-3,4.760002150089836e-05,792.0,-96,False
2026-10-02,久留米,2,028320261002,1790926320,1790926020,2887,near_close_v2_20260805,trifecta,3連単,134,3-2-1,4.727848129314251e-05,1056.0,-95,False
2026-10-02,久留米,2,028320261002,1790926320,1790926020,2887,near_close_v2_20260805,trifecta,3連単,135,2-1-3,4.571252892380812e-05,633.6,-97,False
2026-10-02,久留米,2,028320261002,1790926320,1790926020,2887,near_close_v2_20260805,trifecta,3連単,136,2-3-1,4.555662775317494e-05,1584.0,-93,False
2026-10-02,久留米,2,028320261002,1790926320,1790926020,2887,near_close_v2_20260805,trifecta,3連単,137,1-5-2,3.501403413461487e-05,132.0,-100,False
2026-10-02,久留米,2,028320261002,1790926320,1790926020,2887,near_close_v2_20260805,trifecta,3連単,138,5-1-2,3.437644052342111e-05,88.0,-100,False
2026-10-02,久留米,2,028320261002,1790926320,1790926020,2887,near_close_v2_20260805,trifecta,3連単,139,1-2-5,3.4204742786159355e-05,226.2,-99,False
2026-10-02,久留米,2,028320261002,1790926320,1790926020,2887,near_close_v2_20260805,trifecta,3連単,140,5-2-1,3.2960600179314535e-05,176.0,-99,False
2026-10-02,久留米,2,028320261002,1790926320,1790926020,2887,near_close_v2_20260805,trifecta,3連単,141,2-1-5,3.2848415707421836e-05,528.0,-98,False
2026-10-02,久留米,2,028320261002,1790926320,1790926020,2887,near_close_v2_20260805,trifecta,3連単,142,3-5-2,3.2731461923721464e-05,452.5,-99,False
2026-10-02,久留米,2,028320261002,1790926320,1790926020,2887,near_close_v2_20260805,trifecta,3連単,143,5-3-2,3.2243643478114715e-05,243.6,-99,False
2026-10-02,久留米,2,028320261002,1790926320,1790926020,2887,near_close_v2_20260805,trifecta,3連単,144,2-5-1,3.224069945383459e-05,352.0,-99,False
2026-10-02,久留米,2,028320261002,1790926320,1790926020,2887,near_close_v2_20260805,trifecta,3連単,145,3-2-5,3.197750858168954e-05,452.5,-99,False
2026-10-02,久留米,2,028320261002,1790926320,1790926020,2887,near_close_v2_20260805,trifecta,3連単,146,5-2-3,3.102394614392479e-05,243.6,-99,False
2026-10-02,久留米,2,028320261002,1790926320,1790926020,2887,near_close_v2_20260805,trifecta,3連単,147,2-3-5,3.081290716377742e-05,1056.0,-97,False
2026-10-02,久留米,2,028320261002,1790926320,1790926020,2887,near_close_v2_20260805,trifecta,3連単,148,2-5-3,3.0346344364383208e-05,633.6,-98,False
2026-10-02,久留米,2,028320261002,1790926320,1790926020,2887,near_close_v2_20260805,trifecta,3連単,149,2-6-4,2.216424879457407e-05,792.0,-98,False
2026-10-02,久留米,2,028320261002,1790926320,1790926020,2887,near_close_v2_20260805,trifecta,3連単,150,6-2-4,2.1869356192996725e-05,226.2,-100,False
2026-10-02,久留米,2,028320261002,1790926320,1790926020,2887,near_close_v2_20260805,trifecta,3連単,151,7-1-6,1.0807026608385405e-05,352.0,-100,False
2026-10-02,久留米,2,028320261002,1790926320,1790926020,2887,near_close_v2_20260805,trifecta,3連単,152,1-7-6,1.0465328775081193e-05,528.0,-99,False
2026-10-02,久留米,2,028320261002,1790926320,1790926020,2887,near_close_v2_20260805,trifecta,3連単,153,7-6-1,1.0188269257189829e-05,633.6,-99,False
2026-10-02,久留米,2,028320261002,1790926320,1790926020,2887,near_close_v2_20260805,trifecta,3連単,154,7-3-6,1.0134584667075765e-05,39.1,-100,False
2026-10-02,久留米,2,028320261002,1790926320,1790926020,2887,near_close_v2_20260805,trifecta,3連単,155,3-7-6,9.781211706611241e-06,64.6,-100,False
2026-10-02,久留米,2,028320261002,1790926320,1790926020,2887,near_close_v2_20260805,trifecta,3連単,156,7-6-3,9.58964081404161e-06,211.2,-100,False
2026-10-02,久留米,2,028320261002,1790926320,1790926020,2887,near_close_v2_20260805,trifecta,3連単,157,1-6-7,9.553568461212757e-06,1056.0,-99,False
2026-10-02,久留米,2,028320261002,1790926320,1790926020,2887,near_close_v2_20260805,trifecta,3連単,158,6-7-1,9.348849117761261e-06,1056.0,-99,False
2026-10-02,久留米,2,028320261002,1790926320,1790926020,2887,near_close_v2_20260805,trifecta,3連単,159,6-1-7,9.05267024666512e-06,633.6,-99,False
2026-10-02,久留米,2,028320261002,1790926320,1790926020,2887,near_close_v2_20260805,trifecta,3連単,160,3-6-7,8.93191854659572e-06,158.4,-100,False
2026-10-02,久留米,2,028320261002,1790926320,1790926020,2887,near_close_v2_20260805,trifecta,3連単,161,6-7-3,8.799542179426902e-06,264.0,-100,False
2026-10-02,久留米,2,028320261002,1790926320,1790926020,2887,near_close_v2_20260805,trifecta,3連単,162,6-3-7,8.492113438213029e-06,264.0,-100,False
2026-10-02,久留米,2,028320261002,1790926320,1790926020,2887,near_close_v2_20260805,trifecta,3連単,163,7-5-6,7.163658116091986e-06,1056.0,-99,False
2026-10-02,久留米,2,028320261002,1790926320,1790926020,2887,near_close_v2_20260805,trifecta,3連単,164,7-6-5,6.890988430535869e-06,633.6,-100,False
2026-10-02,久留米,2,028320261002,1790926320,1790926020,2887,near_close_v2_20260805,trifecta,3連単,165,5-7-6,6.810833478119447e-06,3168.0,-98,False
2026-10-02,久留米,2,028320261002,1790926320,1790926020,2887,near_close_v2_20260805,trifecta,3連単,166,6-7-5,6.3232340531101825e-06,3168.0,-98,False
2026-10-02,久留米,2,028320261002,1790926320,1790926020,2887,near_close_v2_20260805,trifecta,3連単,167,5-6-7,6.228286234685008e-06,9999.9,-94,False
2026-10-02,久留米,2,028320261002,1790926320,1790926020,2887,near_close_v2_20260805,trifecta,3連単,168,1-3-6,6.113364490398103e-06,633.6,-100,False
2026-10-02,久留米,2,028320261002,1790926320,1790926020,2887,near_close_v2_20260805,trifecta,3連単,169,3-1-6,6.092847918362822e-06,316.8,-100,False
2026-10-02,久留米,2,028320261002,1790926320,1790926020,2887,near_close_v2_20260805,trifecta,3連単,170,6-5-7,6.011196002962105e-06,3168.0,-98,False
2026-10-02,久留米,2,028320261002,1790926320,1790926020,2887,near_close_v2_20260805,trifecta,3連単,171,1-6-3,5.795058623696507e-06,121.8,-100,False
2026-10-02,久留米,2,028320261002,1790926320,1790926020,2887,near_close_v2_20260805,trifecta,3連単,172,3-6-1,5.756188942175675e-06,352.0,-100,False
2026-10-02,久留米,2,028320261002,1790926320,1790926020,2887,near_close_v2_20260805,trifecta,3連単,173,6-1-3,5.491220897553287e-06,792.0,-100,False
2026-10-02,久留米,2,028320261002,1790926320,1790926020,2887,near_close_v2_20260805,trifecta,3連単,174,6-3-1,5.472755849007834e-06,792.0,-100,False
2026-10-02,久留米,2,028320261002,1790926320,1790926020,2887,near_close_v2_20260805,trifecta,3連単,175,1-5-6,4.323607516151669e-06,352.0,-100,False
2026-10-02,久留米,2,028320261002,1790926320,1790926020,2887,near_close_v2_20260805,trifecta,3連単,176,5-1-6,4.244876098943095e-06,316.8,-100,False
2026-10-02,久留米,2,028320261002,1790926320,1790926020,2887,near_close_v2_20260805,trifecta,3連単,177,1-6-5,4.164252103342279e-06,1056.0,-100,False
2026-10-02,久留米,2,028320261002,1790926320,1790926020,2887,near_close_v2_20260805,trifecta,3連単,178,3-5-6,4.041750637585906e-06,288.0,-100,False
2026-10-02,久留米,2,028320261002,1790926320,1790926020,2887,near_close_v2_20260805,trifecta,3連単,179,5-6-1,4.013828850517565e-06,1584.0,-99,False
2026-10-02,久留米,2,028320261002,1790926320,1790926020,2887,near_close_v2_20260805,trifecta,3連単,180,5-3-6,3.9815137768507505e-06,198.0,-100,False
2026-10-02,久留米,2,028320261002,1790926320,1790926020,2887,near_close_v2_20260805,trifecta,3連単,181,6-1-5,3.9459183517227715e-06,1584.0,-99,False
2026-10-02,久留米,2,028320261002,1790926320,1790926020,2887,near_close_v2_20260805,trifecta,3連単,182,3-6-5,3.893284561214264e-06,396.0,-100,False
2026-10-02,久留米,2,028320261002,1790926320,1790926020,2887,near_close_v2_20260805,trifecta,3連単,183,6-5-1,3.8739247095674655e-06,633.6,-100,False
2026-10-02,久留米,2,028320261002,1790926320,1790926020,2887,near_close_v2_20260805,trifecta,3連単,184,5-6-3,3.7779897638981085e-06,633.6,-100,False
2026-10-02,久留米,2,028320261002,1790926320,1790926020,2887,near_close_v2_20260805,trifecta,3連単,185,6-3-5,3.7015803456555446e-06,633.6,-100,False
2026-10-02,久留米,2,028320261002,1790926320,1790926020,2887,near_close_v2_20260805,trifecta,3連単,186,6-5-3,3.6463059198377725e-06,1056.0,-100,False
2026-10-02,久留米,2,028320261002,1790926320,1790926020,2887,near_close_v2_20260805,trifecta,3連単,187,7-2-6,2.889802236117359e-06,792.0,-100,False
2026-10-02,久留米,2,028320261002,1790926320,1790926020,2887,near_close_v2_20260805,trifecta,3連単,188,7-6-2,2.8478157750561462e-06,792.0,-100,False
2026-10-02,久留米,2,028320261002,1790926320,1790926020,2887,near_close_v2_20260805,trifecta,3連単,189,2-7-6,2.6874653765394574e-06,792.0,-100,False
2026-10-02,久留米,2,028320261002,1790926320,1790926020,2887,near_close_v2_20260805,trifecta,3連単,190,6-7-2,2.613181819610031e-06,1584.0,-100,False
2026-10-02,久留米,2,028320261002,1790926320,1790926020,2887,near_close_v2_20260805,trifecta,3連単,191,2-6-7,2.462629995673535e-06,633.6,-100,False
2026-10-02,久留米,2,028320261002,1790926320,1790926020,2887,near_close_v2_20260805,trifecta,3連単,192,6-2-7,2.4298650067547882e-06,1056.0,-100,False
2026-10-02,久留米,2,028320261002,1790926320,1790926020,2887,near_close_v2_20260805,trifecta,3連単,193,1-2-6,1.7455038535380361e-06,452.5,-100,False
2026-10-02,久留米,2,028320261002,1790926320,1790926020,2887,near_close_v2_20260805,trifecta,3連単,194,1-6-2,1.720946559517976e-06,633.6,-100,False
2026-10-02,久留米,2,028320261002,1790926320,1790926020,2887,near_close_v2_20260805,trifecta,3連単,195,2-1-6,1.6762890619696488e-06,528.0,-100,False
2026-10-02,久留米,2,028320261002,1790926320,1790926020,2887,near_close_v2_20260805,trifecta,3連単,196,3-2-6,1.6318457590761509e-06,264.0,-100,False
2026-10-02,久留米,2,028320261002,1790926320,1790926020,2887,near_close_v2_20260805,trifecta,3連単,197,6-1-2,1.6307164991489915e-06,1056.0,-100,False
2026-10-02,久留米,2,028320261002,1790926320,1790926020,2887,near_close_v2_20260805,trifecta,3連単,198,3-6-2,1.608964708325063e-06,288.0,-100,False
2026-10-02,久留米,2,028320261002,1790926320,1790926020,2887,near_close_v2_20260805,trifecta,3連単,199,2-6-1,1.5870457702694662e-06,452.5,-100,False
2026-10-02,久留米,2,028320261002,1790926320,1790926020,2887,near_close_v2_20260805,trifecta,3連単,200,2-3-6,1.572414928810588e-06,288.0,-100,False
2026-10-02,久留米,2,028320261002,1790926320,1790926020,2887,near_close_v2_20260805,trifecta,3連単,201,6-2-1,1.5659303216767913e-06,1584.0,-100,False
2026-10-02,久留米,2,028320261002,1790926320,1790926020,2887,near_close_v2_20260805,trifecta,3連単,202,6-3-2,1.5297397473900424e-06,316.8,-100,False
2026-10-02,久留米,2,028320261002,1790926320,1790926020,2887,near_close_v2_20260805,trifecta,3連単,203,2-6-3,1.4937962973041803e-06,396.0,-100,False
2026-10-02,久留米,2,028320261002,1790926320,1790926020,2887,near_close_v2_20260805,trifecta,3連単,204,6-2-3,1.473921521469392e-06,211.2,-100,False
2026-10-02,久留米,2,028320261002,1790926320,1790926020,2887,near_close_v2_20260805,trifecta,3連単,205,5-2-6,1.137655316923653e-06,1056.0,-100,False
2026-10-02,久留米,2,028320261002,1790926320,1790926020,2887,near_close_v2_20260805,trifecta,3連単,206,5-6-2,1.1219417970145252e-06,792.0,-100,False
2026-10-02,久留米,2,028320261002,1790926320,1790926020,2887,near_close_v2_20260805,trifecta,3連単,207,2-5-6,1.1128075021525664e-06,452.5,-100,False
2026-10-02,久留米,2,028320261002,1790926320,1790926020,2887,near_close_v2_20260805,trifecta,3連単,208,6-5-2,1.0828359185246917e-06,1584.0,-100,False
2026-10-02,久留米,2,028320261002,1790926320,1790926020,2887,near_close_v2_20260805,trifecta,3連単,209,2-6-5,1.0734221648039047e-06,1584.0,-100,False
2026-10-02,久留米,2,028320261002,1790926320,1790926020,2887,near_close_v2_20260805,trifecta,3連単,210,6-2-5,1.059140415049891e-06,1584.0,-100,False
2026-10-02,久留米,2,028320261002,1790926320,1790926020,2887,near_close_v2_20260805,trio,3連複,1,4-5-6,0.0025084494551193106,174.0,-56,False
2026-10-02,久留米,2,028320261002,1790926320,1790926020,2887,near_close_v2_20260805,trio,3連複,2,1-3-5,0.0007053082702157666,38.6,-97,False
2026-10-02,久留米,2,028320261002,1790926320,1790926020,2887,near_close_v2_20260805,trio,3連複,3,1-3-6,3.4721436721194224e-05,49.7,-100,False
2026-10-02,久留米,2,028320261002,1790926320,1790926020,2887,near_close_v2_20260805,trio,3連複,4,1-5-6,2.4566407630244844e-05,38.6,-100,False
2026-10-02,久留米,2,028320261002,1790926320,1790926020,2887,near_close_v2_20260805,trio,3連複,5,3-5-6,2.3042425005042346e-05,69.6,-100,False
2026-10-02,久留米,2,028320261002,1790926320,1790926020,2887,near_close_v2_20260805,trio,3連複,6,1-2-6,9.926432066120911e-06,69.6,-100,False
2026-10-02,川崎,3,033420261002,1790926920,1790926620,3487,near_close_v2_20260805,exacta,2車単,1,5-3,0.298460525331195,6.3,88,False
2026-10-02,川崎,3,033420261002,1790926920,1790926620,3487,near_close_v2_20260805,exacta,2車単,2,5-2,0.25893749990558534,11.8,206,False
2026-10-02,川崎,3,033420261002,1790926920,1790926620,3487,near_close_v2_20260805,exacta,2車単,3,3-5,0.11682198139699008,6.6,-23,False
2026-10-02,川崎,3,033420261002,1790926920,1790926620,3487,near_close_v2_20260805,exacta,2車単,4,2-5,0.09905442262893607,21.2,110,False
2026-10-02,川崎,3,033420261002,1790926920,1790926620,3487,near_close_v2_20260805,exacta,2車単,5,5-1,0.06423639760062813,19.8,27,False
2026-10-02,川崎,3,033420261002,1790926920,1790926620,3487,near_close_v2_20260805,exacta,2車単,6,3-2,0.022651737043755202,16.0,-64,False
2026-10-02,川崎,3,033420261002,1790926920,1790926620,3487,near_close_v2_20260805,exacta,2車単,7,2-3,0.022138223260728576,11.4,-75,False
2026-10-02,川崎,3,033420261002,1790926920,1790926620,3487,near_close_v2_20260805,exacta,2車単,8,1-5,0.02210451380447433,19.8,-56,False
2026-10-02,川崎,3,033420261002,1790926920,1790926620,3487,near_close_v2_20260805,exacta,2車単,9,5-4,0.021898680164805676,84.9,86,False
2026-10-02,川崎,3,033420261002,1790926920,1790926620,3487,near_close_v2_20260805,exacta,2車単,10,5-7,0.01820137602326363,39.6,-28,False
2026-10-02,川崎,3,033420261002,1790926920,1790926620,3487,near_close_v2_20260805,exacta,2車単,11,4-5,0.007374503344735108,9999.9,7274,False
2026-10-02,川崎,3,033420261002,1790926920,1790926620,3487,near_close_v2_20260805,exacta,2車単,12,7-5,0.006117993747696643,198.2,21,False
2026-10-02,川崎,3,033420261002,1790926920,1790926620,3487,near_close_v2_20260805,exacta,2車単,13,3-1,0.00561937142213116,17.4,-90,False
2026-10-02,川崎,3,033420261002,1790926920,1790926620,3487,near_close_v2_20260805,exacta,2車単,14,5-6,0.005192841789659335,74.3,-61,False
2026-10-02,川崎,3,033420261002,1790926920,1790926620,3487,near_close_v2_20260805,exacta,2車単,15,1-3,0.004940260603067286,16.0,-92,False
2026-10-02,川崎,3,033420261002,1790926920,1790926620,3487,near_close_v2_20260805,exacta,2車単,16,2-1,0.004764716238335321,25.8,-88,False
2026-10-02,川崎,3,033420261002,1790926920,1790926620,3487,near_close_v2_20260805,exacta,2車単,17,1-2,0.004286056683780148,33.0,-86,False
2026-10-02,川崎,3,033420261002,1790926920,1790926620,3487,near_close_v2_20260805,exacta,2車単,18,3-4,0.0019156867772313585,118.9,-77,False
2026-10-02,川崎,3,033420261002,1790926920,1790926620,3487,near_close_v2_20260805,exacta,2車単,19,6-5,0.0017340908782221911,118.9,-79,False
2026-10-02,川崎,3,033420261002,1790926920,1790926620,3487,near_close_v2_20260805,exacta,2車単,20,4-3,0.0016481687253310378,148.6,-76,False
2026-10-02,川崎,3,033420261002,1790926920,1790926620,3487,near_close_v2_20260805,exacta,2車単,21,2-4,0.0016243282761289357,148.6,-76,False
2026-10-02,川崎,3,033420261002,1790926920,1790926620,3487,near_close_v2_20260805,exacta,2車単,22,3-7,0.0015922482593823221,54.0,-91,False
2026-10-02,川崎,3,033420261002,1790926920,1790926620,3487,near_close_v2_20260805,exacta,2車単,23,4-2,0.0014299133484611212,45.7,-93,False
2026-10-02,川崎,3,033420261002,1790926920,1790926620,3487,near_close_v2_20260805,exacta,2車単,24,7-3,0.0013673444143087077,99.1,-86,False
2026-10-02,川崎,3,033420261002,1790926920,1790926620,3487,near_close_v2_20260805,exacta,2車単,25,2-7,0.0013500818093392483,14.5,-98,False
2026-10-02,川崎,3,033420261002,1790926920,1790926620,3487,near_close_v2_20260805,exacta,2車単,26,7-2,0.0011862766232086297,37.1,-96,False
2026-10-02,川崎,3,033420261002,1790926920,1790926620,3487,near_close_v2_20260805,exacta,2車単,27,3-6,0.00045426748451682716,59.4,-97,False
2026-10-02,川崎,3,033420261002,1790926920,1790926620,3487,near_close_v2_20260805,exacta,2車単,28,6-3,0.0003875616050005752,59.4,-98,False
2026-10-02,川崎,3,033420261002,1790926920,1790926620,3487,near_close_v2_20260805,exacta,2車単,29,2-6,0.0003851775398758373,594.7,-77,False
2026-10-02,川崎,3,033420261002,1790926920,1790926620,3487,near_close_v2_20260805,exacta,2車単,30,1-4,0.00036247737203206286,16.5,-99,False
2026-10-02,川崎,3,033420261002,1790926920,1790926620,3487,near_close_v2_20260805,exacta,2車単,31,4-1,0.00035472838974534647,22.0,-99,False
2026-10-02,川崎,3,033420261002,1790926920,1790926620,3487,near_close_v2_20260805,exacta,2車単,32,6-2,0.00033623955109937604,198.2,-93,False
2026-10-02,川崎,3,033420261002,1790926920,1790926620,3487,near_close_v2_20260805,exacta,2車単,33,1-7,0.00030127783494839425,37.1,-99,False
2026-10-02,川崎,3,033420261002,1790926920,1790926620,3487,near_close_v2_20260805,exacta,2車単,34,7-1,0.00029428776002141495,297.3,-91,False
2026-10-02,川崎,3,033420261002,1790926920,1790926620,3487,near_close_v2_20260805,exacta,2車単,35,4-7,0.0001005122492706336,84.9,-99,False
2026-10-02,川崎,3,033420261002,1790926920,1790926620,3487,near_close_v2_20260805,exacta,2車単,36,7-4,0.00010032495242328214,198.2,-98,False
2026-10-02,川崎,3,033420261002,1790926920,1790926620,3487,near_close_v2_20260805,exacta,2車単,37,1-6,8.595438771324204e-05,84.9,-99,False
2026-10-02,川崎,3,033420261002,1790926920,1790926620,3487,near_close_v2_20260805,exacta,2車単,38,6-1,8.341324644499802e-05,297.3,-98,False
2026-10-02,川崎,3,033420261002,1790926920,1790926620,3487,near_close_v2_20260805,exacta,2車単,39,4-6,2.8676085133238957e-05,9999.9,-71,False
2026-10-02,川崎,3,033420261002,1790926920,1790926620,3487,near_close_v2_20260805,exacta,2車単,40,6-4,2.8436214881845485e-05,594.7,-98,False
2026-10-02,川崎,3,033420261002,1790926920,1790926620,3487,near_close_v2_20260805,exacta,2車単,41,7-6,2.379009152919089e-05,198.2,-100,False
2026-10-02,川崎,3,033420261002,1790926920,1790926620,3487,near_close_v2_20260805,exacta,2車単,42,6-7,2.3635133982851503e-05,148.6,-100,False
2026-10-02,川崎,3,033420261002,1790926920,1790926620,3487,near_close_v2_20260805,quinella,2車複,1,5-7,0.02431936977096027,19.4,-53,False
2026-10-02,川崎,3,033420261002,1790926920,1790926620,3487,near_close_v2_20260805,quinella,2車複,2,5-6,0.0069269326678815255,53.4,-63,False
2026-10-02,川崎,3,033420261002,1790926920,1790926620,3487,near_close_v2_20260805,quinella,2車複,3,3-4,0.0035638555025623965,42.7,-85,False
2026-10-02,川崎,3,033420261002,1790926920,1790926620,3487,near_close_v2_20260805,quinella,2車複,4,2-4,0.003054241624590057,35.6,-89,False
2026-10-02,川崎,3,033420261002,1790926920,1790926620,3487,near_close_v2_20260805,quinella,2車複,5,3-7,0.0029595926736910297,21.3,-94,False
2026-10-02,川崎,3,033420261002,1790926920,1790926620,3487,near_close_v2_20260805,quinella,2車複,6,2-7,0.002536358432547878,16.4,-96,False
2026-10-02,川崎,3,033420261002,1790926920,1790926620,3487,near_close_v2_20260805,quinella,2車複,7,3-6,0.0008418290895174024,19.4,-98,False
2026-10-02,川崎,3,033420261002,1790926920,1790926620,3487,near_close_v2_20260805,quinella,2車複,8,2-6,0.0007214170909752133,9999.9,621,False
2026-10-02,川崎,3,033420261002,1790926920,1790926620,3487,near_close_v2_20260805,quinella,2車複,9,1-4,0.0007172057617774093,15.2,-99,False
2026-10-02,川崎,3,033420261002,1790926920,1790926620,3487,near_close_v2_20260805,quinella,2車複,10,1-7,0.0005955655949698093,42.7,-97,False
2026-10-02,川崎,3,033420261002,1790926920,1790926620,3487,near_close_v2_20260805,quinella,2車複,11,4-7,0.00020083720169391573,106.8,-98,False
2026-10-02,川崎,3,033420261002,1790926920,1790926620,3487,near_close_v2_20260805,quinella,2車複,12,1-6,0.00016936763415824005,106.8,-98,False
2026-10-02,川崎,3,033420261002,1790926920,1790926620,3487,near_close_v2_20260805,quinella,2車複,13,4-6,5.711230001508444e-05,71.2,-100,False
2026-10-02,川崎,3,033420261002,1790926920,1790926620,3487,near_close_v2_20260805,quinella_place,ワイド,1,5-7,0.0693191163211314,16.5,14,False
2026-10-02,川崎,3,033420261002,1790926920,1790926620,3487,near_close_v2_20260805,quinella_place,ワイド,2,3-4,0.043339387613930455,7.3,-68,False
2026-10-02,川崎,3,033420261002,1790926920,1790926620,3487,near_close_v2_20260805,quinella_place,ワイド,3,3-7,0.03596028708603569,7.5,-73,False
2026-10-02,川崎,3,033420261002,1790926920,1790926620,3487,near_close_v2_20260805,quinella_place,ワイド,4,2-4,0.03553828072399186,23.6,-16,False
2026-10-02,川崎,3,033420261002,1790926920,1790926620,3487,near_close_v2_20260805,quinella_place,ワイド,5,2-7,0.029484037627974632,10.4,-69,False
2026-10-02,川崎,3,033420261002,1790926920,1790926620,3487,near_close_v2_20260805,quinella_place,ワイド,6,5-6,0.019913955428095882,5.1,-90,False
2026-10-02,川崎,3,033420261002,1790926920,1790926620,3487,near_close_v2_20260805,quinella_place,ワイド,7,3-6,0.01019902096034503,3.8,-96,False
2026-10-02,川崎,3,033420261002,1790926920,1790926620,3487,near_close_v2_20260805,quinella_place,ワイド,8,2-6,0.008358915437829831,11.7,-90,False
2026-10-02,川崎,3,033420261002,1790926920,1790926620,3487,near_close_v2_20260805,quinella_place,ワイド,9,1-4,0.0072958960615532,13.6,-90,False
2026-10-02,川崎,3,033420261002,1790926920,1790926620,3487,near_close_v2_20260805,quinella_place,ワイド,10,1-7,0.006050231106814313,9.8,-94,False
2026-10-02,川崎,3,033420261002,1790926920,1790926620,3487,near_close_v2_20260805,quinella_place,ワイド,11,4-7,0.002003958756345713,18.5,-96,False
2026-10-02,川崎,3,033420261002,1790926920,1790926620,3487,near_close_v2_20260805,quinella_place,ワイド,12,1-6,0.0017125831606426883,6.9,-99,False
2026-10-02,川崎,3,033420261002,1790926920,1790926620,3487,near_close_v2_20260805,quinella_place,ワイド,13,4-6,0.0005670852797218683,35.6,-98,False
2026-10-02,川崎,3,033420261002,1790926920,1790926620,3487,near_close_v2_20260805,trifecta,3連単,1,5-3-2,0.20974107625699268,16.7,250,True
2026-10-02,川崎,3,033420261002,1790926920,1790926620,3487,near_close_v2_20260805,trifecta,3連単,2,5-2-3,0.1894229176538701,43.2,718,True
2026-10-02,川崎,3,033420261002,1790926920,1790926620,3487,near_close_v2_20260805,trifecta,3連単,3,3-5-2,0.0820958419257935,18.4,51,False
2026-10-02,川崎,3,033420261002,1790926920,1790926620,3487,near_close_v2_20260805,trifecta,3連単,4,2-5-3,0.07246218777787725,46.0,233,True
2026-10-02,川崎,3,033420261002,1790926920,1790926620,3487,near_close_v2_20260805,trifecta,3連単,5,5-3-1,0.05203190411794514,19.9,4,False
2026-10-02,川崎,3,033420261002,1790926920,1790926620,3487,near_close_v2_20260805,trifecta,3連単,6,5-2-1,0.04076869408302037,66.7,172,True
2026-10-02,川崎,3,033420261002,1790926920,1790926620,3487,near_close_v2_20260805,trifecta,3連単,7,5-1-3,0.03181071463796261,59.8,90,False
2026-10-02,川崎,3,033420261002,1790926920,1790926620,3487,near_close_v2_20260805,trifecta,3連単,8,5-1-2,0.02759824572922548,80.9,123,True
2026-10-02,川崎,3,033420261002,1790926920,1790926620,3487,near_close_v2_20260805,trifecta,3連単,9,3-2-5,0.020934702322351707,40.6,-15,False
2026-10-02,川崎,3,033420261002,1790926920,1790926620,3487,near_close_v2_20260805,trifecta,3連単,10,2-3-5,0.020460113633399446,40.4,-17,False
2026-10-02,川崎,3,033420261002,1790926920,1790926620,3487,near_close_v2_20260805,trifecta,3連単,11,3-5-1,0.020366077316829136,21.6,-56,False
2026-10-02,川崎,3,033420261002,1790926920,1790926620,3487,near_close_v2_20260805,trifecta,3連単,12,5-3-4,0.01773807481747037,74.0,31,False
2026-10-02,川崎,3,033420261002,1790926920,1790926620,3487,near_close_v2_20260805,trifecta,3連単,13,2-5-1,0.015595730456970385,71.6,12,False
2026-10-02,川崎,3,033420261002,1790926920,1790926620,3487,near_close_v2_20260805,trifecta,3連単,14,5-3-7,0.01474323416990398,45.0,-34,False
2026-10-02,川崎,3,033420261002,1790926920,1790926620,3487,near_close_v2_20260805,trifecta,3連単,15,5-2-4,0.013898360210226649,141.0,96,False
2026-10-02,川崎,3,033420261002,1790926920,1790926620,3487,near_close_v2_20260805,trifecta,3連単,16,5-2-7,0.011551804875421604,78.7,-9,False
2026-10-02,川崎,3,033420261002,1790926920,1790926620,3487,near_close_v2_20260805,trifecta,3連単,17,1-5-3,0.010946447919086959,57.5,-37,False
2026-10-02,川崎,3,033420261002,1790926920,1790926620,3487,near_close_v2_20260805,trifecta,3連単,18,5-4-3,0.010132715315490638,485.7,392,True
2026-10-02,川崎,3,033420261002,1790926920,1790926620,3487,near_close_v2_20260805,trifecta,3連単,19,1-5-2,0.009496886912832955,95.0,-10,False
2026-10-02,川崎,3,033420261002,1790926920,1790926620,3487,near_close_v2_20260805,trifecta,3連単,20,5-4-2,0.008790911187121562,349.7,207,False
2026-10-02,川崎,3,033420261002,1790926920,1790926620,3487,near_close_v2_20260805,trifecta,3連単,21,5-7-3,0.00837394017191145,257.1,115,False
2026-10-02,川崎,3,033420261002,1790926920,1790926620,3487,near_close_v2_20260805,trifecta,3連単,22,5-7-2,0.007265038249421943,249.8,81,False
2026-10-02,川崎,3,033420261002,1790926920,1790926620,3487,near_close_v2_20260805,trifecta,3連単,23,3-5-4,0.00694295181597456,95.0,-34,False
2026-10-02,川崎,3,033420261002,1790926920,1790926620,3487,near_close_v2_20260805,trifecta,3連単,24,3-5-7,0.005770725713280695,58.2,-66,False
2026-10-02,川崎,3,033420261002,1790926920,1790926620,3487,near_close_v2_20260805,trifecta,3連単,25,2-5-4,0.005316704017822655,178.4,-5,False
2026-10-02,川崎,3,033420261002,1790926920,1790926620,3487,near_close_v2_20260805,trifecta,3連単,26,3-1-5,0.004576720387311264,39.3,-82,False
2026-10-02,川崎,3,033420261002,1790926920,1790926620,3487,near_close_v2_20260805,trifecta,3連単,27,2-5-7,0.004419048467967129,72.2,-68,False
2026-10-02,川崎,3,033420261002,1790926920,1790926620,3487,near_close_v2_20260805,trifecta,3連単,28,5-3-6,0.004206235968882712,21.8,-91,False
2026-10-02,川崎,3,033420261002,1790926920,1790926620,3487,near_close_v2_20260805,trifecta,3連単,29,1-3-5,0.004023615760944615,48.8,-80,False
2026-10-02,川崎,3,033420261002,1790926920,1790926620,3487,near_close_v2_20260805,trifecta,3連単,30,2-1-5,0.003789303512747918,100.5,-62,False
2026-10-02,川崎,3,033420261002,1790926920,1790926620,3487,near_close_v2_20260805,trifecta,3連単,31,4-5-3,0.0034122487027974475,672.5,129,False
2026-10-02,川崎,3,033420261002,1790926920,1790926620,3487,near_close_v2_20260805,trifecta,3連単,32,1-2-5,0.003408633134752866,119.7,-59,False
2026-10-02,川崎,3,033420261002,1790926920,1790926620,3487,near_close_v2_20260805,trifecta,3連単,33,5-2-6,0.003295723083046539,164.9,-46,False
2026-10-02,川崎,3,033420261002,1790926920,1790926620,3487,near_close_v2_20260805,trifecta,3連単,34,4-5-2,0.0029603886382562044,437.1,29,False
2026-10-02,川崎,3,033420261002,1790926920,1790926620,3487,near_close_v2_20260805,trifecta,3連単,35,7-5-3,0.0028147165109857334,437.1,23,False
2026-10-02,川崎,3,033420261002,1790926920,1790926620,3487,near_close_v2_20260805,trifecta,3連単,36,7-5-2,0.0024419834264140803,485.7,19,False
2026-10-02,川崎,3,033420261002,1790926920,1790926620,3487,near_close_v2_20260805,trifecta,3連単,37,5-6-3,0.0023421150591789483,104.0,-76,False
2026-10-02,川崎,3,033420261002,1790926920,1790926620,3487,near_close_v2_20260805,trifecta,3連単,38,5-1-4,0.0023340194315399996,85.7,-80,False
2026-10-02,川崎,3,033420261002,1790926920,1790926620,3487,near_close_v2_20260805,trifecta,3連単,39,5-4-1,0.002180821497441089,242.8,-47,False
2026-10-02,川崎,3,033420261002,1790926920,1790926620,3487,near_close_v2_20260805,trifecta,3連単,40,5-6-2,0.0020319652565177326,257.1,-48,False
2026-10-02,川崎,3,033420261002,1790926920,1790926620,3487,near_close_v2_20260805,trifecta,3連単,41,5-1-7,0.0019399509467853142,264.9,-49,False
2026-10-02,川崎,3,033420261002,1790926920,1790926620,3487,near_close_v2_20260805,trifecta,3連単,42,5-7-1,0.0018022877557086231,672.5,21,False
2026-10-02,川崎,3,033420261002,1790926920,1790926620,3487,near_close_v2_20260805,trifecta,3連単,43,3-5-6,0.0016463846251121227,22.5,-96,False
2026-10-02,川崎,3,033420261002,1790926920,1790926620,3487,near_close_v2_20260805,trifecta,3連単,44,3-4-5,0.0015209659162079214,323.8,-51,False
2026-10-02,川崎,3,033420261002,1790926920,1790926620,3487,near_close_v2_20260805,trifecta,3連単,45,4-3-5,0.0013085690652473586,874.3,14,False
2026-10-02,川崎,3,033420261002,1790926920,1790926620,3487,near_close_v2_20260805,trifecta,3連単,46,3-7-5,0.0012613980515670772,323.8,-59,False
2026-10-02,川崎,3,033420261002,1790926920,1790926620,3487,near_close_v2_20260805,trifecta,3連単,47,2-5-6,0.001260751908298587,312.2,-61,False
2026-10-02,川崎,3,033420261002,1790926920,1790926620,3487,near_close_v2_20260805,trifecta,3連単,48,2-4-5,0.001260032864001594,460.1,-42,False
2026-10-02,川崎,3,033420261002,1790926920,1790926620,3487,near_close_v2_20260805,trifecta,3連単,49,4-2-5,0.001109220247048484,460.1,-49,False
2026-10-02,川崎,3,033420261002,1790926920,1790926620,3487,near_close_v2_20260805,trifecta,3連単,50,7-3-5,0.0010832265445209,582.9,-37,False
2026-10-02,川崎,3,033420261002,1790926920,1790926620,3487,near_close_v2_20260805,trifecta,3連単,51,2-7-5,0.0010450484275699107,69.3,-93,False
2026-10-02,川崎,3,033420261002,1790926920,1790926620,3487,near_close_v2_20260805,trifecta,3連単,52,3-2-1,0.0010070011358673718,56.7,-94,False
2026-10-02,川崎,3,033420261002,1790926920,1790926620,3487,near_close_v2_20260805,trifecta,3連単,53,2-3-1,0.0009841724688299392,55.6,-95,False
2026-10-02,川崎,3,033420261002,1790926920,1790926620,3487,near_close_v2_20260805,trifecta,3連単,54,7-2-5,0.0009182528874704704,301.5,-72,False
2026-10-02,川崎,3,033420261002,1790926920,1790926620,3487,near_close_v2_20260805,trifecta,3連単,55,3-1-2,0.0008874243142980904,67.2,-94,False
2026-10-02,川崎,3,033420261002,1790926920,1790926620,3487,near_close_v2_20260805,trifecta,3連単,56,2-1-3,0.0008468924954731979,80.9,-93,False
2026-10-02,川崎,3,033420261002,1790926920,1790926620,3487,near_close_v2_20260805,trifecta,3連単,57,1-5-4,0.0008031640420614552,76.6,-94,False
2026-10-02,川崎,3,033420261002,1790926920,1790926620,3487,near_close_v2_20260805,trifecta,3連単,58,6-5-3,0.0007821228769104257,158.9,-88,False
2026-10-02,川崎,3,033420261002,1790926920,1790926620,3487,near_close_v2_20260805,trifecta,3連単,59,1-3-2,0.0007801775410083455,78.0,-94,False
2026-10-02,川崎,3,033420261002,1790926920,1790926620,3487,near_close_v2_20260805,trifecta,3連単,60,1-2-3,0.0007618143576865608,102.8,-92,False
2026-10-02,川崎,3,033420261002,1790926920,1790926620,3487,near_close_v2_20260805,trifecta,3連単,61,4-5-1,0.0007344038684576244,349.7,-74,False
2026-10-02,川崎,3,033420261002,1790926920,1790926620,3487,near_close_v2_20260805,trifecta,3連単,62,6-5-2,0.0006785518525152245,971.5,-34,False
2026-10-02,川崎,3,033420261002,1790926920,1790926620,3487,near_close_v2_20260805,trifecta,3連単,63,1-5-7,0.0006675603565103987,190.0,-87,False
2026-10-02,川崎,3,033420261002,1790926920,1790926620,3487,near_close_v2_20260805,trifecta,3連単,64,5-4-7,0.0006179355256085216,380.1,-77,False
2026-10-02,川崎,3,033420261002,1790926920,1790926620,3487,near_close_v2_20260805,trifecta,3連単,65,5-7-4,0.0006144137062695843,794.8,-51,False
2026-10-02,川崎,3,033420261002,1790926920,1790926620,3487,near_close_v2_20260805,trifecta,3連単,66,7-5-1,0.0006057995399294248,728.6,-56,False
2026-10-02,川崎,3,033420261002,1790926920,1790926620,3487,near_close_v2_20260805,trifecta,3連単,67,5-1-6,0.0005534668551147082,301.5,-83,False
2026-10-02,川崎,3,033420261002,1790926920,1790926620,3487,near_close_v2_20260805,trifecta,3連単,68,5-6-1,0.0005040835266268049,460.1,-77,False
2026-10-02,川崎,3,033420261002,1790926920,1790926620,3487,near_close_v2_20260805,trifecta,3連単,69,3-6-5,0.0003571201992811043,57.9,-98,False
2026-10-02,川崎,3,033420261002,1790926920,1790926620,3487,near_close_v2_20260805,trifecta,3連単,70,3-2-4,0.00034329440354139606,190.0,-93,False
2026-10-02,川崎,3,033420261002,1790926920,1790926620,3487,near_close_v2_20260805,trifecta,3連単,71,2-3-4,0.00033551193601963873,190.0,-94,False
2026-10-02,川崎,3,033420261002,1790926920,1790926620,3487,near_close_v2_20260805,trifecta,3連単,72,6-3-5,0.0003046796927557406,100.5,-97,False
2026-10-02,川崎,3,033420261002,1790926920,1790926620,3487,near_close_v2_20260805,trifecta,3連単,73,2-6-5,0.000295920378406538,672.5,-80,False
2026-10-02,川崎,3,033420261002,1790926920,1790926620,3487,near_close_v2_20260805,trifecta,3連単,74,3-4-2,0.00029491470333290983,364.3,-89,False
2026-10-02,川崎,3,033420261002,1790926920,1790926620,3487,near_close_v2_20260805,trifecta,3連単,75,3-2-7,0.0002853336583992436,112.0,-97,False
2026-10-02,川崎,3,033420261002,1790926920,1790926620,3487,near_close_v2_20260805,trifecta,3連単,76,2-4-3,0.0002816117455312268,514.3,-86,False
2026-10-02,川崎,3,033420261002,1790926920,1790926620,3487,near_close_v2_20260805,trifecta,3連単,77,2-3-7,0.0002788651581660654,107.9,-97,False
2026-10-02,川崎,3,033420261002,1790926920,1790926620,3487,near_close_v2_20260805,trifecta,3連単,78,6-2-5,0.00025832278597720396,1092.9,-72,False
2026-10-02,川崎,3,033420261002,1790926920,1790926620,3487,near_close_v2_20260805,trifecta,3連単,79,4-3-2,0.0002537310360183586,1092.9,-72,False
2026-10-02,川崎,3,033420261002,1790926920,1790926620,3487,near_close_v2_20260805,trifecta,3連単,80,1-4-5,0.0002526127145461598,65.7,-98,False
2026-10-02,川崎,3,033420261002,1790926920,1790926620,3487,near_close_v2_20260805,trifecta,3連単,81,4-2-3,0.00024790579585193023,728.6,-82,False
2026-10-02,川崎,3,033420261002,1790926920,1790926620,3487,near_close_v2_20260805,trifecta,3連単,82,4-1-5,0.0002472124010329499,182.1,-95,False
2026-10-02,川崎,3,033420261002,1790926920,1790926620,3487,near_close_v2_20260805,trifecta,3連単,83,3-7-2,0.00024458459469630923,291.4,-93,False
2026-10-02,川崎,3,033420261002,1790926920,1790926620,3487,near_close_v2_20260805,trifecta,3連単,84,2-7-3,0.000233563679377377,56.0,-99,False
2026-10-02,川崎,3,033420261002,1790926920,1790926620,3487,near_close_v2_20260805,trifecta,3連単,85,7-3-2,0.00021003720833941622,437.1,-91,False
2026-10-02,川崎,3,033420261002,1790926920,1790926620,3487,near_close_v2_20260805,trifecta,3連単,86,1-7-5,0.0002095580408145089,728.6,-85,False
2026-10-02,川崎,3,033420261002,1790926920,1790926620,3487,near_close_v2_20260805,trifecta,3連単,87,4-5-7,0.0002080932533895075,514.3,-89,False
2026-10-02,川崎,3,033420261002,1790926920,1790926620,3487,near_close_v2_20260805,trifecta,3連単,88,7-5-4,0.0002065217052080015,874.3,-82,False
2026-10-02,川崎,3,033420261002,1790926920,1790926620,3487,near_close_v2_20260805,trifecta,3連単,89,7-2-3,0.00020522543964323237,230.0,-95,False
2026-10-02,川崎,3,033420261002,1790926920,1790926620,3487,near_close_v2_20260805,trifecta,3連単,90,7-1-5,0.00020469599576199013,437.1,-91,False
2026-10-02,川崎,3,033420261002,1790926920,1790926620,3487,near_close_v2_20260805,trifecta,3連単,91,1-5-6,0.00019045457398256143,230.0,-96,False
2026-10-02,川崎,3,033420261002,1790926920,1790926620,3487,near_close_v2_20260805,trifecta,3連単,92,5-4-6,0.00017629663914386128,874.3,-85,False
2026-10-02,川崎,3,033420261002,1790926920,1790926620,3487,near_close_v2_20260805,trifecta,3連単,93,5-6-4,0.0001718459368562063,728.6,-87,False
2026-10-02,川崎,3,033420261002,1790926920,1790926620,3487,near_close_v2_20260805,trifecta,3連単,94,6-5-1,0.00016833300161893836,582.9,-90,False
2026-10-02,川崎,3,033420261002,1790926920,1790926620,3487,near_close_v2_20260805,trifecta,3連単,95,5-7-6,0.00014569613995202554,794.8,-88,False
2026-10-02,川崎,3,033420261002,1790926920,1790926620,3487,near_close_v2_20260805,trifecta,3連単,96,5-6-7,0.00014283201047964094,397.4,-94,False
2026-10-02,川崎,3,033420261002,1790926920,1790926620,3487,near_close_v2_20260805,trifecta,3連単,97,3-2-6,8.140552359547904e-05,123.1,-99,False
2026-10-02,川崎,3,033420261002,1790926920,1790926620,3487,near_close_v2_20260805,trifecta,3連単,98,2-3-6,7.956006431348096e-05,96.0,-99,False
2026-10-02,川崎,3,033420261002,1790926920,1790926620,3487,near_close_v2_20260805,trifecta,3連単,99,3-1-4,7.505062509822544e-05,121.4,-99,False
2026-10-02,川崎,3,033420261002,1790926920,1790926620,3487,near_close_v2_20260805,trifecta,3連単,100,3-4-1,7.316150865931587e-05,264.9,-98,False
2026-10-02,川崎,3,033420261002,1790926920,1790926620,3487,near_close_v2_20260805,trifecta,3連単,101,3-6-2,6.924546862151967e-05,105.3,-99,False
2026-10-02,川崎,3,033420261002,1790926920,1790926620,3487,near_close_v2_20260805,trifecta,3連単,102,4-7-5,6.840426446726423e-05,874.3,-94,False
2026-10-02,川崎,3,033420261002,1790926920,1790926620,3487,near_close_v2_20260805,trifecta,3連単,103,7-4-5,6.827679838056253e-05,971.5,-93,False
2026-10-02,川崎,3,033420261002,1790926920,1790926620,3487,near_close_v2_20260805,trifecta,3連単,104,2-6-3,6.613688950673345e-05,282.0,-98,False
2026-10-02,川崎,3,033420261002,1790926920,1790926620,3487,near_close_v2_20260805,trifecta,3連単,105,1-3-4,6.598062640033158e-05,65.2,-100,False
2026-10-02,川崎,3,033420261002,1790926920,1790926620,3487,near_close_v2_20260805,trifecta,3連単,106,4-3-1,6.294479447448705e-05,624.5,-96,False
2026-10-02,川崎,3,033420261002,1790926920,1790926620,3487,near_close_v2_20260805,trifecta,3連単,107,3-1-7,6.237931409168603e-05,291.4,-98,False
2026-10-02,川崎,3,033420261002,1790926920,1790926620,3487,near_close_v2_20260805,trifecta,3連単,108,2-1-4,6.213829407343502e-05,136.6,-99,False
2026-10-02,川崎,3,033420261002,1790926920,1790926620,3487,near_close_v2_20260805,trifecta,3連単,109,3-7-1,6.06757741834585e-05,460.1,-97,False
2026-10-02,川崎,3,033420261002,1790926920,1790926620,3487,near_close_v2_20260805,trifecta,3連単,110,2-4-1,6.061010592565644e-05,282.0,-98,False
2026-10-02,川崎,3,033420261002,1790926920,1790926620,3487,near_close_v2_20260805,trifecta,3連単,111,1-6-5,5.938441997805482e-05,514.3,-97,False
2026-10-02,川崎,3,033420261002,1790926920,1790926620,3487,near_close_v2_20260805,trifecta,3連単,112,4-5-6,5.936888183432219e-05,2185.8,-87,False
2026-10-02,川崎,3,033420261002,1790926920,1790926620,3487,near_close_v2_20260805,trifecta,3連単,113,6-3-2,5.907727467335169e-05,485.7,-97,False
2026-10-02,川崎,3,033420261002,1790926920,1790926620,3487,near_close_v2_20260805,trifecta,3連単,114,6-2-3,5.773399468209258e-05,485.7,-97,False
2026-10-02,川崎,3,033420261002,1790926920,1790926620,3487,near_close_v2_20260805,trifecta,3連単,115,6-1-5,5.762878883098166e-05,1249.0,-93,False
2026-10-02,川崎,3,033420261002,1790926920,1790926620,3487,near_close_v2_20260805,trifecta,3連単,116,6-5-4,5.738601013327685e-05,1092.9,-94,False
2026-10-02,川崎,3,033420261002,1790926920,1790926620,3487,near_close_v2_20260805,trifecta,3連単,117,1-4-3,5.645781909275311e-05,57.1,-100,False
2026-10-02,川崎,3,033420261002,1790926920,1790926620,3487,near_close_v2_20260805,trifecta,3連単,118,1-2-4,5.5895931113243236e-05,186.0,-99,False
2026-10-02,川崎,3,033420261002,1790926920,1790926620,3487,near_close_v2_20260805,trifecta,3連単,119,4-1-3,5.52508730214886e-05,323.8,-98,False
2026-10-02,川崎,3,033420261002,1790926920,1790926620,3487,near_close_v2_20260805,trifecta,3連単,120,1-3-7,5.484066538827261e-05,178.4,-99,False
2026-10-02,川崎,3,033420261002,1790926920,1790926620,3487,near_close_v2_20260805,trifecta,3連単,121,4-2-1,5.335571681438808e-05,242.8,-99,False
2026-10-02,川崎,3,033420261002,1790926920,1790926620,3487,near_close_v2_20260805,trifecta,3連単,122,7-3-1,5.210536763016642e-05,582.9,-97,False
2026-10-02,川崎,3,033420261002,1790926920,1790926620,3487,near_close_v2_20260805,trifecta,3連単,123,2-1-7,5.164706034167338e-05,95.0,-100,False
2026-10-02,川崎,3,033420261002,1790926920,1790926620,3487,near_close_v2_20260805,trifecta,3連単,124,2-7-1,5.0268923694019514e-05,55.6,-100,False
2026-10-02,川崎,3,033420261002,1790926920,1790926620,3487,near_close_v2_20260805,trifecta,3連単,125,1-4-2,4.898150772125353e-05,113.5,-99,False
2026-10-02,川崎,3,033420261002,1790926920,1790926620,3487,near_close_v2_20260805,trifecta,3連単,126,7-5-6,4.897256515940045e-05,794.8,-96,False
2026-10-02,川崎,3,033420261002,1790926920,1790926620,3487,near_close_v2_20260805,trifecta,3連単,127,4-1-2,4.79343890181443e-05,249.8,-99,False
2026-10-02,川崎,3,033420261002,1790926920,1790926620,3487,near_close_v2_20260805,trifecta,3連単,128,6-5-7,4.769713704432551e-05,1249.0,-94,False
2026-10-02,川崎,3,033420261002,1790926920,1790926620,3487,near_close_v2_20260805,trifecta,3連単,129,1-7-3,4.683529084825779e-05,397.4,-98,False
2026-10-02,川崎,3,033420261002,1790926920,1790926620,3487,near_close_v2_20260805,trifecta,3連単,130,1-2-7,4.6458638269792225e-05,198.7,-99,False
2026-10-02,川崎,3,033420261002,1790926920,1790926620,3487,near_close_v2_20260805,trifecta,3連単,131,7-1-3,4.5748645385898217e-05,624.5,-97,False
2026-10-02,川崎,3,033420261002,1790926920,1790926620,3487,near_close_v2_20260805,trifecta,3連単,132,7-2-1,4.416980411080349e-05,178.4,-99,False
2026-10-02,川崎,3,033420261002,1790926920,1790926620,3487,near_close_v2_20260805,trifecta,3連単,133,1-7-2,4.063322312436894e-05,397.4,-98,False
2026-10-02,川崎,3,033420261002,1790926920,1790926620,3487,near_close_v2_20260805,trifecta,3連単,134,7-1-2,3.969047446775881e-05,437.1,-98,False
2026-10-02,川崎,3,033420261002,1790926920,1790926620,3487,near_close_v2_20260805,trifecta,3連単,135,3-4-7,2.073030523623954e-05,582.9,-99,False
2026-10-02,川崎,3,033420261002,1790926920,1790926620,3487,near_close_v2_20260805,trifecta,3連単,136,3-7-4,2.068483635798621e-05,485.7,-99,False
2026-10-02,川崎,3,033420261002,1790926920,1790926620,3487,near_close_v2_20260805,trifecta,3連単,137,4-6-5,1.9387170698668887e-05,4371.7,-92,False
2026-10-02,川崎,3,033420261002,1790926920,1790926620,3487,near_close_v2_20260805,trifecta,3連単,138,6-4-5,1.922500053186646e-05,2914.5,-94,False
2026-10-02,川崎,3,033420261002,1790926920,1790926620,3487,near_close_v2_20260805,trifecta,3連単,139,4-3-7,1.78354004229836e-05,1457.2,-97,False
2026-10-02,川崎,3,033420261002,1790926920,1790926620,3487,near_close_v2_20260805,trifecta,3連単,140,3-1-6,1.779678133189353e-05,145.7,-100,False
2026-10-02,川崎,3,033420261002,1790926920,1790926620,3487,near_close_v2_20260805,trifecta,3連単,141,7-3-4,1.776311909171375e-05,485.7,-99,False
2026-10-02,川崎,3,033420261002,1790926920,1790926620,3487,near_close_v2_20260805,trifecta,3連単,142,3-6-1,1.7178197271679963e-05,116.5,-100,False
2026-10-02,川崎,3,033420261002,1790926920,1790926620,3487,near_close_v2_20260805,trifecta,3連単,143,2-4-7,1.717386668569852e-05,874.3,-98,False
2026-10-02,川崎,3,033420261002,1790926920,1790926620,3487,near_close_v2_20260805,trifecta,3連単,144,2-7-4,1.7137061281804984e-05,158.9,-100,False
2026-10-02,川崎,3,033420261002,1790926920,1790926620,3487,near_close_v2_20260805,trifecta,3連単,145,7-6-5,1.6053825173734928e-05,1249.0,-98,False
2026-10-02,川崎,3,033420261002,1790926920,1790926620,3487,near_close_v2_20260805,trifecta,3連単,146,6-7-5,1.594925805362818e-05,2185.8,-97,False
2026-10-02,川崎,3,033420261002,1790926920,1790926620,3487,near_close_v2_20260805,trifecta,3連単,147,1-3-6,1.5646009325721492e-05,101.6,-100,False
2026-10-02,川崎,3,033420261002,1790926920,1790926620,3487,near_close_v2_20260805,trifecta,3連単,148,4-7-3,1.528804912058356e-05,1092.9,-98,False
2026-10-02,川崎,3,033420261002,1790926920,1790926620,3487,near_close_v2_20260805,trifecta,3連単,149,7-4-3,1.5259561016663712e-05,874.3,-99,False
2026-10-02,川崎,3,033420261002,1790926920,1790926620,3487,near_close_v2_20260805,trifecta,3連単,150,4-2-7,1.5118336348300311e-05,728.6,-99,False
2026-10-02,川崎,3,033420261002,1790926920,1790926620,3487,near_close_v2_20260805,trifecta,3連単,151,7-2-4,1.5057824680304709e-05,336.2,-99,False
2026-10-02,川崎,3,033420261002,1790926920,1790926620,3487,near_close_v2_20260805,trifecta,3連単,152,2-1-6,1.4734875699096165e-05,397.4,-99,False
2026-10-02,川崎,3,033420261002,1790926920,1790926620,3487,near_close_v2_20260805,trifecta,3連単,153,6-3-1,1.4655703814482839e-05,380.1,-99,False
2026-10-02,川崎,3,033420261002,1790926920,1790926620,3487,near_close_v2_20260805,trifecta,3連単,154,2-6-1,1.423436324019396e-05,514.3,-99,False
2026-10-02,川崎,3,033420261002,1790926920,1790926620,3487,near_close_v2_20260805,trifecta,3連単,155,1-6-3,1.3272153961341693e-05,186.0,-100,False
2026-10-02,川崎,3,033420261002,1790926920,1790926620,3487,near_close_v2_20260805,trifecta,3連単,156,4-7-2,1.3263560443461877e-05,1092.9,-99,False
2026-10-02,川崎,3,033420261002,1790926920,1790926620,3487,near_close_v2_20260805,trifecta,3連単,157,1-2-6,1.3254621957685668e-05,546.4,-99,False
2026-10-02,川崎,3,033420261002,1790926920,1790926620,3487,near_close_v2_20260805,trifecta,3連単,158,7-4-2,1.323884481851325e-05,794.8,-99,False
2026-10-02,川崎,3,033420261002,1790926920,1790926620,3487,near_close_v2_20260805,trifecta,3連単,159,6-1-3,1.287977820197766e-05,728.6,-99,False
2026-10-02,川崎,3,033420261002,1790926920,1790926620,3487,near_close_v2_20260805,trifecta,3連単,160,6-2-1,1.2425843696938053e-05,1249.0,-98,False
2026-10-02,川崎,3,033420261002,1790926920,1790926620,3487,near_close_v2_20260805,trifecta,3連単,161,1-6-2,1.1514616082975278e-05,728.6,-99,False
2026-10-02,川崎,3,033420261002,1790926920,1790926620,3487,near_close_v2_20260805,trifecta,3連単,162,6-1-2,1.1174199882070539e-05,1457.2,-98,False
2026-10-02,川崎,3,033420261002,1790926920,1790926620,3487,near_close_v2_20260805,trifecta,3連単,163,3-4-6,5.914343794971836e-06,301.5,-100,False
2026-10-02,川崎,3,033420261002,1790926920,1790926620,3487,near_close_v2_20260805,trifecta,3連単,164,3-6-4,5.856179080888846e-06,230.0,-100,False
2026-10-02,川崎,3,033420261002,1790926920,1790926620,3487,near_close_v2_20260805,trifecta,3連単,165,4-3-6,5.0884291678498196e-06,546.4,-100,False
2026-10-02,川崎,3,033420261002,1790926920,1790926620,3487,near_close_v2_20260805,trifecta,3連単,166,6-3-4,4.996241732278336e-06,416.3,-100,False
2026-10-02,川崎,3,033420261002,1790926920,1790926620,3487,near_close_v2_20260805,trifecta,3連単,167,3-7-6,4.9050025774906675e-06,349.7,-100,False
2026-10-02,川崎,3,033420261002,1790926920,1790926620,3487,near_close_v2_20260805,trifecta,3連単,168,2-4-6,4.8996939847596616e-06,728.6,-100,False
2026-10-02,川崎,3,033420261002,1790926920,1790926620,3487,near_close_v2_20260805,trifecta,3連単,169,3-6-7,4.867440261634331e-06,249.8,-100,False
2026-10-02,川崎,3,033420261002,1790926920,1790926620,3487,near_close_v2_20260805,trifecta,3連単,170,2-6-4,4.852603501906627e-06,2185.8,-99,False
2026-10-02,川崎,3,033420261002,1790926920,1790926620,3487,near_close_v2_20260805,trifecta,3連単,171,4-6-3,4.332946494764673e-06,794.8,-100,False
2026-10-02,川崎,3,033420261002,1790926920,1790926620,3487,near_close_v2_20260805,trifecta,3連単,172,4-2-6,4.3132523980185705e-06,1748.7,-99,False
2026-10-02,川崎,3,033420261002,1790926920,1790926620,3487,near_close_v2_20260805,trifecta,3連単,173,6-4-3,4.29670218316689e-06,2185.8,-99,False
2026-10-02,川崎,3,033420261002,1790926920,1790926620,3487,near_close_v2_20260805,trifecta,3連単,174,6-2-4,4.236065331509999e-06,1092.9,-100,False
2026-10-02,川崎,3,033420261002,1790926920,1790926620,3487,near_close_v2_20260805,trifecta,3連単,175,7-3-6,4.212174726511207e-06,397.4,-100,False
2026-10-02,川崎,3,033420261002,1790926920,1790926620,3487,near_close_v2_20260805,trifecta,3連単,176,6-3-7,4.15269202472171e-06,728.6,-100,False
2026-10-02,川崎,3,033420261002,1790926920,1790926620,3487,near_close_v2_20260805,trifecta,3連単,177,2-7-6,4.063717416135868e-06,301.5,-100,False
2026-10-02,川崎,3,033420261002,1790926920,1790926620,3487,near_close_v2_20260805,trifecta,3連単,178,2-6-7,4.033305220465197e-06,1249.0,-99,False
2026-10-02,川崎,3,033420261002,1790926920,1790926620,3487,near_close_v2_20260805,trifecta,3連単,179,4-6-2,3.759164905757695e-06,1748.7,-99,False
2026-10-02,川崎,3,033420261002,1790926920,1790926620,3487,near_close_v2_20260805,trifecta,3連単,180,6-4-2,3.7277201730899004e-06,2185.8,-99,False
2026-10-02,川崎,3,033420261002,1790926920,1790926620,3487,near_close_v2_20260805,trifecta,3連単,181,7-6-3,3.5879585832952723e-06,794.8,-100,False
2026-10-02,川崎,3,033420261002,1790926920,1790926620,3487,near_close_v2_20260805,trifecta,3連単,182,7-2-6,3.570667303818485e-06,672.5,-100,False
2026-10-02,川崎,3,033420261002,1790926920,1790926620,3487,near_close_v2_20260805,trifecta,3連単,183,6-7-3,3.5645882966466233e-06,1457.2,-99,False
2026-10-02,川崎,3,033420261002,1790926920,1790926620,3487,near_close_v2_20260805,trifecta,3連単,184,6-2-7,3.520861411631498e-06,971.5,-100,False
2026-10-02,川崎,3,033420261002,1790926920,1790926620,3487,near_close_v2_20260805,trifecta,3連単,185,1-4-7,3.443034865734006e-06,164.9,-100,False
2026-10-02,川崎,3,033420261002,1790926920,1790926620,3487,near_close_v2_20260805,trifecta,3連単,186,1-7-4,3.4364043739905893e-06,416.3,-100,False
2026-10-02,川崎,3,033420261002,1790926920,1790926620,3487,near_close_v2_20260805,trifecta,3連単,187,4-1-7,3.3694302265325284e-06,312.2,-100,False
2026-10-02,川崎,3,033420261002,1790926920,1790926620,3487,near_close_v2_20260805,trifecta,3連単,188,7-1-4,3.3566748975167954e-06,416.3,-100,False
2026-10-02,川崎,3,033420261002,1790926920,1790926620,3487,near_close_v2_20260805,trifecta,3連単,189,4-7-1,3.2903822063503395e-06,728.6,-100,False
2026-10-02,川崎,3,033420261002,1790926920,1790926620,3487,near_close_v2_20260805,trifecta,3連単,190,7-4-1,3.2842508321317466e-06,485.7,-100,False
2026-10-02,川崎,3,033420261002,1790926920,1790926620,3487,near_close_v2_20260805,trifecta,3連単,191,7-6-2,3.112830496737583e-06,1249.0,-100,False
2026-10-02,川崎,3,033420261002,1790926920,1790926620,3487,near_close_v2_20260805,trifecta,3連単,192,6-7-2,3.0925549725617713e-06,2185.8,-99,False
2026-10-02,川崎,3,033420261002,1790926920,1790926620,3487,near_close_v2_20260805,trifecta,3連単,193,1-4-6,9.822958061624515e-07,182.1,-100,False
2026-10-02,川崎,3,033420261002,1790926920,1790926620,3487,near_close_v2_20260805,trifecta,3連単,194,1-6-4,9.738060146311163e-07,460.1,-100,False
2026-10-02,川崎,3,033420261002,1790926920,1790926620,3487,near_close_v2_20260805,trifecta,3連単,195,4-1-6,9.612964462311085e-07,1092.9,-100,False
2026-10-02,川崎,3,033420261002,1790926920,1790926620,3487,near_close_v2_20260805,trifecta,3連単,196,6-1-4,9.450165750588286e-07,1457.2,-100,False
2026-10-02,川崎,3,033420261002,1790926920,1790926620,3487,near_close_v2_20260805,trifecta,3連単,197,4-6-1,9.325617634395426e-07,1457.2,-100,False
2026-10-02,川崎,3,033420261002,1790926920,1790926620,3487,near_close_v2_20260805,trifecta,3連単,198,6-4-1,9.247610534194397e-07,485.7,-100,False
2026-10-02,川崎,3,033420261002,1790926920,1790926620,3487,near_close_v2_20260805,trifecta,3連単,199,1-7-6,8.148757872680138e-07,728.6,-100,False
2026-10-02,川崎,3,033420261002,1790926920,1790926620,3487,near_close_v2_20260805,trifecta,3連単,200,1-6-7,8.093916762391328e-07,1249.0,-100,False
2026-10-02,川崎,3,033420261002,1790926920,1790926620,3487,near_close_v2_20260805,trifecta,3連単,201,7-1-6,7.959695082509717e-07,1092.9,-100,False
2026-10-02,川崎,3,033420261002,1790926920,1790926620,3487,near_close_v2_20260805,trifecta,3連単,202,6-1-7,7.854629549093245e-07,971.5,-100,False
2026-10-02,川崎,3,033420261002,1790926920,1790926620,3487,near_close_v2_20260805,trifecta,3連単,203,7-6-1,7.722211635035681e-07,1092.9,-100,False
2026-10-02,川崎,3,033420261002,1790926920,1790926620,3487,near_close_v2_20260805,trifecta,3連単,204,6-7-1,7.671912754688359e-07,1748.7,-100,False
2026-10-02,川崎,3,033420261002,1790926920,1790926620,3487,near_close_v2_20260805,trifecta,3連単,205,4-7-6,2.6599303297357464e-07,2914.5,-100,False
2026-10-02,川崎,3,033420261002,1790926920,1790926620,3487,near_close_v2_20260805,trifecta,3連単,206,7-4-6,2.654973754108903e-07,1457.2,-100,False
2026-10-02,川崎,3,033420261002,1790926920,1790926620,3487,near_close_v2_20260805,trifecta,3連単,207,4-6-7,2.6424127060816e-07,2185.8,-100,False
2026-10-02,川崎,3,033420261002,1790926920,1790926620,3487,near_close_v2_20260805,trifecta,3連単,208,7-6-4,2.6325611191953554e-07,2185.8,-100,False
2026-10-02,川崎,3,033420261002,1790926920,1790926620,3487,near_close_v2_20260805,trifecta,3連単,209,6-4-7,2.620309403027921e-07,1748.7,-100,False
2026-10-02,川崎,3,033420261002,1790926920,1790926620,3487,near_close_v2_20260805,trifecta,3連単,210,6-7-4,2.6154138454608917e-07,971.5,-100,False
2026-10-02,川崎,3,033420261002,1790926920,1790926620,3487,near_close_v2_20260805,trio,3連複,1,3-4-7,0.00010756127124617035,82.3,-99,False
2026-10-02,川崎,3,033420261002,1790926920,1790926620,3487,near_close_v2_20260805,trio,3連複,2,2-4-7,9.098949425808364e-05,41.1,-100,False
2026-10-02,川崎,3,033420261002,1790926920,1790926620,3487,near_close_v2_20260805,trio,3連複,3,3-4-6,3.04848424539204e-05,117.6,-100,False
2026-10-02,川崎,3,033420261002,1790926920,1790926620,3487,near_close_v2_20260805,trio,3連複,4,2-4-6,2.5788500295042455e-05,274.5,-99,False
2026-10-02,川崎,3,033420261002,1790926920,1790926620,3487,near_close_v2_20260805,trio,3連複,5,1-4-7,2.0180177402256005e-05,37.4,-100,False
2026-10-02,川崎,3,033420261002,1790926920,1790926620,3487,near_close_v2_20260805,trio,3連複,6,1-4-6,5.719737658942488e-06,45.7,-100,False
