date,venue,race_no,race_id,start_at,close_at,rank_in_race,car_no,player_id,player_name,style,score,odds_win,odds_move_pct,odds_move_last_pct,odds_snapshot_count,p_win,p_second,p_third,position_model_source,p_win_pre_override,top1_override_applied,top1_override_reason,top1_top2_margin,top1_confidence_class,place2_rate,place3_rate,line_role_place2_rate,line_role_place3_rate,nexus_form_adj,nexus_line_adj,nexus_style_adj,nexus_condition_adj,nexus_uncertainty,expected_value_win,stake_yen,win_return_yen,win_profit_yen,loss_amount_yen,expected_profit_yen
2026-10-05,防府,1,016320261005,1791156600,1791156300,1,2,014612,工藤文彦,追,88.85,,,,,0.3899208513476616,0.300531671066686,0.24904413416673724,position_specialists,0.3899208513476616,False,,0.14412798671903973,B,0.38,0.523,0.17,0.19,0.1940396948307882,-0.12431601782657507,0.14146095757003269,-0.040412918501121685,0.005119089201777346,,0,,,0,
2026-10-05,防府,1,016320261005,1791156600,1791156300,2,7,014715,高橋幸司,逃,86.54,,,,,0.24579286462862185,0.21122478313048404,0.19664350018220658,position_specialists,0.24579286462862185,False,,,B,0.29,0.416,0.16,0.16,-0.0232614826680221,0.22022116661111812,0.03747038830922732,-0.09184754204800381,0.004762884943509224,,0,,,0,
2026-10-05,防府,1,016320261005,1791156600,1791156300,3,1,015273,中武三四郎,逃,83.96,,,,,0.2210252790487845,0.22128952100595292,0.2012666512796459,position_specialists,0.2210252790487845,False,,,B,0.307,0.5379999999999999,0.14,0.15,0.21549957171276196,0.024032697842006182,0.1110162641737507,0.06888565653600286,0.003962174592952635,,0,,,0,
2026-10-05,防府,1,016320261005,1791156600,1791156300,4,3,015281,増田仁,逃,80.37,,,,,0.09960397880881386,0.11250206119232305,0.12175982155389373,position_specialists,0.09960397880881386,False,,,B,0.205,0.344,0.07,0.12,0.08583950752789507,0.056730775970191535,0.08035401999862933,0.04959767270592205,0.005208889496891063,,0,,,0,
2026-10-05,防府,1,016320261005,1791156600,1791156300,5,6,013738,眞鍋伸也,追,76.76,,,,,0.017283919472089588,0.03885590663513447,0.04932494688527183,position_specialists,0.017283919472089588,False,,,B,0.0,0.038,0.14,0.17,-0.08223629595579897,0.2680609197116488,-0.1402836075949408,-0.02112493467104088,0.005538312741996615,,0,,,0,
2026-10-05,防府,1,016320261005,1791156600,1791156300,6,5,015209,中野真吾,逃,77.5,,,,,0.013613444822883385,0.045747687507360885,0.07158135742560635,position_specialists,0.013613444822883385,False,,,B,0.047,0.095,0.09,0.0,-0.259320128369734,-0.06607308400681602,-0.12495248550738011,0.1781842315731274,0.004589090261774169,,0,,,0,
2026-10-05,防府,1,016320261005,1791156600,1791156300,7,4,014841,井上将志,両,79.13,,,,,0.012759661871145179,0.06984836946205865,0.11037958850663844,position_specialists,0.012759661871145179,False,,,B,0.066,0.133,0.2,0.18,-0.1305608670778911,-0.09161793969838967,-0.10506553694931911,-0.14328216559488596,0.00474808994377512,,0,,,0,
2026-10-05,松戸,1,013120261005,1791157200,1791156900,1,1,012634,大薗宏,追,74.66,,,,,0.6388653165849091,0.3796677932008367,0.2866108740222474,position_specialists,0.6388653165849091,False,,0.3399241521089382,A,0.37,0.5920000000000001,0.16,0.18,0.1287796186175756,0.34200983903510407,0.12451111355021136,-0.05,0.007152975302599464,,0,,,0,
2026-10-05,松戸,1,013120261005,1791157200,1791156900,2,3,015044,平川雅晃,逃,71.29,,,,,0.29894116447597086,0.38681753169021493,0.29171352607056233,position_specialists,0.29894116447597086,False,,,A,0.375,0.541,0.09,0.08,0.07300813019032219,0.04037545691051942,0.08137222161244714,-0.05,0.006281067312722758,,0,,,0,
2026-10-05,松戸,1,013120261005,1791157200,1791156900,3,4,013676,塚本諭,追,70.61,,,,,0.03246515568707372,0.11087474853945788,0.23396399458901038,position_specialists,0.03246515568707372,False,,,A,0.237,0.428,0.11,0.2,-0.012378192747667497,-0.008234321817378237,-0.013445237833905936,-0.05,0.0029346904350565925,,0,,,0,
2026-10-05,松戸,1,013120261005,1791157200,1791156900,4,5,014932,浦野慈生,両,67.86,,,,,0.020542131893243786,0.06163465016450647,0.0994770299783779,position_specialists,0.020542131893243786,False,,,A,0.166,0.25,0.0,0.03,0.027232024044868887,-0.15364073464837244,-0.04103650811072939,0.2,0.0025563763785234495,,0,,,0,
2026-10-05,松戸,1,013120261005,1791157200,1791156900,5,2,014301,齋藤輝彦,追,68.69,,,,,0.009186231358802636,0.06100527640498404,0.08823457533980202,position_specialists,0.009186231358802636,False,,,A,0.0,0.2,0.15,0.23,-0.2166415801050984,-0.15364073464837244,-0.1514015892180232,-0.05,0.006094886384206982,,0,,,0,
2026-10-05,防府,2,026320261005,1791157800,1791157500,1,3,015633,中釜健次,逃,87.95,,,,,0.545319676914041,0.31945544121057834,0.27841934034850707,position_specialists,0.545319676914041,False,,0.3654497331873986,A,0.4579999999999999,0.4579999999999999,0.1,0.06,0.18687822074215893,0.24386640527924355,0.1478119125649564,-0.058834840541455206,0.009748109786804937,,0,,,0,
2026-10-05,防府,2,026320261005,1791157800,1791157500,2,7,015108,吉田篤史,両,85.76,,,,,0.17986994372664247,0.2847970129843834,0.21505246472869727,position_specialists,0.17986994372664247,False,,,A,0.3329999999999999,0.428,0.6,0.0,0.09596449173246005,0.011494460903964804,0.0533114639199693,-0.058834840541455206,0.0025006952358913818,,0,,,0,
2026-10-05,防府,2,026320261005,1791157800,1791157500,3,2,014783,魚屋周成,逃,86.66,,,,,0.1582291875498685,0.15097305771046818,0.16511732712508373,position_specialists,0.1582291875498685,False,,,A,0.5,0.611,0.19,0.13,0.035355339059327376,-0.0013188300120897335,0.06535499369849168,0.2157277486520024,0.004060264314412714,,0,,,0,
2026-10-05,防府,2,026320261005,1791157800,1791157500,4,5,014181,藤原悠斗,追,84.0,,,,,0.09252893892706011,0.11079347906344578,0.1604853467325757,position_specialists,0.09252893892706011,False,,,A,0.275,0.344,0.24,0.13,0.18182745801939795,0.06987189787809175,0.010383714454181861,0.07844645405527362,0.002728922984218626,,0,,,0,
2026-10-05,防府,2,026320261005,1791157800,1791157500,5,1,013742,葛西雄太郎,両,80.54,,,,,0.014007307238334878,0.05862643734594553,0.08660125548575129,position_specialists,0.014007307238334878,False,,,A,0.29,0.291,0.12,0.05,-0.08586296628693792,-0.10639821656551826,0.06662946122290798,-0.058834840541455206,0.005123689696394548,,0,,,0,
2026-10-05,防府,2,026320261005,1791157800,1791157500,6,4,013893,片山直人,両,77.5,,,,,0.008838444417165024,0.052308379738551375,0.052203000711731826,position_specialists,0.008838444417165024,False,,,A,0.0409999999999999,0.0409999999999999,0.0,0.0,-0.14647211896007062,0.2800306709849489,-0.13738872340256,-0.058834840541455206,0.0021248840180820767,,0,,,0,
2026-10-05,防府,2,026320261005,1791157800,1791157500,7,6,015119,佐伯辰哉,両,77.33,,,,,0.0012065012268879414,0.023046191946627465,0.042121264867653184,position_specialists,0.0012065012268879414,False,,,A,0.0,0.0,0.0,0.0,-0.26769042430633583,-0.162668116764926,-0.20610282245794725,-0.058834840541455206,0.0037404377935324378,,0,,,0,
2026-10-05,松戸,2,023120261005,1791158400,1791158100,1,2,015710,鈴木康平,逃,66.27,,,,,0.5614138689826115,0.4488114961400661,0.2959262316353755,position_specialists,0.5614138689826115,False,,0.35110440034396895,A,0.2269999999999999,0.272,0.16,0.1,0.23012529913830007,0.08441961955326882,0.06387513919839086,0.024593468841898235,0.002427268349497809,,0,,,0,
2026-10-05,松戸,2,023120261005,1791158400,1791158100,2,3,014042,徳吉正治,追,69.41,,,,,0.21030946863864255,0.12893940433141032,0.14089656898185873,position_specialists,0.21030946863864255,False,,,A,0.25,0.375,0.0,0.16,-0.08884834321097801,0.1702061739221438,0.11432107063270916,0.18035210484058706,0.008151534630489447,,0,,,0,
2026-10-05,松戸,2,023120261005,1791158400,1791158100,3,5,011599,和泉田喜一,追,64.33,,,,,0.1449740456688217,0.24583060220673858,0.23278552630402644,position_specialists,0.1449740456688217,False,,,A,0.0,0.0,0.08,0.08,-0.11744463322953104,0.21797010594464403,-0.12621404708847275,-0.09017605242029354,0.003975793168958561,,0,,,0,
2026-10-05,松戸,2,023120261005,1791158400,1791158100,4,1,013588,齋藤仁,追,69.26,,,,,0.07284856629079138,0.12160847090045081,0.2396333006568674,position_specialists,0.07284856629079138,False,,,A,0.152,0.423,0.07,0.19,0.11604199741825094,-0.11815291418119983,0.03414269805898185,-0.024593468841898246,0.005728723004178576,,0,,,0,
2026-10-05,松戸,2,023120261005,1791158400,1791158100,5,4,011198,大竹慎吾,追,65.0,,,,,0.010454050419132931,0.05481002642133417,0.09075837242187199,position_specialists,0.010454050419132931,False,,,A,0.0409999999999999,0.0409999999999999,0.03,0.0,-0.139874320116041,-0.12517611153085578,-0.08612486080160911,-0.09017605242029354,0.006408350670209162,,0,,,0,
2026-10-05,防府,3,036320261005,1791159000,1791158700,1,1,013374,川野正芳,追,84.14,,,,,0.40098018818527115,0.2705453357519675,0.2142460045292643,position_specialists,0.40098018818527115,False,,0.010300609711182795,C,0.237,0.285,0.17,0.11,0.2759687127542938,0.3329593668980426,0.046239959280393136,-0.05850772335867095,0.0028434646803554655,,0,,,0,
2026-10-05,防府,3,036320261005,1791159000,1791158700,2,5,012679,坂上忠克,追,86.9,,,,,0.39067957847408835,0.28288322561813134,0.23319233463629563,position_specialists,0.39067957847408835,False,,,C,0.19,0.476,0.26,0.15,0.19770633354180114,0.06202950522855518,0.004146313679186296,0.21731440104649213,0.0029729816048290475,,0,,,0,
2026-10-05,防府,3,036320261005,1791159000,1791158700,3,2,015533,岩城佑典,逃,80.9,,,,,0.0929566530806414,0.14231089393672713,0.1538608031375654,position_specialists,0.0929566530806414,False,,,C,0.19,0.285,0.08,0.15,-0.07431074053738979,0.11578845025408226,0.1369619754062582,-0.05850772335867095,0.006091285493013588,,0,,,0,
2026-10-05,防府,3,036320261005,1791159000,1791158700,4,7,014115,原田礼,追,84.29,,,,,0.0793354500718406,0.1331093709806205,0.1634370348015578,position_specialists,0.0793354500718406,False,,,C,0.25,0.416,0.08,0.24,0.14330291872596304,0.004621801507918328,0.08833360488159997,0.07522421574686267,0.004259641066105332,,0,,,0,
2026-10-05,防府,3,036320261005,1791159000,1791158700,5,4,014374,屋良朝春,両,80.28,,,,,0.02053318790653807,0.10609849676268547,0.1217310403352391,position_specialists,0.02053318790653807,False,,,C,0.047,0.19,0.09,0.23,-0.1797748271578014,-0.1551414114154052,0.010681038602637694,-0.05850772335867095,0.0038869630698553674,,0,,,0,
2026-10-05,防府,3,036320261005,1791159000,1791158700,6,3,014393,柴田祐也,追,79.47,,,,,0.010724348605201413,0.04400923759299051,0.08283569193746518,position_specialists,0.010724348605201413,False,,,C,0.047,0.238,0.03,0.17,-0.1797748271578014,0.0723542669252902,-0.12213462312443422,-0.05850772335867095,0.005432656380078817,,0,,,0,
2026-10-05,防府,3,036320261005,1791159000,1791158700,7,6,012298,星島太,追,78.8,,,,,0.00479059367641903,0.021043439356877507,0.030697090622612597,position_specialists,0.00479059367641903,False,,,C,0.0,0.095,0.0,0.0,-0.18311757016906602,-0.21254911513604205,-0.16422826872564106,-0.05850772335867095,0.006495709043605122,,0,,,0,
2026-10-05,松戸,3,033120261005,1791159600,1791159300,1,4,015974,山下季秦,逃,72.93,,,,,0.3409759270609819,0.25486890545721713,0.21936986621343038,position_specialists,0.3409759270609819,False,,0.04754656443213223,C,0.5329999999999999,0.6,0.23,0.11,0.02478577154316074,0.1164917938223193,0.06818755464289208,-0.04082482904638629,0.00564250197802392,,0,,,0,
2026-10-05,松戸,3,033120261005,1791159600,1791159300,2,1,015981,小川佑希也,逃,72.5,,,,,0.29342936262884967,0.2242826804623401,0.19840984973715367,position_specialists,0.29342936262884967,False,,,C,0.284,0.428,0.0,0.21,0.25412674630967713,0.273389392222491,-0.04727371952596934,-0.04082482904638629,0.005385147247971688,,0,,,0,
2026-10-05,松戸,3,033120261005,1791159600,1791159300,3,3,014049,廣田樹里,両,73.04,,,,,0.18337998218213597,0.1224651951293138,0.13058713335991243,position_specialists,0.18337998218213597,False,,,C,0.3329999999999999,0.541,0.05,0.07,0.05785766293146813,0.05111779448891441,0.15694847631820916,-0.04082482904638629,0.00652557143982811,,0,,,0,
2026-10-05,松戸,3,033120261005,1791159600,1791159300,4,2,011993,深井高志,追,70.45,,,,,0.11458884983886246,0.20615393888362538,0.17712807515496798,position_specialists,0.11458884983886246,False,,,C,0.1,0.35,0.2,0.2,0.12183918075644762,0.08588274772276416,-0.08862638499353143,0.2449489742783178,0.0043368845231236425,,0,,,0,
2026-10-05,松戸,3,033120261005,1791159600,1791159300,5,5,012876,湯浅弘光,追,71.66,,,,,0.04129531095833106,0.10491990811457996,0.11856049792261177,position_specialists,0.04129531095833106,False,,,C,0.095,0.428,0.14,0.14,-0.1281082116345168,0.09895754758944512,-0.08862638499353143,-0.04082482904638629,0.003915723354120886,,0,,,0,
2026-10-05,松戸,3,033120261005,1791159600,1791159300,6,7,012550,荒木真慈,追,70.33,,,,,0.02398381061363548,0.05851911006423906,0.08620349355252664,position_specialists,0.02398381061363548,False,,,C,0.222,0.37,0.21,0.15,-0.008286119845146645,-0.09716445041076956,0.05268819783766369,-0.04082482904638629,0.006277248041675272,,0,,,0,
2026-10-05,松戸,3,033120261005,1791159600,1791159300,7,6,011427,川口秀人,追,66.69,,,,,0.002346756717203393,0.028790261888684592,0.06974108405939708,position_specialists,0.002346756717203393,False,,,C,0.115,0.23,0.03,0.13,-0.3222150300610909,-0.19379655373144936,-0.053297739285732657,-0.04082482904638629,0.005526838107259843,,0,,,0,
2026-10-05,防府,4,046320261005,1791160200,1791159900,1,7,014638,川又裕樹,追,84.5,,,,,0.33506923534093713,0.32054343936323226,0.2614012526759025,position_specialists,0.33506923534093713,False,,0.017517749143408867,C,0.166,0.375,0.12,0.18,0.0033163638546607754,0.3010940086164467,-0.0155033718595988,-0.08074214613987679,0.0028828395292076034,,0,,,0,
2026-10-05,防府,4,046320261005,1791160200,1791159900,2,2,014494,山崎翼,逃,82.88,,,,,0.31755148619752827,0.22288904706888438,0.2105697786843883,position_specialists,0.31755148619752827,False,,,C,0.222,0.2769999999999999,0.03,0.1,0.10081469252607028,0.25325425551591596,0.11731228986747312,-0.08074214613987679,0.005391939224701097,,0,,,0,
2026-10-05,防府,4,046320261005,1791160200,1791159900,3,4,012920,山崎岳志,追,85.5,,,,,0.23154866036393637,0.23178916044387762,0.2366282206057614,position_specialists,0.23154866036393637,False,,,C,0.5,0.555,0.03,0.21,0.16117113035308825,-0.021691444878987255,0.14160434857735338,0.14671438749806878,0.0024358807775855334,,0,,,0,
2026-10-05,防府,4,046320261005,1791160200,1791159900,4,3,014166,倉野隆太郎,追,82.37,,,,,0.08323046534555732,0.07688600910507876,0.09806601727269992,position_specialists,0.08323046534555732,False,,,C,0.166,0.3329999999999999,0.14,0.14,0.1910174162394574,-0.07336451343768043,0.11731228986747312,0.14671438749806878,0.0056639055141887015,,0,,,0,
2026-10-05,防府,4,046320261005,1791160200,1791159900,5,5,011634,中澤央治,追,83.33,,,,,0.02421261027643908,0.08250097859142932,0.10058007741686684,position_specialists,0.02421261027643908,False,,,C,0.125,0.312,0.0,0.33,-0.04178499800203282,-0.1307722171583173,-0.07834646003437967,-0.08074214613987679,0.00449735325062966,,0,,,0,
2026-10-05,防府,4,046320261005,1791160200,1791159900,6,1,014351,田口守,両,77.43,,,,,0.005599024731833592,0.03478543656381681,0.04719149342820899,position_specialists,0.005599024731833592,False,,,C,0.0,0.086,0.0,0.0,-0.2072673024856225,-0.1307722171583173,-0.14118954820916052,0.029539809563369553,0.0025735350993975723,,0,,,0,
2026-10-05,防府,4,046320261005,1791160200,1791159900,7,6,010900,三浦靖,追,77.35,,,,,0.0027885177437682947,0.030605928863680815,0.04556315991617215,position_specialists,0.0027885177437682947,False,,,C,0.0,0.066,0.05,0.05,-0.2072673024856225,-0.025524760337149715,-0.14118954820916052,-0.08074214613987679,0.006866458976415579,,0,,,0,
2026-10-05,松戸,4,043120261005,1791160800,1791160500,1,2,015164,菱沼元樹,逃,75.85,,,,,0.540256038579654,0.25685522954037016,0.2202130585508689,position_specialists,0.540256038579654,False,,0.37462129218601636,A,0.481,0.629,0.24,0.15,0.3907172382980272,0.02870385186031845,0.13101733719416914,0.07522421574686267,0.009901869233297857,,0,,,0,
2026-10-05,松戸,4,043120261005,1791160800,1791160500,2,6,015253,清水健次,逃,69.64,,,,,0.16563474639363762,0.22665731460433322,0.179129813471399,position_specialists,0.16563474639363762,False,,,A,0.284,0.285,0.0,0.0,-0.15787464567773554,0.3943596660888639,-0.05476546828825683,0.21731440104649213,0.006541111103868133,,0,,,0,
2026-10-05,松戸,4,043120261005,1791160800,1791160500,3,5,013359,吉田彰久,追,72.2,,,,,0.13686215046469194,0.19540541216360283,0.19204147041340014,position_specialists,0.13686215046469194,False,,,A,0.307,0.5379999999999999,0.22,0.18,0.058816044468175954,0.005917813599068085,0.1089534820513034,-0.05850772335867095,0.006167788552952156,,0,,,0,
2026-10-05,松戸,4,043120261005,1791160800,1791160500,4,1,016010,駒壽直人,逃,70.55,,,,,0.10243316883979511,0.14230263750649624,0.13479833775397237,position_specialists,0.10243316883979511,False,,,A,0.2769999999999999,0.444,0.1,0.15,0.08999652269129213,0.09050141930187687,-0.08781355414877409,-0.05850772335867095,0.007695595590048348,,0,,,0,
2026-10-05,松戸,4,043120261005,1791160800,1791160500,5,3,014986,三浦綾,逃,69.95,,,,,0.02505396132587622,0.0764374528514586,0.08693789691372794,position_specialists,0.02505396132587622,False,,,A,0.166,0.375,0.0,0.0,-0.13355932606560322,-0.15229898674343528,-0.05633464410506419,-0.05850772335867095,0.004483543863849185,,0,,,0,
2026-10-05,松戸,4,043120261005,1791160800,1791160500,6,7,014550,龍門慎太郎,追,71.33,,,,,0.02401749996064884,0.06686888058096699,0.11249825690679699,position_specialists,0.02401749996064884,False,,,A,0.25,0.375,0.0,0.25,-0.006191162575597449,-0.04266166620134613,0.034963734392450756,-0.05850772335867095,0.007572614335333999,,0,,,0,
2026-10-05,松戸,4,043120261005,1791160800,1791160500,7,4,014363,中川昌久,追,70.54,,,,,0.005742434435696288,0.035473072752772034,0.07438116598983471,position_specialists,0.005742434435696288,False,,,A,0.272,0.4539999999999999,0.0,0.41,-0.24190467113855893,-0.10445923364290458,-0.0760208870958282,-0.05850772335867095,0.008201306875456532,,0,,,0,
2026-10-05,防府,5,056320261005,1791161400,1791161100,1,5,014486,大瀬戸潤一郎,追,88.95,,,,,0.34887032370969756,0.28670064075460844,0.2375586084623357,position_specialists,0.34887032370969756,False,,0.03278950990595164,C,0.5,0.583,0.24,0.13,0.10009265948666246,0.14953691805358524,0.0559792696909211,0.1393159922151831,0.004633459896571938,,0,,,0,
2026-10-05,防府,5,056320261005,1791161400,1791161100,2,2,014952,多田晃紀,逃,90.7,,,,,0.3160808138037459,0.22991660598841818,0.2064509673287151,position_specialists,0.3160808138037459,False,,,C,0.625,0.6659999999999999,0.2,0.16,-0.10983659439993228,0.1945977452529004,0.13751617659723606,-0.06295018907500867,0.004545306163209934,,0,,,0,
2026-10-05,防府,5,056320261005,1791161400,1791161100,3,3,012705,那須久幸,追,91.47,,,,,0.17380244003180545,0.20782084117730623,0.20143727484367002,position_specialists,0.17380244003180545,False,,,C,0.3329999999999999,0.523,0.15,0.15,0.27877727407158326,-0.005297382446157896,-0.062379846464717066,-0.06295018907500867,0.0031213527335398877,,0,,,0,
2026-10-05,防府,5,056320261005,1791161400,1791161100,4,4,014495,下沖功児,逃,88.11,,,,,0.09269974512636012,0.08219060889319887,0.09314625325235547,position_specialists,0.09269974512636012,False,,,C,0.481,0.5920000000000001,0.22,0.06,-0.0020128345618638313,0.22556460535284908,0.06305124034196978,0.17543495315986019,0.003324592951036657,,0,,,0,
2026-10-05,防府,5,056320261005,1791161400,1791161100,5,7,014850,岡田啓渡,両,87.2,,,,,0.04057278981876046,0.09969584536766207,0.16404441245168372,position_specialists,0.04057278981876046,False,,,C,0.4579999999999999,0.625,0.06,0.26,0.1511454065109255,-0.21753938666653788,0.02540851333602675,-0.06295018907500867,0.005922528251249178,,0,,,0,
2026-10-05,防府,5,056320261005,1791161400,1791161100,6,6,015538,村瀬大和,逃,83.41,,,,,0.024678706842754874,0.060987735222913224,0.06081063651169888,position_specialists,0.024678706842754874,False,,,C,0.3329999999999999,0.4579999999999999,0.13,0.12,-0.09751562603619354,0.008796584653208657,-0.02551296733560389,-0.06295018907500867,0.0047668597460404265,,0,,,0,
2026-10-05,防府,5,056320261005,1791161400,1791161100,7,1,011619,疋田敏,追,84.33,,,,,0.0032951806668755964,0.03268772259589295,0.03655184714954107,position_specialists,0.0032951806668755964,False,,,C,0.047,0.238,0.12,0.14,-0.320650285071181,-0.02078081249613222,-0.19406238616583277,-0.06295018907500867,0.005885474883918409,,0,,,0,
2026-10-05,松戸,5,053120261005,1791162000,1791161700,1,5,016003,吉岡竜太,逃,79.11,,,,,0.5846345642397793,0.29345126523585185,0.2527849931252449,position_specialists,0.5846345642397793,False,,0.40194406454523385,S,0.722,0.833,0.05,0.11,0.189192587463091,0.31641467948390467,0.07278940126772883,0.19615041764420593,0.009873596704680018,,0,,,0,
2026-10-05,松戸,5,053120261005,1791162000,1791161700,2,4,014885,戸田康平,逃,77.77,,,,,0.18269049969454548,0.22356488106820424,0.2053790410488002,position_specialists,0.18269049969454548,False,,,S,0.611,0.777,0.0,0.0,0.24305513852322305,0.02686646375545211,0.010356962308146464,-0.09245306309344738,0.007564689366117285,,0,,,0,
2026-10-05,松戸,5,053120261005,1791162000,1791161700,3,2,015935,佐藤魁皇,逃,76.55,,,,,0.12927593033629797,0.13573614238951026,0.14263313794897542,position_specialists,0.12927593033629797,False,,,S,0.611,0.777,0.21,0.11,0.027604934282695105,0.07800009958398584,0.05586946344185017,0.05184867727537928,0.006222769660839086,,0,,,0,
2026-10-05,松戸,5,053120261005,1791162000,1791161700,4,1,015873,十文字悠真,逃,75.31,,,,,0.048698681144902056,0.10947330832876717,0.13917586025861048,position_specialists,0.048698681144902056,False,,,S,0.363,0.727,0.13,0.24,-0.004696558342705888,0.040355692231367084,-0.017700158238177402,-0.02248858291462234,0.005520009201065008,,0,,,0,
2026-10-05,松戸,5,053120261005,1791162000,1791161700,5,6,015260,國井裕樹,逃,73.06,,,,,0.02523553262176842,0.09106697482185204,0.09053056743758697,position_specialists,0.02523553262176842,False,,,S,0.4,0.466,0.14,0.28,-0.36496915865069407,-0.03101184461806158,-0.09972974883114431,-0.09245306309344738,0.0054200257912423,,0,,,0,
2026-10-05,松戸,5,053120261005,1791162000,1791161700,6,7,014418,安部龍文,追,75.22,,,,,0.024626880793295187,0.08368411269225633,0.10778937215914595,position_specialists,0.024626880793295187,False,,,S,0.518,0.6659999999999999,0.31,0.05,0.049165992717426166,-0.06238218407857723,0.12205000173194079,-0.09245306309344738,0.007591691211565683,,0,,,0,
2026-10-05,松戸,5,053120261005,1791162000,1791161700,7,3,012910,塩川真一郎,追,74.88,,,,,0.004837911169411568,0.06302331546355812,0.06170702802163619,position_specialists,0.004837911169411568,False,,,S,0.222,0.777,0.23,0.36,-0.1393529359930359,-0.08120438775488659,-0.14363592168034447,0.05184867727537928,0.009981836499319743,,0,,,0,
2026-10-05,防府,6,066320261005,1791162600,1791162300,1,5,013884,守谷陽介,両,92.66,,,,,0.5638601543964529,0.2980044858556712,0.24279660550257137,position_specialists,0.5638601543964529,False,,0.4360305404185231,S,0.4579999999999999,0.583,0.18,0.11,0.2742177084803738,0.04900684595244138,0.10085141036143686,-0.08571946154145232,0.0051803810531431925,,0,,,0,
2026-10-05,防府,6,066320261005,1791162600,1791162300,2,4,014672,吉田茂生,両,91.78,,,,,0.12782961397792975,0.18759317181844834,0.16923890541771103,position_specialists,0.12782961397792975,False,,,S,0.2,0.4,0.16,0.21,-0.25056075887643736,0.20562216281276055,-0.10254643633092109,0.09890707100936806,0.0026733018822574124,,0,,,0,
2026-10-05,防府,6,066320261005,1791162600,1791162300,3,3,015920,吉野太晟,逃,88.57,,,,,0.12167380256514786,0.20190681117519116,0.16896240354167613,position_specialists,0.12167380256514786,False,,,S,0.3329999999999999,0.619,0.23,0.14,-0.1894707664344852,0.29030306244019216,-0.04593028744065834,-0.08571946154145232,0.009624139862585132,,0,,,0,
2026-10-05,防府,6,066320261005,1791162600,1791162300,4,2,014997,下岡優季,逃,89.21,,,,,0.0814480067164161,0.10614539856678566,0.12474660919520898,position_specialists,0.0814480067164161,False,,,S,0.478,0.478,0.21,0.11,-0.08839187762791095,0.04935642111662423,0.024743121527824194,-0.08571946154145232,0.0024902184229482057,,0,,,0,
2026-10-05,防府,6,066320261005,1791162600,1791162300,5,7,013447,坂本晃輝,追,88.04,,,,,0.04803922996234736,0.06932169311580205,0.09116379737716321,position_specialists,0.04803922996234736,False,,,S,0.428,0.5710000000000001,0.14,0.0,0.21729962680854803,-0.22490325979522377,0.05000194868834739,0.09890707100936806,0.004514013596002736,,0,,,0,
2026-10-05,防府,6,066320261005,1791162600,1791162300,6,6,014403,櫻井太士,追,86.61,,,,,0.029153799610410536,0.07202761988708893,0.1268680930758426,position_specialists,0.029153799610410536,False,,,S,0.263,0.368,0.22,0.11,0.027653201978028032,-0.04454285396673068,-0.05169697465783159,0.14506370414707315,0.002654605462443044,,0,,,0,
2026-10-05,防府,6,066320261005,1791162600,1791162300,7,1,014601,小竹洋平,両,86.61,,,,,0.027995392771295563,0.06500081958101263,0.07622358588982664,position_specialists,0.027995392771295563,False,,,S,0.38,0.523,0.13,0.13,0.00925286567188289,-0.1526192673981534,0.02457721785180264,-0.08571946154145232,0.0029864537324551044,,0,,,0,
2026-10-05,松戸,6,063120261005,1791163200,1791162900,1,7,015491,當銘沙恵美,両,54.54,,,,,0.5925832092993452,0.33996940912065965,0.2789840978277309,position_specialists,0.5925832092993452,False,,0.33031191740077376,A,0.4579999999999999,0.6659999999999999,0.0,0.0,0.18725486085893628,-0.028703851860318427,0.22926582707803744,0.21572774865200245,0.006613017746619966,,0,,,0,
2026-10-05,松戸,6,063120261005,1791163200,1791162900,2,5,015485,青木美保,両,53.12,,,,,0.2622712918985714,0.25584900895611457,0.23477575835402997,position_specialists,0.2622712918985714,False,,,A,0.3329999999999999,0.5,0.0,0.0,0.19141079236160433,-0.028703851860318427,0.10576016436782576,0.07844645405527362,0.009014180888736085,,0,,,0,
2026-10-05,松戸,6,063120261005,1791163200,1791162900,3,1,014905,加瀬加奈子,逃,49.86,,,,,0.07392388202652084,0.14619747108023556,0.14071222542157236,position_specialists,0.07392388202652084,False,,,A,0.26,0.304,0.0,0.0,0.041250680974226586,-0.028703851860318427,0.03380668025992018,-0.05883484054145521,0.009127827215877363,,0,,,0,
2026-10-05,松戸,6,063120261005,1791163200,1791162900,4,3,015585,山本さくら,両,49.87,,,,,0.04658337676066899,0.12204659543286957,0.13278921067106172,position_specialists,0.04658337676066899,False,,,A,0.208,0.3329999999999999,0.0,0.0,-0.03590734047079629,-0.028703851860318427,0.001230155790233979,-0.05883484054145521,0.006988629042611844,,0,,,0,
2026-10-05,松戸,6,063120261005,1791163200,1791162900,5,6,014967,杉沢毛伊子,両,49.25,,,,,0.015755848835184945,0.07049663298445019,0.08969421723089795,position_specialists,0.015755848835184945,False,,,A,0.166,0.291,0.0,0.0,-0.1437836789094121,-0.028703851860318427,-0.036721152475005826,-0.05883484054145521,0.005959820481877785,,0,,,0,
2026-10-05,松戸,6,063120261005,1791163200,1791162900,6,2,014909,浦部郁里,追,48.29,,,,,0.007914724400001188,0.05419075412666852,0.10235685775419633,position_specialists,0.007914724400001188,False,,,A,0.064,0.193,0.0,0.0,0.13665922490483826,-0.028703851860318427,-0.1276502907155313,-0.05883484054145521,0.006874296652516838,,0,,,0,
2026-10-05,松戸,6,063120261005,1791163200,1791162900,7,4,015133,佐藤友香,追,45.66,,,,,0.0009676667797073909,0.011250128299001958,0.02068763274051073,position_specialists,0.0009676667797073909,False,,,A,0.0,0.0409999999999999,0.0,0.0,-0.3768845397193973,-0.028703851860318427,-0.20569138430548023,-0.05883484054145521,0.006874296652516838,,0,,,0,
2026-10-05,防府,7,076320261005,1791163800,1791163500,1,3,015625,真鍋顕汰,逃,94.72,,,,,0.5445555316646838,0.3104344014595323,0.24022214864831243,position_specialists,0.5445555316646838,False,,0.3163127624355572,A,0.611,0.722,0.23,0.14,0.09248631918414434,0.17039387621320293,0.054612918758335766,-0.0756762199457656,0.005981948699474057,,0,,,0,
2026-10-05,防府,7,076320261005,1791163800,1791163500,2,1,015634,末廣快理,逃,91.95,,,,,0.22824276922912662,0.20647162781592726,0.18431321125287803,position_specialists,0.22824276922912662,False,,,A,0.5,0.708,0.28,0.12,0.022314915826080813,0.14245499817178903,0.07004200428411932,0.10090162659435414,0.004706413719399504,,0,,,0,
2026-10-05,防府,7,076320261005,1791163800,1791163500,3,2,014104,池田憲昭,追,92.66,,,,,0.08068230125359346,0.1757013272565858,0.17234680239628217,position_specialists,0.08068230125359346,False,,,A,0.3329999999999999,0.444,0.13,0.04,-0.23041170960859797,0.03663092204454365,-0.09368174715472703,-0.0756762199457656,0.0053961611240834996,,0,,,0,
2026-10-05,防府,7,076320261005,1791163800,1791163500,4,7,015192,藤原俊太郎,逃,87.0,,,,,0.062169141547346284,0.09713433666895434,0.100580072013867,position_specialists,0.062169141547346284,False,,,A,0.444,0.5,0.17,0.05,0.018185027756304366,0.21230219327532363,-0.07569317912040907,0.009937281407019724,0.0035845633293663014,,0,,,0,
2026-10-05,防府,7,076320261005,1791163800,1791163500,5,4,014688,西田大志,追,89.2,,,,,0.056515390270310314,0.09245203901597664,0.14043498422548512,position_specialists,0.056515390270310314,False,,,A,0.541,0.6659999999999999,0.16,0.0,0.30680144322177827,-0.2781581200872277,0.13435392413307642,0.19186597178168852,0.0033390323714961303,,0,,,0,
2026-10-05,防府,7,076320261005,1791163800,1791163500,6,5,013792,辰己豊,追,85.42,,,,,0.02137109808318226,0.07017532600099283,0.0947253881346521,position_specialists,0.02137109808318226,False,,,A,0.3329999999999999,0.619,0.2,0.2,0.018185027756304366,0.03663092204454365,-0.06110522268504082,-0.0756762199457656,0.004470488048406919,,0,,,0,
2026-10-05,防府,7,076320261005,1791163800,1791163500,7,6,013121,山田晃久,追,84.95,,,,,0.006463767951757146,0.04763094178203077,0.06737739332852323,position_specialists,0.006463767951757146,False,,,A,0.38,0.428,0.22,0.2,-0.22756102413601537,-0.03321627305899094,-0.028528698215354614,-0.0756762199457656,0.005453792845349005,,0,,,0,
2026-10-05,松戸,7,073120261005,1791164400,1791164100,1,1,015070,尾崎睦,両,58.16,,,,,0.7041071160571296,0.409831232012629,0.3001016863716237,position_specialists,0.7041071160571296,False,,0.503103821278678,S,0.875,0.916,0.0,0.0,0.30276291241421305,-0.028703851860318427,0.3240905656195002,-0.0816496580927726,0.011621202420442248,,0,,,0,
2026-10-05,松戸,7,073120261005,1791164400,1791164100,2,6,015866,高木萌那,逃,54.5,,,,,0.20100329477845158,0.2292071070024426,0.22877812001839196,position_specialists,0.20100329477845158,False,,,S,0.555,0.6659999999999999,0.0,0.0,0.19546795708109568,-0.028703851860318427,0.06297814332424509,0.12247448713915893,0.0066888035689654304,,0,,,0,
2026-10-05,松戸,7,073120261005,1791164400,1791164100,3,3,015578,飯田風音,両,54.2,,,,,0.06941797673621533,0.17437206920141463,0.18723591405362586,position_specialists,0.06941797673621533,False,,,S,0.25,0.625,0.0,0.0,0.10316944528834066,-0.028703851860318427,-0.048417900942724815,0.16329931618554522,0.006157505900278934,,0,,,0,
2026-10-05,松戸,7,073120261005,1791164400,1791164100,4,5,015313,豊岡英子,両,51.93,,,,,0.01213433027215288,0.06336722734948688,0.09697140522105441,position_specialists,0.01213433027215288,False,,,S,0.275,0.586,0.0,0.0,-0.03251101874777747,-0.028703851860318427,-0.005360393383245628,-0.0816496580927726,0.006445610402991153,,0,,,0,
2026-10-05,松戸,7,073120261005,1791164400,1791164100,5,4,015682,渡部遥,両,50.05,,,,,0.007565936036734333,0.05870739368033538,0.08803267562736208,position_specialists,0.007565936036734333,False,,,S,0.21,0.368,0.0,0.0,-0.1102149315946011,-0.028703851860318427,-0.058689828617648605,0.040824829046386304,0.006642495994752775,,0,,,0,
2026-10-05,松戸,7,073120261005,1791164400,1791164100,6,2,015954,北津留千羽,両,49.16,,,,,0.0033290235328788022,0.040624970589298814,0.053611434857588354,position_specialists,0.0033290235328788022,False,,,S,0.055,0.2769999999999999,0.0,0.0,-0.2608918391710816,-0.028703851860318427,-0.1373002930000631,-0.0816496580927726,0.007496236840021816,,0,,,0,
2026-10-05,松戸,7,073120261005,1791164400,1791164100,7,7,015670,萩原瑞生,追,48.3,,,,,0.002442322586437452,0.02389000016439265,0.04526876385035358,position_specialists,0.002442322586437452,False,,,S,0.1,0.15,0.0,0.0,-0.19778252527018939,-0.028703851860318427,-0.1373002930000631,-0.0816496580927726,0.007883168651920871,,0,,,0,
2026-10-05,奈良,1,015320261005,1791164700,1791164400,1,1,014954,日野博幸,逃,88.64,,,,,0.4642930056733849,0.3096461682230819,0.24626916151658934,position_specialists,0.4642930056733849,False,,0.24991272418410007,A,0.294,0.352,0.16,0.05,0.020214006123873505,0.26734330844658993,0.02038037177120605,0.18017364740539132,0.00658260779223567,,0,,,0,
2026-10-05,奈良,1,015320261005,1791164700,1791164400,2,3,015665,福田要,両,89.47,,,,,0.2143802814892848,0.21459278827202122,0.2112423494361984,position_specialists,0.2143802814892848,False,,,A,0.5,0.636,0.16,0.25,0.21950702424657076,-0.034524326411203086,0.12391266338506227,0.07345541009604414,0.004785350106677537,,0,,,0,
2026-10-05,奈良,1,015320261005,1791164700,1791164400,3,5,013589,佐竹和也,追,87.79,,,,,0.15878146347481978,0.2368400220490624,0.2249152744511544,position_specialists,0.15878146347481978,False,,,A,0.375,0.541,0.29,0.19,0.12783223591013004,-0.05150683515861362,0.061577162160516216,-0.08177111689936992,0.007532127364229162,,0,,,0,
2026-10-05,奈良,1,015320261005,1791164700,1791164400,4,7,015742,堀越翔己,逃,83.38,,,,,0.12907442562771515,0.1291798368519907,0.12670501799667128,position_specialists,0.12907442562771515,False,,,A,0.3329999999999999,0.619,0.0,0.0,0.020214006123873505,0.08770563915737499,0.07278541805107122,0.07345541009604414,0.006181991481780201,,0,,,0,
2026-10-05,奈良,1,015320261005,1791164700,1791164400,5,4,014816,齋藤宗徳,逃,81.13,,,,,0.016676206482619665,0.04014899052183347,0.05400230554761314,position_specialists,0.016676206482619665,False,,,A,0.18,0.318,0.11,0.09,0.0022776344928308176,0.09078891373642159,-0.04470790100980063,-0.08177111689936992,0.003362574584027443,,0,,,0,
2026-10-05,奈良,1,015320261005,1791164700,1791164400,6,2,014530,栗田雄矢,追,83.8,,,,,0.015322393113597593,0.04990074557690797,0.07693459920215219,position_specialists,0.015322393113597593,False,,,A,0.095,0.3329999999999999,0.27,0.08,-0.10534059529342579,0.016398701268374196,-0.10704340223434668,-0.08177111689936992,0.0047601934269893564,,0,,,0,
2026-10-05,奈良,1,015320261005,1791164700,1791164400,7,6,013646,日浅保幸,追,78.19,,,,,0.0014722241385780634,0.019691448505102425,0.05993129184962119,position_specialists,0.0014722241385780634,False,,,A,0.0,0.076,0.0,0.33,-0.2847043116038533,-0.20398228987703343,-0.12690431212370848,-0.08177111689936992,0.004605026567340794,,0,,,0,
2026-10-05,奈良,2,025320261005,1791166380,1791166080,1,4,014422,前田義和,逃,88.91,,,,,0.47715406158859225,0.32871010755085345,0.2630062092553349,position_specialists,0.47715406158859225,False,,0.22656341224869347,A,0.416,0.541,0.09,0.05,0.1464237525099669,0.23138568218400343,0.07074425292086929,0.01793118106703177,0.009029244552599335,,0,,,0,
2026-10-05,奈良,2,025320261005,1791166380,1791166080,2,1,014044,八尋英輔,追,87.66,,,,,0.2505906493398988,0.28825698552323425,0.2503062897251605,position_specialists,0.2505906493398988,False,,,A,0.3329999999999999,0.4579999999999999,0.18,0.15,0.11225821025764122,0.07515537324630336,0.09021152712622008,0.08853520651846937,0.004000600843567133,,0,,,0,
2026-10-05,奈良,2,025320261005,1791166380,1791166080,3,3,014980,田原宥明,両,88.81,,,,,0.18248342643861035,0.1892271593420845,0.20217747259591207,position_specialists,0.18248342643861035,False,,,A,0.5,0.6809999999999999,0.24,0.13,0.18058929476229252,-0.06986059987243251,0.13972345467700478,0.06500053136799017,0.0028813082450896356,,0,,,0,
2026-10-05,奈良,2,025320261005,1791166380,1791166080,4,2,014951,後藤祐貴,逃,82.23,,,,,0.06593137525083187,0.07248881255494449,0.0864652441550163,position_specialists,0.06593137525083187,False,,,A,0.237,0.285,0.07,0.05,-0.058569501003986876,0.23138568218400343,0.011498688267409185,0.15129434025308058,0.0053906115267239405,,0,,,0,
2026-10-05,奈良,2,025320261005,1791166380,1791166080,5,7,012708,野木義規,追,82.16,,,,,0.018056758865083414,0.0865807245561072,0.10660767332918805,position_specialists,0.018056758865083414,False,,,A,0.3329999999999999,0.444,0.33,0.08,0.026844354626827178,-0.041456090775542825,0.020639665699066737,-0.10758708640219064,0.006351985242471837,,0,,,0,
2026-10-05,奈良,2,025320261005,1791166380,1791166080,6,6,014755,奥出健士郎,追,77.41,,,,,0.005048626695147088,0.02203737103019554,0.04078303155966479,position_specialists,0.005048626695147088,False,,,A,0.0409999999999999,0.083,0.04,0.04,-0.16106612776096368,0.08487299524812386,-0.1447416701081769,-0.10758708640219064,0.005262599413419905,,0,,,0,
2026-10-05,奈良,2,025320261005,1791166380,1791166080,7,5,012992,吉良勝信,追,78.55,,,,,0.0007351018218362704,0.012698839442580531,0.05065407937972331,position_specialists,0.0007351018218362704,False,,,A,0.0,0.05,0.06,0.15,-0.24647998339177773,-0.1766047705107438,-0.18807591858239325,-0.10758708640219064,0.007797152752172125,,0,,,0,
2026-10-05,奈良,3,035320261005,1791168120,1791167820,1,1,015899,加藤駿,逃,89.14,,,,,0.7757978951332628,0.15822157396556574,0.10375622167782067,position_specialists,0.7757978951332628,False,,0.7064803087228813,S,0.57,0.5710000000000001,0.28,0.11,0.1869094613807222,0.293835828779274,0.17360014395430234,0.2376857645962538,0.0038199078815672376,,0,,,0,
2026-10-05,奈良,3,035320261005,1791168120,1791167820,2,4,012603,大川栄二,追,83.09,,,,,0.06931758641038153,0.35831989724174906,0.2497507312872704,position_specialists,0.06931758641038153,False,,,S,0.142,0.3329999999999999,0.23,0.21,0.16180222029972963,0.2001220687790064,-0.09989016236829876,0.018764665626020038,0.00038811898261913104,,0,,,0,
2026-10-05,奈良,3,035320261005,1791168120,1791167820,3,7,015548,白井優太朗,逃,85.3,,,,,0.05822815639355459,0.12250190557286628,0.2068206589539013,position_specialists,0.05822815639355459,False,,,S,0.391,0.478,0.16,0.22,-0.03905570834821096,-0.036455701789255404,0.11716593930251834,-0.051290086044454765,0.0014707666709777602,,0,,,0,
2026-10-05,奈良,3,035320261005,1791168120,1791167820,4,2,012924,太田黒大心,追,87.53,,,,,0.05811010330839654,0.15011531869446215,0.1232798908247973,position_specialists,0.05811010330839654,False,,,S,0.4,0.5329999999999999,0.16,0.16,0.11158773813774446,-0.004344116811035604,0.0684844200365286,-0.051290086044454765,0.0018997402833462735,,0,,,0,
2026-10-05,奈良,3,035320261005,1791168120,1791167820,5,5,015102,奥出良,逃,82.23,,,,,0.025735238938534997,0.08981708681912762,0.08929432187582846,position_specialists,0.025735238938534997,False,,,S,0.351,0.411,0.12,0.16,-0.016738160720661872,0.05791330694461015,0.0526697054147652,-0.051290086044454765,0.001818031023847509,,0,,,0,
2026-10-05,奈良,3,035320261005,1791168120,1791167820,6,3,014070,秋葉大輔,追,84.57,,,,,0.01170866499397967,0.08884872521278143,0.11913986939904633,position_specialists,0.01170866499397967,False,,,S,0.142,0.238,0.16,0.12,-0.18969915483416627,0.011384051311275314,-0.09989016236829876,-0.051290086044454765,0.0007558106503635713,,0,,,0,
2026-10-05,奈良,3,035320261005,1791168120,1791167820,7,6,012216,武田哲二,追,79.92,,,,,0.00110235482188992,0.032175492493447706,0.10795830598133555,position_specialists,0.00110235482188992,False,,,S,0.04,0.08,0.03,0.03,-0.21480639591515896,-0.18757716551015988,-0.212139883971517,-0.051290086044454765,0.0018997402833462735,,0,,,0,
2026-10-05,奈良,4,045320261005,1791169860,1791169560,1,2,014305,大谷靖茂,逃,88.1,,,,,0.3364848450483051,0.17240825717117736,0.1900967724619398,position_specialists,0.3364848450483051,False,,0.006129204082790163,C,0.551,0.586,0.18,0.08,0.20958124084485652,0.17549253963240724,0.2033177989454789,0.0938138962010365,0.0024270859122155477,,0,,,0,
2026-10-05,奈良,4,045320261005,1791169860,1791169560,2,1,013924,阿久津修,追,88.14,,,,,0.33035564096551495,0.21169674984685397,0.10161730800654374,position_specialists,0.33035564096551495,False,,,C,0.284,0.476,0.17,0.13,0.10416313167738384,0.02573213611666454,-0.012520592017899318,0.1738989295433847,0.0015704673549630007,,0,,,0,
2026-10-05,奈良,4,045320261005,1791169860,1791169560,3,5,015795,今井希,逃,88.62,,,,,0.2597789270219161,0.19583181751681833,0.07879440323026321,position_specialists,0.2597789270219161,False,,,C,0.3329999999999999,0.5,0.23,0.15,0.07780860438551564,0.162319195857989,-0.0033199150253884757,-0.0823731771521296,0.0018274529221387651,,0,,,0,
2026-10-05,奈良,4,045320261005,1791169860,1791169560,4,7,013117,鳥越靖弘,追,85.04,,,,,0.04882534377695376,0.23037564505298974,0.27073652073629273,position_specialists,0.04882534377695376,False,,,C,0.29,0.4579999999999999,0.18,0.13,0.033884392232402055,0.07842551121433745,0.020260667653735284,0.061779882864097205,0.0010279422687030553,,0,,,0,
2026-10-05,奈良,4,045320261005,1791169860,1791169560,5,3,015924,利川寛太,逃,80.66,,,,,0.01878842210763567,0.077171218214028,0.11350021229739617,position_specialists,0.01878842210763567,False,,,C,0.375,0.4579999999999999,0.23,0.06,-0.2648002504087706,0.1886658834068255,0.006380414599488307,-0.0823731771521296,0.0014276975954209106,,0,,,0,
2026-10-05,奈良,4,045320261005,1791169860,1791169560,6,6,014323,連佛康浩,追,79.7,,,,,0.003842280603315483,0.0607260850800871,0.1098687307379795,position_specialists,0.003842280603315483,False,,,C,0.175,0.235,0.09,0.12,-0.001254977490088839,-0.11917464540193595,-0.09355367349773476,-0.0823731771521296,0.002569855671757638,,0,,,0,
2026-10-05,奈良,4,045320261005,1791169860,1791169560,7,4,014742,河野淳吾,追,80.38,,,,,0.001924540476358987,0.0517902271180455,0.13538605252958485,position_specialists,0.001924540476358987,False,,,C,0.105,0.21,0.23,0.07,-0.15938214124129804,-0.1765823491225728,-0.12056470065767991,-0.0823731771521296,0.002569855671757638,,0,,,0,
2026-10-05,奈良,5,055320261005,1791171600,1791171300,1,3,014646,三浦雄大,追,93.68,,,,,0.3649730803576734,0.24706803637163627,0.1616057577281111,position_specialists,0.3649730803576734,False,,0.13688675995804722,B,0.35,0.55,0.22,0.18,0.06282581836835013,0.1018589018768224,-0.05642241019393821,0.04903430377368188,0.0029010207320897085,,0,,,0,
2026-10-05,奈良,5,055320261005,1791171600,1791171300,2,1,014080,近藤隆司,両,95.05,,,,,0.22808632039962617,0.19679686965973972,0.13713809728912876,position_specialists,0.22808632039962617,False,,,B,0.611,0.611,0.11,0.08,0.0954021686334205,-0.0567352752310912,0.02459438393069102,-0.09178215834560965,0.0021234275461687563,,0,,,0,
2026-10-05,奈良,5,055320261005,1791171600,1791171300,3,6,015048,志佐明,両,90.0,,,,,0.15013848939983224,0.12477186397384042,0.12769825418724698,position_specialists,0.15013848939983224,False,,,B,0.47,0.647,0.0,0.5,0.19313121942863162,0.3565940770938031,0.014467284665112365,0.04903430377368188,0.002063612685713298,,0,,,0,
2026-10-05,奈良,5,055320261005,1791171600,1791171300,4,7,015685,小笠原一真,逃,92.77,,,,,0.12505958593522457,0.15103240678531418,0.2090425245013885,position_specialists,0.12505958593522457,False,,,B,0.444,0.722,0.24,0.15,0.0074460229177306,0.02079282157407679,-0.07618412229931526,0.19865179477542916,0.00023925944182183166,,0,,,0,
2026-10-05,奈良,5,055320261005,1791171600,1791171300,5,5,015457,村田瑞季,逃,93.28,,,,,0.07658579498298995,0.10870492881527594,0.150826914388662,position_specialists,0.07658579498298995,False,,,B,0.38,0.6659999999999999,0.2,0.15,-0.08051012279795942,0.08724547597850653,0.027888002614920533,-0.09178215834560965,0.0008075006161486817,,0,,,0,
2026-10-05,奈良,5,055320261005,1791171600,1791171300,6,4,014066,池田勇人,追,92.7,,,,,0.027670787787980794,0.07921042485379007,0.11208288033651624,position_specialists,0.027670787787980794,False,,,B,0.416,0.583,0.0,0.08,0.03676473815629381,-0.21028397706079513,0.0446023392489582,-0.021373927285963892,0.00317018760413927,,0,,,0,
2026-10-05,奈良,5,055320261005,1791171600,1791171300,7,2,015003,小笹隼人,両,91.0,,,,,0.027485941136672857,0.09241546954040335,0.10160557156894655,position_specialists,0.027485941136672857,False,,,B,0.375,0.541,0.25,0.15,-0.31505984470646603,0.035406247472392634,0.021054522033571388,-0.09178215834560965,0.00023925944182183166,,0,,,0,
2026-10-05,奈良,6,065320261005,1791173340,1791173040,1,1,015370,城戸俊潔,逃,101.95,,,,,0.4725659355921521,0.1643235997956645,0.08233126388698986,position_specialists,0.4725659355921521,False,,0.11691207983200053,B,0.409,0.59,0.19,0.1,0.13266077789465472,0.08304353471575177,0.1890040746713797,0.22623746595880223,0.0017456815469052245,,0,,,0,
2026-10-05,奈良,6,065320261005,1791173340,1791173040,2,2,015170,川越勇星,両,102.35,,,,,0.35565385576015157,0.1533713414206246,0.13602690003131634,position_specialists,0.35565385576015157,False,,,B,0.344,0.379,0.15,0.17,-0.06528306701658028,0.04403042907595346,0.23018846305039836,-0.07760471216028683,0.003918085249720615,,0,,,0,
2026-10-05,奈良,6,065320261005,1791173340,1791173040,3,4,013295,佐々木則幸,追,99.65,,,,,0.10508224365437907,0.282845865539163,0.26445224316277444,position_specialists,0.10508224365437907,False,,,B,0.15,0.25,0.26,0.08,-0.021295545925194708,0.023597247306837165,-0.06736475219274815,-0.003946002313234932,0.0012413735444659374,,0,,,0,
2026-10-05,奈良,6,065320261005,1791173340,1791173040,4,5,013115,望月永悟,追,98.39,,,,,0.026978348668518542,0.2020812071860113,0.20433053302658563,position_specialists,0.026978348668518542,False,,,B,0.083,0.5,0.08,0.18,0.04468573571188356,-0.03492241115286027,-0.1085491405717668,-0.07760471216028683,0.0017844744701697851,,0,,,0,
2026-10-05,奈良,6,065320261005,1791173340,1791173040,5,3,014143,天田裕輝,追,96.3,,,,,0.020683870560044167,0.08966497504306495,0.1174866118427624,position_specialists,0.020683870560044167,False,,,B,0.2,0.3,0.0,0.0,-0.17525186974504414,0.28897429406375347,-0.02618036381372951,0.023676013879409527,0.00038792923264560516,,0,,,0,
2026-10-05,奈良,6,065320261005,1791173340,1791173040,6,7,012948,小林潤二,追,98.08,,,,,0.017513222416487808,0.07299850787112344,0.09213737600936535,position_specialists,0.017513222416487808,False,,,B,0.152,0.307,0.03,0.21,0.26462334116881125,-0.09233011487349713,-0.02618036381372951,-0.013153341044116413,0.0017844744701697851,,0,,,0,
2026-10-05,奈良,6,065320261005,1791173340,1791173040,7,6,012478,加倉正義,追,93.0,,,,,0.0015225233482667293,0.034714503144348194,0.10323507204020596,position_specialists,0.0015225233482667293,False,,,B,0.0,0.156,0.02,0.14,-0.1801393720885314,-0.09233011487349713,-0.1909179173298041,-0.07760471216028683,0.0012413735444659374,,0,,,0,
2026-10-05,奈良,7,075320261005,1791175080,1791174780,1,5,014864,土屋壮登,追,102.96,,,,,0.33611257583850934,0.19938862413221395,0.18164713642614239,position_specialists,0.33611257583850934,False,,0.07291632843078838,C,0.345,0.423,0.32,0.06,-0.1925734069009907,0.06956133192249012,0.0950218811947615,-0.0639861885990864,0.0003755768024103939,,0,,,0,
2026-10-05,奈良,7,075320261005,1791175080,1791174780,2,3,015610,永井哉多,逃,96.4,,,,,0.26319624740772096,0.18284672058948126,0.13399116950233578,position_specialists,0.26319624740772096,False,,,C,0.37,0.407,0.13,0.03,0.10444659357341875,0.35570697249013356,0.07778058341135961,0.22928384248005962,0.004694710030129926,,0,,,0,
2026-10-05,奈良,7,075320261005,1791175080,1791174780,3,7,014394,不破将登,両,99.07,,,,,0.1796100182177444,0.1923413121964025,0.19799253763978966,position_specialists,0.1796100182177444,False,,,C,0.25,0.357,0.17,0.05,-0.07833494518006395,0.11029125797958451,0.027286897461617846,-0.0639861885990864,5.212175169388906e-19,,0,,,0,
2026-10-05,奈良,7,075320261005,1791175080,1791174780,4,2,014141,中川貴徳,追,101.8,,,,,0.12477499679837198,0.14490371713480912,0.0898968470896522,position_specialists,0.12477499679837198,False,,,C,0.38,0.476,0.03,0.2,0.3100758246710868,-0.10189016475801109,0.05624806153627171,0.03199309429954319,0.0003755768024103939,,0,,,0,
2026-10-05,奈良,7,075320261005,1791175080,1791174780,5,4,015630,原田翔真,逃,99.0,,,,,0.06845878509965458,0.13334208505696357,0.18424229203852238,position_specialists,0.06845878509965458,False,,,C,0.217,0.26,0.17,0.1,-0.05548725283587869,-0.010862362023716134,-0.06893244766932567,-0.0639861885990864,0.0009389420060259848,,0,,,0,
2026-10-05,奈良,7,075320261005,1791175080,1791174780,6,6,015191,奥村諭志,両,93.89,,,,,0.01920532547385027,0.08406392936968668,0.11474998295441821,position_specialists,0.01920532547385027,False,,,C,0.178,0.25,0.0,0.25,-0.05548725283587869,-0.1497299178585418,-0.08855775883699758,-0.0639861885990864,0.001126730407231182,,0,,,0,
2026-10-05,奈良,7,075320261005,1791175080,1791174780,7,1,013274,八日市屋浩之,追,96.58,,,,,0.008642051164148522,0.06311361152044294,0.09748003434913931,position_specialists,0.008642051164148522,False,,,C,0.166,0.25,0.12,0.31,-0.03263956049169323,-0.0530142534894978,-0.09884721709768754,-0.005332182383257205,0.0018778840120519697,,0,,,0,
2026-10-05,奈良,8,085320261005,1791176820,1791176520,1,7,014730,中田健太,追,103.5,,,,,0.5201687679973643,0.17804478291979844,0.07876130114299315,position_specialists,0.5201687679973643,False,,0.15037820142177177,B,0.31,0.517,0.26,0.19,0.19966278643135363,0.33220175486804143,0.058768069074878165,0.0328863722371697,0.002420623152335642,,0,,,0,
2026-10-05,奈良,8,085320261005,1791176820,1791176520,2,2,015653,坂田康季,逃,103.23,,,,,0.36979056657559256,0.18442430637425986,0.14301382827260561,position_specialists,0.36979056657559256,False,,,B,0.423,0.615,0.15,0.15,0.10960423096541468,0.015129082838697565,0.2843036850727183,0.23210189636617848,7.725393039369064e-05,,0,,,0,
2026-10-05,奈良,8,085320261005,1791176820,1791176520,3,4,014114,坂本亮馬,追,99.14,,,,,0.038397082956487937,0.24240628545135415,0.17730013999283395,position_specialists,0.038397082956487937,False,,,B,0.284,0.357,0.04,0.17,0.10960423096541468,0.07880606646445261,-0.0927863765873986,-0.060080872356367714,0.0001030052405249212,,0,,,0,
2026-10-05,奈良,8,085320261005,1791176820,1791176520,4,6,015641,富武大,逃,97.31,,,,,0.02953165730488802,0.12321009965199775,0.13788843229359082,position_specialists,0.02953165730488802,False,,,B,0.21,0.421,0.12,0.2,-0.06185340347935391,0.14182692704049202,0.0034133620901435763,-0.060080872356367714,0.0033219190069287007,,0,,,0,
2026-10-05,奈良,8,085320261005,1791176820,1791176520,5,1,015426,太田龍希,逃,99.11,,,,,0.02423261090159343,0.11501654318107041,0.21184821302919216,position_specialists,0.02423261090159343,False,,,B,0.175,0.294,0.11,0.11,-0.295659268631311,-0.12740599188832116,-0.09843687560799949,-0.060080872356367714,0.002266115291548261,,0,,,0,
2026-10-05,奈良,8,085320261005,1791176820,1791176520,6,3,014330,坂田章,追,98.61,,,,,0.013964244752809718,0.09155407913458506,0.10880676758208824,position_specialists,0.013964244752809718,False,,,B,0.152,0.23,0.24,0.2,-0.046266345802556695,0.07880606646445261,-0.0927863765873986,-0.024664779177877266,0.0017253377787924261,,0,,,0,
2026-10-05,奈良,8,085320261005,1791176820,1791176520,7,5,013306,齋藤登志信,追,97.61,,,,,0.003915069511263852,0.06534390328693428,0.1423813176866961,position_specialists,0.003915069511263852,False,,,B,0.192,0.2689999999999999,0.0,0.14,-0.015092230448962391,-0.18448563408410026,-0.062475487454943246,-0.060080872356367714,0.0017253377787924261,,0,,,0,
2026-10-05,奈良,9,095320261005,1791178620,1791178320,1,1,015663,松本秀之慎,逃,104.45,,,,,0.7262508412865036,0.12191788293587369,0.14300347660091703,position_specialists,0.7262508412865036,False,,0.6189834982159486,S,0.428,0.5710000000000001,0.16,0.16,0.1486394325549887,0.08626811586693126,0.27947561368393814,0.1719378745256282,0.0017453118079537742,,0,,,0,
2026-10-05,奈良,9,095320261005,1791178620,1791178320,2,2,013800,中村一将,両,97.73,,,,,0.10726734307055508,0.19742277786049614,0.17648419615365624,position_specialists,0.10726734307055508,False,,,S,0.23,0.346,0.11,0.19,-0.08473836809209699,0.24603838231365344,0.037632596230652945,0.08014053473652161,0.002463969611228858,,0,,,0,
2026-10-05,奈良,9,095320261005,1791178620,1791178320,3,5,015291,山口敦也,追,101.27,,,,,0.06165013873017662,0.31066859812226294,0.1620665613267332,position_specialists,0.06165013873017662,False,,,S,0.25,0.3329999999999999,0.24,0.15,0.04815732394304895,-0.0002087470479678906,-0.07249633441534699,-0.08305473599966787,0.0004106616018714762,,0,,,0,
2026-10-05,奈良,9,095320261005,1791178620,1791178320,4,7,014791,木村弘,逃,99.6,,,,,0.05729180508359622,0.1672811201055837,0.1701988733677933,position_specialists,0.05729180508359622,False,,,S,0.15,0.3,0.19,0.08,-0.055566143011211155,-0.02566239747926031,0.00921957965553473,0.08014053473652161,0.0011293194051465595,,0,,,0,
2026-10-05,奈良,9,095320261005,1791178620,1791178320,5,3,013533,佐藤愼太郎,追,99.25,,,,,0.03719920354129023,0.10298170923408803,0.12453002524794055,position_specialists,0.03719920354129023,False,,,S,0.2,0.35,0.18,0.17,0.26532833287853125,0.04456345829050873,-0.021396586759156802,-0.08305473599966787,0.0014886483067841016,,0,,,0,
2026-10-05,奈良,9,095320261005,1791178620,1791178320,6,6,015058,中西大,逃,94.0,,,,,0.008161869307044324,0.051736214917089844,0.11597928153183971,position_specialists,0.008161869307044324,False,,,S,0.166,0.166,0.17,0.13,-0.17873776001939523,0.2205847318823611,-0.15993853398027494,-0.08305473599966787,0.0021046407095913163,,0,,,0,
2026-10-05,奈良,9,095320261005,1791178620,1791178320,7,4,014313,小谷実,追,94.28,,,,,0.0021787989808340286,0.04799169682460563,0.10773758577111996,position_specialists,0.0021787989808340286,False,,,S,0.093,0.187,0.0,0.19,-0.14308281825386815,-0.23670527212251122,-0.07249633441534699,-0.08305473599966787,0.00328529281497181,,0,,,0,
2026-10-05,奈良,10,105320261005,1791180420,1791180120,1,1,014052,飯野祐太,両,104.38,,,,,0.4528321046080576,0.18247776210998676,0.1680887294031175,position_specialists,0.4528321046080576,False,,0.1093082779965347,B,0.284,0.38,0.17,0.17,0.012149900664030006,0.16718603324166675,0.02925633252568627,0.029539809563369553,0.0002886751345948128,,0,,,0,
2026-10-05,奈良,10,105320261005,1791180420,1791180120,2,4,015418,原大智,両,104.3,,,,,0.3435238266115229,0.1749660595951911,0.09143704130281488,position_specialists,0.3435238266115229,False,,,B,0.391,0.652,0.12,0.24,0.23372572066857478,0.0814658623521376,0.16934628174542715,-0.08074214613987679,0.0002886751345948128,,0,,,0,
2026-10-05,奈良,10,105320261005,1791180420,1791180120,3,5,015646,塩崎隼秀,両,97.53,,,,,0.12353435378075199,0.2071599099498629,0.17292686337142651,position_specialists,0.12353435378075199,False,,,B,0.275,0.31,0.18,0.11,0.11286618248427761,0.09093596679938722,0.2070390671252661,0.14671438749806878,0.0025619918195289642,,0,,,0,
2026-10-05,奈良,10,105320261005,1791180420,1791180120,4,2,014882,山本直,両,99.14,,,,,0.06580014076485816,0.21452223411058596,0.18687629839664674,position_specialists,0.06580014076485816,False,,,B,0.284,0.285,0.11,0.11,0.06810339056416755,0.3187077043976603,-0.11656586491532255,-0.08074214613987679,0.0005412658773652735,,0,,,0,
2026-10-05,奈良,10,105320261005,1791180420,1791180120,5,7,015041,伊藤慶太郎,両,97.52,,,,,0.009888310390626416,0.10817219964212445,0.20048091028413187,position_specialists,0.009888310390626416,False,,,B,0.315,0.315,0.5,0.0,-0.08856638115621761,-0.15538459500195895,0.004677691614498852,0.14671438749806878,0.0020568103339880413,,0,,,0,
2026-10-05,奈良,10,105320261005,1791180420,1791180120,6,3,014307,谷田泰平,追,94.43,,,,,0.0025729455677461193,0.06136361440471877,0.1047197261086678,position_specialists,0.0025729455677461193,False,,,B,0.043,0.086,0.0,0.0,-0.06842312479216815,-0.1458166443818528,-0.1468767540477779,-0.08074214613987679,0.0024898230358802614,,0,,,0,
2026-10-05,奈良,10,105320261005,1791180420,1791180120,7,6,013722,宝満大作,追,93.26,,,,,0.001848318276436878,0.051338220187530086,0.0754704311331947,position_specialists,0.001848318276436878,False,,,B,0.038,0.115,0.18,0.13,-0.2698556884326634,-0.022216055703325275,-0.1468767540477779,-0.08074214613987679,0.003247595264191645,,0,,,0,
2026-10-05,奈良,11,115320261005,1791182280,1791181980,1,5,015715,平野想真,逃,103.04,,,,,0.704002947528227,0.2537283854250616,0.1371853109704139,position_specialists,0.704002947528227,False,,0.5713113474671767,S,0.346,0.391,0.12,0.06,0.024726767752342227,0.3238521924149612,0.11975670884319743,-0.040824829046386304,0.003911318298208411,,0,,,0,
2026-10-05,奈良,11,115320261005,1791182280,1791181980,2,1,014946,元砂勇雪,追,98.4,,,,,0.1326916000610503,0.2868085970095233,0.24804321905133367,position_specialists,0.1326916000610503,False,,,S,0.185,0.37,0.14,0.12,-0.04450818195421546,0.09729622265609743,0.05911081251356834,-0.040824829046386304,0.0008920550504685853,,0,,,0,
2026-10-05,奈良,11,115320261005,1791182280,1791181980,3,4,013744,菅原晃,追,99.1,,,,,0.05664032792879422,0.11978638476439266,0.12951737587672377,position_specialists,0.05664032792879422,False,,,S,0.205,0.31,0.2,0.08,0.19781414201873626,-0.03183117633655881,0.11568648265200245,-0.040824829046386304,0.002333067055071684,,0,,,0,
2026-10-05,奈良,11,115320261005,1791182280,1791181980,4,7,015201,門田凌,両,96.66,,,,,0.044483250681258475,0.08687439792686359,0.10786459764891368,position_specialists,0.044483250681258475,False,,,S,0.147,0.296,0.16,0.16,-0.14836060651405183,0.16185992215242553,0.002535142375134254,0.2449489742783178,0.0015096316238699125,,0,,,0,
2026-10-05,奈良,11,115320261005,1791182280,1791181980,5,3,015660,河崎正晴,逃,98.95,,,,,0.0438131452623726,0.12728124722907838,0.13879978526858797,position_specialists,0.0438131452623726,False,,,S,0.13,0.347,0.08,0.16,0.059344242605620906,-0.015107229940761401,-0.07585675058043448,-0.040824829046386304,0.0016125610527701344,,0,,,0,
2026-10-05,奈良,11,115320261005,1791182280,1791181980,6,2,015118,木村幸希,両,96.96,,,,,0.014997215631216646,0.08710166423343832,0.12004187042764654,position_specialists,0.014997215631216646,False,,,S,0.111,0.259,0.0,1.0,0.1631966671654573,-0.14423462893341765,-0.054040527763299845,-0.040824829046386304,0.001132223717902435,,0,,,0,
2026-10-05,奈良,11,115320261005,1791182280,1791181980,7,6,014478,内山貴裕,追,94.52,,,,,0.0033715129070808984,0.03841932341164227,0.11854784075638046,position_specialists,0.0033715129070808984,False,,,S,0.0579999999999999,0.1169999999999999,0.06,0.18,-0.2522130310738885,-0.05695703030903162,-0.16719186804016806,-0.040824829046386304,0.0005489569541345133,,0,,,0,
2026-10-05,松山,1,017520261005,1791182700,1791182400,1,1,015910,土生智徳,逃,85.1,,,,,0.4759012035457947,0.20812644210532713,0.12487771940013706,position_specialists,0.4759012035457947,False,,0.22573041610990646,A,0.3329999999999999,0.476,0.24,0.08,0.005540023708943045,0.36575954337272526,0.01482512087545916,0.18613804275311754,0.004394815311559526,,0,,,0,
2026-10-05,松山,1,017520261005,1791182700,1791182400,2,4,013110,法月成祐,追,84.95,,,,,0.2501707874358882,0.2524094617831917,0.12085459625788207,position_specialists,0.2501707874358882,False,,,A,0.375,0.4579999999999999,0.26,0.19,0.23642251972312592,0.03228376668144217,0.14127548946950402,-0.0034727246782298195,6.369297552984804e-05,,0,,,0,
2026-10-05,松山,1,017520261005,1791182700,1791182400,3,7,014476,乾庄平,追,84.23,,,,,0.20199253766433944,0.22195668548212497,0.1768338782485986,position_specialists,0.20199253766433944,False,,,A,0.192,0.461,0.14,0.12,0.20716541356291973,0.04419987698743637,0.0021317666151974,-0.08126175747057746,0.001624170876011129,,0,,,0,
2026-10-05,松山,1,017520261005,1791182700,1791182400,4,2,015163,戸塚涼介,逃,81.33,,,,,0.0374202551262459,0.09927055985695377,0.17243425849199015,position_specialists,0.0374202551262459,False,,,A,0.19,0.38,0.17,0.16,-0.10831404766441566,-0.027472096725082717,-0.025483953951446217,-0.052090870173447094,0.0007324692185932542,,0,,,0,
2026-10-05,松山,1,017520261005,1791182700,1791182400,5,3,013371,足達重満,追,81.27,,,,,0.013485222233843836,0.09686039136726382,0.17510061793470236,position_specialists,0.013485222233843836,False,,,A,0.157,0.263,0.0,0.14,-0.140745507092087,0.03445661449077625,-0.06744009481195593,0.11321082451029163,0.000828008681888027,,0,,,0,
2026-10-05,松山,1,017520261005,1791182700,1791182400,6,6,014412,宮崎康司,両,80.12,,,,,0.011198006718621924,0.0582099671548072,0.08463475029274281,position_specialists,0.011198006718621924,False,,,A,0.166,0.166,0.08,0.0,-0.28703103789311707,-0.13254424166969628,-0.032654164098379256,-0.08126175747057746,0.0020700217047200666,,0,,,0,
2026-10-05,松山,1,017520261005,1791182700,1791182400,7,5,011800,三住博昭,追,81.73,,,,,0.009831987275265996,0.06316649225033133,0.14526417937394695,position_specialists,0.009831987275265996,False,,,A,0.152,0.2689999999999999,0.12,0.18,0.08696263565463043,-0.09662059887515978,-0.032654164098379256,-0.08126175747057746,0.0007324692185932542,,0,,,0,
2026-10-05,いわき平,1,011320261005,1791183360,1791183060,1,2,014866,櫻井利之,両,70.64,,,,,0.3419667301726612,0.21551269748524784,0.16051440258505761,position_specialists,0.3419667301726612,False,,0.02821177718906992,C,0.356,0.428,0.09,0.12,0.2452748256607089,0.11292775279134383,0.013833574617807876,-0.06250553889784406,0.00044478777739981345,,0,,,0,
2026-10-05,いわき平,1,011320261005,1791183360,1791183060,2,1,014595,瀧本匡平,両,69.42,,,,,0.3137549529835913,0.14598589122737304,0.14507200722282934,position_specialists,0.3137549529835913,False,,,C,0.345,0.461,0.14,0.08,0.06690556910333986,0.29589691688288183,0.3176150259617083,-0.06250553889784406,0.0030579159696237164,,0,,,0,
2026-10-05,いわき平,1,011320261005,1791183360,1791183060,3,7,013255,安坂洋一,追,71.03,,,,,0.2394492643900672,0.26471846223066464,0.14239333896829282,position_specialists,0.2394492643900672,False,,,C,0.147,0.37,0.13,0.21,0.16496078610577866,0.05911797028546457,-0.01274917625829814,-0.06250553889784406,0.00200154499829916,,0,,,0,
2026-10-05,いわき平,1,011320261005,1791183360,1791183060,4,5,011821,中川博文,追,68.94,,,,,0.06430104925451208,0.13713840404917407,0.1099230513104016,position_specialists,0.06430104925451208,False,,,C,0.222,0.2769999999999999,0.11,0.05,0.03561913804962906,0.16076750589187452,-0.01274917625829814,-0.06250553889784406,0.001111969443499533,,0,,,0,
2026-10-05,いわき平,1,011320261005,1791183360,1791183060,5,4,014388,水野悟志,追,69.8,,,,,0.02837631416790331,0.12359160277935749,0.3030449969387963,position_specialists,0.02837631416790331,False,,,C,0.1,0.4,0.1,0.29,0.06690556910333986,-0.12026917616286428,-0.09059223622341528,0.18479898456753896,0.002279537359174043,,0,,,0,
2026-10-05,いわき平,1,011320261005,1791183360,1791183060,6,3,014154,長岡豪,追,67.76,,,,,0.0068094353482327005,0.06434374023143355,0.07881079931443412,position_specialists,0.0068094353482327005,False,,,C,0.111,0.166,0.0,0.0,-0.2408053355101787,-0.168108929263395,-0.09059223622341528,-0.06250553889784406,0.00200154499829916,,0,,,0,
2026-10-05,いわき平,1,011320261005,1791183360,1791183060,7,6,013531,伊藤司,逃,64.5,,,,,0.005342253683032164,0.04870920199674932,0.060241403660188264,position_specialists,0.005342253683032164,False,,,C,0.0,0.107,0.13,0.03,-0.3388605525126174,-0.168108929263395,-0.12476577561608937,0.12772870992168137,0.00200154499829916,,0,,,0,
2026-10-05,松山,2,027520261005,1791184020,1791183720,1,7,015372,野上竜太,逃,87.43,,,,,0.7483138336246219,0.16102942402604375,0.11658824681326795,position_specialists,0.7483138336246219,False,,0.6756056712951048,S,0.521,0.565,0.23,0.07,0.16317397500896963,0.1500898022993222,0.26478647381851306,-0.059731911358736046,0.0020761157025215166,,0,,,0,
2026-10-05,松山,2,027520261005,1791184020,1791183720,2,3,014474,山崎晃,両,83.8,,,,,0.07270816232951703,0.14415246025213205,0.12594005525490073,position_specialists,0.07270816232951703,False,,,S,0.2,0.35,0.06,0.16,-0.00800524563826683,0.1500898022993222,0.01065427207806866,-0.059731911358736046,0.0007595545253127502,,0,,,0,
2026-10-05,松山,2,027520261005,1791184020,1791183720,3,5,014116,安東宏高,追,84.5,,,,,0.06708358882833768,0.2384357689716238,0.1997852484194872,position_specialists,0.06708358882833768,False,,,S,0.09,0.181,0.24,0.14,0.16648445358548455,-0.10196514568474475,-0.12680437951468831,0.21081851067789198,0.0018229308607506,,0,,,0,
2026-10-05,松山,2,027520261005,1791184020,1791183720,4,4,014665,小峰烈,両,82.14,,,,,0.0619592401736698,0.11785774019367867,0.11679440197120156,position_specialists,0.0619592401736698,False,,,S,0.284,0.3329999999999999,0.06,0.0,-0.05080005080007623,0.14266454875945164,0.10497239264748319,0.08784104611578832,0.0031394920379593664,,0,,,0,
2026-10-05,松山,2,027520261005,1791184020,1791183720,5,1,013907,佐藤正吾,追,83.12,,,,,0.027359999925698087,0.1085700752867769,0.16574829964837223,position_specialists,0.027359999925698087,False,,,S,0.125,0.375,0.0,0.19,-0.004694767061751877,-0.057265251963613505,-0.04261708831227464,-0.059731911358736046,0.0007595545253127502,,0,,,0,
2026-10-05,松山,2,027520261005,1791184020,1791183720,6,2,013056,山本貴章,追,80.61,,,,,0.013563337187818124,0.15845319407766156,0.19791133581272827,position_specialists,0.013563337187818124,False,,,S,0.095,0.142,0.13,0.08,0.0397552773883148,-0.15194759586551101,-0.08471073391348148,-0.059731911358736046,0.00288630719618845,,0,,,0,
2026-10-05,松山,2,027520261005,1791184020,1791183720,7,6,013399,塚本勝士,両,79.75,,,,,0.009011837930337363,0.07150133719208318,0.0772324120800421,position_specialists,0.009011837930337363,False,,,S,0.0409999999999999,0.208,0.05,0.12,-0.30591364248267383,-0.007282801782847183,-0.1262809368036205,-0.059731911358736046,0.0010127393670836663,,0,,,0,
2026-10-05,奈良,12,125320261005,1791184440,1791184140,1,1,013851,和田健太郎,追,113.06,,,,,0.866204166386645,0.19755153707314893,0.1300604904116923,position_specialists,0.866204166386645,False,,0.8071759457932668,S,0.611,0.7090000000000001,0.24,0.07,0.2285726699389945,0.29027755230704877,0.16539288656227727,-0.07536212152577243,0.00035492535302629344,,0,,,0,
2026-10-05,奈良,12,125320261005,1791184440,1791184140,2,7,015349,寺沼拓摩,両,104.61,,,,,0.05902822059337821,0.2306512018677567,0.23220112873037227,position_specialists,0.05902822059337821,False,,,S,0.428,0.428,0.13,0.15,0.13356027744653834,0.055420595278593325,0.09358834424005907,-0.07536212152577243,0.0031154558765641395,,0,,,0,
2026-10-05,奈良,12,125320261005,1791184440,1791184140,3,5,015297,上野優太,追,109.45,,,,,0.02718803744441205,0.19098533479432042,0.17264714628191855,position_specialists,0.02718803744441205,False,,,S,0.136,0.272,0.22,0.08,-0.11347194303384747,0.07654360496084914,-0.13688622596537253,-0.07536212152577243,0.003233764327572907,,0,,,0,
2026-10-05,奈良,12,125320261005,1791184440,1791184140,4,3,014682,原田研太朗,逃,103.87,,,,,0.014686524573447554,0.07853699690235155,0.08977108496103117,position_specialists,0.014686524573447554,False,,,S,0.25,0.437,0.11,0.08,-0.2502897882229842,0.13557082553341818,-0.007664555979182497,-0.005949641173087291,0.0017351906147952164,,0,,,0,
2026-10-05,奈良,12,125320261005,1791184440,1791184140,5,4,014497,川津悠揮,追,106.4,,,,,0.013441932878260569,0.13223482728601926,0.17306326447218723,position_specialists,0.013441932878260569,False,,,S,0.363,0.4539999999999999,0.11,0.17,0.07465259410121562,-0.22131478952426234,-0.042424003300481954,0.15369906363808852,0.00035492535302629344,,0,,,0,
2026-10-05,奈良,12,125320261005,1791184440,1791184140,6,2,014700,川口公太朗,追,103.85,,,,,0.0120111911464693,0.09457016060026938,0.09899363652419961,position_specialists,0.0120111911464693,False,,,S,0.284,0.392,0.18,0.16,0.006243671506647245,0.129977091797399,-0.042424003300481954,-0.07536212152577243,0.00019718075168127637,,0,,,0,
2026-10-05,奈良,12,125320261005,1791184440,1791184140,7,6,014757,藤井昭吾,両,103.75,,,,,0.007439926977387369,0.07546994147613377,0.10326324861859884,position_specialists,0.007439926977387369,False,,,S,0.172,0.4479999999999999,0.16,0.2,-0.07926748173656324,-0.13159660864933131,-0.029582442256817387,0.15369906363808852,0.002129552118157769,,0,,,0,
2026-10-05,いわき平,2,021320261005,1791184860,1791184560,1,4,015053,廣田敦士,逃,68.77,,,,,0.3381854149464497,0.11453821327680763,0.13319329337792155,position_specialists,0.3381854149464497,False,,0.03915838110453085,C,0.3329999999999999,0.481,0.08,0.06,0.13627725001965033,0.1771436090236518,0.2160458365480357,-0.040824829046386304,0.0002551789158017718,,0,,,0,
2026-10-05,いわき平,2,021320261005,1791184860,1791184560,2,1,014931,横田政直,逃,68.9,,,,,0.29902703384191887,0.11698090018590601,0.12610072485714643,position_specialists,0.29902703384191887,False,,,C,0.3329999999999999,0.428,0.11,0.13,0.14685169449814578,0.20863083024011647,0.13071723154304832,-0.040824829046386304,0.0038276837370265692,,0,,,0,
2026-10-05,いわき平,2,021320261005,1791184860,1791184560,3,7,013776,小塚潤,追,69.0,,,,,0.17765374934199663,0.3246478807397443,0.28181388872207946,position_specialists,0.17765374934199663,False,,,C,0.2,0.25,0.15,0.08,-0.09724871929716787,0.22498336212418252,0.07360237111325196,-0.040824829046386304,0.001275894579008857,,0,,,0,
2026-10-05,いわき平,2,021320261005,1791184860,1791184560,4,5,013314,鈴木宏章,追,71.04,,,,,0.15307326356411546,0.2462385346344372,0.1298487203567201,position_specialists,0.15307326356411546,False,,,C,0.09,0.363,0.06,0.18,0.05756687878764929,-0.08988885004046404,-0.05635670591535599,-0.040824829046386304,0.002296610242215941,,0,,,0,
2026-10-05,いわき平,2,021320261005,1791184860,1791184560,5,2,014099,坂本佳憲,追,67.52,,,,,0.01423813316196505,0.08450892968721513,0.10767275256643373,position_specialists,0.01423813316196505,False,,,C,0.045,0.181,0.0,0.2,0.2079442875307335,-0.1472965537611009,-0.12133624442965997,-0.040824829046386304,0.0002551789158017718,,0,,,0,
2026-10-05,いわき平,2,021320261005,1791184860,1791184560,6,3,011346,野崎修一,追,65.78,,,,,0.009167479838227187,0.06027478817499327,0.14836145267307146,position_specialists,0.009167479838227187,False,,,C,0.083,0.166,0.07,0.2,-0.20820345284049221,-0.08432211132817159,-0.05635670591535599,0.24494897427831785,0.002296610242215941,,0,,,0,
2026-10-05,いわき平,2,021320261005,1791184860,1791184560,7,6,014650,佐藤裕輝,逃,65.5,,,,,0.00865492530532701,0.05281075330089649,0.07300916744662736,position_specialists,0.00865492530532701,False,,,C,0.0,0.166,0.02,0.07,-0.24318793869851912,-0.06918742199577299,-0.18631578294396398,-0.040824829046386304,0.0010207156632070845,,0,,,0,
2026-10-05,松山,3,037520261005,1791185580,1791185280,1,3,015060,滝本泰行,両,92.66,,,,,0.2719508556886879,0.1858933865283141,0.14992079723536972,position_specialists,0.24398164144804085,True,second_wheel+pace_conflict_consensus,0.02330394846395259,C,0.416,0.6659999999999999,0.27,0.18,0.13366914615230296,0.09433828743727539,0.02581608303053557,0.18344660695138995,0.0002589586723303828,,0,,,0,
2026-10-05,松山,3,037520261005,1791185580,1791185280,2,2,015721,内山慧大,逃,92.04,,,,,0.2486469072247353,0.1465361558735926,0.15994863935134598,position_specialists,0.2590532588483682,True,second_wheel+pace_conflict_consensus,,C,0.475,0.6659999999999999,0.14,0.1,-0.1550646250283445,0.013281793714082312,0.05662706418704279,-0.011117976178872124,0.0002589586723303828,,0,,,0,
2026-10-05,松山,3,037520261005,1791185580,1791185280,3,7,015934,吉田航,逃,88.75,,,,,0.1824389012361818,0.17645609331719805,0.14826241204478713,position_specialists,0.21660946709011755,True,second_wheel+pace_conflict_consensus,,C,0.523,0.619,0.15,0.07,0.19893510656584654,0.33714501478504016,-0.024811676259668222,0.12118594034970608,0.004612701350884945,,0,,,0,
2026-10-05,松山,3,037520261005,1791185580,1791185280,4,5,014999,水谷将司,追,89.83,,,,,0.13706665511409447,0.1521428721570635,0.1505402964893341,position_specialists,0.12163512490516831,True,second_wheel+pace_conflict_consensus,,C,0.4579999999999999,0.625,0.17,0.19,0.10599921662582965,0.11925084290427214,0.053878513431340126,-0.07337864278055599,0.0002589586723303828,,0,,,0,
2026-10-05,松山,3,037520261005,1791185580,1791185280,5,1,014858,小原唯志,逃,90.23,,,,,0.08883079921826147,0.11012068713608529,0.10525891654034726,position_specialists,0.08977077908879666,True,second_wheel+pace_conflict_consensus,,C,0.406,0.555,0.16,0.18,0.17126517703937322,-0.036543317219911206,0.05860874200041244,-0.07337864278055599,0.0009387251871976379,,0,,,0,
2026-10-05,松山,3,037520261005,1791185580,1791185280,6,4,014657,野中祐志,追,92.05,,,,,0.05667000322407168,0.14568614206475491,0.1867783782055613,position_specialists,0.05311021627978312,True,second_wheel+pace_conflict_consensus,,C,0.3329999999999999,0.3879999999999999,0.11,0.17,-0.23236506135780227,-0.04683286020903959,-0.08643363857268267,-0.07337864278055599,0.002298258216932148,,0,,,0,
2026-10-05,松山,3,037520261005,1791185580,1791185280,7,6,014297,田中勝仁,両,83.66,,,,,0.014395878293967488,0.08316466292299156,0.09929056013325457,position_specialists,0.01583951233972525,True,second_wheel+pace_conflict_consensus,,C,0.368,0.368,0.0,0.0,-0.22243895999720548,-0.1936012428085351,-0.08368508781698,-0.07337864278055599,0.0005988419297640103,,0,,,0,
2026-10-05,いわき平,3,031320261005,1791186360,1791186060,1,7,015884,秋山太洋,逃,78.33,,,,,0.8140926391563554,0.3020963151272399,0.38934320395740935,position_specialists,0.8140926391563554,False,,0.6609203681620069,S,0.6659999999999999,0.6659999999999999,0.13,0.11,0.12822014376611748,0.3475904182170233,0.23487543764443836,-0.05443310539518174,0.004151875170981287,,0,,,0,
2026-10-05,いわき平,3,031320261005,1791186360,1791186060,2,1,015958,庄子琢心,逃,75.55,,,,,0.1531722709943485,0.17415265569465788,0.053481303704142065,position_specialists,0.1531722709943485,False,,,S,0.3329999999999999,0.555,0.15,0.21,0.27799785976571534,0.09318459138097565,0.02371772986560041,-0.05443310539518174,0.0015206456387544633,,0,,,0,
2026-10-05,いわき平,3,031320261005,1791186360,1791186060,3,4,014802,渡邉正人,逃,69.23,,,,,0.01394890039110254,0.1777352127698086,0.2096254042256099,position_specialists,0.01394890039110254,False,,,S,0.1169999999999999,0.294,0.6,0.2,-0.08593736131282995,-0.031315086600977475,-0.11832490969991413,0.0408248290463863,0.0008713812087244676,,0,,,0,
2026-10-05,いわき平,3,031320261005,1791186360,1791186060,4,5,014678,樋口有樹郎,両,70.3,,,,,0.0065177364962667435,0.08152900498001772,0.06882633805116352,position_specialists,0.0065177364962667435,False,,,S,0.3,0.466,0.1,0.13,0.004899530067401681,-0.02991500224936995,0.12173322137196166,-0.05443310539518174,0.0009909825510984141,,0,,,0,
2026-10-05,いわき平,3,031320261005,1791186360,1791186060,5,2,013867,樋口奨平,追,68.61,,,,,0.005866113014838182,0.05254911155812036,0.06833515775686579,position_specialists,0.005866113014838182,False,,,S,0.166,0.2769999999999999,0.17,0.08,-0.10879349804729262,0.07537122787865538,-0.06931716394673353,0.2313406979295224,0.00015377315448078825,,0,,,0,
2026-10-05,いわき平,3,031320261005,1791186360,1791186060,6,3,013013,武田靖夫,追,74.54,,,,,0.005731886226697978,0.18269798309302435,0.1388730995287201,position_specialists,0.005731886226697978,False,,,S,0.272,0.545,0.55,0.0,0.04399752796110633,-0.031315086600977475,-0.0806313855739812,-0.05443310539518174,0.0018281919477160398,,0,,,0,
2026-10-05,いわき平,3,031320261005,1791186360,1791186060,7,6,012559,相良勝美,追,68.0,,,,,0.000670453720390611,0.029239716777131126,0.0715154927760893,position_specialists,0.000670453720390611,False,,,S,0.105,0.157,0.14,0.11,-0.2603842022002182,-0.08872279032161433,-0.11205292966137162,-0.05443310539518174,0.0018281919477160398,,0,,,0,
2026-10-05,松山,4,047520261005,1791187140,1791186840,1,3,015532,石田拓真,逃,93.38,,,,,0.5098681391642576,0.2175455848996272,0.25039434529515486,position_specialists,0.5098681391642576,False,,0.1794511704101528,B,0.6659999999999999,0.777,0.06,0.08,0.09034738163899722,0.13787052622488374,0.0584711248040332,0.10625078858299793,0.0011514103604903531,,0,,,0,
2026-10-05,松山,4,047520261005,1791187140,1791186840,2,1,015278,田中和磨,逃,93.47,,,,,0.33041696875410476,0.11858769194881232,0.07174341991693609,position_specialists,0.33041696875410476,False,,,B,0.5,0.65,0.26,0.2,0.13269884962650202,0.15412939261960623,0.13773271144074473,0.12112589898461759,0.0044385012283418455,,0,,,0,
2026-10-05,松山,4,047520261005,1791187140,1791186840,3,2,015099,吉竹尚城,逃,89.66,,,,,0.09775290794855107,0.12366444715003942,0.1168510897187322,position_specialists,0.09775290794855107,False,,,B,0.4579999999999999,0.583,0.13,0.11,0.16909831577158,0.2191648581984962,0.08914002941827588,0.10625078858299793,1.8571134846618828e-05,,0,,,0,
2026-10-05,松山,4,047520261005,1791187140,1791186840,4,4,013695,岡本英之,追,87.09,,,,,0.03262806904681755,0.17233312476741283,0.22503856485651857,position_specialists,0.03262806904681755,False,,,B,0.3329999999999999,0.476,0.22,0.15,0.04274947249508763,0.006862748983467007,0.01314381626324685,-0.049937870634009014,0.0020613959679746646,,0,,,0,
2026-10-05,松山,4,047520261005,1791187140,1791186840,5,5,013571,小林信晴,追,91.42,,,,,0.022956713829141988,0.26867987769182955,0.16104411754510475,position_specialists,0.022956713829141988,False,,,B,0.368,0.578,0.27,0.21,-0.08359937078140475,0.05563934816763448,0.004699792579354732,-0.13918853304372725,0.0015414041922693438,,0,,,0,
2026-10-05,松山,4,047520261005,1791187140,1791186840,6,6,013970,三好陽一,両,81.8,,,,,0.004227574865050028,0.05169539767803023,0.07468804541498734,position_specialists,0.004227574865050028,False,,,B,0.16,0.24,0.1,0.08,-0.3565953668694906,0.006862748983467007,-0.1431497135689356,-0.08712564663805827,0.0005385629105519399,,0,,,0,
2026-10-05,松山,4,047520261005,1791187140,1791186840,7,7,014003,須賀和彦,追,85.29,,,,,0.0021496263920769937,0.047493875864248414,0.10024041725256617,position_specialists,0.0021496263920769937,False,,,B,0.125,0.3329999999999999,0.06,0.19,0.005300718118728585,-0.2456513514738398,-0.16003776093671984,-0.05737542583481886,0.00024142475300604146,,0,,,0,
2026-10-05,いわき平,4,041320261005,1791187920,1791187620,1,3,015968,渡邉拓,逃,79.65,,,,,0.7700973080867836,0.34610783050269944,0.4215619464346099,position_specialists,0.7700973080867836,False,,0.610341854325324,S,0.782,0.826,0.1,0.05,0.3171454572790707,0.2891357775640764,0.25842659612533114,0.07888106377466153,0.0004969124919176443,,0,,,0,
2026-10-05,いわき平,4,041320261005,1791187920,1791187620,2,2,015874,角田吏,逃,78.33,,,,,0.15975545376145958,0.12074030106332989,0.07344189672274046,position_specialists,0.15975545376145958,False,,,S,0.6659999999999999,0.777,0.17,0.12,0.18432979555199874,0.14187204241682602,0.03399659093160966,0.13146843962443588,0.004585543346468087,,0,,,0,
2026-10-05,いわき平,4,041320261005,1791187920,1791187620,3,7,015985,山本真,逃,76.0,,,,,0.06235986906690431,0.143543333876184,0.12737032435356754,position_specialists,0.06235986906690431,False,,,S,0.428,0.619,0.0,0.15,0.10132000697257877,0.12155980308617081,0.0247525518230397,0.13146843962443588,8.717763016098793e-06,,0,,,0,
2026-10-05,いわき平,4,041320261005,1791187920,1791187620,4,4,014158,本間慎吾,追,73.83,,,,,0.004154940389447851,0.1571929403701727,0.15483558558567842,position_specialists,0.004154940389447851,False,,,S,0.444,0.611,0.22,0.25,-0.12503708942384167,-0.028644777287186843,0.04366947447152004,-0.08545448575588337,0.0010897203770123785,,0,,,0,
2026-10-05,いわき平,4,041320261005,1791187920,1791187620,5,5,014738,櫻川雅彦,追,72.15,,,,,0.002346277627778217,0.15108730667229342,0.10548956443636846,position_specialists,0.002346277627778217,False,,,S,0.142,0.428,0.12,0.18,-0.0616644143732834,-0.03880089695251445,-0.1407756393157527,-0.08545448575588337,0.0015168907648012307,,0,,,0,
2026-10-05,いわき平,4,041320261005,1791187920,1791187620,6,6,012858,亀井宏佳,追,68.08,,,,,0.0007022795280444981,0.04437662853233038,0.062086287997370995,position_specialists,0.0007022795280444981,False,,,S,0.0409999999999999,0.25,0.07,0.22,-0.14467420295270336,-0.03372283711985064,-0.1715164916136315,-0.08545448575588337,0.0015168907648012307,,0,,,0,
2026-10-05,いわき平,4,041320261005,1791187920,1791187620,7,1,013421,富澤洋祐,追,70.76,,,,,0.0005838715395819276,0.03695165898299008,0.055214394469664196,position_specialists,0.0005838715395819276,False,,,S,0.2269999999999999,0.363,0.1,0.29,-0.27141955305381993,-0.11652084000380651,-0.04855308242211633,-0.08545448575588337,0.0009676716947869922,,0,,,0,
2026-10-05,松山,5,057520261005,1791188700,1791188400,1,7,015781,齊藤英伊須,逃,95.52,,,,,0.8876406073839985,0.19961735781104512,0.20205457732743595,position_specialists,0.8876406073839985,False,,0.8355125217135625,S,0.6659999999999999,0.7609999999999999,0.25,0.07,0.22206749056632202,0.31640442341766073,0.130207482069148,0.21389631597324935,0.004181852373453229,,0,,,0,
2026-10-05,松山,5,057520261005,1791188700,1791188400,2,2,015299,曽我圭佑,逃,92.11,,,,,0.05212808567043606,0.13906226111713715,0.20140906312046308,position_specialists,0.05212808567043606,False,,,S,0.406,0.518,0.05,0.09,-0.14301007244836447,0.058812051209342624,0.009270349815799134,0.035649385995541565,0.0004401949866792871,,0,,,0,
2026-10-05,松山,5,057520261005,1791188700,1791188400,3,1,014619,木村浩宣,逃,89.2,,,,,0.03738094530776712,0.1190810302375418,0.09419595791664372,position_specialists,0.03738094530776712,False,,,S,0.428,0.619,0.13,0.16,0.18408057400022798,0.10564702797449138,0.06999627256037191,-0.03921432459509571,0.0015406824533775057,,0,,,0,
2026-10-05,松山,5,057520261005,1791188700,1791188400,4,3,013910,高橋秀吉,追,85.13,,,,,0.015858104958750584,0.3477717140172207,0.17729329858427612,position_specialists,0.015858104958750584,False,,,S,0.375,0.416,0.19,0.1,-0.03469681243114326,0.05981682754472459,0.10321456676936397,0.035649385995541565,0.0006602924800189304,,0,,,0,
2026-10-05,松山,5,057520261005,1791188700,1791188400,5,5,015419,黒滝大翔,両,84.95,,,,,0.0027008146526329097,0.08878283736739598,0.16908642512338168,position_specialists,0.0027008146526329097,False,,,S,0.284,0.428,0.12,0.0,-0.11299782004842543,-0.1732220390452201,-0.06651244364593831,-0.08199358778974558,0.0015406824533775053,,0,,,0,
2026-10-05,松山,5,057520261005,1791188700,1791188400,6,4,013811,池田浩士,追,85.26,,,,,0.002254859860885461,0.06517334936790209,0.09015962419524057,position_specialists,0.002254859860885461,False,,,S,0.26,0.391,0.17,0.18,-0.09248229679000991,-0.010435637602998543,-0.06651244364593831,-0.08199358778974558,0.0019808774400567925,,0,,,0,
2026-10-05,松山,5,057520261005,1791188700,1791188400,7,6,013969,武田良太,追,81.84,,,,,0.0020365821655294394,0.04051145008175725,0.06580105373255891,position_specialists,0.0020365821655294394,False,,,S,0.152,0.2689999999999999,0.05,0.14,-0.022961062848608285,-0.02214438179428572,-0.1796637839228065,-0.08199358778974558,0.001100487466698218,,0,,,0,
2026-10-05,いわき平,5,051320261005,1791189480,1791189180,1,2,014963,石井寛子,両,56.29,,,,,0.7164409499816002,0.3472061521166734,0.3052362148600384,position_specialists,0.7164409499816002,False,,0.4932651513481005,S,0.708,0.7909999999999999,0.0,0.0,0.2836306475921426,-0.028703851860318427,0.18372577617018815,0.16874581143747314,0.0034691623944834646,,0,,,0,
2026-10-05,いわき平,5,051320261005,1791189480,1791189180,2,3,015224,太田美穂,両,54.92,,,,,0.22317579863349973,0.23098730468295187,0.14830562367543798,position_specialists,0.22317579863349973,False,,,S,0.518,0.629,0.0,0.0,0.20597321256268758,-0.028703851860318427,0.09394372595001632,0.07869759815918032,0.0026431713481778777,,0,,,0,
2026-10-05,いわき平,5,051320261005,1791189480,1791189180,3,4,015018,高橋梨香,両,53.59,,,,,0.0359620268214392,0.12898332358372727,0.1297408863567821,position_specialists,0.0359620268214392,False,,,S,0.3329999999999999,0.703,0.0,0.0,0.061341884364803055,-0.028703851860318427,0.013933656450564748,0.07869759815918032,0.00033039641852223477,,0,,,0,
2026-10-05,いわき平,5,051320261005,1791189480,1791189180,4,6,015401,清水彩那,両,52.18,,,,,0.016261482840330105,0.12174543657365608,0.14429761144113507,position_specialists,0.016261482840330105,False,,,S,0.295,0.407,0.0,0.0,-0.08149988656570967,-0.028703851860318427,0.012623610171935966,-0.03783538373037518,0.0008259910463055868,,0,,,0,
2026-10-05,いわき平,5,051320261005,1791189480,1791189180,5,1,015576,菅原ななこ,両,50.57,,,,,0.004718949718952742,0.09299165534801365,0.14019687374085144,position_specialists,0.004718949718952742,False,,,S,0.284,0.38,0.0,0.0,-0.10292077203096611,-0.028703851860318427,-0.04373763323183515,-0.09610187467515291,0.0016519820926111737,,0,,,0,
2026-10-05,いわき平,5,051320261005,1791189480,1791189180,6,5,015496,布居光,両,49.37,,,,,0.0017536537151551235,0.03831312061310343,0.06252163012364412,position_specialists,0.0017536537151551235,False,,,S,0.083,0.25,0.0,0.0,-0.2921834284267353,-0.028703851860318427,-0.1206326861417017,-0.09610187467515291,0.0016519820926111737,,0,,,0,
2026-10-05,いわき平,5,051320261005,1791189480,1791189180,7,7,015317,佐伯智恵,両,48.14,,,,,0.0016871382890228316,0.039773007081874284,0.06970115980211086,position_specialists,0.0016871382890228316,False,,,S,0.036,0.185,0.0,0.0,-0.07434165749622251,-0.028703851860318427,-0.13985644936916833,-0.09610187467515291,0.0016519820926111737,,0,,,0,
2026-10-05,松山,6,067520261005,1791190260,1791189960,1,7,013407,大矢将大,追,97.96,,,,,0.3512346968306269,0.22544161934115994,0.16660456341985727,position_specialists,0.3512346968306269,False,,0.0051659412654496695,C,0.12,0.4,0.22,0.18,0.2488566086132443,-0.07189615220248424,0.1596700321366479,-0.07224659442304476,0.001432154943039612,,0,,,0,
2026-10-05,松山,6,067520261005,1791190260,1791189960,2,2,015249,磯川勝裕,逃,98.85,,,,,0.34606875556517724,0.2139674626260579,0.08229155500635398,position_specialists,0.34606875556517724,False,,,C,0.071,0.5,0.14,0.23,0.055301468580720985,0.2738543599027932,-0.049062205979820604,0.09008525971268547,0.001767340142474415,,0,,,0,
2026-10-05,松山,6,067520261005,1791190260,1791189960,3,4,015539,上杉嘉槻,逃,95.58,,,,,0.13949459700598102,0.19043493606610531,0.17777751613146878,position_specialists,0.13949459700598102,False,,,C,0.172,0.275,0.1,0.08,-0.04445915438482695,-0.05676146287008564,0.11276933560821698,-0.07224659442304476,0.0005789562535692047,,0,,,0,
2026-10-05,松山,6,067520261005,1791190260,1791189960,4,1,014090,竹澤浩司,両,92.72,,,,,0.054416318944812324,0.0870323901903975,0.16701478195598363,position_specialists,0.054416318944812324,False,,,C,0.09,0.212,0.16,0.04,-0.34265112568021944,0.06979634327160668,0.031853564814198175,0.2024688510374218,0.002193939487209619,,0,,,0,
2026-10-05,松山,6,067520261005,1791190260,1791189960,5,3,014710,花田将司,両,95.53,,,,,0.052971288935857265,0.08856714514073623,0.10244110001600948,position_specialists,0.052971288935857265,False,,,C,0.033,0.133,0.1,0.05,0.055301468580720985,0.06979634327160668,-0.056418185142913226,-0.07224659442304476,0.0018587542877748155,,0,,,0,
2026-10-05,松山,6,067520261005,1791190260,1791189960,6,6,015258,栗本尚宗,両,92.3,,,,,0.03388185976044873,0.07867260766598572,0.09390544834384189,position_specialists,0.03388185976044873,False,,,C,0.0,0.1,0.13,0.18,0.06614378277661477,0.19513630686163155,-0.14239435629341596,-0.07224659442304476,0.0026205388319448224,,0,,,0,
2026-10-05,松山,6,067520261005,1791190260,1791189960,7,5,014515,城幸弘,追,95.91,,,,,0.021932482957096596,0.11588383896955731,0.20996503512648504,position_specialists,0.021932482957096596,False,,,C,0.043,0.26,0.02,0.1,-0.03849304848625415,-0.14504746653135342,-0.056418185142913226,-0.0035677330579281276,0.0027119529772452232,,0,,,0,
2026-10-05,いわき平,6,061320261005,1791191040,1791190740,1,4,014974,山原さくら,両,58.57,,,,,0.9556365724065723,0.4413971068921864,0.41289199239770324,position_specialists,0.9556365724065723,False,,0.9225346325702957,S,0.904,0.952,0.0,0.0,0.3797910119665765,-0.028703851860318427,0.26532472992336315,0.21586487839389432,0.004469289537395419,,0,,,0,
2026-10-05,いわき平,6,061320261005,1791191040,1791190740,2,7,016035,伊藤梨里花,両,53.4,,,,,0.03310193983627659,0.19522897436779704,0.1654308316408242,position_specialists,0.03310193983627659,False,,,S,0.545,0.636,0.0,0.0,0.13267073792297535,-0.028703851860318427,0.14777232175842092,0.03549129757377092,0.0005743665268941902,,0,,,0,
2026-10-05,いわき平,6,061320261005,1791191040,1791190740,3,6,015763,山口優依,両,52.42,,,,,0.0044441846210839546,0.12602790804876624,0.11606126066628542,position_specialists,0.0044441846210839546,False,,,S,0.142,0.428,0.0,0.0,-0.008282364455613513,-0.028703851860318427,-0.0031232222200940005,0.03549129757377092,0.00032308117137798187,,0,,,0,
2026-10-05,いわき平,6,061320261005,1791191040,1791190740,4,1,016034,古山稀絵,両,52.04,,,,,0.00376575414403303,0.10857846089135419,0.10004133398809201,position_specialists,0.00376575414403303,False,,,S,0.237,0.428,0.0,0.0,-0.08328236445561352,-0.028703851860318427,-0.04173973639678284,-0.07681678105007952,0.0008077029284449558,,0,,,0,
2026-10-05,いわき平,6,061320261005,1791191040,1791190740,5,2,015867,是永ゆうき,追,49.91,,,,,0.0012697360525043184,0.05256729292214248,0.09133581428454018,position_specialists,0.0012697360525043184,False,,,S,0.125,0.291,0.0,0.0,-0.16083077707206123,-0.028703851860318427,-0.09203825105628782,-0.07681678105007952,0.0014359163172354766,,0,,,0,
2026-10-05,いわき平,6,061320261005,1791191040,1791190740,6,5,015776,高本美穂,追,48.87,,,,,0.0011506295141693811,0.03866219720958235,0.06471340316791102,position_specialists,0.0011506295141693811,False,,,S,0.083,0.208,0.0,0.0,-0.16264015659634343,-0.028703851860318427,-0.1116303190837782,-0.05639713039119763,0.0015615589949935806,,0,,,0,
2026-10-05,いわき平,6,061320261005,1791191040,1791190740,7,3,015757,戸邉香奈実,両,46.66,,,,,0.0006311834253602746,0.03753805966817131,0.049525363854644004,position_specialists,0.0006311834253602746,False,,,S,0.055,0.055,0.0,0.0,-0.09742608730992018,-0.028703851860318427,-0.16456552292484122,-0.07681678105007952,0.0015615589949935806,,0,,,0,
2026-10-05,松山,7,077520261005,1791191820,1791191520,1,4,015728,保田浩輔,逃,97.0,,,,,0.35974229796109713,0.15285520967484334,0.14526436498956496,position_specialists,0.35974229796109713,False,,0.08243080943914777,B,0.237,0.3329999999999999,0.16,0.1,0.22772314460650267,0.11415486702928948,0.018818010549589537,0.08699176724016802,0.0038705649985809176,,0,,,0,
2026-10-05,松山,7,077520261005,1791191820,1791191520,2,1,015648,森本桂太郎,逃,94.13,,,,,0.27731148852194937,0.20630178392409276,0.22607368548537077,position_specialists,0.27731148852194937,False,,,B,0.086,0.13,0.0,0.0,-0.2060865015340696,0.3895543887863192,0.06404937454250705,0.08699176724016802,0.00019352824992904596,,0,,,0,
2026-10-05,松山,7,077520261005,1791191820,1791191520,3,2,013990,荻原尚人,追,98.0,,,,,0.212841286706391,0.19256122047430863,0.1284420488392928,position_specialists,0.212841286706391,False,,,B,0.225,0.354,0.0,0.11,0.14181290881797204,-0.0732869902093468,0.14960404119057746,0.021747941810042023,0.00034835084987228267,,0,,,0,
2026-10-05,松山,7,077520261005,1791191820,1791191520,4,3,014051,早坂秀悟,逃,95.47,,,,,0.060745592797795234,0.10892721402852239,0.07912042654373626,position_specialists,0.060745592797795234,False,,,B,0.157,0.315,0.1,0.12,0.12184071536892473,-0.06789294789590972,0.0011252359842575596,-0.152235592670294,0.002631984199035024,,0,,,0,
2026-10-05,松山,7,077520261005,1791191820,1791191520,5,7,014371,岡光良,追,96.68,,,,,0.05071281060237956,0.17299958858213546,0.2420273357901279,position_specialists,0.05071281060237956,False,,,B,0.05,0.2,0.35,0.07,-0.009251816068076554,-0.03955831782307892,-0.12178414276692755,-0.152235592670294,0.002090105099233696,,0,,,0,
2026-10-05,松山,7,077520261005,1791191820,1791191520,6,6,015543,福元啓太,逃,93.38,,,,,0.022506374480512847,0.08333148709704351,0.07480055004824238,position_specialists,0.022506374480512847,False,,,B,0.073,0.148,0.0,0.0,-0.2817168081323395,-0.05378186718164689,-0.03525974072599396,0.08699176724016802,0.00046446779982971004,,0,,,0,
2026-10-05,松山,7,077520261005,1791191820,1791191520,7,5,014372,内田玄希,追,96.11,,,,,0.016140148929874854,0.08302349621905392,0.10427158830366484,position_specialists,0.016140148929874854,False,,,B,0.0579999999999999,0.205,0.06,0.25,0.005678356941086142,-0.09696602154371578,-0.07655277877401004,0.021747941810042023,0.0011611694995742755,,0,,,0,
2026-10-05,いわき平,7,071320261005,1791192600,1791192300,1,3,015165,寺沼将彦,追,90.11,,,,,0.7711747265734018,0.20903932761839644,0.151125629215759,position_specialists,0.7711747265734018,False,,0.6540292453131977,S,0.3879999999999999,0.555,0.26,0.11,0.2809928758415645,0.3409777143322065,0.10645859854570566,-0.10615515694374378,0.002705988875401935,,0,,,0,
2026-10-05,いわき平,7,071320261005,1791192600,1791192300,2,5,013760,矢口啓一郎,両,87.22,,,,,0.1171454812602041,0.25686748365124246,0.18429267271524866,position_specialists,0.1171454812602041,False,,,S,0.315,0.473,0.17,0.19,-0.07707417735582056,0.02576569508952556,0.0971062855904537,0.02895140643920287,0.0009293295127643009,,0,,,0,
2026-10-05,いわき平,7,071320261005,1791192600,1791192300,3,1,014171,深見仁哉,追,81.22,,,,,0.05452188775399862,0.17487602001771746,0.18186093803220738,position_specialists,0.05452188775399862,False,,,S,0.09,0.181,0.16,0.13,0.013870116996031334,0.13530674037670634,-0.07980480619085531,0.1640579698221495,0.0003553318725275268,,0,,,0,
2026-10-05,いわき平,7,071320261005,1791192600,1791192300,4,2,013233,小松剛之,両,83.42,,,,,0.03873946145855767,0.11894650040649146,0.10969928478365207,position_specialists,0.03873946145855767,False,,,S,0.19,0.476,0.09,0.19,0.12886196260109276,-0.19617878779551148,0.016418238683559884,-0.10615515694374378,0.002077324793237849,,0,,,0,
2026-10-05,いわき平,7,071320261005,1791192600,1791192300,5,4,014823,渡辺聖,追,82.04,,,,,0.008888722759835807,0.10839946378242148,0.16133350752403194,position_specialists,0.008888722759835807,False,,,S,0.19,0.285,0.07,0.21,0.048437302709905206,-0.08663774250833069,-0.005299444296230922,-0.10615515694374378,0.000546664419273118,,0,,,0,
2026-10-05,いわき平,7,071320261005,1791192600,1791192300,6,6,015621,長谷川裕一,逃,77.16,,,,,0.007992635443700751,0.06930370647730653,0.10132008601123628,position_specialists,0.007992635443700751,False,,,S,0.111,0.166,0.11,0.06,-0.337818304806469,0.12860118206727567,0.01943129575284673,0.07961636770780786,0.0032799865156387096,,0,,,0,
2026-10-05,いわき平,7,071320261005,1791192600,1791192300,7,7,012719,篠崎高志,追,78.33,,,,,0.001537084750301179,0.06256749804642411,0.11036788171786467,position_specialists,0.001537084750301179,False,,,S,0.0,0.047,0.05,0.07,-0.0572697759863036,-0.12777193729943073,-0.1543101680854797,0.04583972686207119,0.002077324793237849,,0,,,0,
2026-10-05,松山,8,087520261005,1791193380,1791193080,1,1,015322,磯島成介,逃,104.65,,,,,0.5751905900787054,0.19243992350548772,0.12207086988458972,position_specialists,0.5751905900787054,False,,0.23975473480512527,A,0.5,0.5760000000000001,0.21,0.08,0.22165151759697888,0.04956988743896851,0.22660577016897965,-0.09490586797243397,0.0009758561520649198,,0,,,0,
2026-10-05,松山,8,087520261005,1791193380,1791193080,2,7,014685,掛水泰範,追,103.88,,,,,0.33543585527358016,0.322410094081235,0.1134510673720353,position_specialists,0.33543585527358016,False,,,A,0.2689999999999999,0.5,0.26,0.15,-0.017986328500267136,0.19478447323986625,0.06466667270675774,0.02791349058012765,0.0022911405309350296,,0,,,0,
2026-10-05,松山,8,087520261005,1791193380,1791193080,3,6,015818,佐藤大地,逃,95.81,,,,,0.04230073579833685,0.10974083548005922,0.11082423712183775,position_specialists,0.04230073579833685,False,,,A,0.2269999999999999,0.363,0.16,0.09,0.03338013956476657,0.2767778304064916,-0.031958052967188,0.18422903782884245,0.0018668552474285422,,0,,,0,
2026-10-05,松山,8,087520261005,1791193380,1791193080,4,4,014337,佐々木翔一,追,97.68,,,,,0.017328568614492973,0.09595015272247769,0.12405833680419744,position_specialists,0.017328568614492973,False,,,A,0.16,0.4,0.07,0.23,0.006484228417307637,-0.10521264898203538,-0.05486742284760697,-0.01674809434807657,0.001569855548974002,,0,,,0,
2026-10-05,松山,8,087520261005,1791193380,1791193080,5,2,015104,中川勝貴,追,98.7,,,,,0.01577922066784309,0.10602389957037152,0.1481390092187858,position_specialists,0.01577922066784309,False,,,A,0.272,0.4539999999999999,0.14,0.14,0.06625291985610525,-0.21881662046579692,-0.09471212136572855,0.08932316985640847,0.003479139324753193,,0,,,0,
2026-10-05,松山,8,087520261005,1791193380,1791193080,6,3,014683,藤岡隆治,追,96.62,,,,,0.008466061963615108,0.08998505575459215,0.2881162872316586,position_specialists,0.008466061963615108,False,,,A,0.185,0.259,0.08,0.11,0.08474660762980028,-0.13851858979847717,-0.015022724329485398,-0.09490586797243397,0.0018668552474285422,,0,,,0,
2026-10-05,松山,8,087520261005,1791193380,1791193080,7,5,012592,水谷良和,追,96.06,,,,,0.005498967603426209,0.08345003888577669,0.09334019236689536,position_specialists,0.005498967603426209,False,,,A,0.096,0.225,0.1,0.08,-0.394529084564692,0.11363877932289375,-0.09471212136572855,-0.09490586797243397,0.0005091423402077842,,0,,,0,
2026-10-05,いわき平,8,081320261005,1791194160,1791193860,1,4,014057,松田優一,追,87.8,,,,,0.41624446112894237,0.2005359647946795,0.14099584698229242,position_specialists,0.41624446112894237,False,,0.0036705721225080423,C,0.428,0.5710000000000001,0.18,0.13,0.15191325514341908,0.2433728318225756,0.0951016256925128,0.14359427468075245,0.0017848266192003243,,0,,,0,
2026-10-05,いわき平,8,081320261005,1791194160,1791193860,2,3,014859,小林申太,両,87.7,,,,,0.4125738890064343,0.22068869948799708,0.143280223196726,position_specialists,0.4125738890064343,False,,,C,0.5,0.6659999999999999,0.19,0.15,0.22157284935614033,0.1447589661989107,0.20881606798478158,0.14359427468075245,0.0020925553466486567,,0,,,0,
2026-10-05,いわき平,8,081320261005,1791194160,1791193860,3,1,013933,藤田竜矢,両,87.14,,,,,0.1071991122277204,0.1537609739861349,0.13157488703723738,position_specialists,0.1071991122277204,False,,,C,0.259,0.407,0.2,0.18,0.06597390139723334,0.19259871929944145,0.033025881168162324,-0.0166486115571887,0.003385016001931651,,0,,,0,
2026-10-05,いわき平,8,081320261005,1791194160,1791193860,4,2,014651,須永勝太,両,83.12,,,,,0.04174547363332399,0.16316429864604337,0.16838736347881908,position_specialists,0.04174547363332399,False,,,C,0.25,0.375,0.26,0.08,-0.10172512170746602,0.09105049425317314,0.0019880089059870903,0.019770226224161566,0.0004923659639173302,,0,,,0,
2026-10-05,いわき平,8,081320261005,1791194160,1791193860,5,7,014732,和田禎嗣,追,81.29,,,,,0.010073020667296172,0.08411175324648151,0.14969280546443473,position_specialists,0.010073020667296172,False,,,C,0.111,0.2769999999999999,0.0,0.2,-0.18129171322834028,0.017823684891075373,-0.10751429790799558,-0.09677005467615926,0.0017848266192003243,,0,,,0,
2026-10-05,いわき平,8,081320261005,1791194160,1791193860,6,6,014205,日当泰之,両,80.47,,,,,0.009393069073695116,0.10709132538076349,0.13850760991049765,position_specialists,0.009393069073695116,False,,,C,0.142,0.142,0.11,0.21,-0.08983151784928023,-0.10911159641676002,-0.07821593343855904,-0.09677005467615926,0.0008000946913656634,,0,,,0,
2026-10-05,いわき平,8,081320261005,1791194160,1791193860,7,5,014240,須藤誠,追,80.5,,,,,0.002770974262587629,0.0706469844579002,0.12756126392999267,position_specialists,0.002770974262587629,False,,,C,0.0409999999999999,0.166,0.0,0.25,-0.06661165311170636,-0.29345458144523223,-0.15320135240488908,-0.09677005467615926,0.0022156468376279886,,0,,,0,
2026-10-05,松山,9,097520261005,1791194940,1791194640,1,5,015877,三澤優樹,逃,96.55,,,,,0.7675527654950107,0.2841474211182196,0.3292397308230639,position_specialists,0.7675527654950107,False,,0.6622279097541204,S,0.6659999999999999,0.833,0.12,0.09,0.3244745376329301,0.36058040824690746,0.3176715384219321,0.20659731085280583,0.0046680300452041955,,0,,,0,
2026-10-05,松山,9,097520261005,1791194940,1791194640,2,4,015389,宮崎大空,両,100.05,,,,,0.1053248557408904,0.18631858638717883,0.11567031282693974,position_specialists,0.1053248557408904,False,,,S,0.095,0.238,0.13,0.17,-0.14677540647937506,0.02498996513380617,-0.0925042444969669,0.026920255656577713,0.0013488358770844986,,0,,,0,
2026-10-05,松山,9,097520261005,1791194940,1791194640,3,1,014692,森山智徳,両,96.4,,,,,0.06832102057327497,0.05386518532524718,0.07268432631769611,position_specialists,0.06832102057327497,False,,,S,0.185,0.3329999999999999,0.09,0.15,0.09140456499710622,0.07488732087204442,0.05843875688338758,-0.08263892434112236,0.00013223881147887218,,0,,,0,
2026-10-05,松山,9,097520261005,1791194940,1791194640,4,2,014769,坂本修一,追,100.19,,,,,0.025981013215990115,0.10049612980221918,0.08629789054390746,position_specialists,0.025981013215990115,False,,,S,0.09,0.4539999999999999,0.07,0.25,-0.1301739041065207,-0.0474542168697182,-0.0925042444969669,-0.08263892434112236,0.0013488358770844986,,0,,,0,
2026-10-05,松山,9,097520261005,1791194940,1791194640,5,3,012889,丸山啓一,追,97.04,,,,,0.012726225216027048,0.0867818619148937,0.1372626614313975,position_specialists,0.012726225216027048,False,,,S,0.172,0.304,0.08,0.37,-0.012040544686082816,-0.0700089342940495,-0.006093317317452052,0.06197919325584174,0.00013223881147887218,,0,,,0,
2026-10-05,松山,9,097520261005,1791194940,1791194640,6,6,013912,金成和幸,追,94.51,,,,,0.012517115693204642,0.23152006909208428,0.19212601836216853,position_specialists,0.012517115693204642,False,,,S,0.036,0.111,0.11,0.07,-0.081003951141542,0.02498996513380617,-0.129372205863748,-0.08263892434112236,0.0009785672049436559,,0,,,0,
2026-10-05,松山,9,097520261005,1791194940,1791194640,7,7,014881,山崎泰己,追,96.03,,,,,0.0075770040656020065,0.05687074636015724,0.0667190596948267,position_specialists,0.0075770040656020065,False,,,S,0.102,0.241,0.23,0.23,-0.04588529621651489,-0.1479216439603553,-0.05563628313018576,-0.047579986741858336,0.0012562687090492879,,0,,,0,
2026-10-05,いわき平,9,091320261005,1791195720,1791195420,1,7,015791,岡部陸斗,逃,94.57,,,,,0.6126783968615929,0.12701969820989828,0.09904810474780108,position_specialists,0.6126783968615929,False,,0.441024091002882,S,0.523,0.809,0.16,0.14,0.12138202728214191,0.3294614382609638,0.0488871863094133,0.14079314778548588,0.004088622888467851,,0,,,0,
2026-10-05,いわき平,9,091320261005,1791195720,1791195420,2,4,015535,佐藤竜太,逃,90.66,,,,,0.17165430585871086,0.3250863526504789,0.1931237678149539,position_specialists,0.17165430585871086,False,,,S,0.475,0.476,0.03,0.06,0.23271852987084474,0.04570319370035493,0.05505081298410956,-0.10011957175856773,6.989098954645913e-05,,0,,,0,
2026-10-05,いわき平,9,091320261005,1791195720,1791195420,3,3,014748,山口智弘,追,90.0,,,,,0.14599999171777345,0.17691785939918792,0.21869100874249994,position_specialists,0.14599999171777345,False,,,S,0.564,0.652,0.18,0.14,0.12622302496310164,0.16677088088104278,0.1561828089594637,0.14079314778548588,0.0005416551689850571,,0,,,0,
2026-10-05,いわき平,9,091320261005,1791195720,1791195420,4,5,014454,上原龍,追,91.95,,,,,0.06101130608087673,0.20656106354806633,0.169388343265096,position_specialists,0.06101130608087673,False,,,S,0.3,0.6,0.14,0.14,-0.15038884347450038,0.0203150127207285,-0.02599261188276834,0.0020858244116368323,0.0020268386968473107,,0,,,0,
2026-10-05,いわき平,9,091320261005,1791195720,1791195420,5,2,014933,奥原亨,追,88.08,,,,,0.005395777085602603,0.07202379694845129,0.10760280039445586,position_specialists,0.005395777085602603,False,,,S,0.29,0.5,0.0,0.08,-0.057309265504842485,-0.07370665803998691,3.244823755052528e-05,0.016686595293094617,0.0007862736323976634,,0,,,0,
2026-10-05,いわき平,9,091320261005,1791195720,1791195420,6,1,014102,篠塚光一,追,83.26,,,,,0.0027738847965600977,0.06525141469021303,0.17150006277184748,position_specialists,0.0027738847965600977,False,,,S,0.13,0.434,0.15,0.25,0.03209824256521439,-0.1103206250800655,-0.10406779224372495,-0.10011957175856773,0.0010483648431968847,,0,,,0,
2026-10-05,いわき平,9,091320261005,1791195720,1791195420,7,6,014703,一ノ瀬貴将,両,78.58,,,,,0.00048633759888324024,0.027139814553704265,0.04064591226334574,position_specialists,0.00048633759888324024,False,,,S,0.083,0.125,0.0,0.33,-0.3047237157019598,-0.1103206250800655,-0.1300928523640438,-0.10011957175856773,0.0022714571602599166,,0,,,0,
2026-10-05,松山,10,107520261005,1791196500,1791196200,1,2,015473,青柳靖起,逃,104.92,,,,,0.46589464369282096,0.19931432367985427,0.14460026357102526,position_specialists,0.46589464369282096,False,,0.2512862261160167,A,0.392,0.5,0.14,0.11,0.010677071323148865,0.09750183277880994,0.07838590949121364,0.14256163571608632,0.00018177124282635362,,0,,,0,
2026-10-05,松山,10,107520261005,1791196500,1791196200,2,7,015038,山岸佳太,両,106.23,,,,,0.2146084175768043,0.1445630693882338,0.1812973486752147,position_specialists,0.2146084175768043,False,,,A,0.237,0.285,0.17,0.11,-0.14700129369481796,0.14534158587934068,-0.022408226746942095,-0.10537164379015077,0.00256751880492224,,0,,,0,
2026-10-05,松山,10,107520261005,1791196500,1791196200,3,4,013808,坂本健太郎,追,102.54,,,,,0.1416129238398343,0.2515178141023813,0.21025694455278923,position_specialists,0.1416129238398343,False,,,A,0.289,0.354,0.17,0.11,0.08585383011909478,0.03128177540920996,0.11210021698695534,-0.10537164379015077,0.0017722696175569443,,0,,,0,
2026-10-05,松山,10,107520261005,1791196500,1791196200,4,1,015793,川上隆義,逃,100.55,,,,,0.12532716221876905,0.12615171935168035,0.12024521473680773,position_specialists,0.12532716221876905,False,,,A,0.35,0.45,0.08,0.08,0.09163059873918623,0.2622548923467765,-0.04801844492407589,-0.006198331987655932,0.0018858766443234144,,0,,,0,
2026-10-05,松山,10,107520261005,1791196500,1791196200,5,5,015703,牧田悠生,両,99.86,,,,,0.024629488372769077,0.15268123176501394,0.14510477686741696,position_specialists,0.024629488372769077,False,,,A,0.217,0.347,0.0,0.19,-0.17993458020980918,0.014747504509255173,-0.022408226746942095,-0.10537164379015077,0.0017722696175569443,,0,,,0,
2026-10-05,松山,10,107520261005,1791196500,1791196200,6,3,014109,吉松直人,追,96.75,,,,,0.013972586054772139,0.0543720727218769,0.10994564693034348,position_specialists,0.013972586054772139,False,,,A,0.178,0.357,0.06,0.27,0.27594945538339144,-0.1021658019581807,-0.029214365844239816,0.08057831583952704,0.0031582753441078875,,0,,,0,
2026-10-05,松山,10,107520261005,1791196500,1791196200,7,6,015782,佐々木亮太,逃,96.2,,,,,0.013954778244230075,0.07139976899095954,0.08854980466640268,position_specialists,0.013954778244230075,False,,,A,0.125,0.208,0.0,0.25,-0.137175081660193,-0.27673867780330114,-0.06843686221596906,0.09917331180249483,0.0012496772944311785,,0,,,0,
2026-10-05,いわき平,10,101320261005,1791197280,1791196980,1,1,014716,猪狩祐樹,両,93.0,,,,,0.4877670908078959,0.19102862775689505,0.09594027509452119,position_specialists,0.4877670908078959,False,,0.13158215476543772,B,0.5,0.611,0.15,0.05,0.016066177645822757,0.18475688219377034,0.09687729394113223,-0.18314941148641484,0.0005226191360369395,,0,,,0,
2026-10-05,いわき平,10,101320261005,1791197280,1791196980,2,5,015042,高橋泰裕,追,93.0,,,,,0.35618493604245816,0.16279316546644837,0.13669247375115673,position_specialists,0.35618493604245816,False,,,B,0.562,0.562,0.29,0.1,0.3069510711484784,0.17053008913895085,0.11662298963981191,0.1279352506706574,0.004363869785908446,,0,,,0,
2026-10-05,いわき平,10,101320261005,1791197280,1791196980,3,2,015344,荒木貴大,両,91.25,,,,,0.0733827716924641,0.1673980440133902,0.16299385036109998,position_specialists,0.0733827716924641,False,,,B,0.235,0.352,0.1,0.14,-0.03367669211979061,-0.03868268396549035,-0.033574119010580064,-0.03232048437995557,0.00039196435202770464,,0,,,0,
2026-10-05,いわき平,10,101320261005,1791197280,1791196980,4,3,014473,重倉高史,両,88.29,,,,,0.03251855879129865,0.13838349452071924,0.10415052197744272,position_specialists,0.03251855879129865,False,,,B,0.3329999999999999,0.583,0.16,0.26,0.01727549764328437,-0.06350930242763042,0.007763801095850897,-0.03232048437995557,0.0014894645377052783,,0,,,0,
2026-10-05,いわき平,10,101320261005,1791197280,1791196980,5,4,014281,寺林正秋,追,86.54,,,,,0.027891793798013896,0.1846489895387782,0.2937800778578202,position_specialists,0.027891793798013896,False,,,B,0.125,0.4579999999999999,0.18,0.14,-0.09766925932299982,-0.040496167789239784,-0.09946522763974924,0.024240363284966645,0.0022211313281569937,,0,,,0,
2026-10-05,いわき平,10,101320261005,1791197280,1791196980,6,6,015265,井田晶之,両,81.34,,,,,0.017484395497189203,0.11010868512815217,0.10275334530809699,position_specialists,0.017484395497189203,False,,,B,0.23,0.384,0.33,0.33,-0.19438902649105927,0.2946631814496512,0.011240489613283399,0.1279352506706574,0.0011236311424794203,,0,,,0,
2026-10-05,いわき平,10,101320261005,1791197280,1791196980,7,7,013902,岩崎将士,追,85.04,,,,,0.0047704533706801455,0.045638993575616765,0.10368945564986218,position_specialists,0.0047704533706801455,False,,,B,0.125,0.4579999999999999,0.13,0.4,-0.014557768503735672,-0.17238372689629688,-0.09946522763974924,-0.03232048437995557,0.00033970243842401107,,0,,,0,
2026-10-05,松山,11,117520261005,1791198120,1791197820,1,4,015086,酒井雄多,逃,108.33,,,,,0.5731295222880946,0.16811289722911335,0.17555741399140648,position_specialists,0.5731295222880946,False,,0.36914271401076026,A,0.368,0.578,0.31,0.08,0.21551880200055773,-0.02350894802887634,0.07342608415373028,-0.0632455532033676,0.004273295820988589,,0,,,0,
2026-10-05,松山,11,117520261005,1791198120,1791197820,2,3,015274,福永大智,逃,105.94,,,,,0.20398680827733426,0.1578335309906818,0.0892938722678521,position_specialists,0.20398680827733426,False,,,A,0.529,0.647,0.28,0.13,0.07451600745221096,-0.04381392576356318,0.21161531148852214,-0.0632455532033676,0.0009289773523888237,,0,,,0,
2026-10-05,松山,11,117520261005,1791198120,1791197820,3,7,014786,本郷雄三,両,99.96,,,,,0.08644254231714495,0.11457868861720302,0.10013174154531308,position_specialists,0.08644254231714495,False,,,A,0.321,0.428,0.03,0.11,0.20256269760296466,0.061218192393294825,0.12429241221007056,-0.0632455532033676,0.0009289773523888237,,0,,,0,
2026-10-05,松山,11,117520261005,1791198120,1791197820,4,5,015106,大石崇晴,両,101.9,,,,,0.06916420870360859,0.16711648326605177,0.2294218938362339,position_specialists,0.06916420870360859,False,,,A,0.2269999999999999,0.318,0.09,0.15,-0.3391926109265616,0.22738058241852296,-0.08490069318053062,0.158113883008419,0.002229545645733176,,0,,,0,
2026-10-05,松山,11,117520261005,1791198120,1791197820,5,6,014888,佐藤健太,追,99.26,,,,,0.0276208445884848,0.1071145148972513,0.10177425110893462,position_specialists,0.0276208445884848,False,,,A,0.217,0.434,0.0,0.11,0.05437275108816142,0.1424381033320423,-0.11944800001422858,-0.0632455532033676,0.0009289773523888237,,0,,,0,
2026-10-05,松山,11,117520261005,1791198120,1791197820,6,2,013252,中村浩士,追,99.55,,,,,0.021603628446843208,0.14052154670024608,0.13489651522847443,position_specialists,0.021603628446843208,False,,,A,0.185,0.407,0.13,0.12,0.021273390326518937,0.06494076054102811,-0.10249255732878182,0.158113883008419,0.0006038352790527353,,0,,,0,
2026-10-05,松山,11,117520261005,1791198120,1791197820,7,1,013815,井上昌己,追,104.69,,,,,0.018052445378489587,0.1447223382994527,0.1689243120217854,position_specialists,0.018052445378489587,False,,,A,0.192,0.2689999999999999,0.0,0.0,-0.22905103754385203,-0.3042714068310687,-0.10249255732878182,-0.0632455532033676,0.0013470171609637938,,0,,,0,
2026-10-05,いわき平,11,111320261005,1791198960,1791198660,1,5,015911,松田安綱,逃,92.87,,,,,0.543031697180178,0.27041374371247917,0.20478892710950922,position_specialists,0.543031697180178,False,,0.1954214114440589,B,0.708,0.833,0.07,0.14,0.1408401311204029,0.34104876066128903,0.21657833892467143,0.158113883008419,0.004441335952356385,,0,,,0,
2026-10-05,いわき平,11,111320261005,1791198960,1791198660,2,2,015415,坂本紘規,逃,95.61,,,,,0.3476102857361191,0.1181517657893939,0.13870093218004162,position_specialists,0.3476102857361191,False,,,B,0.619,0.809,0.14,0.09,0.03510054122731672,-0.052322860883029614,0.1447919456702349,-0.0632455532033676,0.0004298067050667468,,0,,,0,
2026-10-05,いわき平,11,111320261005,1791198960,1791198660,3,4,014466,二藤元太,追,92.66,,,,,0.045333871274467155,0.2424383285247164,0.23215674741956105,position_specialists,0.045333871274467155,False,,,B,0.2,0.466,0.31,0.17,-0.14420651151953406,0.022961423953151247,-0.1701789803883786,-0.0632455532033676,0.0022027593634670775,,0,,,0,
2026-10-05,いわき平,11,111320261005,1791198960,1791198660,4,7,014206,金野俊秋,両,87.87,,,,,0.03944558758586263,0.06409286498414336,0.09156544670627863,position_specialists,0.03944558758586263,False,,,B,0.5,0.583,0.19,0.22,0.09186357194341727,0.05745526605957094,0.1201221443680001,0.158113883008419,0.0001790861271111446,,0,,,0,
2026-10-05,いわき平,11,111320261005,1791198960,1791198660,5,3,013582,肥後尚己,追,88.95,,,,,0.013434111957516925,0.14999124353409832,0.1401914131767584,position_specialists,0.013434111957516925,False,,,B,0.19,0.38,0.15,0.22,-0.3072222525701516,0.11444319640531837,-0.1369750649566106,-0.0632455532033676,0.00044771531777786105,,0,,,0,
2026-10-05,いわき平,11,111320261005,1791198960,1791198660,6,6,013915,坂口卓士,追,87.16,,,,,0.006377255488533217,0.09952987912508095,0.09708957442870837,position_specialists,0.006377255488533217,False,,,B,0.2769999999999999,0.5,0.26,0.15,0.06737529235492448,0.004665069462717811,-0.10377114952484262,-0.0632455532033676,0.0009491564736890658,,0,,,0,
2026-10-05,いわき平,11,111320261005,1791198960,1791198660,7,1,013471,松坂英司,追,87.75,,,,,0.004767190777322934,0.05538217433008791,0.09550695897914273,position_specialists,0.004767190777322934,False,,,B,0.25,0.4579999999999999,0.08,0.13,0.11624922744362388,-0.15337258395530287,-0.07056723409307464,-0.0632455532033676,0.0014505976296002704,,0,,,0,
2026-10-05,松山,12,127520261005,1791199800,1791199500,1,4,013656,渡部哲男,追,104.34,,,,,0.5064499229137904,0.2323788119542368,0.11980711618265721,position_specialists,0.5064499229137904,False,,0.22661267493564208,A,0.434,0.478,0.17,0.13,0.11391974956101229,0.19252591247029255,0.0785973810048625,0.1330066896016486,0.0013881668845171582,,0,,,0,
2026-10-05,松山,12,127520261005,1791199800,1791199500,2,1,015466,久田裕也,逃,104.84,,,,,0.27983724797814835,0.2154102694439846,0.08896878491519339,position_specialists,0.27983724797814835,False,,,A,0.5379999999999999,0.653,0.23,0.05,0.19314302676533687,-0.05173549044461816,0.1618350847102514,0.04204234441431421,0.0014091997161007508,,0,,,0,
2026-10-05,松山,12,127520261005,1791199800,1791199500,3,5,015891,野中龍之介,逃,103.75,,,,,0.10563978642644078,0.16279688718165558,0.2158661133423088,position_specialists,0.10563978642644078,False,,,A,0.36,0.4,0.22,0.06,-0.29544480640361,0.23634959594980584,0.0559249589053583,-0.13453550212580548,0.0033021545586241485,,0,,,0,
2026-10-05,松山,12,127520261005,1791199800,1791199500,4,2,013850,山賀雅仁,両,103.0,,,,,0.06003375020449707,0.14399325032848342,0.129048698793118,position_specialists,0.06003375020449707,False,,,A,0.272,0.409,0.07,0.12,-0.0734930109487196,0.11395725254454055,-0.0159765337502785,0.04204234441431421,0.001556429537185904,,0,,,0,
2026-10-05,松山,12,127520261005,1791199800,1791199500,5,3,015745,小柳智徳,逃,96.44,,,,,0.026219267758559782,0.0874955377480085,0.11962892585551606,position_specialists,0.026219267758559782,False,,,A,0.222,0.407,0.04,0.13,-0.06755282814440895,0.11849660606117787,0.01165044220700101,0.10090162659435409,0.0016826265266874638,,0,,,0,
2026-10-05,松山,12,127520261005,1791199800,1791199500,6,7,015128,嶋田誠也,追,99.73,,,,,0.020311422426912543,0.11100040201334879,0.14822026915390804,position_specialists,0.020311422426912543,False,,,A,0.05,0.35,0.05,0.16,0.13521061456317118,-0.0693696206155474,-0.13419392719420473,-0.13453550212580548,0.0006730506106749855,,0,,,0,
2026-10-05,松山,12,127520261005,1791199800,1791199500,7,6,015127,野村典嗣,追,93.96,,,,,0.0015086022916510624,0.04692484133028232,0.1784600917572985,position_specialists,0.0015086022916510624,False,,,A,0.0,0.071,0.04,0.04,-0.0057827453927812265,-0.2053459842619363,-0.15783740588298997,-0.04892200077302018,0.002734268105867129,,0,,,0,
2026-10-05,武雄,1,018420261005,1791200460,1791200160,1,1,015237,太田将成,逃,84.69,,,,,0.6303213922469983,0.29952724779563916,0.21889373823093974,position_specialists,0.6303213922469983,False,,0.5103782920264428,S,0.26,0.347,,,-0.010342105217020909,0.0,0.290133265602842,-0.040824829046386304,0.001971485794522456,,0,,,0,
2026-10-05,武雄,1,018420261005,1791200460,1791200160,2,2,012937,十文字菊雄,追,82.72,,,,,0.11994310022055553,0.19123982597279254,0.14689524623607844,position_specialists,0.11994310022055553,False,,,S,0.166,0.444,,,0.30235882292962285,0.0,-0.01635497866369382,-0.040824829046386304,0.0010952698858458093,,0,,,0,
2026-10-05,武雄,1,018420261005,1791200460,1791200160,3,4,015287,山中崇弘,追,81.42,,,,,0.0750040869657497,0.09722702992848335,0.11748696547136189,position_specialists,0.0750040869657497,False,,,S,0.18,0.272,,,0.1742598142859037,0.0,0.025185991160240756,-0.040824829046386304,0.0010952698858458093,,0,,,0,
2026-10-05,武雄,1,018420261005,1791200460,1791200160,4,3,015379,下野義城,逃,81.5,,,,,0.06151670944856777,0.14395294228032526,0.1818797590449839,position_specialists,0.06151670944856777,False,,,S,0.0,0.111,,,-0.024101441977569152,0.0,-0.08035610987058685,-0.040824829046386304,0.0007885943178089825,,0,,,0,
2026-10-05,武雄,1,018420261005,1791200460,1791200160,5,6,013594,高田真幸,両,79.69,,,,,0.059359351733357435,0.12241997682987125,0.1420058331281091,position_specialists,0.059359351733357435,False,,,S,0.076,0.153,,,-0.13023819726531222,0.0,0.0027258297772823096,-0.040824829046386304,0.0004381079543383233,,0,,,0,
2026-10-05,武雄,1,018420261005,1791200460,1791200160,6,5,012779,田川辰二,追,80.61,,,,,0.04331830718901921,0.09104677777404857,0.11217615693970823,position_specialists,0.04331830718901921,False,,,S,0.0,0.2,,,0.028234153757796056,0.0,-0.14097788813549755,0.2449489742783178,0.0029353232940667684,,0,,,0,
2026-10-05,武雄,1,018420261005,1791200460,1791200160,7,7,015284,田村裕也,逃,75.42,,,,,0.01053705219575204,0.05458619941883994,0.08066230094881874,position_specialists,0.01053705219575204,False,,,S,0.0,0.0,,,-0.34017104651342067,0.0,-0.08035610987058685,-0.040824829046386304,0.003504863634706588,,0,,,0,
2026-10-05,平塚,1,013520261005,1791200940,1791200640,1,5,015777,谷元音羽,両,48.79,,,,,0.39266003795544635,0.1236647438961379,0.13197652594554724,position_specialists,0.39266003795544635,False,,0.17569704530549607,B,0.12,0.24,0.0,0.0,0.20351211559058716,-0.028703851860318427,0.14517985929879665,0.24494897427831785,0.00474453773279045,,0,,,0,
2026-10-05,平塚,1,013520261005,1791200940,1791200640,2,4,015071,佐藤亜貴子,両,48.88,,,,,0.21696299264995028,0.16400337100817472,0.12187772009204281,position_specialists,0.21696299264995028,False,,,B,0.235,0.235,0.0,0.0,0.11421091190070926,-0.028703851860318427,0.21561600059004002,-0.04082482904638631,0.00041256849850351737,,0,,,0,
2026-10-05,平塚,1,013520261005,1791200940,1791200640,3,3,015851,片岡美奈,両,49.14,,,,,0.1284635462390143,0.1785997255537739,0.1585035687416802,position_specialists,0.1284635462390143,False,,,B,0.111,0.259,0.0,0.0,0.18475294572173573,-0.028703851860318427,0.012364197571724724,-0.04082482904638631,0.0010314212462587936,,0,,,0,
2026-10-05,平塚,1,013520261005,1791200940,1791200640,4,1,015134,藤巻絵里佳,追,50.07,,,,,0.1199014398759007,0.2031795054564579,0.17088541945191596,position_specialists,0.1199014398759007,False,,,B,0.111,0.3329999999999999,0.0,0.0,0.02015486680600765,-0.028703851860318427,0.012364197571724724,-0.04082482904638631,0.0010314212462587936,,0,,,0,
2026-10-05,平塚,1,013520261005,1791200940,1791200640,5,2,015852,普久原美海,追,49.33,,,,,0.06935769306595016,0.15791368714488746,0.18713347504969627,position_specialists,0.06935769306595016,False,,,B,0.047,0.238,0.0,0.0,-0.08328076322311988,-0.028703851860318427,-0.12850808501076202,-0.04082482904638631,0.0010314212462587936,,0,,,0,
2026-10-05,平塚,1,013520261005,1791200940,1791200640,6,6,015766,宮西令奈,両,47.76,,,,,0.06342689070680829,0.10422922762030153,0.13706998559494388,position_specialists,0.06342689070680829,False,,,B,0.08,0.16,0.0,0.0,-0.10210498202958247,-0.028703851860318427,-0.05807194371951864,-0.04082482904638631,0.0010314212462587936,,0,,,0,
2026-10-05,平塚,1,013520261005,1791200940,1791200640,7,7,015945,橋本のこ,両,45.3,,,,,0.009227399506929919,0.06840973932026655,0.09255330512417363,position_specialists,0.009227399506929919,False,,,B,0.0,0.0,0.0,0.0,-0.3372450947663368,-0.028703851860318427,-0.19894422630200537,-0.04082482904638631,0.0010314212462587936,,0,,,0,
2026-10-05,小松島,1,017320261005,1791201420,1791201120,1,1,015792,貝原涼太,逃,86.75,,,,,0.8580130952150707,0.2754910140726015,0.13779913919293005,position_specialists,0.8580130952150707,False,,0.8051856549853582,S,0.416,0.4579999999999999,0.16,0.12,0.322988929397025,0.3370477945391475,0.03420432858369016,0.22786635759382495,0.004652170219052134,,0,,,0,
2026-10-05,小松島,1,017320261005,1791201420,1791201120,2,5,014887,板崎佑矢,両,81.75,,,,,0.052827440229712565,0.15856321363038947,0.15613406236301308,position_specialists,0.052827440229712565,False,,,S,0.0409999999999999,0.208,0.13,0.06,-0.021065389158164118,0.1711838249909848,-0.13961012699510472,0.050636968354183326,0.0009145291883606759,,0,,,0,
2026-10-05,小松島,1,017320261005,1791201420,1791201120,3,2,013075,平総一,追,84.18,,,,,0.021488640513687308,0.07992064356171909,0.11811737142696585,position_specialists,0.021488640513687308,False,,,S,0.111,0.444,0.02,0.32,0.12365554552707836,-0.05718685684860679,-0.009651049966496746,-0.055700665189601664,0.0014711991291019566,,0,,,0,
2026-10-05,小松島,1,017320261005,1791201420,1791201120,4,6,015011,吉岡伸太郎,逃,81.33,,,,,0.02123227102240466,0.12019107302416293,0.1230984001704157,position_specialists,0.02123227102240466,False,,,S,0.133,0.266,0.07,0.15,-0.05000957609521251,0.016492210566107373,-0.05092861726551052,-0.055700665189601664,0.0004771456634925266,,0,,,0,
2026-10-05,小松島,1,017320261005,1791201420,1791201120,5,3,014784,萱島大介,追,83.95,,,,,0.01845972430823294,0.09556735872250033,0.11913736929776365,position_specialists,0.01845972430823294,False,,,S,0.237,0.38,0.15,0.0,0.03682298471593292,-0.14776735447887618,0.12030802706211123,-0.055700665189601664,0.0009145291883606759,,0,,,0,
2026-10-05,小松島,1,017320261005,1791201420,1791201120,6,7,013179,飯島淳,追,80.04,,,,,0.017388660027216146,0.17963538641539784,0.2197630454443517,position_specialists,0.017388660027216146,False,,,S,0.19,0.238,0.17,0.11,-0.1788900226009778,0.0002208468720300631,0.05532848854780725,-0.055700665189601664,0.0003578592476193949,,0,,,0,
2026-10-05,小松島,1,017320261005,1791201420,1791201120,7,4,013434,石黒健,両,82.9,,,,,0.010590168683675703,0.09063131057322876,0.12595061210455996,position_specialists,0.010590168683675703,False,,,S,0.142,0.285,0.0,0.18,-0.2335024717856819,-0.09992760137834548,-0.009651049966496746,-0.055700665189601664,0.0014711991291019566,,0,,,0,
2026-10-05,武雄,2,028420261005,1791201900,1791201600,1,1,013259,望月紀男,追,87.42,,,,,0.3971729516084932,0.155279486893088,0.15254651990903376,position_specialists,0.3971729516084932,False,,0.17230868208463979,B,0.284,0.5710000000000001,,,0.3519243703841529,0.0,0.09247804922051744,-0.11290146657401041,0.00012414088329035507,,0,,,0,
2026-10-05,武雄,2,028420261005,1791201900,1791201600,2,3,014985,竹山慶太,逃,82.75,,,,,0.2248642695238534,0.2120625127471285,0.17817041755954902,position_specialists,0.2248642695238534,False,,,B,0.307,0.461,,,-0.004316468648239952,0.0,0.019707031540113138,0.05797642878124858,0.0027724797268179327,,0,,,0,
2026-10-05,武雄,2,028420261005,1791201900,1791201600,3,2,013423,増田利明,両,84.2,,,,,0.17153023478962745,0.1496609065944531,0.12436430689989059,position_specialists,0.17153023478962745,False,,,B,0.25,0.375,,,0.1414680533863818,0.0,0.09247804922051744,0.05797642878124858,0.0009931270663228414,,0,,,0,
2026-10-05,武雄,2,028420261005,1791201900,1791201600,4,7,015915,柏野健吾,逃,80.5,,,,,0.11512002563339381,0.16357528396901755,0.16837515411037435,position_specialists,0.11512002563339381,False,,,B,0.363,0.409,,,-0.21970712961371497,0.0,0.1504381012817886,0.1220556395394707,0.0027724797268179327,,0,,,0,
2026-10-05,武雄,2,028420261005,1791201900,1791201600,5,4,013652,隅直幸,追,82.5,,,,,0.04892625172270611,0.11457688032806174,0.12055399873782385,position_specialists,0.04892625172270611,False,,,B,0.1169999999999999,0.294,,,0.003746532385038845,0.0,-0.12203859653068719,0.10069590262006334,0.00016552117772047355,,0,,,0,
2026-10-05,武雄,2,028420261005,1791201900,1791201600,6,5,014236,本田拓也,追,81.61,,,,,0.024098942525074413,0.1057016455125269,0.1378122118690001,position_specialists,0.024098942525074413,False,,,B,0.076,0.23,,,-0.13655767894680865,0.0,-0.12203859653068719,-0.11290146657401041,0.0030207614933986425,,0,,,0,
2026-10-05,武雄,2,028420261005,1791201900,1791201600,7,6,014075,松根真,追,80.82,,,,,0.018287324196851643,0.09914328395572419,0.11817739091432834,position_specialists,0.018287324196851643,False,,,B,0.086,0.173,,,-0.13655767894680865,0.0,-0.1110240382015623,-0.11290146657401041,0.001572451188344499,,0,,,0,
2026-10-05,平塚,2,023520261005,1791202380,1791202080,1,1,013743,藤田剣次,追,74.08,,,,,0.5748327722321307,0.2501914391654824,0.26813313257045557,position_specialists,0.5748327722321307,False,,0.26261220343319,A,0.5,0.625,0.0,0.08,0.2564836031328265,0.1425411611628472,0.2017810593719832,-0.04082482904638631,0.0037103839629534802,,0,,,0,
2026-10-05,平塚,2,023520261005,1791202380,1791202080,2,2,014218,邊見斎,追,71.84,,,,,0.3122205687989407,0.3370224976865461,0.12682618077314226,position_specialists,0.3122205687989407,False,,,A,0.384,0.461,0.17,0.2,0.1419940066657748,0.2957372216305011,0.07609259027107657,-0.04082482904638631,0.0018877392092219462,,0,,,0,
2026-10-05,平塚,2,023520261005,1791202380,1791202080,3,4,014357,佐藤康恭,両,69.22,,,,,0.0847994013316735,0.1423011053141366,0.21127554409907132,position_specialists,0.0847994013316735,False,,,A,0.111,0.37,0.06,0.22,-0.05071514112566468,0.1040516575905113,0.06755137441567385,0.24494897427831785,0.00039056673294247127,,0,,,0,
2026-10-05,平塚,2,023520261005,1791202380,1791202080,4,3,012432,石井孝,追,71.16,,,,,0.012402900880784393,0.08491299839435186,0.14637670047463935,position_specialists,0.012402900880784393,False,,,A,0.208,0.4579999999999999,0.06,0.26,0.010466027081542865,-0.12128500943878351,-0.03220664058609674,-0.04082482904638631,0.0008462279213753549,,0,,,0,
2026-10-05,平塚,2,023520261005,1791202380,1791202080,5,5,012626,原司,追,68.03,,,,,0.010725896449041093,0.09202829959739217,0.11324534192410599,position_specialists,0.010725896449041093,False,,,A,0.111,0.296,0.0,0.15,0.17258459076937854,-0.16912476253931422,-0.07552633292896607,-0.04082482904638631,6.509445549041241e-05,,0,,,0,
2026-10-05,平塚,2,023520261005,1791202380,1791202080,6,6,011994,藤光健一,追,66.0,,,,,0.002807347853315746,0.03975422721990624,0.06453878003993775,position_specialists,0.002807347853315746,False,,,A,0.18,0.181,0.0,0.0,-0.3055238201780858,-0.16912476253931422,-0.09718617910040073,-0.04082482904638631,0.0022132114866740054,,0,,,0,
2026-10-05,平塚,2,023520261005,1791202380,1791202080,7,7,013847,小林大能,追,64.81,,,,,0.0022111124541137894,0.053789432622184656,0.06960432011864776,position_specialists,0.0022111124541137894,False,,,A,0.0,0.0,0.12,0.0,-0.22528926634577226,-0.07322755524634146,-0.14050587144327006,-0.04082482904638631,0.0022132114866740054,,0,,,0,
2026-10-05,小松島,2,027320261005,1791202860,1791202560,1,2,014320,在本直樹,両,84.05,,,,,0.5207613401394133,0.18244791268642652,0.14569473754667706,position_specialists,0.5207613401394133,False,,0.2817962625337934,A,0.21,0.421,0.0,0.13,0.15551782632377623,0.3029786533150799,0.07753948113071571,-0.047671628868015486,0.0025234746934141993,,0,,,0,
2026-10-05,小松島,2,027320261005,1791202860,1791202560,2,1,013971,内山拓,追,86.33,,,,,0.23896507760561994,0.17103564095173582,0.2452030237883298,position_specialists,0.23896507760561994,False,,,A,0.237,0.38,0.16,0.16,0.0017762463348218321,-0.14298501913313566,0.08428786362099863,-0.047671628868015486,0.0005607721540920435,,0,,,0,
2026-10-05,小松島,2,027320261005,1791202860,1791202560,3,3,013654,滝山実,追,81.27,,,,,0.07290760947804172,0.15274048322006192,0.14337782439831132,position_specialists,0.07290760947804172,False,,,A,0.205,0.379,0.18,0.02,0.09580330422490216,-0.037737562311968086,0.10273917619711255,-0.047671628868015486,0.004149713940281129,,0,,,0,
2026-10-05,小松島,2,027320261005,1791202860,1791202560,4,6,015699,助川翔太郎,逃,80.61,,,,,0.0717501170731239,0.15134564510645515,0.12888852566029252,position_specialists,0.0717501170731239,False,,,A,0.157,0.263,0.11,0.15,-0.14483689406730088,0.12012878567857221,0.05908816855460175,-0.047671628868015486,0.0001682316462276126,,0,,,0,
2026-10-05,小松島,2,027320261005,1791202860,1791202560,5,5,013925,黒田篤,追,80.7,,,,,0.03705513958365497,0.15877663947239334,0.13085008206692708,position_specialists,0.03705513958365497,False,,,A,0.083,0.25,0.12,0.19,-0.20276930626946663,0.16796853877910295,-0.09168304475512325,-0.0037635496474749033,0.0010093898773656804,,0,,,0,
2026-10-05,小松島,2,027320261005,1791202860,1791202560,6,7,015100,渡邊颯太,逃,0.0,,,,,0.03270822665690814,0.08906573073384542,0.08678217962209006,position_specialists,0.03270822665690814,False,,,A,0.0,0.0,0.0,0.0,0.14888287942390138,-0.14298501913313566,-0.18889415523124115,0.2421216939875524,0.0017383936776853364,,0,,,0,
2026-10-05,小松島,2,027320261005,1791202860,1791202560,7,4,015481,山川奨太,逃,80.95,,,,,0.025852489463238003,0.09458794782908174,0.1192036269173721,position_specialists,0.025852489463238003,False,,,A,0.142,0.38,0.0,0.11,-0.054374055970636125,-0.14298501913313566,-0.04307748951706429,-0.047671628868015486,0.0001682316462276126,,0,,,0,
2026-10-05,武雄,3,038420261005,1791203340,1791203040,1,2,015737,火島裕輝,逃,85.75,,,,,0.4979765860452071,0.2351197902151692,0.16913927394255543,position_specialists,0.4979765860452071,False,,0.2416137261354157,A,0.208,0.375,,,0.1797640511016529,0.0,0.14286477832383598,-0.05850772335867095,0.00458814149907437,,0,,,0,
2026-10-05,武雄,3,038420261005,1791203340,1791203040,2,1,012763,内村泰三,追,86.23,,,,,0.2563628599097914,0.17735059414493332,0.15966503622258646,position_specialists,0.2563628599097914,False,,,A,0.19,0.428,,,0.12027290048757486,0.0,0.0363598155915099,-0.05850772335867095,0.000189592623928693,,0,,,0,
2026-10-05,武雄,3,038420261005,1791203340,1791203040,3,5,015181,栗田万生,逃,81.22,,,,,0.11463051517303309,0.17930428699146259,0.15731032596788602,position_specialists,0.11463051517303309,False,,,A,0.222,0.3329999999999999,,,0.049649880652271786,0.0,0.03760067569717668,0.07522421574686267,7.583704957147698e-05,,0,,,0,
2026-10-05,武雄,3,038420261005,1791203340,1791203040,4,3,014891,小岩哲也,両,82.37,,,,,0.07909460964096439,0.1576939508818921,0.1615679536336241,position_specialists,0.07909460964096439,False,,,A,0.25,0.375,,,0.06948026419029786,0.0,0.11160754890129831,-0.05850772335867095,0.0015167409914295436,,0,,,0,
2026-10-05,武雄,3,038420261005,1791203340,1791203040,5,4,013192,平田徹,追,81.38,,,,,0.027235358459273225,0.11866873905842429,0.14235400611206345,position_specialists,0.027235358459273225,False,,,A,0.047,0.38,,,0.11192399857165614,0.0,-0.11454927106328919,-0.05850772335867095,0.0015167409914295436,,0,,,0,
2026-10-05,武雄,3,038420261005,1791203340,1791203040,6,6,012850,渡邉満,追,78.23,,,,,0.01540566209111292,0.06768747559391891,0.1134044060773775,position_specialists,0.01540566209111292,False,,,A,0.095,0.095,,,-0.26415406384907375,0.0,-0.06931790707037168,0.21731440104649213,7.583704957147698e-05,,0,,,0,
2026-10-05,武雄,3,038420261005,1791203340,1791203040,7,7,014584,井上嵩,両,77.11,,,,,0.009294408680617813,0.06417516311419966,0.09655899804390705,position_specialists,0.009294408680617813,False,,,A,0.0,0.111,,,-0.26693703115438006,0.0,-0.14456564038016012,-0.05850772335867095,0.0015167409914295436,,0,,,0,
2026-10-05,平塚,3,033520261005,1791203820,1791203520,1,3,014015,米倉剛志,逃,69.04,,,,,0.3857069938161979,0.2538378150742272,0.4331878666142122,position_specialists,0.3857069938161979,False,,0.06317910396244591,C,0.304,0.391,0.15,0.13,0.013973141283634666,0.21619662708756596,0.18210848099192703,-0.06280742930213278,0.004594932215153524,,0,,,0,
2026-10-05,平塚,3,033520261005,1791203820,1791203520,2,1,012656,柴田健,追,70.96,,,,,0.32252788985375197,0.38330411445258866,0.18580270616151423,position_specialists,0.32252788985375197,False,,,C,0.115,0.346,0.21,0.13,0.025153481171133637,0.09998020186425506,0.010644198997104597,-0.06280742930213278,0.0005743665268941904,,0,,,0,
2026-10-05,平塚,3,033520261005,1791203820,1791203520,3,2,014516,村松俊弥,追,70.79,,,,,0.13809279393621138,0.10103498311973866,0.07286347673043728,position_specialists,0.13809279393621138,False,,,C,0.208,0.375,0.0,0.14,0.2048574707478011,0.21619662708756596,0.10903366898692642,-0.06280742930213278,0.0004307748951706431,,0,,,0,
2026-10-05,平塚,3,033520261005,1791203820,1791203520,4,5,013927,高橋由記,追,68.82,,,,,0.09083390825985396,0.09809582448113363,0.07393050126349764,position_specialists,0.09083390825985396,False,,,C,0.0579999999999999,0.235,0.09,0.12,0.17734585071687392,0.12732289825156198,-0.08774527099271721,0.17900117351107842,0.0009333456062030597,,0,,,0,
2026-10-05,平塚,3,033520261005,1791203820,1791203520,5,4,013684,吉橋秀城,追,68.94,,,,,0.05030198191073964,0.07866825633605791,0.10834317871094233,position_specialists,0.05030198191073964,False,,,C,0.222,0.3329999999999999,0.05,0.14,0.1465559930574698,-0.12148368018022339,0.05983893399201551,-0.06280742930213278,0.0009333456062030597,,0,,,0,
2026-10-05,平塚,3,033520261005,1791203820,1791203520,6,6,012986,近藤直幹,追,65.29,,,,,0.0073370609948374,0.05380252337900048,0.06292595406327832,position_specialists,0.0073370609948374,False,,,C,0.0,0.12,0.07,0.3,-0.2511925622640354,-0.22400882605536795,-0.13694000598762812,-0.06280742930213278,0.0009333456062030597,,0,,,0,
2026-10-05,平塚,3,033520261005,1791203820,1791203520,7,7,013840,高瀬卓,追,64.6,,,,,0.005199371228407763,0.03125648315725345,0.06294631645611794,position_specialists,0.005199371228407763,False,,,C,0.0,0.05,0.03,0.09,-0.31669337471287684,-0.09414098379291645,-0.13694000598762812,0.13503597299958545,0.001938487028267893,,0,,,0,
2026-10-05,小松島,3,037320261005,1791204300,1791204000,1,1,015561,原井剣也,逃,89.73,,,,,0.5706127469831491,0.19146104117507515,0.15229811556072276,position_specialists,0.5706127469831491,False,,0.3316896765569748,A,0.15,0.4,0.13,0.18,0.2580433539404289,0.14619146922479656,0.00898061657956276,0.06691150496375291,0.0033100637062042234,,0,,,0,
2026-10-05,小松島,3,037320261005,1791204300,1791204000,2,2,014270,小原将通,追,87.63,,,,,0.23892307042617433,0.15448623026671685,0.21995093681530714,position_specialists,0.23892307042617433,False,,,A,0.368,0.473,0.25,0.14,-0.06444278229049716,0.1342193443943202,0.16867626835635452,0.1357909953676162,0.0008275159265510566,,0,,,0,
2026-10-05,小松島,3,037320261005,1791204300,1791204000,3,4,013984,栗林巧,追,81.0,,,,,0.09650426759977479,0.15759257055242176,0.1547914783270612,position_specialists,0.09650426759977479,False,,,A,0.0,0.3329999999999999,0.04,0.13,0.07148314382958879,0.2987020087045896,-0.11023662127049655,-0.08462337392474635,0.00027583864218368474,,0,,,0,
2026-10-05,小松島,3,037320261005,1791204300,1791204000,4,3,015831,三木健正,逃,81.88,,,,,0.056150177905900725,0.18486861024157797,0.15429463663138346,position_specialists,0.056150177905900725,False,,,A,0.055,0.3879999999999999,0.18,0.18,0.054733787567634126,0.0863795912937895,-0.006893891286824785,0.1357909953676162,0.0011033545687347407,,0,,,0,
2026-10-05,小松島,3,037320261005,1791204300,1791204000,5,5,013668,佐々木孝司,逃,80.33,,,,,0.023473385205090132,0.14691131375349734,0.1521897168757434,position_specialists,0.023473385205090132,False,,,A,0.083,0.291,0.08,0.18,-0.2598604395384264,-0.06315010353372813,0.10422766377788803,-0.08462337392474635,0.0005516772843673698,,0,,,0,
2026-10-05,小松島,3,037320261005,1791204300,1791204000,6,6,014695,山口茂,追,79.47,,,,,0.01086435596499,0.08863391438458634,0.08545138843161881,position_specialists,0.01086435596499,False,,,A,0.047,0.19,0.0,0.26,0.1336055113323872,-0.16243587105034485,-0.05451741488598742,-0.08462337392474635,0.001379193210918427,,0,,,0,
2026-10-05,小松島,3,037320261005,1791204300,1791204000,7,7,012844,米澤大輔,追,76.33,,,,,0.003471995914920781,0.07604631962612464,0.08102372735816332,position_specialists,0.003471995914920781,False,,,A,0.0,0.166,0.14,0.03,-0.19356257484111491,-0.10502816732970799,-0.11023662127049655,-0.08462337392474635,0.0035859023483879077,,0,,,0,
2026-10-05,武雄,4,048420261005,1791204780,1791204480,1,1,015602,比佐宝太,逃,91.66,,,,,0.4489359344410429,0.23533559554214104,0.2539802834269345,position_specialists,0.4489359344410429,False,,0.043583561452287534,C,0.3329999999999999,0.5,,,-0.20618948647411528,0.0,0.17136669948633165,-0.05850772335867094,0.00014387000025312092,,0,,,0,
2026-10-05,武雄,4,048420261005,1791204780,1791204480,2,2,015750,徳永泰粋,逃,88.95,,,,,0.40535237298875537,0.31506314767014854,0.2074829089578635,position_specialists,0.40535237298875537,False,,,C,0.475,0.5710000000000001,,,-0.05031152949374527,0.0,0.2061261468076311,0.21731440104649213,0.004172230007340518,,0,,,0,
2026-10-05,武雄,4,048420261005,1791204780,1791204480,3,5,015175,桜井大地,逃,82.8,,,,,0.0555432874096314,0.13144889572639798,0.13085374285212445,position_specialists,0.0555432874096314,False,,,C,0.24,0.32,,,0.02795084971874738,0.0,0.018569255713441882,-0.05850772335867094,0.0008991875015820076,,0,,,0,
2026-10-05,武雄,4,048420261005,1791204780,1791204480,4,4,014843,峰重祐之介,追,83.64,,,,,0.03879301908645205,0.08704440074360852,0.1034222458709234,position_specialists,0.03879301908645205,False,,,C,0.16,0.28,,,0.3005755740732404,0.0,-0.020896846804444764,0.07522421574686267,0.0021220825037335392,,0,,,0,
2026-10-05,武雄,4,048420261005,1791204780,1791204480,5,3,014300,上野真吾,追,85.33,,,,,0.030076882261545215,0.10772369373891888,0.11129057159932874,position_specialists,0.030076882261545215,False,,,C,0.222,0.444,,,0.18339760573603991,0.0,-0.17369429057733454,-0.05850772335867094,0.0008632200015187279,,0,,,0,
2026-10-05,武雄,4,048420261005,1791204780,1791204480,6,7,014492,飯塚隼人,両,79.95,,,,,0.01499434299003217,0.07536796441928342,0.10415251395587088,position_specialists,0.01499434299003217,False,,,C,0.217,0.304,,,-0.08879591765537631,0.0,-0.027776674048290727,-0.05850772335867094,0.0001079025001898412,,0,,,0,
2026-10-05,武雄,4,048420261005,1791204780,1791204480,7,6,014125,坂本昌宏,追,80.86,,,,,0.006304160822540895,0.0480163021595016,0.08881773333695456,position_specialists,0.006304160822540895,False,,,C,0.09,0.136,,,-0.16662709590479163,0.0,-0.17369429057733454,-0.05850772335867094,0.0021220825037335392,,0,,,0,
2026-10-05,平塚,4,043520261005,1791205260,1791204960,1,1,015977,齊藤宏樹,逃,74.44,,,,,0.5883736712057497,0.3283857984167662,0.16006819839085648,position_specialists,0.5883736712057497,False,,0.40407852018450396,S,0.6659999999999999,0.6659999999999999,0.1,0.0,0.22355017575861175,0.33145853401419206,-0.037754953585529674,-0.07429327231582004,0.0034881265226291563,,0,,,0,
2026-10-05,平塚,4,043520261005,1791205260,1791204960,2,2,015890,中秀平,逃,73.55,,,,,0.1842951510212457,0.160324400700859,0.18239703750960903,position_specialists,0.1842951510212457,False,,,S,0.3329999999999999,0.629,0.0,1.0,0.06415763097144087,-0.05628552436357766,0.09405056837502904,0.20937194925367472,0.00045613962218996637,,0,,,0,
2026-10-05,平塚,4,043520261005,1791205260,1791204960,3,6,014064,吉松賢二,両,70.61,,,,,0.11409521138675646,0.18597701265278035,0.20232691050068957,position_specialists,0.11409521138675646,False,,,S,0.441,0.529,0.29,0.11,-0.13867435622431173,0.08611687554278981,0.12948635199582745,0.054645464761223006,0.0002951491672993901,,0,,,0,
2026-10-05,平塚,4,043520261005,1791205260,1791204960,4,3,015984,藤岡祐馬,逃,73.23,,,,,0.07525092385671507,0.10941854568681426,0.11592715665282276,position_specialists,0.07525092385671507,False,,,S,0.4539999999999999,0.59,0.17,0.08,0.08587735217573186,0.11366662827504187,-0.08027789393048779,-0.07429327231582004,0.0021733711410227828,,0,,,0,
2026-10-05,平塚,4,043520261005,1791205260,1791204960,5,4,013375,五反田豊和,両,71.7,,,,,0.02727833820622351,0.09835312580947556,0.10078732354043293,position_specialists,0.02727833820622351,False,,,S,0.3329999999999999,0.481,0.22,0.11,0.14992535568478624,-0.06939025183356629,0.051527628030070924,-0.07429327231582004,0.0013952506090516626,,0,,,0,
2026-10-05,平塚,4,043520261005,1791205260,1791204960,6,5,014774,阿部弘,追,70.85,,,,,0.007442686684455349,0.06322874466992202,0.16232676062660073,position_specialists,0.007442686684455349,False,,,S,0.284,0.3329999999999999,0.02,0.11,-0.13867435622431173,-0.07181016928822406,-0.005169625763206537,-0.07429327231582004,0.0015830728064240016,,0,,,0,
2026-10-05,平塚,4,043520261005,1791205260,1791204960,7,7,013965,岡田雅也,追,70.2,,,,,0.0032640176388541863,0.05431237206338258,0.07616661277898853,position_specialists,0.0032640176388541863,False,,,S,0.2,0.4,0.0,0.15,-0.24616180214194786,-0.1615329811847452,-0.15186207512170344,0.033155675248382505,0.002522183793285698,,0,,,0,
2026-10-05,小松島,4,047320261005,1791205740,1791205440,1,1,015607,中山拓人,逃,88.33,,,,,0.3891021852147335,0.21476937554794323,0.14904535977577965,position_specialists,0.3891021852147335,False,,0.19556275587561261,B,0.444,0.611,0.09,0.08,0.08002653621988351,-0.020920132791666293,-0.01628663524550046,0.14810727155980183,5.15710623129393e-05,,0,,,0,
2026-10-05,小松島,4,047320261005,1791205740,1791205440,2,4,014845,表原周,追,85.38,,,,,0.19353942933912088,0.11482162977086827,0.12503586594368157,position_specialists,0.19353942933912088,False,,,B,0.3879999999999999,0.5,0.18,0.09,0.27987192529037286,0.24539525150731858,-0.05117879991501645,-0.023385358667337142,0.00023206978040822784,,0,,,0,
2026-10-05,小松島,4,047320261005,1791205740,1791205440,3,2,014230,山田義彦,両,87.66,,,,,0.18253462934801162,0.1883581794416772,0.15971589298148264,position_specialists,0.18253462934801162,False,,,B,0.38,0.523,0.3,0.14,0.16182068427352456,-0.00781716894752491,0.056201928933999744,-0.015590239111558102,0.0017534161186399497,,0,,,0,
2026-10-05,小松島,4,047320261005,1791205740,1791205440,4,5,015929,鶴淳志,逃,85.22,,,,,0.07929906963617007,0.12058885363971208,0.13476189074310857,position_specialists,0.07929906963617007,False,,,B,0.3879999999999999,0.611,0.19,0.14,-0.1622625872319639,0.2338163217551888,0.059853673499651275,-0.10913167378090663,0.004564039014695161,,0,,,0,
2026-10-05,小松島,4,047320261005,1791205740,1791205440,5,6,013353,吉永好宏,追,85.14,,,,,0.07867423580279052,0.1405220625999499,0.13757189167016176,position_specialists,0.07867423580279052,False,,,B,0.3329999999999999,0.523,0.23,0.1,0.00132570887531816,0.061656409565253756,0.01251928848126297,0.14810727155980183,0.0015729174005446609,,0,,,0,
2026-10-05,小松島,4,047320261005,1791205740,1791205440,6,3,012546,神開将暢,追,87.04,,,,,0.049709151210855056,0.12587471730336816,0.14397990891851084,position_specialists,0.049709151210855056,False,,,B,0.363,0.59,0.42,0.09,-0.31657092121201913,0.0037617608046048717,0.04497695677367791,-0.10913167378090663,0.0003094263738776388,,0,,,0,
2026-10-05,小松島,4,047320261005,1791205740,1791205440,7,7,015084,菅田謙仁,両,85.0,,,,,0.027141299448318255,0.09506518169648115,0.14988918996727504,position_specialists,0.027141299448318255,False,,,B,0.2769999999999999,0.3879999999999999,0.14,0.14,-0.04421134621511562,-0.22885392328999027,-0.10608641252807506,-0.038975597778895234,0.001211919964354083,,0,,,0,
2026-10-05,武雄,5,058420261005,1791206280,1791205980,1,1,015788,平根優大,逃,92.28,,,,,0.6695688010718926,0.3380938631489867,0.21482815434911345,position_specialists,0.6695688010718926,False,,0.5444880102989464,S,0.6659999999999999,0.7609999999999999,,,0.07067427012107952,0.0,0.06837589450050649,0.1267105187249881,0.003746536658578782,,0,,,0,
2026-10-05,武雄,5,058420261005,1791206280,1791205980,2,5,015726,龍野琳太郎,逃,88.33,,,,,0.1250807907729462,0.1424683891995754,0.14561834783151173,position_specialists,0.1250807907729462,False,,,S,0.4579999999999999,0.583,,,-0.07016586441540051,0.0,0.067009005614117,0.1267105187249881,0.0022120508994800257,,0,,,0,
2026-10-05,武雄,5,058420261005,1791206280,1791205980,3,3,015611,長谷川飛向,逃,89.61,,,,,0.08036130132426822,0.12212413119819315,0.1293940234933105,position_specialists,0.08036130132426822,False,,,S,0.315,0.526,,,0.0345745265020217,0.0,-0.08506554721472215,-0.16025153838748496,0.00029892579722703055,,0,,,0,
2026-10-05,武雄,5,058420261005,1791206280,1791205980,4,4,013568,大木雅也,追,89.61,,,,,0.0662905888607299,0.09377161661020587,0.10626830641074385,position_specialists,0.0662905888607299,False,,,S,0.38,0.7140000000000001,,,0.3594722190735416,0.0,0.10113435417505662,-0.07329333926249312,0.0018334115563257872,,0,,,0,
2026-10-05,武雄,5,058420261005,1791206280,1791205980,5,2,014258,片山智晴,追,89.95,,,,,0.035400578706847353,0.14806378005250315,0.16779488530874798,position_specialists,0.035400578706847353,False,,,S,0.284,0.476,,,-0.17490625533282272,0.0,-0.02882472285355135,-0.021118419787498025,0.0015544141455805585,,0,,,0,
2026-10-05,武雄,5,058420261005,1791206280,1791205980,6,6,013005,小笠原昭太,追,86.23,,,,,0.017953184355082058,0.09476891023168095,0.1297154487624699,position_specialists,0.017953184355082058,False,,,S,0.3329999999999999,0.523,,,-0.07372470435515155,0.0,0.03615481566075265,0.05714395942499461,0.0005779232079722588,,0,,,0,
2026-10-05,武雄,5,058420261005,1791206280,1791205980,7,7,015200,谷口幸司,追,83.78,,,,,0.005344754908233502,0.060709309558854785,0.10638083384410256,position_specialists,0.005344754908233502,False,,,S,0.172,0.304,,,-0.14592419159326714,0.0,-0.15878379988215935,-0.05590169943749476,0.0016939128509531728,,0,,,0,
2026-10-05,平塚,5,053520261005,1791206820,1791206520,1,1,016016,西原裕太郎,逃,79.58,,,,,0.8076653853261397,0.3219407043360201,0.2521492538905821,position_specialists,0.8076653853261397,False,,0.6445742699987447,S,0.708,0.833,0.31,0.18,0.42342104159825283,0.2539954381562035,0.22044930074121727,-0.11261065411536271,0.004256513251096435,,0,,,0,
2026-10-05,平塚,5,053520261005,1791206820,1791206520,2,2,014216,田村純一,両,75.38,,,,,0.163091115327395,0.2375707412434239,0.09172500341754397,position_specialists,0.163091115327395,False,,,S,0.555,0.6659999999999999,0.11,0.08,0.07174478527134706,0.2539954381562035,0.10916865961786101,0.13513278493843525,0.0014456082739572793,,0,,,0,
2026-10-05,平塚,5,053520261005,1791206820,1791206520,3,3,014124,石田宏樹,両,72.88,,,,,0.01918484861928449,0.20536794440545944,0.20386757176634046,position_specialists,0.01918484861928449,False,,,S,0.185,0.481,0.0,0.1,-0.012918918216466551,-0.030173462231938543,-0.006813100476940178,0.06756639246921763,0.0005782433095829121,,0,,,0,
2026-10-05,平塚,5,053520261005,1791206820,1791206520,4,4,014349,佐藤純嘉,追,70.88,,,,,0.004148686981101967,0.06230913588911007,0.11213277476453079,position_specialists,0.004148686981101967,False,,,S,0.259,0.407,0.04,0.18,-0.07209015281173747,-0.0875811659525754,0.045579721833085986,0.06756639246921763,0.0018150414995241405,,0,,,0,
2026-10-05,平塚,5,053520261005,1791206820,1791206520,5,6,012402,時松正,追,69.16,,,,,0.0023176626234940995,0.0990769515045844,0.182585265664683,position_specialists,0.0023176626234940995,False,,,S,0.071,0.214,0.14,0.22,-0.2043876428399171,0.011327619454145557,-0.20698215177415505,-0.11261065411536271,0.0011404243050107431,,0,,,0,
2026-10-05,平塚,5,053520261005,1791206820,1791206520,6,5,013647,光畑政志,追,69.23,,,,,0.0018469064224487337,0.03963203337762394,0.06176121312895083,position_specialists,0.0018469064224487337,False,,,S,0.237,0.3329999999999999,0.0,0.0,-0.15917142908228404,-0.1354209190531061,-0.038607569369327695,-0.11261065411536271,0.0015901691013530082,,0,,,0,
2026-10-05,平塚,5,053520261005,1791206820,1791206520,7,7,011665,倉岡慎太郎,追,67.91,,,,,0.001745394700135964,0.0341024892437781,0.09577891736736882,position_specialists,0.001745394700135964,False,,,S,0.125,0.166,0.08,0.21,-0.046597683919194714,-0.046080084266491295,-0.12279486057174138,0.06756639246921763,0.0005782433095829121,,0,,,0,
2026-10-05,小松島,5,057320261005,1791207360,1791207060,1,5,015838,森柾斗,逃,85.76,,,,,0.28549943268921135,0.13311468666807058,0.12483566851594523,position_specialists,0.28549943268921135,False,,0.065469333320481,C,0.428,0.523,0.13,0.08,0.27369108594820113,0.13995003431652095,0.03205335521624461,0.09844047938229686,0.0016550395009292378,,0,,,0,
2026-10-05,小松島,5,057320261005,1791207360,1791207060,2,4,015879,西本健三郎,逃,86.22,,,,,0.22003009936873036,0.11761456466849378,0.11371482847622627,position_specialists,0.22003009936873036,False,,,C,0.3329999999999999,0.611,0.2,0.11,0.09499958235381688,0.32873143484825856,-0.08287614351610292,0.17500529667963885,0.0035660129453011407,,0,,,0,
2026-10-05,小松島,5,057320261005,1791207360,1791207060,3,1,015010,吉川嘉斗,追,89.1,,,,,0.18616950476078387,0.18318813562029362,0.2152027552993784,position_specialists,0.18616950476078387,False,,,C,0.21,0.315,0.11,0.09,-0.08547457282880275,0.0344048994850148,-0.04414872469056194,0.021875662084954835,0.0008189886190165303,,0,,,0,
2026-10-05,小松島,5,057320261005,1791207360,1791207060,4,2,014452,長井優斗,追,88.86,,,,,0.10398942629326816,0.1831663299386686,0.16388993517346634,position_specialists,0.10398942629326816,False,,,C,0.25,0.312,0.15,0.22,-0.10680826925971838,-0.048186963247620423,-0.04414872469056194,-0.1312539725097292,0.0026446507489075437,,0,,,0,
2026-10-05,小松島,5,057320261005,1791207360,1791207060,5,3,014623,飯田裕次,追,87.44,,,,,0.09464802050901885,0.15229355612707007,0.159066487847502,position_specialists,0.09464802050901885,False,,,C,0.2769999999999999,0.444,0.12,0.12,0.06121638611920802,-0.05998580078085402,0.017627857877966037,-0.01988696553177717,0.0018085998669948363,,0,,,0,
2026-10-05,小松島,5,057320261005,1791207360,1791207060,6,6,015658,長松大祐,逃,84.38,,,,,0.08176834421374886,0.11762633553086355,0.11130470563409758,position_specialists,0.08176834421374886,False,,,C,0.38,0.428,0.13,0.13,0.09499958235381688,-0.025233691148749494,0.13977010527945286,-0.0964517828291192,0.0012114206656286164,,0,,,0,
2026-10-05,小松島,5,057320261005,1791207360,1791207060,7,7,013979,竹内優也,両,83.9,,,,,0.02789517216523858,0.1129963914465398,0.11198561905338414,position_specialists,0.02789517216523858,False,,,C,0.237,0.38,0.0,0.14,-0.33262379468652226,-0.08264139486938636,-0.01827772547643672,-0.04772871727626518,0.000375369783715909,,0,,,0,
2026-10-05,武雄,6,068420261005,1791207900,1791207600,1,1,015805,山下祐輔,逃,92.4,,,,,0.76255434038565,0.277533597110886,0.3116900020679556,position_specialists,0.76255434038565,False,,0.6383559677136628,S,0.6,0.866,,,0.252429388422345,0.0,0.11710222806328965,0.20193202312059705,0.0020587302200253204,,0,,,0,
2026-10-05,武雄,6,068420261005,1791207900,1791207600,2,2,015797,中島淳,逃,89.8,,,,,0.1241983726719872,0.2773245248589199,0.1692629708182477,position_specialists,0.1241983726719872,False,,,S,0.475,0.5710000000000001,,,0.01369281084499915,0.0,0.05439635707921919,-0.0718138532928884,0.0013290536863454594,,0,,,0,
2026-10-05,武雄,6,068420261005,1791207900,1791207600,3,5,014331,栗田貴徳,追,87.72,,,,,0.04995845706012671,0.0989258367623549,0.0980138546848995,position_specialists,0.04995845706012671,False,,,S,0.5,0.6659999999999999,,,0.14482040607051158,0.0,0.12444536163537367,-0.0718138532928884,0.0011466345529254941,,0,,,0,
2026-10-05,武雄,6,068420261005,1791207900,1791207600,4,4,015483,谷元奎心,逃,87.87,,,,,0.0312640489170539,0.11953820196165446,0.14480766066793194,position_specialists,0.0312640489170539,False,,,S,0.25,0.437,,,-0.04599133354933739,0.0,-0.07398598669447062,0.09243367255520288,0.0013290536863454594,,0,,,0,
2026-10-05,武雄,6,068420261005,1791207900,1791207600,5,3,013473,大塚英伸,追,89.0,,,,,0.025421114987247764,0.1151604625060705,0.11124965314154922,position_specialists,0.025421114987247764,False,,,S,0.284,0.476,,,0.055294189479006904,0.0,0.005386552637467096,-0.0718138532928884,0.0004951376478541906,,0,,,0,
2026-10-05,武雄,6,068420261005,1791207900,1791207600,6,6,014155,佐藤政利,追,82.38,,,,,0.0035682476925343715,0.05080979103148925,0.08128173778689689,position_specialists,0.0035682476925343715,False,,,S,0.19,0.428,,,-0.15360031590117074,0.0,-0.07398598669447062,-0.0718138532928884,0.004143520316253492,,0,,,0,
2026-10-05,武雄,6,068420261005,1791207900,1791207600,7,7,014687,井上将志,両,81.19,,,,,0.0030354182854001404,0.06070758576862508,0.08369412083251912,position_specialists,0.0030354182854001404,False,,,S,0.095,0.285,,,-0.26664514536635464,0.0,-0.15335852602640834,-0.007110282504246392,0.001224814181534051,,0,,,0,
2026-10-05,平塚,6,063520261005,1791208440,1791208140,1,1,015486,岡本二菜,両,56.45,,,,,0.5931369180078868,0.366886369461462,0.27111955857847575,position_specialists,0.5931369180078868,False,,0.30072995110257683,A,0.75,0.875,0.0,0.0,0.23591559411372248,-0.028703851860318427,0.22744785885227364,-0.040824829046386304,7.02969483487847e-05,,0,,,0,
2026-10-05,平塚,6,063520261005,1791208440,1791208140,2,2,015400,久米詩,両,55.94,,,,,0.29240696690531,0.20931452380982712,0.14295322966650326,position_specialists,0.29240696690531,False,,,A,0.6659999999999999,0.6659999999999999,0.0,0.0,0.17569396397270007,-0.028703851860318427,0.039745793819969566,-0.040824829046386304,0.004768476329659217,,0,,,0,
2026-10-05,平塚,6,063520261005,1791208440,1791208140,3,3,015076,元砂七夕美,両,55.14,,,,,0.054724706690597695,0.11188637507623202,0.15104112054847124,position_specialists,0.054724706690597695,False,,,A,0.619,0.7609999999999999,0.0,0.0,0.07908478566477047,-0.028703851860318427,0.04712876235733354,0.2449489742783178,0.0010544542252317684,,0,,,0,
2026-10-05,平塚,6,063520261005,1791208440,1791208140,4,4,015308,當銘直美,両,54.33,,,,,0.03037145566444068,0.09091990798800849,0.14421633372567758,position_specialists,0.03037145566444068,False,,,A,0.526,0.684,0.0,0.0,-0.017206180040292066,-0.028703851860318427,0.017853192125978315,-0.040824829046386304,0.00023432316116261544,,0,,,0,
2026-10-05,平塚,6,063520261005,1791208440,1791208140,5,5,015153,林真奈美,両,53.33,,,,,0.02210344921265381,0.08721119998868447,0.11357536891438146,position_specialists,0.02210344921265381,False,,,A,0.38,0.619,0.0,0.0,0.0590109089510963,-0.028703851860318427,-0.06259055003072343,-0.040824829046386304,0.0011364673316386835,,0,,,0,
2026-10-05,平塚,6,063520261005,1791208440,1791208140,6,6,015684,安東莉奈,追,51.81,,,,,0.0038655479480530037,0.07066915209322407,0.10648197263380627,position_specialists,0.0038655479480530037,False,,,A,0.259,0.444,0.0,0.0,-0.3506234610490033,-0.028703851860318427,-0.11375872195606994,-0.040824829046386304,0.0008084149060110224,,0,,,0,
2026-10-05,平塚,6,063520261005,1791208440,1791208140,7,7,015310,梶原百香,両,49.48,,,,,0.00339095557105802,0.06311247158256189,0.07061241593268454,position_specialists,0.00339095557105802,False,,,A,0.172,0.275,0.0,0.0,-0.18187561161299357,-0.028703851860318427,-0.1558263351687618,-0.040824829046386304,0.0014645197572663447,,0,,,0,
2026-10-05,小松島,6,067320261005,1791208980,1791208680,1,3,014525,三ッ井武,追,88.14,,,,,0.28013935931564715,0.18731780943255197,0.1828462199548193,position_specialists,0.25204404883296644,True,second_wheel+pace_conflict_consensus,0.030784786466290293,C,0.38,0.619,0.12,0.09,0.12337427309301491,0.1408421326527179,0.01612300530085921,-0.07267523746672638,0.00029595817420019374,,0,,,0,
2026-10-05,小松島,6,067320261005,1791208980,1791208680,2,4,015353,松坂侑亮,逃,86.85,,,,,0.24935457284935686,0.11822008672257793,0.11712453494431348,position_specialists,0.263739374204437,True,second_wheel+pace_conflict_consensus,,C,0.481,0.555,0.2,0.12,0.276532514165804,0.19302231151731641,0.14848146890103076,0.16957555408902822,0.0034035190033022307,,0,,,0,
2026-10-05,小松島,6,067320261005,1791208980,1791208680,3,2,015505,荻原寿嗣,逃,89.23,,,,,0.24686322273645436,0.23888693962350896,0.18142031066022857,position_specialists,0.2765498338194671,True,second_wheel+pace_conflict_consensus,,C,0.523,0.6659999999999999,0.25,0.1,-0.028982070274518205,0.14301234553475176,0.04630118584796068,0.1405054591023377,0.0013318117839008728,,0,,,0,
2026-10-05,小松島,6,067320261005,1791208980,1791208680,4,1,014119,中村雅仁,追,90.14,,,,,0.09513385507656051,0.16475130591217682,0.1368867947449909,position_specialists,0.08461854752897006,True,second_wheel+pace_conflict_consensus,,C,0.428,0.619,0.2,0.15,-0.3344966547148404,0.040822200687588704,0.04556097205236706,-0.07267523746672638,0.0014304645086342719,,0,,,0,
2026-10-05,小松島,6,067320261005,1791208980,1791208680,5,6,015330,伊藤奎,追,85.66,,,,,0.09078054610597219,0.13565882265965873,0.1308021397541359,position_specialists,0.08263558332989474,True,second_wheel+pace_conflict_consensus,,C,0.375,0.4579999999999999,0.14,0.08,0.17469431935236351,0.15751212131357278,0.03169458925382057,-0.07267523746672638,0.00029595817420019374,,0,,,0,
2026-10-05,小松島,6,067320261005,1791208980,1791208680,6,5,015568,田川翔琉,逃,85.75,,,,,0.034908506141217446,0.1061859770806879,0.14512168750847804,position_specialists,0.037522867511515505,True,second_wheel+pace_conflict_consensus,,C,0.235,0.588,0.17,0.22,-0.028982070274518205,-0.07369750705636147,-0.0982184593963425,-0.019380063324460364,0.0003946108989335929,,0,,,0,
2026-10-05,小松島,6,067320261005,1791208980,1791208680,7,7,012823,遠藤勝行,追,83.27,,,,,0.002819937774791468,0.04897905856883771,0.10579831243303375,position_specialists,0.002889744772749196,True,second_wheel+pace_conflict_consensus,,C,0.055,0.444,0.05,0.45,-0.18214031134730765,-0.2666353329458711,-0.18994276195969578,-0.07267523746672638,0.0035021717280356297,,0,,,0,
2026-10-05,武雄,7,078420261005,1791209520,1791209220,1,1,014339,成松春樹,両,95.04,,,,,0.4225247779406379,0.24280016742125235,0.15180849850744174,position_specialists,0.4225247779406379,False,,0.24389845912872105,A,0.619,0.7609999999999999,,,0.15984988502936856,0.0,0.10132675394368912,-0.10042267945440884,0.0038502858588966003,,0,,,0,
2026-10-05,武雄,7,078420261005,1791209520,1791209220,2,2,013693,藤原憲征,追,94.83,,,,,0.17862631881191687,0.11755140650132262,0.13752656559383028,position_specialists,0.17862631881191687,False,,,A,0.578,0.684,,,-0.015221051579081005,0.0,0.02203871357590955,-0.03392658089675974,0.0005680749627880227,,0,,,0,
2026-10-05,武雄,7,078420261005,1791209520,1791209220,3,4,015424,中村隆生,逃,92.28,,,,,0.13745769592562299,0.17341662017395992,0.16805003038528096,position_specialists,0.13745769592562299,False,,,A,0.38,0.5710000000000001,,,0.064247334065217,0.0,-0.03959100486692803,-0.005428252943481558,0.0019356628361665964,,0,,,0,
2026-10-05,武雄,7,078420261005,1791209520,1791209220,4,3,014361,真船圭一郎,両,92.95,,,,,0.12906481461923527,0.1808635261097033,0.16449277385645722,position_specialists,0.12906481461923527,False,,,A,0.57,0.7140000000000001,,,-0.06093561581443282,0.0,0.05147668032741741,-0.10042267945440884,0.002335419291461872,,0,,,0,
2026-10-05,武雄,7,078420261005,1791209520,1791209220,5,6,015565,入江航太,逃,87.29,,,,,0.08015315061910125,0.11006738197192366,0.12227334711607109,position_specialists,0.08015315061910125,False,,,A,0.5,0.5,,,0.23644383073147762,0.0,-0.05803612248896198,0.0515684029630748,0.00027351757467571476,,0,,,0,
2026-10-05,武雄,7,078420261005,1791209520,1791209220,6,5,015345,浅見隼,逃,87.92,,,,,0.04049091842393164,0.12439781852313438,0.1420243602350683,position_specialists,0.04049091842393164,False,,,A,0.444,0.555,,,-0.22784621565396573,0.0,0.02007172433317965,-0.024427138245667016,0.001009911044956485,,0,,,0,
2026-10-05,武雄,7,078420261005,1791209520,1791209220,7,7,015294,小原亮哉,追,86.61,,,,,0.011682323659554081,0.05090307929870375,0.11382442430585041,position_specialists,0.011682323659554081,False,,,A,0.3329999999999999,0.428,,,-0.15653816677858437,0.0,-0.0972867448243058,0.2130589280316512,0.0015990258211811012,,0,,,0,
2026-10-05,平塚,7,073520261005,1791210060,1791209760,1,1,015371,田上晃也,逃,80.11,,,,,0.37704415149046644,0.18963110542334155,0.1595106932268009,position_specialists,0.37704415149046644,False,,0.011898872874797073,C,0.777,0.833,0.13,0.13,0.11651380464235615,0.19628639579299392,0.022727379303954787,-0.05883484054145521,0.001561771729347852,,0,,,0,
2026-10-05,平塚,7,073520261005,1791210060,1791209760,2,2,015523,邊見祐太,逃,79.66,,,,,0.36514527861566937,0.23028764855470257,0.17651753139193171,position_specialists,0.36514527861566937,False,,,C,0.777,0.833,0.19,0.09,0.29569405696912954,0.24402793447148874,0.06598987429133969,0.07844645405527363,0.0018801912081469294,,0,,,0,
2026-10-05,平塚,7,073520261005,1791210060,1791209760,3,3,015936,下山聖斗,逃,78.16,,,,,0.17842718720748874,0.171352928254105,0.1991076921752304,position_specialists,0.17842718720748874,False,,,C,0.625,0.6659999999999999,0.0,0.0,0.041091559568643396,-0.09006462185593875,0.09122903960948268,0.2157277486520025,0.002623169992011441,,0,,,0,
2026-10-05,平塚,7,073520261005,1791210060,1791209760,4,4,016013,森下龍之介,逃,77.56,,,,,0.05897664858299159,0.12859601615301722,0.12838870598967306,position_specialists,0.05897664858299159,False,,,C,0.564,0.782,0.3,0.17,0.11181114724168606,0.09398309862479087,-0.056361361236951665,-0.05883484054145521,0.00039423364041790406,,0,,,0,
2026-10-05,平塚,7,073520261005,1791210060,1791209760,5,7,014772,細田純平,両,71.34,,,,,0.007823081917158402,0.08156062678479681,0.09983168656437046,position_specialists,0.007823081917158402,False,,,C,0.2689999999999999,0.384,0.27,0.13,-0.10034761577744185,0.05998021399075911,-0.08588594518744283,-0.05883484054145521,0.002577681495040146,,0,,,0,
2026-10-05,平塚,7,073520261005,1791210060,1791209760,6,5,011574,坂本英一,追,76.04,,,,,0.00647957496739108,0.11670292549857704,0.12677933389685173,position_specialists,0.00647957496739108,False,,,C,0.461,0.653,0.34,0.12,-0.22767881892151665,-0.02186242374380334,0.045256541390507166,-0.05883484054145521,0.002577681495040146,,0,,,0,
2026-10-05,平塚,7,073520261005,1791210060,1791209760,7,6,015708,山口直樹,逃,72.66,,,,,0.006104077218834446,0.08186874933145986,0.10986435675514182,position_specialists,0.006104077218834446,False,,,C,0.3329999999999999,0.523,0.2,0.2,-0.23708413372285692,-0.19531207867710632,-0.08295552817088994,-0.05883484054145521,0.0013040035798438387,,0,,,0,
2026-10-05,小松島,7,077320261005,1791210600,1791210300,1,1,014714,橋本智昭,逃,94.78,,,,,0.37530738348905124,0.1971740425061723,0.11711654535031676,position_specialists,0.37530738348905124,False,,0.049113323829665156,C,0.55,0.7,0.15,0.15,0.14599776961840694,-0.025831472276043595,0.1054594482245381,0.15188084725209341,0.003685733565835095,,0,,,0,
2026-10-05,小松島,7,077320261005,1791210600,1791210300,2,3,015120,竹内翼,逃,93.72,,,,,0.3261940596593861,0.16178431059343135,0.13232558476402517,position_specialists,0.3261940596593861,False,,,C,0.555,0.611,0.08,0.08,0.18407570496395928,0.17049569461485983,0.03251520075267002,0.059795609154367484,0.0015762885690363926,,0,,,0,
2026-10-05,小松島,7,077320261005,1791210600,1791210300,3,2,015176,望月一成,逃,94.16,,,,,0.09889297206853535,0.19521142940408198,0.17889005277040856,position_specialists,0.09889297206853535,False,,,C,0.444,0.6659999999999999,0.16,0.1,-0.18087086280332249,-0.058552666757860854,-0.021579988146859658,-0.03228962894335845,0.00044043357076016835,,0,,,0,
2026-10-05,小松島,7,077320261005,1791210600,1791210300,4,5,012728,飯田辰哉,追,91.33,,,,,0.08641957500250105,0.1439107875552811,0.13541537509787138,position_specialists,0.08641957500250105,False,,,C,0.375,0.625,0.32,0.12,0.12964124451186293,0.03291534565175952,0.04297401445569549,0.10165253556242473,0.0002086264282548165,,0,,,0,
2026-10-05,小松島,7,077320261005,1791210600,1791210300,5,4,015280,藤井將,両,92.15,,,,,0.07935789819620157,0.11949361078404597,0.1780979965176521,position_specialists,0.07935789819620157,False,,,C,0.475,0.619,0.06,0.1,-0.27293264342467005,0.3383131608153871,0.08415840283471415,-0.03228962894335845,0.0008576864272698019,,0,,,0,
2026-10-05,小松島,7,077320261005,1791210600,1791210300,6,7,013834,平石浩之,追,88.52,,,,,0.02804593526666268,0.0939983955351109,0.1208178653483704,position_specialists,0.02804593526666268,False,,,C,0.284,0.619,0.21,0.18,0.017021153713259927,0.06563654013357675,-0.08057915068136044,-0.12437486704108436,0.0026426014245610114,,0,,,0,
2026-10-05,小松島,7,077320261005,1791210600,1791210300,7,6,012811,江守昇,追,90.47,,,,,0.005782176317662078,0.08842742362187636,0.13733658015135558,position_specialists,0.005782176317662078,False,,,C,0.19,0.523,0.2,0.35,-0.022932366579497595,-0.18809833047796357,-0.16294792743939773,-0.12437486704108436,0.001993541425546026,,0,,,0,
