date,venue,race_no,race_id,start_at,close_at,rank_in_race,car_no,player_id,player_name,style,score,odds_win,odds_move_pct,odds_move_last_pct,odds_snapshot_count,p_core,p_win,p_second,p_third,position_model_source,p_win_pre_override,top1_override_applied,top1_override_reason,top1_top2_margin,top1_confidence_class,place2_rate,place3_rate,line_role_place2_rate,line_role_place3_rate,nexus_form_adj,nexus_line_adj,nexus_style_adj,nexus_condition_adj,nexus_uncertainty,expected_value_win,stake_yen,win_return_yen,win_profit_yen,loss_amount_yen,expected_profit_yen,position_probability_semantics,p_second_exact_challenger,p_third_exact_challenger,fixed_axis_calibration_passed,line_id,line_position,line_size,number_of_lines,line_verification_status,line_source,line_verification_scope,score_first,score_second,score_third,rank_first,rank_second,rank_third,position_score_source,popularity_rank,popularity_source,rank_divergence,undervalued_points,overpopular_points
2026-10-08,高知,1,017420261008,1791415800,1791415500,1,3,014257,岡崎克政,逃,72.82,,,,,0.43867847083879014,0.5884528000903041,0.22316362510481783,0.1619296055342204,position_specialists,0.5884528000903041,False,,0.2636512653948879,A,0.41,0.647,0.11,0.17,0.08236174404941388,0.06677960050094736,0.3820185918884823,0.13437449154374212,0.0026634039709134277,,0,,,0,,cumulative_place,,,False,2.0,1.0,3.0,4,verified,winticket_line_prediction,provider_forecast_structure_only,58.84528000903041,22.31636251048178,16.192960553422044,1,2,3,coverage_validated_cumulative_scores_uncalibrated,,unavailable,,0,0
2026-10-08,高知,1,017420261008,1791415800,1791415500,2,7,012299,増成富夫,逃,67.88,,,,,0.35041562394411013,0.32480153469541617,0.3390881441277189,0.240705155979276,position_specialists,0.32480153469541617,False,,,A,0.2689999999999999,0.384,0.0,0.2,0.07961358574709144,0.4479867211544375,0.14111545178759505,0.02405469293066988,0.0020205133572446694,,0,,,0,,cumulative_place,,,False,2.0,2.0,3.0,4,verified,winticket_line_prediction,provider_forecast_structure_only,32.48015346954162,33.90881441277189,24.070515597927603,2,1,1,coverage_validated_cumulative_scores_uncalibrated,,unavailable,,0,0
2026-10-08,高知,1,017420261008,1791415800,1791415500,3,1,014868,小林寛弥,逃,68.54,,,,,0.10968180520643243,0.05091937561005384,0.11017959101403858,0.1333238158377893,position_specialists,0.05091937561005384,False,,,A,0.29,0.375,0.1,0.11,0.017571612130811806,0.009277506858438757,-0.07466006902730554,0.08211774483228686,9.184151623839427e-05,,0,,,0,,cumulative_place,,,False,1.0,1.0,2.0,4,verified,winticket_line_prediction,provider_forecast_structure_only,5.091937561005384,11.017959101403859,13.33238158377893,3,4,4,coverage_validated_cumulative_scores_uncalibrated,,unavailable,,0,0
2026-10-08,高知,1,017420261008,1791415800,1791415500,4,4,013023,吉田英二,追,68.93,,,,,0.050014565823098524,0.02054281433234499,0.10088686424918236,0.19282209262510266,position_specialists,0.02054281433234499,False,,,A,0.068,0.275,0.11,0.09,0.01482345382848943,0.02904289604473191,-0.11627314388212989,0.0008294721700231094,0.002479720938436639,,0,,,0,,cumulative_place,,,False,1.0,2.0,2.0,4,verified,winticket_line_prediction,provider_forecast_structure_only,2.054281433234499,10.088686424918237,19.28220926251027,4,5,2,coverage_validated_cumulative_scores_uncalibrated,,unavailable,,0,0
2026-10-08,高知,1,017420261008,1791415800,1791415500,5,5,013887,沖本尚織,追,70.37,,,,,0.02427331837548451,0.009414003054995937,0.1324441987781704,0.12198207036795741,position_specialists,0.009414003054995937,False,,,A,0.2,0.3,0.0,0.33,0.09581111872674195,-0.10803684130262253,-0.11627314388212989,-0.08045880049224063,0.002479720938436639,,0,,,0,,cumulative_place,,,False,2.0,3.0,3.0,4,verified,winticket_line_prediction,provider_forecast_structure_only,0.9414003054995937,13.244419877817041,12.198207036795743,5,3,5,coverage_validated_cumulative_scores_uncalibrated,,unavailable,,0,0
2026-10-08,高知,1,017420261008,1791415800,1791415500,6,6,014777,竹村達也,両,63.33,,,,,0.01751600596154228,0.0029571017319661302,0.031859962274236465,0.04916136483360538,position_specialists,0.0029571017319661302,False,,,A,0.055,0.055,0.08,0.08,-0.2934210210784778,-0.09494389126462507,-0.1660623738659181,-0.08045880049224063,0.0015919196147988304,,0,,,0,,cumulative_place,,,False,4.0,1.0,1.0,4,verified,winticket_line_prediction,provider_forecast_structure_only,0.295710173196613,3.1859962274236464,4.916136483360539,6,7,7,coverage_validated_cumulative_scores_uncalibrated,,unavailable,,0,0
2026-10-08,高知,1,017420261008,1791415800,1791415500,7,2,011427,川口秀人,追,67.24,,,,,0.009420209850541941,0.002912370484918882,0.06237761445183544,0.10007589482204887,position_specialists,0.002912370484918882,False,,,A,0.102,0.241,0.0,0.0,0.003239506595930262,-0.16066056971320633,-0.04986531301859394,-0.08045880049224063,0.0014082365823220417,,0,,,0,,cumulative_place,,,False,3.0,1.0,1.0,4,verified,winticket_line_prediction,provider_forecast_structure_only,0.2912370484918882,6.237761445183544,10.007589482204889,7,6,6,coverage_validated_cumulative_scores_uncalibrated,,unavailable,,0,0
2026-10-08,高知,2,027420261008,1791417000,1791416700,1,7,014880,野見泰要,逃,70.36,,,,,0.5004148709409739,0.7175720227867425,0.2062482977355426,0.13445044390914102,position_specialists,0.7175720227867425,False,,0.5637887113245414,S,0.3879999999999999,0.5,0.16,0.11,0.1477739102534386,0.35099157029779227,0.23256344953805638,0.11034014193141016,0.004154015144586015,,0,,,0,,cumulative_place,,,False,1.0,1.0,3.0,4,verified,winticket_line_prediction,provider_forecast_structure_only,71.75720227867424,20.624829773554264,13.445044390914106,1,2,2,coverage_validated_cumulative_scores_uncalibrated,,unavailable,,0,0
2026-10-08,高知,2,027420261008,1791417000,1791416700,2,2,014272,松田直也,追,70.43,,,,,0.15254668362380497,0.15378331146220106,0.1713701179440855,0.1007451658573023,position_specialists,0.15378331146220106,False,,,S,0.29,0.291,0.0,0.0,0.19670540882356674,-0.05393906476899634,0.2420611051206273,0.13102891854354956,0.0002769343429724013,,0,,,0,,cumulative_place,,,False,2.0,1.0,2.0,4,verified,winticket_line_prediction,provider_forecast_structure_only,15.378331146220106,17.137011794408554,10.074516585730231,2,3,7,coverage_validated_cumulative_scores_uncalibrated,,unavailable,,0,0
2026-10-08,高知,2,027420261008,1791417000,1791416700,3,4,012982,上原直樹,追,67.66,,,,,0.151566782354744,0.05837844304206139,0.24324641133056424,0.29822213916446344,position_specialists,0.05837844304206139,False,,,S,0.111,0.166,0.13,0.09,-0.13410619448716987,0.1395301019256878,-0.057719773965493756,-0.0620663298364182,0.0007615694431741028,,0,,,0,,cumulative_place,,,False,1.0,2.0,3.0,4,verified,winticket_line_prediction,provider_forecast_structure_only,5.837844304206139,24.32464113305643,29.82221391644635,3,1,1,coverage_validated_cumulative_scores_uncalibrated,,unavailable,,0,0
2026-10-08,高知,2,027420261008,1791417000,1791416700,4,3,012883,大沼孝行,逃,68.57,,,,,0.1208431855683213,0.04866605685329677,0.14850986878406647,0.10896452182332389,position_specialists,0.04866605685329677,False,,,S,0.19,0.285,0.0,0.14,0.062476787518515056,-0.2051159377892596,-0.02409538744194252,0.00689625887071314,3.46167928715502e-05,,0,,,0,,cumulative_place,,,False,3.0,1.0,1.0,4,verified,winticket_line_prediction,provider_forecast_structure_only,4.866605685329677,14.850986878406651,10.896452182332391,4,4,5,coverage_validated_cumulative_scores_uncalibrated,,unavailable,,0,0
2026-10-08,高知,2,027420261008,1791417000,1791416700,5,5,014373,鈴木雄一朗,両,65.93,,,,,0.04610640896407683,0.013354753005949835,0.0811281573772949,0.12409111539079377,position_specialists,0.013354753005949835,False,,,S,0.133,0.133,0.05,0.05,-0.13410619448716987,-0.01145346014862163,-0.057719773965493756,-0.0620663298364182,0.0009346534075318531,,0,,,0,,cumulative_place,,,False,4.0,1.0,1.0,4,verified,winticket_line_prediction,provider_forecast_structure_only,1.3354753005949835,8.112815737729491,12.409111539079381,5,6,4,coverage_validated_cumulative_scores_uncalibrated,,unavailable,,0,0
2026-10-08,高知,2,027420261008,1791417000,1791416700,6,6,011328,川添輝彦,追,65.66,,,,,0.021569297421133244,0.0067430012373864935,0.08930485832960487,0.10802725948848213,position_specialists,0.0067430012373864935,False,,,S,0.0,0.1,0.08,0.04,-0.01806038526451601,0.12192442214017522,-0.16754480964287682,-0.0620663298364182,0.0021462411580361078,,0,,,0,,cumulative_place,,,False,2.0,2.0,2.0,4,verified,winticket_line_prediction,provider_forecast_structure_only,0.6743001237386493,8.930485832960489,10.802725948848215,6,5,6,coverage_validated_cumulative_scores_uncalibrated,,unavailable,,0,0
2026-10-08,高知,2,027420261008,1791417000,1791416700,7,1,013062,藤原義浩,追,65.76,,,,,0.0069527711269457195,0.0015024116123619124,0.060192288498841374,0.12549935436649334,position_specialists,0.0015024116123619124,False,,,S,0.0,0.0579999999999999,0.02,0.21,-0.12068333235666462,-0.15249220937867583,-0.16754480964287682,-0.0620663298364182,0.0021462411580361078,,0,,,0,,cumulative_place,,,False,1.0,3.0,3.0,4,verified,winticket_line_prediction,provider_forecast_structure_only,0.15024116123619125,6.019228849884139,12.549935436649339,7,7,3,coverage_validated_cumulative_scores_uncalibrated,,unavailable,,0,0
2026-10-08,高知,3,037420261008,1791418260,1791417960,1,7,015160,牧田賢也,逃,70.95,,,,,0.2881179423733592,0.35006141747629127,0.2381492806123413,0.29776681256691817,position_specialists,0.35006141747629127,False,,0.09988140797992467,B,0.237,0.428,0.11,0.16,-0.1002470392059706,0.28667955476876467,0.17920809048609274,-0.05432071922918017,0.003971565602295062,,0,,,0,,cumulative_place,,,False,1.0,1.0,3.0,4,verified,winticket_line_prediction,provider_forecast_structure_only,35.00614174762913,23.814928061234134,29.776681256691816,1,1,1,coverage_validated_cumulative_scores_uncalibrated,,unavailable,,0,0
2026-10-08,高知,3,037420261008,1791418260,1791417960,2,4,014503,真船拓磨,追,69.3,,,,,0.3161442412524586,0.2501800094963666,0.2336916574255738,0.21294796588345974,position_specialists,0.2501800094963666,False,,,B,0.25,0.3,0.29,0.07,0.08454069733245445,0.08746854645337528,0.00593926008276216,-0.05432071922918017,0.001222020185321557,,0,,,0,,cumulative_place,,,False,1.0,2.0,3.0,4,verified,winticket_line_prediction,provider_forecast_structure_only,25.018000949636658,23.36916574255738,21.294796588345974,2,2,2,coverage_validated_cumulative_scores_uncalibrated,,unavailable,,0,0
2026-10-08,高知,3,037420261008,1791418260,1791417960,3,3,014266,宮本龍一,追,73.0,,,,,0.1278541504270916,0.1529249145120979,0.15867872322412688,0.10038717430013429,position_specialists,0.1529249145120979,False,,,B,0.428,0.428,0.28,0.04,-0.1516487490333329,0.27062108225408305,0.0523205010341977,0.038421972137712805,0.00030550504633038964,,0,,,0,,cumulative_place,,,False,4.0,2.0,2.0,4,verified,winticket_line_prediction,provider_forecast_structure_only,15.292491451209788,15.867872322412689,10.03871743001343,3,3,4,coverage_validated_cumulative_scores_uncalibrated,,unavailable,,0,0
2026-10-08,高知,3,037420261008,1791418260,1791417960,4,1,014430,橋本祐司,追,72.8,,,,,0.09362450320022843,0.12111422437662302,0.14219865324539144,0.11829992915725712,position_specialists,0.12111422437662302,False,,,B,0.38,0.476,0.0,0.23,0.08454069733245445,-0.1359383964649446,0.14508298293706878,0.17753600918805226,0.0015275252316519473,,0,,,0,,cumulative_place,,,False,1.0,3.0,3.0,4,verified,winticket_line_prediction,provider_forecast_structure_only,12.111422437662302,14.219865324539146,11.829992915725713,4,4,3,coverage_validated_cumulative_scores_uncalibrated,,unavailable,,0,0
2026-10-08,高知,3,037420261008,1791418260,1791417960,5,5,014872,玉村元気,両,71.0,,,,,0.12460759037524972,0.10115443185444448,0.1174876485753943,0.100009583182699,position_specialists,0.10115443185444448,False,,,B,0.3329999999999999,0.5,0.16,0.17,0.08143715030617357,0.057738885017879944,-0.06976066804559695,-0.05432071922918017,0.001222020185321557,,0,,,0,,cumulative_place,,,False,4.0,1.0,2.0,4,verified,winticket_line_prediction,provider_forecast_structure_only,10.115443185444448,11.748764857539433,10.0009583182699,5,5,5,coverage_validated_cumulative_scores_uncalibrated,,unavailable,,0,0
2026-10-08,高知,3,037420261008,1791418260,1791417960,6,2,013470,畠山裕行,追,68.9,,,,,0.036437887726691764,0.020365166921467243,0.07214570280568125,0.09021071329717044,position_specialists,0.020365166921467243,False,,,B,0.136,0.2269999999999999,0.0,0.09,0.11777398820860244,-0.1885621248755284,-0.08682322182010893,0.0013248955909556104,0.0009165151389911675,,0,,,0,,cumulative_place,,,False,2.0,1.0,1.0,4,verified,winticket_line_prediction,provider_forecast_structure_only,2.036516692146724,7.214570280568126,9.021071329717044,6,6,6,coverage_validated_cumulative_scores_uncalibrated,,unavailable,,0,0
2026-10-08,高知,3,037420261008,1791418260,1791417960,7,6,012509,岡嵜浩一,追,67.92,,,,,0.013213684644920674,0.004199835362709558,0.03764833411149098,0.08037782161236129,position_specialists,0.004199835362709558,False,,,B,0.0,0.142,0.0,0.0,-0.11639674494038335,-0.1885621248755284,-0.22596694467441558,-0.05432071922918017,0.002444040370643114,,0,,,0,,cumulative_place,,,False,3.0,1.0,1.0,4,verified,winticket_line_prediction,provider_forecast_structure_only,0.41998353627095586,3.7648334111490986,8.037782161236128,7,7,7,coverage_validated_cumulative_scores_uncalibrated,,unavailable,,0,0
2026-10-08,高知,4,047420261008,1791419520,1791419220,1,2,015732,宮道良輔,逃,73.25,,,,,0.5943917089433363,0.7060968638932552,0.2187863758341961,0.11212396511896029,position_specialists,0.7060968638932552,False,,0.5189875904321334,S,0.444,0.555,0.09,0.03,0.11193104470532204,0.1456787544445687,0.25203236422742925,-0.032659863237109045,0.004108938613220224,,0,,,0,,cumulative_place,,,False,3.0,1.0,3.0,4,verified,winticket_line_prediction,provider_forecast_structure_only,70.60968638932552,21.87863758341961,11.212396511896028,1,2,4,coverage_validated_cumulative_scores_uncalibrated,,unavailable,,0,0
2026-10-08,高知,4,047420261008,1791419520,1791419220,2,7,011935,高嶋一朗,追,69.96,,,,,0.15696476432149886,0.1871092734611218,0.4238861284230602,0.319585911217594,position_specialists,0.1871092734611218,False,,,S,0.366,0.5,0.22,0.1,-0.021382624102765247,0.3979853883020348,0.2061795294791604,0.19595917942265428,0.001823171437654007,,0,,,0,,cumulative_place,,,False,3.0,2.0,3.0,4,verified,winticket_line_prediction,provider_forecast_structure_only,18.71092734611218,42.388612842306024,31.958591121759394,2,1,1,coverage_validated_cumulative_scores_uncalibrated,,unavailable,,0,0
2026-10-08,高知,4,047420261008,1791419520,1791419220,3,5,014447,三木翔太,両,71.61,,,,,0.0941572152543564,0.048355605335285955,0.10434859739267578,0.12566444714081174,position_specialists,0.048355605335285955,False,,,S,0.111,0.444,0.1,0.1,-0.002203808777115672,0.07306678882752059,-0.10665549641253466,-0.032659863237109045,0.0008435569338399136,,0,,,0,,cumulative_place,,,False,1.0,1.0,2.0,4,verified,winticket_line_prediction,provider_forecast_structure_only,4.835560533528596,10.434859739267578,12.56644471408117,3,3,3,coverage_validated_cumulative_scores_uncalibrated,,unavailable,,0,0
2026-10-08,高知,4,047420261008,1791419520,1791419220,4,1,011341,黒崎直行,追,71.33,,,,,0.054697455807714956,0.02832776168175145,0.08109289780346718,0.08899638240274031,position_specialists,0.02832776168175145,False,,,S,0.142,0.38,0.02,0.17,0.016975006548534087,0.03492556021679428,-0.07189604909123522,-0.032659863237109045,0.000653076335876062,,0,,,0,,cumulative_place,,,False,1.0,2.0,2.0,4,verified,winticket_line_prediction,provider_forecast_structure_only,2.832776168175145,8.109289780346717,8.89963824027403,4,4,6,coverage_validated_cumulative_scores_uncalibrated,,unavailable,,0,0
2026-10-08,高知,4,047420261008,1791419520,1791419220,5,6,014416,矢田晋,両,66.66,,,,,0.053871360077488065,0.014176174878992094,0.047445310311806356,0.07061587858913262,position_specialists,0.014176174878992094,False,,,S,0.12,0.16,0.05,0.05,-0.13739355452812335,-0.17161159930780015,-0.0663493553777505,-0.032659863237109045,0.0012245181297676165,,0,,,0,,cumulative_place,,,False,4.0,1.0,1.0,4,verified,winticket_line_prediction,provider_forecast_structure_only,1.4176174878992094,4.744531031180635,7.061587858913261,5,7,7,coverage_validated_cumulative_scores_uncalibrated,,unavailable,,0,0
2026-10-08,高知,4,047420261008,1791419520,1791419220,6,4,013029,藤田晃英,追,68.5,,,,,0.02344762230104501,0.009332042602016513,0.05732092788580046,0.09695269191675986,position_specialists,0.009332042602016513,False,,,S,0.1,0.3,0.0,0.06,0.16946749068227096,-0.17161159930780015,-0.07189604909123522,-0.032659863237109045,0.0016054793256953196,,0,,,0,,cumulative_place,,,False,2.0,1.0,1.0,4,verified,winticket_line_prediction,provider_forecast_structure_only,0.9332042602016514,5.732092788580046,9.695269191675983,6,6,5,coverage_validated_cumulative_scores_uncalibrated,,unavailable,,0,0
2026-10-08,高知,4,047420261008,1791419520,1791419220,7,3,014855,東隆之,追,69.13,,,,,0.022469873294560454,0.006602278147577009,0.06711976234899387,0.18606072361400128,position_specialists,0.006602278147577009,False,,,S,0.045,0.2269999999999999,0.06,0.17,-0.13739355452812335,-0.11898787089721638,-0.14141494373383412,-0.032659863237109045,0.0016054793256953196,,0,,,0,,cumulative_place,,,False,3.0,3.0,3.0,4,verified,winticket_line_prediction,provider_forecast_structure_only,0.660227814757701,6.711976234899388,18.606072361400123,7,5,2,coverage_validated_cumulative_scores_uncalibrated,,unavailable,,0,0
2026-10-08,高知,5,057420261008,1791420780,1791420480,1,7,015959,中野楚樂,逃,80.88,,,,,0.8683219183876201,0.8756248562060097,0.6359978610817782,0.7597384863684767,position_specialists,0.8756248562060097,False,,0.782985760428172,S,0.888,0.944,0.13,0.06,0.2517363943367229,0.39863329655788315,0.12960622757084683,0.1830717476769908,0.004638779139244471,,0,,,0,,cumulative_place,,0.0,False,3.0,1.0,2.0,4,verified,winticket_line_prediction,provider_forecast_structure_only,87.56248562060097,63.599786108177824,75.97384863684768,1,1,1,coverage_validated_cumulative_scores_uncalibrated,,unavailable,,0,0
2026-10-08,高知,5,057420261008,1791420780,1791420480,2,1,014487,才迫勇馬,逃,78.91,,,,,0.08381874146498416,0.09263909577783774,0.23269023422367602,0.09723754108492294,position_specialists,0.09263909577783774,False,,,S,0.75,0.7909999999999999,0.21,0.08,0.15653833849020618,0.03790284152068705,0.1213663746609589,0.02679098746492548,5.1200652751042926e-05,,0,,,0,,cumulative_place,,0.0,False,1.0,1.0,2.0,4,verified,winticket_line_prediction,provider_forecast_structure_only,9.263909577783775,23.269023422367603,9.723754108492294,2,2,2,coverage_validated_cumulative_scores_uncalibrated,,unavailable,,0,0
2026-10-08,高知,5,057420261008,1791420780,1791420480,3,2,016014,森田瑞基,逃,76.88,,,,,0.029813997501251653,0.021791019081594264,0.05616921269152029,0.03811215396975494,position_specialists,0.021791019081594264,False,,,S,0.555,0.833,0.38,0.27,0.05959374761037941,0.03157423704635027,0.006904561977809073,-0.051349392641107175,0.00019456248045396265,,0,,,0,,cumulative_place,,0.0,False,2.0,1.0,2.0,4,verified,winticket_line_prediction,provider_forecast_structure_only,2.1791019081594265,5.616921269152029,3.811215396975494,3,3,4,coverage_validated_cumulative_scores_uncalibrated,,unavailable,,0,0
2026-10-08,高知,5,057420261008,1791420780,1791420480,4,3,014578,大越啓介,追,73.93,,,,,0.009419916988402487,0.0069498249397975794,0.04182046045828611,0.05127621273886525,position_specialists,0.0069498249397975794,False,,,S,0.424,0.575,0.21,0.26,-0.12389453040264448,0.03989773413657666,0.1855846350826582,-0.004465164577487582,0.0009523321411693944,,0,,,0,,cumulative_place,,0.2676826241057466,False,3.0,2.0,2.0,4,verified,winticket_line_prediction,provider_forecast_structure_only,0.694982493979758,4.182046045828611,5.1276212738865246,4,4,3,coverage_validated_cumulative_scores_uncalibrated,,unavailable,,0,0
2026-10-08,高知,5,057420261008,1791420780,1791420480,5,5,013063,赤松秀展,追,72.66,,,,,0.0033923569963273297,0.0012988723051171511,0.015052631123524778,0.030140323711657962,position_specialists,0.0012988723051171511,False,,,S,0.0,0.444,0.21,0.14,-0.12389453040264448,0.0019261072905560276,-0.20226971254247283,-0.051349392641107175,0.0010240130550208542,,0,,,0,,cumulative_place,,0.536632743434467,False,1.0,2.0,2.0,4,verified,winticket_line_prediction,provider_forecast_structure_only,0.1298872305117151,1.5052631123524778,3.014032371165796,5,5,5,coverage_validated_cumulative_scores_uncalibrated,,unavailable,,0,0
2026-10-08,高知,5,057420261008,1791420780,1791420480,6,6,014463,久保将史,両,64.4,,,,,0.0032857688227339284,0.0008678597755563755,0.009538543499651796,0.009173510540665225,position_specialists,0.0008678597755563755,False,,,S,0.05,0.1,0.02,0.02,-0.12214799536933443,-0.17080353548175925,-0.17504515615328192,-0.051349392641107175,0.001812503107386912,,0,,,0,,cumulative_place,,0.0,False,4.0,1.0,1.0,4,verified,winticket_line_prediction,provider_forecast_structure_only,0.08678597755563755,0.9538543499651796,0.9173510540665225,6,6,7,coverage_validated_cumulative_scores_uncalibrated,,unavailable,,0,0
2026-10-08,高知,5,057420261008,1791420780,1791420480,7,4,012507,爲田学,追,69.79,,,,,0.0019472998386803008,0.0008284719140872619,0.00873105692156273,0.01432177158565696,position_specialists,0.0008284719140872619,False,,,S,0.208,0.375,0.15,0.12,-0.0979314242626853,-0.023388310606791043,-0.0661469305965183,-0.051349392641107175,0.001095693968872314,,0,,,0,,cumulative_place,,0.19568463245978646,False,2.0,2.0,2.0,4,verified,winticket_line_prediction,provider_forecast_structure_only,0.08284719140872619,0.873105692156273,1.432177158565696,7,7,6,coverage_validated_cumulative_scores_uncalibrated,,unavailable,,0,0
2026-10-08,高知,6,067420261008,1791422040,1791421740,1,3,016019,沢田桂太郎,逃,81.33,,,,,0.8682351805484461,0.8748162965655014,0.6805389566530123,0.7835935985305165,position_specialists,0.8748162965655014,False,,0.7801713394197651,S,0.916,1.0,0.14,0.04,0.22282542151485313,0.3620893671349522,0.18825603304278418,0.021540764408308495,0.002111770458190261,,0,,,0,,cumulative_place,0.0,0.0,False,1.0,1.0,3.0,3,verified,winticket_line_prediction,provider_forecast_structure_only,87.48162965655014,68.05389566530123,78.35935985305166,1,1,1,coverage_validated_cumulative_scores_uncalibrated,,unavailable,,0,0
2026-10-08,高知,6,067420261008,1791422040,1791421740,2,5,015964,柳沼鼓太朗,逃,77.9,,,,,0.08692836643814664,0.09464495714573631,0.10890115723164107,0.04423749085218359,position_specialists,0.09464495714573631,False,,,S,0.65,0.7,0.33,0.05,0.1404131531350314,0.11100035357927009,0.12407422252663489,0.021540764408308495,0.0038044109017778753,,0,,,0,,cumulative_place,0.0,0.0,False,2.0,1.0,2.0,3,verified,winticket_line_prediction,provider_forecast_structure_only,9.464495714573632,10.890115723164104,4.42374908521836,2,2,4,coverage_validated_cumulative_scores_uncalibrated,,unavailable,,0,0
2026-10-08,高知,6,067420261008,1791422040,1791421740,3,4,014787,瀬口匠,両,74.44,,,,,0.02183481070607567,0.017250232145449625,0.07140518243705926,0.07156740751476107,position_specialists,0.017250232145449625,False,,,S,0.518,0.555,0.34,0.0,0.027797788937638228,0.026122955518885153,0.20945161713615895,-0.0962602909496287,0.001329931777104554,,0,,,0,,cumulative_place,0.0,0.0,False,1.0,2.0,3.0,3,verified,winticket_line_prediction,provider_forecast_structure_only,1.7250232145449624,7.140518243705924,7.156740751476107,3,4,2,coverage_validated_cumulative_scores_uncalibrated,,unavailable,,0,0
2026-10-08,高知,6,067420261008,1791422040,1791421740,4,2,015886,中川飛隆,逃,73.53,,,,,0.010598521484180392,0.006565852382623037,0.023855376641804954,0.016817471464483924,position_specialists,0.006565852382623037,False,,,S,0.375,0.437,0.19,0.17,-0.07794988622810306,0.07513049449988696,-0.07976745495444118,0.13934181976624568,0.0007092969477890955,,0,,,0,,cumulative_place,0.0,0.0,False,3.0,1.0,2.0,3,verified,winticket_line_prediction,provider_forecast_structure_only,0.6565852382623037,2.385537664180495,1.6817471464483926,4,5,6,coverage_validated_cumulative_scores_uncalibrated,,unavailable,,0,0
2026-10-08,高知,6,067420261008,1791422040,1791421740,5,1,014739,里見恒平,逃,78.33,,,,,0.009186511389254536,0.005802687359060303,0.10471981067323007,0.04997480399468194,position_specialists,0.005802687359060303,False,,,S,0.57,0.7140000000000001,0.33,0.11,0.06029011443242695,-0.0635516921795727,-0.11298798480577865,0.059237102122848405,0.00020150481471281143,,0,,,0,,cumulative_place,1.0,0.0,False,2.0,2.0,2.0,3,verified,winticket_line_prediction,provider_forecast_structure_only,0.5802687359060303,10.471981067323005,4.997480399468195,5,3,3,coverage_validated_cumulative_scores_uncalibrated,,unavailable,,0,0
2026-10-08,高知,6,067420261008,1791422040,1791421740,6,6,011142,小林宏年,追,67.38,,,,,0.0023793834684266283,0.0006741230170820994,0.005285571665338154,0.00917461462855132,position_specialists,0.0006741230170820994,False,,,S,0.073,0.259,0.16,0.08,-0.19241137008896664,-0.015725213407061848,-0.18168829369497924,-0.0962602909496287,0.0018377239101808383,,0,,,0,,cumulative_place,0.0,0.0,False,3.0,2.0,2.0,3,verified,winticket_line_prediction,provider_forecast_structure_only,0.06741230170820994,0.5285571665338152,0.9174614628551321,6,7,7,coverage_validated_cumulative_scores_uncalibrated,,unavailable,,0,0
2026-10-08,高知,6,067420261008,1791422040,1791421740,7,7,014275,喜納隆志,追,68.68,,,,,0.000837225965470059,0.00024585138454717107,0.005293944697914243,0.02463461301482157,position_specialists,0.00024585138454717107,False,,,S,0.13,0.26,0.04,0.22,-0.1809652217028802,-0.12670016627227323,-0.14733813925037895,-0.04913986880645381,0.0018377239101808383,,0,,,0,,cumulative_place,0.0,1.0,False,1.0,3.0,3.0,3,verified,winticket_line_prediction,provider_forecast_structure_only,0.024585138454717107,0.5293944697914242,2.4634613014821576,7,6,5,coverage_validated_cumulative_scores_uncalibrated,,unavailable,,0,0
2026-10-08,高知,7,077420261008,1791423300,1791423000,1,5,016004,松本悠平,逃,80.88,,,,,0.8741060502739345,0.9068237383762376,0.6728912846585348,0.8081974042637514,position_specialists,0.9068237383762379,False,,0.8532759809443131,S,0.888,0.944,0.12,0.06,0.26293617980252953,0.3580431381870606,0.12120892246876827,0.07380946697626588,0.0028503637274634955,,0,,,0,,cumulative_place,0.0,0.0,False,2.0,1.0,3.0,3,verified,winticket_line_prediction,provider_forecast_structure_only,90.68237383762377,67.2891284658535,80.81974042637516,1,1,1,coverage_validated_cumulative_scores_uncalibrated,,unavailable,,0,0
2026-10-08,高知,7,077420261008,1791423300,1791423000,2,2,015970,田沼龍弥,逃,76.38,,,,,0.06016773931723604,0.0535477574319247,0.1248805694189771,0.038404539168968084,position_specialists,0.05354775743192471,False,,,S,0.523,0.7140000000000001,0.23,0.19,0.1368029126701999,0.06552700276498412,0.03952313032226669,0.16252993738208038,0.003211822895801258,,0,,,0,,cumulative_place,0.0,0.0,False,1.0,1.0,2.0,3,verified,winticket_line_prediction,provider_forecast_structure_only,5.35477574319247,12.488056941897714,3.840453916896809,2,2,3,coverage_validated_cumulative_scores_uncalibrated,,unavailable,,0,0
2026-10-08,高知,7,077420261008,1791423300,1791423000,3,3,012586,佐藤和典,追,77.4,,,,,0.030132422025318226,0.024089283771012996,0.08957011878273977,0.06018844206831343,position_specialists,0.024089283771013003,False,,,S,0.6659999999999999,0.777,0.18,0.09,-0.01018715873180034,0.09377438655706152,0.19727617994833963,-0.056661813032284895,0.0012702707915869926,,0,,,0,,cumulative_place,0.0,0.0,False,1.0,2.0,2.0,3,verified,winticket_line_prediction,provider_forecast_structure_only,2.4089283771012995,8.957011878273978,6.018844206831345,3,3,2,coverage_validated_cumulative_scores_uncalibrated,,unavailable,,0,0
2026-10-08,高知,7,077420261008,1791423300,1791423000,4,7,015848,與古田龍門,逃,73.83,,,,,0.02152580200971393,0.010799718863332116,0.034780711638959294,0.01866063353951256,position_specialists,0.010799718863332117,False,,,S,0.444,0.5,0.17,0.19,-0.01018715873180034,0.08990334738349047,-0.05599307227506602,-0.056661813032284895,0.00011360145290615399,,0,,,0,,cumulative_place,0.0,0.0,False,3.0,1.0,2.0,3,verified,winticket_line_prediction,provider_forecast_structure_only,1.0799718863332115,3.4780711638959305,1.866063353951256,4,5,6,coverage_validated_cumulative_scores_uncalibrated,,unavailable,,0,0
2026-10-08,高知,7,077420261008,1791423300,1791423000,5,6,013061,小磯知也,追,69.96,,,,,0.00785329617241809,0.0029973385192947097,0.050306932193712656,0.037231146008011716,position_specialists,0.0029973385192947105,False,,,S,0.3329999999999999,0.444,0.17,0.1,-0.07325379229796518,-0.022013250380843744,-0.03319448765284405,-0.00969215222920662,0.0011979789579194403,,0,,,0,,cumulative_place,1.0,0.16991822309284438,False,2.0,2.0,3.0,3,verified,winticket_line_prediction,provider_forecast_structure_only,0.29973385192947094,5.030693219371266,3.723114600801172,5,4,4,coverage_validated_cumulative_scores_uncalibrated,,unavailable,,0,0
2026-10-08,高知,7,077420261008,1791423300,1791423000,6,1,014183,隅田幸助,両,70.14,,,,,0.004733871129219809,0.0013433849487156043,0.021840909878620782,0.02510717811234949,position_specialists,0.0013433849487156045,False,,,S,0.356,0.357,0.22,0.0,-0.07325379229796518,-0.14610258601981022,-0.1331947773358722,-0.056661813032284895,0.0012702707915869926,,0,,,0,,cumulative_place,0.0,0.372594707060408,False,2.0,3.0,3.0,3,verified,winticket_line_prediction,provider_forecast_structure_only,0.13433849487156044,2.1840909878620787,2.5107178112349495,6,6,5,coverage_validated_cumulative_scores_uncalibrated,,unavailable,,0,0
2026-10-08,高知,7,077420261008,1791423300,1791423000,7,4,013145,瓦田勝也,追,71.2,,,,,0.0014808190721593611,0.00039877808948205227,0.005729473428455546,0.012210656839093247,position_specialists,0.0003987780894820524,False,,,S,0.166,0.4,0.17,0.15,-0.23285719041319836,-0.07076593961785649,-0.13562589547559234,-0.056661813032284895,0.002210064629265174,,0,,,0,,cumulative_place,0.0,0.45748706984674775,False,3.0,2.0,2.0,3,verified,winticket_line_prediction,provider_forecast_structure_only,0.03987780894820523,0.5729473428455547,1.2210656839093248,7,7,7,coverage_validated_cumulative_scores_uncalibrated,,unavailable,,0,0
2026-10-08,大宮,1,012520261008,1791423900,1791423600,1,1,015798,橋谷成海,逃,84.76,,,,,0.43815705926133375,0.4795170488289312,0.1610299465860146,0.15319247866380284,position_specialists,0.4795170488289311,False,,0.23233175554506647,A,0.3329999999999999,0.38,0.18,0.06,-0.009392796169237543,0.15278329624759215,0.13518748526944555,-0.032659863237109045,0.0017075311565539326,,0,,,0,,cumulative_place,,,False,1.0,1.0,3.0,3,verified,winticket_line_prediction,provider_forecast_structure_only,47.95170488289312,16.10299465860146,15.319247866380284,1,4,3,coverage_validated_cumulative_scores_uncalibrated,,unavailable,,0,0
2026-10-08,大宮,1,012520261008,1791423900,1791423600,2,3,015735,岡本翔,逃,82.19,,,,,0.20050311525887077,0.24718529328386468,0.20595021085622636,0.13987694748981763,position_specialists,0.24718529328386463,False,,,A,0.284,0.38,0.16,0.08,0.08475505045700854,0.24369009064852362,0.23281820286676097,-0.032659863237109045,0.0040877261020533535,,0,,,0,,cumulative_place,,,False,3.0,1.0,3.0,3,verified,winticket_line_prediction,provider_forecast_structure_only,24.718529328386467,20.595021085622637,13.987694748981763,2,1,5,coverage_validated_cumulative_scores_uncalibrated,,unavailable,,0,0
2026-10-08,大宮,1,012520261008,1791423900,1791423600,3,5,014329,阿部功,追,81.4,,,,,0.15032707183688196,0.14819325742766806,0.1380266058041077,0.17222506349412312,position_specialists,0.14819325742766803,False,,,A,0.15,0.2,0.12,0.08,-0.003990789528051927,0.26601155425879686,0.010012324987530893,0.19595917942265423,0.0015523010514126656,,0,,,0,,cumulative_place,,,False,3.0,2.0,3.0,3,verified,winticket_line_prediction,provider_forecast_structure_only,14.819325742766805,13.80266058041077,17.22250634941231,3,5,2,coverage_validated_cumulative_scores_uncalibrated,,unavailable,,0,0
2026-10-08,大宮,1,012520261008,1791423900,1791423600,4,7,013172,金子周一郎,追,80.13,,,,,0.12579914056025257,0.0667401187342173,0.19486935527882626,0.21668676452681154,position_specialists,0.06674011873421729,False,,,A,0.086,0.13,0.12,0.26,0.11809258379455853,-0.03701109374430785,-0.07662705969820775,-0.032659863237109045,0.0017075311565539326,,0,,,0,,cumulative_place,,,False,1.0,2.0,3.0,3,verified,winticket_line_prediction,provider_forecast_structure_only,6.67401187342173,19.486935527882626,21.668676452681154,4,2,1,coverage_validated_cumulative_scores_uncalibrated,,unavailable,,0,0
2026-10-08,大宮,1,012520261008,1791423900,1791423600,5,4,012800,豊田一馬,追,82.11,,,,,0.06036692642933472,0.051512789420869266,0.17092955710618182,0.14611091169927254,position_specialists,0.05151278942086925,False,,,A,0.222,0.444,0.05,0.29,0.16223413041447945,-0.009252773436076963,0.11178132002810193,-0.032659863237109045,0.0017075311565539326,,0,,,0,,cumulative_place,,,False,1.0,3.0,3.0,3,verified,winticket_line_prediction,provider_forecast_structure_only,5.151278942086926,17.09295571061818,14.611091169927255,5,3,4,coverage_validated_cumulative_scores_uncalibrated,,unavailable,,0,0
2026-10-08,大宮,1,012520261008,1791423900,1791423600,6,2,014828,川口聖翔,追,78.91,,,,,0.018114455396991712,0.005405644049150471,0.07056153655000236,0.10799610275206716,position_specialists,0.00540564404915047,False,,,A,0.043,0.086,0.04,0.08,-0.07606786284433756,-0.21338782584821311,-0.1632664443839464,-0.032659863237109045,0.0002587168419021111,,0,,,0,,cumulative_place,,,False,2.0,1.0,1.0,3,verified,winticket_line_prediction,provider_forecast_structure_only,0.5405644049150471,7.0561536550002355,10.799610275206716,6,6,6,coverage_validated_cumulative_scores_uncalibrated,,unavailable,,0,0
2026-10-08,大宮,1,012520261008,1791423900,1791423600,7,6,012132,甲斐下智,追,78.03,,,,,0.006732231256334624,0.0014458482552991915,0.058632787818640834,0.06391173137410525,position_specialists,0.0014458482552991913,False,,,A,0.0,0.0,0.0,0.14,-0.2756303161244189,-0.16076409743762934,-0.24990582906968506,-0.032659863237109045,0.0002587168419021111,,0,,,0,,cumulative_place,,,False,3.0,3.0,3.0,3,verified,winticket_line_prediction,provider_forecast_structure_only,0.14458482552991916,5.863278781864083,6.391173137410525,7,7,7,coverage_validated_cumulative_scores_uncalibrated,,unavailable,,0,0
2026-10-08,静岡,1,013820261008,1791424680,1791424380,1,1,014276,坂本敏也,両,70.9,,,,,0.5045364450736758,0.6568796972887943,0.1822098021489204,0.1811526573824354,position_specialists,0.6568796972887943,False,,0.5369208632549428,S,0.284,0.38,0.1,0.07,-0.11930370862399578,0.3636153618929751,0.001730098811092956,0.18692246033732915,0.004396038372697983,,0,,,0,,cumulative_place,,,False,1.0,1.0,3.0,4,verified,winticket_line_prediction,provider_forecast_structure_only,65.68796972887942,18.22098021489204,18.11526573824354,1,2,2,coverage_validated_cumulative_scores_uncalibrated,,unavailable,,0,0
2026-10-08,静岡,1,013820261008,1791424680,1791424380,2,4,012092,高木隆弘,追,71.76,,,,,0.1688401406990184,0.11995883403385146,0.2227331513682566,0.21777970776812117,position_specialists,0.11995883403385146,False,,,S,0.152,0.384,0.09,0.09,0.025914496555551822,-0.04423303566298684,-0.1309554299255934,-0.04275354146013379,0.002051484573925725,,0,,,0,,cumulative_place,,,False,1.0,2.0,3.0,4,verified,winticket_line_prediction,provider_forecast_structure_only,11.995883403385147,22.273315136825662,21.77797077681212,2,1,1,coverage_validated_cumulative_scores_uncalibrated,,unavailable,,0,0
2026-10-08,静岡,1,013820261008,1791424680,1791424380,3,5,012529,木本賢二,追,70.55,,,,,0.07316369701825999,0.060095087841644086,0.15194879583681242,0.11567288769447957,position_specialists,0.060095087841644086,False,,,S,0.185,0.3329999999999999,0.2,0.06,0.19618265838000906,-0.16000523816627119,0.03817589598834073,-0.04275354146013379,0.00029306922484653204,,0,,,0,,cumulative_place,,,False,2.0,1.0,1.0,4,verified,winticket_line_prediction,provider_forecast_structure_only,6.009508784164408,15.194879583681242,11.567288769447957,3,3,5,coverage_validated_cumulative_scores_uncalibrated,,unavailable,,0,0
2026-10-08,静岡,1,013820261008,1791424680,1791424380,4,3,014810,小川辰徳,両,69.28,,,,,0.0843613880124163,0.05427158042253343,0.12518713364045778,0.10468520541965548,position_specialists,0.05427158042253343,False,,,S,0.214,0.285,0.11,0.03,0.005946074600552888,-0.009147787698990491,-0.02347825283886229,-0.04275354146013379,0.00029306922484653204,,0,,,0,,cumulative_place,,,False,4.0,1.0,2.0,4,verified,winticket_line_prediction,provider_forecast_structure_only,5.427158042253343,12.518713364045778,10.468520541965548,4,4,7,coverage_validated_cumulative_scores_uncalibrated,,unavailable,,0,0
2026-10-08,静岡,1,013820261008,1791424680,1791424380,5,7,013261,柴田昌樹,追,69.59,,,,,0.056784105978553996,0.04899484016694773,0.10111391961056576,0.10760391693673688,position_specialists,0.04899484016694773,False,,,S,0.259,0.37,0.05,0.11,0.09598283180037004,-0.050369017698046,0.1509301132642968,-0.04275354146013379,0.0014653461242326606,,0,,,0,,cumulative_place,,,False,3.0,1.0,1.0,4,verified,winticket_line_prediction,provider_forecast_structure_only,4.899484016694773,10.111391961056576,10.760391693673688,5,7,6,coverage_validated_cumulative_scores_uncalibrated,,unavailable,,0,0
2026-10-08,静岡,1,013820261008,1791424680,1791424380,6,6,011990,茂木和臣,追,67.5,,,,,0.08022076120272498,0.03774142041305456,0.10633303238900384,0.12032526299069805,position_specialists,0.03774142041305456,False,,,S,0.111,0.37,0.17,0.17,-0.2696034484934541,0.19696664936710853,-0.07457832128761535,0.02684524696333982,0.0008792076745395969,,0,,,0,,cumulative_place,,,False,4.0,2.0,2.0,4,verified,winticket_line_prediction,provider_forecast_structure_only,3.7741420413054563,10.633303238900384,12.032526299069806,6,6,4,coverage_validated_cumulative_scores_uncalibrated,,unavailable,,0,0
2026-10-08,静岡,1,013820261008,1791424680,1791424380,7,2,013728,伊狩知人,追,69.72,,,,,0.0320934620153505,0.02205853983317446,0.1104741650059832,0.15278036180787344,position_specialists,0.02205853983317446,False,,,S,0.217,0.347,0.16,0.2,0.06488109578096682,-0.10738150975568737,0.03817589598834073,-0.04275354146013379,0.0011722768993861286,,0,,,0,,cumulative_place,,,False,1.0,3.0,3.0,4,verified,winticket_line_prediction,provider_forecast_structure_only,2.205853983317446,11.04741650059832,15.278036180787344,7,5,3,coverage_validated_cumulative_scores_uncalibrated,,unavailable,,0,0
2026-10-08,大宮,2,022520261008,1791425520,1791425220,1,3,015618,高本和也,逃,89.8,,,,,0.5037089088711147,0.5945851509960536,0.24299394050072443,0.16021625180798488,position_specialists,0.5945851509960536,False,,0.27679978008732486,A,0.38,0.523,0.19,0.17,0.16304717387523254,0.12145001007078471,0.1992378385572793,0.07509920150537681,0.0001689303270884949,,0,,,0,,cumulative_place,,,False,2.0,1.0,3.0,4,verified,winticket_line_prediction,provider_forecast_structure_only,59.45851509960536,24.299394050072443,16.021625180798488,1,2,3,coverage_validated_cumulative_scores_uncalibrated,,unavailable,,0,0
2026-10-08,大宮,2,022520261008,1791425520,1791425220,2,4,014528,落合達彦,追,87.0,,,,,0.30062300908332806,0.3177853709087287,0.36423448795225494,0.14040293248783853,position_specialists,0.3177853709087287,False,,,A,0.423,0.5760000000000001,0.31,0.08,0.12991571393555637,0.14006668922887983,0.2078832588918867,0.11433012766490201,2.8155054514749513e-05,,0,,,0,,cumulative_place,,,False,2.0,2.0,3.0,4,verified,winticket_line_prediction,provider_forecast_structure_only,31.77853709087287,36.4234487952255,14.040293248783852,2,1,4,coverage_validated_cumulative_scores_uncalibrated,,unavailable,,0,0
2026-10-08,大宮,2,022520261008,1791425520,1791425220,3,5,015883,吉田夢希斗,逃,80.38,,,,,0.055102103039318416,0.033100286879800316,0.08872088604448533,0.11179131158049929,position_specialists,0.033100286879800316,False,,,A,0.142,0.238,0.24,0.14,0.010229168863020442,0.24047468245449516,0.010548752758592794,0.07509920150537681,0.0041106379591533794,,0,,,0,,cumulative_place,,,False,3.0,1.0,2.0,4,verified,winticket_line_prediction,provider_forecast_structure_only,3.3100286879800316,8.872088604448534,11.179131158049929,3,5,6,coverage_validated_cumulative_scores_uncalibrated,,unavailable,,0,0
2026-10-08,大宮,2,022520261008,1791425520,1791425220,4,2,013553,小島雅章,追,82.07,,,,,0.05064690784824119,0.027921457717911477,0.10178634217602553,0.20597133269237056,position_specialists,0.027921457717911477,False,,,A,0.147,0.259,0.14,0.02,0.03756774707051792,0.24208783698634595,-0.0350173022310894,-0.01905502127748367,0.00022524043611799337,,0,,,0,,cumulative_place,,,False,3.0,2.0,2.0,4,verified,winticket_line_prediction,provider_forecast_structure_only,2.7921457717911475,10.178634217602553,20.597133269237055,4,3,2,coverage_validated_cumulative_scores_uncalibrated,,unavailable,,0,0
2026-10-08,大宮,2,022520261008,1791425520,1791425220,5,1,014707,飯塚直人,両,81.75,,,,,0.07077830977670622,0.022570253668471266,0.07469886782946021,0.11608237771653195,position_specialists,0.022570253668471266,False,,,A,0.15,0.35,0.0,0.14,0.001116309460521235,-0.1457407595368481,-0.06971738239151455,-0.08182450313272399,0.00036601570869173927,,0,,,0,,cumulative_place,,,False,1.0,1.0,1.0,4,verified,winticket_line_prediction,provider_forecast_structure_only,2.2570253668471265,7.469886782946021,11.608237771653194,5,6,5,coverage_validated_cumulative_scores_uncalibrated,,unavailable,,0,0
2026-10-08,大宮,2,022520261008,1791425520,1791425220,6,7,013989,大泉英則,追,79.42,,,,,0.012594230399613009,0.0028677637712788413,0.09953247797063568,0.22266888925021383,position_specialists,0.0028677637712788413,False,,,A,0.047,0.19,0.12,0.24,-0.14797526026802132,-0.14412760500499736,-0.13911754271236487,-0.08182450313272399,0.0029844357785634127,,0,,,0,,cumulative_place,,,False,2.0,3.0,3.0,4,verified,winticket_line_prediction,provider_forecast_structure_only,0.2867763771278841,9.953247797063568,22.266888925021384,6,4,1,coverage_validated_cumulative_scores_uncalibrated,,unavailable,,0,0
2026-10-08,大宮,2,022520261008,1791425520,1791425220,7,6,012602,吉村文隆,追,78.66,,,,,0.006546530981678269,0.0011697160577558484,0.028032997526413937,0.04286690446456094,position_specialists,0.0011697160577558484,False,,,A,0.0,0.125,0.0,0.0,-0.19390085293682735,-0.2647654319205586,-0.17381762287279,-0.08182450313272399,0.001407752725737459,,0,,,0,,cumulative_place,,,False,4.0,1.0,1.0,4,verified,winticket_line_prediction,provider_forecast_structure_only,0.11697160577558484,2.8032997526413936,4.286690446456094,7,7,7,coverage_validated_cumulative_scores_uncalibrated,,unavailable,,0,0
2026-10-08,静岡,2,023820261008,1791426360,1791426060,1,4,014382,伊藤翼,両,69.16,,,,,0.4033332818053046,0.5808318792785117,0.12512076874678751,0.14984845584997922,position_specialists,0.5808318792785117,False,,0.37781746351487855,A,0.3329999999999999,0.4,0.05,0.04,0.00907662749377084,0.39424168715238167,0.24562553706405862,0.19595917942265428,0.00450818902364075,,0,,,0,,cumulative_place,,,False,1.0,1.0,3.0,3,verified,winticket_line_prediction,provider_forecast_structure_only,58.083187927851164,12.512076874678753,14.984845584997922,1,4,3,coverage_validated_cumulative_scores_uncalibrated,,unavailable,,0,0
2026-10-08,静岡,2,023820261008,1791426360,1791426060,2,5,013049,南大輔,追,72.95,,,,,0.22580294159587933,0.20301441576363308,0.2140896708746476,0.08278551147527236,position_specialists,0.20301441576363308,False,,,A,0.237,0.38,0.21,0.1,0.18443339142091564,0.06272423485855062,0.050494241273340845,-0.032659863237109045,0.001250446590498894,,0,,,0,,cumulative_place,,,False,3.0,2.0,3.0,3,verified,winticket_line_prediction,provider_forecast_structure_only,20.301441576363306,21.408967087464763,8.278551147527235,2,2,6,coverage_validated_cumulative_scores_uncalibrated,,unavailable,,0,0
2026-10-08,静岡,2,023820261008,1791426360,1791426060,3,1,013421,富澤洋祐,追,70.83,,,,,0.16799344993155416,0.11377900183854767,0.23239869037103353,0.11134344774998765,position_specialists,0.11377900183854767,False,,,A,0.2,0.32,0.09,0.09,0.055004560170955424,0.029320653927731918,0.050494241273340845,-0.032659863237109045,0.001250446590498894,,0,,,0,,cumulative_place,,,False,1.0,2.0,3.0,3,verified,winticket_line_prediction,provider_forecast_structure_only,11.377900183854766,23.239869037103357,11.134344774998766,3,1,5,coverage_validated_cumulative_scores_uncalibrated,,unavailable,,0,0
2026-10-08,静岡,2,023820261008,1791426360,1791426060,4,2,015905,上野幸星,逃,67.79,,,,,0.10843580438662868,0.0547700319980919,0.20064681896215303,0.24180108989132681,position_specialists,0.0547700319980919,False,,,A,0.125,0.208,0.11,0.12,-0.000662705544228252,0.04350408737878552,-0.02938345862737049,-0.032659863237109045,0.0010530076551569635,,0,,,0,,cumulative_place,,,False,3.0,1.0,3.0,3,verified,winticket_line_prediction,provider_forecast_structure_only,5.4770031998091895,20.064681896215305,24.18010898913268,4,3,1,coverage_validated_cumulative_scores_uncalibrated,,unavailable,,0,0
2026-10-08,静岡,2,023820261008,1791426360,1791426060,5,3,013998,桂馬将人,両,69.94,,,,,0.06798866255433447,0.036331355116570874,0.10912680947754895,0.22436924807027916,position_specialists,0.036331355116570874,False,,,A,0.222,0.3329999999999999,0.21,0.04,0.03598734951375895,-0.05304796764473372,-0.014073855097313601,-0.032659863237109045,0.0005594103168021368,,0,,,0,,cumulative_place,,,False,2.0,1.0,1.0,3,verified,winticket_line_prediction,provider_forecast_structure_only,3.6331355116570876,10.912680947754897,22.436924807027918,5,5,2,coverage_validated_cumulative_scores_uncalibrated,,unavailable,,0,0
2026-10-08,静岡,2,023820261008,1791426360,1791426060,6,7,014483,竜門孝宗,追,68.66,,,,,0.024069803052287602,0.01086075002666721,0.09966149567022049,0.1361636961241966,position_specialists,0.01086075002666721,False,,,A,0.166,0.416,0.1,0.24,0.013254110884567636,-0.10063498202660598,-0.030334796413206747,-0.032659863237109045,0.001250446590498894,,0,,,0,,cumulative_place,,,False,3.0,3.0,3.0,3,verified,winticket_line_prediction,provider_forecast_structure_only,1.086075002666721,9.96614956702205,13.61636961241966,6,6,4,coverage_validated_cumulative_scores_uncalibrated,,unavailable,,0,0
2026-10-08,静岡,2,023820261008,1791426360,1791426060,7,6,012277,井上典善,追,63.77,,,,,0.0023760566740112085,0.0004125659779775465,0.01895574589760885,0.05368855083895817,position_specialists,0.0004125659779775465,False,,,A,0.036,0.037,0.03,0.07,-0.29709333393973986,-0.1340385629574247,-0.27282190947284957,-0.032659863237109045,0.001250446590498894,,0,,,0,,cumulative_place,,,False,1.0,3.0,3.0,3,verified,winticket_line_prediction,provider_forecast_structure_only,0.041256597797754646,1.8955745897608853,5.3688550838958164,7,7,7,coverage_validated_cumulative_scores_uncalibrated,,unavailable,,0,0
2026-10-08,大宮,3,032520261008,1791427200,1791426900,1,5,015559,神開一輝,逃,93.19,,,,,0.7204023529997042,0.8625992775736113,0.30905675322458304,0.19862293543135376,position_specialists,0.8625992775736113,False,,0.7755341166371112,S,0.523,0.5710000000000001,0.15,0.08,0.139785427652352,0.32394238236909706,0.22471146383721755,0.036112121635817084,0.0030629229310410156,,0,,,0,,cumulative_place,,,False,3.0,2.0,2.0,4,verified,winticket_line_prediction,provider_forecast_structure_only,86.25992775736113,30.905675322458304,19.862293543135376,1,1,2,coverage_validated_cumulative_scores_uncalibrated,,unavailable,,0,0
2026-10-08,大宮,3,032520261008,1791427200,1791426900,2,3,015650,田代匠,逃,87.76,,,,,0.12043193364186937,0.08706516093650012,0.18777971110200542,0.13052790890957708,position_specialists,0.08706516093650012,False,,,S,0.3329999999999999,0.523,0.15,0.1,0.06419710281391015,0.08989044656552504,0.1639328233636777,0.09790397421265964,0.0021601666987341897,,0,,,0,,cumulative_place,,,False,3.0,1.0,2.0,4,verified,winticket_line_prediction,provider_forecast_structure_only,8.706516093650011,18.777971110200543,13.052790890957708,2,2,4,coverage_validated_cumulative_scores_uncalibrated,,unavailable,,0,0
2026-10-08,大宮,3,032520261008,1791427200,1791426900,3,2,013332,吉村和之,追,88.5,,,,,0.040251244972619164,0.013631500282903105,0.11730110363254788,0.08440163371229108,position_specialists,0.013631500282903105,False,,,S,0.0,0.4,0.0,1.0,0.1436225525722811,-0.21138254973047257,-0.2213470270804583,0.10352141535600899,0.0008060323502739513,,0,,,0,,cumulative_place,,,False,2.0,1.0,1.0,4,verified,winticket_line_prediction,provider_forecast_structure_only,1.3631500282903104,11.730110363254788,8.440163371229108,3,4,7,coverage_validated_cumulative_scores_uncalibrated,,unavailable,,0,0
2026-10-08,大宮,3,032520261008,1791427200,1791426900,4,4,015513,菊池翔,逃,83.5,,,,,0.035180173383472034,0.012287503622829182,0.07120661600645173,0.09108119658602587,position_specialists,0.012287503622829182,False,,,S,0.351,0.529,0.16,0.09,-0.0561843034102751,-0.0008236571309690685,0.02676139776781973,-0.036914613227724144,0.0014508582304931122,,0,,,0,,cumulative_place,,,False,1.0,1.0,3.0,4,verified,winticket_line_prediction,provider_forecast_structure_only,1.2287503622829181,7.120661600645173,9.108119658602586,4,6,5,coverage_validated_cumulative_scores_uncalibrated,,unavailable,,0,0
2026-10-08,大宮,3,032520261008,1791427200,1791426900,5,1,014575,鈴木達也,追,83.81,,,,,0.03870410011246509,0.011351936512520215,0.1724085606981197,0.2781152708215052,position_specialists,0.011351936512520215,False,,,S,0.147,0.3329999999999999,0.09,0.09,-0.016677252784398203,-0.016235506492755864,-0.06468621929608559,-0.10432390694791605,0.002127925404723231,,0,,,0,,cumulative_place,,,False,1.0,2.0,3.0,4,verified,winticket_line_prediction,provider_forecast_structure_only,1.1351936512520215,17.24085606981197,27.811527082150523,5,3,1,coverage_validated_cumulative_scores_uncalibrated,,unavailable,,0,0
2026-10-08,大宮,3,032520261008,1791427200,1791426900,6,6,015156,門脇翼,両,80.57,,,,,0.03110886912640782,0.009595740822724692,0.07082420840184049,0.13221073402258807,position_specialists,0.009595740822724692,False,,,S,0.142,0.142,0.0,0.0,-0.13073507091539688,0.2154368564281495,-0.10385142124217878,0.008024915919070466,0.0001289651760438322,,0,,,0,,cumulative_place,,,False,1.0,3.0,3.0,4,verified,winticket_line_prediction,provider_forecast_structure_only,0.9595740822724692,7.082420840184049,13.221073402258806,6,7,3,coverage_validated_cumulative_scores_uncalibrated,,unavailable,,0,0
2026-10-08,大宮,3,032520261008,1791427200,1791426900,7,7,013645,川木敬大,追,86.5,,,,,0.0139213257634622,0.003468880248911447,0.07142304693445181,0.08504032051665883,position_specialists,0.003468880248911447,False,,,S,0.208,0.583,0.14,0.0,-0.144008455928473,-0.21138254973047257,-0.025521017349992407,-0.10432390694791605,0.002579303520876644,,0,,,0,,cumulative_place,,,False,4.0,1.0,1.0,4,verified,winticket_line_prediction,provider_forecast_structure_only,0.34688802489114473,7.1423046934451815,8.504032051665883,7,5,6,coverage_validated_cumulative_scores_uncalibrated,,unavailable,,0,0
2026-10-08,静岡,3,033820261008,1791428040,1791427740,1,2,015997,片岡遼真,逃,75.75,,,,,0.49566772776842266,0.6361166467649838,0.13335065412718972,0.16591734918171244,position_specialists,0.6361166467649838,False,,0.3484343607687699,A,0.713,0.7140000000000001,0.19,0.04,0.08800424885280797,0.3877219282600389,0.31268676661784534,-0.04103206883556381,0.003959515498478286,,0,,,0,,cumulative_place,,0.0,False,1.0,1.0,3.0,3,verified,winticket_line_prediction,provider_forecast_structure_only,63.61166467649838,13.335065412718972,16.591734918171245,1,3,3,coverage_validated_cumulative_scores_uncalibrated,,unavailable,,0,0
2026-10-08,静岡,3,033820261008,1791428040,1791427740,2,3,015698,佐藤譲士郎,逃,77.21,,,,,0.3296723363192253,0.2876822859962139,0.3747648180365757,0.2903450477709882,position_specialists,0.2876822859962139,False,,,A,0.6659999999999999,0.8,0.15,0.13,0.21599608326967548,0.06534686293730349,0.08986631672754952,0.015011732500816029,0.0012288151547001575,,0,,,0,,cumulative_place,,0.0,False,3.0,1.0,3.0,3,verified,winticket_line_prediction,provider_forecast_structure_only,28.76822859962139,37.47648180365757,29.034504777098817,2,1,1,coverage_validated_cumulative_scores_uncalibrated,,unavailable,,0,0
2026-10-08,静岡,3,033820261008,1791428040,1791427740,3,7,013549,堀勝政,追,74.07,,,,,0.06839118757795835,0.03987756878964198,0.2089362214727877,0.09647657559254989,position_specialists,0.03987756878964198,False,,,A,0.259,0.5920000000000001,0.17,0.18,0.012905100012268148,0.10722475583712941,0.09035327573521375,-0.04103206883556381,0.0021845602750225025,,0,,,0,,cumulative_place,,0.0,False,3.0,2.0,3.0,3,verified,winticket_line_prediction,provider_forecast_structure_only,3.987756878964198,20.89362214727877,9.64765755925499,3,2,5,coverage_validated_cumulative_scores_uncalibrated,,unavailable,,0,0
2026-10-08,静岡,3,033820261008,1791428040,1791427740,4,5,014179,肥後公允,両,71.21,,,,,0.07904813529035186,0.02664179490026564,0.12592166069606034,0.19000681589690105,position_specialists,0.02664179490026564,False,,,A,0.214,0.357,0.07,0.23,0.015030893120518828,0.010512236240308807,-0.1329541331627463,-0.04103206883556381,0.0012288151547001575,,0,,,0,,cumulative_place,,0.0,False,1.0,2.0,3.0,3,verified,winticket_line_prediction,provider_forecast_structure_only,2.664179490026564,12.592166069606034,19.000681589690103,4,4,2,coverage_validated_cumulative_scores_uncalibrated,,unavailable,,0,0
2026-10-08,静岡,3,033820261008,1791428040,1791427740,5,1,014434,山崎功也,追,74.38,,,,,0.017789616402001485,0.007268229385382531,0.10348446026114891,0.11178498444985834,position_specialists,0.007268229385382531,False,,,A,0.284,0.428,0.0,0.28,0.00788688358870272,-0.18048081483828043,0.03210975513156468,-0.04103206883556381,0.0012288151547001575,,0,,,0,,cumulative_place,,0.0,False,2.0,1.0,1.0,3,verified,winticket_line_prediction,provider_forecast_structure_only,0.7268229385382531,10.34844602611489,11.178498444985834,5,5,4,coverage_validated_cumulative_scores_uncalibrated,,unavailable,,0,0
2026-10-08,静岡,3,033820261008,1791428040,1791427740,6,4,014432,相澤恵一,追,70.57,,,,,0.006300272991823704,0.001751921188358294,0.03863524782904606,0.09084484520854565,position_specialists,0.001751921188358294,False,,,A,0.095,0.3329999999999999,0.13,0.4,-0.22106961645529546,-0.06338207336314958,-0.19119765376639533,0.19014861167700306,0.0012288151547001575,,0,,,0,,cumulative_place,,0.0028499614468495554,False,1.0,3.0,3.0,3,verified,winticket_line_prediction,provider_forecast_structure_only,0.1751921188358294,3.863524782904606,9.084484520854565,6,6,6,coverage_validated_cumulative_scores_uncalibrated,,unavailable,,0,0
2026-10-08,静岡,3,033820261008,1791428040,1791427740,7,6,011792,木下章,両,68.48,,,,,0.0031307236502165323,0.0006615529751538349,0.01490693757719165,0.0546243818994445,position_specialists,0.0006615529751538349,False,,,A,0.073,0.296,0.0,0.3,-0.11875359238867789,-0.08487374438466527,-0.2008643272830315,-0.04103206883556381,0.0012288151547001575,,0,,,0,,cumulative_place,,0.9971500385531504,False,3.0,3.0,3.0,3,verified,winticket_line_prediction,provider_forecast_structure_only,0.06615529751538349,1.490693757719165,5.46243818994445,7,7,7,coverage_validated_cumulative_scores_uncalibrated,,unavailable,,0,0
2026-10-08,大宮,4,042520261008,1791428880,1791428580,1,7,013748,佐々木省司,追,91.87,,,,,0.5807115540160024,0.693909789569886,0.24901518445960408,0.09181577365994589,position_specialists,0.693909789569886,False,,0.4872835784202108,S,0.3329999999999999,0.5,0.25,0.1,0.024567130954273632,0.3124412180927362,0.12595953707791752,-0.04923659639173309,0.0027665774801509673,,0,,,0,,cumulative_place,,,False,1.0,2.0,3.0,4,verified,winticket_line_prediction,provider_forecast_structure_only,69.3909789569886,24.90151844596041,9.18157736599459,1,2,5,coverage_validated_cumulative_scores_uncalibrated,,unavailable,,0,0
2026-10-08,大宮,4,042520261008,1791428880,1791428580,2,2,015507,上遠野拓馬,逃,87.45,,,,,0.21502016926206652,0.20662621114967522,0.29793583389142236,0.2639385982836237,position_specialists,0.20662621114967522,False,,,S,0.416,0.541,0.09,0.07,-0.008684425419869687,-0.030673922763413953,0.24053828257664667,0.08862587350511955,0.0016181868280128297,,0,,,0,,cumulative_place,,,False,1.0,1.0,3.0,4,verified,winticket_line_prediction,provider_forecast_structure_only,20.66262111496752,29.793583389142235,26.39385982836237,2,1,1,coverage_validated_cumulative_scores_uncalibrated,,unavailable,,0,0
2026-10-08,大宮,4,042520261008,1791428880,1791428580,3,3,012886,中井達郎,追,89.07,,,,,0.07835210940734388,0.03588700640106688,0.14029563658915917,0.15104515066857396,position_specialists,0.03588700640106688,False,,,S,0.142,0.285,0.1,0.15,-0.19216745254055018,0.07036504105476424,-0.15666962858447278,-0.04923659639173309,0.0019835838536931463,,0,,,0,,cumulative_place,,,False,4.0,2.0,2.0,4,verified,winticket_line_prediction,provider_forecast_structure_only,3.588700640106688,14.029563658915917,15.104515066857397,3,3,3,coverage_validated_cumulative_scores_uncalibrated,,unavailable,,0,0
2026-10-08,大宮,4,042520261008,1791428880,1791428580,4,1,014410,桶谷明誉,追,83.52,,,,,0.0459440956014508,0.02291388105493039,0.09143592878081962,0.13534035788401436,position_specialists,0.02291388105493039,False,,,S,0.294,0.47,0.05,0.0,0.1573196446658464,-0.16644524996750606,-0.015355045753277632,-0.04923659639173309,0.0012527898023325132,,0,,,0,,cumulative_place,,,False,3.0,1.0,1.0,4,verified,winticket_line_prediction,provider_forecast_structure_only,2.291388105493039,9.14359287808196,13.534035788401436,4,5,4,coverage_validated_cumulative_scores_uncalibrated,,unavailable,,0,0
2026-10-08,大宮,4,042520261008,1791428880,1791428580,5,4,013275,渡辺航平,追,85.52,,,,,0.024454766271960072,0.016237821875756463,0.11102714220073372,0.2096609667267071,position_specialists,0.016237821875756463,False,,,S,0.284,0.3329999999999999,0.17,0.29,0.03991474220476858,-0.1138215215569223,0.031749815190454084,0.15755710845354587,0.002035783428790334,,0,,,0,,cumulative_place,,,False,1.0,3.0,3.0,4,verified,winticket_line_prediction,provider_forecast_structure_only,1.6237821875756464,11.102714220073372,20.96609667267071,5,4,2,coverage_validated_cumulative_scores_uncalibrated,,unavailable,,0,0
2026-10-08,大宮,4,042520261008,1791428880,1791428580,6,5,012989,森岡正臣,追,84.38,,,,,0.029102442616527287,0.013488890967671242,0.06380731358974656,0.07849653751254375,position_specialists,0.013488890967671242,False,,,S,0.142,0.38,0.0,0.33,0.17982883396580068,-0.16644524996750606,-0.10956476764074106,-0.04923659639173309,0.0019835838536931463,,0,,,0,,cumulative_place,,,False,2.0,1.0,1.0,4,verified,winticket_line_prediction,provider_forecast_structure_only,1.348889096767124,6.380731358974656,7.849653751254375,6,6,6,coverage_validated_cumulative_scores_uncalibrated,,unavailable,,0,0
2026-10-08,大宮,4,042520261008,1791428880,1791428580,7,6,013468,勝俣亮,両,79.44,,,,,0.026414862824649058,0.010936398981013744,0.046482960488514406,0.06970261526459126,position_specialists,0.010936398981013744,False,,,S,0.111,0.185,0.12,0.09,-0.20077847383026967,0.28402510738594955,-0.1166581928665267,-0.04923659639173309,0.002035783428790334,,0,,,0,,cumulative_place,,,False,4.0,1.0,2.0,4,verified,winticket_line_prediction,provider_forecast_structure_only,1.0936398981013744,4.64829604885144,6.970261526459126,7,7,7,coverage_validated_cumulative_scores_uncalibrated,,unavailable,,0,0
2026-10-08,静岡,4,043820261008,1791429720,1791429420,1,2,015967,田崎隼翔,逃,79.71,,,,,0.8279058472448629,0.8940266155806903,0.4035146319703956,0.5258273036016302,position_specialists,0.89402661558069,False,,0.8285178803762274,S,0.809,0.904,0.13,0.13,0.15547084816806767,0.3356605185904241,0.24084519825030065,0.005352531144637534,0.00024620888913915926,,0,,,0,,cumulative_place,0.0,0.0,False,1.0,1.0,3.0,3,verified,winticket_line_prediction,provider_forecast_structure_only,89.40266155806903,40.351463197039564,52.58273036016302,1,1,1,coverage_validated_cumulative_scores_uncalibrated,,unavailable,,0,0
2026-10-08,静岡,4,043820261008,1791429720,1791429420,2,5,015998,木曽田晃大,逃,74.57,,,,,0.09652160976556938,0.06550873520446261,0.09599989483295283,0.0680505517601789,position_specialists,0.06550873520446258,False,,,S,0.523,0.7140000000000001,0.15,0.2,0.04861473553972369,0.17566740967344407,0.09992925063556318,0.11151106551328209,0.0034058896330917,,0,,,0,,cumulative_place,0.0,0.0,False,3.0,1.0,3.0,3,verified,winticket_line_prediction,provider_forecast_structure_only,6.550873520446261,9.599989483295284,6.80505517601789,2,4,5,coverage_validated_cumulative_scores_uncalibrated,,unavailable,,0,0
2026-10-08,静岡,4,043820261008,1791429720,1791429420,3,1,014392,北村篤,追,75.55,,,,,0.04851136569668957,0.0332416108345917,0.20477802072940296,0.08795712786683056,position_specialists,0.033241610834591685,False,,,S,0.444,0.5920000000000001,0.22,0.15,0.15674538332725074,0.11699158405482436,0.1404743715326895,0.005352531144637534,0.001107940001126216,,0,,,0,,cumulative_place,0.0,0.0,False,3.0,2.0,3.0,3,verified,winticket_line_prediction,provider_forecast_structure_only,3.32416108345917,20.477802072940296,8.795712786683056,3,2,4,coverage_validated_cumulative_scores_uncalibrated,,unavailable,,0,0
2026-10-08,静岡,4,043820261008,1791429720,1791429420,4,3,014994,野口修平,逃,76.66,,,,,0.011533524083216196,0.0030925024444370505,0.08095366274010725,0.1010281731289757,position_specialists,0.0030925024444370497,False,,,S,0.3329999999999999,0.6659999999999999,0.0,0.0,-0.2134478894687074,-0.1131062210816814,-0.21810717134363627,0.11151106551328209,0.0013951837051219018,,0,,,0,,cumulative_place,0.0,0.0,False,3.0,3.0,3.0,3,verified,winticket_line_prediction,provider_forecast_structure_only,0.3092502444437051,8.095366274010726,10.102817312897571,4,5,3,coverage_validated_cumulative_scores_uncalibrated,,unavailable,,0,0
2026-10-08,静岡,4,043820261008,1791429720,1791429420,5,4,013926,早坂道義,追,71.18,,,,,0.007447481633522047,0.002210840022204428,0.14821546321149484,0.1168435336261818,position_specialists,0.002210840022204427,False,,,S,0.222,0.407,0.21,0.21,-0.005450588354039838,0.005692030025620885,-0.05511556094530639,-0.09456138355526321,0.0016208751868327972,,0,,,0,,cumulative_place,1.0,0.0,False,1.0,2.0,3.0,3,verified,winticket_line_prediction,provider_forecast_structure_only,0.22108400222044278,14.821546321149484,11.68435336261818,5,3,2,coverage_validated_cumulative_scores_uncalibrated,,unavailable,,0,0
2026-10-08,静岡,4,043820261008,1791429720,1791429420,6,7,012878,安藤宜明,追,73.6,,,,,0.003950976285171785,0.0012147486983050471,0.035572890742970126,0.04470541818771567,position_specialists,0.0012147486983050467,False,,,S,0.35,0.6,0.06,0.06,-0.000681323544255005,-0.1657299494922652,-0.022517238865640412,-0.04460442620531284,0.0019081188908284825,,0,,,0,,cumulative_place,0.0,0.0,False,2.0,1.0,1.0,3,verified,winticket_line_prediction,provider_forecast_structure_only,0.1214748698305047,3.5572890742970125,4.470541818771567,6,6,7,coverage_validated_cumulative_scores_uncalibrated,,unavailable,,0,0
2026-10-08,静岡,4,043820261008,1791429720,1791429420,7,6,014496,天沼雅貴,追,68.51,,,,,0.0041291952909681354,0.0007049472153090551,0.030965435772676377,0.055587891828487224,position_specialists,0.0007049472153090549,False,,,S,0.073,0.222,0.07,0.07,-0.1412511656680402,-0.1131062210816814,-0.18550884926397032,-0.09456138355526321,0.002626228150817697,,0,,,0,,cumulative_place,0.0,1.0,False,1.0,3.0,3.0,3,verified,winticket_line_prediction,provider_forecast_structure_only,0.07049472153090551,3.0965435772676377,5.558789182848722,7,7,6,coverage_validated_cumulative_scores_uncalibrated,,unavailable,,0,0
2026-10-08,大宮,5,052520261008,1791430620,1791430320,1,7,014905,加瀬加奈子,逃,49.88,,,,,0.4916835326681364,0.5210324667976858,0.20979003187994003,0.1916496820918767,position_specialists,0.5210324667976858,False,,0.18991828665179583,B,0.23,0.307,0.0,0.0,0.062041497174992855,-0.03155401244818636,0.24618189409979205,-0.06737281549104632,0.0009751328557914597,,0,,,0,,cumulative_place,,,False,1.0,1.0,1.0,7,incomplete,winticket_line_prediction,provider_forecast_structure_only,52.103246679768574,20.979003187994003,19.16496820918767,1,2,2,coverage_validated_cumulative_scores_uncalibrated,,unavailable,,0,0
2026-10-08,大宮,5,052520261008,1791430620,1791430320,2,4,015399,高木佑真,両,50.3,,,,,0.22826101325603618,0.33111418014588995,0.2667457690142603,0.25413762992134203,position_specialists,0.33111418014588995,False,,,B,0.166,0.266,0.0,0.0,0.22509736755115892,-0.03155401244818636,0.17594612183011105,0.1453834439543631,0.0011524297386626343,,0,,,0,,cumulative_place,,,False,3.0,1.0,1.0,7,incomplete,winticket_line_prediction,provider_forecast_structure_only,33.11141801458899,26.67457690142603,25.413762992134203,2,1,1,coverage_validated_cumulative_scores_uncalibrated,,unavailable,,0,0
2026-10-08,大宮,5,052520261008,1791430620,1791430320,3,1,015864,田野口佳奈,両,49.14,,,,,0.11106813389936916,0.058016491641442514,0.1706329263194589,0.17945800953856092,position_specialists,0.058016491641442514,False,,,B,0.095,0.285,0.0,0.0,-0.15580467069416692,-0.03155401244818636,-0.031899975078154216,-0.003545937657423498,0.0023048594773252685,,0,,,0,,cumulative_place,,,False,2.0,1.0,1.0,7,incomplete,winticket_line_prediction,provider_forecast_structure_only,5.801649164144251,17.063292631945888,17.945800953856093,3,3,3,coverage_validated_cumulative_scores_uncalibrated,,unavailable,,0,0
2026-10-08,大宮,5,052520261008,1791430620,1791430320,4,5,015151,山本知佳,両,49.75,,,,,0.09644292617228944,0.05535471863653516,0.1440573393755888,0.12483017897707406,position_specialists,0.05535471863653516,False,,,B,0.0,0.083,0.0,0.0,0.11307076153432012,-0.03155401244818636,-0.18786402608993033,-0.06737281549104632,0.003014047008809967,,0,,,0,,cumulative_place,,,False,6.0,1.0,1.0,7,incomplete,winticket_line_prediction,provider_forecast_structure_only,5.535471863653516,14.405733937558878,12.483017897707406,4,4,5,coverage_validated_cumulative_scores_uncalibrated,,unavailable,,0,0
2026-10-08,大宮,5,052520261008,1791430620,1791430320,5,6,015498,國村美留莉,追,48.83,,,,,0.043919025357650784,0.0258645053439318,0.10113700336816521,0.12450339267780873,position_specialists,0.0258645053439318,False,,,B,0.111,0.166,0.0,0.0,-0.07308267446084318,-0.03155401244818636,-0.01449998867188828,0.06028094017619932,0.0014183750629693963,,0,,,0,,cumulative_place,,,False,7.0,1.0,1.0,7,incomplete,winticket_line_prediction,provider_forecast_structure_only,2.58645053439318,10.113700336816521,12.450339267780873,5,6,6,coverage_validated_cumulative_scores_uncalibrated,,unavailable,,0,0
2026-10-08,大宮,5,052520261008,1791430620,1791430320,6,3,015774,金田舞夏,両,47.7,,,,,0.028625368646517872,0.008617637434514838,0.10763693004258675,0.1254211067933375,position_specialists,0.008617637434514838,False,,,B,0.0,0.083,0.0,0.0,-0.17132228110546133,-0.03155401244818636,-0.18786402608993033,-0.06737281549104632,0.0023048594773252685,,0,,,0,,cumulative_place,,,False,4.0,1.0,1.0,7,incomplete,winticket_line_prediction,provider_forecast_structure_only,0.8617637434514838,10.763693004258675,12.542110679333751,6,5,4,coverage_validated_cumulative_scores_uncalibrated,,unavailable,,0,0
2026-10-08,静岡,5,053820261008,1791431520,1791431220,1,7,015986,鈴木那樹,逃,79.55,,,,,0.9588649044081313,0.9761136429298692,0.7773879365315838,0.8340156101129904,position_specialists,0.9761136429298692,False,,0.964470727173814,S,0.809,0.809,0.19,0.0,0.28497560987722936,0.4138231244093629,0.10407595864842994,0.19595917942265423,0.004800114153893734,,0,,,0,,cumulative_place,0.0,0.0,False,1.0,1.0,3.0,3,verified,winticket_line_prediction,provider_forecast_structure_only,97.61136429298692,77.73879365315838,83.40156101129904,1,1,1,coverage_validated_cumulative_scores_uncalibrated,,unavailable,,0,0
2026-10-08,静岡,5,053820261008,1791431520,1791431220,2,3,015241,山田祐太,逃,72.03,,,,,0.016563255655991763,0.011642915756055215,0.03775743742284818,0.02361084550691913,position_specialists,0.011642915756055215,False,,,S,0.406,0.5920000000000001,0.18,0.1,0.04030820963128688,-0.004486978742613187,0.11216356632867222,-0.032659863237109045,0.0009931270663228416,,0,,,0,,cumulative_place,0.0,0.0,False,3.0,1.0,2.0,3,verified,winticket_line_prediction,provider_forecast_structure_only,1.1642915756055214,3.775743742284818,2.361084550691913,2,4,3,coverage_validated_cumulative_scores_uncalibrated,,unavailable,,0,0
2026-10-08,静岡,5,053820261008,1791431520,1791431220,3,5,013521,中野良,追,72.54,,,,,0.006742496320608349,0.004751874597249642,0.03883011442837247,0.017691800401169053,position_specialists,0.004751874597249642,False,,,S,0.2689999999999999,0.423,0.33,0.15,0.04030820963128688,0.04092450651017791,0.08047602120884269,-0.032659863237109045,0.00016552117772047358,,0,,,0,,cumulative_place,0.0,0.0,False,3.0,2.0,2.0,3,verified,winticket_line_prediction,provider_forecast_structure_only,0.4751874597249642,3.8830114428372466,1.7691800401169053,3,3,6,coverage_validated_cumulative_scores_uncalibrated,,unavailable,,0,0
2026-10-08,静岡,5,053820261008,1791431520,1791431220,4,2,012893,吉野猛,追,70.9,,,,,0.0044723619507263035,0.002742121287707605,0.016972574673257003,0.01761118942873586,position_specialists,0.002742121287707605,False,,,S,0.266,0.433,0.19,0.08,-0.09321929827636771,0.0481367496679706,0.12025117400891448,-0.032659863237109045,0.0009931270663228416,,0,,,0,,cumulative_place,0.0,0.0,False,2.0,2.0,2.0,3,verified,winticket_line_prediction,provider_forecast_structure_only,0.2742121287707605,1.6972574673257004,1.7611189428735858,4,5,7,coverage_validated_cumulative_scores_uncalibrated,,unavailable,,0,0
2026-10-08,静岡,5,053820261008,1791431520,1791431220,5,4,012885,田中智也,追,68.52,,,,,0.007155537348432026,0.002426345564839213,0.10462779059168864,0.06647907756858444,position_specialists,0.002426345564839213,False,,,S,0.0,0.176,0.12,0.18,-0.09330798555509495,-0.009561195594370926,-0.19795004839165975,-0.032659863237109045,0.0009931270663228416,,0,,,0,,cumulative_place,1.0,0.053074533107470484,False,1.0,2.0,3.0,3,verified,winticket_line_prediction,provider_forecast_structure_only,0.2426345564839213,10.462779059168865,6.647907756858444,5,2,2,coverage_validated_cumulative_scores_uncalibrated,,unavailable,,0,0
2026-10-08,静岡,5,053820261008,1791431520,1791431220,6,6,015355,磯村蓮太,逃,68.09,,,,,0.004669946763742465,0.0017830127668645311,0.013812630176796854,0.019861391185295788,position_specialists,0.0017830127668645311,False,,,S,0.237,0.285,0.2,0.13,-0.07100905726445554,-0.04776043768936933,-0.10061692901168331,-0.032659863237109045,0.0009931270663228416,,0,,,0,,cumulative_place,0.0,0.0,False,2.0,1.0,2.0,3,verified,winticket_line_prediction,provider_forecast_structure_only,0.17830127668645313,1.3812630176796854,1.986139118529579,6,6,5,coverage_validated_cumulative_scores_uncalibrated,,unavailable,,0,0
2026-10-08,静岡,5,053820261008,1791431520,1791431220,7,1,014381,吉澤賢,追,68.71,,,,,0.001531497552367885,0.0005400870974146008,0.010611516175453115,0.020730085796305267,position_specialists,0.0005400870974146008,False,,,S,0.133,0.266,0.05,0.18,-0.10805568804388484,-0.07270966968707147,-0.11839974279151622,-0.032659863237109045,0.0009931270663228416,,0,,,0,,cumulative_place,0.0,0.9469254668925295,False,1.0,3.0,3.0,3,verified,winticket_line_prediction,provider_forecast_structure_only,0.054008709741460076,1.0611516175453115,2.073008579630527,7,7,4,coverage_validated_cumulative_scores_uncalibrated,,unavailable,,0,0
2026-10-08,大宮,6,062520261008,1791432420,1791432120,1,1,015706,山田駿斗,逃,102.0,,,,,0.4630158625862637,0.5949705154566765,0.17445490804039102,0.13024070144577743,position_specialists,0.5949705154566765,False,,0.4456335394160136,S,0.3329999999999999,0.4579999999999999,0.15,0.11,-0.12449115179401321,0.11500887388850219,0.16406060034125614,0.11764369578562564,0.0027306632416192285,,0,,,0,,cumulative_place,,,False,1.0,1.0,3.0,3,verified,winticket_line_prediction,provider_forecast_structure_only,59.497051545667645,17.445490804039103,13.024070144577744,1,3,4,coverage_validated_cumulative_scores_uncalibrated,,unavailable,,0,0
2026-10-08,大宮,6,062520261008,1791432420,1791432120,2,7,014071,朝倉佳弘,追,98.4,,,,,0.20195814313056573,0.14933697604066284,0.2597670842592476,0.22897119372889957,position_specialists,0.14933697604066284,False,,,S,0.18,0.318,0.14,0.13,0.027063293868263748,0.037845389433516355,0.01576500076819083,-0.06633101996423574,0.0019504737440137355,,0,,,0,,cumulative_place,,,False,1.0,2.0,3.0,3,verified,winticket_line_prediction,provider_forecast_structure_only,14.933697604066284,25.97670842592476,22.897119372889957,2,1,1,coverage_validated_cumulative_scores_uncalibrated,,unavailable,,0,0
2026-10-08,大宮,6,062520261008,1791432420,1791432120,3,2,014831,伊藤裕貴,両,99.04,,,,,0.1147764714649624,0.08751422343011413,0.1948103971981904,0.14200988391145064,position_specialists,0.08751422343011413,False,,,S,0.16,0.44,0.15,0.17,0.17861773953054036,-0.11211874862624464,0.001970625096023854,-0.06633101996423574,0.0027306632416192298,,0,,,0,,cumulative_place,,,False,2.0,1.0,2.0,3,verified,winticket_line_prediction,provider_forecast_structure_only,8.751422343011413,19.48103971981904,14.200988391145064,3,2,3,coverage_validated_cumulative_scores_uncalibrated,,unavailable,,0,0
2026-10-08,大宮,6,062520261008,1791432420,1791432120,4,3,015130,瀬戸栄作,両,95.45,,,,,0.1021830352444351,0.08114892309227661,0.11029052942839147,0.11189672834032884,position_specialists,0.08114892309227661,False,,,S,0.2,0.3,0.04,0.04,0.027063293868263748,0.3136432167728518,-0.012858934861282673,-0.06633101996423574,0.0015603789952109877,,0,,,0,,cumulative_place,,,False,3.0,2.0,2.0,3,verified,winticket_line_prediction,provider_forecast_structure_only,8.114892309227661,11.029052942839147,11.189672834032883,4,5,5,coverage_validated_cumulative_scores_uncalibrated,,unavailable,,0,0
2026-10-08,大宮,6,062520261008,1791432420,1791432120,5,5,015727,中原航大,逃,95.2,,,,,0.07505311156740979,0.06771944087183858,0.11038820154614526,0.09054430703458363,position_specialists,0.06771944087183858,False,,,S,0.16,0.36,0.12,0.15,0.10284051669940206,0.22857268514587556,-0.05424206187778363,0.10888299503563226,0.0015603789952109877,,0,,,0,,cumulative_place,,,False,3.0,1.0,2.0,3,verified,winticket_line_prediction,provider_forecast_structure_only,6.771944087183858,11.038820154614527,9.054430703458364,5,4,6,coverage_validated_cumulative_scores_uncalibrated,,unavailable,,0,0
2026-10-08,大宮,6,062520261008,1791432420,1791432120,6,4,013976,明田春喜,追,96.39,,,,,0.023344688933193476,0.0113952353863533,0.08796582741381546,0.21136641865514566,position_specialists,0.0113952353863533,False,,,S,0.178,0.25,0.14,0.09,-0.16237976320958233,-0.17131369913295003,0.08887761626958395,-0.06633101996423574,0.0007801894976054931,,0,,,0,,cumulative_place,,,False,1.0,3.0,3.0,3,verified,winticket_line_prediction,provider_forecast_structure_only,1.13952353863533,8.796582741381547,21.136641865514566,6,6,2,coverage_validated_cumulative_scores_uncalibrated,,unavailable,,0,0
2026-10-08,大宮,6,062520261008,1791432420,1791432120,7,6,012688,佐藤成人,追,94.07,,,,,0.01966868707316986,0.007914685722078063,0.062323052113818764,0.08497076688381418,position_specialists,0.007914685722078063,False,,,S,0.038,0.115,0.23,0.08,-0.048713928962874825,-0.043271618607464646,-0.20357284573598844,0.03879738903568504,0.0019504737440137355,,0,,,0,,cumulative_place,,,False,2.0,2.0,2.0,3,verified,winticket_line_prediction,provider_forecast_structure_only,0.7914685722078063,6.232305211381877,8.497076688381417,7,7,7,coverage_validated_cumulative_scores_uncalibrated,,unavailable,,0,0
2026-10-08,静岡,6,063820261008,1791433320,1791433020,1,4,014455,小野裕次,追,90.73,,,,,0.681403554179669,0.8495720350858926,0.2739491884058487,0.1752653959204132,position_specialists,0.8495720350858926,False,,0.7878892368090237,S,0.583,0.6659999999999999,0.27,0.08,0.20972396799788412,0.38978260473821486,0.21272700108574102,-0.06810052246069989,0.001955803048088919,,0,,,0,,cumulative_place,,,False,2.0,2.0,3.0,3,verified,winticket_line_prediction,provider_forecast_structure_only,84.95720350858926,27.39491884058487,17.52653959204132,1,1,2,coverage_validated_cumulative_scores_uncalibrated,,unavailable,,0,0
2026-10-08,静岡,6,063820261008,1791433320,1791433020,2,5,014400,志水祐彦,追,86.64,,,,,0.11506035925950855,0.06168279827686894,0.15261914845752136,0.08020882583898134,position_specialists,0.06168279827686894,False,,,S,0.2769999999999999,0.3879999999999999,0.24,0.08,0.032035065565652034,0.21941240761679282,-0.038437175716225035,-0.06810052246069989,0.0026763620658058897,,0,,,0,,cumulative_place,,,False,1.0,2.0,2.0,3,verified,winticket_line_prediction,provider_forecast_structure_only,6.168279827686894,15.261914845752136,8.020882583898134,2,4,6,coverage_validated_cumulative_scores_uncalibrated,,unavailable,,0,0
2026-10-08,静岡,6,063820261008,1791433320,1791433020,3,3,015247,小玉勇一,両,83.61,,,,,0.07489769155354725,0.03223757817272656,0.15556564852586574,0.16292609562254137,position_specialists,0.03223757817272656,False,,,S,0.237,0.285,0.08,0.17,-0.1089871282905608,-0.003581517915212975,0.043282001042264026,0.059020452799273246,0.001955803048088919,,0,,,0,,cumulative_place,,,False,3.0,1.0,2.0,3,verified,winticket_line_prediction,provider_forecast_structure_only,3.2237578172726558,15.556564852586574,16.29260956225414,3,3,3,coverage_validated_cumulative_scores_uncalibrated,,unavailable,,0,0
2026-10-08,静岡,6,063820261008,1791433320,1791433020,4,7,013183,坂木田雄介,逃,81.67,,,,,0.05867160204662395,0.027679856494891183,0.2266345975878662,0.27711594341523005,position_specialists,0.027679856494891183,False,,,S,0.161,0.322,0.11,0.11,-0.1470640948887347,0.034278525889547454,0.10665512694022232,0.10669081852176315,0.0012867125316374467,,0,,,0,,cumulative_place,,,False,2.0,1.0,3.0,3,verified,winticket_line_prediction,provider_forecast_structure_only,2.7679856494891184,22.66345975878662,27.711594341523003,4,2,1,coverage_validated_cumulative_scores_uncalibrated,,unavailable,,0,0
2026-10-08,静岡,6,063820261008,1791433320,1791433020,5,1,015101,松岡晋乃介,逃,81.19,,,,,0.051628972795401275,0.02437340448135448,0.10001373607012035,0.1466882396273397,position_specialists,0.02437340448135448,False,,,S,0.19,0.3329999999999999,0.08,0.19,0.15048591434889896,-0.04144156171997343,-0.02409555587336018,0.10669081852176315,0.0005661535139204763,,0,,,0,,cumulative_place,,,False,1.0,1.0,2.0,3,verified,winticket_line_prediction,provider_forecast_structure_only,2.4373404481354477,10.001373607012034,14.66882396273397,5,5,4,coverage_validated_cumulative_scores_uncalibrated,,unavailable,,0,0
2026-10-08,静岡,6,063820261008,1791433320,1791433020,6,2,014456,亀井久幸,追,80.91,,,,,0.012345658960699134,0.003326176331211466,0.06772228557546094,0.12402039636068476,position_specialists,0.003326176331211466,False,,,S,0.083,0.291,0.0,0.26,0.034848364891468774,-0.14661641691399133,-0.12215856798354705,-0.06810052246069989,0.002367551058212902,,0,,,0,,cumulative_place,,,False,2.0,3.0,3.0,3,verified,winticket_line_prediction,provider_forecast_structure_only,0.3326176331211466,6.772228557546094,12.402039636068476,6,6,5,coverage_validated_cumulative_scores_uncalibrated,,unavailable,,0,0
2026-10-08,静岡,6,063820261008,1791433320,1791433020,7,6,013175,峠祐介,追,77.12,,,,,0.00599216120455084,0.0011281511570547793,0.023495395377316777,0.033775103214809594,position_specialists,0.0011281511570547793,False,,,S,0.0,0.04,0.0,0.09,-0.17104208962460896,-0.08346794282129076,-0.17797282949509508,-0.06810052246069989,0.002367551058212902,,0,,,0,,cumulative_place,,,False,3.0,2.0,2.0,3,verified,winticket_line_prediction,provider_forecast_structure_only,0.11281511570547793,2.349539537731678,3.3775103214809596,7,7,7,coverage_validated_cumulative_scores_uncalibrated,,unavailable,,0,0
2026-10-08,大宮,7,072520261008,1791434220,1791433920,1,2,015474,阿部将大,逃,108.63,,,,,0.6843169672962448,0.7522302674658656,0.19326324959483313,0.20937194891457203,position_specialists,0.7522302674658656,False,,0.6623123297250457,S,0.18,0.318,0.21,0.1,-0.17078184689394316,0.15538552555471066,0.03984465960734018,0.07259881703784242,0.0023330670550716836,,0,,,0,,cumulative_place,,,False,2.0,1.0,2.0,3,verified,winticket_line_prediction,provider_forecast_structure_only,75.22302674658657,19.326324959483316,20.937194891457203,1,2,1,coverage_validated_cumulative_scores_uncalibrated,,unavailable,,0,0
2026-10-08,大宮,7,072520261008,1791434220,1791433920,2,5,014268,山口貴弘,追,99.19,,,,,0.08247340592726456,0.08991793774081995,0.2296967474702737,0.14275431354288334,position_specialists,0.08991793774081995,False,,,S,0.3329999999999999,0.428,0.21,0.21,0.2154938691563056,0.0127013058957682,0.20600894405059994,-0.060499014198202014,0.0015096316238699132,,0,,,0,,cumulative_place,,,False,2.0,2.0,2.0,3,verified,winticket_line_prediction,provider_forecast_structure_only,8.991793774081994,22.969674747027373,14.275431354288335,2,1,4,coverage_validated_cumulative_scores_uncalibrated,,unavailable,,0,0
2026-10-08,大宮,7,072520261008,1791434220,1791433920,3,1,014604,菱田浩二,逃,97.45,,,,,0.09248411500921926,0.069755164906858,0.16023918611667784,0.19232349419964073,position_specialists,0.069755164906858,False,,,S,0.2269999999999999,0.409,0.12,0.12,-0.023833102999468666,0.008904564502565973,0.07674776209847624,0.012099802839640406,0.0004117177156008853,,0,,,0,,cumulative_place,,,False,1.0,1.0,3.0,3,verified,winticket_line_prediction,provider_forecast_structure_only,6.9755164906858,16.02391861166779,19.232349419964073,3,3,3,coverage_validated_cumulative_scores_uncalibrated,,unavailable,,0,0
2026-10-08,大宮,7,072520261008,1791434220,1791433920,4,4,014310,三谷政史,追,98.68,,,,,0.06471662569439594,0.04262703054716361,0.15161804489226988,0.2050459282367541,position_specialists,0.04262703054716361,False,,,S,0.12,0.36,0.26,0.21,0.15040089871159343,-0.03612568112161336,-0.06474757186192781,-0.060499014198202014,0.0015096316238699132,,0,,,0,,cumulative_place,,,False,1.0,2.0,3.0,3,verified,winticket_line_prediction,provider_forecast_structure_only,4.262703054716361,15.16180448922699,20.50459282367541,4,4,2,coverage_validated_cumulative_scores_uncalibrated,,unavailable,,0,0
2026-10-08,大宮,7,072520261008,1791434220,1791433920,5,7,015786,角田光,逃,95.57,,,,,0.03447203495286897,0.02162127709348002,0.09800229946674288,0.06613171475873147,position_specialists,0.02162127709348002,False,,,S,0.157,0.315,0.12,0.11,-0.21911201433360514,0.3629002203785824,-0.06066952119250102,-0.060499014198202014,0.003533910392240933,,0,,,0,,cumulative_place,,,False,3.0,1.0,2.0,3,verified,winticket_line_prediction,provider_forecast_structure_only,2.162127709348002,9.80022994667429,6.6131714758731475,5,6,7,coverage_validated_cumulative_scores_uncalibrated,,unavailable,,0,0
2026-10-08,大宮,7,072520261008,1791434220,1791433920,6,3,015097,長谷部翔,両,98.3,,,,,0.030744525291336665,0.01838310064207453,0.1036842058642961,0.10844324908781557,position_specialists,0.01838310064207453,False,,,S,0.13,0.347,0.13,0.07,0.05490249635353729,-0.02391893436726797,-0.06474757186192781,-0.060499014198202014,0.0017498002913037632,,0,,,0,,cumulative_place,,,False,3.0,2.0,2.0,3,verified,winticket_line_prediction,provider_forecast_structure_only,1.8383100642074528,10.368420586429611,10.844324908781557,6,5,5,coverage_validated_cumulative_scores_uncalibrated,,unavailable,,0,0
2026-10-08,大宮,7,072520261008,1791434220,1791433920,7,6,014481,徳丸泰教,追,94.23,,,,,0.010792325828669812,0.005465221603738294,0.0634962665949064,0.0759293512596027,position_specialists,0.005465221603738294,False,,,S,0.0579999999999999,0.147,0.04,0.16,-0.007070299994418484,-0.1114809019686593,-0.13243670084005976,0.15729743691532524,0.0015096316238699132,,0,,,0,,cumulative_place,,,False,1.0,3.0,3.0,3,verified,winticket_line_prediction,provider_forecast_structure_only,0.5465221603738294,6.3496266594906405,7.59293512596027,7,7,6,coverage_validated_cumulative_scores_uncalibrated,,unavailable,,0,0
2026-10-08,静岡,7,073820261008,1791435120,1791434820,1,1,014459,根藤浩二,両,86.0,,,,,0.22314641880310387,0.3172672925004104,0.11194850606876774,0.07190611948649187,position_specialists,0.31726729250041036,False,,0.00867833530601031,C,0.29,0.5,0.16,0.12,0.07982791415786708,0.06381545974891017,0.13388488692927403,0.05924320786262412,0.00030969942588376833,,0,,,0,,cumulative_place,,,False,2.0,1.0,2.0,3,verified,winticket_line_prediction,provider_forecast_structure_only,31.726729250041043,11.194850606876777,7.190611948649188,1,5,7,coverage_validated_cumulative_scores_uncalibrated,,unavailable,,0,0
2026-10-08,静岡,7,073820261008,1791435120,1791434820,2,2,015885,五輪拓巳,逃,81.66,,,,,0.3055834031349787,0.3085889571944001,0.1568054016079595,0.1441105279165958,position_specialists,0.30858895719440005,False,,,C,0.237,0.285,0.09,0.09,0.010312901382760815,0.2895040186668295,0.05578234665849412,-0.05344767665867177,0.0030255251605568107,,0,,,0,,cumulative_place,,,False,1.0,1.0,3.0,3,verified,winticket_line_prediction,provider_forecast_structure_only,30.85889571944001,15.680540160795951,14.411052791659582,2,3,4,coverage_validated_cumulative_scores_uncalibrated,,unavailable,,0,0
2026-10-08,静岡,7,073820261008,1791435120,1791434820,3,7,012417,須藤直道,追,82.24,,,,,0.24126875279467924,0.17722731829110375,0.1972078679662811,0.27895091810152234,position_specialists,0.17722731829110372,False,,,C,0.1369999999999999,0.31,0.09,0.05,-0.03801866876186795,0.09907852978119251,-0.002695487097403894,-0.05344767665867177,0.0003573454914043474,,0,,,0,,cumulative_place,,,False,1.0,2.0,3.0,3,verified,winticket_line_prediction,provider_forecast_structure_only,17.722731829110376,19.72078679662811,27.89509181015224,3,2,1,coverage_validated_cumulative_scores_uncalibrated,,unavailable,,0,0
2026-10-08,静岡,7,073820261008,1791435120,1791434820,4,4,012963,荻野哲,追,85.5,,,,,0.09545977895252075,0.10674801575862831,0.2630173122221886,0.11995139634253735,position_specialists,0.10674801575862829,False,,,C,0.307,0.461,0.25,0.13,0.05267978664371563,-0.05716739562352091,0.1616474848855543,-0.01738659361185708,0.001477028031137971,,0,,,0,,cumulative_place,,,False,2.0,2.0,2.0,3,verified,winticket_line_prediction,provider_forecast_structure_only,10.674801575862832,26.301731222218866,11.995139634253736,4,1,5,coverage_validated_cumulative_scores_uncalibrated,,unavailable,,0,0
2026-10-08,静岡,7,073820261008,1791435120,1791434820,5,3,015266,福田真平,追,83.22,,,,,0.07533124897986793,0.05704489941233042,0.11753149230065886,0.14763605185452652,position_specialists,0.05704489941233041,False,,,C,0.0,0.222,0.09,0.18,0.08311730213732213,0.16852116329439842,-0.16703845908036208,-0.05344767665867177,0.0021440729484260867,,0,,,0,,cumulative_place,,,False,3.0,2.0,2.0,3,verified,winticket_line_prediction,provider_forecast_structure_only,5.704489941233042,11.753149230065889,14.763605185452656,5,4,3,coverage_validated_cumulative_scores_uncalibrated,,unavailable,,0,0
2026-10-08,静岡,7,073820261008,1791435120,1791434820,6,6,014941,江端隆司,逃,79.95,,,,,0.04798055912169873,0.028491073602535114,0.07207666968235898,0.07261074890721733,position_specialists,0.028491073602535107,False,,,C,0.047,0.095,0.08,0.07,-0.2286696524361645,0.06381545974891017,-0.055628056210933974,0.17193409238392002,0.0026920027019127525,,0,,,0,,cumulative_place,,,False,3.0,1.0,2.0,3,verified,winticket_line_prediction,provider_forecast_structure_only,2.8491073602535115,7.207666968235899,7.261074890721735,6,7,6,coverage_validated_cumulative_scores_uncalibrated,,unavailable,,0,0
2026-10-08,静岡,7,073820261008,1791435120,1791434820,7,5,013548,手島志誠,追,80.41,,,,,0.011229838213150805,0.00463244324059203,0.08141275015178515,0.16483423739110872,position_specialists,0.004632443240592029,False,,,C,0.083,0.3329999999999999,0.03,0.3,0.040750416876367324,-0.2592011367426334,-0.12595271608462252,-0.05344767665867177,0.0021440729484260867,,0,,,0,,cumulative_place,,,False,1.0,3.0,3.0,3,verified,winticket_line_prediction,provider_forecast_structure_only,0.46324432405920296,8.141275015178516,16.483423739110876,7,6,2,coverage_validated_cumulative_scores_uncalibrated,,unavailable,,0,0
2026-10-08,大宮,8,082520261008,1791436020,1791435720,1,7,015799,森田一郎,逃,108.55,,,,,0.5344813379504466,0.5994014453463266,0.24462485854779992,0.21756984066944424,position_specialists,0.5994014453463264,False,,0.3810837171054672,A,0.35,0.45,0.11,0.11,0.053896106399552154,0.14781084392495522,0.1090369324130604,0.011826247919781657,0.001466958074937319,,0,,,0,,cumulative_place,,0.0,False,1.0,1.0,3.0,3,verified,winticket_line_prediction,provider_forecast_structure_only,59.94014453463266,24.46248585477999,21.756984066944423,1,2,2,coverage_validated_cumulative_scores_uncalibrated,,unavailable,,0,0
2026-10-08,大宮,8,082520261008,1791436020,1791435720,2,4,015211,平尾一晃,逃,101.69,,,,,0.16112712712520053,0.21831772824085935,0.16092946611597633,0.1793743658495904,position_specialists,0.2183177282408593,False,,,A,0.5,0.5760000000000001,0.09,0.08,0.23258762917136327,0.14781084392495522,0.2401007670510572,0.09460998335825321,0.0019233450315844852,,0,,,0,,cumulative_place,,0.0,False,3.0,1.0,2.0,3,verified,winticket_line_prediction,provider_forecast_structure_only,21.831772824085935,16.092946611597633,17.93743658495904,2,3,3,coverage_validated_cumulative_scores_uncalibrated,,unavailable,,0,0
2026-10-08,大宮,8,082520261008,1791436020,1791435720,3,1,014811,笠松将太,逃,96.28,,,,,0.16631868465654345,0.09938769641972509,0.25145137529830025,0.26684655840819144,position_specialists,0.09938769641972506,False,,,A,0.214,0.285,0.21,0.0,-0.15166786000813184,0.32806692498655604,0.005159130594768016,-0.013008872711759812,0.0026079254665552333,,0,,,0,,cumulative_place,,0.0,False,1.0,2.0,3.0,3,verified,winticket_line_prediction,provider_forecast_structure_only,9.938769641972508,25.145137529830023,26.684655840819143,3,1,1,coverage_validated_cumulative_scores_uncalibrated,,unavailable,,0,0
2026-10-08,大宮,8,082520261008,1791436020,1791435720,4,2,013804,湊聖二,追,102.18,,,,,0.06698678535832558,0.04375151035705352,0.12370153217736884,0.06309102347400561,position_specialists,0.04375151035705351,False,,,A,0.363,0.4539999999999999,0.25,0.08,-0.0033401530635083707,0.024940087440390384,0.021205314134198378,0.02838299500747596,0.0014995571432692596,,0,,,0,,cumulative_place,,0.0,False,2.0,2.0,2.0,3,verified,winticket_line_prediction,provider_forecast_structure_only,4.375151035705352,12.370153217736885,6.309102347400561,4,4,7,coverage_validated_cumulative_scores_uncalibrated,,unavailable,,0,0
2026-10-08,大宮,8,082520261008,1791436020,1791435720,5,5,015468,和泉尚吾,両,100.14,,,,,0.04859254576535686,0.03311659468482872,0.087541189289628,0.06620146532727522,position_specialists,0.033116594684828714,False,,,A,0.259,0.407,0.12,0.14,0.06571895885866193,0.020178491273938025,0.05731922829757445,0.003547874375934492,0.0005541841616429869,,0,,,0,,cumulative_place,,0.0,False,2.0,1.0,2.0,3,verified,winticket_line_prediction,provider_forecast_structure_only,3.311659468482872,8.7541189289628,6.620146532727523,5,6,6,coverage_validated_cumulative_scores_uncalibrated,,unavailable,,0,0
2026-10-08,大宮,8,082520261008,1791436020,1791435720,6,3,013862,鈴木伸之,追,98.92,,,,,0.01873201521541075,0.0050219035089505105,0.08943154514426291,0.10088010347593677,position_specialists,0.00502190350895051,False,,,A,0.115,0.23,0.04,0.07,-0.21400886102133385,-0.08673822112924964,-0.16157622461928436,-0.17857634358870292,0.002640524534887174,,0,,,0,,cumulative_place,,0.0,False,3.0,2.0,2.0,3,verified,winticket_line_prediction,provider_forecast_structure_only,0.502190350895051,8.943154514426292,10.088010347593677,6,5,5,coverage_validated_cumulative_scores_uncalibrated,,unavailable,,0,0
2026-10-08,大宮,8,082520261008,1791436020,1791435720,7,6,013394,飯嶋則之,追,93.21,,,,,0.0037615039287162756,0.0010031214422563592,0.042320033426663864,0.1060366427955563,position_specialists,0.001003121442256359,False,,,A,0.0,0.1,0.0,0.15,0.016814179663396246,-0.21370287154745876,-0.271245147871374,0.05321811563901745,0.0024123310565635912,,0,,,0,,cumulative_place,,1.0,False,1.0,3.0,3.0,3,verified,winticket_line_prediction,provider_forecast_structure_only,0.10031214422563592,4.232003342666387,10.60366427955563,7,7,4,coverage_validated_cumulative_scores_uncalibrated,,unavailable,,0,0
2026-10-08,静岡,8,083820261008,1791436920,1791436620,1,5,013482,松崎貴久,追,86.75,,,,,0.4271964687894617,0.49428351798001596,0.20705530067899017,0.08749953201629282,position_specialists,0.49428351798001596,False,,0.09729767165228054,B,0.25,0.625,0.15,0.26,0.2906773708275014,0.26903651287729163,0.108090955871849,-0.046806178686936754,0.0017643995932316605,,0,,,0,,cumulative_place,,,False,1.0,2.0,3.0,3,verified,winticket_line_prediction,provider_forecast_structure_only,49.42835179800159,20.70553006789902,8.749953201629282,1,2,6,coverage_validated_cumulative_scores_uncalibrated,,unavailable,,0,0
2026-10-08,静岡,8,083820261008,1791436920,1791436620,2,7,015796,川田真也,逃,86.52,,,,,0.33627228201711035,0.3969858463277354,0.261426948605765,0.12718608065176865,position_specialists,0.3969858463277354,False,,,B,0.428,0.428,0.29,0.08,0.030841497284435644,0.23662950059080942,0.23439263943717004,0.06017937259749013,0.0018681878045982293,,0,,,0,,cumulative_place,,,False,3.0,1.0,2.0,3,verified,winticket_line_prediction,provider_forecast_structure_only,39.698584632773546,26.1426948605765,12.718608065176864,2,1,5,coverage_validated_cumulative_scores_uncalibrated,,unavailable,,0,0
2026-10-08,静岡,8,083820261008,1791436920,1791436620,3,1,015088,神山尚,両,81.64,,,,,0.08288035491833105,0.05390155766943407,0.11361819445329337,0.16425442803161386,position_specialists,0.05390155766943407,False,,,B,0.25,0.285,0.04,0.08,-0.01973785252196133,-0.06662124127071467,0.1760009308820222,0.17385152083719368,0.003459607045552276,,0,,,0,,cumulative_place,,,False,2.0,1.0,2.0,3,verified,winticket_line_prediction,provider_forecast_structure_only,5.3901557669434075,11.361819445329338,16.425442803161385,3,5,2,coverage_validated_cumulative_scores_uncalibrated,,unavailable,,0,0
2026-10-08,静岡,8,083820261008,1791436920,1791436620,4,3,014224,矢島一弥,追,81.93,,,,,0.07012974553222583,0.029441398790849834,0.14312113938156604,0.2309131192335984,position_specialists,0.029441398790849834,False,,,B,0.066,0.133,0.11,0.25,-0.08340345409399873,0.22860308062908838,-0.15338962280132093,-0.046806178686936754,0.000899497831843592,,0,,,0,,cumulative_place,,,False,3.0,2.0,2.0,3,verified,winticket_line_prediction,provider_forecast_structure_only,2.9441398790849833,14.312113938156605,23.09131192335984,4,3,1,coverage_validated_cumulative_scores_uncalibrated,,unavailable,,0,0
2026-10-08,静岡,8,083820261008,1791436920,1791436620,5,6,015534,牛田樹希斗,逃,77.63,,,,,0.04751450941822245,0.015381343295843326,0.07573302888580781,0.08135221320249826,position_specialists,0.015381343295843326,False,,,B,0.133,0.133,0.1,0.08,-0.0333109342874233,-0.0868379573948163,-0.00601954205244444,-0.046806178686936754,0.0012800546068543423,,0,,,0,,cumulative_place,,,False,1.0,1.0,3.0,3,verified,winticket_line_prediction,provider_forecast_structure_only,1.5381343295843326,7.573302888580782,8.135221320249826,5,7,7,coverage_validated_cumulative_scores_uncalibrated,,unavailable,,0,0
2026-10-08,静岡,8,083820261008,1791436920,1791436620,6,4,012944,渡邊恭典,追,80.66,,,,,0.021445753980271442,0.0061737204632139366,0.11467101049804287,0.15558965258699856,position_specialists,0.0061737204632139366,False,,,B,0.066,0.4,0.17,0.13,-0.13349597390057397,-0.03421422898423251,-0.15338962280132093,-0.046806178686936754,0.0018681878045982293,,0,,,0,,cumulative_place,,,False,2.0,2.0,2.0,3,verified,winticket_line_prediction,provider_forecast_structure_only,0.6173720463213936,11.46710104980429,15.558965258699855,6,4,3,coverage_validated_cumulative_scores_uncalibrated,,unavailable,,0,0
2026-10-08,静岡,8,083820261008,1791436920,1791436620,7,2,013723,高谷進太郎,両,81.55,,,,,0.014560885344377144,0.0038326154729074096,0.08437437749653476,0.15320497427722948,position_specialists,0.0038326154729074096,False,,,B,0.0,0.111,0.05,0.2,-0.051570653307980024,-0.1782295675733395,-0.2056857385359549,-0.046806178686936754,0.0018681878045982293,,0,,,0,,cumulative_place,,,False,1.0,3.0,3.0,3,verified,winticket_line_prediction,provider_forecast_structure_only,0.38326154729074097,8.437437749653478,15.320497427722948,7,6,4,coverage_validated_cumulative_scores_uncalibrated,,unavailable,,0,0
2026-10-08,大宮,9,092520261008,1791437820,1791437520,1,2,015527,北井佑季,逃,105.44,,,,,0.3525133342236217,0.6013463055864658,0.24193154391537042,0.09591674482593271,position_specialists,0.6013463055864657,False,,0.40057262159133666,S,0.5,0.611,0.16,0.05,0.12222371101925159,0.3658254399358335,0.3185952168711956,-0.040052101620200994,0.0043567127125672105,,0,,,0,,cumulative_place,,,False,2.0,1.0,2.0,3,verified,winticket_line_prediction,provider_forecast_structure_only,60.134630558646585,24.193154391537043,9.591674482593271,1,1,7,coverage_validated_cumulative_scores_uncalibrated,,unavailable,,0,0
2026-10-08,大宮,9,092520261008,1791437820,1791437520,2,1,015815,栗山和樹,逃,105.8,,,,,0.3320764036634547,0.20077368399512913,0.176990664281857,0.20617022998414064,position_specialists,0.2007736839951291,False,,,S,0.272,0.4539999999999999,0.14,0.14,-0.16119702232343097,0.1259793658181195,-0.0692252924574896,-0.0120156304860603,0.0002656532141809266,,0,,,0,,cumulative_place,,,False,1.0,2.0,2.0,3,verified,winticket_line_prediction,provider_forecast_structure_only,20.077368399512913,17.6990664281857,20.617022998414065,2,2,1,coverage_validated_cumulative_scores_uncalibrated,,unavailable,,0,0
2026-10-08,大宮,9,092520261008,1791437820,1791437520,3,4,015186,南潤,逃,104.44,,,,,0.12524415431115205,0.08636179261987037,0.15430873335346842,0.09656982099422448,position_specialists,0.08636179261987036,False,,,S,0.24,0.4,0.14,0.1,-0.001192759197125172,0.008362347956802858,0.015420129060498972,-0.023230218939716576,0.0006641330354523195,,0,,,0,,cumulative_place,,,False,1.0,1.0,2.0,3,verified,winticket_line_prediction,provider_forecast_structure_only,8.636179261987037,15.430873335346842,9.656982099422448,3,3,6,coverage_validated_cumulative_scores_uncalibrated,,unavailable,,0,0
2026-10-08,大宮,9,092520261008,1791437820,1791437520,4,3,015197,川口雄太,両,102.16,,,,,0.08597855642485595,0.055153075117454965,0.1429609064078352,0.1873782179090636,position_specialists,0.05515307511745496,False,,,S,0.166,0.291,0.08,0.1,-0.07828632819845549,0.06252342249908023,0.06412938042808534,-0.0120156304860603,0.0008235249639608743,,0,,,0,,cumulative_place,,,False,3.0,1.0,3.0,3,verified,winticket_line_prediction,provider_forecast_structure_only,5.515307511745497,14.296090640783522,18.73782179090636,4,5,2,coverage_validated_cumulative_scores_uncalibrated,,unavailable,,0,0
2026-10-08,大宮,9,092520261008,1791437820,1791437520,5,7,013669,荒澤貴史,追,102.66,,,,,0.05625319182867105,0.034686184383674025,0.15396719460319194,0.17206961777376942,position_specialists,0.03468618438367402,False,,,S,0.3329999999999999,0.6659999999999999,0.26,0.08,0.11306180037962855,-0.025671642900257113,-0.190468848987311,0.17863237322609643,0.0017798765350122152,,0,,,0,,cumulative_place,,,False,2.0,2.0,2.0,3,verified,winticket_line_prediction,provider_forecast_structure_only,3.4686184383674026,15.396719460319193,17.206961777376943,5,4,3,coverage_validated_cumulative_scores_uncalibrated,,unavailable,,0,0
2026-10-08,大宮,9,092520261008,1791437820,1791437520,6,5,014622,高市訓但,追,96.75,,,,,0.041568000321691986,0.01973305950064554,0.07851974177061098,0.1277184531476539,position_specialists,0.019733059500645536,False,,,S,0.102,0.413,0.2,0.09,0.04513014201792127,0.017657216733564754,-0.0692252924574896,0.010413546421252258,0.0012220047852322673,,0,,,0,,cumulative_place,,,False,3.0,2.0,3.0,3,verified,winticket_line_prediction,provider_forecast_structure_only,1.973305950064554,7.8519741770610985,12.77184531476539,6,6,4,coverage_validated_cumulative_scores_uncalibrated,,unavailable,,0,0
2026-10-08,大宮,9,092520261008,1791437820,1791437520,7,6,013438,前反祐一郎,追,95.78,,,,,0.006366359226552547,0.0019458987967603347,0.0513212156676661,0.11417691536521532,position_specialists,0.0019458987967603345,False,,,S,0.107,0.25,0.0,0.29,-0.039739543697790335,-0.1863100511690569,-0.0692252924574896,-0.10173233811531052,0.0017798765350122152,,0,,,0,,cumulative_place,,,False,3.0,3.0,3.0,3,verified,winticket_line_prediction,provider_forecast_structure_only,0.19458987967603347,5.13212156676661,11.417691536521533,7,7,5,coverage_validated_cumulative_scores_uncalibrated,,unavailable,,0,0
2026-10-08,静岡,9,093820261008,1791438720,1791438420,1,2,015704,坪内恒,逃,89.83,,,,,0.20900286894051007,0.3398431779492158,0.07990737551619714,0.09339941260347112,position_specialists,0.3398431779492158,False,,0.12753504180853245,B,0.4579999999999999,0.4579999999999999,0.22,0.05,0.17028830092420918,0.2955217340250643,0.09509692485793511,0.14966629547095767,0.003760569270755046,,0,,,0,,cumulative_place,,,False,2.0,1.0,2.0,3,verified,winticket_line_prediction,provider_forecast_structure_only,33.98431779492158,7.9907375516197146,9.339941260347112,1,6,7,coverage_validated_cumulative_scores_uncalibrated,,unavailable,,0,0
2026-10-08,静岡,9,093820261008,1791438720,1791438420,2,5,012519,藤原誠,追,91.47,,,,,0.2643950010323619,0.21230813614068336,0.25963787465707466,0.14037994831652229,position_specialists,0.21230813614068336,False,,,B,0.208,0.5,0.07,0.18,-0.014579604568967989,0.043381342212803015,-0.011296716895476011,-0.049888765156985884,0.0007780488146389749,,0,,,0,,cumulative_place,,,False,3.0,2.0,3.0,3,verified,winticket_line_prediction,provider_forecast_structure_only,21.230813614068335,25.963787465707465,14.03799483165223,2,1,3,coverage_validated_cumulative_scores_uncalibrated,,unavailable,,0,0
2026-10-08,静岡,9,093820261008,1791438720,1791438420,3,3,015462,溝口葵,逃,90.12,,,,,0.1569452746841708,0.1947277384830013,0.1293553084045674,0.13053618735594272,position_specialists,0.1947277384830013,False,,,B,0.583,0.708,0.14,0.12,0.14231839554555545,0.0669486438579305,0.20149056661134623,-0.049888765156985884,0.0010049797189086763,,0,,,0,,cumulative_place,,,False,3.0,1.0,3.0,3,verified,winticket_line_prediction,provider_forecast_structure_only,19.47277384830013,12.93553084045674,13.053618735594272,3,4,6,coverage_validated_cumulative_scores_uncalibrated,,unavailable,,0,0
2026-10-08,静岡,9,093820261008,1791438720,1791438420,4,1,015327,阿部架惟都,逃,90.84,,,,,0.20303256088268148,0.15972698663186405,0.20806055305061213,0.13093056864290897,position_specialists,0.15972698663186405,False,,,B,0.526,0.526,0.21,0.1,-0.009118888490268588,0.10504415888578612,-0.06587566008163527,-0.049888765156985884,0.0016857724317177792,,0,,,0,,cumulative_place,,,False,1.0,1.0,2.0,3,verified,winticket_line_prediction,provider_forecast_structure_only,15.972698663186405,20.806055305061214,13.093056864290897,4,2,5,coverage_validated_cumulative_scores_uncalibrated,,unavailable,,0,0
2026-10-08,静岡,9,093820261008,1791438720,1791438420,5,4,014796,保科千春,追,90.76,,,,,0.11456439731085068,0.06983451830171193,0.17946646226732965,0.22725409421260845,position_specialists,0.06983451830171193,False,,,B,0.26,0.391,0.12,0.1,-0.27986098802577464,-0.05185744535683605,0.08146576500739508,-0.049888765156985884,0.0025934960487965833,,0,,,0,,cumulative_place,,,False,1.0,2.0,2.0,3,verified,winticket_line_prediction,provider_forecast_structure_only,6.983451830171193,17.946646226732966,22.725409421260846,5,3,1,coverage_validated_cumulative_scores_uncalibrated,,unavailable,,0,0
2026-10-08,静岡,9,093820261008,1791438720,1791438420,6,7,014597,上田隼,追,85.14,,,,,0.02787312629691801,0.01204499784017578,0.05409358190335933,0.13109330118650617,position_specialists,0.01204499784017578,False,,,B,0.237,0.38,0.0,0.23,0.02191453742031311,-0.24834022204703138,-0.011296716895476011,-0.049888765156985884,0.0012643293237883345,,0,,,0,,cumulative_place,,,False,3.0,3.0,3.0,3,verified,winticket_line_prediction,provider_forecast_structure_only,1.204499784017578,5.409358190335933,13.109330118650616,6,7,4,coverage_validated_cumulative_scores_uncalibrated,,unavailable,,0,0
2026-10-08,静岡,9,093820261008,1791438720,1791438420,7,6,013775,鈴木良太,追,84.73,,,,,0.0241867708525071,0.011514444653347822,0.08947884420085972,0.14640648768204026,position_specialists,0.011514444653347822,False,,,B,0.133,0.4,0.25,0.09,-0.030961752805066363,0.1576678872963699,-0.28958416260408926,0.09977753031397178,0.0010373984195186333,,0,,,0,,cumulative_place,,,False,2.0,2.0,2.0,3,verified,winticket_line_prediction,provider_forecast_structure_only,1.1514444653347822,8.947884420085972,14.640648768204025,7,5,2,coverage_validated_cumulative_scores_uncalibrated,,unavailable,,0,0
2026-10-08,大宮,10,102520261008,1791439620,1791439320,1,3,015365,古賀勝大,両,96.0,,,,,0.7556811910689397,0.8973425677068881,0.4952827979098266,0.5657766967452142,position_specialists,0.897342567706888,False,,0.8460247659223165,S,0.7609999999999999,0.7609999999999999,0.27,0.07,0.2824087778989908,0.28322773679548296,0.1941809053534735,0.11225252224815144,0.003079088569113148,,0,,,0,,cumulative_place,,,False,1.0,2.0,2.0,4,verified,winticket_line_prediction,provider_forecast_structure_only,89.73425677068882,49.528279790982644,56.577669674521424,1,1,1,coverage_validated_cumulative_scores_uncalibrated,,unavailable,,0,0
2026-10-08,大宮,10,102520261008,1791439620,1791439320,2,4,015285,久樹克門,逃,92.33,,,,,0.10240042212917058,0.05131780178457158,0.1935174962272146,0.1563316194462643,position_specialists,0.05131780178457157,False,,,S,0.416,0.583,0.11,0.0,-0.0009696601940835398,0.13305532690035068,0.014246449560713859,0.04124942082612793,0.0006875634668893444,,0,,,0,,cumulative_place,,,False,3.0,1.0,1.0,4,verified,winticket_line_prediction,provider_forecast_structure_only,5.1317801784571575,19.351749622721456,15.633161944626432,2,2,2,coverage_validated_cumulative_scores_uncalibrated,,unavailable,,0,0
2026-10-08,大宮,10,102520261008,1791439620,1791439320,3,7,014267,一ノ瀬匠,逃,86.34,,,,,0.041543003791252496,0.021622638875848633,0.09260309432746797,0.04521440103351613,position_specialists,0.02162263887584863,False,,,S,0.434,0.521,0.19,0.06,0.01569965969374438,0.14460348990527921,0.12292938756119046,0.05071650101573107,0.003079088569113148,,0,,,0,,cumulative_place,,,False,4.0,1.0,2.0,4,verified,winticket_line_prediction,provider_forecast_structure_only,2.162263887584863,9.260309432746794,4.521440103351613,3,3,6,coverage_validated_cumulative_scores_uncalibrated,,unavailable,,0,0
2026-10-08,大宮,10,102520261008,1791439620,1791439320,4,1,015429,山田雄大,逃,89.0,,,,,0.06117453064410244,0.021202802118945416,0.06497113495881582,0.050173759616908335,position_specialists,0.021202802118945412,False,,,S,0.5,0.583,0.2,0.14,-0.136797331209137,0.07580307512158337,0.08282473312730904,-0.12442448249192689,0.0017338556991122588,,0,,,0,,cumulative_place,,,False,2.0,1.0,2.0,4,verified,winticket_line_prediction,provider_forecast_structure_only,2.1202802118945416,6.49711349588158,5.017375961690833,4,4,5,coverage_validated_cumulative_scores_uncalibrated,,unavailable,,0,0
2026-10-08,大宮,10,102520261008,1791439620,1791439320,5,5,015185,布居大地,逃,85.13,,,,,0.015087912258753236,0.003213531176320598,0.0635001298468914,0.08360972368134548,position_specialists,0.0032135311763205974,False,,,S,0.25,0.625,0.21,0.25,-0.0622146928344313,-0.18219848031727634,-0.08146884602575123,-0.09128970182831593,0.0015245972526676762,,0,,,0,,cumulative_place,,,False,1.0,1.0,2.0,4,verified,winticket_line_prediction,provider_forecast_structure_only,0.32135311763205976,6.350012984689139,8.360972368134547,5,5,3,coverage_validated_cumulative_scores_uncalibrated,,unavailable,,0,0
2026-10-08,大宮,10,102520261008,1791439620,1791439320,6,2,013817,吉川裕二,追,85.61,,,,,0.011356127045389774,0.0029459295605029647,0.05668907904268027,0.06850009032520389,position_specialists,0.0029459295605029643,False,,,S,0.222,0.3879999999999999,0.11,0.08,-0.030479813609687677,-0.0779744408189206,-0.14055591988144184,0.05071650101573107,0.0004783050204447614,,0,,,0,,cumulative_place,,,False,4.0,2.0,2.0,4,verified,winticket_line_prediction,provider_forecast_structure_only,0.29459295605029645,5.668907904268027,6.850009032520389,6,6,4,coverage_validated_cumulative_scores_uncalibrated,,unavailable,,0,0
2026-10-08,大宮,10,102520261008,1791439620,1791439320,7,6,014079,江本博明,追,80.66,,,,,0.012756813062391759,0.0023547287769227205,0.0334362676871034,0.030393709151547654,position_specialists,0.00235472877692272,False,,,S,0.095,0.238,0.12,0.15,-0.06764693974539512,-0.060774337122996624,-0.1921567096954937,-0.039220760785498694,0.0017338556991122588,,0,,,0,,cumulative_place,,,False,2.0,2.0,2.0,4,verified,winticket_line_prediction,provider_forecast_structure_only,0.23547287769227204,3.3436267687103394,3.039370915154765,7,7,7,coverage_validated_cumulative_scores_uncalibrated,,unavailable,,0,0
2026-10-08,静岡,10,103820261008,1791440520,1791440220,1,1,015913,一守大葵,逃,92.35,,,,,0.5634339521047446,0.7429610291961287,0.5483764007886889,0.45140761589548756,position_specialists,0.7429610291961287,False,,0.5836934881728039,S,0.7,0.8,0.2,0.07,0.23872786075563665,0.34153154894313514,0.09897577062227192,0.14148127682886277,0.004811844360933358,,0,,,0,,cumulative_place,,,False,2.0,1.0,3.0,3,verified,winticket_line_prediction,provider_forecast_structure_only,74.29610291961288,54.837640078868894,45.14076158954876,1,1,1,coverage_validated_cumulative_scores_uncalibrated,,unavailable,,0,0
2026-10-08,静岡,10,103820261008,1791440520,1791440220,2,4,014477,白上翔,両,92.09,,,,,0.22862007404265672,0.15926754102332485,0.15940972300207218,0.12875949438028855,position_specialists,0.15926754102332485,False,,,S,0.3329999999999999,0.476,0.15,0.12,-0.0483795047749853,0.17619442789205284,0.032975360554751906,0.08918456724195639,0.00044761342892403304,,0,,,0,,cumulative_place,,,False,2.0,2.0,3.0,3,verified,winticket_line_prediction,provider_forecast_structure_only,15.926754102332485,15.94097230020722,12.875949438028856,2,2,4,coverage_validated_cumulative_scores_uncalibrated,,unavailable,,0,0
2026-10-08,静岡,10,103820261008,1791440520,1791440220,3,5,015332,鈴木涼介,逃,91.4,,,,,0.1310378510533106,0.06356681248830379,0.08818897033907484,0.13547750403111883,position_specialists,0.06356681248830379,False,,,S,0.475,0.476,0.08,0.05,-0.1514778405635357,-0.1042974613193636,0.12113913026597387,-0.015408851931856345,0.0007833235006170582,,0,,,0,,cumulative_place,,,False,1.0,1.0,2.0,3,verified,winticket_line_prediction,provider_forecast_structure_only,6.3566812488303785,8.818897033907486,13.547750403111884,3,3,3,coverage_validated_cumulative_scores_uncalibrated,,unavailable,,0,0
2026-10-08,静岡,10,103820261008,1791440520,1791440220,4,2,014439,山崎司,追,86.91,,,,,0.031087785127055515,0.01939232225195818,0.05770968525907667,0.0623720068008488,position_specialists,0.01939232225195818,False,,,S,0.3329999999999999,0.5,0.19,0.14,0.10903054255716955,0.07712131450038646,0.10110835742967217,0.007470958512415194,0.0015666470012341163,,0,,,0,,cumulative_place,,,False,1.0,2.0,2.0,3,verified,winticket_line_prediction,provider_forecast_structure_only,1.939232225195818,5.770968525907668,6.2372006800848805,4,4,5,coverage_validated_cumulative_scores_uncalibrated,,unavailable,,0,0
2026-10-08,静岡,10,103820261008,1791440520,1791440220,5,3,014078,植草亮介,追,85.38,,,,,0.019079467405771308,0.00757685918596867,0.04423925838320951,0.04204525119361318,position_specialists,0.00757685918596867,False,,,S,0.3329999999999999,0.444,0.24,0.07,-0.0018203739775818541,0.0573066918220532,-0.03515763632016834,-0.074242650217126,0.00033571007169302497,,0,,,0,,cumulative_place,,,False,3.0,2.0,2.0,3,verified,winticket_line_prediction,provider_forecast_structure_only,0.7576859185968671,4.423925838320952,4.2045251193613185,5,7,6,coverage_validated_cumulative_scores_uncalibrated,,unavailable,,0,0
2026-10-08,静岡,10,103820261008,1791440520,1791440220,6,7,014390,愛敬博之,追,88.72,,,,,0.015542737383262279,0.004813379752093974,0.05410711876760727,0.14146441049931244,position_specialists,0.004813379752093974,False,,,S,0.2,0.56,0.09,0.18,-0.010686701447554046,-0.2039880090539801,-0.1032906331950886,-0.074242650217126,0.001007130215079075,,0,,,0,,cumulative_place,,,False,2.0,3.0,3.0,3,verified,winticket_line_prediction,provider_forecast_structure_only,0.4813379752093974,5.410711876760728,14.146441049931246,6,5,2,coverage_validated_cumulative_scores_uncalibrated,,unavailable,,0,0
2026-10-08,静岡,10,103820261008,1791440520,1791440220,7,6,015892,山本和瑳,逃,79.33,,,,,0.011198132883199057,0.0024220561022218526,0.04796884346027057,0.0384737171993306,position_specialists,0.0024220561022218526,False,,,S,0.19,0.238,0.14,0.12,-0.13539398254914944,0.02449758608980267,-0.21575034935741277,-0.074242650217126,0.0006714201433860499,,0,,,0,,cumulative_place,,,False,3.0,1.0,2.0,3,verified,winticket_line_prediction,provider_forecast_structure_only,0.24220561022218526,4.796884346027058,3.84737171993306,7,6,7,coverage_validated_cumulative_scores_uncalibrated,,unavailable,,0,0
2026-10-08,大宮,11,112520261008,1791441480,1791441180,1,1,015218,太田りゆ,逃,58.71,,,,,0.8009929686633831,0.8369395958683754,0.5851067757434575,0.7071278387616299,position_specialists,0.8369395958683754,False,,0.6951492266485279,S,0.857,0.952,0.0,0.0,0.24811450516263728,-0.03157423704635027,0.29294733742365064,0.1237010911275195,0.0038146374641054633,,0,,,0,,cumulative_place,,0.0,False,1.0,1.0,1.0,7,verified,winticket_line_prediction,provider_forecast_structure_only,83.69395958683754,58.51067757434575,70.712783876163,1,1,1,coverage_validated_cumulative_scores_uncalibrated,,unavailable,,0,0
2026-10-08,大宮,11,112520261008,1791441480,1791441180,2,7,015311,柳原真緒,両,58.08,,,,,0.1656181708308973,0.14179036921984753,0.26699154257125907,0.13636428328981384,position_specialists,0.14179036921984753,False,,,S,0.769,0.769,0.0,0.0,0.10506759187400652,-0.03157423704635027,0.052767108672902074,0.1237010911275195,0.0023031773368183935,,0,,,0,,cumulative_place,,0.0,False,7.0,1.0,1.0,7,verified,winticket_line_prediction,provider_forecast_structure_only,14.179036921984753,26.699154257125908,13.636428328981387,2,2,2,coverage_validated_cumulative_scores_uncalibrated,,unavailable,,0,0
2026-10-08,大宮,11,112520261008,1791441480,1791441180,3,6,015392,加藤舞,逃,54.8,,,,,0.018810049813760905,0.015045253272766316,0.09160868972905849,0.0556417400101243,position_specialists,0.015045253272766316,False,,,S,0.6,0.72,0.0,0.0,0.06283720820856925,-0.03157423704635027,0.22289548217057836,-0.00993793121109036,0.0011605854548811438,,0,,,0,,cumulative_place,,0.0,False,6.0,1.0,1.0,7,verified,winticket_line_prediction,provider_forecast_structure_only,1.5045253272766317,9.160868972905849,5.5641740010124305,3,3,3,coverage_validated_cumulative_scores_uncalibrated,,unavailable,,0,0
2026-10-08,大宮,11,112520261008,1791441480,1791441180,4,4,015492,永禮美瑠,両,54.04,,,,,0.009551086298631831,0.004836566112459239,0.028275880541805347,0.04562394983338034,position_specialists,0.004836566112459239,False,,,S,0.475,0.7609999999999999,0.0,0.0,0.038487688704210876,-0.03157423704635027,-0.0036398889992589334,-0.05936606276098716,0.000908675433666632,,0,,,0,,cumulative_place,,0.0,False,5.0,1.0,1.0,7,verified,winticket_line_prediction,provider_forecast_structure_only,0.48365661124592385,2.8275880541805347,4.562394983338035,4,4,4,coverage_validated_cumulative_scores_uncalibrated,,unavailable,,0,0
2026-10-08,大宮,11,112520261008,1791441480,1791441180,5,5,015944,赤池七虹,両,49.83,,,,,0.0019123242281284785,0.000523452529143292,0.009642992197150438,0.016619867335258814,position_specialists,0.000523452529143292,False,,,S,0.0409999999999999,0.291,0.0,0.0,-0.12925058924935437,-0.03157423704635027,-0.19378185862770542,-0.05936606276098716,0.0018533380132210512,,0,,,0,,cumulative_place,,0.1977705431653356,False,3.0,1.0,1.0,7,verified,winticket_line_prediction,provider_forecast_structure_only,0.0523452529143292,0.9642992197150437,1.6619867335258816,5,6,7,coverage_validated_cumulative_scores_uncalibrated,,unavailable,,0,0
2026-10-08,大宮,11,112520261008,1791441480,1791441180,6,2,015402,鈴木樹里,両,50.2,,,,,0.0015398756817173397,0.0004413814064880414,0.01044664749405114,0.018519407298512567,position_specialists,0.0004413814064880414,False,,,S,0.125,0.375,0.0,0.0,-0.13997910774600164,-0.03157423704635027,-0.16284981515498034,-0.05936606276098716,0.0013495179707920272,,0,,,0,,cumulative_place,,0.37279529398206435,False,2.0,1.0,1.0,7,verified,winticket_line_prediction,provider_forecast_structure_only,0.04413814064880414,1.044664749405114,1.851940729851257,6,5,6,coverage_validated_cumulative_scores_uncalibrated,,unavailable,,0,0
2026-10-08,大宮,11,112520261008,1791441480,1791441180,7,3,014902,中村由香里,追,51.16,,,,,0.001575524483481064,0.00042338159092026413,0.007927471723218109,0.020102913471280178,position_specialists,0.00042338159092026413,False,,,S,0.142,0.285,0.0,0.0,-0.18527729695406808,-0.03157423704635027,-0.20833836548518647,-0.05936606276098716,0.000845697928363004,,0,,,0,,cumulative_place,,0.42943416285260005,False,4.0,1.0,1.0,7,verified,winticket_line_prediction,provider_forecast_structure_only,0.042338159092026414,0.7927471723218109,2.0102913471280184,7,7,5,coverage_validated_cumulative_scores_uncalibrated,,unavailable,,0,0
2026-10-08,平塚,1,013520261008,1791441900,1791441600,1,1,015189,山本隼人,追,89.81,,,,,0.6408623868830429,0.7357022116970102,0.21186592831313947,0.27251478470390184,position_specialists,0.7357022116970102,False,,0.5732829200482145,S,0.478,0.7390000000000001,0.25,0.17,0.12741337794088864,0.21838561449923938,0.21002789277524003,-0.03709867458105142,0.000370195850706198,,0,,,0,,cumulative_place,,,False,1.0,2.0,3.0,3,verified,winticket_line_prediction,provider_forecast_structure_only,73.57022116970103,21.18659283131395,27.251478470390182,1,3,2,coverage_validated_cumulative_scores_uncalibrated,,unavailable,,0,0
2026-10-08,平塚,1,013520261008,1791441900,1791441600,2,3,015057,小林史也,逃,85.5,,,,,0.19885709673380852,0.1624192916487958,0.26343962861811815,0.1273782948885291,position_specialists,0.1624192916487958,False,,,S,0.3329999999999999,0.416,0.14,0.08,0.0762857167289397,0.10795797573197026,0.16011156189960862,-0.03709867458105142,0.0002776468880296487,,0,,,0,,cumulative_place,,,False,1.0,1.0,3.0,3,verified,winticket_line_prediction,provider_forecast_structure_only,16.24192916487958,26.343962861811814,12.737829488852908,2,1,3,coverage_validated_cumulative_scores_uncalibrated,,unavailable,,0,0
2026-10-08,平塚,1,013520261008,1791441900,1791441600,3,5,013560,小佐野文秀,追,85.79,,,,,0.09641625650886343,0.06618346414009688,0.2310645645121709,0.12708240580926078,position_specialists,0.06618346414009688,False,,,S,0.25,0.375,0.17,0.14,0.059243162991623396,0.13167974896421134,0.03410925129272794,-0.009024001925120618,0.0025450964736051115,,0,,,0,,cumulative_place,,,False,2.0,2.0,3.0,3,verified,winticket_line_prediction,provider_forecast_structure_only,6.618346414009688,23.10645645121709,12.708240580926077,3,2,4,coverage_validated_cumulative_scores_uncalibrated,,unavailable,,0,0
2026-10-08,平塚,1,013520261008,1791441900,1791441600,4,2,014992,楠野史尭,両,81.42,,,,,0.03721975164839351,0.027412082084703967,0.10545605917322531,0.07793874329514135,position_specialists,0.027412082084703967,False,,,S,0.25,0.375,0.22,0.15,0.05356231174585131,0.28136970680202633,-0.06462489169098817,0.1945173748303777,0.0025450964736051115,,0,,,0,,cumulative_place,,,False,2.0,1.0,3.0,3,verified,winticket_line_prediction,provider_forecast_structure_only,2.741208208470397,10.545605917322531,7.793874329514135,4,4,5,coverage_validated_cumulative_scores_uncalibrated,,unavailable,,0,0
2026-10-08,平塚,1,013520261008,1791441900,1791441600,5,7,013041,三浦稔希,追,83.19,,,,,0.014482582324931324,0.005522279213786981,0.09833612036152911,0.279492338550127,position_specialists,0.005522279213786981,False,,,S,0.136,0.2269999999999999,0.17,0.17,0.016636778648332674,-0.14823338896605942,-0.07144193359677933,-0.03709867458105142,0.0019898026975458142,,0,,,0,,cumulative_place,,,False,1.0,3.0,3.0,3,verified,winticket_line_prediction,provider_forecast_structure_only,0.5522279213786981,9.83361203615291,27.9492338550127,5,5,1,coverage_validated_cumulative_scores_uncalibrated,,unavailable,,0,0
2026-10-08,平塚,1,013520261008,1791441900,1791441600,6,6,015382,竹元健竜,両,77.14,,,,,0.008029180036263208,0.0017271944267686916,0.049431138357530116,0.04151849400036231,position_specialists,0.0017271944267686916,False,,,S,0.047,0.047,0.0,0.0,-0.21343769680543745,-0.2008571173766432,-0.12637249049002497,-0.03709867458105142,0.0032854881750175075,,0,,,0,,cumulative_place,,,False,3.0,1.0,1.0,3,verified,winticket_line_prediction,provider_forecast_structure_only,0.17271944267686917,4.943113835753012,4.151849400036231,6,6,7,coverage_validated_cumulative_scores_uncalibrated,,unavailable,,0,0
2026-10-08,平塚,1,013520261008,1791441900,1791441600,7,4,014713,鈴木裕斗,両,77.85,,,,,0.004132745864697206,0.0010334767888375313,0.040406560664286884,0.07407493875267765,position_specialists,0.0010334767888375313,False,,,S,0.047,0.142,0.1,0.0,-0.1197036512501978,-0.14823338896605942,-0.14180939018978417,-0.03709867458105142,0.0002776468880296487,,0,,,0,,cumulative_place,,,False,2.0,3.0,3.0,3,verified,winticket_line_prediction,provider_forecast_structure_only,0.10334767888375312,4.040656066428689,7.407493875267765,7,7,6,coverage_validated_cumulative_scores_uncalibrated,,unavailable,,0,0
2026-10-08,静岡,11,113820261008,1791442320,1791442020,1,5,014826,菅原裕太,追,95.91,,,,,0.5059020289688302,0.6780031475989198,0.5537286866708551,0.39080572352032955,position_specialists,0.6780031475989197,False,,0.45910978477817765,S,0.6659999999999999,0.833,0.17,0.14,0.19000607180803716,0.2694388525087355,0.138704087605715,0.1400356809601834,0.0007001188574259718,,0,,,0,,cumulative_place,,,False,2.0,2.0,2.0,3,verified,winticket_line_prediction,provider_forecast_structure_only,67.80031475989198,55.372868667085505,39.08057235203295,1,1,1,coverage_validated_cumulative_scores_uncalibrated,,unavailable,,0,0
2026-10-08,静岡,11,113820261008,1791442320,1791442020,2,1,015442,仁藤秀,両,95.18,,,,,0.2971214750115204,0.218893362820742,0.18089395550088636,0.2228117167509361,position_specialists,0.21889336282074198,False,,,S,0.608,0.695,0.17,0.09,0.11568597290734114,0.0495007745029762,0.09012563332055087,-0.07109503802593926,0.0012057602544558418,,0,,,0,,cumulative_place,,,False,2.0,1.0,2.0,3,verified,winticket_line_prediction,provider_forecast_structure_only,21.8893362820742,18.089395550088636,22.28117167509361,2,2,2,coverage_validated_cumulative_scores_uncalibrated,,unavailable,,0,0
2026-10-08,静岡,11,113820261008,1791442320,1791442020,3,4,013980,森田康嗣,両,88.52,,,,,0.07322080954357124,0.05077251181110931,0.10985136048540178,0.10590231691846433,position_specialists,0.050772511811109304,False,,,S,0.523,0.5710000000000001,0.22,0.1,0.13868060495478007,0.17498653669935782,0.08552397687734578,-0.07109503802593926,0.0007001188574259718,,0,,,0,,cumulative_place,,,False,1.0,1.0,3.0,3,verified,winticket_line_prediction,provider_forecast_structure_only,5.077251181110931,10.985136048540179,10.590231691846434,3,3,4,coverage_validated_cumulative_scores_uncalibrated,,unavailable,,0,0
2026-10-08,静岡,11,113820261008,1791442320,1791442020,4,7,014032,藤田真,両,87.33,,,,,0.06305912892752395,0.03367865050064233,0.07701645657203916,0.11039153235181745,position_specialists,0.033678650500642324,False,,,S,0.2769999999999999,0.5,0.17,0.17,-0.047795143736366404,0.22761026510994162,-0.07885053089622708,0.09479338403458569,0.004239608636635056,,0,,,0,,cumulative_place,,,False,3.0,2.0,2.0,3,verified,winticket_line_prediction,provider_forecast_structure_only,3.367865050064233,7.701645657203916,11.039153235181745,4,4,3,coverage_validated_cumulative_scores_uncalibrated,,unavailable,,0,0
2026-10-08,静岡,11,113820261008,1791442320,1791442020,5,2,014314,中川繁樹,逃,86.78,,,,,0.028020852558780916,0.01121378744253541,0.033570095076633215,0.05533293033246408,position_specialists,0.011213787442535409,False,,,S,0.4,0.55,0.18,0.1,-0.09740298081882748,-0.07598498769340542,0.021451655017991317,0.009335712064012226,0.0006612233653467522,,0,,,0,,cumulative_place,,,False,3.0,1.0,2.0,3,verified,winticket_line_prediction,provider_forecast_structure_only,1.121378744253541,3.3570095076633213,5.533293033246408,5,5,6,coverage_validated_cumulative_scores_uncalibrated,,unavailable,,0,0
2026-10-08,静岡,11,113820261008,1791442320,1791442020,6,3,013985,高橋陽介,追,85.0,,,,,0.02367407933993224,0.0046718408351990115,0.02274302730376939,0.04401230369889691,position_specialists,0.004671840835199011,False,,,S,0.222,0.3329999999999999,0.14,0.16,-0.2017715442961375,-0.19067560887799712,-0.20134509239043422,-0.07109503802593926,0.0020225655881194763,,0,,,0,,cumulative_place,,,False,1.0,2.0,3.0,3,verified,winticket_line_prediction,provider_forecast_structure_only,0.46718408351990115,2.274302730376939,4.40123036988969,6,6,7,coverage_validated_cumulative_scores_uncalibrated,,unavailable,,0,0
2026-10-08,静岡,11,113820261008,1791442320,1791442020,7,6,013601,工藤政志,追,84.82,,,,,0.009001625649840975,0.002766698990852299,0.022196418390414984,0.07074347642709158,position_specialists,0.0027666989908522984,False,,,S,0.346,0.478,0.0,0.33,-0.09740298081882748,-0.08650973337552216,-0.05560972953494167,-0.030879662980963517,0.001750297143564932,,0,,,0,,cumulative_place,,,False,1.0,3.0,3.0,3,verified,winticket_line_prediction,provider_forecast_structure_only,0.2766698990852299,2.2196418390414983,7.074347642709158,7,7,5,coverage_validated_cumulative_scores_uncalibrated,,unavailable,,0,0
2026-10-08,四日市,1,014820261008,1791442740,1791442440,1,1,012721,梅山英樹,追,87.27,,,,,0.4366511174553588,0.4769450245273578,0.3194836992165103,0.1386600041287486,position_specialists,0.4769450245273578,False,,0.13929953976989096,B,0.222,0.444,0.3,0.16,0.10043107757068814,0.06328007524946562,0.08778484825717017,-0.06567376552521463,0.0018691055946717825,,0,,,0,,cumulative_place,,,False,3.0,2.0,3.0,4,verified,winticket_line_prediction,provider_forecast_structure_only,47.69450245273578,31.948369921651036,13.866000412874856,1,1,4,coverage_validated_cumulative_scores_uncalibrated,,unavailable,,0,0
2026-10-08,四日市,1,014820261008,1791442740,1791442440,2,4,015531,深瀬泰我,逃,83.5,,,,,0.24335778145617054,0.33764548475746686,0.18169969376214348,0.13947378766058113,position_specialists,0.33764548475746686,False,,,B,0.25,0.375,0.2,0.16,0.056462131488205725,0.18636662458161699,0.23988490160860132,0.05296271413323758,0.0016744070952268051,,0,,,0,,cumulative_place,,,False,3.0,1.0,3.0,4,verified,winticket_line_prediction,provider_forecast_structure_only,33.764548475746686,18.16996937621435,13.94737876605811,2,2,3,coverage_validated_cumulative_scores_uncalibrated,,unavailable,,0,0
2026-10-08,四日市,1,014820261008,1791442740,1791442440,3,7,013932,井上雄三,追,82.54,,,,,0.06255507794534493,0.053202773574296765,0.14928370798584234,0.16319213488232584,position_specialists,0.053202773574296765,False,,,B,0.125,0.375,0.02,0.23,0.17058715357269955,-0.029153445133690774,0.00541607149913291,0.0677922740905441,0.0035824523897875836,,0,,,0,,cumulative_place,,,False,3.0,3.0,3.0,4,verified,winticket_line_prediction,provider_forecast_structure_only,5.320277357429677,14.928370798584236,16.31921348823258,3,3,2,coverage_validated_cumulative_scores_uncalibrated,,unavailable,,0,0
2026-10-08,四日市,1,014820261008,1791442740,1791442440,4,5,014533,加藤正法,追,79.85,,,,,0.08751516059696532,0.05070303147394096,0.12124315052920547,0.21743406040432886,position_specialists,0.05070303147394096,False,,,B,0.047,0.19,0.24,0.09,-0.04234659861615434,0.2975604455731126,-0.15932148201694168,-0.06567376552521463,0.0011292512967808685,,0,,,0,,cumulative_place,,,False,1.0,2.0,2.0,4,verified,winticket_line_prediction,provider_forecast_structure_only,5.070303147394096,12.124315052920549,21.743406040432884,4,4,1,coverage_validated_cumulative_scores_uncalibrated,,unavailable,,0,0
2026-10-08,四日市,1,014820261008,1791442740,1791442440,5,6,015506,佐藤啓斗,逃,78.43,,,,,0.07326626145167972,0.03959462958394087,0.0723546966688098,0.09313505750113361,position_specialists,0.03959462958394087,False,,,B,0.086,0.13,0.04,0.18,-0.23551860478413614,0.06464805790800478,0.12584736587633713,-0.06567376552521463,0.0007787939977799094,,0,,,0,,cumulative_place,,,False,4.0,1.0,1.0,4,verified,winticket_line_prediction,provider_forecast_structure_only,3.9594629583940866,7.235469666880981,9.31350575011336,5,6,7,coverage_validated_cumulative_scores_uncalibrated,,unavailable,,0,0
2026-10-08,四日市,1,014820261008,1791442740,1791442440,6,2,015459,中村泰輔,逃,78.71,,,,,0.06985098318164616,0.03164934875460313,0.07036938731570656,0.12397429747673579,position_specialists,0.03164934875460313,False,,,B,0.047,0.19,0.13,0.13,-0.011714014655887006,-0.07719879203248574,-0.057921446449320915,-0.06567376552521463,0.0018691055946717825,,0,,,0,,cumulative_place,,,False,1.0,1.0,2.0,4,verified,winticket_line_prediction,provider_forecast_structure_only,3.1649348754603133,7.0369387315706575,12.397429747673575,6,7,6,coverage_validated_cumulative_scores_uncalibrated,,unavailable,,0,0
2026-10-08,四日市,1,014820261008,1791442740,1791442440,7,3,012042,山原利秀,追,81.79,,,,,0.026803617912834508,0.010259707328393557,0.08556566452178202,0.1241306579461463,position_specialists,0.010259707328393557,False,,,B,0.0,0.166,0.07,0.23,-0.037901144575415976,-0.31605754386792145,-0.24169025877497896,0.14194007387707677,0.0018691055946717825,,0,,,0,,cumulative_place,,,False,2.0,1.0,1.0,4,verified,winticket_line_prediction,provider_forecast_structure_only,1.0259707328393557,8.556566452178204,12.413065794614628,7,5,5,coverage_validated_cumulative_scores_uncalibrated,,unavailable,,0,0
2026-10-08,平塚,2,023520261008,1791443220,1791442920,1,4,014185,隅貴史,追,88.44,,,,,0.318368694838353,0.4089185217831116,0.22348549614104304,0.13570564931091678,position_specialists,0.40891852178311155,False,,0.1668990613498162,B,0.2769999999999999,0.5,0.18,0.16,0.1543330363400784,0.21819798976714105,0.09438789965988181,-0.0492365963917331,0.0015795079489590235,,0,,,0,,cumulative_place,,,False,1.0,2.0,3.0,3,verified,winticket_line_prediction,provider_forecast_structure_only,40.89185217831116,22.348549614104307,13.570564931091678,1,1,5,coverage_validated_cumulative_scores_uncalibrated,,unavailable,,0,0
2026-10-08,平塚,2,023520261008,1791443220,1791442920,2,1,015833,野村賢,逃,87.8,,,,,0.2823522070430886,0.2420194604332954,0.15005266107726184,0.10736494764635987,position_specialists,0.24201946043329536,False,,,B,0.3329999999999999,0.476,0.22,0.15,0.10631831392316506,0.04832424008512609,-0.13916085359321248,0.08862587350511955,0.000765822035858921,,0,,,0,,cumulative_place,,,False,1.0,1.0,3.0,3,verified,winticket_line_prediction,provider_forecast_structure_only,24.20194604332954,15.005266107726186,10.736494764635987,2,4,7,coverage_validated_cumulative_scores_uncalibrated,,unavailable,,0,0
2026-10-08,平塚,2,023520261008,1791443220,1791442920,3,2,015785,福田健太,逃,89.14,,,,,0.23518548742072007,0.23980025389377077,0.198458009081204,0.14607778888931705,position_specialists,0.23980025389377074,False,,,B,0.523,0.5710000000000001,0.26,0.08,-0.01371849211911803,0.04832424008512609,0.11686023320775402,-0.0492365963917331,0.0015795079489590235,,0,,,0,,cumulative_place,,,False,2.0,1.0,2.0,3,verified,winticket_line_prediction,provider_forecast_structure_only,23.980025389377076,19.845800908120403,14.607778888931705,3,2,3,coverage_validated_cumulative_scores_uncalibrated,,unavailable,,0,0
2026-10-08,平塚,2,023520261008,1791443220,1791442920,4,5,015635,藤岡徹也,両,83.57,,,,,0.06721575876905518,0.04129510959631066,0.1230043049261168,0.1424919589906434,position_specialists,0.04129510959631065,False,,,B,0.3,0.4,0.12,0.08,-0.18177002057831454,0.14603259114465203,0.056592905536117594,-0.0492365963917331,0.0015795079489590235,,0,,,0,,cumulative_place,,,False,3.0,1.0,2.0,3,verified,winticket_line_prediction,provider_forecast_structure_only,4.129510959631066,12.300430492611682,14.24919589906434,4,5,4,coverage_validated_cumulative_scores_uncalibrated,,unavailable,,0,0
2026-10-08,平塚,2,023520261008,1791443220,1791442920,5,3,013426,本村隆文,追,84.04,,,,,0.03597375803879192,0.03363061532948483,0.10277256849933575,0.15859087546807657,position_specialists,0.033630615329484824,False,,,B,0.166,0.3329999999999999,0.17,0.0,-0.0377258533275748,0.25728133019095145,0.012019122901844558,0.1575571084535459,0.0017709634579237544,,0,,,0,,cumulative_place,,,False,3.0,2.0,2.0,3,verified,winticket_line_prediction,provider_forecast_structure_only,3.363061532948483,10.277256849933577,15.859087546807658,5,6,2,coverage_validated_cumulative_scores_uncalibrated,,unavailable,,0,0
2026-10-08,平塚,2,023520261008,1791443220,1791442920,6,7,014354,大島将人,追,85.38,,,,,0.054025761757117444,0.03209366140661609,0.15138765420815728,0.18564558323053848,position_specialists,0.032093661406616084,False,,,B,0.142,0.38,0.17,0.17,0.0823109527147084,-0.0749270634114369,-0.07034965385619274,-0.0492365963917331,0.0015795079489590235,,0,,,0,,cumulative_place,,,False,2.0,2.0,2.0,3,verified,winticket_line_prediction,provider_forecast_structure_only,3.209366140661609,15.13876542081573,18.56455832305385,6,3,1,coverage_validated_cumulative_scores_uncalibrated,,unavailable,,0,0
2026-10-08,平塚,2,023520261008,1791443220,1791442920,7,6,013348,内藤敦,追,81.87,,,,,0.006878332132873747,0.0022423775574107454,0.0508393060668813,0.12412319646414785,position_specialists,0.002242377557410745,False,,,B,0.125,0.3329999999999999,0.07,0.21,-0.10974793695294469,-0.27486722898747384,-0.07034965385619274,-0.0492365963917331,0.0037812463020534207,,0,,,0,,cumulative_place,,,False,1.0,3.0,3.0,3,verified,winticket_line_prediction,provider_forecast_structure_only,0.22423775574107455,5.0839306066881305,12.412319646414785,7,7,6,coverage_validated_cumulative_scores_uncalibrated,,unavailable,,0,0
2026-10-08,大宮,12,122520261008,1791443640,1791443340,1,5,015444,渡邉雅也,両,110.72,,,,,0.33216991558510206,0.4624554138414594,0.497175516271737,0.3720810050799605,position_specialists,0.4624554138414595,False,,0.22865642888282212,A,0.434,0.652,0.25,0.0,0.1929766126745268,-0.23640157993845023,0.11916064257184242,0.14258705480682488,0.00426734097594452,,0,,,0,,cumulative_place,,,False,2.0,1.0,1.0,3,verified,winticket_line_prediction,provider_forecast_structure_only,46.24554138414594,49.7175516271737,37.20810050799605,1,1,1,coverage_validated_cumulative_scores_uncalibrated,,unavailable,,0,0
2026-10-08,大宮,12,122520261008,1791443640,1791443340,2,3,015794,福田稔希,逃,104.42,,,,,0.18983675948635198,0.23379898495863732,0.1716550934649833,0.09647902931402037,position_specialists,0.23379898495863738,False,,,A,0.5329999999999999,0.5329999999999999,0.19,0.1,0.11851317729886593,0.2100376645166948,-0.026796967335494852,0.04627825463028527,0.0003174055271363696,,0,,,0,,cumulative_place,,,False,1.0,1.0,4.0,3,verified,winticket_line_prediction,provider_forecast_structure_only,23.37989849586373,17.165509346498332,9.647902931402037,2,2,4,coverage_validated_cumulative_scores_uncalibrated,,unavailable,,0,0
2026-10-08,大宮,12,122520261008,1791443640,1791443340,3,4,015289,橋本瑠偉,逃,97.62,,,,,0.3838123413552868,0.21022522725280976,0.10674513237442171,0.1670644978409213,position_specialists,0.21022522725280982,False,,,A,0.147,0.222,0.0,0.0,-0.27757794586767287,0.3052492563008835,-0.18280599146348048,-0.02814218186976806,0.0009169493006161779,,0,,,0,,cumulative_place,,,False,1.0,2.0,4.0,3,verified,winticket_line_prediction,provider_forecast_structure_only,21.022522725280975,10.67451323744217,16.706449784092133,3,3,2,coverage_validated_cumulative_scores_uncalibrated,,unavailable,,0,0
2026-10-08,大宮,12,122520261008,1791443640,1791443340,4,7,015509,木村佑来,逃,103.23,,,,,0.04839263396147823,0.05206374686757099,0.04425057149456707,0.0695067585967843,position_specialists,0.052063746867571,False,,,A,0.5,0.615,0.16,0.13,0.01351719708998036,0.06807811993801166,0.16800220911655075,-0.09818494563452414,0.0010580184237878978,,0,,,0,,cumulative_place,,,False,3.0,1.0,2.0,3,verified,winticket_line_prediction,provider_forecast_structure_only,5.206374686757099,4.425057149456707,6.95067585967843,4,6,6,coverage_validated_cumulative_scores_uncalibrated,,unavailable,,0,0
2026-10-08,大宮,12,122520261008,1791443640,1791443340,5,2,013619,竹内智彦,追,103.82,,,,,0.028848743974077096,0.03088001228889926,0.09690368064207663,0.09539017981966755,position_specialists,0.030880012288899267,False,,,A,0.275,0.413,0.27,0.12,0.09135993173813632,0.13489780280646374,0.01482419410563185,-0.010631490928579039,0.0019044331628182154,,0,,,0,,cumulative_place,,,False,3.0,2.0,2.0,3,verified,winticket_line_prediction,provider_forecast_structure_only,3.088001228889926,9.690368064207663,9.539017981966754,5,4,5,coverage_validated_cumulative_scores_uncalibrated,,unavailable,,0,0
2026-10-08,大宮,12,122520261008,1791443640,1791443340,6,1,014580,久木原洋,追,100.07,,,,,0.012809133748526678,0.008913704034947303,0.0654402555995742,0.14995873173582477,position_specialists,0.008913704034947305,False,,,A,0.3329999999999999,0.407,0.09,0.36,-0.030651396213993556,-0.18377785152786646,0.06890357146860074,0.04627825463028527,0.001657562197267706,,0,,,0,,cumulative_place,,,False,1.0,3.0,4.0,3,verified,winticket_line_prediction,provider_forecast_structure_only,0.8913704034947303,6.5440255599574195,14.995873173582478,6,5,3,coverage_validated_cumulative_scores_uncalibrated,,unavailable,,0,0
2026-10-08,大宮,12,122520261008,1791443640,1791443340,7,6,014065,鰐淵圭佑,追,95.96,,,,,0.004130471889177109,0.0016629107556758007,0.01782975015264016,0.04951979761282118,position_specialists,0.001662910755675801,False,,,A,0.1369999999999999,0.206,0.16,0.22,-0.10813757671984288,-0.056014261407051624,-0.16128765846365042,-0.09818494563452414,0.0011638202661666869,,0,,,0,,cumulative_place,,,False,1.0,4.0,4.0,3,verified,winticket_line_prediction,provider_forecast_structure_only,0.16629107556758008,1.782975015264016,4.951979761282118,7,7,7,coverage_validated_cumulative_scores_uncalibrated,,unavailable,,0,0
2026-10-08,四日市,2,024820261008,1791444060,1791443760,1,3,014532,柴田竜史,追,81.41,,,,,0.40339596824571033,0.5301418653550242,0.28360502984680885,0.22834944646261485,position_specialists,0.5301418653550241,False,,0.3079198683083917,A,0.166,0.208,0.19,0.04,0.06196717657391852,0.34008922282210546,0.0020634433522698017,0.1763215671413015,0.0002454865647728859,,0,,,0,,cumulative_place,,,False,1.0,2.0,4.0,3,verified,winticket_line_prediction,provider_forecast_structure_only,53.01418653550242,28.360502984680885,22.834944646261484,1,1,2,coverage_validated_cumulative_scores_uncalibrated,,unavailable,,0,0
2026-10-08,四日市,2,024820261008,1791444060,1791443760,2,1,015109,大利航平,両,83.17,,,,,0.18436280319067958,0.2222219970466324,0.14058478778340638,0.070478716994663,position_specialists,0.22222199704663237,False,,,A,0.25,0.3329999999999999,0.15,0.13,0.10579867229572458,0.024048023594433487,0.12803657417453176,-0.046248279905915145,0.0036822984715932936,,0,,,0,,cumulative_place,,,False,2.0,1.0,2.0,3,verified,winticket_line_prediction,provider_forecast_structure_only,22.22219970466324,14.058478778340639,7.0478716994663,2,4,6,coverage_validated_cumulative_scores_uncalibrated,,unavailable,,0,0
2026-10-08,四日市,2,024820261008,1791444060,1791443760,3,6,015045,大関祐也,逃,79.62,,,,,0.21862255620170973,0.11237597555114819,0.20386829190185268,0.28127987800025445,position_specialists,0.11237597555114817,False,,,A,0.0409999999999999,0.3329999999999999,0.1,0.14,-0.28403158633633874,0.12941501192126878,0.028068873296667296,-0.046248279905915145,0.0010433179002847669,,0,,,0,,cumulative_place,,,False,1.0,1.0,4.0,3,verified,winticket_line_prediction,provider_forecast_structure_only,11.237597555114819,20.386829190185267,28.127987800025444,3,2,1,coverage_validated_cumulative_scores_uncalibrated,,unavailable,,0,0
2026-10-08,四日市,2,024820261008,1791444060,1791443760,4,5,013333,小西誠也,追,81.94,,,,,0.0796928571291844,0.07158518241404616,0.14899764528674872,0.1475426109427419,position_specialists,0.07158518241404614,False,,,A,0.2769999999999999,0.2769999999999999,0.13,0.13,-0.025695814869693984,0.12935524616843494,0.0543595590869038,-0.046248279905915145,0.0023321223653424194,,0,,,0,,cumulative_place,,,False,2.0,2.0,2.0,3,verified,winticket_line_prediction,provider_forecast_structure_only,7.158518241404615,14.899764528674872,14.75426109427419,4,3,3,coverage_validated_cumulative_scores_uncalibrated,,unavailable,,0,0
2026-10-08,四日市,2,024820261008,1791444060,1791443760,5,7,014782,山口幸太郎,追,80.86,,,,,0.05854107476557086,0.03467345656124803,0.07604922724345861,0.11487381217638822,position_specialists,0.034673456561248026,False,,,A,0.217,0.26,0.13,0.04,-0.08911645702030699,-0.24983442715193768,0.0971213577928917,0.05491983238827424,0.0002454865647728859,,0,,,0,,cumulative_place,,,False,3.0,1.0,1.0,3,verified,winticket_line_prediction,provider_forecast_structure_only,3.4673456561248033,7.604922724345861,11.487381217638822,5,6,4,coverage_validated_cumulative_scores_uncalibrated,,unavailable,,0,0
2026-10-08,四日市,2,024820261008,1791444060,1791443760,6,4,013385,鎌田聡,追,80.11,,,,,0.03518028602842711,0.01963693108680035,0.10039629845509646,0.09873908900590496,position_specialists,0.019636931086800348,False,,,A,0.1169999999999999,0.176,0.0,0.21,0.020462282284208544,0.06620677207573439,-0.10252878811699817,-0.046248279905915145,0.0015342910298305386,,0,,,0,,cumulative_place,,,False,1.0,3.0,4.0,3,verified,winticket_line_prediction,provider_forecast_structure_only,1.963693108680035,10.039629845509646,9.873908900590497,6,5,5,coverage_validated_cumulative_scores_uncalibrated,,unavailable,,0,0
2026-10-08,四日市,2,024820261008,1791444060,1791443760,7,2,014328,藤田洋平,追,80.35,,,,,0.02020445443871805,0.009364591985100935,0.04649871948262837,0.05873644641743271,position_specialists,0.009364591985100933,False,,,A,0.0,0.2,0.03,0.07,0.2106157270724881,-0.19721069874135388,-0.20712101958626616,-0.046248279905915145,0.0023321223653424194,,0,,,0,,cumulative_place,,,False,1.0,4.0,4.0,3,verified,winticket_line_prediction,provider_forecast_structure_only,0.9364591985100935,4.649871948262837,5.8736446417432715,7,7,7,coverage_validated_cumulative_scores_uncalibrated,,unavailable,,0,0
2026-10-08,平塚,3,033520261008,1791444660,1791444360,1,3,015932,生野優翔,逃,89.14,,,,,0.6669932588739564,0.8856552124204278,0.20342429125478206,0.16553346302632063,position_specialists,0.8856552124204277,False,,0.8276300075439209,S,0.475,0.7140000000000001,0.22,0.17,0.1576767130886215,0.3929870373949393,0.35475575385572455,0.12258094042925978,0.004277834588480975,,0,,,0,,cumulative_place,,,False,4.0,1.0,2.0,4,verified,winticket_line_prediction,provider_forecast_structure_only,88.56552124204278,20.342429125478205,16.553346302632065,1,2,2,coverage_validated_cumulative_scores_uncalibrated,,unavailable,,0,0
2026-10-08,平塚,3,033520261008,1791444660,1791444360,2,1,014460,矢口大樹,両,89.05,,,,,0.1435362368630373,0.058025204876506746,0.13282700635697767,0.1297076806024884,position_specialists,0.05802520487650674,False,,,S,0.2769999999999999,0.3329999999999999,0.13,0.07,-0.04894285174270824,0.0473737037282558,0.041878135327553294,-0.0681005224606999,0.00038423663968392013,,0,,,0,,cumulative_place,,,False,1.0,1.0,2.0,4,verified,winticket_line_prediction,provider_forecast_structure_only,5.802520487650675,13.282700635697767,12.970768060248842,2,3,4,coverage_validated_cumulative_scores_uncalibrated,,unavailable,,0,0
2026-10-08,平塚,3,033520261008,1791444660,1791444360,3,7,015214,境啓亨,逃,82.44,,,,,0.07256043093197863,0.02657295559746192,0.319625235569922,0.22342112195865999,position_specialists,0.026572955597461916,False,,,S,0.185,0.407,0.16,0.16,0.06231383701262315,0.0723483654455049,0.08885666346072234,-0.0681005224606999,0.001639409662651392,,0,,,0,,cumulative_place,,,False,4.0,2.0,2.0,4,verified,winticket_line_prediction,provider_forecast_structure_only,2.657295559746192,31.9625235569922,22.342112195865997,3,1,1,coverage_validated_cumulative_scores_uncalibrated,,unavailable,,0,0
2026-10-08,平塚,3,033520261008,1791444660,1791444360,4,2,012130,石田洋秀,追,82.72,,,,,0.044893935250507735,0.013554337719365157,0.1287455933866488,0.12232221888182257,position_specialists,0.013554337719365156,False,,,S,0.055,0.2769999999999999,0.2,0.07,0.07820764969195622,0.0723483654455049,-0.17207599228278797,0.07491057470676987,0.00015369465587356784,,0,,,0,,cumulative_place,,,False,3.0,2.0,2.0,4,verified,winticket_line_prediction,provider_forecast_structure_only,1.3554337719365157,12.874559338664879,12.232221888182258,4,4,5,coverage_validated_cumulative_scores_uncalibrated,,unavailable,,0,0
2026-10-08,平塚,3,033520261008,1791444660,1791444360,5,6,014615,藤原亮太,両,80.29,,,,,0.037916653344401814,0.009412859766377657,0.08169757993191117,0.09541854211188988,position_specialists,0.009412859766377655,False,,,S,0.166,0.25,0.07,0.17,0.030526211653957098,-0.11852069643175227,0.030737424204363862,-0.0681005224606999,0.00038423663968392013,,0,,,0,,cumulative_place,,,False,3.0,1.0,2.0,4,verified,winticket_line_prediction,provider_forecast_structure_only,0.9412859766377657,8.169757993191116,9.541854211188989,5,5,7,coverage_validated_cumulative_scores_uncalibrated,,unavailable,,0,0
2026-10-08,平塚,3,033520261008,1791444660,1791444360,6,4,014513,樋口絢土,追,81.0,,,,,0.023869487681596704,0.005280545768494654,0.07519092649226933,0.1452741641723833,position_specialists,0.0052805457684946535,False,,,S,0.125,0.312,0.06,0.18,-0.06483666442204124,-0.12637103713778347,-0.09664176543154251,0.07491057470676987,0.0005123155195785601,,0,,,0,,cumulative_place,,,False,2.0,1.0,1.0,4,verified,winticket_line_prediction,provider_forecast_structure_only,0.5280545768494654,7.519092649226932,14.527416417238332,6,6,3,coverage_validated_cumulative_scores_uncalibrated,,unavailable,,0,0
2026-10-08,平塚,3,033520261008,1791444660,1791444360,7,5,012882,鈴木愼二,追,80.73,,,,,0.01022999705452131,0.0014988838513662593,0.05848936700748898,0.11832280924643526,position_specialists,0.001498883851366259,False,,,S,0.0,0.083,0.13,0.18,-0.21494489528240898,-0.024423367981166476,-0.24751021913403343,-0.0681005224606999,0.0025359618219138722,,0,,,0,,cumulative_place,,,False,1.0,2.0,2.0,4,verified,winticket_line_prediction,provider_forecast_structure_only,0.14988838513662592,5.848936700748898,11.832280924643527,7,7,6,coverage_validated_cumulative_scores_uncalibrated,,unavailable,,0,0
2026-10-08,四日市,3,034820261008,1791445380,1791445080,1,5,013439,青井賢治,追,92.23,,,,,0.3490379099597021,0.47295371501304895,0.14506820682280908,0.10415594549187426,position_specialists,0.4729537150130489,False,,0.28085365897318226,A,0.428,0.642,0.19,0.14,-0.10358909725335354,0.3334346368381372,0.04227769618520154,0.042223674135501404,0.002724575725399385,,0,,,0,,cumulative_place,,,False,1.0,2.0,2.0,3,verified,winticket_line_prediction,provider_forecast_structure_only,47.29537150130489,14.506820682280907,10.415594549187428,1,3,4,coverage_validated_cumulative_scores_uncalibrated,,unavailable,,0,0
2026-10-08,四日市,3,034820261008,1791445380,1791445080,2,2,015421,秋本耀太郎,逃,89.58,,,,,0.21218973624390408,0.19210005603986666,0.1384183263203133,0.18023741574825433,position_specialists,0.19210005603986663,False,,,A,0.25,0.4579999999999999,0.05,0.14,0.14783186425695263,-0.034488495126980705,0.01877481252465956,-0.0752904068922194,0.0017833586566250517,,0,,,0,,cumulative_place,,,False,2.0,1.0,2.0,3,verified,winticket_line_prediction,provider_forecast_structure_only,19.210005603986666,13.84183263203133,18.023741574825436,2,4,2,coverage_validated_cumulative_scores_uncalibrated,,unavailable,,0,0
2026-10-08,四日市,3,034820261008,1791445380,1791445080,3,4,014475,高間悠平,追,91.05,,,,,0.16844580819695443,0.11533406932763375,0.31947457330322426,0.2994629140485173,position_specialists,0.11533406932763374,False,,,A,0.175,0.47,0.23,0.22,-0.10892238577203442,0.060175153757540956,-0.2048286340889103,0.042223674135501404,0.0006439906260034909,,0,,,0,,cumulative_place,,,False,3.0,2.0,3.0,3,verified,winticket_line_prediction,provider_forecast_structure_only,11.533406932763375,31.947457330322425,29.946291404851735,3,1,1,coverage_validated_cumulative_scores_uncalibrated,,unavailable,,0,0
2026-10-08,四日市,3,034820261008,1791445380,1791445080,4,1,015277,高井流星,逃,87.44,,,,,0.11981052358663612,0.10609906855741229,0.17660106739846007,0.15033692057537731,position_specialists,0.10609906855741227,False,,,A,0.481,0.5920000000000001,0.3,0.1,-0.13372630431326496,0.1546911470057397,0.1130037150591082,-0.04680214482489314,0.0023778115421667356,,0,,,0,,cumulative_place,,,False,1.0,1.0,2.0,3,verified,winticket_line_prediction,provider_forecast_structure_only,10.60990685574123,17.660106739846007,15.033692057537733,4,2,3,coverage_validated_cumulative_scores_uncalibrated,,unavailable,,0,0
2026-10-08,四日市,3,034820261008,1791445380,1791445080,5,3,015187,鮫島康治,逃,85.8,,,,,0.09321676483624614,0.07576003117373206,0.0709304715716385,0.08435036350493309,position_specialists,0.07576003117373205,False,,,A,0.19,0.5710000000000001,0.1,0.17,0.061755528293432366,0.13367118676877082,-0.1361517588084991,0.1597377551632222,0.003170415389555647,,0,,,0,,cumulative_place,,,False,3.0,1.0,3.0,3,verified,winticket_line_prediction,provider_forecast_structure_only,7.576003117373206,7.093047157163849,8.435036350493311,5,6,7,coverage_validated_cumulative_scores_uncalibrated,,unavailable,,0,0
2026-10-08,四日市,3,034820261008,1791445380,1791445080,6,7,014058,佐藤謙,追,85.7,,,,,0.03187631716912422,0.022734683374771993,0.06859389668396274,0.08551971013613827,position_specialists,0.02273468337477199,False,,,A,0.222,0.481,0.18,0.09,0.0865594468346629,-0.04492464742730373,0.04227769618520154,-0.04680214482489314,0.00029722644277084217,,0,,,0,,cumulative_place,,,False,2.0,2.0,2.0,3,verified,winticket_line_prediction,provider_forecast_structure_only,2.2734683374771993,6.859389668396274,8.551971013613828,6,7,6,coverage_validated_cumulative_scores_uncalibrated,,unavailable,,0,0
2026-10-08,四日市,3,034820261008,1791445380,1791445080,7,6,014950,市村昌樹,両,84.87,,,,,0.02542294000743287,0.015018376513534357,0.08091345789959198,0.09593673049490536,position_specialists,0.015018376513534356,False,,,A,0.29,0.375,0.0,0.0,0.05009094795360397,-0.23419288294181792,0.12464647294323883,-0.0752904068922194,0.0010898302901597538,,0,,,0,,cumulative_place,,,False,3.0,3.0,3.0,3,verified,winticket_line_prediction,provider_forecast_structure_only,1.5018376513534357,8.091345789959197,9.593673049490539,7,5,5,coverage_validated_cumulative_scores_uncalibrated,,unavailable,,0,0
2026-10-08,平塚,4,043520261008,1791446100,1791445800,1,4,015893,岩辺陸,逃,91.0,,,,,0.5850440711095173,0.6727397348052591,0.24190661993260654,0.2419041228921974,position_specialists,0.6727397348052592,False,,0.49504068625698905,S,0.475,0.6659999999999999,0.14,0.12,0.02860357775676601,0.34965431430751415,0.13196452937404868,0.0,0.004339720674759674,,0,,,0,,cumulative_place,,,False,2.0,1.0,3.0,3,verified,winticket_line_prediction,provider_forecast_structure_only,67.27397348052591,24.190661993260658,24.19041228921974,1,2,1,coverage_validated_cumulative_scores_uncalibrated,,unavailable,,0,0
2026-10-08,平塚,4,043520261008,1791446100,1791445800,2,3,014630,利根正明,逃,87.54,,,,,0.15816509349625885,0.17769904854827007,0.18970116130356107,0.076669786785809,position_specialists,0.1776990485482701,False,,,S,0.416,0.583,0.13,0.1,0.09485451153162827,0.1526135584820144,0.3165280390949814,0.0,0.001342783527167792,,0,,,0,,cumulative_place,,,False,1.0,1.0,3.0,3,verified,winticket_line_prediction,provider_forecast_structure_only,17.769904854827008,18.97011613035611,7.6669786785809,2,3,6,coverage_validated_cumulative_scores_uncalibrated,,unavailable,,0,0
2026-10-08,平塚,4,043520261008,1791446100,1791445800,3,7,014669,植木和広,追,86.9,,,,,0.12090982224272286,0.08088243925899519,0.2739094563314418,0.1340414821215876,position_specialists,0.0808824392589952,False,,,S,0.2269999999999999,0.59,0.17,0.25,0.1331328288237709,0.07716079560602342,0.008022569770378053,0.0,0.0016541536204240912,,0,,,0,,cumulative_place,,,False,2.0,2.0,3.0,3,verified,winticket_line_prediction,provider_forecast_structure_only,8.08824392589952,27.390945633144185,13.40414821215876,3,1,4,coverage_validated_cumulative_scores_uncalibrated,,unavailable,,0,0
2026-10-08,平塚,4,043520261008,1791446100,1791445800,4,5,014332,芳野匠,追,84.48,,,,,0.10609403943556134,0.060641933334358925,0.138394295607436,0.17880338800694345,position_specialists,0.06064193333435894,False,,,S,0.222,0.3329999999999999,0.2,0.15,0.10810469828660073,0.008196531067098509,0.031205460959209078,0.0,0.0013817047888248293,,0,,,0,,cumulative_place,,,False,1.0,2.0,3.0,3,verified,winticket_line_prediction,provider_forecast_structure_only,6.064193333435893,13.839429560743602,17.880338800694346,4,4,2,coverage_validated_cumulative_scores_uncalibrated,,unavailable,,0,0
2026-10-08,平塚,4,043520261008,1791446100,1791445800,5,6,015180,下岡将也,逃,80.45,,,,,0.01487264792163548,0.0036533149178031342,0.045531654629315674,0.06971375007437548,position_specialists,0.003653314917803135,False,,,S,0.083,0.25,0.09,0.04,-0.15689903681284834,-0.06816752027108589,-0.21131527673380124,0.0,0.0005643582940270429,,0,,,0,,cumulative_place,,,False,3.0,1.0,1.0,3,verified,winticket_line_prediction,provider_forecast_structure_only,0.36533149178031343,4.5531654629315685,6.9713750074375485,5,6,7,coverage_validated_cumulative_scores_uncalibrated,,unavailable,,0,0
2026-10-08,平塚,4,043520261008,1791446100,1791445800,6,2,014037,橋本勝弘,追,81.59,,,,,0.009557956492444182,0.0031218373114880616,0.06781262354396701,0.17154294743286058,position_specialists,0.0031218373114880625,False,,,S,0.18,0.318,0.14,0.25,-0.06414772952804113,-0.12391620756452693,-0.06509004573101503,0.0,0.0007005827098266739,,0,,,0,,cumulative_place,,,False,1.0,3.0,3.0,3,verified,winticket_line_prediction,provider_forecast_structure_only,0.31218373114880615,6.781262354396702,17.15429474328606,6,5,3,coverage_validated_cumulative_scores_uncalibrated,,unavailable,,0,0
2026-10-08,平塚,4,043520261008,1791446100,1791445800,7,1,013006,佐々木健司,追,81.2,,,,,0.0053563693018599074,0.0012616918238254505,0.04274418865167182,0.12732452268622652,position_specialists,0.0012616918238254507,False,,,S,0.08,0.36,0.05,0.29,-0.14364885005787592,-0.1534723209383519,-0.21131527673380124,0.0,0.0013817047888248293,,0,,,0,,cumulative_place,,,False,2.0,3.0,3.0,3,verified,winticket_line_prediction,provider_forecast_structure_only,0.12616918238254504,4.274418865167183,12.732452268622652,7,7,5,coverage_validated_cumulative_scores_uncalibrated,,unavailable,,0,0
2026-10-08,四日市,4,044820261008,1791446820,1791446520,1,3,014036,篠原龍馬,両,90.8,,,,,0.5250722802237587,0.6940694414879275,0.17248166719785604,0.0852000272052776,position_specialists,0.6940694414879274,False,,0.5685773641842197,S,0.475,0.619,0.13,0.02,0.12394113099387988,0.3274969287720013,0.16061722417267907,0.08624055904009735,0.0021499511799889497,,0,,,0,,cumulative_place,,,False,1.0,1.0,3.0,3,verified,winticket_line_prediction,provider_forecast_structure_only,69.40694414879275,17.248166719785605,8.52000272052776,1,2,6,coverage_validated_cumulative_scores_uncalibrated,,unavailable,,0,0
2026-10-08,四日市,4,044820261008,1791446820,1791446520,2,5,013435,中石昌芳,追,88.95,,,,,0.1850240567151502,0.1254920773037077,0.3658450488192182,0.24549798843309564,position_specialists,0.12549207730370768,False,,,S,0.375,0.6659999999999999,0.35,0.15,0.11939447484435925,0.017615359818662538,0.10819714992617727,-0.0999423301025427,0.001828694107117038,,0,,,0,,cumulative_place,,,False,1.0,2.0,3.0,3,verified,winticket_line_prediction,provider_forecast_structure_only,12.549207730370771,36.584504881921816,24.549798843309564,2,1,1,coverage_validated_cumulative_scores_uncalibrated,,unavailable,,0,0
2026-10-08,四日市,4,044820261008,1791446820,1791446520,3,1,015783,吉田優斗,逃,88.0,,,,,0.11247564916415158,0.09948816917647935,0.1336420387598765,0.10897644751035829,position_specialists,0.09948816917647933,False,,,S,0.578,0.578,0.25,0.1,0.15628527777239837,0.15919089785303733,0.10596986603962225,-0.009671838397020252,0.0024959203353894705,,0,,,0,,cumulative_place,,,False,2.0,1.0,2.0,3,verified,winticket_line_prediction,provider_forecast_structure_only,9.948816917647935,13.364203875987652,10.897644751035829,3,3,5,coverage_validated_cumulative_scores_uncalibrated,,unavailable,,0,0
2026-10-08,四日市,4,044820261008,1791446820,1791446520,4,2,015847,寺師幸成,逃,86.33,,,,,0.08727802993374746,0.04606146532532803,0.09710718518899804,0.1233922100766472,position_specialists,0.046061465325328024,False,,,S,0.25,0.312,0.1,0.12,-0.04866362738337432,0.0944578090380511,-0.06439537526150863,0.08624055904009735,0.0021499511799889497,,0,,,0,,cumulative_place,,,False,3.0,1.0,2.0,3,verified,winticket_line_prediction,provider_forecast_structure_only,4.6061465325328035,9.710718518899803,12.33922100766472,4,5,4,coverage_validated_cumulative_scores_uncalibrated,,unavailable,,0,0
2026-10-08,四日市,4,044820261008,1791446820,1791446520,5,4,014711,相澤政宏,追,91.38,,,,,0.06558114804188166,0.025011220088628373,0.1301403671410569,0.21960528674485502,position_specialists,0.02501122008862837,False,,,S,0.142,0.3329999999999999,0.16,0.16,-0.18735736581969217,-0.08595758228531535,-0.1299204680696359,-0.049165178518186324,0.002347647840217819,,0,,,0,,cumulative_place,,,False,2.0,2.0,2.0,3,verified,winticket_line_prediction,provider_forecast_structure_only,2.501122008862837,13.01403671410569,21.960528674485502,5,4,2,coverage_validated_cumulative_scores_uncalibrated,,unavailable,,0,0
2026-10-08,四日市,4,044820261008,1791446820,1791446520,6,7,013493,立花成泰,追,84.2,,,,,0.01867880282491254,0.008549075220751464,0.05868385226102027,0.15599696687935727,position_specialists,0.008549075220751462,False,,,S,0.29,0.375,0.14,0.09,-0.04434081025705637,-0.07142634980003248,0.028824610594239547,0.08624055904009735,0.0009637712186157364,,0,,,0,,cumulative_place,,,False,1.0,3.0,3.0,3,verified,winticket_line_prediction,provider_forecast_structure_only,0.8549075220751464,5.868385226102027,15.599696687935726,6,6,3,coverage_validated_cumulative_scores_uncalibrated,,unavailable,,0,0
2026-10-08,四日市,4,044820261008,1791446820,1791446520,7,6,014625,藤野貴章,追,81.66,,,,,0.00589003309639785,0.0013285513971777164,0.04209984063197399,0.06133107315040898,position_specialists,0.0013285513971777161,False,,,S,0.055,0.3329999999999999,0.13,0.2,-0.11925908015051477,-0.07301096452231812,-0.2092930074015736,-0.0999423301025427,0.0016557095294167773,,0,,,0,,cumulative_place,,,False,3.0,2.0,2.0,3,verified,winticket_line_prediction,provider_forecast_structure_only,0.13285513971777163,4.2099840631974,6.133107315040897,7,7,7,coverage_validated_cumulative_scores_uncalibrated,,unavailable,,0,0
2026-10-08,平塚,5,053520261008,1791447540,1791447240,1,1,015790,藤田祐大,逃,95.27,,,,,0.34177854513940675,0.5454773549302327,0.19359254731621145,0.14873262492793826,position_specialists,0.5454773549302326,False,,0.32781565569739396,A,0.695,0.782,0.15,0.11,0.13221733465791916,0.2948442067134811,0.2551497372428708,0.08715391336551438,0.004330127018922192,,0,,,0,,cumulative_place,,,False,1.0,1.0,3.0,4,verified,winticket_line_prediction,provider_forecast_structure_only,54.547735493023275,19.359254731621146,14.873262492793826,1,2,4,coverage_validated_cumulative_scores_uncalibrated,,unavailable,,0,0
2026-10-08,平塚,5,053520261008,1791447540,1791447240,2,4,014728,三好恵一郎,両,93.15,,,,,0.3258089596915269,0.2176616992328387,0.28792395322515735,0.22219569656830898,position_specialists,0.21766169923283868,False,,,A,0.55,0.8,0.21,0.0,0.07759640296317219,0.09032052289105334,0.06724002570746022,-0.03965992686857675,0.0019157531659473952,,0,,,0,,cumulative_place,,,False,1.0,2.0,3.0,4,verified,winticket_line_prediction,provider_forecast_structure_only,21.766169923283872,28.792395322515734,22.2195696568309,2,1,1,coverage_validated_cumulative_scores_uncalibrated,,unavailable,,0,0
2026-10-08,平塚,5,053520261008,1791447540,1791447240,3,5,015817,梅澤忠秀,逃,95.38,,,,,0.13192399275885086,0.11983806806584268,0.13354091168898702,0.09402165500966445,position_specialists,0.11983806806584267,False,,,A,0.57,0.7609999999999999,0.23,0.12,0.15952780050529258,0.12341259855814009,0.08972898133850694,-0.09449834426710264,0.0008397822097303639,,0,,,0,,cumulative_place,,,False,4.0,1.0,2.0,4,verified,winticket_line_prediction,provider_forecast_structure_only,11.983806806584269,13.354091168898702,9.402165500966445,3,4,6,coverage_validated_cumulative_scores_uncalibrated,,unavailable,,0,0
2026-10-08,平塚,5,053520261008,1791447540,1791447240,4,2,015288,薦田将伍,逃,93.43,,,,,0.12931090461317224,0.09344647457949048,0.14273934542846023,0.17785031169391405,position_specialists,0.09344647457949047,False,,,A,0.5,0.541,0.0,0.33,-0.06957666299211811,0.04954964895573071,0.10697889605844926,0.13171012750181668,0.0009972413740548087,,0,,,0,,cumulative_place,,,False,2.0,1.0,1.0,4,verified,winticket_line_prediction,provider_forecast_structure_only,9.344647457949048,14.273934542846023,17.785031169391406,4,3,2,coverage_validated_cumulative_scores_uncalibrated,,unavailable,,0,0
2026-10-08,平塚,5,053520261008,1791447540,1791447240,5,3,015005,野口正則,両,91.79,,,,,0.046247275719984285,0.017387131498628857,0.11997017604158482,0.15301194585936387,position_specialists,0.017387131498628854,False,,,A,0.3329999999999999,0.5,0.05,0.15,-0.15454255673950226,-0.027538707715743634,-0.05289626053748443,0.018605891617357012,0.00044613429891925696,,0,,,0,,cumulative_place,,,False,4.0,2.0,2.0,4,verified,winticket_line_prediction,provider_forecast_structure_only,1.7387131498628856,11.997017604158481,15.301194585936386,5,5,3,coverage_validated_cumulative_scores_uncalibrated,,unavailable,,0,0
2026-10-08,平塚,5,053520261008,1791447540,1791447240,6,6,014084,小菅誠,追,90.15,,,,,0.01515926119375966,0.0034726460209011426,0.0455415278906297,0.0683237895889889,position_specialists,0.003472646020901142,False,,,A,0.105,0.421,0.0,0.0,-0.08626639212106856,-0.0897385326704839,-0.29316883302737373,-0.008813317081905938,0.0001049727762162948,,0,,,0,,cumulative_place,,,False,3.0,1.0,1.0,4,verified,winticket_line_prediction,provider_forecast_structure_only,0.3472646020901143,4.55415278906297,6.8323789588988895,6,7,7,coverage_validated_cumulative_scores_uncalibrated,,unavailable,,0,0
2026-10-08,平塚,5,053520261008,1791447540,1791447240,7,7,013242,尾崎剛,追,93.0,,,,,0.009771060883299388,0.0027166256720655164,0.07669153840896946,0.13586397635182154,position_specialists,0.002716625672065516,False,,,A,0.2769999999999999,0.444,0.0,0.15,-0.058955926273695135,-0.2514043144540764,-0.17303254678242908,-0.09449834426710264,0.0019157531659473952,,0,,,0,,cumulative_place,,,False,1.0,3.0,3.0,4,verified,winticket_line_prediction,provider_forecast_structure_only,0.27166256720655163,7.6691538408969455,13.586397635182154,7,6,5,coverage_validated_cumulative_scores_uncalibrated,,unavailable,,0,0
2026-10-08,四日市,5,054820261008,1791448260,1791447960,1,1,015445,内藤久文,逃,93.0,,,,,0.6984736461511647,0.725822682390047,0.1588658816489843,0.16650871869669553,position_specialists,0.725822682390047,False,,0.6330869892695832,S,0.475,0.5710000000000001,0.11,0.06,0.11202755129916504,-0.037194009902689715,0.18838210975421338,-0.04983392561221026,0.00024671758189758435,,0,,,0,,cumulative_place,,,False,2.0,1.0,3.0,3,verified,winticket_line_prediction,provider_forecast_structure_only,72.5822682390047,15.88658816489843,16.65087186966955,1,4,3,coverage_validated_cumulative_scores_uncalibrated,,unavailable,,0,0
2026-10-08,四日市,5,054820261008,1791448260,1791447960,2,3,014561,高橋義秋,両,89.5,,,,,0.08647641540652894,0.09273569312046377,0.3408657665728768,0.22390685474183653,position_specialists,0.09273569312046377,False,,,S,0.29,0.4579999999999999,0.22,0.13,0.14582098144005332,0.1580601566244215,0.13882930402942478,-0.01237486743390456,0.0007401527456927537,,0,,,0,,cumulative_place,,,False,3.0,2.0,2.0,3,verified,winticket_line_prediction,provider_forecast_structure_only,9.273569312046376,34.08657665728768,22.39068547418365,2,1,1,coverage_validated_cumulative_scores_uncalibrated,,unavailable,,0,0
2026-10-08,四日市,5,054820261008,1791448260,1791447960,3,2,015603,小坂丈,逃,86.44,,,,,0.09325133141426918,0.08511610614553612,0.17682979777381744,0.14705673924371326,position_specialists,0.08511610614553612,False,,,S,0.315,0.526,0.17,0.12,0.14321221120366098,0.14109403774296955,0.07189506854691527,0.02742538188054525,0.002960610982771014,,0,,,0,,cumulative_place,,,False,1.0,1.0,2.0,3,verified,winticket_line_prediction,provider_forecast_structure_only,8.511610614553613,17.682979777381743,14.705673924371323,3,2,4,coverage_validated_cumulative_scores_uncalibrated,,unavailable,,0,0
2026-10-08,四日市,5,054820261008,1791448260,1791447960,4,4,015754,成海大聖,逃,86.14,,,,,0.0739703495665454,0.07968416569649722,0.09927670774648639,0.09448767561480272,position_specialists,0.07968416569649722,False,,,S,0.3329999999999999,0.476,0.12,0.13,-0.020617787649470698,0.26589567109493106,0.11630193523955709,0.18428518800220037,0.0019737406551806756,,0,,,0,,cumulative_place,,,False,3.0,1.0,2.0,3,verified,winticket_line_prediction,provider_forecast_structure_only,7.9684165696497224,9.92767077464864,9.44876756148027,4,5,6,coverage_validated_cumulative_scores_uncalibrated,,unavailable,,0,0
2026-10-08,四日市,5,054820261008,1791448260,1791447960,5,5,013270,中川貴史,追,81.52,,,,,0.025540655388852813,0.010283324738000168,0.166455266750692,0.19212807909731397,position_specialists,0.010283324738000168,False,,,S,0.095,0.285,0.04,0.14,-0.0882448422419847,0.1580601566244215,-0.15238829898882045,-0.04983392561221026,0.0,,0,,,0,,cumulative_place,,,False,2.0,2.0,3.0,3,verified,winticket_line_prediction,provider_forecast_structure_only,1.0283324738000168,16.6455266750692,19.212807909731392,5,3,2,coverage_validated_cumulative_scores_uncalibrated,,unavailable,,0,0
2026-10-08,四日市,5,054820261008,1791448260,1791447960,6,7,012421,小沼良,追,85.33,,,,,0.015383592318665797,0.004434473589495266,0.03680767058544853,0.11963142347527136,position_specialists,0.004434473589495266,False,,,S,0.0,0.0,0.0,0.04,-0.1571561847973262,-0.0915431100795015,-0.26887534019611853,-0.04983392561221026,0.0027138934008734293,,0,,,0,,cumulative_place,,,False,1.0,2.0,2.0,3,verified,winticket_line_prediction,provider_forecast_structure_only,0.44344735894952664,3.680767058544853,11.963142347527135,6,6,5,coverage_validated_cumulative_scores_uncalibrated,,unavailable,,0,0
2026-10-08,四日市,5,054820261008,1791448260,1791447960,7,6,014092,山出裕幸,追,81.14,,,,,0.006904009753973208,0.0019235543199603413,0.020898908921694485,0.05628050913036661,position_specialists,0.0019235543199603413,False,,,S,0.142,0.3329999999999999,0.06,0.06,-0.13504192925409733,-0.22600680323046576,-0.09414477838517141,-0.04983392561221026,0.0027138934008734293,,0,,,0,,cumulative_place,,,False,2.0,3.0,3.0,3,verified,winticket_line_prediction,provider_forecast_structure_only,0.19235543199603414,2.0898908921694486,5.6280509130366605,7,7,7,coverage_validated_cumulative_scores_uncalibrated,,unavailable,,0,0
2026-10-08,平塚,6,063520261008,1791448980,1791448680,1,6,014900,小林莉子,両,57.62,,,,,0.7928495825572993,0.8162017200842916,0.4763362386198488,0.5279159110332279,position_specialists,0.8162017200842916,False,,0.7086718982928506,S,0.75,0.958,0.0,0.0,0.14613100430205322,-0.03157423704635027,0.22232245194284395,-0.04751129026321923,0.0037043490002585124,,0,,,0,,cumulative_place,,0.0,False,4.0,1.0,1.0,7,verified,winticket_line_prediction,provider_forecast_structure_only,81.62017200842917,47.63362386198488,52.79159110332279,1,1,1,coverage_validated_cumulative_scores_uncalibrated,,unavailable,,0,0
2026-10-08,平塚,6,063520261008,1791448980,1791448680,2,2,015853,中島瞳,両,56.71,,,,,0.12288792914986398,0.10752982179144105,0.22655220521926203,0.24660342089418932,position_specialists,0.10752982179144105,False,,,S,0.7609999999999999,0.904,0.0,0.0,0.12620404916995506,-0.03157423704635027,0.12444053133123989,-0.015064555449313413,0.0010561335447545545,,0,,,0,,cumulative_place,,0.0,False,3.0,1.0,1.0,7,verified,winticket_line_prediction,provider_forecast_structure_only,10.752982179144105,22.655220521926204,24.660342089418933,2,2,2,coverage_validated_cumulative_scores_uncalibrated,,unavailable,,0,0
2026-10-08,平塚,6,063520261008,1791448980,1791448680,3,7,015756,熊谷芽緯,逃,55.42,,,,,0.06208330495597844,0.06575108465272227,0.14055582885014925,0.06539612889568595,position_specialists,0.06575108465272227,False,,,S,0.428,0.6659999999999999,0.0,0.0,0.08635013890575874,-0.03157423704635027,0.15100281274891253,0.187727537137598,0.0016078450979845457,,0,,,0,,cumulative_place,,0.0,False,5.0,1.0,1.0,7,verified,winticket_line_prediction,provider_forecast_structure_only,6.575108465272226,14.055582885014925,6.539612889568596,3,3,4,coverage_validated_cumulative_scores_uncalibrated,,unavailable,,0,0
2026-10-08,平塚,6,063520261008,1791448980,1791448680,4,1,015865,豊田美香,両,51.85,,,,,0.017861809640247354,0.008937786332152845,0.10521600280764515,0.08213115472657657,position_specialists,0.008937786332152845,False,,,S,0.284,0.428,0.0,0.0,-0.026569273509464215,-0.03157423704635027,-0.0676074070752917,0.01738217936459241,0.0012610549788114086,,0,,,0,,cumulative_place,,0.0,False,2.0,1.0,1.0,7,verified,winticket_line_prediction,provider_forecast_structure_only,0.8937786332152845,10.521600280764515,8.213115472657657,4,4,3,coverage_validated_cumulative_scores_uncalibrated,,unavailable,,0,0
2026-10-08,平塚,6,063520261008,1791448980,1791448680,5,5,015942,齊藤由莉,両,49.21,,,,,0.0019855580893344774,0.000868890605680942,0.029834039469218136,0.04148946262647613,position_specialists,0.000868890605680942,False,,,S,0.25,0.35,0.0,0.0,-0.0531385470189284,-0.03157423704635027,-0.04476102847429557,-0.04751129026321923,0.0012610549788114086,,0,,,0,,cumulative_place,,0.7525453463294475,False,6.0,1.0,1.0,7,verified,winticket_line_prediction,provider_forecast_structure_only,0.0868890605680942,2.9834039469218134,4.1489462626476135,5,5,5,coverage_validated_cumulative_scores_uncalibrated,,unavailable,,0,0
2026-10-08,平塚,6,063520261008,1791448980,1791448680,6,4,015314,向井円,追,48.08,,,,,0.001585849730929757,0.0005076135401938042,0.011931729684827974,0.02130113260719628,position_specialists,0.0005076135401938042,False,,,S,0.0409999999999999,0.125,0.0,0.0,-0.11291941241522292,-0.03157423704635027,-0.1831334423445448,-0.04751129026321923,0.001923108842687398,,0,,,0,,cumulative_place,,0.0,False,1.0,1.0,1.0,7,verified,winticket_line_prediction,provider_forecast_structure_only,0.050761354019380416,1.1931729684827974,2.130113260719628,6,6,6,coverage_validated_cumulative_scores_uncalibrated,,unavailable,,0,0
2026-10-08,平塚,6,063520261008,1791448980,1791448680,7,3,015146,齊藤由紀,両,45.73,,,,,0.0007459658763465448,0.00020308299351753947,0.009573955349048703,0.015162789216647867,position_specialists,0.00020308299351753947,False,,,S,0.0,0.066,0.0,0.0,-0.16605795943415136,-0.03157423704635027,-0.20226391812886443,-0.04751129026321923,0.001923108842687398,,0,,,0,,cumulative_place,,0.24745465367055258,False,7.0,1.0,1.0,7,verified,winticket_line_prediction,provider_forecast_structure_only,0.020308299351753947,0.9573955349048704,1.5162789216647867,7,7,7,coverage_validated_cumulative_scores_uncalibrated,,unavailable,,0,0
2026-10-08,四日市,6,064820261008,1791449700,1791449400,1,4,015113,酒井拳蔵,両,94.86,,,,,0.261833360296178,0.3252501582737088,0.1147183726654918,0.1271830139178545,position_specialists,0.3252501582737088,False,,0.0286848229927274,C,0.09,0.136,0.13,0.01,0.08232048554674051,0.33861722829771784,0.12242640687119284,-0.05752888753770125,0.0028239068618695347,,0,,,0,,cumulative_place,,,False,2.0,1.0,3.0,2,verified,winticket_line_prediction,provider_forecast_structure_only,32.52501582737088,11.47183726654918,12.71830139178545,1,3,3,coverage_validated_cumulative_scores_uncalibrated,,unavailable,,0,0
2026-10-08,四日市,6,064820261008,1791449700,1791449400,2,2,014571,根本哲吏,両,93.68,,,,,0.3516931105157303,0.2965653352809814,0.2702732673406663,0.39444995200970434,position_specialists,0.2965653352809814,False,,,C,0.111,0.166,0.27,0.18,-0.0006875239020233403,0.11758656165402351,0.12242640687119284,-0.03473442266427246,0.0026107818156907016,,0,,,0,,cumulative_place,,,False,1.0,2.0,3.0,2,verified,winticket_line_prediction,provider_forecast_structure_only,29.656533528098137,27.02732673406663,39.44499520097043,2,2,1,coverage_validated_cumulative_scores_uncalibrated,,unavailable,,0,0
2026-10-08,四日市,6,064820261008,1791449700,1791449400,3,5,015325,後藤悠,逃,95.43,,,,,0.25940893066379056,0.2856597415788634,0.3459704537400022,0.22855371682686815,position_specialists,0.2856597415788634,False,,,C,0.1169999999999999,0.294,0.12,0.11,-0.05099905339576861,0.08323792006642436,0.12242640687119284,0.15739035269748458,0.0009057814462600394,,0,,,0,,cumulative_place,,,False,1.0,1.0,3.0,2,verified,winticket_line_prediction,provider_forecast_structure_only,28.56597415788634,34.59704537400022,22.855371682686815,3,1,2,coverage_validated_cumulative_scores_uncalibrated,,unavailable,,0,0
2026-10-08,四日市,6,064820261008,1791449700,1791449400,4,6,013420,土屋裕二,追,95.63,,,,,0.07401364727402732,0.07485374094808382,0.1068994488349618,0.0895714641192227,position_specialists,0.07485374094808382,False,,,C,0.157,0.315,0.0,0.15,0.22156916802130416,-0.10969387567675215,0.08970562748477139,0.04993073257989166,0.0012254690155282884,,0,,,0,,cumulative_place,,,False,1.0,3.0,3.0,2,verified,winticket_line_prediction,provider_forecast_structure_only,7.485374094808382,10.68994488349618,8.95714641192227,4,4,5,coverage_validated_cumulative_scores_uncalibrated,,unavailable,,0,0
2026-10-08,四日市,6,064820261008,1791449700,1791449400,5,3,014028,山口泰生,追,94.11,,,,,0.025521786240216726,0.011383633336751268,0.10153685331577923,0.06995070721873936,position_specialists,0.011383633336751268,False,,,C,0.111,0.111,0.06,0.0,-0.0035659051393321407,-0.10969387567675215,-0.1648528137423857,-0.05752888753770125,0.0002664063077235409,,0,,,0,,cumulative_place,,,False,2.0,3.0,3.0,2,verified,winticket_line_prediction,provider_forecast_structure_only,1.1383633336751269,10.153685331577924,6.995070721873936,5,5,6,coverage_validated_cumulative_scores_uncalibrated,,unavailable,,0,0
2026-10-08,四日市,6,064820261008,1791449700,1791449400,6,1,013204,佐野梅一,追,90.67,,,,,0.027529165010057106,0.0062873905816113,0.06060160410309866,0.09029114590761102,position_specialists,0.0062873905816113,False,,,C,0.0,0.0,0.07,0.0,-0.24863717113092054,-0.046585850780379426,-0.29213203435596424,-0.05752888753770125,0.0026107818156907016,,0,,,0,,cumulative_place,,,False,2.0,2.0,3.0,2,verified,winticket_line_prediction,provider_forecast_structure_only,0.6287390581611301,6.060160410309866,9.029114590761102,6,6,4,coverage_validated_cumulative_scores_uncalibrated,,unavailable,,0,0
2026-10-08,平塚,7,073520261008,1791450420,1791450120,1,7,015225,坂口楓華,両,58.07,,,,,0.9049317765564252,0.9219254622848063,0.5943864463186946,0.6363010823080425,position_specialists,0.9219254622848063,False,,0.8541332825804573,S,0.851,0.888,0.0,0.0,0.1782203692062162,-0.03157423704635027,0.41271531811609563,0.18507255834361788,0.003036966963165836,,0,,,0,,cumulative_place,0.0,0.0,False,5.0,1.0,1.0,7,verified,winticket_line_prediction,provider_forecast_structure_only,92.19254622848064,59.438644631869465,63.630108230804254,1,1,1,coverage_validated_cumulative_scores_uncalibrated,,unavailable,,0,0
2026-10-08,平塚,7,073520261008,1791450420,1791450120,2,3,015495,下条未悠,両,55.85,,,,,0.07650286949876216,0.06779217970434898,0.20271294320261715,0.1598895707094096,position_specialists,0.06779217970434898,False,,,S,0.619,0.809,0.0,0.0,0.12961481396815724,-0.03157423704635027,0.07942313408361376,0.03265986323710904,0.003036966963165836,,0,,,0,,cumulative_place,0.0,0.0,False,4.0,1.0,1.0,7,verified,winticket_line_prediction,provider_forecast_structure_only,6.779217970434898,20.271294320261717,15.98895707094096,2,2,2,coverage_validated_cumulative_scores_uncalibrated,,unavailable,,0,0
2026-10-08,平塚,7,073520261008,1791450420,1791450120,3,4,014966,田中まい,両,53.0,,,,,0.011463972910927175,0.007199230810914789,0.07545370882432359,0.040859790915821204,position_specialists,0.007199230810914789,False,,,S,0.36,0.6,0.0,0.0,0.016201851746019697,-0.03157423704635027,0.04478009597112987,-0.04354648431614539,0.0005061611605276392,,0,,,0,,cumulative_place,0.0,0.0,False,1.0,1.0,1.0,7,verified,winticket_line_prediction,provider_forecast_structure_only,0.719923081091479,7.545370882432359,4.0859790915821215,3,4,5,coverage_validated_cumulative_scores_uncalibrated,,unavailable,,0,0
2026-10-08,平塚,7,073520261008,1791450420,1791450120,4,2,015858,平子結菜,両,51.11,,,,,0.0038369333147443598,0.001984950889708287,0.08869228550498791,0.08377309239953488,position_specialists,0.001984950889708287,False,,,S,0.111,0.37,0.0,0.0,-0.008100925873009797,-0.03157423704635027,-0.029525966610499686,-0.04354648431614539,0.00031464072140907314,,0,,,0,,cumulative_place,0.9987240071436287,0.1125626227473761,False,2.0,1.0,1.0,7,verified,winticket_line_prediction,provider_forecast_structure_only,0.1984950889708287,8.869228550498791,8.37730923995349,4,3,3,coverage_validated_cumulative_scores_uncalibrated,,unavailable,,0,0
2026-10-08,平塚,7,073520261008,1791450420,1791450120,5,1,015851,片岡美奈,両,48.83,,,,,0.0011356268148940106,0.00043549593423993,0.019790186188686654,0.04136394995984793,position_specialists,0.00043549593423993,False,,,S,0.1,0.233,0.0,0.0,-0.040504629365049054,-0.03157423704635027,-0.1449199492547546,-0.04354648431614539,0.00175104401479832,,0,,,0,,cumulative_place,0.0012759928563712184,0.7360248820747909,False,3.0,1.0,1.0,7,verified,winticket_line_prediction,provider_forecast_structure_only,0.043549593423993,1.9790186188686654,4.136394995984793,5,5,4,coverage_validated_cumulative_scores_uncalibrated,,unavailable,,0,0
2026-10-08,平塚,7,073520261008,1791450420,1791450120,6,5,015759,星野しほ,追,47.14,,,,,0.0012629964586292222,0.0004056674030128094,0.009946737735589498,0.019362274151958635,position_specialists,0.0004056674030128094,False,,,S,0.095,0.142,0.0,0.0,-0.12961481396815716,-0.03157423704635027,-0.16307813270377353,-0.04354648431614539,0.00175104401479832,,0,,,0,,cumulative_place,0.0,0.0,False,7.0,1.0,1.0,7,verified,winticket_line_prediction,provider_forecast_structure_only,0.04056674030128094,0.9946737735589498,1.9362274151958638,6,6,6,coverage_validated_cumulative_scores_uncalibrated,,unavailable,,0,0
2026-10-08,平塚,7,073520261008,1791450420,1791450120,7,6,015593,中村鈴花,追,46.8,,,,,0.0008658244456177918,0.00025701297296888215,0.009017692225100567,0.018450239555385172,position_specialists,0.00025701297296888215,False,,,S,0.0,0.133,0.0,0.0,-0.1458166657141768,-0.03157423704635027,-0.19939449960181133,-0.04354648431614539,0.00175104401479832,,0,,,0,,cumulative_place,0.0,0.15141249517783306,False,6.0,1.0,1.0,7,verified,winticket_line_prediction,provider_forecast_structure_only,0.025701297296888213,0.9017692225100568,1.8450239555385175,7,7,7,coverage_validated_cumulative_scores_uncalibrated,,unavailable,,0,0
2026-10-08,四日市,7,074820261008,1791451140,1791450840,1,1,014729,高橋昇平,追,98.65,,,,,0.4438528244409533,0.5552163907298059,0.14676818626248644,0.08091577568033037,position_specialists,0.5552163907298058,False,,0.22907216475863773,A,0.15,0.3,0.31,0.06,0.11343729509608749,0.44035543532003346,0.10324151921674113,0.08072130127548328,0.003718512892205217,,0,,,0,,cumulative_place,,,False,1.0,2.0,3.0,3,verified,winticket_line_prediction,provider_forecast_structure_only,55.52163907298059,14.676818626248645,8.091577568033038,1,4,7,coverage_validated_cumulative_scores_uncalibrated,,unavailable,,0,0
2026-10-08,四日市,7,074820261008,1791451140,1791450840,2,7,015572,田村大,逃,98.34,,,,,0.2737917930616649,0.3261442259711681,0.21300942601898348,0.131932220447839,position_specialists,0.32614422597116804,False,,,A,0.23,0.346,0.13,0.15,0.03409611111923622,0.055318068370556896,0.33343184526650493,0.15349277742535078,0.0011995202878081349,,0,,,0,,cumulative_place,,,False,2.0,1.0,3.0,3,verified,winticket_line_prediction,provider_forecast_structure_only,32.61442259711681,21.30094260189835,13.193222044783901,2,2,4,coverage_validated_cumulative_scores_uncalibrated,,unavailable,,0,0
2026-10-08,四日市,7,074820261008,1791451140,1791450840,3,4,015244,植原琢也,両,95.0,,,,,0.13101038701893242,0.07098173402842808,0.16341724013225092,0.1551794979615219,position_specialists,0.07098173402842807,False,,,A,0.107,0.285,0.06,0.12,0.1220234937139106,-8.42047192585647e-05,0.06714522128712808,-0.06054097595661246,0.0006897241654896767,,0,,,0,,cumulative_place,,,False,1.0,1.0,3.0,3,verified,winticket_line_prediction,provider_forecast_structure_only,7.098173402842808,16.341724013225093,15.517949796152191,3,3,3,coverage_validated_cumulative_scores_uncalibrated,,unavailable,,0,0
2026-10-08,四日市,7,074820261008,1791451140,1791450840,4,2,014325,蓮井祐輝,追,94.11,,,,,0.08760727327131954,0.02779433392046675,0.239168753455673,0.24669690603521113,position_specialists,0.027794333920466742,False,,,A,0.0,0.115,0.18,0.22,-0.06893827229464128,0.09409122850868681,-0.2023533683290384,-0.06054097595661246,0.00026989206475683,,0,,,0,,cumulative_place,,,False,2.0,2.0,3.0,3,verified,winticket_line_prediction,provider_forecast_structure_only,2.7794333920466747,23.916875345567302,24.66969060352112,4,1,1,coverage_validated_cumulative_scores_uncalibrated,,unavailable,,0,0
2026-10-08,四日市,7,074820261008,1791451140,1791450840,5,5,015612,小榑佑弥,逃,93.8,,,,,0.03537212800158847,0.011638073462656813,0.083566166736057,0.12630867096282794,position_specialists,0.011638073462656811,False,,,A,0.038,0.115,0.0,0.12,0.11550269151253077,-0.17403722499159005,-0.10048840581377856,-0.06054097595661246,0.0007796881870752879,,0,,,0,,cumulative_place,,,False,3.0,1.0,1.0,3,verified,winticket_line_prediction,provider_forecast_structure_only,1.1638073462656813,8.3566166736057,12.630867096282795,5,6,5,coverage_validated_cumulative_scores_uncalibrated,,unavailable,,0,0
2026-10-08,四日市,7,074820261008,1791451140,1791450840,6,3,013852,五十嵐力,追,93.38,,,,,0.01666564340578709,0.006015749079607165,0.10306073874547632,0.16009268586761818,position_specialists,0.006015749079607164,False,,,A,0.152,0.23,0.11,0.22,-0.09469686814811053,-0.05216065521873692,0.0013765567014812768,0.007949825125615779,0.001949220467688218,,0,,,0,,cumulative_place,,,False,1.0,3.0,3.0,3,verified,winticket_line_prediction,provider_forecast_structure_only,0.6015749079607166,10.306073874547632,16.009268586761824,6,5,2,coverage_validated_cumulative_scores_uncalibrated,,unavailable,,0,0
2026-10-08,四日市,7,074820261008,1791451140,1791450840,7,6,014026,高橋成英,両,91.75,,,,,0.011699950799754333,0.0022094928078673294,0.05100948864907285,0.09887424304465142,position_specialists,0.002209492807867329,False,,,A,0.0,0.0,0.0,0.0,-0.221424450999014,-0.12141349658100624,-0.2023533683290384,-0.06054097595661246,0.002788884669153912,,0,,,0,,cumulative_place,,,False,2.0,3.0,3.0,3,verified,winticket_line_prediction,provider_forecast_structure_only,0.22094928078673295,5.100948864907285,9.887424304465144,7,7,6,coverage_validated_cumulative_scores_uncalibrated,,unavailable,,0,0
2026-10-08,平塚,8,083520261008,1791451860,1791451560,1,7,015570,松本憲斗,逃,99.95,,,,,0.4785452618066327,0.31291136668845304,0.21934218136650624,0.24940887409478826,position_specialists,0.312911366688453,False,,0.01715345166473048,C,0.304,0.304,0.0,0.0,-0.10210305502170512,-0.13350905805168464,-0.04318867385148995,-0.04456053215168133,0.002366431913239846,,0,,,0,,cumulative_place,,,False,2.0,2.0,3.0,3,verified,winticket_line_prediction,provider_forecast_structure_only,31.291136668845304,21.934218136650628,24.94088740947883,1,1,1,coverage_validated_cumulative_scores_uncalibrated,,unavailable,,0,0
2026-10-08,平塚,8,083520261008,1791451860,1791451560,2,4,015252,河合佑弥,逃,101.89,,,,,0.16613313721366924,0.29575791502372256,0.15181999476414024,0.12315267368083826,position_specialists,0.2957579150237225,False,,,C,0.578,0.631,0.22,0.12,0.16833206368443282,0.1525225834400273,0.10214472241755236,-0.04456053215168133,0.0020706279240848657,,0,,,0,,cumulative_place,,,False,3.0,1.0,2.0,3,verified,winticket_line_prediction,provider_forecast_structure_only,29.575791502372255,15.181999476414028,12.315267368083829,2,4,4,coverage_validated_cumulative_scores_uncalibrated,,unavailable,,0,0
2026-10-08,平塚,8,083520261008,1791451860,1791451560,3,1,015477,兼本将太,逃,102.3,,,,,0.14962693887844444,0.16682528689067638,0.2007976200588059,0.10885415211837235,position_specialists,0.16682528689067636,False,,,C,0.3,0.55,0.21,0.09,0.11038168110454605,-0.03797106213001402,-0.067410906562997,-0.04456053215168133,0.002662235902394827,,0,,,0,,cumulative_place,,,False,2.0,1.0,3.0,3,verified,winticket_line_prediction,provider_forecast_structure_only,16.682528689067638,20.079762005880593,10.885415211837236,3,2,6,coverage_validated_cumulative_scores_uncalibrated,,unavailable,,0,0
2026-10-08,平塚,8,083520261008,1791451860,1791451560,4,3,013685,岡田征陽,追,101.65,,,,,0.06805691326990779,0.11347811815673117,0.17629114891152195,0.15355261938721526,position_specialists,0.11347811815673116,False,,,C,0.3329999999999999,0.416,0.2,0.1,-0.005519084055227286,0.20514631185061113,0.024359262580684715,0.18229308607505995,0.002958039891549808,,0,,,0,,cumulative_place,,,False,3.0,2.0,2.0,3,verified,winticket_line_prediction,provider_forecast_structure_only,11.347811815673117,17.6291148911522,15.355261938721528,4,3,2,coverage_validated_cumulative_scores_uncalibrated,,unavailable,,0,0
2026-10-08,平塚,8,083520261008,1791451860,1791451560,5,6,013604,庄子信弘,追,98.57,,,,,0.05880153028717484,0.05240277407016941,0.10488790193695356,0.14391406556088532,position_specialists,0.052402774070169404,False,,,C,0.23,0.346,0.12,0.08,-0.08278626082840963,0.3321420755639721,-0.05296900532277446,-0.04456053215168133,0.00029580398915498023,,0,,,0,,cumulative_place,,,False,1.0,2.0,2.0,3,verified,winticket_line_prediction,provider_forecast_structure_only,5.240277407016941,10.488790193695358,14.391406556088533,5,5,3,coverage_validated_cumulative_scores_uncalibrated,,unavailable,,0,0
2026-10-08,平塚,8,083520261008,1791451860,1791451560,6,2,015784,高橋舜,逃,99.1,,,,,0.0573720792189055,0.034920335295084676,0.06975260626667072,0.11852455584806305,position_specialists,0.03492033529508467,False,,,C,0.15,0.4,0.25,0.19,-0.1600534376015918,0.004360859107772929,-0.10328706369684912,-0.04456053215168133,0.0008874119674649423,,0,,,0,,cumulative_place,,,False,1.0,1.0,2.0,3,verified,winticket_line_prediction,provider_forecast_structure_only,3.4920335295084675,6.975260626667074,11.852455584806307,6,7,5,coverage_validated_cumulative_scores_uncalibrated,,unavailable,,0,0
2026-10-08,平塚,8,083520261008,1791451860,1791451560,7,5,013514,山口貴嗣,追,100.32,,,,,0.021464139325265478,0.023704203875162887,0.0771085466954014,0.10259305930983748,position_specialists,0.023704203875162883,False,,,C,0.379,0.413,0.16,0.23,0.07174809271795496,-0.15432561090659824,0.14035166443587346,0.04050957468334666,0.0011832159566199235,,0,,,0,,cumulative_place,,,False,2.0,3.0,3.0,3,verified,winticket_line_prediction,provider_forecast_structure_only,2.3704203875162886,7.710854669540142,10.25930593098375,7,6,7,coverage_validated_cumulative_scores_uncalibrated,,unavailable,,0,0
2026-10-08,四日市,8,084820261008,1791452580,1791452280,1,1,015124,山本拳也,追,100.17,,,,,0.27870798959671933,0.37571180171034446,0.19670650435309764,0.1908161990816989,position_specialists,0.37571180171034446,False,,0.07269596537129891,C,0.235,0.294,0.0,0.0,0.21311523105887462,0.4001547466166617,0.050321624510585604,-0.05016477702899648,0.00246861173276547,,0,,,0,,cumulative_place,,,False,1.0,1.0,2.0,4,verified,winticket_line_prediction,provider_forecast_structure_only,37.57118017103445,19.670650435309767,19.081619908169888,1,3,2,coverage_validated_cumulative_scores_uncalibrated,,unavailable,,0,0
2026-10-08,四日市,8,084820261008,1791452580,1791452280,2,4,015050,堀内俊介,両,102.13,,,,,0.29318414616595745,0.30301583633904555,0.20495067822539273,0.06427984904003477,position_specialists,0.30301583633904555,False,,,C,0.13,0.434,0.1,0.22,0.09112467411333723,-0.007559002241361836,0.1208284309197114,-0.05016477702899648,0.000411435288794245,,0,,,0,,cumulative_place,,,False,2.0,1.0,3.0,4,verified,winticket_line_prediction,provider_forecast_structure_only,30.301583633904556,20.495067822539276,6.427984904003477,2,2,7,coverage_validated_cumulative_scores_uncalibrated,,unavailable,,0,0
2026-10-08,四日市,8,084820261008,1791452580,1791452280,3,2,014592,小島歩,追,99.81,,,,,0.23212936139297236,0.23586126557066361,0.23954538869952785,0.15949227545548297,position_specialists,0.23586126557066361,False,,,C,0.156,0.3429999999999999,0.13,0.14,-0.053640765612815375,0.0578057808210352,0.17238267003492116,0.1449204669726565,0.0020114614118829756,,0,,,0,,cumulative_place,,,False,2.0,2.0,3.0,4,verified,winticket_line_prediction,provider_forecast_structure_only,23.58612655706636,23.95453886995279,15.949227545548297,3,1,4,coverage_validated_cumulative_scores_uncalibrated,,unavailable,,0,0
2026-10-08,四日市,8,084820261008,1791452580,1791452280,4,3,015117,野崎将史,両,96.6,,,,,0.10343407894486262,0.04220926439899481,0.1157693205371239,0.1749763280418818,position_specialists,0.04220926439899481,False,,,C,0.086,0.26,0.07,0.13,-0.21650188530473716,0.10876999942828815,-0.10936189513005237,-0.05016477702899648,9.143006417649909e-05,,0,,,0,,cumulative_place,,,False,1.0,2.0,2.0,4,verified,winticket_line_prediction,provider_forecast_structure_only,4.220926439899482,11.576932053712392,17.49763280418818,4,5,3,coverage_validated_cumulative_scores_uncalibrated,,unavailable,,0,0
2026-10-08,四日市,8,084820261008,1791452580,1791452280,5,7,013798,木村直隆,追,97.37,,,,,0.03512312149822651,0.022165927554795472,0.06986401182199346,0.0767805862853996,position_specialists,0.022165927554795472,False,,,C,0.125,0.312,0.0,0.16,0.005325477099337957,-0.1407832769190352,0.07846781497992997,0.1059034181723259,0.0034286274066187084,,0,,,0,,cumulative_place,,,False,4.0,1.0,1.0,4,verified,winticket_line_prediction,provider_forecast_structure_only,2.2165927554795473,6.986401182199347,7.678058628539961,5,6,6,coverage_validated_cumulative_scores_uncalibrated,,unavailable,,0,0
2026-10-08,四日市,8,084820261008,1791452580,1791452280,6,6,014929,小酒大勇,追,95.6,,,,,0.034482016349550476,0.013111661313817188,0.05410155019768056,0.12335186905738364,position_specialists,0.013111661313817188,False,,,C,0.08,0.16,0.22,0.05,0.03215843140118389,-0.1407832769190352,-0.10936189513005237,-0.05016477702899648,0.0013714509626474832,,0,,,0,,cumulative_place,,,False,3.0,1.0,1.0,4,verified,winticket_line_prediction,provider_forecast_structure_only,1.3111661313817187,5.410155019768057,12.335186905738365,6,7,5,coverage_validated_cumulative_scores_uncalibrated,,unavailable,,0,0
2026-10-08,四日市,8,084820261008,1791452580,1791452280,7,5,014723,石川裕二,追,96.84,,,,,0.02293928605171125,0.007924243112338993,0.11906254616518382,0.2103028930381183,position_specialists,0.007924243112338993,False,,,C,0.066,0.266,0.04,0.19,-0.07158116275518059,-0.08815954850845141,-0.20327675018504354,-0.05016477702899648,0.0020114614118829756,,0,,,0,,cumulative_place,,,False,2.0,3.0,3.0,4,verified,winticket_line_prediction,provider_forecast_structure_only,0.7924243112338993,11.906254616518384,21.03028930381183,7,4,1,coverage_validated_cumulative_scores_uncalibrated,,unavailable,,0,0
2026-10-08,平塚,9,093520261008,1791453360,1791453060,1,5,015363,田中大我,逃,103.91,,,,,0.4811628857639831,0.5176396975744506,0.14675417333380972,0.1301498832781024,position_specialists,0.5176396975744506,False,,0.25233641760156544,A,0.4579999999999999,0.583,0.05,0.09,0.03346345308246486,0.2345411200124029,0.04754023604645902,0.1516184982582419,0.003878930900191169,,0,,,0,,cumulative_place,,,False,2.0,1.0,3.0,3,verified,winticket_line_prediction,provider_forecast_structure_only,51.76396975744506,14.675417333380972,13.01498832781024,1,3,4,coverage_validated_cumulative_scores_uncalibrated,,unavailable,,0,0
2026-10-08,平塚,9,093520261008,1791453360,1791453060,2,4,015173,格清洋介,逃,101.8,,,,,0.1966748726505308,0.26530327997288516,0.23196600559367417,0.11923653012441618,position_specialists,0.26530327997288516,False,,,A,0.483,0.58,0.19,0.06,0.23561938197790314,0.09246430193616606,0.3237023048105174,0.03602815800195847,0.0001491896500073528,,0,,,0,,cumulative_place,,,False,1.0,1.0,2.0,3,verified,winticket_line_prediction,provider_forecast_structure_only,26.530327997288516,23.19660055936742,11.923653012441617,2,2,5,coverage_validated_cumulative_scores_uncalibrated,,unavailable,,0,0
2026-10-08,平塚,9,093520261008,1791453360,1791453060,3,7,014945,中井俊亮,両,100.32,,,,,0.2535474050264089,0.19238990441211684,0.2779046801538401,0.20157869460744382,position_specialists,0.19238990441211684,False,,,A,0.23,0.384,0.03,0.2,0.015814919607466206,0.31760988086789455,-0.011842761853369757,0.015011732500816036,0.0017902758000882318,,0,,,0,,cumulative_place,,,False,2.0,2.0,3.0,3,verified,winticket_line_prediction,provider_forecast_structure_only,19.238990441211683,27.79046801538401,20.157869460744383,3,1,2,coverage_validated_cumulative_scores_uncalibrated,,unavailable,,0,0
2026-10-08,平塚,9,093520261008,1791453360,1791453060,4,1,013855,近藤俊明,追,99.59,,,,,0.024833963777508294,0.010849758087124114,0.1256217981225835,0.16401268527034987,position_specialists,0.010849758087124114,False,,,A,0.18,0.272,0.15,0.09,0.004584034668830785,-0.03758216432269745,-0.04770942467943907,-0.07956218225432496,0.0023870344001176427,,0,,,0,,cumulative_place,,,False,1.0,2.0,2.0,3,verified,winticket_line_prediction,provider_forecast_structure_only,1.0849758087124115,12.56217981225835,16.401268527034986,4,4,3,coverage_validated_cumulative_scores_uncalibrated,,unavailable,,0,0
2026-10-08,平塚,9,093520261008,1791453360,1791453060,5,3,014292,丸山直樹,追,96.36,,,,,0.01640436715955958,0.0063101336375480975,0.06817716611040502,0.09647080016578506,position_specialists,0.0063101336375480975,False,,,A,0.2,0.266,0.22,0.12,-0.05317480215843736,0.04360458886372357,-0.04770942467943907,-0.07956218225432496,0.0008951379000441159,,0,,,0,,cumulative_place,,,False,3.0,2.0,2.0,3,verified,winticket_line_prediction,provider_forecast_structure_only,0.6310133637548098,6.817716611040502,9.647080016578506,5,6,6,coverage_validated_cumulative_scores_uncalibrated,,unavailable,,0,0
2026-10-08,平塚,9,093520261008,1791453360,1791453060,6,6,014982,坂本周作,逃,93.65,,,,,0.016987311412184306,0.0044395840491299274,0.053645202661509066,0.07670113354202576,position_specialists,0.0044395840491299274,False,,,A,0.125,0.156,0.02,0.04,-0.13981305739933947,-0.10035423688158389,-0.16825190112538704,0.03602815800195847,0.0013427068500661739,,0,,,0,,cumulative_place,,,False,3.0,1.0,2.0,3,verified,winticket_line_prediction,provider_forecast_structure_only,0.44395840491299277,5.364520266150906,7.670113354202576,6,7,7,coverage_validated_cumulative_scores_uncalibrated,,unavailable,,0,0
2026-10-08,平塚,9,093520261008,1791453360,1791453060,7,2,013790,稲垣裕之,両,97.86,,,,,0.010389194209825035,0.00306764226674533,0.09593097402417837,0.21185027301187687,position_specialists,0.00306764226674533,False,,,A,0.172,0.31,0.0,0.22,-0.0964939297788884,-0.18191739160181908,-0.09572902851934154,-0.07956218225432496,0.0011935172000588213,,0,,,0,,cumulative_place,,,False,2.0,3.0,3.0,3,verified,winticket_line_prediction,provider_forecast_structure_only,0.306764226674533,9.593097402417836,21.185027301187688,7,5,1,coverage_validated_cumulative_scores_uncalibrated,,unavailable,,0,0
2026-10-08,四日市,9,094820261008,1791454140,1791453840,1,5,015326,照井拓成,両,102.27,,,,,0.22812126243232267,0.3333649696982789,0.12142468108513406,0.07531779108507461,position_specialists,0.3333649696982789,False,,0.05616894649374293,C,0.363,0.59,0.17,0.12,0.16929535556582642,0.035703087786113516,0.14929128431545183,0.17088215871228954,0.0017258219892160199,,0,,,0,,cumulative_place,,,False,1.0,1.0,2.0,3,verified,winticket_line_prediction,provider_forecast_structure_only,33.33649696982789,12.142468108513405,7.531779108507461,1,4,5,coverage_validated_cumulative_scores_uncalibrated,,unavailable,,0,0
2026-10-08,四日市,9,094820261008,1791454140,1791453840,2,1,014212,山崎将幸,追,102.34,,,,,0.1942323448017927,0.27719602320453596,0.12721837494016208,0.06693595474064301,position_specialists,0.27719602320453596,False,,,C,0.2689999999999999,0.5379999999999999,0.13,0.17,0.08776737106729579,0.2906405024450962,0.10820554131971227,0.026183556576883076,0.0010198039027185567,,0,,,0,,cumulative_place,,,False,1.0,2.0,2.0,3,verified,winticket_line_prediction,provider_forecast_structure_only,27.719602320453596,12.721837494016208,6.693595474064301,2,3,6,coverage_validated_cumulative_scores_uncalibrated,,unavailable,,0,0
2026-10-08,四日市,9,094820261008,1791454140,1791453840,3,7,015517,橋本壮史,逃,100.15,,,,,0.2363676396520601,0.1672620504355068,0.2742176478942295,0.37123521827581013,position_specialists,0.1672620504355068,False,,,C,0.133,0.2,0.2,0.15,-0.14527843113685926,0.06460504296445624,0.04922438300929874,-0.07028217818005456,0.002824072345989851,,0,,,0,,cumulative_place,,,False,2.0,1.0,3.0,3,verified,winticket_line_prediction,provider_forecast_structure_only,16.726205043550678,27.421764789422948,37.123521827581015,3,1,1,coverage_validated_cumulative_scores_uncalibrated,,unavailable,,0,0
2026-10-08,四日市,9,094820261008,1791454140,1791453840,4,2,014720,高橋広大,追,99.24,,,,,0.2356442796252666,0.15684211215935637,0.2602841984023042,0.16528352537997534,position_specialists,0.15684211215935637,False,,,C,0.12,0.4,0.25,0.23,-0.02007474065697288,0.03052290584001196,-0.05613743066324594,0.006890409625495547,0.0006275716324421892,,0,,,0,,cumulative_place,,,False,2.0,2.0,3.0,3,verified,winticket_line_prediction,provider_forecast_structure_only,15.684211215935637,26.02841984023042,16.528352537997534,4,2,2,coverage_validated_cumulative_scores_uncalibrated,,unavailable,,0,0
2026-10-08,四日市,9,094820261008,1791454140,1791453840,5,3,014830,大洞翔平,追,98.0,,,,,0.06593269097349472,0.044472855563185365,0.10328283898742864,0.14695684858655902,position_specialists,0.044472855563185365,False,,,C,0.066,0.133,0.33,0.0,0.03643579877062363,0.2380167740345124,-0.13830891665472503,-0.07028217818005456,0.001176696810829105,,0,,,0,,cumulative_place,,,False,3.0,1.0,2.0,3,verified,winticket_line_prediction,provider_forecast_structure_only,4.447285556318537,10.328283898742864,14.695684858655902,5,5,3,coverage_validated_cumulative_scores_uncalibrated,,unavailable,,0,0
2026-10-08,四日市,9,094820261008,1791454140,1791453840,6,4,012813,成清貴之,追,97.92,,,,,0.025967140966372444,0.017155793896821606,0.08828592703991665,0.12408935066596881,position_specialists,0.017155793896821606,False,,,C,0.192,0.384,0.12,0.16,0.07525864853182877,-0.11933143378771667,0.026034055328233163,0.006890409625495547,0.0026671794378793023,,0,,,0,,cumulative_place,,,False,2.0,3.0,3.0,3,verified,winticket_line_prediction,provider_forecast_structure_only,1.7155793896821605,8.828592703991665,12.40893506659688,6,6,4,coverage_validated_cumulative_scores_uncalibrated,,unavailable,,0,0
2026-10-08,四日市,9,094820261008,1791454140,1791453840,7,6,013074,島田竜二,追,92.52,,,,,0.013734641548690819,0.0037061950423150805,0.02528633165082495,0.050181311265969086,position_specialists,0.0037061950423150805,False,,,C,0.04,0.08,0.25,0.03,-0.20340400214174223,-0.1717907804083869,-0.13830891665472503,-0.07028217818005456,0.0026671794378793023,,0,,,0,,cumulative_place,,,False,3.0,2.0,2.0,3,verified,winticket_line_prediction,provider_forecast_structure_only,0.370619504231508,2.5286331650824954,5.018131126596908,7,7,7,coverage_validated_cumulative_scores_uncalibrated,,unavailable,,0,0
2026-10-08,平塚,10,103520261008,1791454920,1791454620,1,1,015555,林昌幸,逃,104.24,,,,,0.3804887851116109,0.48654591460381164,0.18002241276269465,0.10309241863038685,position_specialists,0.48654591460381164,False,,0.17935285865274264,B,0.48,0.64,0.22,0.12,-0.012430015596476612,0.36873497731124505,0.06676876174940127,-0.002373041137673575,0.004784386760188814,,0,,,0,,cumulative_place,,,False,1.0,1.0,3.0,3,verified,winticket_line_prediction,provider_forecast_structure_only,48.65459146038116,18.002241276269466,10.309241863038684,1,2,5,coverage_validated_cumulative_scores_uncalibrated,,unavailable,,0,0
2026-10-08,平塚,10,103520261008,1791454920,1791454620,2,5,013442,濱田浩司,追,104.38,,,,,0.2927781469434005,0.307193055951069,0.20332751546064853,0.06765275022588171,position_specialists,0.307193055951069,False,,,B,0.384,0.5760000000000001,0.23,0.16,0.21491897934553597,0.013956144568414338,0.07240270409040467,-0.05220690502881853,0.0015318431293586993,,0,,,0,,cumulative_place,,,False,1.0,2.0,3.0,3,verified,winticket_line_prediction,provider_forecast_structure_only,30.7193055951069,20.332751546064852,6.765275022588171,2,1,7,coverage_validated_cumulative_scores_uncalibrated,,unavailable,,0,0
2026-10-08,平塚,10,103520261008,1791454920,1791454620,3,2,013118,山内卓也,追,101.72,,,,,0.09376098245387572,0.08562010458852706,0.14497871370407778,0.16616542580786742,position_specialists,0.08562010458852706,False,,,B,0.363,0.484,0.2,0.12,-0.06295201447247946,0.15443978634545386,0.14456488306111437,-0.002373041137673575,0.0003567305917684644,,0,,,0,,cumulative_place,,,False,2.0,2.0,2.0,3,verified,winticket_line_prediction,provider_forecast_structure_only,8.562010458852706,14.497871370407777,16.616542580786742,3,4,2,coverage_validated_cumulative_scores_uncalibrated,,unavailable,,0,0
2026-10-08,平塚,10,103520261008,1791454920,1791454620,4,4,015540,徳田匠,逃,98.08,,,,,0.07705737145044286,0.05176739862083953,0.12427203532670313,0.1349853748235985,position_specialists,0.05176739862083953,False,,,B,0.26,0.478,0.15,0.12,0.06335298271752754,0.003477508690942391,-0.06289867028616089,0.1803511264631913,0.0012380649949611405,,0,,,0,,cumulative_place,,,False,2.0,1.0,2.0,3,verified,winticket_line_prediction,provider_forecast_structure_only,5.176739862083953,12.427203532670312,13.498537482359849,4,6,4,coverage_validated_cumulative_scores_uncalibrated,,unavailable,,0,0
2026-10-08,平塚,10,103520261008,1791454920,1791454620,5,3,015168,染谷幸喜,逃,99.13,,,,,0.07652895677077225,0.03303167354983512,0.13144767216900363,0.15664564699336755,position_specialists,0.03303167354983512,False,,,B,0.272,0.5,0.17,0.14,-0.16399601222448515,-0.03866758384216946,-0.08657857975687198,-0.002373041137673575,0.0007973977933648025,,0,,,0,,cumulative_place,,,False,3.0,1.0,2.0,3,verified,winticket_line_prediction,provider_forecast_structure_only,3.303167354983512,13.144767216900362,15.664564699336756,5,5,3,coverage_validated_cumulative_scores_uncalibrated,,unavailable,,0,0
2026-10-08,平塚,10,103520261008,1791454920,1791454620,6,7,014879,月森亮輔,両,99.66,,,,,0.03955814692968459,0.019462904099193504,0.14634023377584782,0.2702734133917827,position_specialists,0.019462904099193504,False,,,B,0.259,0.3329999999999999,0.0,0.0,0.03809198327952624,-0.18967597130132569,-0.026256355521517817,-0.02728997308324605,0.0002098415245696849,,0,,,0,,cumulative_place,,,False,1.0,3.0,3.0,3,verified,winticket_line_prediction,provider_forecast_structure_only,1.9462904099193503,14.634023377584782,27.027341339178268,6,3,1,coverage_validated_cumulative_scores_uncalibrated,,unavailable,,0,0
2026-10-08,平塚,10,103520261008,1791454920,1791454620,7,6,015046,山本紳貴,追,97.4,,,,,0.03982761034021318,0.01637894858672415,0.06961141680102452,0.10118497012711526,position_specialists,0.01637894858672415,False,,,B,0.172,0.275,0.15,0.09,-0.07698590304914686,0.05610123710152618,-0.10800274333636961,-0.093735124938106,0.000650508726166023,,0,,,0,,cumulative_place,,,False,3.0,2.0,2.0,3,verified,winticket_line_prediction,provider_forecast_structure_only,1.637894858672415,6.961141680102452,10.118497012711526,7,7,6,coverage_validated_cumulative_scores_uncalibrated,,unavailable,,0,0
2026-10-08,四日市,10,104820261008,1791455700,1791455400,1,7,014767,藤井栄二,両,102.54,,,,,0.19281036117300426,0.318942293374429,0.13850180850138977,0.1908723110990272,position_specialists,0.3189422933744289,False,,0.006870450321743715,C,0.4539999999999999,0.59,0.18,0.1,0.2068083622578374,0.3296539555595808,0.1312470640796193,0.08882283539032869,0.0008111474582373888,,0,,,0,,cumulative_place,,,False,1.0,2.0,2.0,3,verified,winticket_line_prediction,provider_forecast_structure_only,31.894229337442898,13.850180850138976,19.08723110990272,1,4,1,coverage_validated_cumulative_scores_uncalibrated,,unavailable,,0,0
2026-10-08,四日市,10,104820261008,1791455700,1791455400,2,5,014930,杉森輝大,追,107.7,,,,,0.34062796528887834,0.31207184305268526,0.2668154284792451,0.12427904077601142,position_specialists,0.3120718430526852,False,,,C,0.295,0.444,0.14,0.16,-0.15408324882002838,0.02387403568594456,0.014760022872321199,-0.06429712711090957,0.001657562197267705,,0,,,0,,cumulative_place,,,False,3.0,2.0,3.0,3,verified,winticket_line_prediction,provider_forecast_structure_only,31.207184305268527,26.68154284792451,12.427904077601141,2,1,5,coverage_validated_cumulative_scores_uncalibrated,,unavailable,,0,0
2026-10-08,四日市,10,104820261008,1791455700,1791455400,3,4,015385,立部楓真,逃,104.36,,,,,0.1361535287963483,0.12145652524862842,0.1415883613165299,0.16253749456821787,position_specialists,0.1214565252486284,False,,,C,0.4,0.48,0.19,0.07,0.023581583166949575,-0.05787158985546173,0.09022302671432111,-0.06429712711090957,0.0006700783350656674,,0,,,0,,cumulative_place,,,False,2.0,1.0,2.0,3,verified,winticket_line_prediction,provider_forecast_structure_only,12.145652524862841,14.158836131652992,16.253749456821787,3,3,3,coverage_validated_cumulative_scores_uncalibrated,,unavailable,,0,0
2026-10-08,四日市,10,104820261008,1791455700,1791455400,4,2,015440,長田龍拳,逃,102.73,,,,,0.13834056269141315,0.0932947204554214,0.24638073475271854,0.17332817393533737,position_specialists,0.09329472045542139,False,,,C,0.346,0.478,0.23,0.16,-0.08880973918362209,0.07317694723323953,-0.10932442458886281,0.028502850162568167,0.0005642764926868792,,0,,,0,,cumulative_place,,,False,3.0,1.0,3.0,3,verified,winticket_line_prediction,provider_forecast_structure_only,9.32947204554214,24.638073475271856,17.332817393533738,4,2,2,coverage_validated_cumulative_scores_uncalibrated,,unavailable,,0,0
2026-10-08,四日市,10,104820261008,1791455700,1791455400,5,3,015825,南部翔大,逃,102.36,,,,,0.10903798833351179,0.08095399472415103,0.0742583631445574,0.13378502185013913,position_specialists,0.08095399472415102,False,,,C,0.4539999999999999,0.545,0.21,0.11,-0.12144649400182528,0.14598169006029582,0.01830482698890601,-0.06429712711090957,0.0014106912317171955,,0,,,0,,cumulative_place,,,False,1.0,1.0,2.0,3,verified,winticket_line_prediction,provider_forecast_structure_only,8.095399472415103,7.42583631445574,13.378502185013913,5,6,4,coverage_validated_cumulative_scores_uncalibrated,,unavailable,,0,0
2026-10-08,四日市,10,104820261008,1791455700,1791455400,6,1,014045,吉本卓仁,両,101.9,,,,,0.06637203209406922,0.06633466813965641,0.07999883905985034,0.0933421021411953,position_specialists,0.0663346681396564,False,,,C,0.318,0.409,0.22,0.05,0.14783172753059665,0.12580067564382333,-0.043483497731327835,0.13986282289074145,0.004267340975944521,,0,,,0,,cumulative_place,,,False,2.0,2.0,2.0,3,verified,winticket_line_prediction,provider_forecast_structure_only,6.633466813965641,7.999883905985033,9.33421021411953,6,5,7,coverage_validated_cumulative_scores_uncalibrated,,unavailable,,0,0
2026-10-08,四日市,10,104820261008,1791455700,1791455400,7,6,015036,尾形鉄馬,追,101.47,,,,,0.01665756162277487,0.006945955005028632,0.05245646474570897,0.12185585563007184,position_specialists,0.006945955005028631,False,,,C,0.315,0.473,0.11,0.23,-0.013882190949907648,-0.272249615453336,-0.10172701833497688,-0.06429712711090957,0.0019044331628182147,,0,,,0,,cumulative_place,,,False,3.0,3.0,3.0,3,verified,winticket_line_prediction,provider_forecast_structure_only,0.6945955005028632,5.245646474570897,12.185585563007184,7,7,6,coverage_validated_cumulative_scores_uncalibrated,,unavailable,,0,0
2026-10-08,平塚,11,113520261008,1791456480,1791456180,1,4,015814,岩井芯,逃,107.8,,,,,0.6502064953110279,0.7616342320159748,0.15892897596653383,0.1811675837348028,position_specialists,0.761634232015975,False,,0.6583290127862688,S,0.37,0.518,0.2,0.07,-0.02052167086195153,0.33590086695594906,0.13107880048673243,0.08282413089638084,0.0038526805224572964,,0,,,0,,cumulative_place,,,False,1.0,1.0,2.0,3,verified,winticket_line_prediction,provider_forecast_structure_only,76.16342320159748,15.892897596653382,18.116758373480284,1,2,2,coverage_validated_cumulative_scores_uncalibrated,,unavailable,,0,0
2026-10-08,平塚,11,113520261008,1791456480,1791456180,2,3,015276,佐伯亮輔,逃,98.28,,,,,0.10022877186953033,0.10330521922970626,0.15099017752245875,0.17465158462025182,position_specialists,0.10330521922970629,False,,,S,0.64,0.76,0.09,0.11,0.07524612649382263,0.17410696244704843,0.2848292816043437,0.11503351513386227,0.001802423636237332,,0,,,0,,cumulative_place,,,False,3.0,1.0,3.0,3,verified,winticket_line_prediction,provider_forecast_structure_only,10.330521922970625,15.099017752245874,17.465158462025187,2,3,3,coverage_validated_cumulative_scores_uncalibrated,,unavailable,,0,0
2026-10-08,平塚,11,113520261008,1791456480,1791456180,3,1,014246,森川大輔,追,103.44,,,,,0.13457633783254003,0.0877339542778448,0.1414036643145034,0.049008883781286275,position_specialists,0.08773395427784482,False,,,S,0.36,0.52,0.15,0.21,0.09120742605311834,0.09190243710021502,0.04767905602450187,-0.0862751363503967,6.759088635889987e-05,,0,,,0,,cumulative_place,,,False,1.0,2.0,2.0,3,verified,winticket_line_prediction,provider_forecast_structure_only,8.77339542778448,14.14036643145034,4.900888378128628,3,4,7,coverage_validated_cumulative_scores_uncalibrated,,unavailable,,0,0
2026-10-08,平塚,11,113520261008,1791456480,1791456180,4,7,014259,戸田洋平,追,100.55,,,,,0.06657663282541153,0.029151010301708098,0.38130651270865873,0.35662837850305606,position_specialists,0.029151010301708104,False,,,S,0.19,0.3329999999999999,0.15,0.05,0.09475438151073959,0.024488310221506448,-0.12407171619849955,-0.0862751363503967,0.0018249539316902983,,0,,,0,,cumulative_place,,,False,3.0,2.0,3.0,3,verified,winticket_line_prediction,provider_forecast_structure_only,2.91510103017081,38.130651270865876,35.662837850305614,4,1,1,coverage_validated_cumulative_scores_uncalibrated,,unavailable,,0,0
2026-10-08,平塚,11,113520261008,1791456480,1791456180,5,5,014582,平原啓多,追,97.12,,,,,0.02401694475965106,0.01200328895714554,0.07315718646244691,0.08981307364927436,position_specialists,0.012003288957145544,False,,,S,0.32,0.32,0.13,0.1,0.09120742605311834,-0.01596016590571871,0.01332890157990159,0.014379189391732789,0.0008786815226656992,,0,,,0,,cumulative_place,,,False,2.0,2.0,2.0,3,verified,winticket_line_prediction,provider_forecast_structure_only,1.2003288957145541,7.315718646244691,8.981307364927439,5,5,4,coverage_validated_cumulative_scores_uncalibrated,,unavailable,,0,0
2026-10-08,平塚,11,113520261008,1791456480,1791456180,6,2,015694,浮島知稀,逃,95.4,,,,,0.020290106701974987,0.005257866798148696,0.06177261558876673,0.07538237776951089,position_specialists,0.005257866798148697,False,,,S,0.0,0.086,0.07,0.09,-0.13579772323464265,-0.0685838943163025,-0.16007229840927997,-0.0862751363503967,0.0007209694544949326,,0,,,0,,cumulative_place,,,False,2.0,1.0,2.0,3,verified,winticket_line_prediction,provider_forecast_structure_only,0.5257866798148696,6.1772615588766735,7.53823777695109,6,6,5,coverage_validated_cumulative_scores_uncalibrated,,unavailable,,0,0
2026-10-08,平塚,11,113520261008,1791456480,1791456180,7,6,013803,三ツ石康洋,両,93.8,,,,,0.004104710699864301,0.0009144284194715978,0.032440867436631673,0.07334811794181771,position_specialists,0.000914428419471598,False,,,S,0.1,0.15,0.0,0.11,-0.19609596601420407,-0.1734884176286113,-0.19277202508770014,0.04658857362921423,0.002298090136202598,,0,,,0,,cumulative_place,,,False,3.0,3.0,3.0,3,verified,winticket_line_prediction,provider_forecast_structure_only,0.09144284194715978,3.2440867436631673,7.334811794181772,7,7,6,coverage_validated_cumulative_scores_uncalibrated,,unavailable,,0,0
2026-10-08,四日市,11,114820261008,1791457260,1791456960,1,7,015917,猿樂楓樹,逃,106.9,,,,,0.5083379568551046,0.7169871980190317,0.32426638563175986,0.267789024714749,position_specialists,0.7169871980190315,False,,0.64918539021866,S,0.619,0.7140000000000001,0.18,0.04,0.14176186478612257,0.3808736265232535,-0.0685114925948152,0.13532505210729068,0.004388097851061569,,0,,,0,,cumulative_place,,,False,3.0,1.0,3.0,3,verified,winticket_line_prediction,provider_forecast_structure_only,71.69871980190317,32.426638563175985,26.778902471474904,1,1,1,coverage_validated_cumulative_scores_uncalibrated,,unavailable,,0,0
2026-10-08,四日市,11,114820261008,1791457260,1791456960,2,5,014188,原誠宏,追,103.35,,,,,0.12979256010364962,0.06780180780037166,0.22264446232096802,0.21905057398408403,position_specialists,0.06780180780037165,False,,,S,0.284,0.38,0.2,0.18,0.10117902082785263,-0.02317422041339805,-0.06772470994982471,-0.07301996946551753,0.0016621582769172614,,0,,,0,,cumulative_place,,,False,3.0,2.0,3.0,3,verified,winticket_line_prediction,provider_forecast_structure_only,6.780180780037166,22.2644462320968,21.905057398408402,2,2,2,coverage_validated_cumulative_scores_uncalibrated,,unavailable,,0,0
2026-10-08,四日市,11,114820261008,1791457260,1791456960,3,2,015004,畑段嵐士,追,103.27,,,,,0.09365324207921182,0.06355947667793459,0.16204483762197502,0.15882165560544145,position_specialists,0.06355947667793457,False,,,S,0.363,0.545,0.18,0.13,0.0855702346900566,0.08147968227034338,0.061890104018332504,-0.07301996946551753,0.00026594532430676153,,0,,,0,,cumulative_place,,,False,1.0,2.0,2.0,3,verified,winticket_line_prediction,provider_forecast_structure_only,6.355947667793458,16.2044837621975,15.882165560544145,3,3,3,coverage_validated_cumulative_scores_uncalibrated,,unavailable,,0,0
2026-10-08,四日市,11,114820261008,1791457260,1791456960,4,1,015807,塩島嵩一朗,逃,102.68,,,,,0.11692210967832278,0.06291206394219974,0.08396635142094896,0.11857381430126328,position_specialists,0.06291206394219973,False,,,S,0.375,0.5,0.14,0.08,-0.14494559774992533,0.07642590962509659,0.06581697164137895,-0.048018566876780557,0.001130267628303738,,0,,,0,,cumulative_place,,,False,2.0,1.0,2.0,3,verified,winticket_line_prediction,provider_forecast_structure_only,6.291206394219974,8.396635142094896,11.857381430126328,4,5,4,coverage_validated_cumulative_scores_uncalibrated,,unavailable,,0,0
2026-10-08,四日市,11,114820261008,1791457260,1791456960,5,4,014222,木暮安由,追,102.2,,,,,0.0649126589265411,0.04454941451883299,0.06734225794518137,0.06658624361950645,position_specialists,0.044549414518832986,False,,,S,0.31,0.4479999999999999,0.19,0.09,0.11366604973808958,0.02439573535193897,0.12669751100241108,-0.02857303152998512,0.0008864844143558725,,0,,,0,,cumulative_place,,,False,2.0,2.0,2.0,3,verified,winticket_line_prediction,provider_forecast_structure_only,4.4549414518832995,6.734225794518137,6.658624361950645,5,6,7,coverage_validated_cumulative_scores_uncalibrated,,unavailable,,0,0
2026-10-08,四日市,11,114820261008,1791457260,1791456960,6,6,015458,貴志修己,逃,101.53,,,,,0.07502433023267215,0.04130693778771899,0.09724294441430074,0.0974820801184267,position_specialists,0.04130693778771898,False,,,S,0.481,0.517,0.17,0.14,-0.02681302550207521,-0.009200010752510035,0.014363732816420713,0.1103236495185537,0.0010416191868681504,,0,,,0,,cumulative_place,,,False,1.0,1.0,2.0,3,verified,winticket_line_prediction,provider_forecast_structure_only,4.130693778771899,9.724294441430075,9.748208011842669,6,4,5,coverage_validated_cumulative_scores_uncalibrated,,unavailable,,0,0
2026-10-08,四日市,11,114820261008,1791457260,1791456960,7,3,012987,堤洋,追,101.37,,,,,0.011357142124497871,0.002883101253910457,0.042492760644866116,0.07169660765652902,position_specialists,0.0028831012539104564,False,,,S,0.208,0.3329999999999999,0.04,0.31,-0.27041854679012056,-0.1624346237306378,-0.13253211693390332,-0.02301716428804357,0.0016621582769172614,,0,,,0,,cumulative_place,,,False,3.0,3.0,3.0,3,verified,winticket_line_prediction,provider_forecast_structure_only,0.28831012539104567,4.249276064486612,7.169660765652902,7,7,6,coverage_validated_cumulative_scores_uncalibrated,,unavailable,,0,0
2026-10-08,平塚,12,123520261008,1791458100,1791457800,1,7,015436,青野将大,逃,110.0,,,,,0.4132972995571736,0.6408044779695641,0.19237421536394445,0.1365179303223211,position_specialists,0.640804477969564,False,,0.39337118611450983,A,0.466,0.5329999999999999,0.17,0.09,0.056587435540151755,0.2670072594940663,0.38154586007492786,0.1332500780437087,0.00021638563370731477,,0,,,0,,cumulative_place,,,False,1.0,1.0,3.0,4,verified,winticket_line_prediction,provider_forecast_structure_only,64.0804477969564,19.23742153639444,13.651793032232106,1,2,3,coverage_validated_cumulative_scores_uncalibrated,,unavailable,,0,0
2026-10-08,平塚,12,123520261008,1791458100,1791457800,2,1,015328,星野洋輝,追,105.88,,,,,0.2955251387288419,0.24743329185505417,0.3033435183458436,0.18831009485510286,position_specialists,0.24743329185505414,False,,,A,0.32,0.56,0.25,0.14,0.20683683335365818,0.21181586547532216,0.05800256655406684,0.05396628160770204,0.00021638563370731536,,0,,,0,,cumulative_place,,,False,1.0,2.0,3.0,4,verified,winticket_line_prediction,provider_forecast_structure_only,24.743329185505416,30.334351834584353,18.831009485510283,2,1,2,coverage_validated_cumulative_scores_uncalibrated,,unavailable,,0,0
2026-10-08,平塚,12,123520261008,1791458100,1791457800,3,3,015337,佐藤礼文,追,108.77,,,,,0.12999336551801421,0.060026550497537766,0.11197654597475429,0.10225722853204011,position_specialists,0.06002655049753776,False,,,A,0.222,0.444,0.16,0.1,-0.052684853778762045,0.1810115447812285,-0.12263215251761118,-0.09993755853278152,0.0032457845056097284,,0,,,0,,cumulative_place,,,False,3.0,2.0,2.0,4,verified,winticket_line_prediction,provider_forecast_structure_only,6.002655049753777,11.197654597475427,10.22572285320401,3,4,5,coverage_validated_cumulative_scores_uncalibrated,,unavailable,,0,0
2026-10-08,平塚,12,123520261008,1791458100,1791457800,4,5,015282,宮本隼輔,両,101.4,,,,,0.05997864207143528,0.01721048869471413,0.09696837011716548,0.11969648666313744,position_specialists,0.017210488694714126,False,,,A,0.24,0.44,0.0,0.0,-0.08000292610849039,-0.2274017043159458,-0.015655797697127747,-0.03464502029136425,0.0023802419707804664,,0,,,0,,cumulative_place,,,False,2.0,1.0,1.0,4,verified,winticket_line_prediction,provider_forecast_structure_only,1.721048869471413,9.696837011716546,11.969648666313741,4,5,4,coverage_validated_cumulative_scores_uncalibrated,,unavailable,,0,0
2026-10-08,平塚,12,123520261008,1791458100,1791457800,5,2,014190,木村隆弘,追,108.47,,,,,0.04506515913555321,0.01659659376705935,0.14888451137231312,0.2676871266198848,position_specialists,0.016596593767059346,False,,,A,0.237,0.285,0.0,0.27,-0.14829810693281148,-0.0977671741701278,-0.07747347274969169,-0.006662503902185425,0.0,,0,,,0,,cumulative_place,,,False,1.0,3.0,3.0,4,verified,winticket_line_prediction,provider_forecast_structure_only,1.6596593767059349,14.888451137231309,26.768712661988474,5,3,1,coverage_validated_cumulative_scores_uncalibrated,,unavailable,,0,0
2026-10-08,平塚,12,123520261008,1791458100,1791457800,6,4,015093,末木浩二,両,101.66,,,,,0.03608376549892331,0.012496681517423246,0.08929223030228094,0.10147979641806634,position_specialists,0.012496681517423244,False,,,A,0.055,0.222,0.03,0.1,-0.06634388994362622,0.08218133532950418,-0.191472210682792,0.05396628160770204,0.0028130132381950974,,0,,,0,,cumulative_place,,,False,3.0,1.0,2.0,4,verified,winticket_line_prediction,provider_forecast_structure_only,1.2496681517423245,8.929223030228092,10.147979641806632,6,6,6,coverage_validated_cumulative_scores_uncalibrated,,unavailable,,0,0
2026-10-08,平塚,12,123520261008,1791458100,1791457800,7,6,012834,松田治之,追,97.64,,,,,0.020056629490058455,0.005431915698647303,0.05716060852369819,0.08405133658944738,position_specialists,0.005431915698647302,False,,,A,0.214,0.321,0.0,0.5,0.08390550786988023,-0.2274017043159458,-0.03231479298177217,-0.09993755853278152,0.0019474707033658367,,0,,,0,,cumulative_place,,,False,4.0,1.0,1.0,4,verified,winticket_line_prediction,provider_forecast_structure_only,0.5431915698647303,5.716060852369818,8.405133658944736,7,7,7,coverage_validated_cumulative_scores_uncalibrated,,unavailable,,0,0
2026-10-08,四日市,12,124820261008,1791459000,1791458700,1,4,015518,吉田有希,逃,104.96,,,,,0.33252328859874875,0.3662501185670705,0.11763743764072115,0.07422300469569457,position_specialists,0.36625011856707046,False,,0.18259185631118033,B,0.4,0.44,0.2,0.08,-0.006638862339964524,-0.0017661051155329578,0.06083429102238026,0.06737977833936501,0.001968501968502952,,0,,,0,,cumulative_place,,,False,1.0,1.0,3.0,3,verified,winticket_line_prediction,provider_forecast_structure_only,36.625011856707054,11.763743764072116,7.422300469569458,1,4,5,coverage_validated_cumulative_scores_uncalibrated,,unavailable,,0,0
2026-10-08,四日市,12,124820261008,1791459000,1791458700,2,5,014883,才迫開,両,101.85,,,,,0.16466122025473426,0.18365826225589016,0.18959597543059356,0.2448331311664492,position_specialists,0.18365826225589013,False,,,B,0.356,0.4639999999999999,0.16,0.04,-0.036701066534237124,0.08637233559792644,0.13956616334872116,0.09480178115189727,0.0009207509207513815,,0,,,0,,cumulative_place,,,False,3.0,2.0,3.0,3,verified,winticket_line_prediction,provider_forecast_structure_only,18.365826225589014,18.959597543059356,24.483313116644922,2,2,2,coverage_validated_cumulative_scores_uncalibrated,,unavailable,,0,0
2026-10-08,四日市,12,124820261008,1791459000,1791458700,3,1,014472,坂口晃輔,追,104.5,,,,,0.21289429228676848,0.18038783760558091,0.35719958236147636,0.3543906986742777,position_specialists,0.1803878376055809,False,,,B,0.222,0.3329999999999999,0.17,0.14,0.05011625578560248,0.03056350197912194,-0.10735634547195397,0.0015669715892875466,0.000698500698501048,,0,,,0,,cumulative_place,,,False,1.0,2.0,3.0,3,verified,winticket_line_prediction,provider_forecast_structure_only,18.03878376055809,35.71995823614763,35.439069867427776,3,1,1,coverage_validated_cumulative_scores_uncalibrated,,unavailable,,0,0
2026-10-08,四日市,12,124820261008,1791459000,1791458700,4,3,015744,橋本宇宙,逃,99.92,,,,,0.12463769788668087,0.12932302257841036,0.1383548242114301,0.1115464790330544,position_specialists,0.12932302257841033,False,,,B,0.36,0.48,0.0,0.0,0.02491122672500379,0.3358943167813625,0.04640728033124297,-0.0861834374108157,3.1750031750048004e-05,,0,,,0,,cumulative_place,,,False,2.0,1.0,1.0,3,verified,winticket_line_prediction,provider_forecast_structure_only,12.932302257841036,13.835482421143011,11.154647903305442,4,3,3,coverage_validated_cumulative_scores_uncalibrated,,unavailable,,0,0
2026-10-08,四日市,12,124820261008,1791459000,1791458700,5,2,015837,小川三士郎,逃,100.6,,,,,0.14288952787150055,0.12503982585667972,0.0722157083143942,0.056448471075448314,position_specialists,0.1250398258566797,False,,,B,0.26,0.391,0.11,0.08,0.12573134296739807,0.013454485871413723,-0.06262696338795731,0.09480178115189727,0.0035242535242552856,,0,,,0,,cumulative_place,,,False,3.0,1.0,3.0,3,verified,winticket_line_prediction,provider_forecast_structure_only,12.503982585667972,7.221570831439419,5.644847107544832,5,6,7,coverage_validated_cumulative_scores_uncalibrated,,unavailable,,0,0
2026-10-08,四日市,12,124820261008,1791459000,1791458700,6,7,014409,山本奨,両,101.26,,,,,0.017249707154147764,0.013902569452720179,0.07648378490020505,0.08678002755335637,position_specialists,0.013902569452720177,False,,,B,0.3329999999999999,0.518,0.14,0.29,0.07532128484620094,-0.10361439671932982,0.12245742969717079,-0.0861834374108157,0.000698500698501048,,0,,,0,,cumulative_place,,,False,3.0,3.0,3.0,3,verified,winticket_line_prediction,provider_forecast_structure_only,1.390256945272018,7.648378490020505,8.678002755335639,6,5,4,coverage_validated_cumulative_scores_uncalibrated,,unavailable,,0,0
2026-10-08,四日市,12,124820261008,1791459000,1791458700,7,6,013783,上田裕和,追,95.7,,,,,0.00514426594741937,0.0014383636836482183,0.04851268714117947,0.07177818780171942,position_specialists,0.0014383636836482181,False,,,B,0.105,0.263,0.04,0.32,-0.23274018145000364,-0.1188349877062765,-0.19928185553960387,-0.0861834374108157,0.0031432531432547153,,0,,,0,,cumulative_place,,,False,1.0,3.0,3.0,3,verified,winticket_line_prediction,provider_forecast_structure_only,0.14383636836482183,4.851268714117947,7.177818780171943,7,7,6,coverage_validated_cumulative_scores_uncalibrated,,unavailable,,0,0
2026-10-08,大垣,1,014420261008,1791459600,1791459300,1,1,014316,山崎光展,両,72.45,,,,,0.4175320407386558,0.53884908874334,0.2855624484383851,0.2776840969913661,position_specialists,0.5388490887433399,False,,0.16598131944963018,B,0.272,0.424,,,0.17146142714550522,0.0,0.2144793598367471,0.0,0.0009610744623271421,,0,,,0,,cumulative_place,,,False,,,,0,missing,winticket_line_prediction,provider_forecast_structure_only,53.884908874334,28.55624484383851,27.76840969913661,1,2,1,coverage_validated_cumulative_scores_uncalibrated,,unavailable,,0,0
2026-10-08,大垣,1,014420261008,1791459600,1791459300,2,2,014202,島田茂希,逃,70.45,,,,,0.3862789528632212,0.3728677692937098,0.34752283042092813,0.24091988592652766,position_specialists,0.37286776929370974,False,,,B,0.416,0.4579999999999999,,,0.14384947876392723,0.0,0.10035963081323415,0.0,0.001660037707655972,,0,,,0,,cumulative_place,,,False,,,,0,missing,winticket_line_prediction,provider_forecast_structure_only,37.28677692937098,34.75228304209282,24.091988592652765,2,1,2,coverage_validated_cumulative_scores_uncalibrated,,unavailable,,0,0
2026-10-08,大垣,1,014420261008,1791459600,1791459300,3,3,014429,千澤大輔,追,68.28,,,,,0.0981020404214598,0.04658506254705955,0.11535746351824351,0.21428224700104015,position_specialists,0.04658506254705954,False,,,B,0.142,0.238,,,-0.1604333569916067,0.0,-0.05659695237513762,0.0,0.0025337417643170102,,0,,,0,,cumulative_place,,,False,,,,0,missing,winticket_line_prediction,provider_forecast_structure_only,4.658506254705955,11.535746351824352,21.428224700104014,3,4,3,coverage_validated_cumulative_scores_uncalibrated,,unavailable,,0,0
2026-10-08,大垣,1,014420261008,1791459600,1791459300,4,4,013788,白崎芳典,追,67.27,,,,,0.04837659508217574,0.02129498919557797,0.14098915150528452,0.1311045830768328,position_specialists,0.021294989195577967,False,,,B,0.055,0.166,,,-0.03595401509161562,0.0,-0.15329570805818324,0.0,8.737040566610388e-05,,0,,,0,,cumulative_place,,,False,,,,0,missing,winticket_line_prediction,provider_forecast_structure_only,2.129498919557797,14.098915150528454,13.11045830768328,4,3,5,coverage_validated_cumulative_scores_uncalibrated,,unavailable,,0,0
2026-10-08,大垣,1,014420261008,1791459600,1791459300,5,5,011364,遠澤健二,追,66.54,,,,,0.049710370894487384,0.020403090220312756,0.11056810611715868,0.1360091870042333,position_specialists,0.020403090220312753,False,,,B,0.083,0.125,,,-0.11892353382621038,0.0,-0.10494633021666044,0.0,0.0031453346039797374,,0,,,0,,cumulative_place,,,False,,,,0,missing,winticket_line_prediction,provider_forecast_structure_only,2.0403090220312756,11.05681061171587,13.600918700423332,5,5,4,coverage_validated_cumulative_scores_uncalibrated,,unavailable,,0,0
2026-10-08,前橋,1,012220261008,1791460200,1791459900,1,1,015667,戸田瑞姫,両,53.18,,,,,0.412692450580169,0.5094451177928704,0.22770372712003345,0.1562835270971174,position_specialists,0.5094451177928703,False,,0.21566862926392893,A,0.26,0.565,,,0.2915885392300922,0.0,0.12478149449432639,0.0,0.0011484258429320566,,0,,,0,,cumulative_place,,,False,,,,0,missing,winticket_line_prediction,provider_forecast_structure_only,50.94451177928704,22.770372712003347,15.628352709711741,1,1,3,coverage_validated_cumulative_scores_uncalibrated,,unavailable,,0,0
2026-10-08,前橋,1,012220261008,1791460200,1791459900,2,2,015149,中野咲,両,51.62,,,,,0.2873479503513965,0.2937764885289414,0.20821545866568164,0.12923498892571544,position_specialists,0.29377648852894134,False,,,A,0.29,0.4579999999999999,,,0.13736612901892503,0.0,0.16596588287334507,0.0,0.000675544613489445,,0,,,0,,cumulative_place,,,False,,,,0,missing,winticket_line_prediction,provider_forecast_structure_only,29.37764885289414,20.82154586656817,12.923498892571546,2,2,6,coverage_validated_cumulative_scores_uncalibrated,,unavailable,,0,0
2026-10-08,前橋,1,012220261008,1791460200,1791459900,3,3,015857,伊藤優里,両,50.66,,,,,0.18436937418431318,0.14653713872732163,0.1920602419760562,0.18953178009243818,position_specialists,0.1465371387273216,False,,,A,0.266,0.4,,,0.022475041589655825,0.0,0.08054396017736005,0.0,0.0019253021484449176,,0,,,0,,cumulative_place,,,False,,,,0,missing,winticket_line_prediction,provider_forecast_structure_only,14.653713872732164,19.206024197605625,18.95317800924382,3,3,1,coverage_validated_cumulative_scores_uncalibrated,,unavailable,,0,0
2026-10-08,前橋,1,012220261008,1791460200,1791459900,4,4,015147,佐々木恵理,両,47.76,,,,,0.03188872924212507,0.017271127587372866,0.11030977463760355,0.15982010205009814,position_specialists,0.017271127587372863,False,,,A,0.166,0.2,,,-0.10052270676147518,0.0,0.04671187048673586,0.0,0.0011484258429320566,,0,,,0,,cumulative_place,,,False,,,,0,missing,winticket_line_prediction,provider_forecast_structure_only,1.7271127587372865,11.030977463760356,15.982010205009816,4,5,2,coverage_validated_cumulative_scores_uncalibrated,,unavailable,,0,0
2026-10-08,前橋,1,012220261008,1791460200,1791459900,5,5,015849,佐藤乃愛,両,47.61,,,,,0.033190802175016756,0.013760777685965626,0.11088660803686926,0.14408539993562666,position_specialists,0.013760777685965623,False,,,A,0.047,0.19,,,-0.13174736862151132,0.0,-0.11802568302933872,0.0,0.0018577476870959737,,0,,,0,,cumulative_place,,,False,,,,0,missing,winticket_line_prediction,provider_forecast_structure_only,1.3760777685965626,11.088660803686928,14.408539993562668,5,4,4,coverage_validated_cumulative_scores_uncalibrated,,unavailable,,0,0
2026-10-08,前橋,1,012220261008,1791460200,1791459900,6,6,015217,南彩乃,追,47.6,,,,,0.024808333877440705,0.010161025376037369,0.08892833446674342,0.13895215091252955,position_specialists,0.010161025376037367,False,,,A,0.0,0.066,,,-0.08741226583417594,0.0,-0.15921007140835736,0.0,0.0011484258429320566,,0,,,0,,cumulative_place,,,False,,,,0,missing,winticket_line_prediction,provider_forecast_structure_only,1.016102537603737,8.892833446674343,13.895215091252956,6,6,5,coverage_validated_cumulative_scores_uncalibrated,,unavailable,,0,0
2026-10-08,前橋,1,012220261008,1791460200,1791459900,7,7,015581,刈込奈那,逃,45.33,,,,,0.025702359589538874,0.009048324301490827,0.06189585509701244,0.08209205098647458,position_specialists,0.009048324301490825,False,,,A,0.0,0.0,,,-0.13174736862151132,0.0,-0.1407674535940714,0.0,0.004053267680936669,,0,,,0,,cumulative_place,,,False,,,,0,missing,winticket_line_prediction,provider_forecast_structure_only,0.9048324301490827,6.189585509701245,8.20920509864746,7,7,7,coverage_validated_cumulative_scores_uncalibrated,,unavailable,,0,0
2026-10-08,大垣,2,024420261008,1791460800,1791460500,1,1,014033,藤縄洋介,両,71.08,,,,,0.37414013331151375,0.4439887258640583,0.30462558796393285,0.11591069611184678,position_specialists,0.4439887258640583,False,,0.022321616430107383,C,0.3329999999999999,0.416,,,0.10730115649124297,0.0,0.12887070857104593,0.11313708498984762,0.0008455286862264971,,0,,,0,,cumulative_place,,,False,,,,0,missing,winticket_line_prediction,provider_forecast_structure_only,44.39887258640583,30.462558796393285,11.591069611184677,1,1,6,coverage_validated_cumulative_scores_uncalibrated,,unavailable,,0,0
2026-10-08,大垣,2,024420261008,1791460800,1791460500,2,2,014595,瀧本匡平,両,69.48,,,,,0.3403260261985352,0.4216671094339509,0.1805069648905485,0.18742772533721558,position_specialists,0.4216671094339509,False,,,C,0.344,0.482,,,0.10632141025783097,0.0,0.3435332344110258,-0.056568542494923796,0.0037664459659180307,,0,,,0,,cumulative_place,,,False,,,,0,missing,winticket_line_prediction,provider_forecast_structure_only,42.16671094339509,18.05069648905485,18.742772533721556,2,2,2,coverage_validated_cumulative_scores_uncalibrated,,unavailable,,0,0
2026-10-08,大垣,2,024420261008,1791460800,1791460500,3,6,015824,中嶋響,逃,64.55,,,,,0.10389268124993599,0.036298449520634726,0.12255422520186729,0.16458853720780084,position_specialists,0.036298449520634726,False,,,C,0.1,0.1,,,-0.21714355934708648,0.0,-0.1717904845099884,0.11313708498984762,0.0014604586398457668,,0,,,0,,cumulative_place,,,False,,,,0,missing,winticket_line_prediction,provider_forecast_structure_only,3.629844952063473,12.255422520186729,16.458853720780084,3,5,4,coverage_validated_cumulative_scores_uncalibrated,,unavailable,,0,0
2026-10-08,大垣,2,024420261008,1791460800,1791460500,4,3,013109,志村正洋,追,69.4,,,,,0.06964047004457075,0.03484918325703296,0.13937156081318283,0.1940190983769175,position_specialists,0.03484918325703296,False,,,C,0.095,0.238,,,-0.10753385805035362,0.0,-0.12883888549841205,-0.056568542494923796,0.0008455286862264971,,0,,,0,,cumulative_place,,,False,,,,0,missing,winticket_line_prediction,provider_forecast_structure_only,3.4849183257032963,13.937156081318284,19.40190983769175,4,3,1,coverage_validated_cumulative_scores_uncalibrated,,unavailable,,0,0
2026-10-08,大垣,2,024420261008,1791460800,1791460500,5,5,013525,亀井道佳,追,67.82,,,,,0.05841531780819787,0.03399308156995056,0.12244371693527885,0.16449554087278326,position_specialists,0.03399308156995056,False,,,C,0.13,0.217,,,0.10240242532418337,0.0,-0.08588728648683572,-0.056568542494923796,0.0017679236166554023,,0,,,0,,cumulative_place,,,False,,,,0,missing,winticket_line_prediction,provider_forecast_structure_only,3.399308156995056,12.244371693527885,16.449554087278326,5,6,5,coverage_validated_cumulative_scores_uncalibrated,,unavailable,,0,0
2026-10-08,大垣,2,024420261008,1791460800,1791460500,6,4,013027,戸ノ下太郎,追,68.2,,,,,0.05358537138724651,0.02920345035437251,0.13049794419518976,0.17355840209343612,position_specialists,0.02920345035437251,False,,,C,0.12,0.28,,,0.008652425324183373,0.0,-0.08588728648683572,-0.056568542494923796,0.0017679236166554023,,0,,,0,,cumulative_place,,,False,,,,0,missing,winticket_line_prediction,provider_forecast_structure_only,2.920345035437251,13.049794419518976,17.35584020934361,6,4,3,coverage_validated_cumulative_scores_uncalibrated,,unavailable,,0,0
2026-10-08,前橋,2,022220261008,1791461400,1791461100,1,1,013416,飯尾主税,追,84.7,,,,,0.30774208934336705,0.3980592165122529,0.2714868626179178,0.14307548257163372,position_specialists,0.3980592165122529,False,,0.04739684248174919,C,0.25,0.416,,,0.19414970871430717,0.0,0.12509813811437723,0.11313708498984762,0.004313409856152781,,0,,,0,,cumulative_place,,,False,,,,0,missing,winticket_line_prediction,provider_forecast_structure_only,39.80592165122529,27.14868626179178,14.307548257163372,1,1,4,coverage_validated_cumulative_scores_uncalibrated,,unavailable,,0,0
2026-10-08,前橋,2,022220261008,1791461400,1791461100,2,3,015705,鳥海創,逃,81.0,,,,,0.36861643196350347,0.3506623740305037,0.21441992983697183,0.29991072661292784,position_specialists,0.3506623740305037,False,,,C,0.28,0.32,,,0.0017023348929128684,0.0,0.15511020310141738,0.11313708498984762,0.0013272030326623946,,0,,,0,,cumulative_place,,,False,,,,0,missing,winticket_line_prediction,provider_forecast_structure_only,35.06623740305037,21.441992983697183,29.991072661292783,2,3,1,coverage_validated_cumulative_scores_uncalibrated,,unavailable,,0,0
2026-10-08,前橋,2,022220261008,1791461400,1791461100,3,2,014587,鈴木謙二,追,84.08,,,,,0.20448869748613005,0.1962802285418474,0.23833918098901333,0.15402524764342637,position_specialists,0.1962802285418474,False,,,C,0.25,0.291,,,0.07209733177035496,0.0,0.13957068265410988,-0.056568542494923796,0.0,,0,,,0,,cumulative_place,,,False,,,,0,missing,winticket_line_prediction,provider_forecast_structure_only,19.62802285418474,23.833918098901332,15.402524764342637,3,2,3,coverage_validated_cumulative_scores_uncalibrated,,unavailable,,0,0
2026-10-08,前橋,2,022220261008,1791461400,1791461100,4,4,013761,新井剛央,追,80.38,,,,,0.04888028362546691,0.02488668386520604,0.11381093608823334,0.12823875324331102,position_specialists,0.02488668386520604,False,,,C,0.047,0.095,,,-0.01771144267962904,0.0,-0.10874699077180988,-0.056568542494923796,0.0003318007581655987,,0,,,0,,cumulative_place,,,False,,,,0,missing,winticket_line_prediction,provider_forecast_structure_only,2.4886683865206036,11.381093608823335,12.823875324331102,4,5,5,coverage_validated_cumulative_scores_uncalibrated,,unavailable,,0,0
2026-10-08,前橋,2,022220261008,1791461400,1791461100,5,5,013171,岩橋則明,追,80.26,,,,,0.05065158007375718,0.024081380936732667,0.11836040825503918,0.19647512785351948,position_specialists,0.024081380936732667,False,,,C,0.0,0.3329999999999999,,,-0.014419466354071205,0.0,-0.1555160165490473,-0.056568542494923796,0.0013272030326623946,,0,,,0,,cumulative_place,,,False,,,,0,missing,winticket_line_prediction,provider_forecast_structure_only,2.4081380936732666,11.836040825503918,19.647512785351946,5,4,2,coverage_validated_cumulative_scores_uncalibrated,,unavailable,,0,0
2026-10-08,前橋,2,022220261008,1791461400,1791461100,6,6,011372,黒瀬浩一,追,76.28,,,,,0.01962091750777531,0.006030116113457338,0.04358268221282447,0.07827466207518158,position_specialists,0.006030116113457338,False,,,C,0.0,0.047,,,-0.23581846634387574,0.0,-0.1555160165490473,-0.056568542494923796,0.0013272030326623946,,0,,,0,,cumulative_place,,,False,,,,0,missing,winticket_line_prediction,provider_forecast_structure_only,0.6030116113457338,4.358268221282447,7.827466207518158,6,6,6,coverage_validated_cumulative_scores_uncalibrated,,unavailable,,0,0
2026-10-08,大垣,3,034420261008,1791462000,1791461700,1,1,015720,山元大夢,両,76.68,,,,,0.39702209921802295,0.46344473050086754,0.17656338828986384,0.16159038021533964,position_specialists,0.46344473050086765,False,,0.05036296772698218,C,0.351,0.764,,,0.14477315299372154,0.0,0.0850159902344966,0.08116794499134278,0.0005825752650035355,,0,,,0,,cumulative_place,,,False,,,,0,missing,winticket_line_prediction,provider_forecast_structure_only,46.344473050086755,17.656338828986385,16.159038021533963,1,2,3,coverage_validated_cumulative_scores_uncalibrated,,unavailable,,0,0
2026-10-08,大垣,3,034420261008,1791462000,1791461700,2,2,015990,児玉東次郎,逃,73.83,,,,,0.43040221402654916,0.41308176277388536,0.4527829022885121,0.19501222099813742,position_specialists,0.4130817627738855,False,,,C,0.5,0.611,,,0.0839255945124289,0.0,0.1674402635518215,-0.04870076699480566,0.0032041639575194447,,0,,,0,,cumulative_place,,,False,,,,0,missing,winticket_line_prediction,provider_forecast_structure_only,41.30817627738853,45.27829022885121,19.50122209981374,2,1,1,coverage_validated_cumulative_scores_uncalibrated,,unavailable,,0,0
2026-10-08,大垣,3,034420261008,1791462000,1791461700,3,3,013210,川本恵二,追,71.96,,,,,0.07462999223847112,0.07804677508932809,0.13757286907886726,0.12557059614051122,position_specialists,0.0780467750893281,False,,,C,0.259,0.444,,,0.13534579697899948,0.0,0.12871387252826438,0.16233588998268556,0.0002912876325017679,,0,,,0,,cumulative_place,,,False,,,,0,missing,winticket_line_prediction,provider_forecast_structure_only,7.804677508932809,13.757286907886726,12.557059614051122,3,3,5,coverage_validated_cumulative_scores_uncalibrated,,unavailable,,0,0
2026-10-08,大垣,3,034420261008,1791462000,1791461700,4,5,013266,伊藤嘉浩,両,68.36,,,,,0.03950459175309035,0.0208100919483236,0.08603438136952371,0.1725030597357536,position_specialists,0.020810091948323603,False,,,C,0.2,0.28,,,0.07449823849770683,0.0,-0.06500486549342513,-0.04870076699480566,0.0005825752650035351,,0,,,0,,cumulative_place,,,False,,,,0,missing,winticket_line_prediction,provider_forecast_structure_only,2.08100919483236,8.603438136952372,17.25030597357536,4,4,2,coverage_validated_cumulative_scores_uncalibrated,,unavailable,,0,0
2026-10-08,大垣,3,034420261008,1791462000,1791461700,5,6,014482,松本琢也,両,67.65,,,,,0.02975659371818685,0.012168345805239076,0.048161445949255144,0.10960255433216566,position_specialists,0.012168345805239079,False,,,C,0.217,0.304,,,-0.23175314510846867,0.0,0.011662726127272621,-0.04870076699480566,0.0017477257950106065,,0,,,0,,cumulative_place,,,False,,,,0,missing,winticket_line_prediction,provider_forecast_structure_only,1.2168345805239076,4.816144594925515,10.960255433216567,5,6,6,coverage_validated_cumulative_scores_uncalibrated,,unavailable,,0,0
2026-10-08,大垣,3,034420261008,1791462000,1791461700,6,4,011712,金田健一郎,追,69.8,,,,,0.02095470712610904,0.01013828796426048,0.07042416775817262,0.13161632025014564,position_specialists,0.010138287964260482,False,,,C,0.19,0.285,,,-0.08151972010818154,0.0,-0.04686284707322326,-0.04870076699480566,0.002330301060014141,,0,,,0,,cumulative_place,,,False,,,,0,missing,winticket_line_prediction,provider_forecast_structure_only,1.013828796426048,7.042416775817262,13.161632025014564,6,5,4,coverage_validated_cumulative_scores_uncalibrated,,unavailable,,0,0
2026-10-08,大垣,3,034420261008,1791462000,1791461700,7,7,013244,小林高志,追,67.29,,,,,0.007729801919570579,0.002310005918095625,0.028460845265805362,0.10410486832794684,position_specialists,0.0023100059180956255,False,,,C,0.0,0.074,,,-0.12526991776620652,0.0,-0.2809651398752068,-0.04870076699480566,0.002912876325017677,,0,,,0,,cumulative_place,,,False,,,,0,missing,winticket_line_prediction,provider_forecast_structure_only,0.2310005918095625,2.8460845265805363,10.410486832794684,7,7,7,coverage_validated_cumulative_scores_uncalibrated,,unavailable,,0,0
2026-10-08,前橋,3,032220261008,1791462600,1791462300,1,2,013615,山口貴弘,追,83.54,,,,,0.404303834071724,0.43130241951507087,0.305173416005438,0.19444583980857363,position_specialists,0.4313024195150708,False,,0.06381605181787892,C,0.3329999999999999,0.3329999999999999,,,-0.18608612385130952,0.0,0.21974717514335526,0.09053918186901422,0.002144481847722097,,0,,,0,,cumulative_place,,,False,,,,0,missing,winticket_line_prediction,provider_forecast_structure_only,43.13024195150709,30.5173416005438,19.444583980857363,1,1,2,coverage_validated_cumulative_scores_uncalibrated,,unavailable,,0,0
2026-10-08,前橋,3,032220261008,1791462600,1791462300,2,3,014988,伊早坂駿一,逃,82.64,,,,,0.34238765249610276,0.36748636769719195,0.22009566246865409,0.2817727828840153,position_specialists,0.3674863676971919,False,,,C,0.284,0.392,,,-0.044740149267454815,0.0,0.1545953062375204,0.09053918186901422,0.0024125420786873597,,0,,,0,,cumulative_place,,,False,,,,0,missing,winticket_line_prediction,provider_forecast_structure_only,36.7486367697192,22.009566246865408,28.17727828840153,2,2,1,coverage_validated_cumulative_scores_uncalibrated,,unavailable,,0,0
2026-10-08,前橋,3,032220261008,1791462600,1791462300,3,1,014383,河野要,追,83.56,,,,,0.11619574539187519,0.13220043634129552,0.12578942525059372,0.11528960723819225,position_specialists,0.1322004363412955,False,,,C,0.217,0.391,,,0.1749132173786746,0.0,0.05241365867246735,0.030179727289671398,0.0005361204619305244,,0,,,0,,cumulative_place,,,False,,,,0,missing,winticket_line_prediction,provider_forecast_structure_only,13.220043634129553,12.578942525059372,11.528960723819225,3,4,6,coverage_validated_cumulative_scores_uncalibrated,,unavailable,,0,0
2026-10-08,前橋,3,032220261008,1791462600,1791462300,4,4,014083,成清謙二郎,追,80.41,,,,,0.05258092062446379,0.03031666628161682,0.1058682179763988,0.11606686779836609,position_specialists,0.030316666281616816,False,,,C,0.083,0.25,,,0.1407400498411687,0.0,-0.12278547614875618,-0.1026110727848828,0.0029486625406178837,,0,,,0,,cumulative_place,,,False,,,,0,missing,winticket_line_prediction,provider_forecast_structure_only,3.0316666281616818,10.58682179763988,11.60668677983661,4,6,5,coverage_validated_cumulative_scores_uncalibrated,,unavailable,,0,0
2026-10-08,前橋,3,032220261008,1791462600,1791462300,5,5,013036,深澤伸介,追,79.61,,,,,0.04828624429402973,0.0236802066782983,0.1314282969881421,0.16899295777150006,position_specialists,0.023680206678298298,False,,,C,0.095,0.285,,,0.0465094001185991,0.0,-0.12278547614875618,-0.1026110727848828,0.002144481847722097,,0,,,0,,cumulative_place,,,False,,,,0,missing,winticket_line_prediction,provider_forecast_structure_only,2.36802066782983,13.142829698814209,16.899295777150005,5,3,3,coverage_validated_cumulative_scores_uncalibrated,,unavailable,,0,0
2026-10-08,前橋,3,032220261008,1791462600,1791462300,6,6,012717,伊藤一貴,追,79.5,,,,,0.03624560312180458,0.015013903486526665,0.11164498131077327,0.12343194449935273,position_specialists,0.015013903486526663,False,,,C,0.0409999999999999,0.125,,,-0.13133639421967716,0.0,-0.1811851877558307,-0.006035945457934287,0.0,,0,,,0,,cumulative_place,,,False,,,,0,missing,winticket_line_prediction,provider_forecast_structure_only,1.5013903486526665,11.164498131077327,12.343194449935273,6,5,4,coverage_validated_cumulative_scores_uncalibrated,,unavailable,,0,0
2026-10-08,大垣,4,044420261008,1791463200,1791462900,1,2,015234,八嶋稔真,逃,84.66,,,,,0.38387554119178363,0.4063364633897937,0.3917701740684172,0.21621491652842323,position_specialists,0.4063364633897937,False,,0.1364812838721658,B,0.428,0.428,,,-0.057937242756300765,0.0,0.1127443998764206,0.06017937259749013,0.0030072260241173453,,0,,,0,,cumulative_place,,,False,,,,0,missing,winticket_line_prediction,provider_forecast_structure_only,40.63364633897937,39.17701740684172,21.621491652842323,1,1,1,coverage_validated_cumulative_scores_uncalibrated,,unavailable,,0,0
2026-10-08,大垣,4,044420261008,1791463200,1791462900,2,1,013550,安部達也,追,86.62,,,,,0.21218768464645701,0.2698551795176279,0.20531682162511888,0.12256930034141006,position_specialists,0.2698551795176279,False,,,B,0.294,0.411,,,0.09466201283773983,0.0,0.14656686062220722,-0.046806178686936754,0.0004811561638587751,,0,,,0,,cumulative_place,,,False,,,,0,missing,winticket_line_prediction,provider_forecast_structure_only,26.985517951762787,20.53168216251189,12.256930034141005,2,2,6,coverage_validated_cumulative_scores_uncalibrated,,unavailable,,0,0
2026-10-08,大垣,4,044420261008,1791463200,1791462900,3,4,015455,枠元一葵,逃,82.14,,,,,0.15746542373235628,0.15171304979965136,0.08276538810802198,0.1274161140445667,position_specialists,0.15171304979965136,False,,,B,0.237,0.428,,,0.010704429459191422,0.0,0.009193784817788625,0.17385152083719368,0.002165202737364489,,0,,,0,,cumulative_place,,,False,,,,0,missing,winticket_line_prediction,provider_forecast_structure_only,15.171304979965136,8.276538810802197,12.741611404456672,3,4,5,coverage_validated_cumulative_scores_uncalibrated,,unavailable,,0,0
2026-10-08,大垣,4,044420261008,1791463200,1791462900,4,3,014220,山崎悟,追,83.23,,,,,0.09213080982359541,0.09530859476603293,0.10480679340212311,0.13663018077402111,position_specialists,0.09530859476603293,False,,,B,0.19,0.238,,,0.20644347110090241,0.0,0.0599274759364686,-0.046806178686936754,0.0006415415518117003,,0,,,0,,cumulative_place,,,False,,,,0,missing,winticket_line_prediction,provider_forecast_structure_only,9.530859476603293,10.48067934021231,13.66301807740211,4,3,3,coverage_validated_cumulative_scores_uncalibrated,,unavailable,,0,0
2026-10-08,大垣,4,044420261008,1791463200,1791462900,5,7,014753,山田純也,両,78.52,,,,,0.08651452559618898,0.04112915328790343,0.07495971945664943,0.11383196555508548,position_specialists,0.04112915328790343,False,,,B,0.142,0.19,,,-0.19405191418907786,0.0,-0.015090549697129151,-0.046806178686936754,0.00020048173494115643,,0,,,0,,cumulative_place,,,False,,,,0,missing,winticket_line_prediction,provider_forecast_structure_only,4.1129153287903435,7.495971945664944,11.38319655550855,5,6,7,coverage_validated_cumulative_scores_uncalibrated,,unavailable,,0,0
2026-10-08,大垣,4,044420261008,1791463200,1791462900,6,6,012532,西郷剛,追,80.4,,,,,0.036861381497802166,0.021489095685808098,0.08136613091096731,0.15060715099386032,position_specialists,0.021489095685808098,False,,,B,0.09,0.136,,,0.039260283491850886,0.0,-0.11335129343500869,-0.046806178686936754,0.0026062625542350327,,0,,,0,,cumulative_place,,,False,,,,0,missing,winticket_line_prediction,provider_forecast_structure_only,2.1489095685808097,8.13661309109673,15.060715099386032,6,5,2,coverage_validated_cumulative_scores_uncalibrated,,unavailable,,0,0
2026-10-08,大垣,4,044420261008,1791463200,1791462900,7,5,014362,岩崎大和,追,80.66,,,,,0.03096463351181653,0.014168463553182737,0.059014972428702094,0.13273037176263305,position_specialists,0.014168463553182737,False,,,B,0.0409999999999999,0.291,,,-0.09908103994430709,0.0,-0.19999067812074733,-0.046806178686936754,0.0026062625542350327,,0,,,0,,cumulative_place,,,False,,,,0,missing,winticket_line_prediction,provider_forecast_structure_only,1.4168463553182737,5.901497242870209,13.273037176263305,7,7,4,coverage_validated_cumulative_scores_uncalibrated,,unavailable,,0,0
2026-10-08,前橋,4,042220261008,1791463800,1791463500,1,1,014012,関智晴,追,83.83,,,,,0.2895095675950913,0.37267087278902133,0.12144875821153824,0.08215912677816711,position_specialists,0.3726708727890213,False,,0.1686020500107549,B,0.166,0.3329999999999999,,,0.16219145911212499,0.0,0.01719591523011714,0.0,0.0014711948934163735,,0,,,0,,cumulative_place,,,False,,,,0,missing,winticket_line_prediction,provider_forecast_structure_only,37.26708727890213,12.14487582115382,8.215912677816712,1,4,7,coverage_validated_cumulative_scores_uncalibrated,,unavailable,,0,0
2026-10-08,前橋,4,042220261008,1791463800,1791463500,2,6,015515,平山優太,両,80.19,,,,,0.1699228610099878,0.2040688227782664,0.23489147997992083,0.2640312076977407,position_specialists,0.20406882277826638,False,,,B,0.192,0.2689999999999999,,,-0.14425568323979196,0.0,0.3817412257658521,0.0,0.0008542421961772494,,0,,,0,,cumulative_place,,,False,,,,0,missing,winticket_line_prediction,provider_forecast_structure_only,20.40688227782664,23.489147997992077,26.403120769774073,2,1,1,coverage_validated_cumulative_scores_uncalibrated,,unavailable,,0,0
2026-10-08,前橋,4,042220261008,1791463800,1791463500,3,5,012875,中曽直彦,追,80.92,,,,,0.14131954903463773,0.11553042990748921,0.12138630333796983,0.09129753731884706,position_specialists,0.1155304299074892,False,,,B,0.2,0.3329999999999999,,,0.1362608221619499,0.0,-0.11561974649695478,0.0,0.0004745789978762494,,0,,,0,,cumulative_place,,,False,,,,0,missing,winticket_line_prediction,provider_forecast_structure_only,11.55304299074892,12.13863033379698,9.129753731884708,3,5,6,coverage_validated_cumulative_scores_uncalibrated,,unavailable,,0,0
2026-10-08,前橋,4,042220261008,1791463800,1791463500,4,2,014056,橋本紀彰,追,83.41,,,,,0.10956098466180819,0.09570698504387797,0.1662041260542703,0.15329156744068645,position_specialists,0.09570698504387795,False,,,B,0.166,0.3329999999999999,,,-0.18993702894005937,0.0,0.01719591523011714,0.0,0.0014711948934163735,,0,,,0,,cumulative_place,,,False,,,,0,missing,winticket_line_prediction,provider_forecast_structure_only,9.570698504387796,16.620412605427024,15.329156744068646,4,2,3,coverage_validated_cumulative_scores_uncalibrated,,unavailable,,0,0
2026-10-08,前橋,4,042220261008,1791463800,1791463500,5,4,014282,石川恭規,追,81.0,,,,,0.10139551940212907,0.0900432654188355,0.13706073008165479,0.1887229758187897,position_specialists,0.09004326541883549,False,,,B,0.166,0.25,,,-0.04280019733916346,0.0,0.06354184499184974,0.0,0.0004745789978762494,,0,,,0,,cumulative_place,,,False,,,,0,missing,winticket_line_prediction,provider_forecast_structure_only,9.00432654188355,13.706073008165475,18.87229758187897,5,3,2,coverage_validated_cumulative_scores_uncalibrated,,unavailable,,0,0
2026-10-08,前橋,4,042220261008,1791463800,1791463500,6,3,013106,赤井学,追,82.46,,,,,0.07817098397761177,0.07136976346349963,0.10981079580034835,0.1050988111674838,position_specialists,0.07136976346349962,False,,,B,0.187,0.375,,,0.11730370778406563,0.0,-0.11561974649695478,0.0,0.0014711948934163735,,0,,,0,,cumulative_place,,,False,,,,0,missing,winticket_line_prediction,provider_forecast_structure_only,7.136976346349963,10.981079580034832,10.509881116748382,6,6,5,coverage_validated_cumulative_scores_uncalibrated,,unavailable,,0,0
2026-10-08,前橋,4,042220261008,1791463800,1791463500,7,7,013629,福森慎太郎,逃,78.39,,,,,0.11012053431873423,0.05060986059901012,0.10919780653429778,0.11539877377828515,position_specialists,0.05060986059901011,False,,,B,0.086,0.26,,,-0.0387630795391264,0.0,-0.2484354082240267,0.0,0.004508500479824371,,0,,,0,,cumulative_place,,,False,,,,0,missing,winticket_line_prediction,provider_forecast_structure_only,5.060986059901012,10.919780653429777,11.539877377828518,7,7,4,coverage_validated_cumulative_scores_uncalibrated,,unavailable,,0,0
2026-10-08,大垣,5,054420261008,1791464400,1791464100,1,1,015828,秋末蓮,逃,86.71,,,,,0.6999805934147915,0.797336443293847,0.3084742451111886,0.18359047619334146,position_specialists,0.7973364432938469,False,,0.6995175637469238,S,0.38,0.5710000000000001,,,0.2411626129700548,0.0,0.11891442709929917,-0.044292808231533747,0.004340432754156559,,0,,,0,,cumulative_place,,,False,,,,0,missing,winticket_line_prediction,provider_forecast_structure_only,79.7336443293847,30.84742451111886,18.35904761933415,1,1,1,coverage_validated_cumulative_scores_uncalibrated,,unavailable,,0,0
2026-10-08,大垣,5,054420261008,1791464400,1791464100,2,2,013285,吉川悟,追,83.66,,,,,0.09324117529910451,0.0978188795469232,0.16071375079447808,0.14062510713314783,position_specialists,0.09781887954692318,False,,,S,0.237,0.3329999999999999,,,0.035519261539962765,0.0,0.2013343634889746,0.18307694069033947,0.0014684051108589352,,0,,,0,,cumulative_place,,,False,,,,0,missing,winticket_line_prediction,provider_forecast_structure_only,9.78188795469232,16.071375079447808,14.062510713314785,2,2,4,coverage_validated_cumulative_scores_uncalibrated,,unavailable,,0,0
2026-10-08,大垣,5,054420261008,1791464400,1791464100,3,4,013196,竹田和幸,追,83.29,,,,,0.04851975106714398,0.03098046311592487,0.13803600124881849,0.12032732479224123,position_specialists,0.030980463115924867,False,,,S,0.125,0.3329999999999999,,,0.06804963595605135,0.0,-0.0023955615415450562,-0.044292808231533747,0.0014036225324386884,,0,,,0,,cumulative_place,,,False,,,,0,missing,winticket_line_prediction,provider_forecast_structure_only,3.098046311592487,13.803600124881848,12.032732479224125,3,3,6,coverage_validated_cumulative_scores_uncalibrated,,unavailable,,0,0
2026-10-08,大垣,5,054420261008,1791464400,1791464100,4,3,013417,梅原大治,追,83.55,,,,,0.044076058885745194,0.02870419798911233,0.1290042146883413,0.1496388571349294,position_specialists,0.028704197989112328,False,,,S,0.166,0.3879999999999999,,,0.07228225499588649,0.0,-0.0023955615415450562,-0.044292808231533747,0.0011013038331442017,,0,,,0,,cumulative_place,,,False,,,,0,missing,winticket_line_prediction,provider_forecast_structure_only,2.8704197989112332,12.90042146883413,14.96388571349294,4,4,3,coverage_validated_cumulative_scores_uncalibrated,,unavailable,,0,0
2026-10-08,大垣,5,054420261008,1791464400,1791464100,5,7,014366,阿久津浩之,逃,78.75,,,,,0.05993293337744094,0.023973873290461262,0.08625899624886313,0.12856088774294464,position_specialists,0.02397387329046126,False,,,S,0.093,0.125,,,-0.23228279758506454,0.0,-0.0050716568763142095,0.03838710046732923,0.000798985133849715,,0,,,0,,cumulative_place,,,False,,,,0,missing,winticket_line_prediction,provider_forecast_structure_only,2.397387329046126,8.625899624886312,12.856088774294465,5,6,5,coverage_validated_cumulative_scores_uncalibrated,,unavailable,,0,0
2026-10-08,大垣,5,054420261008,1791464400,1791464100,6,5,013112,佐藤明,追,82.0,,,,,0.03162649389725752,0.013870432492976419,0.10987925681606735,0.16014376533011743,position_specialists,0.013870432492976417,False,,,S,0.09,0.2269999999999999,,,-0.09236548393844649,0.0,-0.1042605240568049,-0.044292808231533747,0.0011013038331442017,,0,,,0,,cumulative_place,,,False,,,,0,missing,winticket_line_prediction,provider_forecast_structure_only,1.387043249297642,10.987925681606734,16.014376533011745,6,5,2,coverage_validated_cumulative_scores_uncalibrated,,unavailable,,0,0
2026-10-08,大垣,5,054420261008,1791464400,1791464100,7,6,013453,阿部宏之,追,79.19,,,,,0.02262299405851637,0.007315710270755111,0.06763353509224301,0.117113581673278,position_specialists,0.00731571027075511,False,,,S,0.047,0.095,,,-0.09236548393844649,0.0,-0.20612548657206475,-0.044292808231533747,0.0014036225324386884,,0,,,0,,cumulative_place,,,False,,,,0,missing,winticket_line_prediction,provider_forecast_structure_only,0.731571027075511,6.763353509224301,11.711358167327802,7,7,7,coverage_validated_cumulative_scores_uncalibrated,,unavailable,,0,0
2026-10-08,前橋,5,052220261008,1791465000,1791464700,1,1,014082,高橋雅之,追,93.57,,,,,0.36291643714589206,0.48873508032218993,0.26326892992079115,0.19032952013201884,position_specialists,0.48873508032218993,False,,0.3126225989231055,A,0.523,0.6659999999999999,,,-0.1153399708700099,0.0,0.1862230177654712,0.07627700713964741,0.00010864289525102249,,0,,,0,,cumulative_place,,,False,,,,0,missing,winticket_line_prediction,provider_forecast_structure_only,48.87350803221899,26.326892992079117,19.03295201320189,1,1,1,coverage_validated_cumulative_scores_uncalibrated,,unavailable,,0,0
2026-10-08,前橋,5,052220261008,1791465000,1791464700,2,2,013188,山田幸司,追,87.56,,,,,0.13777509770900162,0.17611248139908445,0.22841654949927567,0.12490043234707705,position_specialists,0.17611248139908445,False,,,A,0.47,0.647,,,0.1853008762692281,0.0,0.053407356038399266,0.16526684880256937,0.0028971438733605935,,0,,,0,,cumulative_place,,,False,,,,0,missing,winticket_line_prediction,provider_forecast_structure_only,17.611248139908444,22.841654949927566,12.490043234707707,2,2,4,coverage_validated_cumulative_scores_uncalibrated,,unavailable,,0,0
2026-10-08,前橋,5,052220261008,1791465000,1791464700,3,5,015895,鈴木小次廊,逃,84.09,,,,,0.1599617168142578,0.12284754216033532,0.129522821530676,0.1902676536006315,position_specialists,0.12284754216033532,False,,,A,0.284,0.476,,,0.001341395811415104,0.0,0.048488257455915174,-0.048308771188443345,0.0006518573715061335,,0,,,0,,cumulative_place,,,False,,,,0,missing,winticket_line_prediction,provider_forecast_structure_only,12.284754216033532,12.952282153067602,19.026765360063152,3,3,2,coverage_validated_cumulative_scores_uncalibrated,,unavailable,,0,0
2026-10-08,前橋,5,052220261008,1791465000,1791464700,4,3,014347,外崎一成,追,86.0,,,,,0.0807064082195391,0.06088592001101131,0.09625144172942295,0.1194591995417159,position_specialists,0.06088592001101131,False,,,A,0.2769999999999999,0.3879999999999999,,,0.1181916068942786,0.0,-0.07940830568867263,-0.048308771188443345,0.0003621429841700743,,0,,,0,,cumulative_place,,,False,,,,0,missing,winticket_line_prediction,provider_forecast_structure_only,6.088592001101131,9.625144172942294,11.945919954171591,4,6,5,coverage_validated_cumulative_scores_uncalibrated,,unavailable,,0,0
2026-10-08,前橋,5,052220261008,1791465000,1791464700,5,4,013014,江連和洋,追,86.0,,,,,0.07964744058323944,0.05531706582980128,0.12018862938532349,0.10798536581908114,position_specialists,0.05531706582980128,False,,,A,0.25,0.437,,,0.09816376023153278,0.0,-0.12368019293102994,-0.048308771188443345,0.0021728579050204447,,0,,,0,,cumulative_place,,,False,,,,0,missing,winticket_line_prediction,provider_forecast_structure_only,5.531706582980128,12.018862938532349,10.798536581908115,5,4,6,coverage_validated_cumulative_scores_uncalibrated,,unavailable,,0,0
2026-10-08,前橋,5,052220261008,1791465000,1791464700,6,6,015414,大森光明,両,83.55,,,,,0.09698062326980278,0.05358638023817536,0.11082548298702385,0.16655240773825242,position_specialists,0.05358638023817536,False,,,A,0.2769999999999999,0.444,,,-0.1488463486089984,0.0,-0.049893714193767744,-0.048308771188443345,0.002933358171777601,,0,,,0,,cumulative_place,,,False,,,,0,missing,winticket_line_prediction,provider_forecast_structure_only,5.3586380238175355,11.082548298702385,16.655240773825245,6,5,3,coverage_validated_cumulative_scores_uncalibrated,,unavailable,,0,0
2026-10-08,前橋,5,052220261008,1791465000,1791464700,7,7,013983,大崎智久,追,81.85,,,,,0.08201227625826717,0.04251553003940234,0.05152614494748684,0.10050542082122306,position_specialists,0.04251553003940234,False,,,A,0.284,0.3329999999999999,,,-0.13881131972744581,0.0,-0.035136418446315335,-0.048308771188443345,0.0023901436955224894,,0,,,0,,cumulative_place,,,False,,,,0,missing,winticket_line_prediction,provider_forecast_structure_only,4.251553003940234,5.1526144947486845,10.050542082122307,7,7,7,coverage_validated_cumulative_scores_uncalibrated,,unavailable,,0,0
2026-10-08,大垣,6,064420261008,1791465600,1791465300,1,3,015339,土田武志,逃,88.54,,,,,0.2369568608851101,0.3850296389908151,0.22959443840713128,0.1481747475613763,position_specialists,0.3850296389908152,False,,0.1069873503459306,B,0.521,0.565,,,0.1110828458685586,0.0,0.24999681448584085,0.18507255834361788,0.00011614958082780845,,0,,,0,,cumulative_place,,,False,,,,0,missing,winticket_line_prediction,provider_forecast_structure_only,38.50296389908151,22.959443840713128,14.817474756137626,1,1,3,coverage_validated_cumulative_scores_uncalibrated,,unavailable,,0,0
2026-10-08,大垣,6,064420261008,1791465600,1791465300,2,2,014444,星野辰也,追,90.2,,,,,0.22022706098059366,0.27804228864488456,0.2165068215524554,0.12102481140252878,position_specialists,0.2780422886448846,False,,,B,0.5,0.75,,,0.20848486493283597,0.0,0.14813212042299467,-0.04354648431614539,0.00029037395206952057,,0,,,0,,cumulative_place,,,False,,,,0,missing,winticket_line_prediction,provider_forecast_structure_only,27.804228864488458,21.65068215524554,12.102481140252875,2,2,5,coverage_validated_cumulative_scores_uncalibrated,,unavailable,,0,0
2026-10-08,大垣,6,064420261008,1791465600,1791465300,3,1,014991,中島将尊,追,92.73,,,,,0.28173175047245946,0.1715595838818925,0.1915219750397203,0.23828238489296083,position_specialists,0.17155958388189252,False,,,B,0.25,0.437,,,-0.20235938989189317,0.0,-0.16024630685499477,-0.04354648431614539,0.00029037395206952057,,0,,,0,,cumulative_place,,,False,,,,0,missing,winticket_line_prediction,provider_forecast_structure_only,17.155958388189248,19.15219750397203,23.82823848929608,3,3,1,coverage_validated_cumulative_scores_uncalibrated,,unavailable,,0,0
2026-10-08,大垣,6,064420261008,1791465600,1791465300,4,4,014024,櫻井丈,追,86.66,,,,,0.07814472235768166,0.0599523644413614,0.09185778033291706,0.09330135061019157,position_specialists,0.059952364441361414,False,,,B,0.3329999999999999,0.5,,,0.0557719334459047,0.0,-0.000651180347741323,-0.04354648431614539,0.00011614958082780845,,0,,,0,,cumulative_place,,,False,,,,0,missing,winticket_line_prediction,provider_forecast_structure_only,5.99523644413614,9.185778033291706,9.330135061019154,4,6,6,coverage_validated_cumulative_scores_uncalibrated,,unavailable,,0,0
2026-10-08,大垣,6,064420261008,1791465600,1791465300,5,6,013828,引地正人,逃,83.93,,,,,0.09421398911416246,0.05510757884169308,0.11062568507737598,0.08731061435577664,position_specialists,0.055107578841693095,False,,,B,0.266,0.4,,,0.004065299069998016,0.0,-0.1446741331353457,0.03265986323710904,0.0039490857481454785,,0,,,0,,cumulative_place,,,False,,,,0,missing,winticket_line_prediction,provider_forecast_structure_only,5.510757884169308,11.062568507737598,8.731061435577661,5,4,7,coverage_validated_cumulative_scores_uncalibrated,,unavailable,,0,0
2026-10-08,大垣,6,064420261008,1791465600,1791465300,6,5,014673,松田大,両,84.7,,,,,0.05778009366806734,0.03583696227217352,0.09911944347688914,0.16929871066414964,position_specialists,0.03583696227217353,False,,,B,0.3329999999999999,0.4579999999999999,,,-0.09694099804102659,0.0,0.004109167635390327,-0.04354648431614539,0.0033683378440064375,,0,,,0,,cumulative_place,,,False,,,,0,missing,winticket_line_prediction,provider_forecast_structure_only,3.583696227217352,9.911944347688914,16.92987106641496,6,5,2,coverage_validated_cumulative_scores_uncalibrated,,unavailable,,0,0
2026-10-08,大垣,6,064420261008,1791465600,1791465300,7,7,013952,東鉄也,両,80.73,,,,,0.030945522521925374,0.014471582927179656,0.06077385611351081,0.1426073805130163,position_specialists,0.01447158292717966,False,,,B,0.217,0.26,,,-0.08010455538437725,0.0,-0.09666648220614422,-0.04354648431614539,0.0009291966466224658,,0,,,0,,cumulative_place,,,False,,,,0,missing,winticket_line_prediction,provider_forecast_structure_only,1.4471582927179656,6.077385611351081,14.260738051301626,7,7,4,coverage_validated_cumulative_scores_uncalibrated,,unavailable,,0,0
2026-10-08,前橋,6,062220261008,1791466200,1791465900,1,1,015691,岡部伶音,逃,92.8,,,,,0.4070246824487211,0.4300672363391764,0.16080812439151881,0.20153330961542368,position_specialists,0.4300672363391764,False,,0.2702122341430974,A,0.3329999999999999,0.6659999999999999,,,-0.17737823163028804,0.0,-0.059206414417669724,0.12201438635581907,0.001971054913305149,,0,,,0,,cumulative_place,,,False,,,,0,missing,winticket_line_prediction,provider_forecast_structure_only,43.00672363391764,16.080812439151877,20.153330961542366,1,2,1,coverage_validated_cumulative_scores_uncalibrated,,unavailable,,0,0
2026-10-08,前橋,6,062220261008,1791466200,1791465900,2,3,014225,伊藤亮,追,89.28,,,,,0.12070491309319945,0.15985500219607895,0.15526952178393968,0.12733141994971428,position_specialists,0.15985500219607895,False,,,A,0.434,0.434,,,0.2576459442903089,0.0,0.08952867280523041,-0.06714885692065212,0.003032392174315612,,0,,,0,,cumulative_place,,,False,,,,0,missing,winticket_line_prediction,provider_forecast_structure_only,15.985500219607896,15.526952178393964,12.733141994971428,2,3,5,coverage_validated_cumulative_scores_uncalibrated,,unavailable,,0,0
2026-10-08,前橋,6,062220261008,1791466200,1791465900,3,2,013827,佐藤雅彦,追,89.52,,,,,0.11028258874783049,0.13040524669192557,0.19438624203904561,0.1392820033735275,position_specialists,0.13040524669192557,False,,,A,0.428,0.7609999999999999,,,0.0018714229233607335,0.0,0.04356591777140548,0.12201438635581907,0.0001516196087157825,,0,,,0,,cumulative_place,,,False,,,,0,missing,winticket_line_prediction,provider_forecast_structure_only,13.040524669192557,19.438624203904556,13.92820033735275,3,1,3,coverage_validated_cumulative_scores_uncalibrated,,unavailable,,0,0
2026-10-08,前橋,6,062220261008,1791466200,1791465900,4,6,015617,添田龍児,逃,85.4,,,,,0.12364496756310228,0.09568339553510825,0.11386634392481543,0.12035804250817274,position_specialists,0.09568339553510825,False,,,A,0.259,0.518,,,0.049991355910475065,0.0,-0.06643762916528659,-0.004094442495161716,0.0009097176522946833,,0,,,0,,cumulative_place,,,False,,,,0,missing,winticket_line_prediction,provider_forecast_structure_only,9.568339553510825,11.386634392481541,12.035804250817273,4,6,6,coverage_validated_cumulative_scores_uncalibrated,,unavailable,,0,0
2026-10-08,前橋,6,062220261008,1791466200,1791465900,5,5,014813,新井僚太郎,両,85.5,,,,,0.09601290055662164,0.08362059213708137,0.12952226674537892,0.13044999707778646,position_specialists,0.08362059213708137,False,,,A,0.461,0.5760000000000001,,,-0.018881024221494253,0.0,0.12464460571763009,-0.06714885692065212,0.0033356313917471767,,0,,,0,,cumulative_place,,,False,,,,0,missing,winticket_line_prediction,provider_forecast_structure_only,8.362059213708136,12.952226674537888,13.044999707778645,5,5,4,coverage_validated_cumulative_scores_uncalibrated,,unavailable,,0,0
2026-10-08,前橋,6,062220261008,1791466200,1791465900,6,4,014164,田中孝彦,追,87.83,,,,,0.08965525240685611,0.0692869811693348,0.10673752673025723,0.10957775937125999,position_specialists,0.0692869811693348,False,,,A,0.29,0.583,,,-0.039633471366349246,0.0,-0.048359592296244425,-0.03848775945452011,0.0012129568697262453,,0,,,0,,cumulative_place,,,False,,,,0,missing,winticket_line_prediction,provider_forecast_structure_only,6.92869811693348,10.67375267302572,10.957775937126,6,7,7,coverage_validated_cumulative_scores_uncalibrated,,unavailable,,0,0
2026-10-08,前橋,6,062220261008,1791466200,1791465900,7,7,013826,田原大広,追,85.0,,,,,0.05267469518366893,0.031081545931294682,0.13940997438504435,0.17146746810411526,position_specialists,0.031081545931294682,False,,,A,0.284,0.428,,,-0.07361599590601312,0.0,-0.08373556041506525,-0.06714885692065212,0.0012129568697262453,,0,,,0,,cumulative_place,,,False,,,,0,missing,winticket_line_prediction,provider_forecast_structure_only,3.108154593129468,13.940997438504432,17.146746810411525,7,4,2,coverage_validated_cumulative_scores_uncalibrated,,unavailable,,0,0
2026-10-08,大垣,7,074420261008,1791466800,1791466500,1,1,015712,松本京太,逃,92.8,,,,,0.5458540734100817,0.5375469630599262,0.27196007979361025,0.16360616492296917,position_specialists,0.5375469630599262,False,,0.34440873838414005,A,0.3329999999999999,0.6,,,0.00591229396734104,0.0,0.016387244627130936,-0.04103206883556381,0.004404694129782468,,0,,,0,,cumulative_place,,,False,,,,0,missing,winticket_line_prediction,provider_forecast_structure_only,53.754696305992624,27.196007979361017,16.360616492296913,1,1,2,coverage_validated_cumulative_scores_uncalibrated,,unavailable,,0,0
2026-10-08,大垣,7,074420261008,1791466800,1791466500,2,2,014819,太刀川一成,追,91.22,,,,,0.15607356902225328,0.19313822467578617,0.15333252787264925,0.0807363376770411,position_specialists,0.19313822467578617,False,,,A,0.3329999999999999,0.555,,,0.1259500304655513,0.0,0.15082074620721173,-0.04103206883556381,0.0017618776519129872,,0,,,0,,cumulative_place,,,False,,,,0,missing,winticket_line_prediction,provider_forecast_structure_only,19.313822467578618,15.333252787264922,8.073633767704107,2,2,7,coverage_validated_cumulative_scores_uncalibrated,,unavailable,,0,0
2026-10-08,大垣,7,074420261008,1791466800,1791466500,3,5,014674,丹波孝佑,逃,86.29,,,,,0.15124042690783981,0.16842361796135596,0.1527577016854233,0.13947152991762352,position_specialists,0.16842361796135596,False,,,A,0.375,0.5,,,0.05569216560705481,0.0,0.06834800097611878,0.19014861167700306,0.000880938825956494,,0,,,0,,cumulative_place,,,False,,,,0,missing,winticket_line_prediction,provider_forecast_structure_only,16.842361796135595,15.275770168542326,13.947152991762348,3,3,5,coverage_validated_cumulative_scores_uncalibrated,,unavailable,,0,0
2026-10-08,大垣,7,074420261008,1791466800,1791466500,4,4,013382,成田直喜,追,87.91,,,,,0.05613465268779513,0.049651327931728884,0.14190507089433219,0.1456050605384659,position_specialists,0.049651327931728884,False,,,A,0.3329999999999999,0.4579999999999999,,,-0.019081683771507305,0.0,0.10667132638409021,-0.04103206883556381,4.890192839315764e-19,,0,,,0,,cumulative_place,,,False,,,,0,missing,winticket_line_prediction,provider_forecast_structure_only,4.965132793172888,14.190507089433215,14.560506053846586,4,5,3,coverage_validated_cumulative_scores_uncalibrated,,unavailable,,0,0
2026-10-08,大垣,7,074420261008,1791466800,1791466500,5,3,014098,菊谷信一,追,88.18,,,,,0.05373679738501128,0.03014475657111182,0.14325045959281985,0.1937684524409771,position_specialists,0.03014475657111182,False,,,A,0.25,0.25,,,-0.24131520618350463,0.0,-0.0699263529083957,-0.04103206883556381,0.001057126591147792,,0,,,0,,cumulative_place,,,False,,,,0,missing,winticket_line_prediction,provider_forecast_structure_only,3.014475657111182,14.325045959281981,19.376845244097705,5,4,1,coverage_validated_cumulative_scores_uncalibrated,,unavailable,,0,0
2026-10-08,大垣,7,074420261008,1791466800,1791466500,6,6,013547,土屋宏,追,83.79,,,,,0.024482400615917933,0.014787026233445699,0.07056466337896677,0.14463226625176825,position_specialists,0.014787026233445699,False,,,A,0.166,0.375,,,0.008118265267878136,0.0,-0.0699263529083957,-0.04103206883556381,0.0017618776519129872,,0,,,0,,cumulative_place,,,False,,,,0,missing,winticket_line_prediction,provider_forecast_structure_only,1.47870262334457,7.056466337896675,14.463226625176821,6,6,4,coverage_validated_cumulative_scores_uncalibrated,,unavailable,,0,0
2026-10-08,大垣,7,074420261008,1791466800,1791466500,7,7,012891,朝日勇,追,81.04,,,,,0.01247807997110088,0.006308083566645284,0.06622949678219851,0.132180188251155,position_specialists,0.006308083566645284,False,,,A,0.0409999999999999,0.208,,,0.06472413464718618,0.0,-0.20237461237776017,0.015011732500816029,0.0007047510607651946,,0,,,0,,cumulative_place,,,False,,,,0,missing,winticket_line_prediction,provider_forecast_structure_only,0.6308083566645284,6.622949678219849,13.218018825115495,7,7,6,coverage_validated_cumulative_scores_uncalibrated,,unavailable,,0,0
2026-10-08,前橋,7,072220261008,1791467400,1791467100,1,3,015882,木村優駿,逃,88.07,,,,,0.34668501190987405,0.40754260549817484,0.2962595789285809,0.2615206884986376,position_specialists,0.4075426054981748,False,,0.011105160068999365,C,0.518,0.5920000000000001,,,0.19623617015369188,0.0,0.049245948886600804,0.19093662379704573,0.003732616264866369,,0,,,0,,cumulative_place,,,False,,,,0,missing,winticket_line_prediction,provider_forecast_structure_only,40.75426054981748,29.62595789285809,26.152068849863756,1,1,1,coverage_validated_cumulative_scores_uncalibrated,,unavailable,,0,0
2026-10-08,前橋,7,072220261008,1791467400,1791467100,2,1,013747,伊藤大志,追,94.66,,,,,0.3453981327981241,0.3964374454291755,0.18467250295806587,0.07838308328069954,position_specialists,0.3964374454291754,False,,,C,0.5,0.722,,,0.03676949389378346,0.0,0.16533067874812957,-0.040515820171568254,0.0006254654281667974,,0,,,0,,cumulative_place,,,False,,,,0,missing,winticket_line_prediction,provider_forecast_structure_only,39.643744542917545,18.467250295806586,7.838308328069954,2,2,6,coverage_validated_cumulative_scores_uncalibrated,,unavailable,,0,0
2026-10-08,前橋,7,072220261008,1791467400,1791467100,3,5,015780,小田恭介,逃,85.6,,,,,0.13871077610541974,0.08616862278538034,0.1604742324707802,0.1438406234785835,position_specialists,0.08616862278538033,False,,,C,0.3329999999999999,0.3329999999999999,,,0.004331348448134806,0.0,-0.0156257700362444,-0.040515820171568254,0.001614104330753025,,0,,,0,,cumulative_place,,,False,,,,0,missing,winticket_line_prediction,provider_forecast_structure_only,8.616862278538035,16.04742324707802,14.38406234785835,3,3,3,coverage_validated_cumulative_scores_uncalibrated,,unavailable,,0,0
2026-10-08,前橋,7,072220261008,1791467400,1791467100,4,6,014937,田中誇士,両,84.44,,,,,0.07797792674127092,0.05508525986215784,0.10209474904482391,0.08857802437489161,position_specialists,0.055085259862157836,False,,,C,0.3879999999999999,0.611,,,0.03676949389378346,0.0,0.04919594313289568,0.011642477060795473,0.0005044076033603198,,0,,,0,,cumulative_place,,,False,,,,0,missing,winticket_line_prediction,provider_forecast_structure_only,5.508525986215784,10.209474904482391,8.85780243748916,4,5,5,coverage_validated_cumulative_scores_uncalibrated,,unavailable,,0,0
2026-10-08,前橋,7,072220261008,1791467400,1791467100,5,4,013859,荒木伸哉,追,86.59,,,,,0.04281092646944345,0.030488642739405283,0.07810247798522214,0.13179795656348187,position_specialists,0.03048864273940528,False,,,C,0.26,0.608,,,0.025956778745233874,0.0,0.04783507290985002,-0.040515820171568254,0.0010693441191238784,,0,,,0,,cumulative_place,,,False,,,,0,missing,winticket_line_prediction,provider_forecast_structure_only,3.0488642739405285,7.810247798522214,13.179795656348187,5,6,4,coverage_validated_cumulative_scores_uncalibrated,,unavailable,,0,0
2026-10-08,前橋,7,072220261008,1791467400,1791467100,6,2,012501,金子真也,追,88.83,,,,,0.03704948627578613,0.020560175887716418,0.14677927994140155,0.22811021090675013,position_specialists,0.020560175887716414,False,,,C,0.166,0.166,,,-0.09146972623973632,0.0,-0.10882573487452268,-0.040515820171568254,0.002199217150650996,,0,,,0,,cumulative_place,,,False,,,,0,missing,winticket_line_prediction,provider_forecast_structure_only,2.056017588771642,14.677927994140155,22.811021090675013,6,4,2,coverage_validated_cumulative_scores_uncalibrated,,unavailable,,0,0
2026-10-08,前橋,7,072220261008,1791467400,1791467100,7,7,014062,齋藤昌弘,追,80.77,,,,,0.011367739700081547,0.003717247797989915,0.031617178671125484,0.06776941289695575,position_specialists,0.0037172477979899145,False,,,C,0.0,0.272,,,-0.20859355889489137,0.0,-0.187156138766709,-0.040515820171568254,0.002199217150650996,,0,,,0,,cumulative_place,,,False,,,,0,missing,winticket_line_prediction,provider_forecast_structure_only,0.3717247797989915,3.1617178671125483,6.776941289695575,7,7,7,coverage_validated_cumulative_scores_uncalibrated,,unavailable,,0,0
2026-10-08,大垣,8,084420261008,1791468000,1791467700,1,1,015965,篠原輝利,逃,79.88,,,,,0.7966073261564459,0.8929677412729857,0.4868862818215062,0.5348658772976529,position_specialists,0.8929677412729857,False,,0.8229945183135031,S,0.722,0.833,,,0.25727103135781776,0.0,0.11480698553482184,-0.04950351796184076,0.004098628744411128,,0,,,0,,cumulative_place,,0.0,False,,,,0,missing,winticket_line_prediction,provider_forecast_structure_only,89.29677412729858,48.68862818215062,53.4865877297653,1,1,1,coverage_validated_cumulative_scores_uncalibrated,,unavailable,,0,0
2026-10-08,大垣,8,084420261008,1791468000,1791467700,2,4,015963,福地晶,逃,74.0,,,,,0.13646152863907787,0.06997322295948258,0.14828077534734987,0.06489596637558238,position_specialists,0.06997322295948258,False,,,S,0.3879999999999999,0.444,,,0.05716579457038502,0.0,-0.0817837706901204,-0.04950351796184076,0.0018269547482419107,,0,,,0,,cumulative_place,,0.0,False,,,,0,missing,winticket_line_prediction,provider_forecast_structure_only,6.9973222959482575,14.82807753473499,6.48959663755824,2,2,6,coverage_validated_cumulative_scores_uncalibrated,,unavailable,,0,0
2026-10-08,大垣,8,084420261008,1791468000,1791467700,3,6,014743,鈴木広人,両,71.29,,,,,0.016138185826243986,0.011287235844319721,0.06646232239378048,0.06819281372835001,position_specialists,0.011287235844319721,False,,,S,0.441,0.47,,,-0.168909309741264,0.0,0.29715256349287555,0.09281909617845142,0.0007812635436560804,,0,,,0,,cumulative_place,,0.0,False,,,,0,missing,winticket_line_prediction,provider_forecast_structure_only,1.128723584431972,6.646232239378049,6.819281372835002,3,5,4,coverage_validated_cumulative_scores_uncalibrated,,unavailable,,0,0
2026-10-08,大垣,8,084420261008,1791468000,1791467700,4,2,014389,村本慎吾,追,76.33,,,,,0.014897942488662445,0.008763643221863822,0.10702815268533088,0.06900403574875141,position_specialists,0.008763643221863822,False,,,S,0.368,0.684,,,0.010395077235710757,0.0,-0.018622188435576663,-0.04950351796184076,0.0013702160611814332,,0,,,0,,cumulative_place,,0.0,False,,,,0,missing,winticket_line_prediction,provider_forecast_structure_only,0.8763643221863823,10.70281526853309,6.900403574875142,4,3,3,coverage_validated_cumulative_scores_uncalibrated,,unavailable,,0,0
2026-10-08,大垣,8,084420261008,1791468000,1791467700,5,3,015087,本馬鎌,両,76.0,,,,,0.016294305716291018,0.00817487986747146,0.09925592593898921,0.15254427011447125,position_specialists,0.00817487986747146,False,,,S,0.3329999999999999,0.611,,,-0.062370463414264776,0.0,-0.06955466969320659,-0.04950351796184076,0.0016226242829780128,,0,,,0,,cumulative_place,,0.0,False,,,,0,missing,winticket_line_prediction,provider_forecast_structure_only,0.8174879867471461,9.925592593898923,15.254427011447126,5,4,2,coverage_validated_cumulative_scores_uncalibrated,,unavailable,,0,0
2026-10-08,大垣,8,084420261008,1791468000,1791467700,6,7,014667,藤本龍也,両,71.05,,,,,0.01636170253724654,0.007598194232658908,0.06529454042090245,0.04297395235999603,position_specialists,0.007598194232658908,False,,,S,0.444,0.5,,,0.0831606178856863,0.0,-0.07057928800032715,-0.04950351796184076,0.0006129913957916938,,0,,,0,,cumulative_place,,0.0,False,,,,0,missing,winticket_line_prediction,provider_forecast_structure_only,0.7598194232658908,6.529454042090246,4.297395235999604,6,6,7,coverage_validated_cumulative_scores_uncalibrated,,unavailable,,0,0
2026-10-08,大垣,8,084420261008,1791468000,1791467700,7,5,013331,橋本大祐,追,71.4,,,,,0.0032390086360321955,0.0012350826012177923,0.02679200139214088,0.06752308437519597,position_specialists,0.0012350826012177923,False,,,S,0.16,0.48,,,-0.17671274789407135,0.0,-0.17141963220846643,0.15469849363075236,0.00153848820904582,,0,,,0,,cumulative_place,,1.0,False,,,,0,missing,winticket_line_prediction,provider_forecast_structure_only,0.12350826012177923,2.6792001392140885,6.752308437519598,7,7,5,coverage_validated_cumulative_scores_uncalibrated,,unavailable,,0,0
2026-10-08,前橋,8,082220261008,1791468600,1791468300,1,1,015587,吉川美穂,両,56.96,,,,,0.5708297820498468,0.6434584373178398,0.40235191842506995,0.21950813986338644,position_specialists,0.6434584373178397,False,,0.4792184188231293,S,0.777,0.8140000000000001,,,0.19028791147467003,0.0,0.09964787160227873,0.11987736872810256,0.002507115607773591,,0,,,0,,cumulative_place,,0.0,False,,,,0,missing,winticket_line_prediction,provider_forecast_structure_only,64.34584373178399,40.235191842506985,21.95081398633864,1,1,1,coverage_validated_cumulative_scores_uncalibrated,,unavailable,,0,0
2026-10-08,前橋,8,082220261008,1791468600,1791468300,2,3,015939,半田水晶,逃,55.87,,,,,0.15947057635163672,0.16424001849471037,0.15049048764886996,0.15016034664837194,position_specialists,0.16424001849471034,False,,,S,0.583,0.7909999999999999,,,0.20044096436753003,0.0,0.05976493796017318,0.11987736872810256,0.0028902992159485935,,0,,,0,,cumulative_place,,0.0,False,,,,0,missing,winticket_line_prediction,provider_forecast_structure_only,16.424001849471036,15.049048764886994,15.016034664837191,2,3,4,coverage_validated_cumulative_scores_uncalibrated,,unavailable,,0,0
2026-10-08,前橋,8,082220261008,1791468600,1791468300,3,2,015320,那須萌美,両,56.36,,,,,0.13864280231893786,0.12706514694061452,0.21460838203405713,0.18020310159286124,position_specialists,0.1270651469406145,False,,,S,0.833,0.833,,,0.08518584573816139,0.0,0.14314970918881204,0.009047348583253024,0.0012809280616135812,,0,,,0,,cumulative_place,,0.0,False,,,,0,missing,winticket_line_prediction,provider_forecast_structure_only,12.706514694061452,21.46083820340571,18.02031015928612,3,2,2,coverage_validated_cumulative_scores_uncalibrated,,unavailable,,0,0
2026-10-08,前橋,8,082220261008,1791468600,1791468300,4,4,015504,西島叶子,両,54.83,,,,,0.06937226021337757,0.036253975843672806,0.0710222596799573,0.15589022338239114,position_specialists,0.0362539758436728,False,,,S,0.625,0.708,,,-0.09098759024836721,0.0,-0.008611703462564096,-0.07803338153055733,0.0014013571956114394,,0,,,0,,cumulative_place,,0.0,False,,,,0,missing,winticket_line_prediction,provider_forecast_structure_only,3.6253975843672808,7.102225967995729,15.589022338239111,4,5,3,coverage_validated_cumulative_scores_uncalibrated,,unavailable,,0,0
2026-10-08,前橋,8,082220261008,1791468600,1791468300,5,5,015315,渡口まりあ,両,53.15,,,,,0.04130538321644101,0.022709915617401367,0.07673502494047309,0.1285483149718724,position_specialists,0.022709915617401363,False,,,S,0.3329999999999999,0.606,,,-0.04022232578406722,0.0,0.04357550359059578,-0.062200521509864534,0.0014779939172464398,,0,,,0,,cumulative_place,,0.0,False,,,,0,missing,winticket_line_prediction,provider_forecast_structure_only,2.2709915617401366,7.673502494047307,12.854831497187238,5,4,5,coverage_validated_cumulative_scores_uncalibrated,,unavailable,,0,0
2026-10-08,前橋,8,082220261008,1791468600,1791468300,6,6,014962,石井貴子,逃,51.19,,,,,0.016102190667353508,0.00496564042879731,0.04854338296157064,0.0606164003146902,position_specialists,0.004965640428797309,False,,,S,0.142,0.38,,,-0.2163957617705958,0.0,-0.1478025856887906,-0.046367661489171756,0.0014779939172464398,,0,,,0,,cumulative_place,,0.0,False,,,,0,missing,winticket_line_prediction,provider_forecast_structure_only,0.49656404287973094,4.854338296157063,6.061640031469018,6,6,7,coverage_validated_cumulative_scores_uncalibrated,,unavailable,,0,0
2026-10-08,前橋,8,082220261008,1791468600,1791468300,7,7,015674,野寺楓,追,51.05,,,,,0.004277005182406422,0.0013068653569639217,0.03624854431000201,0.1050734732264267,position_specialists,0.0013068653569639215,False,,,S,0.222,0.3329999999999999,,,-0.1283090437773315,0.0,-0.18972373319050512,-0.062200521509864534,0.0023209978552314464,,0,,,0,,cumulative_place,,1.0,False,,,,0,missing,winticket_line_prediction,provider_forecast_structure_only,0.13068653569639216,3.6248544310002,10.507347322642667,7,7,6,coverage_validated_cumulative_scores_uncalibrated,,unavailable,,0,0
2026-10-08,大垣,9,094420261008,1791469200,1791468900,1,2,015875,邊見竜馬,逃,95.04,,,,,0.7557955595222215,0.841412852612723,0.487671753860457,0.5834765975051502,position_specialists,0.841412852612723,False,,0.7586899486273688,S,0.809,0.904,,,0.2661275891065152,0.0,0.02519971226158438,0.17253058153370898,0.0045526750790901615,,0,,,0,,cumulative_place,,,False,,,,0,missing,winticket_line_prediction,provider_forecast_structure_only,84.1412852612723,48.7671753860457,58.34765975051502,1,1,1,coverage_validated_cumulative_scores_uncalibrated,,unavailable,,0,0
2026-10-08,大垣,9,094420261008,1791469200,1791468900,2,3,015536,疋田力也,両,94.22,,,,,0.11537684970221167,0.08272290398535419,0.09827858608770336,0.10927824234858867,position_specialists,0.08272290398535419,False,,,S,0.555,0.6659999999999999,,,-0.017616107775236596,0.0,0.03773506824640433,0.05707034532568194,0.0017275349880824307,,0,,,0,,cumulative_place,,,False,,,,0,missing,winticket_line_prediction,provider_forecast_structure_only,8.272290398535418,9.827858608770336,10.927824234858868,2,3,3,coverage_validated_cumulative_scores_uncalibrated,,unavailable,,0,0
2026-10-08,大垣,9,094420261008,1791469200,1791468900,3,4,015434,片桐善也,逃,92.14,,,,,0.05456867131809703,0.0337856056070202,0.13891122156224772,0.1159560865508866,position_specialists,0.0337856056070202,False,,,S,0.428,0.476,,,-0.01252816190545914,0.0,0.04502363475847213,-0.032988638916579154,0.00027678737378116294,,0,,,0,,cumulative_place,,,False,,,,0,missing,winticket_line_prediction,provider_forecast_structure_only,3.37856056070202,13.891122156224773,11.59560865508866,3,2,2,coverage_validated_cumulative_scores_uncalibrated,,unavailable,,0,0
2026-10-08,大垣,9,094420261008,1791469200,1791468900,4,1,013901,山田敦也,追,95.28,,,,,0.032638187436535494,0.02422396900260733,0.08328919185482687,0.04595393931585854,position_specialists,0.02422396900260733,False,,,S,0.57,0.809,,,-0.04335635051212325,0.0,0.146580922879739,-0.0583898908823451,0.0009258060433369932,,0,,,0,,cumulative_place,,,False,,,,0,missing,winticket_line_prediction,provider_forecast_structure_only,2.422396900260733,8.328919185482688,4.595393931585854,4,4,6,coverage_validated_cumulative_scores_uncalibrated,,unavailable,,0,0
2026-10-08,大垣,9,094420261008,1791469200,1791468900,5,5,015811,水谷亮太,逃,87.52,,,,,0.02249972574706917,0.010049816270266245,0.08252906730467642,0.05605007551505739,position_specialists,0.010049816270266245,False,,,S,0.428,0.523,,,-0.028092512902790887,0.0,-0.07043019404049176,-0.0583898908823451,0.00014316588299025692,,0,,,0,,cumulative_place,,,False,,,,0,missing,winticket_line_prediction,provider_forecast_structure_only,1.0049816270266245,8.252906730467641,5.605007551505739,5,5,4,coverage_validated_cumulative_scores_uncalibrated,,unavailable,,0,0
2026-10-08,大垣,9,094420261008,1791469200,1791468900,6,6,015447,小浦凪,両,84.52,,,,,0.015104587343736335,0.006567228749733191,0.06303760972768373,0.04618250236472907,position_specialists,0.006567228749733191,False,,,S,0.272,0.318,,,0.059604620435423375,0.0,-0.09569885530888791,-0.021442615295776447,0.0005917523163597274,,0,,,0,,cumulative_place,,,False,,,,0,missing,winticket_line_prediction,provider_forecast_structure_only,0.656722874973319,6.303760972768373,4.618250236472907,6,6,5,coverage_validated_cumulative_scores_uncalibrated,,unavailable,,0,0
2026-10-08,大垣,9,094420261008,1791469200,1791468900,7,7,014091,伊原弘幸,追,83.7,,,,,0.004016418930128743,0.001237623772295961,0.04628256960240486,0.04310255639972944,position_specialists,0.001237623772295961,False,,,S,0.25,0.416,,,-0.22413907644632844,0.0,-0.0884102887968201,-0.0583898908823451,0.0017275349880824307,,0,,,0,,cumulative_place,,,False,,,,0,missing,winticket_line_prediction,provider_forecast_structure_only,0.12376237722959611,4.628256960240486,4.310255639972944,7,7,7,coverage_validated_cumulative_scores_uncalibrated,,unavailable,,0,0
2026-10-08,前橋,9,092220261008,1791469800,1791469500,1,1,015162,蕗澤鴻太郎,逃,94.94,,,,,0.48252599186147815,0.6255425779532283,0.41530056568978485,0.3140103338211776,position_specialists,0.6255425779532282,False,,0.4843592083330179,S,0.722,0.777,,,0.2726970643510778,0.0,0.1694013170095959,-0.0958082586275378,0.0031529089193930706,,0,,,0,,cumulative_place,,,False,,,,0,missing,winticket_line_prediction,provider_forecast_structure_only,62.55425779532283,41.53005656897849,31.401033382117763,1,1,1,coverage_validated_cumulative_scores_uncalibrated,,unavailable,,0,0
2026-10-08,前橋,9,092220261008,1791469800,1791469500,2,2,014136,金澤竜二,両,93.23,,,,,0.16639599484139134,0.14118336962021036,0.19293783982691765,0.16633001001648592,position_specialists,0.14118336962021033,False,,,S,0.475,0.619,,,-0.005218097499785355,0.0,0.13876819836068544,-0.0958082586275378,0.0023077993121330713,,0,,,0,,cumulative_place,,,False,,,,0,missing,winticket_line_prediction,provider_forecast_structure_only,14.118336962021036,19.293783982691764,16.633001001648594,2,2,2,coverage_validated_cumulative_scores_uncalibrated,,unavailable,,0,0
2026-10-08,前橋,9,092220261008,1791469800,1791469500,3,5,015803,西村剛,逃,89.9,,,,,0.09715409681921443,0.07916651626649891,0.10546364509787003,0.11869751791705672,position_specialists,0.0791665162664989,False,,,S,0.57,0.619,,,-0.028967847436858467,0.0,0.06835925240124077,0.10742138088542119,0.002242790880805381,,0,,,0,,cumulative_place,,,False,,,,0,missing,winticket_line_prediction,provider_forecast_structure_only,7.916651626649891,10.546364509787002,11.869751791705674,3,3,4,coverage_validated_cumulative_scores_uncalibrated,,unavailable,,0,0
2026-10-08,前橋,9,092220261008,1791469800,1791469500,4,4,015423,上川直紀,両,91.45,,,,,0.09178002156856388,0.07689899544871949,0.0654489190396091,0.06719555844988014,position_specialists,0.07689899544871948,False,,,S,0.375,0.583,,,0.032210642591599746,0.0,0.00727615754136488,0.10742138088542119,0.0008776138229238453,,0,,,0,,cumulative_place,,,False,,,,0,missing,winticket_line_prediction,provider_forecast_structure_only,7.689899544871949,6.54489190396091,6.719555844988014,4,7,7,coverage_validated_cumulative_scores_uncalibrated,,unavailable,,0,0
2026-10-08,前橋,9,092220261008,1791469800,1791469500,5,3,014378,加賀山淳,逃,91.66,,,,,0.1309928334251384,0.0628444394976469,0.08316650154440394,0.16318437370005304,position_specialists,0.06284443949764688,False,,,S,0.3329999999999999,0.5,,,-0.13313554937502411,0.0,-0.22580737520014615,0.03832330345101514,0.0004875632349576902,,0,,,0,,cumulative_place,,,False,,,,0,missing,winticket_line_prediction,provider_forecast_structure_only,6.28444394976469,8.316650154440394,16.318437370005306,5,4,3,coverage_validated_cumulative_scores_uncalibrated,,unavailable,,0,0
2026-10-08,前橋,9,092220261008,1791469800,1791469500,6,6,014818,田口裕一,追,87.82,,,,,0.015359211292931385,0.008646112717033406,0.07067479258742576,0.08554337905657855,position_specialists,0.008646112717033404,False,,,S,0.29,0.5,,,-0.0008424328844346789,0.0,-0.01320696903722382,-0.03077477398339093,0.0023077993121330713,,0,,,0,,cumulative_place,,,False,,,,0,missing,winticket_line_prediction,provider_forecast_structure_only,0.8646112717033406,7.067479258742576,8.554337905657857,6,5,5,coverage_validated_cumulative_scores_uncalibrated,,unavailable,,0,0
2026-10-08,前橋,9,092220261008,1791469800,1791469500,7,7,015107,田頭寛之,両,85.14,,,,,0.01579185019128241,0.005717988496662856,0.06700773621398876,0.085038827038768,position_specialists,0.005717988496662855,False,,,S,0.19,0.285,,,-0.13674377974657514,0.0,-0.1447905810755169,-0.03077477398339093,0.001170151763898458,,0,,,0,,cumulative_place,,,False,,,,0,missing,winticket_line_prediction,provider_forecast_structure_only,0.5717988496662856,6.700773621398875,8.503882703876801,7,6,6,coverage_validated_cumulative_scores_uncalibrated,,unavailable,,0,0
