date,venue,race_no,race_id,start_at,close_at,rank_in_race,car_no,player_id,style,score,odds_win,p_win,nexus_form_adj,nexus_line_adj,nexus_style_adj,nexus_condition_adj,nexus_uncertainty,expected_value_win,stake_yen,win_return_yen,win_profit_yen,loss_amount_yen,expected_profit_yen
2026-09-28,青森,1,011220260928,1790551800,1790551500,1,1,015175,逃,82.38,,0.4416803538038236,0.22442512426434721,0.18207793331114275,0.05813776741499453,-0.04009529352496297,0.0,,0,,,0,
2026-09-28,青森,1,011220260928,1790551800,1790551500,2,4,013775,追,84.83,,0.3363897421978634,-0.5890306758909196,0.44536229118485704,-0.035777087639996624,0.1354418197224224,0.0,,0,,,0,
2026-09-28,青森,1,011220260928,1790551800,1790551500,3,5,014364,追,83.75,,0.10551719653038295,0.46765819452622587,-0.14811005612399994,0.084970583144992,-0.020708383695718063,0.0,,0,,,0,
2026-09-28,青森,1,011220260928,1790551800,1790551500,4,2,014070,追,84.77,,0.08699681645459019,0.5541512502269077,-0.14811005612399994,0.0447213595499958,-0.015169266601648095,0.0,,0,,,0,
2026-09-28,青森,1,011220260928,1790551800,1790551500,5,6,013925,追,80.3,,0.018209419808757173,-0.010827628875975104,-0.14811005612399994,-0.07602631123499284,-0.019373582375130313,0.0,,0,,,0,
2026-09-28,青森,1,011220260928,1790551800,1790551500,6,3,014522,追,82.24,,0.011206471204582728,-0.6463762642505906,-0.09811005612399995,-0.07602631123499284,-0.04009529352496297,0.0,,0,,,0,
2026-09-28,青森,2,021220260928,1790553000,1790552700,1,1,014980,両,89.46,,0.9402785681978262,0.8582538473735097,0.22666462594301884,0.15083250160437717,0.12463619355910995,0.0,,0,,,0,
2026-09-28,青森,2,021220260928,1790553000,1790552700,2,5,013907,追,83.66,,0.037869761291069164,-0.6841104759697682,0.4063697880405549,-0.024103006489196506,0.0044715272917994625,0.0,,0,,,0,
2026-09-28,青森,2,021220260928,1790553000,1790552700,3,3,013621,追,82.14,,0.009721429757946336,0.3778219636860644,-0.18686118454466144,-0.024103006489196506,-0.034726827379695804,0.0,,0,,,0,
2026-09-28,青森,2,021220260928,1790553000,1790552700,4,4,014362,追,81.33,,0.005541758875192534,0.08881738285706192,-0.18686118454466144,-0.08473794480598586,-0.034726827379695804,0.0,,0,,,0,
2026-09-28,青森,2,021220260928,1790553000,1790552700,5,2,013112,追,82.4,,0.004441148892973327,-0.06629330955740827,-0.062156022447125404,-0.054420475647591185,-0.034726827379695804,0.0,,0,,,0,
2026-09-28,青森,2,021220260928,1790553000,1790552700,6,6,013036,追,80.16,,0.002147332984992394,-0.5744894083894602,-0.062156022447125404,0.03653193182759286,-0.024927238711821988,0.0,,0,,,0,
2026-09-28,青森,3,031220260928,1790554260,1790553960,1,3,013188,追,89.0,,0.7846442967159467,0.38050985312468055,0.21812391088207023,0.08475448800027521,0.013581574824240775,0.0,,0,,,0,
2026-09-28,青森,3,031220260928,1790554260,1790553960,2,2,014651,両,83.7,,0.12634802506335963,0.44083149712351405,0.3747876732342574,0.08475448800027521,0.06489233842886676,0.0,,0,,,0,
2026-09-28,青森,3,031220260928,1790554260,1790553960,3,7,015181,逃,81.39,,0.03243637950248707,-0.011480888131305454,-0.05041594058804677,-0.011134557609341011,0.040115006349502394,0.0,,0,,,0,
2026-09-28,青森,3,031220260928,1790554260,1790553960,4,5,013857,追,82.74,,0.02361229876698948,0.3391609794100339,-0.10583188117609357,-0.03002836670564256,0.040115006349502394,0.0,,0,,,0,
2026-09-28,青森,3,031220260928,1790554260,1790553960,5,1,014224,追,83.64,,0.01785719776599278,0.16831176622364566,-0.21395579205816373,-0.04915884248996219,-0.026666486449024217,0.0,,0,,,0,
2026-09-28,青森,3,031220260928,1790554260,1790553960,6,4,013006,追,81.51,,0.012849507319903404,-0.3450307659334039,0.1854159405880468,-0.03002836670564256,-0.06601871975154408,0.0,,0,,,0,
2026-09-28,青森,3,031220260928,1790554260,1790553960,7,6,013839,追,79.06,,0.0022522948653209826,-0.9723024418171643,0.021876089117929834,-0.04915884248996219,-0.06601871975154408,0.0,,0,,,0,
2026-09-28,青森,4,041220260928,1790555520,1790555220,1,1,014858,逃,90.03,,0.5922469597103508,0.61782459398526,0.49692309979586813,0.13337242245942507,0.005033753700620526,0.0,,0,,,0,
2026-09-28,青森,4,041220260928,1790555520,1790555220,2,3,014452,追,88.75,,0.27573608044291736,0.6998716945165694,0.041695553211421724,-0.027632027068012738,0.009304817446601582,0.0,,0,,,0,
2026-09-28,青森,4,041220260928,1790555520,1790555220,3,7,015795,逃,87.83,,0.08832703951001918,0.03526525771942392,0.07605092461482371,-0.031135465828763413,-0.018457096902275264,0.0,,0,,,0,
2026-09-28,青森,4,041220260928,1790555520,1790555220,4,5,014579,逃,84.44,,0.02273016662036582,-0.7784842552805975,0.08534128270838384,0.035702284385623284,0.011440349319592105,0.0,,0,,,0,
2026-09-28,青森,4,041220260928,1790555520,1790555220,5,2,013233,両,83.66,,0.011991178003479914,0.13573442230242833,-0.2054983858177397,-0.025921399510422168,0.017846944938563685,0.0,,0,,,0,
2026-09-28,青森,4,041220260928,1790555520,1790555220,6,4,014277,追,85.19,,0.0055873523887964025,-0.21078441720736282,-0.1554983858177397,-0.027632027068012738,-0.02593145845774211,0.0,,0,,,0,
2026-09-28,青森,4,041220260928,1790555520,1790555220,7,6,012875,追,79.85,,0.0033812233240704927,-0.4994272960357221,-0.09401408869501815,-0.056753787369837265,0.0007626899546394741,0.0,,0,,,0,
2026-09-28,青森,5,051220260928,1790556780,1790556480,1,3,014731,追,88.61,,0.5119824564384491,0.8382545875020999,0.10674821687101838,0.05831129956321957,-0.027383907780009355,0.0,,0,,,0,
2026-09-28,青森,5,051220260928,1790556780,1790556480,2,2,014591,両,88.04,,0.265083858291286,0.4025262256696403,0.2800356625796317,0.06926575071332289,0.07129240826279563,0.0,,0,,,0,
2026-09-28,青森,5,051220260928,1790556780,1790556480,3,1,013902,追,84.74,,0.07517993111589374,-0.27796991606632465,0.22270131924960723,-0.06929386068932242,0.06054649324297652,0.0,,0,,,0,
2026-09-28,青森,5,051220260928,1790556780,1790556480,4,5,014525,追,87.66,,0.07248984495239755,-0.09436800626515665,0.24589193972532503,0.03704377285446257,-0.053653345028137324,0.0,,0,,,0,
2026-09-28,青森,5,051220260928,1790556780,1790556480,5,4,015350,逃,87.0,,0.0549941338552136,-0.21319986411508637,0.02493883734673618,0.017058997328604865,0.0625672191851402,0.0,,0,,,0,
2026-09-28,青森,5,051220260928,1790556780,1790556480,6,7,013668,逃,80.96,,0.015416158735353222,-0.08040614196610506,-0.16058612645900605,-0.021824572372208022,-0.06779842662328316,0.0,,0,,,0,
2026-09-28,青森,5,051220260928,1790556780,1790556480,7,6,015156,両,79.03,,0.004853616611406843,-0.574836884759069,-0.2897298493133127,-0.09056138739807942,-0.045570441259482564,0.0,,0,,,0,
2026-09-28,青森,6,061220260928,1790558040,1790557740,1,7,015704,逃,90.88,,0.6920673068979363,0.4873634276662454,0.2987057612924635,0.07737198117742392,0.07408090322670993,0.0,,0,,,0,
2026-09-28,青森,6,061220260928,1790558040,1790557740,2,5,012826,追,96.63,,0.09056407163796876,-0.8662240169058016,-0.012396021936482926,-0.06591325534870432,-0.05408229168197448,0.0,,0,,,0,
2026-09-28,青森,6,061220260928,1790558040,1790557740,3,2,014797,逃,84.3,,0.08795328591584299,0.2492729277746914,0.147396021936483,-0.013351458911128579,-0.008095215642087934,0.0,,0,,,0,
2026-09-28,青森,6,061220260928,1790558040,1790557740,4,4,013910,追,85.43,,0.04578805992957711,-0.09811135360935182,0.17674115225849274,0.07323046750560232,0.043134673065609856,0.0,,0,,,0,
2026-09-28,青森,6,061220260928,1790558040,1790557740,5,3,013308,追,88.28,,0.04453943249221033,0.4891520515568577,-0.05022345677547807,-0.0891038758244221,0.02708773176019232,0.0,,0,,,0,
2026-09-28,青森,6,061220260928,1790558040,1790557740,6,6,014988,逃,82.61,,0.03148536145087086,0.07344627359475826,0.10956858709748787,-0.009083085152938073,-0.015227189555606837,0.0,,0,,,0,
2026-09-28,青森,6,061220260928,1790558040,1790557740,7,1,014383,追,83.8,,0.007602481675593786,-0.3348993100773975,-0.2397920438729659,0.02684922655416677,-0.06689861117284293,0.0,,0,,,0,
2026-09-28,青森,7,071220260928,1790559300,1790559000,1,3,015415,逃,95.21,,0.8699222594127183,0.9637198741806949,0.2690534027798883,0.056600440017011956,-0.029416859040962737,0.0,,0,,,0,
2026-09-28,青森,7,071220260928,1790559300,1790559000,2,6,015882,逃,85.74,,0.028905159849029603,-0.09724595092101881,0.311700641382608,-0.06891444244818493,0.10030487441917917,0.0,,0,,,0,
2026-09-28,青森,7,071220260928,1790559300,1790559000,3,4,013901,追,95.12,,0.024536688117947302,0.3429776539165878,-0.10155477594518827,0.03875030753506831,-0.06833838902352131,0.0,,0,,,0,
2026-09-28,青森,7,071220260928,1790559300,1790559000,4,5,015423,両,90.85,,0.02446670892849125,0.0988503271717329,-0.24014311910682,0.008115342438850072,0.055097044596624054,0.0,,0,,,0,
2026-09-28,青森,7,071220260928,1790559300,1790559000,5,2,015344,両,92.15,,0.02290750356479948,-0.9429432908175268,0.2690534027798883,-0.019102228430554806,-0.01988709836908632,0.0,,0,,,0,
2026-09-28,青森,7,071220260928,1790559300,1790559000,6,1,015602,逃,91.33,,0.02004499871001793,-0.4389720480302643,-0.11155477594518827,-0.05419972664725895,-0.0359037807047225,0.0,,0,,,0,
2026-09-28,青森,7,071220260928,1790559300,1790559000,7,7,015331,追,94.19,,0.009216681416996067,0.07361343449979657,-0.10155477594518827,0.03875030753506831,-0.0018557918775104106,0.0,,0,,,0,
2026-09-28,広島,1,016220260928,1790559900,1790559600,1,2,015937,逃,83.95,,0.44705823059031485,0.4071682697016261,0.31948907896233686,0.022439785405165717,0.09362046418171832,0.0,,0,,,0,
2026-09-28,広島,1,016220260928,1790559900,1790559600,2,3,015279,逃,87.54,,0.2066664407154155,0.11786386654492209,0.053061134870292126,0.005963577055409754,-0.04372261144189733,0.0,,0,,,0,
2026-09-28,広島,1,016220260928,1790559900,1790559600,3,5,013589,追,88.53,,0.15894993720674913,0.2512116600967353,-0.010209145608894021,0.054304983163734416,-0.05618561015710521,0.0,,0,,,0,
2026-09-28,広島,1,016220260928,1790559900,1790559600,4,1,014353,両,85.56,,0.11066039057792598,0.053851706719744714,0.19328636860294718,0.09179601794864037,0.06335318158764205,0.0,,0,,,0,
2026-09-28,広島,1,016220260928,1790559900,1790559600,5,7,014116,追,86.0,,0.06084933803218986,-0.11959320894729886,-0.03825419235542504,-0.05816812119098343,-0.025834964310919264,0.0,,0,,,0,
2026-09-28,広島,1,016220260928,1790559900,1790559600,6,4,013556,追,81.0,,0.011724543091190769,-0.43137594925080675,-0.014983911876238919,-0.020677086406077478,0.03207686384921403,0.0,,0,,,0,
2026-09-28,広島,1,016220260928,1790559900,1790559600,7,6,013453,追,79.44,,0.00409111978621382,-0.27912634486492127,-0.12238933259501808,-0.09565915597588938,-0.06330732370865257,0.0,,0,,,0,
2026-09-28,武雄,1,018420260928,1790560380,1790560080,1,2,012336,両,85.44,,0.5953298638167636,0.4945267863691864,0.25410771631212575,0.137122718115781,0.05153094580843476,0.0,,0,,,0,
2026-09-28,武雄,1,018420260928,1790560380,1790560080,2,3,015622,追,84.27,,0.13968866870637484,0.8482705353764337,0.011314674403579264,0.01029741293984211,-0.05474840900513403,0.0,,0,,,0,
2026-09-28,武雄,1,018420260928,1790560380,1790560080,3,4,014304,追,85.91,,0.12957448239990588,0.16605131264036907,0.2286853255964208,-0.053382822720785775,0.007701063032200335,0.0,,0,,,0,
2026-09-28,武雄,1,018420260928,1790560380,1790560080,4,1,013374,追,84.83,,0.09267830804715077,-0.06525083101366949,0.07652586976143175,-0.053382822720785775,-0.05474840900513403,0.0,,0,,,0,
2026-09-28,武雄,1,018420260928,1790560380,1790560080,5,7,015459,逃,80.7,,0.0238774954228147,-0.02282679299548243,-0.11542239071570488,-0.041396008192103845,-0.04547053138593674,0.0,,0,,,0,
2026-09-28,武雄,1,018420260928,1790560380,1790560080,6,5,014359,追,84.14,,0.010763039484690736,-0.20501082070090443,-0.25758184655069394,0.01029741293984211,-0.027970670841411013,0.0,,0,,,0,
2026-09-28,武雄,1,018420260928,1790560380,1790560080,7,6,015209,逃,76.0,,0.008088142122299614,-1.2157601896759325,0.23237065119284162,-0.009555890361789905,0.12370601139698073,0.0,,0,,,0,
2026-09-28,岸和田,1,015620260928,1790560860,1790560560,1,1,012546,追,86.5,,0.7329925446073116,0.7109307410970165,0.4084558924034761,0.07209051143298656,0.01717470018397688,0.0,,0,,,0,
2026-09-28,岸和田,1,015620260928,1790560860,1790560560,2,4,015810,逃,81.81,,0.14763540697207542,0.779052979038195,0.004911387374269849,-0.013568105048932022,-0.006942963904160865,0.0,,0,,,0,
2026-09-28,岸和田,1,015620260928,1790560860,1790560560,3,6,015237,逃,85.03,,0.08352587271080893,0.013980056903871954,-0.13597473888303171,0.06566991940116251,0.01717470018397688,0.0,,0,,,0,
2026-09-28,岸和田,1,015620260928,1790560860,1790560560,4,2,013580,追,81.24,,0.020255216933525673,-0.15777369188663337,0.009025261116968289,-0.006467929051970703,-0.017905538489678022,0.0,,0,,,0,
2026-09-28,岸和田,1,015620260928,1790560860,1790560560,5,3,013468,両,78.83,,0.013020142988906226,-0.5856678439702752,-0.07544306312865078,-0.04840971529330983,0.008404640515563153,0.0,,0,,,0,
2026-09-28,岸和田,1,015620260928,1790560860,1790560560,6,5,013219,追,77.85,,0.0025708157873722006,-0.7605222411821734,0.009025261116968289,-0.0693146814399365,-0.017905538489678022,0.0,,0,,,0,
2026-09-28,広島,2,026220260928,1790561340,1790561040,1,7,015548,逃,85.68,,0.44152793883039354,0.3149652667173828,0.03284366067865825,0.13758433210614124,-0.05019659744561447,0.0,,0,,,0,
2026-09-28,広島,2,026220260928,1790561340,1790561040,2,2,013014,追,88.0,,0.2177458497788575,0.3024098700165345,0.33769266027963063,-0.01739304417321795,-0.033529405852831026,0.0,,0,,,0,
2026-09-28,広島,2,026220260928,1790561340,1790561040,3,1,014410,追,84.42,,0.1426071001837154,0.046504914681041405,-0.08698646387243558,-0.06759264576526249,-0.05644679429290826,0.0,,0,,,0,
2026-09-28,広島,2,026220260928,1790561340,1790561040,4,5,015056,追,86.43,,0.1073319969000193,0.018448223998862368,-0.0670808391218279,0.05379816245546894,-0.018945613209145517,0.0,,0,,,0,
2026-09-28,広島,2,026220260928,1790561340,1790561040,5,3,012603,追,80.08,,0.07351357236194045,0.1511589136635606,0.4126360351299952,-0.01739304417321795,0.11416994842543149,0.0,,0,,,0,
2026-09-28,広島,2,026220260928,1790561340,1790561040,6,6,014366,逃,78.18,,0.010476207350617751,-0.45447755801001766,-0.017118589221584803,-0.08000735829135079,0.05484857115306309,0.0,,0,,,0,
2026-09-28,広島,2,026220260928,1790561340,1790561040,7,4,014782,追,80.76,,0.00679733459445615,-0.379009631067364,-0.18198646387243558,-0.008996402158561009,-0.009900108777995364,0.0,,0,,,0,
2026-09-28,武雄,2,028420260928,1790561820,1790561520,1,5,014612,追,88.87,,0.7006882291865236,0.554335447368212,0.05381333852426626,0.07444061326339224,0.005842423914415648,0.0,,0,,,0,
2026-09-28,武雄,2,028420260928,1790561820,1790561520,2,2,015131,逃,84.79,,0.10456816739989819,-0.3143542295027726,0.0463515764885054,-0.020666355103562687,0.09556391312292514,0.0,,0,,,0,
2026-09-28,武雄,2,028420260928,1790561820,1790561520,3,1,013970,両,82.0,,0.07632949229037225,0.007504659535882915,0.1269670169974456,-0.00735138148352934,-0.02654414835597053,0.0,,0,,,0,
2026-09-28,武雄,2,028420260928,1790561820,1790561520,4,4,015515,両,81.41,,0.06258302751193857,0.39991533981451566,0.14388981445274457,0.06088787051501871,-0.04602433402671488,0.0,,0,,,0,
2026-09-28,武雄,2,028420260928,1790561820,1790561520,5,6,015924,逃,78.62,,0.026028664969079046,-0.6055104449884594,0.2901971713991032,-0.020428585975222513,-0.026993098894861522,0.0,,0,,,0,
2026-09-28,武雄,2,028420260928,1790561820,1790561520,6,3,014315,両,82.4,,0.022314198639502257,-0.7175159151736936,0.10258245750638587,0.010141507515333832,0.06892018393833044,0.0,,0,,,0,
2026-09-28,武雄,2,028420260928,1790561820,1790561520,7,7,013298,追,80.09,,0.007488220002686075,0.6756251429463146,-0.33380137536845106,-0.0970236687314302,-0.07076493969812425,0.0,,0,,,0,
2026-09-28,岸和田,2,025620260928,1790562300,1790562000,1,4,014314,逃,86.85,,0.49662712382144664,0.41258983591560683,0.13226398107786425,0.10289497173358755,0.11966727349567957,0.0,,0,,,0,
2026-09-28,岸和田,2,025620260928,1790562300,1790562000,2,2,015414,両,85.58,,0.2910778964899165,0.26366168187962796,0.3566048197788124,0.09966414996478169,0.0010429646832809635,0.0,,0,,,0,
2026-09-28,岸和田,2,025620260928,1790562300,1790562000,3,1,014598,追,81.12,,0.16210112428241277,0.4120838136314099,0.1120498995879414,-0.05103851727114866,-0.044266857935806786,0.0,,0,,,0,
2026-09-28,岸和田,2,025620260928,1790562300,1790562000,4,5,015481,逃,81.16,,0.03153055042296774,0.5208238585809498,-0.17207685762308395,0.02269740546241359,-0.030940439518428037,0.0,,0,,,0,
2026-09-28,岸和田,2,025620260928,1790562300,1790562000,5,7,013143,追,79.0,,0.012691448615107922,0.0002453322921380646,0.0703118724246338,-0.10019579909352348,-0.044266857935806786,0.0,,0,,,0,
2026-09-28,岸和田,2,025620260928,1790562300,1790562000,6,3,013646,追,79.71,,0.0030046565578442513,-1.1135320553012482,-0.13207685762308397,-0.07214097534733692,-0.036271006885379535,0.0,,0,,,0,
2026-09-28,岸和田,2,025620260928,1790562300,1790562000,7,6,012717,追,77.53,,0.0029671998103041647,-0.495872466998485,-0.12207685762308396,-0.0018812354487738221,0.03503492409646063,0.0,,0,,,0,
2026-09-28,広島,3,036220260928,1790562780,1790562480,1,5,015869,逃,91.38,,0.94964202939701,0.6756238852057982,0.4408758535950914,0.07772731119606599,0.13571001436479024,0.0,,0,,,0,
2026-09-28,広島,3,036220260928,1790562780,1790562480,2,3,013535,追,87.52,,0.029588571544131876,0.2455872473617725,0.05540700421051313,0.02115876870114217,0.017807959910479454,0.0,,0,,,0,
2026-09-28,広島,3,036220260928,1790562780,1790562480,3,4,013493,追,83.57,,0.0059380538516242126,-0.1763925450087459,0.09372488306868333,0.0760712865398337,0.03216559934459665,0.0,,0,,,0,
2026-09-28,広島,3,036220260928,1790562780,1790562480,4,1,014597,追,84.03,,0.005842789057126672,-0.18233957424758887,0.10138845884031734,0.02115876870114217,-0.04570252331476906,0.0,,0,,,0,
2026-09-28,広島,3,036220260928,1790562780,1790562480,5,2,015735,逃,82.83,,0.005034912502977425,-0.17848404574229057,-0.026602268474584752,-0.03292573680943321,-0.05583790187825375,0.0,,0,,,0,
2026-09-28,広島,3,036220260928,1790562780,1790562480,6,7,015101,逃,81.5,,0.002518912225476555,-0.17836069186702924,-0.10323802619092509,-0.07452413135250993,-0.028305246548589784,0.0,,0,,,0,
2026-09-28,広島,3,036220260928,1790562780,1790562480,7,6,014083,追,80.55,,0.0014347314216531016,-0.20563427570191709,-0.13155590504909528,-0.08866626697624089,-0.05583790187825375,0.0,,0,,,0,
2026-09-28,武雄,3,038420260928,1790563260,1790562960,1,1,015922,逃,90.86,,0.39671641415726655,0.6298338638960158,0.06258243012425399,-0.03392585093608108,0.051142711436913124,0.0,,0,,,0,
2026-09-28,武雄,3,038420260928,1790563260,1790562960,2,7,015719,逃,92.33,,0.18166422463535356,-0.2928081865718576,0.0359362692546718,0.013299118715951283,-0.07353987180894511,0.0,,0,,,0,
2026-09-28,武雄,3,038420260928,1790563260,1790562960,3,2,015003,両,91.5,,0.11112093254399981,-0.9396337089281429,0.04767470621113387,0.021285894716709625,-0.07353987180894511,0.0,,0,,,0,
2026-09-28,武雄,3,038420260928,1790563260,1790562960,4,3,015888,逃,85.7,,0.10880547014776121,0.23799151427303505,0.3556901996896588,-0.09044962436549046,0.0724862911154639,0.0,,0,,,0,
2026-09-28,武雄,3,038420260928,1790563260,1790562960,5,6,014340,両,85.51,,0.10188285614280125,0.16166107170043467,0.19422859099383627,0.04987799240135834,0.04943522506262907,0.0,,0,,,0,
2026-09-28,武雄,3,038420260928,1790563260,1790562960,6,5,013827,追,88.08,,0.06349073509634912,0.16243208500987258,-0.005617615528030612,0.019956234733776137,0.024676672635510183,0.0,,0,,,0,
2026-09-28,武雄,3,038420260928,1790563260,1790562960,7,4,012981,追,89.17,,0.0363193672764684,0.04052336062063809,-0.2604945807455241,0.019956234733776137,-0.05066115663262604,0.0,,0,,,0,
2026-09-28,岸和田,3,035620260928,1790563740,1790563440,1,3,013296,追,87.13,,0.6540304544302935,0.9910079989655629,0.24727922061357854,0.0014960087633557485,-0.010813611651488803,0.0,,0,,,0,
2026-09-28,岸和田,3,035620260928,1790563740,1790563440,2,5,015737,逃,86.44,,0.17463635605530456,0.11982255582551209,0.18470562748477137,0.08703877636082843,-0.03646165793529643,0.0,,0,,,0,
2026-09-28,岸和田,3,035620260928,1790563740,1790563440,3,6,013285,追,80.16,,0.10886994822625806,0.2413861435094642,0.28970562748477136,0.0014960087633557485,0.040520333066250885,0.0,,0,,,0,
2026-09-28,岸和田,3,035620260928,1790563740,1790563440,4,2,014941,逃,80.2,,0.027076263860868078,-0.4677473455029335,0.16349242404917497,-0.06321386849261007,0.12295197903329631,0.0,,0,,,0,
2026-09-28,岸和田,3,035620260928,1790563740,1790563440,5,4,014390,追,88.06,,0.022356968675541808,-0.6222697590275863,-0.20834523779156067,0.0954108638183469,-0.05774131326021395,0.0,,0,,,0,
2026-09-28,岸和田,3,035620260928,1790563740,1790563440,6,1,013196,追,83.88,,0.007262683369216765,-0.10261638451216053,-0.20834523779156067,-0.06111389460663836,-0.055968008649804155,0.0,,0,,,0,
2026-09-28,岸和田,3,035620260928,1790563740,1790563440,7,7,013652,追,82.31,,0.005767325382517114,-0.1595832092578655,-0.12349242404917499,-0.06111389460663836,-0.0024877206027438467,0.0,,0,,,0,
2026-09-28,広島,4,046220260928,1790564220,1790563920,1,1,015907,逃,92.74,,0.9520067116903073,0.5424513559988353,0.43931026555093583,0.14667973207048135,0.11147869365400603,0.0,,0,,,0,
2026-09-28,広島,4,046220260928,1790564220,1790563920,2,4,015662,逃,83.88,,0.01953965609886246,0.22309285759786596,-0.07062887889130331,0.051974322754725674,0.0841364032028428,0.0,,0,,,0,
2026-09-28,広島,4,046220260928,1790564220,1790563920,3,5,012760,追,86.75,,0.014820236979839667,0.06553051306353389,0.10594152734620393,0.00613444802659154,-0.03879437041414306,0.0,,0,,,0,
2026-09-28,広島,4,046220260928,1790564220,1790563920,4,3,013817,追,85.71,,0.007703536911376832,0.11600132645078047,0.03437112110869668,0.00613444802659154,-0.014429095015023739,0.0,,0,,,0,
2026-09-28,広島,4,046220260928,1790564220,1790563920,5,6,014816,逃,80.52,,0.0038906775631604397,-0.29053687877407314,0.027780429685269153,-0.033717567641314866,-0.04746387714256067,0.0,,0,,,0,
2026-09-28,広島,4,046220260928,1790564220,1790563920,6,7,013294,追,81.43,,0.0011541212982923725,-0.26815122685783777,-0.10536038278974533,-0.07807634276907884,-0.04746387714256067,0.0,,0,,,0,
2026-09-28,広島,4,046220260928,1790564220,1790563920,7,2,012882,追,80.55,,0.00088505945816103,-0.3883879474791044,-0.0014140820100569523,-0.09912904046799642,-0.04746387714256067,0.0,,0,,,0,
2026-09-28,武雄,4,048420260928,1790564700,1790564400,1,1,015911,逃,92.16,,0.8278662736294173,1.0571609716350503,0.41383666447746104,0.0546004517954453,0.06150068293961169,0.0,,0,,,0,
2026-09-28,武雄,4,048420260928,1790564700,1790564400,2,3,015434,逃,93.04,,0.06160290215582989,-0.3871402865884829,0.0025363542350793303,0.0615286572789604,0.008480515372653926,0.0,,0,,,0,
2026-09-28,武雄,4,048420260928,1790564700,1790564400,3,5,014748,追,88.72,,0.048877031508692576,0.16901687902433077,0.10753635423507933,0.06646980310669318,0.09979894231615727,0.0,,0,,,0,
2026-09-28,武雄,4,048420260928,1790564700,1790564400,4,4,013382,追,88.43,,0.03092289420265021,0.09100804665627704,0.08260906270523802,0.007335073044237745,-0.04614413374534174,0.0,,0,,,0,
2026-09-28,武雄,4,048420260928,1790564700,1790564400,5,2,013445,追,91.14,,0.0246449846517468,0.3927296289150032,0.02029083388063474,-0.05179965701821769,-0.04614413374534174,0.0,,0,,,0,
2026-09-28,武雄,4,048420260928,1790564700,1790564400,6,7,014715,逃,85.82,,0.004835143950525595,-0.75377916164802,0.015,-0.06662309450141604,-0.014471625234761955,0.0,,0,,,0,
2026-09-28,武雄,4,048420260928,1790564700,1790564400,7,6,014530,追,85.7,,0.0012507699011375655,-0.5689960779941556,-0.21180926953349255,-0.07151123370570284,-0.0630202479029775,0.0,,0,,,0,
2026-09-28,岸和田,4,045620260928,1790565180,1790564880,1,1,015633,逃,88.22,,0.35699013446336225,-0.4174929526860986,0.17873756028859783,0.08862476141102368,0.0017034253614522932,0.0,,0,,,0,
2026-09-28,岸和田,4,045620260928,1790565180,1790564880,2,5,013859,追,85.2,,0.19798318985821609,0.5672138788931874,0.029034688728556773,-0.041908445143097675,-0.04771289256151946,0.0,,0,,,0,
2026-09-28,岸和田,4,045620260928,1790565180,1790564880,3,7,013641,追,84.64,,0.19730486441419753,-0.08861305484774767,0.1351608852119072,0.08134878384412098,-0.03630912688698752,0.0,,0,,,0,
2026-09-28,岸和田,4,045620260928,1790565180,1790564880,4,2,015294,追,87.66,,0.141697983022337,-0.06476363232870955,0.3191520943102935,0.04026304084838143,0.10763594222194865,0.0,,0,,,0,
2026-09-28,岸和田,4,045620260928,1790565180,1790564880,5,3,014438,逃,82.16,,0.06002282789207466,0.3067362961108875,-0.044127452326438096,-0.022882636180623788,0.053002788476347075,0.0,,0,,,0,
2026-09-28,岸和田,4,045620260928,1790565180,1790564880,6,4,015419,両,84.5,,0.04466482409141877,0.7141418038802299,-0.1614788881064586,-0.062451316640967446,-0.03820975449940951,0.0,,0,,,0,
2026-09-28,岸和田,4,045620260928,1790565180,1790564880,7,6,013581,追,77.24,,0.0013361762583936783,-1.0172223390217479,-0.1614788881064586,-0.08299418813883723,-0.0401103821118315,0.0,,0,,,0,
2026-09-28,広島,5,056220260928,1790565660,1790565360,1,1,015928,逃,95.3,,0.7688039046478546,0.37574037625191936,0.41645020709764613,0.057425848383365674,0.14352456082212592,0.0,,0,,,0,
2026-09-28,広島,5,056220260928,1790565660,1790565360,2,5,012895,両,93.29,,0.0786826149155864,-0.07582647911119814,0.09812611051070516,0.0038339729510904683,-0.006216744828020552,0.0,,0,,,0,
2026-09-28,広島,5,056220260928,1790565660,1790565360,3,3,015626,逃,93.88,,0.05360673043641511,0.0034732820516877273,-0.042901472177545114,-0.014127689056491217,-0.04562569910002418,0.0,,0,,,0,
2026-09-28,広島,5,056220260928,1790565660,1790565360,4,2,012421,追,101.0,,0.035764744547590384,-0.20602340060457153,-0.054991115914358596,-0.13621668218178282,-0.05310711014917778,0.0,,0,,,0,
2026-09-28,広島,5,056220260928,1790565660,1790565360,5,7,014461,逃,92.36,,0.02221338064810041,-0.12377767177759583,0.020146797526892885,0.018697342270335975,0.01824588126225519,0.0,,0,,,0,
2026-09-28,広島,5,056220260928,1790565660,1790565360,6,6,014404,両,88.76,,0.02125903885686111,-0.18808612277490605,0.14316058887101804,0.07245670946859395,-0.0030336495807850618,0.0,,0,,,0,
2026-09-28,広島,5,056220260928,1790565660,1790565360,7,4,013959,追,94.03,,0.019669585947591908,0.2145000159646618,-0.1499911159143586,-0.00206950183511204,-0.05378723842637356,0.0,,0,,,0,
2026-09-28,武雄,5,058420260928,1790566140,1790565840,1,2,014679,両,96.7,,0.877042498521345,0.9030644769902405,0.40651924104337106,0.07111620575730403,0.02909286827258562,0.0,,0,,,0,
2026-09-28,武雄,5,058420260928,1790566140,1790565840,2,1,013711,両,90.73,,0.04842266412331506,0.32108687290579996,0.2046954975183698,0.01152929059122863,0.013819112429478168,0.0,,0,,,0,
2026-09-28,武雄,5,058420260928,1790566140,1790565840,3,5,015640,逃,92.45,,0.04420745923041577,0.055507051027525296,0.13553568071479746,-0.0137093241913928,0.00024244056893821635,0.0,,0,,,0,
2026-09-28,武雄,5,058420260928,1790566140,1790565840,4,3,014657,追,93.13,,0.02251454466546932,-0.6054348445297372,0.03305623030408046,-0.020417323117886833,-0.00994006332646675,0.0,,0,,,0,
2026-09-28,武雄,5,058420260928,1790566140,1790565840,5,7,014850,両,87.63,,0.006542312323544819,0.3254565962705965,-0.14493554986020635,0.081447639397373,-0.004848811378764266,0.0,,0,,,0,
2026-09-28,武雄,5,058420260928,1790566140,1790565840,6,4,014586,追,84.22,,0.0008156454899266764,-0.3184052310034974,-0.14493554986020635,-0.0458835637467018,-0.011637147309034245,0.0,,0,,,0,
2026-09-28,武雄,5,058420260928,1790566140,1790565840,7,6,012944,追,79.91,,0.0004548756459833814,-0.6812749216609271,-0.19493554986020634,-0.08408292468992425,-0.016728399256736727,0.0,,0,,,0,
2026-09-28,岸和田,5,055620260928,1790566620,1790566320,1,3,014966,両,52.85,,0.5874874403457534,0.7320724833576585,-0.025,0.11407608244314546,-0.007574540007586124,0.0,,0,,,0,
2026-09-28,岸和田,5,055620260928,1790566620,1790566320,2,6,016034,両,52.38,,0.2937085172839065,0.7337306679462567,-0.025,0.030699464070451737,-0.007574540007586124,0.0,,0,,,0,
2026-09-28,岸和田,5,055620260928,1790566620,1790566320,3,2,015777,両,49.64,,0.08456139888082416,0.22239428116146592,-0.025,0.03942123790911323,0.10941853762218112,0.0,,0,,,0,
2026-09-28,岸和田,5,055620260928,1790566620,1790566320,4,4,015310,両,48.97,,0.0278789703696389,-0.1509881271434753,-0.025,0.005494422557947561,-0.01043637351095614,0.0,,0,,,0,
2026-09-28,岸和田,5,055620260928,1790566620,1790566320,5,5,015317,両,47.86,,0.004593108963658071,-0.5737411447262359,-0.025,-0.06964056197782481,-0.04191654204802636,0.0,,0,,,0,
2026-09-28,岸和田,5,055620260928,1790566620,1790566320,6,1,015145,両,46.4,,0.0017705641562189842,-0.9634681605956685,-0.025,-0.12005064500283316,-0.04191654204802636,0.0,,0,,,0,
2026-09-28,広島,6,066220260928,1790567160,1790566860,1,1,016030,両,58.18,,0.9416580313725531,0.5648310207394824,-0.025,0.029671199622097556,0.1570594784602828,0.0,,0,,,0,
2026-09-28,広島,6,066220260928,1790567160,1790566860,2,4,015955,両,53.8,,0.025163034739942285,0.19497480940819184,-0.025,0.03220750582050692,-0.02034384582346524,0.0,,0,,,0,
2026-09-28,広島,6,066220260928,1790567160,1790566860,3,6,015504,両,54.83,,0.024746048458075966,0.14023460624751194,-0.025,0.14041877003702333,-0.02761679701635432,0.0,,0,,,0,
2026-09-28,広島,6,066220260928,1790567160,1790566860,4,7,015941,両,51.95,,0.00430266115441196,-0.05168545098312409,-0.025,-0.03132469001091909,-0.017417003837177838,0.0,,0,,,0,
2026-09-28,広島,6,066220260928,1790567160,1790566860,5,2,015149,両,51.36,,0.0025571735508190963,-0.03838246549705398,-0.025,-0.011678459739278961,-0.030733776099021066,0.0,,0,,,0,
2026-09-28,広島,6,066220260928,1790567160,1790566860,6,3,015759,追,47.0,,0.0007959351964799028,-0.4076881129679717,-0.025,-0.06713074380798972,-0.03333125866791002,0.0,,0,,,0,
2026-09-28,広島,6,066220260928,1790567160,1790566860,7,5,015591,両,47.8,,0.0007771155277177109,-0.4022844069470348,-0.025,-0.09216358192144,-0.02761679701635432,0.0,,0,,,0,
2026-09-28,武雄,6,068420260928,1790567700,1790567400,1,7,015630,逃,98.59,,0.4540632246142984,0.39275442739058297,-0.04203001356168159,0.057650048893507944,-0.020412414523193145,0.0,,0,,,0,
2026-09-28,武雄,6,068420260928,1790567700,1790567400,2,1,014399,両,95.1,,0.18020603349675185,-0.48699911023779535,0.2625750339042041,-0.029815600903888226,-0.020412414523193145,0.0,,0,,,0,
2026-09-28,武雄,6,068420260928,1790567700,1790567400,3,3,013679,追,97.19,,0.15433885256583016,0.6904835036728272,-0.23173379916109585,0.09142795562593319,0.14084566021003272,0.0,,0,,,0,
2026-09-28,武雄,6,068420260928,1790567700,1790567400,4,2,014956,両,99.04,,0.08966000197161411,-0.669369522658156,0.024505002260280316,0.030806177361022473,0.00408248290463863,0.0,,0,,,0,
2026-09-28,武雄,6,068420260928,1790567700,1790567400,5,4,013306,追,96.63,,0.08515956723715555,0.30373750567038926,0.31718008137008974,0.0004952882285671253,-0.03265986323710904,0.0,,0,,,0,
2026-09-28,武雄,6,068420260928,1790567700,1790567400,6,5,014313,追,94.29,,0.018634512134105267,0.19746220116770996,-0.18173379916109586,-0.029815600903888226,-0.038783587594066984,0.0,,0,,,0,
2026-09-28,武雄,6,068420260928,1790567700,1790567400,7,6,012478,追,92.44,,0.017937807980244642,-0.4280690050055709,0.09623749434929936,-0.12074826830125428,-0.03265986323710904,0.0,,0,,,0,
2026-09-28,岸和田,6,065620260928,1790568240,1790567940,1,4,014729,追,98.3,,0.45405985802477267,0.444650047072486,0.4206211896025067,0.031640173620253516,0.11200744376275126,0.0,,0,,,0,
2026-09-28,岸和田,6,065620260928,1790568240,1790567940,2,1,012834,追,97.72,,0.28617810870199634,0.6785246616377621,0.10757763679328484,0.031640173620253516,-0.01663195166953415,0.0,,0,,,0,
2026-09-28,岸和田,6,065620260928,1790568240,1790567940,3,6,014248,両,97.82,,0.23547709146218565,0.32111069289539496,0.0025776367932848487,0.10325183096912358,-0.0021635224860334576,0.0,,0,,,0,
2026-09-28,岸和田,6,065620260928,1790568240,1790567940,4,2,014147,追,97.13,,0.015997251405052905,0.1332824139096787,-0.18121122923147154,-0.01816326777810386,-0.01860969717239907,0.0,,0,,,0,
2026-09-28,岸和田,6,065620260928,1790568240,1790567940,5,3,015258,両,90.73,,0.00788090005483286,-0.38735899929735135,0.15164599527386668,-0.05550048055588682,-0.02903346239824904,0.0,,0,,,0,
2026-09-28,岸和田,6,065620260928,1790568240,1790567940,6,5,013204,追,90.69,,0.00040679035115961574,-1.190208816217969,-0.18121122923147154,-0.09286842987563992,-0.045568810036535554,0.0,,0,,,0,
2026-09-28,広島,7,076220260928,1790568780,1790568480,1,5,015225,両,57.72,,0.918608545874104,0.5105100467539447,-0.025,0.15629794034241798,0.08856832808614941,0.0,,0,,,0,
2026-09-28,広島,7,076220260928,1790568780,1790568480,2,3,015939,逃,55.0,,0.06573298454264562,0.41403991783643995,-0.025,0.023296203874273076,0.10380599937492127,0.0,,0,,,0,
2026-09-28,広島,7,076220260928,1790568780,1790568480,3,1,015319,両,52.54,,0.005546522727017455,-0.07073868541206939,-0.025,0.013624748969343708,-0.03732184451914336,0.0,,0,,,0,
2026-09-28,広島,7,076220260928,1790568780,1790568480,4,7,015755,両,52.04,,0.0037830548056863385,-0.13493354596960988,-0.025,-0.030822699675161797,-0.032380326063125735,0.0,,0,,,0,
2026-09-28,広島,7,076220260928,1790568780,1790568480,5,6,015956,両,49.71,,0.0035436053722340314,-0.05495672739447532,-0.025,-0.04262993805164704,-0.04391053579383352,0.0,,0,,,0,
2026-09-28,広島,7,076220260928,1790568780,1790568480,6,4,016040,両,48.23,,0.0017899862519113376,-0.3129454232325189,-0.025,-0.054132064503624316,-0.034851085291134544,0.0,,0,,,0,
2026-09-28,広島,7,076220260928,1790568780,1790568480,7,2,015862,両,47.56,,0.0009953004264011886,-0.35097558258171035,-0.025,-0.06563419095560158,-0.04391053579383352,0.0,,0,,,0,
2026-09-28,武雄,7,078420260928,1790569320,1790569020,1,3,014499,両,103.85,,0.3124759849186925,0.009893701150506695,0.15332669055128884,0.008151346695675306,0.05578271941929674,0.0,,0,,,0,
2026-09-28,武雄,7,078420260928,1790569320,1790569020,2,5,015236,逃,98.96,,0.2563376319808263,0.1278985885112065,0.3170107410881993,0.08670049098393355,-0.013611749969367294,0.0,,0,,,0,
2026-09-28,武雄,7,078420260928,1790569320,1790569020,3,1,015641,逃,96.52,,0.2010939453279234,0.24341208350736715,0.24135276635665448,0.044737780454829554,-0.017272179142782198,0.0,,0,,,0,
2026-09-28,武雄,7,078420260928,1790569320,1790569020,4,7,014580,追,100.56,,0.18506993933244756,-0.14039343479819097,0.02359048840364726,0.05855589657987121,0.017304461033417165,0.0,,0,,,0,
2026-09-28,武雄,7,078420260928,1790569320,1790569020,5,6,014325,追,93.46,,0.02387779653260178,0.4303983853588316,0.11161656420901286,-0.1031484307049925,-0.06161047274409237,0.0,,0,,,0,
2026-09-28,武雄,7,078420260928,1790569320,1790569020,6,4,014142,逃,97.09,,0.01224373803983476,-0.7068125559256211,-0.16943558740171832,-0.08088847522485895,0.08101769414762036,0.0,,0,,,0,
2026-09-28,武雄,7,078420260928,1790569320,1790569020,7,2,014371,追,96.04,,0.00890096386767382,0.03560323219589652,-0.247461663207084,-0.014108608784458253,-0.06161047274409237,0.0,,0,,,0,
2026-09-28,岸和田,7,075620260928,1790569860,1790569560,1,3,014640,追,106.65,,0.7558890818809301,0.4897487772450979,0.3812566635471478,0.08494617656408007,-0.027420212251876346,0.0,,0,,,0,
2026-09-28,岸和田,7,075620260928,1790569860,1790569560,2,7,015517,逃,103.71,,0.11590578542059785,0.3181730741926363,0.03771797074323023,-0.030539036081279183,-0.027420212251876346,0.0,,0,,,0,
2026-09-28,岸和田,7,075620260928,1790569860,1790569560,3,4,015745,逃,96.54,,0.06271621700668774,-0.1697010037619658,0.18324806514627726,-0.001794530222396739,0.14139575084263856,0.0,,0,,,0,
2026-09-28,岸和田,7,075620260928,1790569860,1790569560,4,1,014551,追,97.11,,0.021421669985641933,-0.08204502947048051,0.08970937234235964,0.0462820426123505,0.003935069779096475,0.0,,0,,,0,
2026-09-28,岸和田,7,075620260928,1790569860,1790569560,5,2,013045,追,98.06,,0.021363088036561232,0.11814920112387704,0.036700773941489045,-0.03104622529110867,-0.05039394841279474,0.0,,0,,,0,
2026-09-28,岸和田,7,075620260928,1790569860,1790569560,6,5,015064,逃,94.65,,0.015296586704923974,0.15649834288078562,-0.3068379188624285,-0.07807304056793607,-0.05039394841279474,0.0,,0,,,0,
2026-09-28,岸和田,7,075620260928,1790569860,1790569560,7,6,014947,両,93.14,,0.007407570964657162,-0.8308233622099541,-0.041794926858075634,0.010224612986290068,0.010297500707607099,0.0,,0,,,0,
2026-09-28,広島,8,086220260928,1790570460,1790570160,1,5,013900,追,106.85,,0.7918934546759132,0.5106544224077192,0.20161873227562313,0.11961874757033147,0.05710658819545832,0.0,,0,,,0,
2026-09-28,広島,8,086220260928,1790570460,1790570160,2,3,015174,両,100.21,,0.1357000590391702,0.21411422115140966,0.20719895019743512,0.005818034399456186,-0.04807288585108546,0.0,,0,,,0,
2026-09-28,広島,8,086220260928,1790570460,1790570160,3,7,013669,追,103.75,,0.021291341736424683,0.24018471094309185,-0.22512192148981278,-0.061325744169287634,-0.08491282139749799,0.0,,0,,,0,
2026-09-28,広島,8,086220260928,1790570460,1790570160,4,4,015250,追,96.4,,0.019853231497218817,-0.022398874025416817,-0.23512192148981276,0.009475429537831677,0.04073328350816386,0.0,,0,,,0,
2026-09-28,広島,8,086220260928,1790570460,1790570160,5,2,015727,逃,94.53,,0.014767967890492359,-0.37346186298082856,0.20719895019743512,-0.015558011763906088,0.04482660967998748,0.0,,0,,,0,
2026-09-28,広島,8,086220260928,1790570460,1790570160,6,1,014372,追,95.54,,0.011699847268923237,-0.1703896745735962,0.23847880491622714,-0.009627317957967887,-0.03404075295589566,0.0,,0,,,0,
2026-09-28,広島,8,086220260928,1790570460,1790570160,7,6,013803,両,93.34,,0.004794097891857551,-0.39870294292237773,0.035748405392905164,-0.048401137616457694,0.024359978820869405,0.0,,0,,,0,
2026-09-28,武雄,8,088420260928,1790571060,1790570760,1,1,012948,追,98.45,,0.5082200924050883,0.379730081137155,0.21526279441628815,-0.03463665656263032,-0.04265749828511069,0.0,,0,,,0,
2026-09-28,武雄,8,088420260928,1790571060,1790570760,2,2,014199,追,99.82,,0.23856942056067165,0.395260295592453,0.13088457268119894,0.06932568969909107,0.06692930375800454,0.0,,0,,,0,
2026-09-28,武雄,8,088420260928,1790571060,1790570760,3,3,014177,両,100.77,,0.08636435805628237,-0.5678547308682896,0.13088457268119894,0.08619906295483695,0.08014547946734754,0.0,,0,,,0,
2026-09-28,武雄,8,088420260928,1790571060,1790570760,4,4,012889,追,98.13,,0.06894823800187419,0.3309115233114885,-0.0009807621135332172,-0.006211911500026515,0.07221577404174175,0.0,,0,,,0,
2026-09-28,武雄,8,088420260928,1790571060,1790570760,5,5,015694,逃,96.17,,0.06679275792627572,-0.725765709939125,0.17088457268119894,-0.022300127852294724,-0.054472294424213384,0.0,,0,,,0,
2026-09-28,武雄,8,088420260928,1790571060,1790570760,6,7,013790,両,97.45,,0.02825113779482959,0.4250920582641906,-0.2934678751731761,-0.011533912948914454,-0.06768847013355639,0.0,,0,,,0,
2026-09-28,武雄,8,088420260928,1790571060,1790570760,7,6,012881,追,94.11,,0.002853995254978207,-0.23737351749787222,-0.24346787517317606,-0.08084214379006205,-0.054472294424213384,0.0,,0,,,0,
2026-09-28,岸和田,8,085620260928,1790571660,1790571360,1,1,014231,追,104.84,,0.4413713259812153,0.24038376450848997,0.4567491648096547,0.06219266890036491,-0.03302400169122136,0.0,,0,,,0,
2026-09-28,岸和田,8,085620260928,1790571660,1790571360,2,7,014552,追,102.41,,0.3761655016427111,0.8614613994759045,0.17051237472144817,0.04011795898880417,-0.029810521144402764,0.0,,0,,,0,
2026-09-28,岸和田,8,085620260928,1790571660,1790571360,3,5,015440,逃,104.11,,0.07996332221702304,-0.3722085274545339,0.16653712416434457,-0.03408541183818545,0.04385854613494618,0.0,,0,,,0,
2026-09-28,岸和田,8,085620260928,1790571660,1790571360,4,4,014138,追,103.31,,0.03526701070325796,0.2948414935278197,-0.12653712416434465,0.01804324907724343,0.08895023308182473,0.0,,0,,,0,
2026-09-28,岸和田,8,085620260928,1790571660,1790571360,5,3,015361,逃,98.17,,0.03479864916770943,-0.210514347614451,-0.22704949888579282,-0.062159196669833994,0.04343223411291466,0.0,,0,,,0,
2026-09-28,岸和田,8,085620260928,1790571660,1790571360,6,2,014879,両,99.45,,0.027801590859450533,-0.3862526471097659,-0.018674916480965482,0.02407161219904578,-0.03275352158205611,0.0,,0,,,0,
2026-09-28,岸和田,8,085620260928,1790571660,1790571360,7,6,014683,追,95.66,,0.004632599428632588,-0.42771113533346466,-0.12653712416434465,-0.04818088065743879,-0.08065296891200538,0.0,,0,,,0,
2026-09-28,広島,9,096220260928,1790572260,1790571960,1,7,014140,追,105.17,,0.5812638137599861,0.08134171057065315,0.3004837995884273,-0.05837932241461151,-0.01820459920954257,0.0,,0,,,0,
2026-09-28,広島,9,096220260928,1790572260,1790571960,2,2,015093,両,102.11,,0.17712925365517818,-0.20527429893549345,0.13385518509481797,-0.08118905232046542,0.07779381990721539,0.0,,0,,,0,
2026-09-28,広島,9,096220260928,1790572260,1790571960,3,1,014883,両,101.87,,0.0733901770622667,-0.24894215362877606,0.04141226335440397,0.09808288435020271,0.07779381990721539,0.0,,0,,,0,
2026-09-28,広島,9,096220260928,1790572260,1790571960,4,4,013804,追,100.84,,0.05743944554813562,0.00489356177345885,0.26966949234162263,0.06493692368347623,0.05159625387198568,0.0,,0,,,0,
2026-09-28,広島,9,096220260928,1790572260,1790571960,5,3,014114,追,100.09,,0.055928579754225625,0.15015847388301035,0.14641226335440397,-0.05837932241461151,-0.048119250530197534,0.0,,0,,,0,
2026-09-28,広島,9,096220260928,1790572260,1790571960,6,6,015654,両,98.64,,0.03292837474942588,-0.17413009811824354,-0.11265927287961937,0.04398071309138595,-0.06434526612520891,0.0,,0,,,0,
2026-09-28,広島,9,096220260928,1790572260,1790571960,7,5,015036,追,101.73,,0.02192035547078183,0.3919528044553892,-0.3491737308540566,-0.009052823975376423,-0.07651477782146743,0.0,,0,,,0,
2026-09-28,武雄,9,098420260928,1790572860,1790572560,1,5,014337,追,98.21,,0.4411382019032507,0.5057347025945784,0.41584721639314154,-0.01631318295310393,0.07065739432862679,0.0,,0,,,0,
2026-09-28,武雄,9,098420260928,1790572860,1790572560,2,1,014677,両,103.03,,0.31869496123722196,0.4090847668632478,0.0241029912736351,0.04072433705368274,-0.004361045672333218,0.0,,0,,,0,
2026-09-28,武雄,9,098420260928,1790572860,1790572560,3,6,013990,追,97.48,,0.08457947173957657,0.4798187712954655,0.01596346073135802,0.021711830384753848,0.07977644340489,0.0,,0,,,0,
2026-09-28,武雄,9,098420260928,1790572860,1790572560,4,7,014188,追,103.14,,0.08053573218312202,-0.5288933555276475,-0.03019935601497961,0.04072433705368274,-0.04630515742402368,0.0,,0,,,0,
2026-09-28,武雄,9,098420260928,1790572860,1790572560,5,2,013619,追,104.85,,0.034227213680989126,-0.3401039101967043,0.0022425218159121373,0.04072433705368274,-0.015546142139450672,0.0,,0,,,0,
2026-09-28,武雄,9,098420260928,1790572860,1790572560,6,3,015546,逃,97.65,,0.024149617645609443,-0.5099586487796296,0.15154486910452686,-0.07323346230173645,-0.03512006095690622,0.0,,0,,,0,
2026-09-28,武雄,9,098420260928,1790572860,1790572560,7,4,013533,追,99.61,,0.016674801610230133,-0.01568232624930537,-0.28450170330359426,-0.05433819629096171,-0.04910143154080304,0.0,,0,,,0,
2026-09-28,岸和田,9,095620260928,1790573460,1790573160,1,2,014112,追,108.83,,0.6672055944958232,0.6260306659132033,0.017937927384034297,0.02427244996338252,-0.05627868108643249,0.0,,0,,,0,
2026-09-28,岸和田,9,095620260928,1790573460,1790573160,2,5,015449,逃,104.27,,0.11191621296931163,-0.02812260861482658,0.25586649137367923,-0.006231400227842378,0.053059295511103506,0.0,,0,,,0,
2026-09-28,岸和田,9,095620260928,1790573460,1790573160,3,4,014458,追,103.9,,0.09850358978065119,-0.4378949521821121,0.16082482904638631,-0.0016593435919336121,-0.006028777143513749,0.0,,0,,,0,
2026-09-28,岸和田,9,095620260928,1790573460,1790573160,4,1,014253,逃,103.67,,0.061900976644981044,-0.33774555975420184,0.24444387170614965,0.0587481382864616,-0.03618275727471998,0.0,,0,,,0,
2026-09-28,岸和田,9,095620260928,1790573460,1790573160,5,7,015738,逃,100.0,,0.043411044039678354,0.1390829770441048,-0.029907311951024917,-0.05015131107476628,0.029344086530555258,0.0,,0,,,0,
2026-09-28,岸和田,9,095620260928,1790573460,1790573160,6,6,014109,追,95.84,,0.010373667222700573,0.04063078969712333,-0.16279421361337693,0.06332019492237037,0.08844225359880997,0.0,,0,,,0,
2026-09-28,岸和田,9,095620260928,1790573460,1790573160,7,3,013407,追,97.63,,0.006688914846854048,-0.0019813121032888487,-0.19137159394584738,-0.08829872827767225,-0.0723554201358025,0.0,,0,,,0,
2026-09-28,広島,10,106220260928,1790574120,1790573820,1,2,015363,逃,102.41,,0.3603307704592265,0.06320662153324937,0.40233945344918864,0.06125912679890018,0.13977262882460265,0.0,,0,,,0,
2026-09-28,広島,10,106220260928,1790574120,1790573820,2,5,015385,逃,103.3,,0.32941439174918674,0.2981731347595564,0.08896431774406616,0.06125912679890018,-0.036985751889464145,0.0,,0,,,0,
2026-09-28,広島,10,106220260928,1790574120,1790573820,3,1,014041,追,103.59,,0.24998737545393343,0.09264172559202268,0.09858927644250715,0.06308822875221282,-0.04124952207172001,0.0,,0,,,0,
2026-09-28,広島,10,106220260928,1790574120,1790573820,4,7,014310,追,99.18,,0.026794785989337155,-0.017365739576781947,-0.0240357766594973,-0.098265233432632,-0.046934548981394486,0.0,,0,,,0,
2026-09-28,広島,10,106220260928,1790574120,1790573820,5,3,014574,追,99.5,,0.016167407589787394,0.2743039417439406,-0.13266078255972,-0.029113749639127072,-0.04977706243623173,0.0,,0,,,0,
2026-09-28,広島,10,106220260928,1790574120,1790573820,6,4,014983,追,96.95,,0.01560960710748209,-0.03753218721967035,0.04446429414317529,0.04003773415437784,0.03504898610225511,0.0,,0,,,0,
2026-09-28,広島,10,106220260928,1790574120,1790573820,7,6,013394,追,91.36,,0.0016956616510467285,-0.6734274968323156,-0.18266078255972,-0.098265233432632,0.0001252704519526665,0.0,,0,,,0,
2026-09-28,武雄,10,108420260928,1790574780,1790574480,1,3,014358,追,106.53,,0.45684337030603067,0.8795836607871726,0.12743493852970542,-0.08141234990612406,0.04390172269874418,0.0,,0,,,0,
2026-09-28,武雄,10,108420260928,1790574780,1790574480,2,5,014873,両,108.66,,0.142137350909247,-0.4673501578627124,-0.0035873463242637356,0.04561511678746107,0.00686933027541292,0.0,,0,,,0,
2026-09-28,武雄,10,108420260928,1790574780,1790574480,3,1,014038,追,110.29,,0.13812779567267,-0.2329008412120282,0.08840151124875166,0.0009564268519132273,-0.02066143646111241,0.0,,0,,,0,
2026-09-28,武雄,10,108420260928,1790574780,1790574480,4,2,014945,両,101.34,,0.12014158785238649,-0.23145144248069127,0.4917469264852738,-0.00519586988997299,0.02048186500049187,0.0,,0,,,0,
2026-09-28,武雄,10,108420260928,1790574780,1790574480,5,7,015049,両,103.87,,0.10978933704227885,0.1993520461454455,0.08749065066462837,-0.023652760115631638,0.11115453833638818,0.0,,0,,,0,
2026-09-28,武雄,10,108420260928,1790574780,1790574480,6,4,014409,両,101.52,,0.025774202086602586,0.017398296964212925,-0.15972105544807874,0.10391739779945985,-0.08490749464164353,0.0,,0,,,0,
2026-09-28,武雄,10,108420260928,1790574780,1790574480,7,6,014151,追,100.8,,0.0071863561307842876,-0.16463156234139664,-0.20176562515601712,-0.04022796152710542,-0.0768385252082812,0.0,,0,,,0,
2026-09-28,岸和田,10,105620260928,1790575440,1790575140,1,1,015486,両,55.22,,0.45997541600184094,0.8657569720811805,-0.025,0.073064319448763,-0.0036455322534730446,0.0,,0,,,0,
2026-09-28,岸和田,10,105620260928,1790575440,1790575140,2,2,015320,両,55.94,,0.3834982370946405,0.6206390646152297,-0.025,0.10513020852108633,0.09293847964811548,0.0,,0,,,0,
2026-09-28,岸和田,10,105620260928,1790575440,1790575140,3,4,015488,両,54.4,,0.08101199939266535,0.3248449415014856,-0.025,-0.022824106378482346,-0.03600411839298067,0.0,,0,,,0,
2026-09-28,岸和田,10,105620260928,1790575440,1790575140,4,7,016035,両,52.84,,0.056117571791328154,0.18656764357221864,-0.025,-0.0121547373767776,0.07864074201952502,0.0,,0,,,0,
2026-09-28,岸和田,10,105620260928,1790575440,1790575140,5,5,015313,両,51.31,,0.008569596347822348,-0.5536936507033481,-0.025,-0.03188627527052651,-0.04866617383887496,0.0,,0,,,0,
2026-09-28,岸和田,10,105620260928,1790575440,1790575140,6,6,014903,両,52.05,,0.006485577996115289,-0.32230394097027626,-0.025,-0.058879104691352574,-0.0402248035416121,0.0,,0,,,0,
2026-09-28,岸和田,10,105620260928,1790575440,1790575140,7,3,015857,両,49.94,,0.0043416013755874444,-1.1218110300964943,-0.025,-0.052450304252710245,-0.043038593640699715,0.0,,0,,,0,
2026-09-28,広島,11,116220260928,1790575980,1790575680,1,1,015380,逃,105.28,,0.7169299898078624,0.6061305100925181,0.14008617719051908,0.07668466768916196,0.007650015877611403,0.0,,0,,,0,
2026-09-28,広島,11,116220260928,1790575980,1790575680,2,5,013886,追,103.93,,0.1384358042063311,0.12013879638674879,0.14956582369957722,0.08208073323655256,-0.01609511753845399,0.0,,0,,,0,
2026-09-28,広島,11,116220260928,1790575980,1790575680,3,3,015804,逃,100.11,,0.07012642640119841,-0.034826077730566646,0.36296700200271664,-0.048577339834270136,0.13110908110863723,0.0,,0,,,0,
2026-09-28,広島,11,116220260928,1790575980,1790575680,4,7,014864,追,103.13,,0.06180042919023898,-0.001614920091464564,0.10180564695410632,0.022283779504145108,-0.020412414523193152,0.0,,0,,,0,
2026-09-28,広島,11,116220260928,1790575980,1790575680,5,4,013945,追,98.68,,0.008121985869373776,0.02557785061653417,-0.15239494219746338,0.022283779504145108,-0.024729711507932316,0.0,,0,,,0,
2026-09-28,広島,11,116220260928,1790575980,1790575680,6,6,014307,追,95.36,,0.003337113011416264,-0.34005731934287775,-0.10687458870652158,-0.07737781004986728,-0.0376816024621498,0.0,,0,,,0,
2026-09-28,広島,11,116220260928,1790575980,1790575680,7,2,014176,追,95.89,,0.0012482515135790822,-0.3753488399308926,-0.2001551189429343,-0.07737781004986728,-0.03984025095451938,0.0,,0,,,0,
2026-09-28,岐阜,1,014320260928,1790576400,1790576100,1,4,013800,両,97.25,,0.47644113872713223,0.5256125843902817,0.20656996836562122,0.08196349936598643,0.03549294649235062,0.0,,0,,,0,
2026-09-28,岐阜,1,014320260928,1790576400,1790576100,2,2,014309,両,96.76,,0.28396452037641073,1.1873887895607143,0.056403028348775364,0.09399195005320808,0.01964483017848939,0.0,,0,,,0,
2026-09-28,岐阜,1,014320260928,1790576400,1790576100,3,5,014186,追,96.38,,0.10705084214821216,0.29864835748618346,0.4324046684498505,-0.007159458683701563,0.062037987712705564,0.0,,0,,,0,
2026-09-28,岐阜,1,014320260928,1790576400,1790576100,4,7,015601,逃,95.37,,0.055356708559648214,0.006157494810662308,0.20695949507159495,-0.03121636005814489,-0.0069002110418655595,0.0,,0,,,0,
2026-09-28,岐阜,1,014320260928,1790576400,1790576100,5,3,013912,追,97.33,,0.045580433099387294,-0.20445513650943353,0.05601350164280168,-0.03952105208193718,-0.08547953175582315,0.0,,0,,,0,
2026-09-28,岐阜,1,014320260928,1790576400,1790576100,6,1,015648,逃,94.73,,0.025264217110771495,-0.681864245378035,-0.12426473171860807,0.013345118966699102,0.04618987139884434,0.0,,0,,,0,
2026-09-28,岐阜,1,014320260928,1790576400,1790576100,7,8,014481,追,93.94,,0.004063362974917875,-0.3553474991121718,-0.18954296508001786,-0.007159458683701563,0.030341755084983112,0.0,,0,,,0,
2026-09-28,岐阜,1,014320260928,1790576400,1790576100,8,6,014435,追,93.57,,0.0022787770035200424,-0.7761403452481952,-0.23954296508001785,-0.10424423887840842,-0.10132764806968438,0.0,,0,,,0,
2026-09-28,武雄,11,118420260928,1790576820,1790576520,1,1,013851,追,111.97,,0.4555295687777804,0.38029397352457917,0.1651435058223895,0.10729925882830484,-0.04532068906356127,0.0,,0,,,0,
2026-09-28,武雄,11,118420260928,1790576820,1790576520,2,4,013894,追,109.82,,0.2292881722669145,-0.19799172930136766,0.046641803038616994,-0.013777639813076725,0.03690616184995704,0.0,,0,,,0,
2026-09-28,武雄,11,118420260928,1790576820,1790576520,3,5,015692,逃,107.59,,0.12590994740415778,0.2966826155200999,0.09964407341698035,0.006245301110528248,0.07966291641869495,0.0,,0,,,0,
2026-09-28,武雄,11,118420260928,1790576820,1790576520,4,2,015211,逃,101.21,,0.10278872882491388,0.4553865104648531,0.11939435721427578,0.03828727988687193,-0.03286299036930973,0.0,,0,,,0,
2026-09-28,武雄,11,118420260928,1790576820,1790576520,5,3,015715,逃,102.73,,0.04266233140042068,-0.016408216684287817,0.2378960599980483,-0.044456975672993976,-0.030371450630459415,0.0,,0,,,0,
2026-09-28,武雄,11,118420260928,1790576820,1790576520,6,7,014996,追,106.68,,0.04155303252799638,-0.8392392584717493,0.1256429382277987,-0.02478463059865687,0.03939770158880735,0.0,,0,,,0,
2026-09-28,武雄,11,118420260928,1790576820,1790576520,7,6,014881,追,96.52,,0.00226821879781642,-0.07872389505212748,-0.36436273771810973,-0.06881259374097744,-0.04741164979412894,0.0,,0,,,0,
2026-09-28,平塚,1,013520260928,1790577240,1790576940,1,1,016023,逃,79.85,,0.8449850107295457,0.5403876698690688,0.43507147359244863,0.07333181760074645,-0.00033283407548624633,0.0,,0,,,0,
2026-09-28,平塚,1,013520260928,1790577240,1790576940,2,3,014265,追,78.2,,0.13832470399928587,0.30856284313744103,0.15249836615185128,0.11387658340673024,-0.04171040901269155,0.0,,0,,,0,
2026-09-28,平塚,1,013520260928,1790577240,1790576940,3,4,012725,両,72.36,,0.009211546250031686,0.10215707557111428,-0.04518215954046548,0.034739568351348456,0.11864582323293896,0.0,,0,,,0,
2026-09-28,平塚,1,013520260928,1790577240,1790576940,4,5,013324,追,68.87,,0.002676259205228426,-0.06664901709208922,0.017690328781208714,-0.0633681519026347,-0.0423189027617681,0.0,,0,,,0,
2026-09-28,平塚,1,013520260928,1790577240,1790576940,5,7,011990,追,69.1,,0.0025758119539902413,-0.21502488107186318,0.03454133345253903,-0.031843513650921036,0.015019904847249898,0.0,,0,,,0,
2026-09-28,平塚,1,013520260928,1790577240,1790576940,6,2,013184,両,69.58,,0.0013660961965814697,-0.3738527935553856,-0.028331154869135164,-0.07913047102849154,-0.04718685275438049,0.0,,0,,,0,
2026-09-28,平塚,1,013520260928,1790577240,1790576940,7,6,012547,追,68.76,,0.0008605716653364864,-0.2955808968582875,-0.1362881875684474,-0.04760583277677787,-0.0021167294758625017,0.0,,0,,,0,
2026-09-28,岸和田,11,115620260928,1790577660,1790577360,1,6,015982,逃,81.44,,0.7677933397480494,0.8064611787525664,0.418213884377076,0.027290248863815706,0.10273472480420326,0.0,,0,,,0,
2026-09-28,岸和田,11,115620260928,1790577660,1790577360,2,2,013994,追,96.89,,0.15937303613929685,0.8060386832183184,0.0127622647933308,0.05387345879951885,-0.05201523415807912,0.0,,0,,,0,
2026-09-28,岸和田,11,115620260928,1790577660,1790577360,3,1,014819,追,92.17,,0.027051508113642254,-0.14115749945034636,-0.041285553750830456,0.02792577214447981,-0.05709916033047104,0.0,,0,,,0,
2026-09-28,岸和田,11,115620260928,1790577660,1790577360,4,7,015424,逃,91.72,,0.015133712044165408,-0.3751295386299086,-0.09824304837824266,-0.09655869994176335,-0.03567036148340808,0.0,,0,,,0,
2026-09-28,岸和田,11,115620260928,1790577660,1790577360,5,5,015932,逃,86.66,,0.012550612495690184,-0.3628725476122172,0.06990572042581455,0.06135610912018459,0.03708587607315814,0.0,,0,,,0,
2026-09-28,岸和田,11,115620260928,1790577660,1790577360,6,4,012757,両,88.38,,0.010048137740470843,-0.29381294882624215,-0.12623242203509571,0.001978085489440763,-0.055065589861514275,0.0,,0,,,0,
2026-09-28,岸和田,11,115620260928,1790577660,1790577360,7,3,015657,逃,86.5,,0.008049653718685016,-0.4395273274521699,0.1448791545679472,-0.07586497447567636,0.06002974495611111,0.0,,0,,,0,
2026-09-28,岐阜,2,024320260928,1790578140,1790577840,1,1,014831,両,99.0,,0.31964304349570954,0.8407448970889739,-0.04237286694370872,0.06675787806861358,-0.05016044318905193,0.0,,0,,,0,
2026-09-28,岐阜,2,024320260928,1790578140,1790577840,2,2,013295,追,99.84,,0.25416454233464536,0.9231993836290786,0.10253869266930603,0.09257290018978008,-0.020806350802840382,0.0,,0,,,0,
2026-09-28,岐阜,2,024320260928,1790578140,1790577840,3,4,015782,逃,95.75,,0.14137835441679902,0.11951726956017164,0.4764774080254831,0.060687417622400514,0.10767519109417528,0.0,,0,,,0,
2026-09-28,岐阜,2,024320260928,1790578140,1790577840,4,3,014982,逃,93.9,,0.1382994390633091,-0.5809995172916855,-0.017195986169738248,-0.05675783220311065,0.0831751889674389,0.0,,0,,,0,
2026-09-28,岐阜,2,024320260928,1790578140,1790577840,5,7,013783,追,96.89,,0.10857959505000467,0.024198419531848057,0.08258291286279865,0.0014537325975401694,-0.05261044340172557,0.0,,0,,,0,
2026-09-28,岐阜,2,024320260928,1790578140,1790577840,6,5,015130,両,96.22,,0.025680458873816925,-0.4879058087881218,-0.04237286694370872,-0.03094281008194415,-0.020760440636968268,0.0,,0,,,0,
2026-09-28,岐阜,2,024320260928,1790578140,1790577840,7,8,013852,追,93.44,,0.008509892105783725,-0.43993157458734133,0.00753869266930603,-0.04410585119857978,0.010997741796044805,0.0,,0,,,0,
2026-09-28,岐阜,2,024320260928,1790578140,1790577840,8,6,013722,追,92.24,,0.003744674659931647,-0.3988230691429222,-0.11219598616973825,-0.08966543499469973,-0.05751044382707285,0.0,,0,,,0,
2026-09-28,広島,12,126220260928,1790578560,1790578260,1,2,013880,追,111.12,,0.351522664914977,-0.058784587253715714,0.521271985915519,0.10825810319985794,0.06931609795253599,0.0,,0,,,0,
2026-09-28,広島,12,126220260928,1790578560,1790578260,2,5,013917,追,110.87,,0.1631236719838025,0.48898385129808364,-0.048650544805073304,-0.0355366222838088,-0.06198725663840928,0.0,,0,,,0,
2026-09-28,広島,12,126220260928,1790578560,1790578260,3,4,015443,逃,109.12,,0.15103994728296824,-0.15374872848048254,-0.030815536027761214,-0.009878783399072132,0.01964237948867368,0.0,,0,,,0,
2026-09-28,広島,12,126220260928,1790578560,1790578260,4,7,015731,逃,110.0,,0.12722047023602565,-0.05186497368789544,0.009184463972238785,0.0002735244256811334,0.07844636014202762,0.0,,0,,,0,
2026-09-28,広島,12,126220260928,1790578560,1790578260,5,3,015235,両,109.5,,0.09815395718298443,0.23172114661637389,-0.15365054480507329,0.0414368943704012,-0.011499452807034656,0.0,,0,,,0,
2026-09-28,広島,12,126220260928,1790578560,1790578260,6,1,013730,追,109.72,,0.05851646577002161,-0.023575933391789063,0.03276695958358279,-0.08945964434018382,-0.07057479524955937,0.0,,0,,,0,
2026-09-28,広島,12,126220260928,1790578560,1790578260,7,6,015537,逃,108.48,,0.050422822629220654,-0.4327307751005809,0.04989321616656684,-0.015093471972875517,-0.023343332888233953,0.0,,0,,,0,
2026-09-28,平塚,2,023520260928,1790578980,1790578680,1,2,013897,追,73.62,,0.4839464700947216,0.35535129053271763,0.3833367522000841,0.12288210341264513,0.01084596029735423,0.0,,0,,,0,
2026-09-28,平塚,2,023520260928,1790578980,1790578680,2,4,013964,追,72.11,,0.29428729142836746,0.4029965326230706,0.1892991453158116,0.013983877855881503,-0.014461280396472305,0.0,,0,,,0,
2026-09-28,平塚,2,023520260928,1790578980,1790578680,3,5,015739,逃,70.5,,0.10236348722839497,0.07386346483016892,0.08429914531581159,0.002806163186708205,0.027114900743385576,0.0,,0,,,0,
2026-09-28,平塚,2,023520260928,1790578980,1790578680,4,3,016005,逃,68.28,,0.0959259287971363,0.09709965825214127,-0.012719658126324664,0.0015333367228037229,-0.014461280396472305,0.0,,0,,,0,
2026-09-28,平塚,2,023520260928,1790578980,1790578680,5,1,014373,両,66.44,,0.01597021183131991,-0.4390554545274365,0.1089783476105691,-0.03305045494384704,0.009038300247795191,0.0,,0,,,0,
2026-09-28,平塚,2,023520260928,1790578980,1790578680,6,7,012509,追,68.18,,0.005341244787214598,-0.07503279413377191,-0.229096866157976,-0.05407751311709576,-0.014461280396472305,0.0,,0,,,0,
2026-09-28,平塚,2,023520260928,1790578980,1790578680,7,6,012913,追,64.72,,0.0021653658328452357,-0.41522269757688757,-0.229096866157976,-0.05407751311709576,-0.0036153200991180766,0.0,,0,,,0,
2026-09-28,武雄,12,128420260928,1790579400,1790579100,1,7,014417,両,113.45,,0.8901560058457224,0.9596875264853192,0.41523070675789464,0.08523373885660174,-0.01918460861254284,0.0,,0,,,0,
2026-09-28,武雄,12,128420260928,1790579400,1790579100,2,1,015649,逃,108.59,,0.05723019015464572,-0.5779137155795319,0.17129860946006187,-0.04436319678957258,0.059022083983455216,0.0,,0,,,0,
2026-09-28,武雄,12,128420260928,1790579400,1790579100,3,3,014939,両,106.36,,0.02234279546829377,-0.2358919541970271,0.20683256081114548,0.04100170179702832,0.008514833436011624,0.0,,0,,,0,
2026-09-28,武雄,12,128420260928,1790579400,1790579100,4,2,014504,追,103.08,,0.017715093740215782,0.4571789573146063,0.050533951351083656,0.014853643929711332,-0.0524384422615685,0.0,,0,,,0,
2026-09-28,武雄,12,128420260928,1790579400,1790579100,5,5,015168,逃,100.51,,0.0076709923014574265,0.12653784320775557,-0.08919907297337454,-0.022412621029128853,-0.009178366757441266,0.0,,0,,,0,
2026-09-28,武雄,12,128420260928,1790579400,1790579100,6,6,015540,逃,97.84,,0.0028421471349893337,-0.43740588977442574,-0.05446604864891634,-0.049944823893375824,0.07734178425081321,0.0,,0,,,0,
2026-09-28,武雄,12,128420260928,1790579400,1790579100,7,4,014268,追,99.89,,0.0020427753546756284,-0.2921927674566995,-0.27023070675789457,-0.024368442871264155,-0.06407728403872748,0.0,,0,,,0,
2026-09-28,岐阜,3,034320260928,1790579820,1790579520,1,1,015252,逃,102.09,,0.7170508373600569,0.869550498443405,0.022550970662176293,0.07672273697727322,-0.009425381622478031,0.0,,0,,,0,
2026-09-28,岐阜,3,034320260928,1790579820,1790579520,2,9,014065,追,95.44,,0.08838982619937258,0.16856092563646125,0.36540654652072946,0.0985144418402914,-0.0209592100016543,0.0,,0,,,0,
2026-09-28,岐阜,3,034320260928,1790579820,1790579520,3,7,014692,両,94.78,,0.07817861594012483,0.3423520276280113,0.15846844258134957,0.06379949012215393,-0.015192295812066168,0.0,,0,,,0,
2026-09-28,岐阜,3,034320260928,1790579820,1790579520,4,5,013274,追,96.77,,0.06008365478449434,0.5235969868735687,-0.02535618524689362,-0.023960045298867493,0.003751538446307658,0.0,,0,,,0,
2026-09-28,岐阜,3,034320260928,1790579820,1790579520,5,3,013670,追,93.87,,0.026253779359461663,0.11663704486040874,0.21249939061165962,0.0005348521289642895,0.005673843176170368,0.0,,0,,,0,
2026-09-28,岐阜,3,034320260928,1790579820,1790579520,6,8,014090,両,92.61,,0.01198622728771958,-0.7043786740293794,0.2604065465207295,0.014809695266490366,0.15862058244442742,0.0,,0,,,0,
2026-09-28,岐阜,3,034320260928,1790579820,1790579520,7,2,012592,追,96.31,,0.01180806941126984,0.048796966420681896,-0.1713252372165836,-0.04845494272669927,-0.03057073365096786,0.0,,0,,,0,
2026-09-28,岐阜,3,034320260928,1790579820,1790579520,8,4,013074,追,93.56,,0.004896401696127343,-0.1272991201894935,-0.12729428918627358,-0.07294984015453107,-0.04979378094959498,0.0,,0,,,0,
2026-09-28,岐阜,3,034320260928,1790579820,1790579520,9,6,015595,逃,90.0,,0.0013525879613727483,-1.2378166556436647,-0.13035618524689363,-0.10901638815507533,-0.042104562030144135,0.0,,0,,,0,
2026-09-28,岸和田,12,125620260928,1790580300,1790580000,1,1,015061,逃,112.51,,0.6275043874422211,0.5510286938811185,0.06328550239256506,0.056549680332972974,-0.02370030397442391,0.0,,0,,,0,
2026-09-28,岸和田,12,125620260928,1790580300,1790580000,2,4,015516,逃,107.7,,0.17892024359475212,0.49540613210604645,0.21692119182345398,-0.04517545443516496,-0.01768253830520456,0.0,,0,,,0,
2026-09-28,岸和田,12,125620260928,1790580300,1790580000,3,5,014052,両,105.32,,0.08706654059758792,-0.21893868556180565,0.13755836450638734,-0.010254012685884523,0.009235860358573884,0.0,,0,,,0,
2026-09-28,岸和田,12,125620260928,1790580300,1790580000,4,7,014485,追,107.03,,0.03261959149834601,-0.41317851723454935,-0.03144089386759047,-0.01206745984641246,-0.047771366651301314,0.0,,0,,,0,
2026-09-28,岸和田,12,125620260928,1790580300,1790580000,5,2,013656,追,105.6,,0.03258888000036884,-0.3916897270348841,0.16828550239256507,0.09252477162285551,0.11909290712477241,0.0,,0,,,0,
2026-09-28,岸和田,12,125620260928,1790580300,1790580000,6,6,015555,逃,102.34,,0.027649085882739698,-0.012297717514414247,0.2015576228803651,-0.017213949407320017,0.018626417547583703,0.0,,0,,,0,
2026-09-28,岸和田,12,125620260928,1790580300,1790580000,7,3,013673,追,109.26,,0.013651270983984281,-0.010330178641506135,-0.326167290127746,-0.06436357558104644,-0.05780097610000024,0.0,,0,,,0,
2026-09-28,平塚,3,033520260928,1790580720,1790580420,1,7,014434,追,74.16,,0.3995350162223362,0.3426299685203692,0.17417838873243305,0.05777306798644841,-0.05099811783801844,0.0,,0,,,0,
2026-09-28,平塚,3,033520260928,1790580720,1790580420,2,3,015963,逃,72.53,,0.2704510712276073,-0.03718526954094183,0.24764837514515387,-0.06167305720321987,-0.01189661645229731,0.0,,0,,,0,
2026-09-28,平塚,3,033520260928,1790580720,1790580420,3,1,014257,逃,72.0,,0.21008683434658385,0.26688926307501076,0.24764837514515387,0.07287021076191719,0.09890825893430233,0.0,,0,,,0,
2026-09-28,平塚,3,033520260928,1790580720,1790580420,4,5,014776,追,74.86,,0.0943040659309565,0.17358013296937508,-0.0266003459818778,0.07920610323580124,-0.007974591858595538,0.0,,0,,,0,
2026-09-28,平塚,3,033520260928,1790580720,1790580420,5,4,014424,両,68.85,,0.019682878132171785,0.09190225612122391,0.07917838873243306,-0.006526037761610014,-0.01922814796212002,0.0,,0,,,0,
2026-09-28,平塚,3,033520260928,1790580720,1790580420,6,2,013470,追,68.45,,0.003530121260631764,-0.30931466951856285,-0.1885265908866481,-0.09225817875902124,-0.014919858136612904,0.0,,0,,,0,
2026-09-28,平塚,3,033520260928,1790580720,1790580420,7,6,011346,追,66.8,,0.002410012879712586,-0.5285016816264753,-0.2385265908866481,-0.049392108260315634,0.0061090733133418625,0.0,,0,,,0,
2026-09-28,岐阜,4,044320260928,1790581320,1790581020,1,5,014168,両,102.75,,0.5485847760681801,0.5669552308908715,0.3120025247046294,0.06774633282542986,-0.03647402078073692,0.0,,0,,,0,
2026-09-28,岐阜,4,044320260928,1790581320,1790581020,2,9,014730,追,102.39,,0.18625887335471936,0.07437593176269554,0.32861812780406846,0.07033257235301799,0.01672303482059176,0.0,,0,,,0,
2026-09-28,岐阜,4,044320260928,1790581320,1790581020,3,1,015702,逃,103.5,,0.11940007806921715,-0.254906833131916,0.19038692160519027,0.029800660581599824,0.030771913102526076,0.0,,0,,,0,
2026-09-28,岐阜,4,044320260928,1790581320,1790581020,4,3,015458,逃,102.42,,0.06695601809758586,-0.3278193451021883,-0.009000315588078688,0.048463231118171766,0.11038616872425733,0.0,,0,,,0,
2026-09-28,岐阜,4,044320260928,1790581320,1790581020,5,2,015358,両,98.08,,0.033265192708307266,-0.016931165435030565,0.1790776999091167,0.017883135785725722,0.017283220335080444,0.0,,0,,,0,
2026-09-28,岐阜,4,044320260928,1790581320,1790581020,6,7,015058,逃,97.75,,0.016325506329131555,-0.6538951030779913,0.10730890610799484,-0.095560739274384,-0.009452394826128467,0.0,,0,,,0,
2026-09-28,岐阜,4,044320260928,1790581320,1790581020,7,4,012541,追,97.25,,0.0161662249457666,0.7324136507844677,-0.23161875898022585,-0.10449888287128956,-0.05809132154442368,0.0,,0,,,0,
2026-09-28,岐阜,4,044320260928,1790581320,1790581020,8,8,014622,追,96.88,,0.007397971967479095,0.1082538477860469,-0.28161875898022587,-0.05204944630399729,-0.054488438083809224,0.0,,0,,,0,
2026-09-28,岐阜,4,044320260928,1790581320,1790581020,9,6,014825,追,95.66,,0.005645358459612886,-0.22844621447695754,-0.1651563465824695,0.017883135785725722,-0.016658161747357382,0.0,,0,,,0,
2026-09-28,平塚,4,043520260928,1790582040,1790581740,1,4,015965,逃,79.86,,0.9429513987070754,0.58678303239116,0.44796653293219907,0.06970755292152414,-0.05232966849943755,0.0,,0,,,0,
2026-09-28,平塚,4,043520260928,1790582040,1790581740,2,5,014158,追,75.47,,0.04608126429235195,0.341365692318198,0.08186305150338144,0.060469868512973146,-0.029348290982525074,0.0,,0,,,0,
2026-09-28,平塚,4,043520260928,1790582040,1790581740,3,1,013705,追,71.83,,0.0041556778321501725,-0.009117276126310914,-0.08380247071094118,0.060469868512973146,0.04870662860874696,0.0,,0,,,0,
2026-09-28,平塚,4,043520260928,1790582040,1790581740,4,2,013998,両,69.17,,0.0030899789665028415,-0.19374359549703393,-0.06313694849661855,0.01756481039653676,-0.05232966849943755,0.0,,0,,,0,
2026-09-28,平塚,4,043520260928,1790582040,1790581740,5,7,014413,両,67.7,,0.0017369526738240674,-0.3710327192305254,-0.015285223806138254,-0.050864391661340214,0.04870662860874696,0.0,,0,,,0,
2026-09-28,平塚,4,043520260928,1790582040,1790581740,6,3,013887,追,69.6,,0.0013276375256627366,-0.1122151658164317,0.011197529289058802,-0.07867385434133349,-0.05232966849943755,0.0,,0,,,0,
2026-09-28,平塚,4,043520260928,1790582040,1790581740,7,6,012934,追,67.1,,0.0006570900024327827,-0.24203996803905592,-0.08380247071094118,-0.07867385434133349,0.0889240392633438,0.0,,0,,,0,
2026-09-28,岐阜,5,054320260928,1790582880,1790582580,1,7,013442,追,105.89,,0.3241858978284032,0.9574222167914352,0.010846683380299052,0.08572594417875395,-0.03789647674880847,0.0,,0,,,0,
2026-09-28,岐阜,5,054320260928,1790582880,1790582580,2,1,015629,逃,102.96,,0.1780755788852714,-0.15649897306517513,0.011101667263582084,0.04064341495377634,-0.05512887805049139,0.0,,0,,,0,
2026-09-28,岐阜,5,054320260928,1790582880,1790582580,3,6,015448,逃,94.19,,0.13294903416435042,-0.8991856511025522,0.5722065974244752,-0.026464034639768905,-0.0002412621836183045,0.0,,0,,,0,
2026-09-28,岐阜,5,054320260928,1790582880,1790582580,4,9,014212,追,101.43,,0.11202104367601784,0.7165373711633397,0.09855916994970161,-0.0027154964021025296,0.012525606548468418,0.0,,0,,,0,
2026-09-28,岐阜,5,054320260928,1790582880,1790582580,5,3,014211,両,102.84,,0.08964059687254587,-0.26345990000098773,0.09881415383298464,0.06779142493842569,0.13110386927215084,0.0,,0,,,0,
2026-09-28,岐阜,5,054320260928,1790582880,1790582580,6,2,015604,両,99.85,,0.07171300718586414,0.27477780535580143,-0.023983327364178908,-0.07662188948961374,0.06026419359615608,0.0,,0,,,0,
2026-09-28,岐阜,5,054320260928,1790582880,1790582580,7,5,015784,逃,102.95,,0.06533241816738386,0.05052366834002851,-0.09415331661970094,-0.05045880400159224,-0.03687742443954887,0.0,,0,,,0,
2026-09-28,岐阜,5,054320260928,1790582880,1790582580,8,4,014394,両,99.67,,0.015279975003634401,-0.1283461706397735,-0.20695079781686448,0.035568089328909126,-0.06176577027265231,0.0,,0,,,0,
2026-09-28,岐阜,5,054320260928,1790582880,1790582580,9,8,014448,追,95.04,,0.010802448216528891,-0.5517703668421143,0.09855916994970161,-0.07346864886678772,-0.011983857721656038,0.0,,0,,,0,
2026-09-28,平塚,5,053520260928,1790583720,1790583420,1,5,016028,両,57.56,,0.9590389390219097,0.5545894588861071,-0.025,0.15135544757348704,0.1079677026147483,0.0,,0,,,0,
2026-09-28,平塚,5,053520260928,1790583720,1790583420,2,7,015863,両,53.72,,0.026509034412017334,0.24466813948475288,-0.025,0.04997388639625377,0.07047298467689156,0.0,,0,,,0,
2026-09-28,平塚,5,053520260928,1790583720,1790583420,3,2,014962,逃,50.74,,0.0061249373318657645,-0.08509653073123513,-0.025,0.0009276263051940792,0.009962889661446733,0.0,,0,,,0,
2026-09-28,平塚,5,053520260928,1790583720,1790583420,4,1,015321,追,51.0,,0.0039003478306567046,0.1040865153183,-0.025,-0.014211849588295512,-0.04902370028636688,0.0,,0,,,0,
2026-09-28,平塚,5,053520260928,1790583720,1790583420,5,6,015027,両,50.62,,0.002778192964314704,-0.01802853869402607,-0.025,-0.014211849588295512,-0.03652546097374796,0.0,,0,,,0,
2026-09-28,平塚,5,053520260928,1790583720,1790583420,6,3,015950,両,46.88,,0.0008556288218158789,-0.3815007113982049,-0.025,-0.08522976112468035,-0.04902370028636688,0.0,,0,,,0,
2026-09-28,平塚,5,053520260928,1790583720,1790583420,7,4,015489,両,44.9,,0.000792919617420011,-0.418718332865693,-0.025,-0.08860349997366351,-0.05383071540660492,0.0,,0,,,0,
2026-09-28,岐阜,6,064320260928,1790584560,1790584260,1,1,015840,逃,105.62,,0.36289702197472445,0.19903497891772454,0.15478473842170315,0.049260897889717985,0.09331983997673846,0.0,,0,,,0,
2026-09-28,岐阜,6,064320260928,1790584560,1790584260,2,9,013495,追,102.73,,0.2866625608315536,1.0548559740275774,0.2391607606217797,0.030045519433107525,-0.0186840001066363,0.0,,0,,,0,
2026-09-28,岐阜,6,064320260928,1790584560,1790584260,3,3,015418,両,104.64,,0.1807487491888032,0.4919594637137096,0.17540871622162663,0.03965320866141275,-0.06961718638440136,0.0,,0,,,0,
2026-09-28,岐阜,6,064320260928,1790584560,1790584260,4,7,015256,逃,101.14,,0.06603887991005114,0.006535465143464637,0.05166484942208609,-0.057900022048721946,0.027722398869002844,0.0,,0,,,0,
2026-09-28,岐阜,6,064320260928,1790584560,1790584260,5,2,013685,追,102.19,,0.04808169461895399,0.1495805675099376,0.13604087162216263,0.05187372568637749,0.011282063818978606,0.0,,0,,,0,
2026-09-28,岐阜,6,064320260928,1790584560,1790584260,6,8,015454,逃,96.59,,0.02409161505966936,-0.4189407768963506,-0.19394277317661207,-0.09611987347235966,-0.07978197042763953,0.0,,0,,,0,
2026-09-28,岐阜,6,064320260928,1790584560,1790584260,7,5,014592,追,99.71,,0.01837511150500297,-0.39883511027974927,0.09479291602231582,0.008217313179837558,-0.009575792471597329,0.0,,0,,,0,
2026-09-28,岐阜,6,064320260928,1790584560,1790584260,8,4,014878,追,99.68,,0.00839149306163511,-0.0808047724107632,-0.28894277317661204,0.008217313179837558,0.0339979498757889,0.0,,0,,,0,
2026-09-28,岐阜,6,064320260928,1790584560,1790584260,9,6,015543,逃,93.64,,0.004712873849606118,-1.0033857897255527,0.19603269402155,-0.03324808250920927,0.011336696849765715,0.0,,0,,,0,
2026-09-28,平塚,6,063520260928,1790585400,1790585100,1,6,015219,逃,57.54,,0.7951159389991515,0.488928107005669,-0.025,0.1597426857689329,0.14781538625379753,0.0,,0,,,0,
2026-09-28,平塚,6,063520260928,1790585400,1790585100,2,3,015311,両,57.6,,0.18955463781411813,0.394603245999682,-0.025,0.033748288286449074,0.0015634329474961475,0.0,,0,,,0,
2026-09-28,平塚,6,063520260928,1790585400,1790585100,3,4,015667,両,52.72,,0.008765383224491972,0.11307758709591534,-0.025,0.025358350178661036,-0.029202753511468865,0.0,,0,,,0,
2026-09-28,平塚,6,063520260928,1790585400,1790585100,4,2,015940,両,50.68,,0.0034228583633236233,-0.0429423741663807,-0.025,-0.03440031583160719,-0.03064491850173285,0.0,,0,,,0,
2026-09-28,平塚,6,063520260928,1790585400,1790585100,5,1,015494,両,47.78,,0.001184753675481952,-0.2968197188927226,-0.025,-0.020858972347004803,-0.029202753511468865,0.0,,0,,,0,
2026-09-28,平塚,6,063520260928,1790585400,1790585100,6,7,016039,両,47.06,,0.0011182880016294267,-0.31320025666436724,-0.025,-0.07502434628541434,-0.03064491850173285,0.0,,0,,,0,
2026-09-28,平塚,6,063520260928,1790585400,1790585100,7,5,015078,追,46.41,,0.0008381399218033564,-0.3436465903777963,-0.025,-0.08856568977001672,-0.029683475174890197,0.0,,0,,,0,
2026-09-28,岐阜,7,074320260928,1790586240,1790585940,1,9,014097,両,113.16,,0.2849818298909227,0.991191635354852,-0.26004144370271504,0.008869633783034197,0.04567181020206725,0.0,,0,,,0,
2026-09-28,岐阜,7,074320260928,1790586240,1790585940,2,7,015337,追,109.04,,0.2371053366194283,-0.41106525844529496,0.29883588107815273,0.008869633783034197,-0.0664285274266472,0.0,,0,,,0,
2026-09-28,岐阜,7,074320260928,1790586240,1790585940,3,2,014421,両,104.62,,0.22028414616782344,0.282923071509624,0.39080861991834565,0.13047537224134254,0.09504183833546342,0.0,,0,,,0,
2026-09-28,岐阜,7,074320260928,1790586240,1790585940,4,3,015522,逃,107.36,,0.13824530896800338,0.04020371300569432,0.12485632694800813,-0.02607851377472998,0.10210806129043132,0.0,,0,,,0,
2026-09-28,岐阜,7,074320260928,1790586240,1790585940,5,5,014427,追,104.73,,0.047092368689366323,0.7459406443189857,-0.26004144370271504,-0.03385977128645476,0.015125586278111287,0.0,,0,,,0,
2026-09-28,岐阜,7,074320260928,1790586240,1790585940,6,1,015170,両,101.77,,0.03599591177052222,-0.2772661023035245,0.07886995752791172,0.037597102306800856,-0.04522985856174355,0.0,,0,,,0,
2026-09-28,岐阜,7,074320260928,1790586240,1790585940,7,4,015744,逃,99.8,,0.028448824266722766,-0.16600806010110575,0.03288358810781529,0.02359516576107856,-0.0363970798680337,0.0,,0,,,0,
2026-09-28,岐阜,7,074320260928,1790586240,1790585940,8,8,013922,追,99.28,,0.004233969791252515,-0.17026613394319107,-0.21004144370271505,-0.08233467006069706,-0.05052952577796947,0.0,,0,,,0,
2026-09-28,岐阜,7,074320260928,1790586240,1790585940,9,6,014710,両,95.02,,0.0036123038359584334,-1.0356535093960386,0.18386995752791171,-0.06713395275340851,-0.059362304471679325,0.0,,0,,,0,
2026-09-28,平塚,7,073520260928,1790587080,1790586780,1,7,013903,追,88.23,,0.6026204839440442,0.38646103329836745,0.2826109386860326,0.11041781499595486,-0.024908566987478564,0.0,,0,,,0,
2026-09-28,平塚,7,073520260928,1790587080,1790586780,2,5,015603,逃,86.76,,0.1903802859259089,0.3688463290478239,0.17761093868603256,-0.0032383565350056764,0.10132351946798132,0.0,,0,,,0,
2026-09-28,平塚,7,073520260928,1790587080,1790586780,3,1,015617,逃,85.53,,0.13899872996463403,0.07833333727489686,0.08275455778584692,0.007902095080172023,-0.009855400930514832,0.0,,0,,,0,
2026-09-28,平塚,7,073520260928,1790587080,1790586780,4,3,012809,追,85.38,,0.03483754138736194,0.12864494093527515,0.029660589618870775,0.0146131356459051,-0.05455447255605805,0.0,,0,,,0,
2026-09-28,平塚,7,073520260928,1790587080,1790586780,5,2,012379,追,82.38,,0.022160351895492574,-0.10583147136544499,0.06127938325226602,-0.00933803419160734,0.012266631416112016,0.0,,0,,,0,
2026-09-28,平塚,7,073520260928,1790587080,1790586780,6,6,015012,両,76.04,,0.009352852158608975,-0.5290735341183096,0.1459921450526373,-0.03916511129127434,0.04624594206755896,0.0,,0,,,0,
2026-09-28,平塚,7,073520260928,1790587080,1790586780,7,4,014742,追,78.8,,0.0016497547239494109,-0.32738063507261067,-0.34990855308168617,-0.08119154370414466,-0.07051765247760085,0.0,,0,,,0,
2026-09-28,岐阜,8,084320260928,1790587920,1790587620,1,3,014890,両,104.2,,0.3748895119962621,0.6897359249886112,0.4125,0.032984067438336005,-0.004477956130454038,0.0,,0,,,0,
2026-09-28,岐阜,8,084320260928,1790587920,1790587620,2,9,014700,追,103.62,,0.23470647768188954,0.4589152349832545,0.165,0.027476729821071313,-0.028035618561096484,0.0,,0,,,0,
2026-09-28,岐阜,8,084320260928,1790587920,1790587620,3,1,015718,逃,105.62,,0.1990449002750864,0.5137339466055159,0.1275,-0.037596352407971,-0.025679852318032236,0.0,,0,,,0,
2026-09-28,岐阜,8,084320260928,1790587920,1790587620,4,5,015653,逃,102.83,,0.09437134675152253,0.4822592950164146,0.037499999999999985,0.1172571782846832,0.13875065513049728,0.0,,0,,,0,
2026-09-28,岐阜,8,084320260928,1790587920,1790587620,5,7,013923,追,103.37,,0.07164068856997739,-0.30246519800899235,0.345,0.027476729821071313,-0.001672662304948492,0.0,,0,,,0,
2026-09-28,岐阜,8,084320260928,1790587920,1790587620,6,2,014222,追,101.64,,0.011169406909539386,0.20251702181176937,-0.24500000000000002,0.027476729821071313,0.001261067972683147,0.0,,0,,,0,
2026-09-28,岐阜,8,084320260928,1790587920,1790587620,7,6,015389,両,99.17,,0.007030323017973853,-0.241597224214996,-0.065,-0.06096471075978518,0.0018390320072505413,0.0,,0,,,0,
2026-09-28,岐阜,8,084320260928,1790587920,1790587620,8,8,015426,逃,99.53,,0.0037976085510863624,-1.0165218055259335,-0.1875,-0.09083394937486307,-0.03745868353335346,0.0,,0,,,0,
2026-09-28,岐阜,8,084320260928,1790587920,1790587620,9,4,013862,追,100.38,,0.0033497362466625167,-0.7865771956556407,-0.11000000000000001,-0.04327642264361387,-0.04452598226254619,0.0,,0,,,0,
2026-09-28,平塚,8,083520260928,1790588760,1790588460,1,5,015752,逃,89.77,,0.5184624195360888,0.47449854830775307,0.1615512631377592,0.08359960444124338,0.07380191860791674,0.0,,0,,,0,
2026-09-28,平塚,8,083520260928,1790588760,1790588460,2,7,014601,両,86.77,,0.36419490326889137,0.3735248563925765,0.26655126313775923,0.1142586367666395,-0.010672535049482061,0.0,,0,,,0,
2026-09-28,平塚,8,083520260928,1790588760,1790588460,3,4,012886,追,90.86,,0.056777679032981615,-0.047316687813294234,-0.11448202102041458,-0.0554469907181319,-0.042822087923511276,0.0,,0,,,0,
2026-09-28,平塚,8,083520260928,1790588760,1790588460,4,2,015895,逃,81.29,,0.0354164169441566,-0.12916828493001276,0.30810252627551843,0.019003014263100245,-0.014244707591040861,0.0,,0,,,0,
2026-09-28,平塚,8,083520260928,1790588760,1790588460,5,3,015293,逃,82.62,,0.012879004505255085,-0.25285156226117544,-0.10224101051020726,-0.050520283316587394,0.08672593288625757,0.0,,0,,,0,
2026-09-28,平塚,8,083520260928,1790588760,1790588460,6,1,014192,追,82.72,,0.008208054455539548,-0.145785072019133,-0.0629307578826554,-0.0554469907181319,-0.042822087923511276,0.0,,0,,,0,
2026-09-28,平塚,8,083520260928,1790588760,1790588460,7,6,013989,追,79.72,,0.004061522257086892,-0.27290179767671374,-0.026551263137759074,-0.0554469907181319,-0.04996643300662887,0.0,,0,,,0,
2026-09-28,岐阜,9,094320260928,1790589600,1790589300,1,5,015298,逃,116.72,,0.5075232308757212,0.2916497457943758,0.2315164167388581,0.09073495236896843,-0.0572160625105044,0.0,,0,,,0,
2026-09-28,岐阜,9,094320260928,1790589600,1790589300,2,9,013387,両,106.67,,0.3939857963822355,0.746572221159645,0.38779662070332444,0.05875878438579464,0.06470344564054366,0.0,,0,,,0,
2026-09-28,岐阜,9,094320260928,1790589600,1790589300,3,1,014680,両,102.26,,0.03275741040944497,-0.31318860887844363,0.08011539691652611,-0.0035529075536859705,-0.028181883751238958,0.0,,0,,,0,
2026-09-28,岐阜,9,094320260928,1790589600,1790589300,4,8,014233,追,96.66,,0.020833516969923502,0.5359283039380205,0.1573296140958805,0.022917725559396147,0.08440179616425485,0.0,,0,,,0,
2026-09-28,岐阜,9,094320260928,1790589600,1790589300,5,7,015551,逃,103.24,,0.018848084974579574,-0.39243812427997915,0.04348900220248132,0.03474911731301296,0.01645076316479894,0.0,,0,,,0,
2026-09-28,岐阜,9,094320260928,1790589600,1790589300,6,3,014685,追,104.09,,0.011116248021342109,-0.03797152480985756,-0.22000541894133943,-0.030843862680201575,0.008116997554643731,0.0,,0,,,0,
2026-09-28,岐阜,9,094320260928,1790589600,1790589300,7,4,014228,両,98.83,,0.008569289274724803,-0.01084786159924999,-0.06488460308347388,0.004997196146196909,-0.02401500094616136,0.0,,0,,,0,
2026-09-28,岐阜,9,094320260928,1790589600,1790589300,8,2,015128,追,99.22,,0.004828971583194499,-0.17565002150567277,-0.10035160969091786,-0.13836703915939705,-0.06533108922251128,0.0,,0,,,0,
2026-09-28,岐阜,9,094320260928,1790589600,1790589300,9,6,014512,追,96.66,,0.001537451508833997,-0.644054129818839,-0.27000541894133945,-0.03939396638008445,0.001071033906174787,0.0,,0,,,0,
2026-09-28,平塚,9,093520260928,1790590440,1790590140,1,3,015665,両,89.14,,0.40493185840495993,0.48869704029300043,0.1429367676733013,0.08753252307562483,-0.005038244488356889,0.0,,0,,,0,
2026-09-28,平塚,9,093520260928,1790590440,1790590140,2,1,015510,逃,91.76,,0.3786360939066699,0.38150166595870205,-0.060867769996304416,0.012620664979644668,-0.003699827867842793,0.0,,0,,,0,
2026-09-28,平塚,9,093520260928,1790590440,1790590140,3,4,015930,逃,84.73,,0.14890633470252113,0.09628900890499287,0.39610321672562204,-0.019725592990539935,0.13504042137290292,0.0,,0,,,0,
2026-09-28,平塚,9,093520260928,1790590440,1790590140,4,7,013914,追,85.03,,0.039496984939481096,-0.15905121061807875,0.04413223000369558,0.06498963732398669,-0.06178608307147925,0.0,,0,,,0,
2026-09-28,平塚,9,093520260928,1790590440,1790590140,5,5,014549,追,82.87,,0.019540773899147712,-0.12686605482561286,0.07498846929940343,-0.015101220172643048,0.034059373076416724,0.0,,0,,,0,
2026-09-28,平塚,9,093520260928,1790590440,1790590140,6,2,012845,追,82.06,,0.006950675151319528,-0.33032235894572404,0.05648279721239628,-0.05514664892095792,-0.038719494333157745,0.0,,0,,,0,
2026-09-28,平塚,9,093520260928,1790590440,1790590140,7,6,013506,追,81.35,,0.0015372789959006605,-0.35024809076727725,-0.22377571091811446,-0.07516936329511537,-0.05985614468848301,0.0,,0,,,0,
2026-09-28,岐阜,10,104320260928,1790591340,1790591040,1,3,014047,両,114.16,,0.39787634274168165,-0.16675478379416328,0.2605875345870553,-0.041828061437480885,-0.03974303705260923,0.0,,0,,,0,
2026-09-28,岐阜,10,104320260928,1790591340,1790591040,2,2,015436,逃,109.6,,0.153659826522775,0.24245627271007655,0.1928018819777465,0.04761600416575507,0.07383248769293213,0.0,,0,,,0,
2026-09-28,岐阜,10,104320260928,1790591340,1790591040,3,1,015213,逃,113.56,,0.15171051291027027,-0.7346889510288317,0.2672305767591287,0.01420081013567117,0.10116243883647053,0.0,,0,,,0,
2026-09-28,岐阜,10,104320260928,1790591340,1790591040,4,5,014524,追,112.33,,0.1336643676222088,-0.024589644158100846,0.09312297132894529,0.08725662837063365,-0.0029360661832084738,0.0,,0,,,0,
2026-09-28,岐阜,10,104320260928,1790591340,1790591040,5,4,012596,追,106.85,,0.0648662707924823,0.1346655005228278,0.16755166611032754,0.0012001684985572941,-0.07071698168195277,0.0,,0,,,0,
2026-09-28,岐阜,10,104320260928,1790591340,1790591040,6,7,014210,追,110.03,,0.05310625819455069,0.6241824661864986,-0.07630572345243697,0.0012001684985572941,0.0024075787083827,0.0,,0,,,0,
2026-09-28,岐阜,10,104320260928,1790591340,1790591040,7,8,015518,逃,104.76,,0.02874134473630182,0.160794625219743,0.08115883980567307,-0.0905319402607892,0.02436941589290665,0.0,,0,,,0,
2026-09-28,岐阜,10,104320260928,1790591340,1790591040,8,6,014246,追,103.32,,0.00857363418473944,-0.04007422168140741,-0.2065559393198559,0.04422839843459547,-0.040519455553232345,0.0,,0,,,0,
2026-09-28,岐阜,10,104320260928,1790591340,1790591040,9,9,014554,追,107.28,,0.007801442294990045,-0.19599126397664063,-0.2995918077965837,-0.06334217640549997,-0.0478563806596892,0.0,,0,,,0,
2026-09-28,平塚,10,103520260928,1790592240,1790591940,1,1,015919,逃,94.18,,0.8669923382438993,0.6077254628238242,0.4030771046774904,0.0772392636584303,0.08390452844578522,0.0,,0,,,0,
2026-09-28,平塚,10,103520260928,1790592240,1790591940,2,4,013439,追,91.72,,0.10221019750196908,0.2926013902860275,0.15980277996692205,0.04417315504989847,0.007538261241112862,0.0,,0,,,0,
2026-09-28,平塚,10,103520260928,1790592240,1790591940,3,7,015471,両,87.83,,0.014526961215524912,-0.019592766187932188,0.055320482553751535,0.06826180710630746,-0.043496188775438566,0.0,,0,,,0,
2026-09-28,平塚,10,103520260928,1790592240,1790591940,4,5,015754,逃,87.0,,0.014001299295781573,-0.03659754890499157,0.08963021243797892,-0.009041214231014874,0.09942984354027014,0.0,,0,,,0,
2026-09-28,平塚,10,103520260928,1790592240,1790591940,5,3,014823,追,81.9,,0.0009947166673672204,-0.24467255913090644,-0.11804124050612635,-0.05218145317573747,-0.04503145042320347,0.0,,0,,,0,
2026-09-28,平塚,10,103520260928,1790592240,1790591940,6,2,014637,追,82.22,,0.0006664840666455049,-0.30026917299698463,-0.10062752427059793,-0.004004149062919498,-0.05117249701426309,0.0,,0,,,0,
2026-09-28,平塚,10,103520260928,1790592240,1790591940,7,6,013171,追,80.25,,0.0006080030088123611,-0.2991948058890382,-0.19416181485941897,-0.12444740934496443,-0.05117249701426309,0.0,,0,,,0,
2026-09-28,岐阜,11,114320260928,1790593140,1790592840,1,9,015451,両,113.19,,0.6601957492647286,0.23425767763242433,0.4963415310285042,0.02037482601781543,-0.042291665072565175,0.0,,0,,,0,
2026-09-28,岐阜,11,114320260928,1790593140,1790592840,2,7,014002,追,114.54,,0.09608534543605758,0.2626845832646276,0.07552327360572222,0.004226619073230194,-0.06515168793259947,0.0,,0,,,0,
2026-09-28,岐阜,11,114320260928,1790593140,1790592840,3,3,014659,追,113.0,,0.07565458250660187,0.22994399998970794,0.09605099348000426,-0.01919530294559505,0.004397738188205994,0.0,,0,,,0,
2026-09-28,岐阜,11,114320260928,1790593140,1790592840,4,1,015814,逃,107.51,,0.04459962535563228,-0.029568672878515657,0.18606433228568375,0.03328636962430697,0.1384449640639191,0.0,,0,,,0,
2026-09-28,岐阜,11,114320260928,1790593140,1790592840,5,2,014054,両,114.51,,0.03875617617578093,-0.9922315058790823,-0.008949006519995733,0.09791430714853114,0.006523866542912444,0.0,,0,,,0,
2026-09-28,岐阜,11,114320260928,1790593140,1790592840,6,8,015695,逃,104.36,,0.034946013570085394,0.4060659158078666,0.06289801303999146,-0.08462362886787184,0.029519879710320877,0.0,,0,,,0,
2026-09-28,岐阜,11,114320260928,1790593140,1790592840,7,5,015354,逃,107.0,,0.03170523717064389,0.49786843028379574,-0.008949006519995733,-0.044253111506408746,-0.03943416221506089,0.0,,0,,,0,
2026-09-28,岐阜,11,114320260928,1790593140,1790592840,8,4,014977,両,104.91,,0.010972400163844166,0.20256449750388367,-0.21449006519995722,0.05590790324507959,-0.062294185075095175,0.0,,0,,,0,
2026-09-28,岐阜,11,114320260928,1790593140,1790592840,9,6,015706,逃,101.0,,0.007084870356625265,-0.8115849257247075,-0.11949006519995722,-0.06363798178908768,0.03028525178996225,0.0,,0,,,0,
2026-09-28,平塚,11,113520260928,1790594040,1790593740,1,3,015202,両,97.93,,0.43717731076213917,0.436008138862397,-0.2793550385248997,0.12703198962168755,0.07832274049783737,0.0,,0,,,0,
2026-09-28,平塚,11,113520260928,1790594040,1790593740,2,6,014066,追,94.26,,0.25676216982737327,-0.06489331758837937,0.4354002477708756,0.012627723119561104,-0.035227006372395404,0.0,,0,,,0,
2026-09-28,平塚,11,113520260928,1790594040,1790593740,3,4,014991,追,95.21,,0.108453749451504,-0.028321393348551993,0.08113231001647397,-0.02094750569601772,-0.04656661146074077,0.0,,0,,,0,
2026-09-28,平塚,11,113520260928,1790594040,1790593740,4,2,013947,追,94.8,,0.07733191768849054,0.02305257563018881,0.22174201540995986,-0.024367150709865212,-0.037252387714504384,0.0,,0,,,0,
2026-09-28,平塚,11,113520260928,1790594040,1790593740,5,1,014807,両,94.44,,0.0661855021726073,0.23882954775601634,0.09113231001647398,0.0002960985097523357,0.07705740433140777,0.0,,0,,,0,
2026-09-28,平塚,11,113520260928,1790594040,1790593740,6,5,014135,追,94.84,,0.02800500226180755,-0.13812642729733926,-0.17252592234444178,-0.012035526100056438,-0.042390580373612305,0.0,,0,,,0,
2026-09-28,平塚,11,113520260928,1790594040,1790593740,7,7,014378,逃,94.85,,0.026084347836078232,-0.4665491240143392,-0.13252592234444177,-0.08260562874506158,0.00605644109200763,0.0,,0,,,0,
2026-09-28,岐阜,12,124320260928,1790595000,1790594700,1,1,014129,両,115.86,,0.4873364907660058,0.5522900685135711,0.2516027079025076,0.03109953209222103,0.04754715757832462,0.0,,0,,,0,
2026-09-28,岐阜,12,124320260928,1790595000,1790594700,2,3,014681,両,114.54,,0.35843662288095834,0.5908842776886274,0.31740406185376135,0.1025903345184238,0.04646160940284789,0.0,,0,,,0,
2026-09-28,岐阜,12,124320260928,1790595000,1790594700,3,5,014252,追,110.86,,0.06926115661862181,0.47571285128784796,0.08239922631356925,0.014862416024454858,-0.05248523438571073,0.0,,0,,,0,
2026-09-28,岐阜,12,124320260928,1790595000,1790594700,4,2,014396,逃,115.25,,0.0407136141559436,-1.147058159072474,0.1278023210592922,-0.04039127033398173,-0.008384182315230262,0.0,,0,,,0,
2026-09-28,岐阜,12,124320260928,1790595000,1790594700,5,4,015917,逃,105.44,,0.024682270923855082,0.18957416078521125,0.30640599606983815,-0.04555527081050656,0.13369832034998755,0.0,,0,,,0,
2026-09-28,岐阜,12,124320260928,1790595000,1790594700,6,6,015509,逃,102.45,,0.010462604096780235,0.17785252851385572,-0.06960174079446915,0.009777568427982719,-0.046498523438571075,0.0,,0,,,0,
2026-09-28,岐阜,12,124320260928,1790595000,1790594700,7,7,014837,追,109.0,,0.005391301414448434,-0.10211310178922549,-0.12540309474572295,0.04410505552244451,-0.07044536722712968,0.0,,0,,,0,
2026-09-28,岐阜,12,124320260928,1790595000,1790594700,8,9,013532,追,107.13,,0.0029716118197462933,-0.177613714670677,-0.19120444869697675,-0.05824418272051925,0.0005958841054792179,0.0,,0,,,0,
2026-09-28,岐阜,12,124320260928,1790595000,1790594700,9,8,013815,追,104.65,,0.0007443273236403413,-0.5595289112567386,-0.21940502896179978,-0.05824418272051925,-0.05048966406999751,0.0,,0,,,0,
2026-09-28,いわき平,1,011320260928,1790595600,1790595300,1,1,015586,両,55.03,,0.504753002796038,0.8882386342882171,0.0,0.09701127726207487,-0.03905511586693349,0.0,,0,,,0,
2026-09-28,いわき平,1,011320260928,1790595600,1790595300,2,2,015392,逃,54.14,,0.4310445200676002,0.7774529587331267,0.0,0.12532540934549222,0.10063807407964553,0.0,,0,,,0,
2026-09-28,いわき平,1,011320260928,1790595600,1790595300,3,3,015399,両,50.47,,0.031704354193864005,0.2336845924405061,0.0,-0.011604165472101302,0.06920681291890264,0.0,,0,,,0,
2026-09-28,いわき平,1,011320260928,1790595600,1790595300,4,5,015761,両,49.66,,0.01624059204987924,-0.05775701782580199,0.0,-0.014157132017770864,0.0298957842302144,0.0,,0,,,0,
2026-09-28,いわき平,1,011320260928,1790595600,1790595300,5,4,015402,両,50.42,,0.01239484674900229,-0.14256058679185898,0.0,-0.05013016373819687,-0.04389069450704779,0.0,,0,,,0,
2026-09-28,いわき平,1,011320260928,1790595600,1790595300,6,6,016044,両,47.11,,0.002853492950194398,-0.8798909444441736,0.0,-0.06219864889364655,-0.05839743042739066,0.0,,0,,,0,
2026-09-28,いわき平,1,011320260928,1790595600,1790595300,7,7,014904,追,45.26,,0.001009191193422039,-0.8191676364000174,0.0,-0.08424657648585147,-0.05839743042739066,0.0,,0,,,0,
2026-09-28,玉野,1,016120260928,1790596200,1790595900,1,1,015492,両,53.72,,0.4562778991942764,0.7698890903671736,0.0,0.07590257312417398,0.005841575046968225,0.0,,0,,,0,
2026-09-28,玉野,1,016120260928,1790596200,1790595900,2,2,015308,両,53.5,,0.43009744700896885,0.7245695998777919,0.0,0.06420541476199464,0.028273223227326203,0.0,,0,,,0,
2026-09-28,玉野,1,016120260928,1790596200,1790595900,3,4,015216,両,50.61,,0.062342264657360626,0.08115482791618572,0.0,0.04665967721872561,0.0030376190244234785,0.0,,0,,,0,
2026-09-28,玉野,1,016120260928,1790596200,1790595900,4,3,015953,両,51.04,,0.02991603435119346,-0.18805539477374006,0.0,-0.04049740661051108,-0.01518809512211738,0.0,,0,,,0,
2026-09-28,玉野,1,016120260928,1790596200,1790595900,5,6,016042,両,48.52,,0.011746702423510296,-0.491289431531021,0.0,-0.05804314415378009,-0.01518809512211738,0.0,,0,,,0,
2026-09-28,玉野,1,016120260928,1790596200,1790595900,6,5,015579,両,49.85,,0.009619652364690378,-0.8962686918563909,0.0,-0.08822711434060304,-0.006776227054483139,0.0,,0,,,0,
2026-09-28,いわき平,2,021320260928,1790596800,1790596500,1,1,015398,両,56.66,,0.7259909217884449,0.9943257171061222,0.0,0.10376893087767772,0.1321290054266266,0.0,,0,,,0,
2026-09-28,いわき平,2,021320260928,1790596800,1790596500,2,2,015769,両,54.59,,0.219991365325925,0.6456669496420142,0.0,0.08320975612101908,0.06350723507686794,0.0,,0,,,0,
2026-09-28,いわき平,2,021320260928,1790596800,1790596500,3,3,015854,両,52.89,,0.04432494346716205,0.19836410085432898,0.0,0.07336995411651473,-0.03385170241705222,0.0,,0,,,0,
2026-09-28,いわき平,2,021320260928,1790596800,1790596500,4,4,015151,両,48.66,,0.004935384511512455,0.14880373777637793,0.0,-0.07833173944008358,-0.04112831715311661,0.0,,0,,,0,
2026-09-28,いわき平,2,021320260928,1790596800,1790596500,5,5,015849,両,47.37,,0.0024922087682146326,-0.5216018231415961,0.0,-0.050539308304655,-0.03839958662709246,0.0,,0,,,0,
2026-09-28,いわき平,2,021320260928,1790596800,1790596500,6,7,016037,両,44.88,,0.0013916742340394318,-0.5979637138294096,0.0,-0.05314585393038941,-0.04112831715311661,0.0,,0,,,0,
2026-09-28,いわき平,2,021320260928,1790596800,1790596500,7,6,015946,両,45.62,,0.0008735019047015296,-0.8675949684078363,0.0,-0.07833173944008358,-0.04112831715311661,0.0,,0,,,0,
2026-09-28,玉野,2,026120260928,1790597400,1790597100,1,1,014963,両,55.2,,0.7706849848648423,1.0282281445666346,0.0,0.14692376962601733,0.1345270016460674,0.0,,0,,,0,
2026-09-28,玉野,2,026120260928,1790597400,1790597100,2,2,015221,両,53.66,,0.1276720012814598,0.3956077214147196,0.0,0.027835861454320876,0.05437161637893867,0.0,,0,,,0,
2026-09-28,玉野,2,026120260928,1790597400,1790597100,3,3,015503,両,51.54,,0.038840373699963904,-0.09661996708785929,0.0,-0.04095431959535573,-0.03417050463984247,0.0,,0,,,0,
2026-09-28,玉野,2,026120260928,1790597400,1790597100,4,5,015773,両,51.12,,0.03235149933678417,0.001757386979930605,0.0,-0.04095431959535573,-0.0394339489640323,0.0,,0,,,0,
2026-09-28,玉野,2,026120260928,1790597400,1790597100,5,4,015684,追,51.52,,0.019514111796078433,0.019075492809377516,0.0,-0.004159330535354153,-0.033418584022101065,0.0,,0,,,0,
2026-09-28,玉野,2,026120260928,1790597400,1790597100,6,6,016033,両,49.33,,0.00848973001545823,-0.36366847883498515,0.0,-0.05548032333654329,-0.040937790199515114,0.0,,0,,,0,
2026-09-28,玉野,2,026120260928,1790597400,1790597100,7,7,015147,両,48.3,,0.0024472990054132207,-0.9843802998478192,0.0,-0.03321133801772929,-0.040937790199515114,0.0,,0,,,0,
2026-09-28,いわき平,3,031320260928,1790598000,1790597700,1,1,014937,両,85.42,,0.675858736538977,0.8379133109761778,0.0,0.0819565396639926,0.11249738567731125,0.0,,0,,,0,
2026-09-28,いわき平,3,031320260928,1790598000,1790597700,2,2,015688,逃,83.96,,0.23385825182912146,0.5691023590293813,0.0,0.019265291421369467,-0.003078795160890716,0.0,,0,,,0,
2026-09-28,いわき平,3,031320260928,1790598000,1790597700,3,7,014079,追,76.63,,0.035569024435860484,0.26535659444667237,0.0,0.06347136900829799,0.055708372326730246,0.0,,0,,,0,
2026-09-28,いわき平,3,031320260928,1790598000,1790597700,4,6,013399,両,77.66,,0.024250428419813567,0.027491318388734823,0.0,-0.06496375397390258,-0.03447847643477865,0.0,,0,,,0,
2026-09-28,いわき平,3,031320260928,1790598000,1790597700,5,3,013983,追,81.92,,0.01627785602148447,-0.45370340625978206,0.0,0.0398420169663566,-0.04703834894433383,0.0,,0,,,0,
2026-09-28,いわき平,3,031320260928,1790598000,1790597700,6,4,012953,追,80.96,,0.009359136588998498,-0.5167527753506289,0.0,-0.0598195725876558,-0.036571788519704516,0.0,,0,,,0,
2026-09-28,いわき平,3,031320260928,1790598000,1790597700,7,5,012097,追,80.06,,0.0048265661657446,-0.7294074012305524,0.0,-0.07975189049845828,-0.04703834894433383,0.0,,0,,,0,
2026-09-28,玉野,3,036120260928,1790598600,1790598300,1,1,014783,逃,85.59,,0.7176702545692106,0.7462603753115109,0.0,0.07794412694144971,0.04370932670140529,0.0,,0,,,0,
2026-09-28,玉野,3,036120260928,1790598600,1790598300,2,4,013371,追,80.33,,0.09509659028966504,0.22824599155570172,0.0,0.08662193265355425,0.130260764364077,0.0,,0,,,0,
2026-09-28,玉野,3,036120260928,1790598600,1790598300,3,5,015906,逃,79.22,,0.08505891649730064,-0.38105828139327036,0.0,0.032779052837247316,-0.009490719848250746,0.0,,0,,,0,
2026-09-28,玉野,3,036120260928,1790598600,1790598300,4,2,014040,追,82.57,,0.05492175553079032,0.2333546085760509,0.0,-0.02283987252273923,-0.044634189799425336,0.0,,0,,,0,
2026-09-28,玉野,3,036120260928,1790598600,1790598300,5,3,013575,追,82.0,,0.02572000511996657,-0.3601058308769815,0.0,-0.0045962383266903144,-0.04229129180268036,0.0,,0,,,0,
2026-09-28,玉野,3,036120260928,1790598600,1790598300,6,7,013784,追,74.16,,0.014458968734335923,0.22996123152339132,0.0,-0.07409459227588681,-0.038776944807562906,0.0,,0,,,0,
2026-09-28,玉野,3,036120260928,1790598600,1790598300,7,6,014755,追,77.76,,0.007073509258730911,-0.6966580946964054,0.0,-0.09581440930693488,-0.038776944807562906,0.0,,0,,,0,
2026-09-28,いわき平,4,041320260928,1790599200,1790598900,1,1,015163,逃,83.66,,0.3656604696776467,0.39347560024188155,0.0,-0.03767918799193387,-0.03136226610923861,0.0,,0,,,0,
2026-09-28,いわき平,4,041320260928,1790599200,1790598900,2,2,015705,逃,81.89,,0.27593090735865583,0.14986613671805518,0.0,-0.01817259195982543,-0.023606771749093147,0.0,,0,,,0,
2026-09-28,いわき平,4,041320260928,1790599200,1790598900,3,5,015871,逃,79.12,,0.12272577834930824,-0.5950987752061859,0.0,-0.03598442673757932,0.13400876120291927,0.0,,0,,,0,
2026-09-28,いわき平,4,041320260928,1790599200,1790598900,4,4,013548,追,80.33,,0.09083717823259455,0.7222717935946199,0.0,-0.046983533283852894,-0.05523193006042731,0.0,,0,,,0,
2026-09-28,いわき平,4,041320260928,1790599200,1790598900,5,6,014513,追,78.0,,0.06716961296450939,-0.05077121555254588,0.0,0.09205425600134493,0.04570958903673986,0.0,,0,,,0,
2026-09-28,いわき平,4,041320260928,1790599200,1790598900,6,3,013172,追,80.81,,0.06275695481146226,0.39162302668361954,0.0,0.022535361358746016,-0.06028886883282242,0.0,,0,,,0,
2026-09-28,いわき平,4,041320260928,1790599200,1790598900,7,7,014021,追,77.94,,0.014919098605823014,-1.0113665664794484,0.0,0.024230122613100574,-0.009228513488077641,0.0,,0,,,0,
2026-09-28,玉野,4,046120260928,1790599800,1790599500,1,1,015372,逃,88.67,,0.7913910392713343,0.6617518661063564,0.0,0.16712349638713064,-0.046020007794786315,0.0,,0,,,0,
2026-09-28,玉野,4,046120260928,1790599800,1790599500,2,2,012766,追,84.95,,0.07076541742733714,-0.14342919233764023,0.0,-0.008398245762691109,-0.03203553747233375,0.0,,0,,,0,
2026-09-28,玉野,4,046120260928,1790599800,1790599500,3,4,015384,逃,81.6,,0.052031470381916536,-0.39376836965763395,0.0,0.020481549132555107,0.024539148418227637,0.0,,0,,,0,
2026-09-28,玉野,4,046120260928,1790599800,1790599500,4,6,014596,追,77.65,,0.03419323866550936,0.41102507619088663,0.0,-0.027137377085349267,0.13069628503812414,0.0,,0,,,0,
2026-09-28,玉野,4,046120260928,1790599800,1790599500,5,3,012112,追,81.88,,0.025409998293276934,0.13988179389229288,0.0,-0.008398245762691109,-0.05476030174631917,0.0,,0,,,0,
2026-09-28,玉野,4,046120260928,1790599800,1790599500,6,5,014329,追,80.84,,0.015492441071058674,-0.41445620247238296,0.0,-0.055503106706422826,0.006119833448808065,0.0,,0,,,0,
2026-09-28,玉野,4,046120260928,1790599800,1790599500,7,7,013893,両,77.42,,0.010716394889567117,-0.2610049717218779,0.0,-0.08816807020253144,-0.02853941989172061,0.0,,0,,,0,
2026-09-28,いわき平,5,051320260928,1790600400,1790600100,1,1,014821,両,88.62,,0.46542419560155895,0.45046472318694153,0.0,0.01122831394144371,0.10456997786847795,0.0,,0,,,0,
2026-09-28,いわき平,5,051320260928,1790600400,1790600100,2,2,014354,追,84.88,,0.21141670933957257,0.8096925954100309,0.0,-0.08153416796142737,-0.05620978980556014,0.0,,0,,,0,
2026-09-28,いわき平,5,051320260928,1790600400,1790600100,3,3,013615,追,84.85,,0.13394430394411225,-0.512616752342802,0.0,0.08024469136671988,0.011312404068545008,0.0,,0,,,0,
2026-09-28,いわき平,5,051320260928,1790600400,1790600100,4,4,013416,追,84.8,,0.08478033583857185,0.12307728633440515,0.0,0.057609554892879264,0.03914822310645624,0.0,,0,,,0,
2026-09-28,いわき平,5,051320260928,1790600400,1790600100,5,7,015085,両,78.26,,0.05095862616121489,-0.36200839043032873,0.0,0.08024469136671988,0.027569018176532026,0.0,,0,,,0,
2026-09-28,いわき平,5,051320260928,1790600400,1790600100,6,5,014056,追,83.53,,0.03062533247818025,-0.5537654731368942,0.0,-0.05834354748570961,-0.060201290892226096,0.0,,0,,,0,
2026-09-28,いわき平,5,051320260928,1790600400,1790600100,7,6,014282,追,79.9,,0.022850496636789334,0.0451560109786438,0.0,-0.08944953612062569,-0.06618854252222503,0.0,,0,,,0,
2026-09-28,玉野,5,056120260928,1790601000,1790600700,1,1,015359,両,86.66,,0.6039205234481183,0.7868158082995279,0.0,0.06464816555655181,0.007398731747964734,0.0,,0,,,0,
2026-09-28,玉野,5,056120260928,1790601000,1790600700,2,2,015108,両,85.96,,0.2061690454803066,-0.2563421803228326,0.0,0.09604191601239168,-0.024000949525923205,0.0,,0,,,0,
2026-09-28,玉野,5,056120260928,1790601000,1790600700,3,3,012989,追,84.79,,0.10157939017585,0.5869009609640271,0.0,-0.00809796836134103,-0.02190763744099734,0.0,,0,,,0,
2026-09-28,玉野,5,056120260928,1790601000,1790600700,4,4,014344,追,81.2,,0.03085977726422333,-0.12803409775911265,0.0,0.040399454250587524,-0.00516114076159044,0.0,,0,,,0,
2026-09-28,玉野,5,056120260928,1790601000,1790600700,5,5,014415,両,80.62,,0.03040380512682009,-0.08480353503205876,0.0,-0.03234667966730531,-0.03656082203547838,0.0,,0,,,0,
2026-09-28,玉野,5,056120260928,1790601000,1790600700,6,6,014374,両,80.58,,0.01686196006465505,-0.642263223998389,0.0,-0.07980078551165082,-0.03656082203547838,0.0,,0,,,0,
2026-09-28,玉野,5,056120260928,1790601000,1790600700,7,7,014351,両,75.52,,0.010205498440026585,-0.26227373215116484,0.0,-0.08084410227923387,0.11679264005150301,0.0,,0,,,0,
2026-09-28,いわき平,6,061320260928,1790601600,1790601300,1,1,012721,追,86.79,,0.36344654074304156,0.7574298022276577,0.0,0.05827285169404508,-0.030345952614051975,0.0,,0,,,0,
2026-09-28,いわき平,6,061320260928,1790601600,1790601300,2,4,013826,追,84.87,,0.1687162182230331,0.5764623890542938,0.0,-0.027459289303366146,-0.014827016482964358,0.0,,0,,,0,
2026-09-28,いわき平,6,061320260928,1790601600,1790601300,3,2,013560,追,86.18,,0.13581792288870642,0.09985994647061841,0.0,0.05827285169404508,0.07161880354718948,0.0,,0,,,0,
2026-09-28,いわき平,6,061320260928,1790601600,1790601300,4,3,014347,追,85.41,,0.13214161276091596,-0.154975701153743,0.0,0.015406781195339465,-0.019999995193326903,0.0,,0,,,0,
2026-09-28,いわき平,6,061320260928,1790601600,1790601300,5,5,014587,追,84.86,,0.12453498526412829,0.1263224259323368,0.0,0.021190127888743658,-0.05621084616586467,0.0,,0,,,0,
2026-09-28,いわき平,6,061320260928,1790601600,1790601300,6,6,015102,逃,81.34,,0.054724626396855984,-0.8925064432142272,0.0,-0.05535796336673544,-0.025172973903689437,0.0,,0,,,0,
2026-09-28,いわき平,6,061320260928,1790601600,1790601300,7,7,012879,追,78.5,,0.020618093723318603,-0.5125924193169367,0.0,-0.07032535980207176,0.07493798081270789,0.0,,0,,,0,
2026-09-28,玉野,6,066120260928,1790602200,1790601900,1,2,014495,逃,87.73,,0.41473423534769643,0.4002179313729539,0.0,0.05963978708794883,0.08020885729276117,0.0,,0,,,0,
2026-09-28,玉野,6,066120260928,1790602200,1790601900,2,1,014688,追,88.7,,0.2913978323586845,-0.02190847175247826,0.0,0.11277688200598317,0.10517374376190873,0.0,,0,,,0,
2026-09-28,玉野,6,066120260928,1790602200,1790601900,3,3,015271,逃,84.33,,0.21158649978751834,0.306620381498827,0.0,0.005263063982049291,-0.01606838014990084,0.0,,0,,,0,
2026-09-28,玉野,6,066120260928,1790602200,1790601900,4,4,013969,追,81.37,,0.038045790389239685,0.5072547990282511,0.0,-0.031047114668924933,-0.047103132512790705,0.0,,0,,,0,
2026-09-28,玉野,6,066120260928,1790602200,1790601900,5,5,013742,両,81.06,,0.023402981761346607,-0.6490023976291303,0.0,0.01134427538073226,-0.03277940065299538,0.0,,0,,,0,
2026-09-28,玉野,6,066120260928,1790602200,1790601900,6,6,013723,両,81.0,,0.01625690683267739,-0.09068495874779642,0.0,-0.0789884468938943,-0.04232855522619226,0.0,,0,,,0,
2026-09-28,玉野,6,066120260928,1790602200,1790601900,7,7,012628,追,77.95,,0.004575753522836959,-0.45249728377062337,0.0,-0.0789884468938943,-0.047103132512790705,0.0,,0,,,0,
2026-09-28,いわき平,7,071320260928,1790602800,1790602500,1,5,015348,両,90.33,,0.24015794323832265,0.5490964942757103,0.0,0.0595616544367783,0.08714061911235643,0.0,,0,,,0,
2026-09-28,いわき平,7,071320260928,1790602800,1790602500,2,4,015618,逃,90.7,,0.23608749093905915,0.3733423820089321,0.0,-0.02436116643698844,0.09461420784441682,0.0,,0,,,0,
2026-09-28,いわき平,7,071320260928,1790602800,1790602500,3,3,015893,逃,90.96,,0.20952294021560516,-0.02338734702148433,0.0,0.014418047986154241,-0.008591921529416038,0.0,,0,,,0,
2026-09-28,いわき平,7,071320260928,1790602800,1790602500,4,7,014444,追,89.3,,0.11264437518852549,0.2085382451989988,0.0,0.032105395517432536,-0.036350965391354656,0.0,,0,,,0,
2026-09-28,いわき平,7,071320260928,1790602800,1790602500,5,6,014527,両,90.25,,0.08139148087816436,0.1391318316062131,0.0,-0.02280712232125899,-0.05023048732232396,0.0,,0,,,0,
2026-09-28,いわき平,7,071320260928,1790602800,1790602500,6,2,014658,両,91.56,,0.07504157872445942,-0.7496663129828662,0.0,0.05998721935685156,-0.036350965391354656,0.0,,0,,,0,
2026-09-28,いわき平,7,071320260928,1790602800,1790602500,7,1,013853,追,91.57,,0.04515419081586381,-0.4970552930854859,0.0,-0.11890402853896916,-0.05023048732232396,0.0,,0,,,0,
2026-09-28,玉野,7,076120260928,1790603400,1790603100,1,5,014952,逃,91.2,,0.27692285078232404,0.46721635324088573,0.0,0.12113311952234979,-0.04760978436361996,0.0,,0,,,0,
2026-09-28,玉野,7,076120260928,1790603400,1790603100,2,3,015559,逃,91.56,,0.24169681940802376,0.36619993039999016,0.0,0.02815050428872644,0.07528573072544474,0.0,,0,,,0,
2026-09-28,玉野,7,076120260928,1790603400,1790603100,3,1,015625,逃,94.66,,0.19867055804295708,-0.5426346760733594,0.0,0.04866775039297348,-0.028616331489357966,0.0,,0,,,0,
2026-09-28,玉野,7,076120260928,1790603400,1790603100,4,4,014187,両,91.35,,0.1197951256824407,0.28590039082161833,0.0,-0.06157268293662526,-0.05846318600605539,0.0,,0,,,0,
2026-09-28,玉野,7,076120260928,1790603400,1790603100,5,6,014422,逃,88.0,,0.11874754372696622,0.3159448501617126,0.0,-0.05479182381427729,0.03101048416610688,0.0,,0,,,0,
2026-09-28,玉野,7,076120260928,1790603400,1790603100,6,2,014475,追,92.29,,0.026875296235760477,-0.6126653653242611,0.0,-0.06148534856802371,0.05629227785118275,0.0,,0,,,0,
2026-09-28,玉野,7,076120260928,1790603400,1790603100,7,7,014690,追,87.4,,0.017291806121527777,-0.27996148322657954,0.0,-0.020101518885123404,-0.02789919088370111,0.0,,0,,,0,
2026-09-28,いわき平,8,081320260928,1790604000,1790603700,1,4,015429,逃,89.51,,0.22996584525423538,0.35749193195083756,0.0,0.10981544276320844,-0.0216805315479129,0.0,,0,,,0,
2026-09-28,いわき平,8,081320260928,1790604000,1790603700,2,1,013538,追,95.66,,0.22575131951667896,-0.32747416518418987,0.0,-0.05489678461205103,-0.03237433984928301,0.0,,0,,,0,
2026-09-28,いわき平,8,081320260928,1790604000,1790603700,3,3,015421,逃,90.12,,0.20703227690296466,0.3111353749713979,0.0,-0.030169502616853548,-0.02626359224850009,0.0,,0,,,0,
2026-09-28,いわき平,8,081320260928,1790604000,1790603700,4,6,015159,両,87.96,,0.17509272419615549,0.3812033234758885,0.0,0.0661851056087824,0.11571360638565956,0.0,,0,,,0,
2026-09-28,いわき平,8,081320260928,1790604000,1790603700,5,5,015507,逃,88.44,,0.12579902370477494,0.30075336418443466,0.0,0.018859308081015755,0.04257383739230458,0.0,,0,,,0,
2026-09-28,いわき平,8,081320260928,1790604000,1790603700,6,2,014711,追,92.36,,0.02963359973372964,-0.5935035857793849,0.0,-0.07095588598299035,-0.025734710580440686,0.0,,0,,,0,
2026-09-28,いわき平,8,081320260928,1790604000,1790603700,7,7,011800,追,81.37,,0.006725210691460894,-0.4296062436189828,0.0,-0.038837683241111705,-0.05223426955182748,0.0,,0,,,0,
2026-09-28,玉野,8,086120260928,1790604600,1790604300,1,1,015655,逃,98.76,,0.9554064097091537,0.9542196031621407,0.0,0.05430604621006763,0.1136046293814779,0.0,,0,,,0,
2026-09-28,玉野,8,086120260928,1790604600,1790604300,2,3,015015,両,90.85,,0.022019667044558332,0.4387732303529717,0.0,0.026006189349470694,0.052477580741650584,0.0,,0,,,0,
2026-09-28,玉野,8,086120260928,1790604600,1790604300,3,4,014954,逃,89.11,,0.008262635328434164,-0.030699442498725568,0.0,-0.06986184183270926,0.007717265001977861,0.0,,0,,,0,
2026-09-28,玉野,8,086120260928,1790604600,1790604300,4,5,014180,追,88.0,,0.004936474960970344,-0.15649233994207493,0.0,0.08429087399299294,0.001555840302059389,0.0,,0,,,0,
2026-09-28,玉野,8,086120260928,1790604600,1790604300,5,2,013640,追,91.76,,0.00425971088925494,-0.6470689737452074,0.0,0.007728035474122423,-0.05886442580720461,0.0,,0,,,0,
2026-09-28,玉野,8,086120260928,1790604600,1790604300,6,6,014473,両,86.9,,0.0036783163861071645,-0.34689081282115114,0.0,-0.055362877042022016,-0.037663434930963455,0.0,,0,,,0,
2026-09-28,玉野,8,086120260928,1790604600,1790604300,7,7,013349,追,82.4,,0.0014367856815213648,-0.21184126450795343,0.0,-0.0471064261519224,-0.07882745468899768,0.0,,0,,,0,
2026-09-28,いわき平,9,091320260928,1790605200,1790604900,1,1,015712,逃,93.26,,0.44359080821236113,0.2788872610426438,0.0,-0.0417233839878134,-0.008335520667433368,0.0,,0,,,0,
2026-09-28,いわき平,9,091320260928,1790605200,1790604900,2,4,014455,追,90.48,,0.16275154419493915,0.6793426371856887,0.0,0.10424517559925828,-0.043926831287844956,0.0,,0,,,0,
2026-09-28,いわき平,9,091320260928,1790605200,1790604900,3,7,013980,両,87.55,,0.11699821291707323,0.08301462507594154,0.0,0.014966525448383807,-0.03244576334577671,0.0,,0,,,0,
2026-09-28,いわき平,9,091320260928,1790605200,1790604900,4,6,015803,逃,89.37,,0.07831100179838205,-0.5489043777656244,0.0,-0.028200038072602483,0.10877341438546298,0.0,,0,,,0,
2026-09-28,いわき平,9,091320260928,1790605200,1790604900,5,5,014510,両,89.86,,0.07320795625163469,0.07485344692290163,0.0,-0.05315647908987262,0.022873269718165883,0.0,,0,,,0,
2026-09-28,いわき平,9,091320260928,1790605200,1790604900,6,3,013936,追,91.07,,0.07209936748461333,-0.03872083806658299,0.0,-0.02167614815204644,0.005025010044718839,0.0,,0,,,0,
2026-09-28,いわき平,9,091320260928,1790605200,1790604900,7,2,013748,追,91.56,,0.053041109140996405,-0.5284727543949741,0.0,0.02554434825469283,-0.05196357884729273,0.0,,0,,,0,
2026-09-28,玉野,9,096120260928,1790605800,1790605500,1,1,013884,両,95.61,,0.42971157490252077,0.4465455420839969,0.0,0.09926254988070332,-0.06415347668426917,0.0,,0,,,0,
2026-09-28,玉野,9,096120260928,1790605800,1790605500,2,3,014594,両,91.13,,0.16682691648307355,0.5508621536791739,0.0,-0.03655740013964314,0.08276747958375388,0.0,,0,,,0,
2026-09-28,玉野,9,096120260928,1790605800,1790605500,3,2,015364,逃,93.5,,0.12463717151613862,-0.8955425046813998,0.0,0.010285632016020004,0.07256111488091486,0.0,,0,,,0,
2026-09-28,玉野,9,096120260928,1790605800,1790605500,4,7,015345,逃,87.13,,0.09601263337491524,-0.06904913176759257,0.0,0.01908422756462975,-0.019213578401549157,0.0,,0,,,0,
2026-09-28,玉野,9,096120260928,1790605800,1790605500,5,5,015920,逃,88.29,,0.08165392532191827,-0.21674143214796965,0.0,-0.06989269030005357,-0.016037757370885218,0.0,,0,,,0,
2026-09-28,玉野,9,096120260928,1790605800,1790605500,6,4,014561,両,88.74,,0.056961734586282974,0.027405079349383375,0.0,-0.002602412634556522,-0.001976670026535045,0.0,,0,,,0,
2026-09-28,玉野,9,096120260928,1790605800,1790605500,7,6,013354,追,87.93,,0.04419604381515057,0.1565202934844069,0.0,-0.01957990638709983,-0.05394711198143015,0.0,,0,,,0,
