date,venue,race_no,race_id,start_at,close_at,rank_in_race,car_no,player_id,player_name,style,score,odds_win,odds_move_pct,odds_move_last_pct,odds_snapshot_count,p_core,p_win,p_second,p_third,position_model_source,p_win_pre_override,top1_override_applied,top1_override_reason,top1_top2_margin,top1_confidence_class,place2_rate,place3_rate,line_role_place2_rate,line_role_place3_rate,nexus_form_adj,nexus_line_adj,nexus_style_adj,nexus_condition_adj,nexus_uncertainty,expected_value_win,stake_yen,win_return_yen,win_profit_yen,loss_amount_yen,expected_profit_yen
2026-10-06,防府,1,016320261006,1791243000,1791242700,1,2,014715,高橋幸司,逃,86.54,,,,,0.41544903826360535,0.4274074140546769,0.18745135864959014,0.21006724831960788,position_specialists,0.4274074140546769,False,,0.1000020774979456,B,0.29,0.416,0.17,0.16,-0.004653087612831067,0.18512525998799403,0.03746820485103322,-0.053904780447973345,0.001980517351499814,,0,,,0,
2026-10-06,防府,1,016320261006,1791243000,1791242700,2,5,012920,山崎岳志,追,85.5,,,,,0.22296319766743017,0.3274053365567313,0.28138352378017845,0.18031068545604406,position_specialists,0.3274053365567313,False,,,B,0.5,0.555,0.2,0.09,0.17145152260173377,0.16588874370397064,0.1084878034839137,0.12577782104527113,0.0018527420384998254,,0,,,0,
2026-10-06,防府,1,016320261006,1791243000,1791242700,3,4,014166,倉野隆太郎,追,82.37,,,,,0.16837615557673036,0.14746683255920032,0.18681020282466124,0.19693084620244952,position_specialists,0.14746683255920032,False,,,B,0.166,0.3329999999999999,0.03,0.15,0.24848032216203902,-0.052009540971538364,-0.04285383648907304,0.12577782104527113,0.0014055284429998675,,0,,,0,
2026-10-06,防府,1,016320261006,1791243000,1791242700,4,1,015533,岩城佑典,逃,80.9,,,,,0.1274165622637449,0.06884893858287275,0.12418457902917318,0.15546778689668764,position_specialists,0.06884893858287275,False,,,B,0.19,0.285,0.08,0.14,0.03858567168745468,-0.08305724422801701,-0.009316051410668049,-0.11140321292581157,6.388765649999387e-05,,0,,,0,
2026-10-06,防府,1,016320261006,1791243000,1791242700,5,3,013742,葛西雄太郎,両,80.54,,,,,0.03880754201360098,0.01814058148873285,0.12502087872156153,0.15290925101833244,position_specialists,0.01814058148873285,False,,,B,0.29,0.291,0.12,0.05,-0.19292835843727268,-0.1501028702820198,0.09026369907929961,-0.11140321292581157,0.0033860457944996816,,0,,,0,
2026-10-06,防府,1,016320261006,1791243000,1791242700,6,6,013738,眞鍋伸也,追,76.76,,,,,0.02698750421488818,0.010730896757785954,0.09514945699483557,0.10431418210687854,position_specialists,0.010730896757785954,False,,,B,0.0,0.038,0.14,0.16,-0.26093607040112327,0.2496957762714741,-0.18404981951450544,0.025155564209054227,0.001788854381999832,,0,,,0,
2026-10-06,防府,2,026320261006,1791244200,1791243900,1,1,014783,魚屋周成,逃,86.66,,,,,0.28347945621347115,0.3284940666602224,0.19847109569354446,0.11678698692670579,position_specialists,0.3284940666602224,False,,0.03222917029178146,C,0.5,0.611,0.2,0.12,0.13467501020465084,0.123645269078475,0.12377201567296894,0.05590169943749475,0.0030221568741511827,,0,,,0,
2026-10-06,防府,2,026320261006,1791244200,1791243900,2,3,012679,坂上忠克,追,86.9,,,,,0.31874641888058164,0.29626489636844094,0.2311952414602114,0.11726250047380862,position_specialists,0.29626489636844094,False,,,C,0.19,0.476,0.25,0.15,0.17482276363199914,0.021416330447080786,-0.03004262374870346,0.13416407864998742,2.722663850586657e-05,,0,,,0,
2026-10-06,防府,2,026320261006,1791244200,1791243900,3,7,015273,中武三四郎,逃,83.96,,,,,0.19114732351456434,0.22786382037716016,0.20635789142847955,0.26347347210950667,position_specialists,0.22786382037716016,False,,,C,0.307,0.5379999999999999,0.14,0.15,0.02064951458062183,0.2737139608104,0.11437186095320387,0.13416407864998742,0.0030221568741511827,,0,,,0,
2026-10-06,防府,2,026320261006,1791244200,1791243900,4,5,013374,川野正芳,追,84.14,,,,,0.1382510270347231,0.11027319138236545,0.1764946837258104,0.18684343625147753,position_specialists,0.11027319138236545,False,,,C,0.237,0.285,0.16,0.11,0.15314444575382094,0.19292340671213787,-0.0007323711211516294,-0.10062305898749056,0.0017425048643754564,,0,,,0,
2026-10-06,防府,2,026320261006,1791244200,1791243900,5,2,014181,藤原悠斗,追,84.0,,,,,0.05169905592806923,0.03348220521833545,0.08911249238653528,0.11338396627597616,position_specialists,0.03348220521833545,False,,,C,0.275,0.344,0.18,0.22,0.03270118547177603,-0.10526951090721894,0.08719838676150386,-0.022360679774997904,0.0007895725166701287,,0,,,0,
2026-10-06,防府,2,026320261006,1791244200,1791243900,6,6,015119,佐伯辰哉,両,77.33,,,,,0.012018074533964829,0.0025158978013003295,0.047172567254457835,0.07262354765161248,position_specialists,0.0025158978013003295,False,,,C,0.0,0.0,0.0,0.19,-0.2965397720842789,-0.19102304903974748,-0.14728363425891078,-0.10062305898749056,0.0017425048643754564,,0,,,0,
2026-10-06,防府,2,026320261006,1791244200,1791243900,7,4,010900,三浦靖,追,77.35,,,,,0.004658643894625763,0.0011059221921752352,0.051196028050961115,0.12962609031091268,position_specialists,0.0011059221921752352,False,,,C,0.0,0.066,0.0,0.09,-0.21945314755859022,-0.14318329593921678,-0.14728363425891078,-0.10062305898749056,0.0017425048643754564,,0,,,0,
2026-10-06,防府,3,036320261006,1791245460,1791245160,1,4,015633,中釜健次,逃,87.95,,,,,0.7627377534386286,0.8986693456719289,0.2065604991629384,0.2538961056740237,position_specialists,0.8986693456719289,False,,0.8540883065602368,S,0.4579999999999999,0.4579999999999999,0.1,0.07,0.30950250344799113,0.22918118927150344,0.2618428155296137,-0.0750183172551272,0.0047280622316294065,,0,,,0,
2026-10-06,防府,3,036320261006,1791245460,1791245160,2,3,011634,中澤央治,追,83.33,,,,,0.10357725557070119,0.04458103911169212,0.40784471171511644,0.15979517847326913,position_specialists,0.04458103911169212,False,,,S,0.125,0.312,0.14,0.17,0.20627773703839558,-0.053177025128741194,-0.0503522666474281,-0.0750183172551272,0.0004882238173965146,,0,,,0,
2026-10-06,防府,3,036320261006,1791245460,1791245160,3,1,015281,増田仁,逃,80.37,,,,,0.06230283053819418,0.03677165066075879,0.09557816681957317,0.11011648374409608,position_specialists,0.03677165066075879,False,,,S,0.205,0.344,0.07,0.11,0.02079455943199844,0.05032395687525013,0.14854102477041084,0.08908425174046353,0.00023126391350361254,,0,,,0,
2026-10-06,防府,3,036320261006,1791245460,1791245160,4,5,013893,片山直人,両,77.5,,,,,0.02785200770192248,0.007975999117222413,0.07453455371222881,0.0716814700910259,position_specialists,0.007975999117222413,False,,,S,0.0409999999999999,0.0409999999999999,0.0,0.0,-0.21791338458399417,0.20822969914270598,-0.06262930796373456,-0.0750183172551272,0.0012077115482966418,,0,,,0,
2026-10-06,防府,3,036320261006,1791245460,1791245160,5,2,015209,中野真吾,逃,77.5,,,,,0.018075211468319093,0.005443136731887083,0.04686958978244676,0.0733518817570505,position_specialists,0.005443136731887083,False,,,S,0.047,0.095,0.19,0.06,-0.2642841789855934,0.09159870281284704,-0.09567298295110925,0.1984859644041907,0.000847967682846578,,0,,,0,
2026-10-06,防府,3,036320261006,1791245460,1791245160,6,6,014351,田口守,両,77.43,,,,,0.013551486837840269,0.003705149693989681,0.09568422245616956,0.08689001767590909,position_specialists,0.003705149693989681,False,,,S,0.0,0.086,0.16,0.1,-0.08243020697759705,0.04313071539231829,-0.11770209960935904,0.012503052875854528,0.0015674554137467052,,0,,,0,
2026-10-06,防府,3,036320261006,1791245460,1791245160,7,7,014841,井上将志,両,79.13,,,,,0.011903454444394215,0.002853679012521029,0.07292825635152692,0.24426886258462557,position_specialists,0.002853679012521029,False,,,S,0.066,0.133,0.0,0.0,0.028052970628800074,-0.2344089666621688,-0.08402718312839358,-0.0750183172551272,0.000847967682846578,,0,,,0,
2026-10-06,防府,4,046320261006,1791246720,1791246420,1,1,014688,西田大志,追,89.2,,,,,0.3137041331421993,0.5583169736538314,0.20899770443309248,0.15244242157454846,position_specialists,0.5583169736538314,False,,0.3920026780318667,A,0.541,0.6659999999999999,0.27,0.13,0.34216003454182553,0.08777250774683701,0.13010520488037625,0.21360269839036194,0.0008787848278860008,,0,,,0,
2026-10-06,防府,4,046320261006,1791246720,1791246420,2,2,015192,藤原俊太郎,逃,87.0,,,,,0.2374241659308521,0.16631429562196462,0.105992813311508,0.1417754934639885,position_specialists,0.16631429562196462,False,,,A,0.444,0.5,0.17,0.05,-0.1650183326884081,0.24429878535128438,-0.028330584762353082,0.008613012031869434,0.0019486098357472193,,0,,,0,
2026-10-06,防府,4,046320261006,1791246720,1791246420,3,7,014997,下岡優季,逃,89.21,,,,,0.16971605051454783,0.10980996266533266,0.1861569031015669,0.17949575889491823,position_specialists,0.10980996266533266,False,,,A,0.478,0.478,0.21,0.11,-0.19420820150716714,0.03993275464630629,0.01924133954024533,-0.08785272272506821,0.0006113285759206968,,0,,,0,
2026-10-06,防府,4,046320261006,1791246720,1791246420,4,5,014403,櫻井太士,追,86.61,,,,,0.09336365619265916,0.06512088741766142,0.0798347059353303,0.10046860674107955,position_specialists,0.06512088741766142,False,,,A,0.263,0.368,0.22,0.11,-0.04735684997963374,0.2135362189499005,-0.06911828771023161,0.032729445721103846,0.0012608651878364353,,0,,,0,
2026-10-06,防府,4,046320261006,1791246720,1791246420,5,4,013447,坂本晃輝,追,88.04,,,,,0.07592735337217951,0.05514887408998334,0.1438339334120553,0.17087011267636878,position_specialists,0.05514887408998334,False,,,A,0.428,0.5710000000000001,0.16,0.25,0.21384550344198142,-0.2368830822803098,0.030493458585072332,0.008613012031869434,0.0027509785916431336,,0,,,0,
2026-10-06,防府,4,046320261006,1791246720,1791246420,6,6,014494,山崎翼,逃,82.88,,,,,0.06423312295830891,0.024424586978866875,0.14275767553864618,0.12802193152548774,position_specialists,0.024424586978866875,False,,,A,0.222,0.2769999999999999,0.06,0.09,-0.054338614582514835,0.024212290745923334,-0.08798165254435555,-0.08785272272506821,0.00152832143980174,,0,,,0,
2026-10-06,防府,4,046320261006,1791246720,1791246420,7,3,013121,山田晃久,追,84.95,,,,,0.045631517889253084,0.02086441957235967,0.13242626426780083,0.1269256751236087,position_specialists,0.02086441957235967,False,,,A,0.38,0.428,0.21,0.19,-0.0950835392260821,-0.037991203456226516,0.005590522011246345,-0.08785272272506821,0.0034005152035588714,,0,,,0,
2026-10-06,防府,5,056320261006,1791247980,1791247680,1,7,012705,那須久幸,追,91.47,,,,,0.5214306794057346,0.5005459488618251,0.19419263408478588,0.12433808328136414,position_specialists,0.5005459488618251,False,,0.19645557011584608,B,0.3329999999999999,0.523,0.15,0.15,0.21699419285558547,0.04711987331124011,0.03270459113945105,-0.05850772335867094,0.00022064789082034395,,0,,,0,
2026-10-06,防府,5,056320261006,1791247980,1791247680,2,2,014495,下沖功児,逃,88.11,,,,,0.18908149437719432,0.30409037874597905,0.2905797788659362,0.15448910112394273,position_specialists,0.30409037874597905,False,,,B,0.481,0.5920000000000001,0.21,0.06,0.018399710425413236,0.30822930253160385,0.20200011159174966,0.21731440104649213,0.0033097183623051582,,0,,,0,
2026-10-06,防府,5,056320261006,1791247980,1791247680,3,1,013792,辰己豊,追,85.42,,,,,0.15481485327497313,0.10710733857731146,0.15619374419135712,0.18327184009848366,position_specialists,0.10710733857731146,False,,,B,0.3329999999999999,0.619,0.2,0.2,0.02264137123483149,0.13293909062259965,0.03270459113945105,-0.05850772335867094,0.001301822555840029,,0,,,0,
2026-10-06,防府,5,056320261006,1791247980,1791247680,4,3,015108,吉田篤史,両,85.76,,,,,0.08350140951101526,0.05760495318904214,0.1718732592052588,0.20448876270134192,position_specialists,0.05760495318904214,False,,,B,0.3329999999999999,0.428,0.16,0.12,-0.050240936872951183,0.10226318098434087,0.06691301069069083,-0.05850772335867094,0.001301822555840029,,0,,,0,
2026-10-06,防府,5,056320261006,1791247980,1791247680,5,4,014115,原田礼,追,84.29,,,,,0.037101856829009246,0.027254315885903033,0.09427129930180891,0.17889640567373916,position_specialists,0.027254315885903033,False,,,B,0.25,0.416,0.07,0.23,0.23280497393934313,-0.06177936079621249,0.0018162998551870674,0.07522421574686267,0.0017872479156447853,,0,,,0,
2026-10-06,防府,5,056320261006,1791247980,1791247680,6,5,014393,柴田祐也,追,79.47,,,,,0.007220926427846822,0.002012902204448972,0.05154130148316485,0.10116915303204384,position_specialists,0.002012902204448972,False,,,B,0.047,0.238,0.06,0.17,-0.1717114503859225,-0.07894320425848442,-0.15262515656613285,-0.05850772335867094,0.001478340868496304,,0,,,0,
2026-10-06,防府,5,056320261006,1791247980,1791247680,7,6,012298,星島太,追,78.8,,,,,0.006848780174226652,0.001384162535490273,0.04134798286768814,0.05334665408908459,position_specialists,0.001384162535490273,False,,,B,0.0,0.095,0.0,0.2,-0.2688878611962993,-0.22976601813264658,-0.1835134478503968,-0.05850772335867094,0.0028684225806644707,,0,,,0,
2026-10-06,防府,6,066320261006,1791249240,1791248940,1,1,014104,池田憲昭,追,92.66,,,,,0.5645832763303232,0.6349595302537185,0.17531963871653983,0.11040699454904176,position_specialists,0.6349595302537185,False,,0.45057289628028174,S,0.3329999999999999,0.444,0.12,0.04,0.12105653685693392,0.07838814877656261,0.01599989246522019,-0.040824829046386304,0.0017844852528854961,,0,,,0,
2026-10-06,防府,6,066320261006,1791249240,1791248940,2,5,015920,吉野太晟,逃,88.57,,,,,0.20285290596873215,0.1843866339734368,0.30740035752469086,0.2518834110371843,position_specialists,0.1843866339734368,False,,,S,0.3329999999999999,0.619,0.23,0.14,-0.16143300512910552,0.34043175671589565,-0.0012154292481004608,-0.040824829046386304,0.003980774794898416,,0,,,0,
2026-10-06,防府,6,066320261006,1791249240,1791248940,3,7,014612,工藤文彦,追,88.85,,,,,0.06334899054073044,0.07925469173361623,0.158220591543283,0.14241061929250434,position_specialists,0.07925469173361623,False,,,S,0.38,0.523,0.33,0.16,0.1111650772671304,-0.0010356946246163332,0.07884298064000105,0.24494897427831785,0.0009608766746306523,,0,,,0,
2026-10-06,防府,6,066320261006,1791249240,1791248940,4,4,014601,小竹洋平,両,86.61,,,,,0.061194467539480914,0.04233895780501925,0.11322444634702637,0.1346056772768104,position_specialists,0.04233895780501925,False,,,S,0.38,0.523,0.12,0.12,0.044251989116796835,-0.13015376172455956,0.07884298064000105,-0.040824829046386304,0.0006863404818790368,,0,,,0,
2026-10-06,防府,6,066320261006,1791249240,1791248940,5,6,015538,村瀬大和,逃,83.41,,,,,0.05984594380594949,0.03513873143060785,0.0891917259255528,0.10788532409798159,position_specialists,0.03513873143060785,False,,,S,0.3329999999999999,0.4579999999999999,0.12,0.12,-0.057354075557428955,0.03054839567603189,0.015480599184170857,-0.040824829046386304,0.0017844852528854961,,0,,,0,
2026-10-06,防府,6,066320261006,1791249240,1791248940,6,2,014638,川又裕樹,追,84.5,,,,,0.02949336533999683,0.016771704107205777,0.07676955683803945,0.15321006256184877,position_specialists,0.016771704107205777,False,,,S,0.166,0.375,0.05,0.25,0.17807816541746396,-0.15978484888399483,-0.04684319570956068,-0.040824829046386304,0.0010981447710064595,,0,,,0,
2026-10-06,防府,6,066320261006,1791249240,1791248940,7,3,011619,疋田敏,追,84.33,,,,,0.018681050474786926,0.007149750696395477,0.07987368310486766,0.09959791118462887,position_specialists,0.007149750696395477,False,,,S,0.047,0.238,0.11,0.14,-0.23576468797179184,0.01382911522659097,-0.141107827971732,-0.040824829046386304,0.0017844852528854961,,0,,,0,
2026-10-06,防府,7,076320261006,1791250500,1791250200,1,2,015625,真鍋顕汰,逃,94.72,,,,,0.3775144998042162,0.48532236675000173,0.11876234912308689,0.06796043289436006,position_specialists,0.48532236675000173,False,,0.268585600698319,A,0.611,0.722,0.23,0.13,0.1755737875586725,0.1555275259512676,0.013572535306991047,-0.08128261975706111,0.0005847661403064649,,0,,,0,
2026-10-06,防府,7,076320261006,1791250500,1791250200,2,1,013884,守谷陽介,両,92.66,,,,,0.23339990750726422,0.21673676605168274,0.3057972226449013,0.22171796081743003,position_specialists,0.21673676605168274,False,,,A,0.4579999999999999,0.583,0.17,0.11,0.17646330390086504,0.004385307633240146,0.009964836307775365,-0.08128261975706111,0.0011995202878081347,,0,,,0,
2026-10-06,防府,7,076320261006,1791250500,1791250200,3,3,015634,末廣快理,逃,91.95,,,,,0.115998017371621,0.12996187432246986,0.12745059515582613,0.15233204502865882,position_specialists,0.12996187432246986,False,,,A,0.5,0.708,0.29,0.11,-0.008445241243124464,0.1096086094700619,0.029822823190207924,0.16256523951412225,0.00037485008994004123,,0,,,0,
2026-10-06,防府,7,076320261006,1791250500,1791250200,4,4,014952,多田晃紀,逃,90.7,,,,,0.0749196414862949,0.05833484105668675,0.10186055980634234,0.1220289340176134,position_specialists,0.05833484105668675,False,,,A,0.625,0.6659999999999999,0.2,0.16,-0.1853529590479054,0.12491491496379716,0.11559170754868504,-0.08128261975706111,0.001319472316588947,,0,,,0,
2026-10-06,防府,7,076320261006,1791250500,1791250200,5,5,014672,吉田茂生,両,91.78,,,,,0.11877122218987696,0.05684187041645542,0.13974011096650252,0.18520544431666575,position_specialists,0.05684187041645542,False,,,A,0.2,0.4,0.17,0.21,-0.33114688383804475,0.1574483625705926,-0.2265740839420464,0.03694664534411869,0.0021441425144570407,,0,,,0,
2026-10-06,防府,7,076320261006,1791250500,1791250200,6,6,014850,岡田啓渡,両,87.2,,,,,0.04944817184491381,0.035848625138875455,0.11006403466222195,0.10091786819874242,position_specialists,0.035848625138875455,False,,,A,0.4579999999999999,0.625,0.2,0.23,0.2124670269273036,0.08091683510191637,0.009964836307775365,-0.08128261975706111,0.0036285488706196056,,0,,,0,
2026-10-06,防府,7,076320261006,1791250500,1791250200,7,7,014486,大瀬戸潤一郎,追,88.95,,,,,0.0299485397958129,0.01695365626382801,0.09632512764111884,0.14983731472652956,position_specialists,0.01695365626382801,False,,,A,0.5,0.583,0.25,0.25,-0.03955903425776609,-0.29792328398716067,0.04765734528061153,0.12561859417000357,0.0025639746151898874,,0,,,0,
2026-10-06,大宮,1,012520261006,1791251100,1791250800,1,7,015650,田代匠,逃,87.76,,,,,0.5082145748187294,0.6861552730663864,0.13830378157399625,0.08641939406840227,position_specialists,0.6861552730663864,False,,0.5411756147214895,S,0.3329999999999999,0.523,0.14,0.1,0.1258881491124422,0.17927114627298996,0.1638930190521152,0.16843213200620413,0.0004771347534050178,,0,,,0,
2026-10-06,大宮,1,012520261006,1791251100,1791250800,2,1,013817,吉川裕二,追,85.61,,,,,0.22786516022106648,0.14497965834489696,0.31167885170820414,0.11698351670192719,position_specialists,0.14497965834489696,False,,,S,0.222,0.3879999999999999,0.12,0.09,0.07693164667982581,0.046430146078314825,0.0025136303848687924,-0.002618116041547212,0.0019519149002932554,,0,,,0,
2026-10-06,大宮,1,012520261006,1791251100,1791250800,3,3,013275,渡辺航平,追,85.52,,,,,0.13866204827362721,0.10863975681501147,0.15073118986677245,0.1585497966924414,position_specialists,0.10863975681501147,False,,,S,0.284,0.3329999999999999,0.25,0.13,0.027975144247209306,0.12171379328465062,0.09803398387581061,0.03403550854011379,0.0010843971668295861,,0,,,0,
2026-10-06,大宮,1,012520261006,1791251100,1791250800,4,2,015883,吉田夢希斗,逃,80.38,,,,,0.06960606713920961,0.039439720185760294,0.11705208821927224,0.15165591775689877,position_specialists,0.039439720185760294,False,,,S,0.142,0.238,0.24,0.14,-0.06993786061802369,0.2696115229205929,-0.043939266651196116,0.10123382027315897,0.004120709233952428,,0,,,0,
2026-10-06,大宮,1,012520261006,1791251100,1791250800,5,5,012800,豊田一馬,追,82.11,,,,,0.025423316299029577,0.012609988659834563,0.11917458242280712,0.12167418733089422,position_specialists,0.012609988659834563,False,,,S,0.222,0.444,0.06,0.28,0.17484465154505868,-0.05614774596612349,0.013272256296018546,-0.10036111492597655,0.0019519149002932554,,0,,,0,
2026-10-06,大宮,1,012520261006,1791251100,1791250800,6,4,014707,飯塚直人,両,81.75,,,,,0.01926768041726547,0.006433232283015274,0.10986889256708672,0.30508808254765557,position_specialists,0.006433232283015274,False,,,S,0.15,0.35,0.15,0.4,-0.020981358185407195,-0.14648812261372646,-0.04524654636060212,-0.10036111492597655,0.00043375886673183465,,0,,,0,
2026-10-06,大宮,1,012520261006,1791251100,1791250800,7,6,012132,甲斐下智,追,78.03,,,,,0.0109611528310721,0.0017423706450951416,0.05319061364186112,0.05962910490178057,position_specialists,0.0017423706450951416,False,,,S,0.0,0.0,0.0,0.0,-0.31472037278110604,-0.19432787571425716,-0.18852707659701487,-0.10036111492597655,0.001344652486868687,,0,,,0,
2026-10-06,奈良,1,015320261006,1791251820,1791251520,1,5,013924,阿久津修,追,88.14,,,,,0.5017309460922568,0.5906722264062526,0.20624235957291154,0.170497803219938,position_specialists,0.5906722264062526,False,,0.3562199909318868,A,0.284,0.476,0.17,0.13,0.20141100710824347,0.11388984638124593,0.047349164604743976,0.14285974549393224,0.0011611694995742757,,0,,,0,
2026-10-06,奈良,1,015320261006,1791251820,1791251520,2,3,015742,堀越翔己,逃,83.38,,,,,0.2117782523583525,0.23445223547436583,0.2382701249099466,0.19895432616951492,position_specialists,0.23445223547436583,False,,,A,0.3329999999999999,0.619,0.13,0.12,-0.001584465561823018,0.3120959191092118,0.11681560073460562,0.14285974549393224,0.0038705649985809184,,0,,,0,
2026-10-06,奈良,1,015320261006,1791251820,1791251520,3,2,015102,奥出良,逃,82.23,,,,,0.11947161989942663,0.08314081307194515,0.14678926577542373,0.1449720672007498,position_specialists,0.08314081307194515,False,,,A,0.351,0.411,0.12,0.16,0.05737096662637258,0.12756154973783934,0.09173138853490717,-0.0824964727500172,0.0007354073497303742,,0,,,0,
2026-10-06,奈良,1,015320261006,1791251820,1791251520,4,4,013117,鳥越靖弘,追,85.04,,,,,0.10467129037665765,0.06857860355182487,0.1886029427546577,0.1751274545575324,position_specialists,0.06857860355182487,False,,,A,0.29,0.4579999999999999,0.5,0.0,0.04052655742974521,-0.16051411569701304,0.09848729416552264,0.04426640001220435,7.741129997161853e-05,,0,,,0,
2026-10-06,奈良,1,015320261006,1791251820,1791251520,5,1,014323,連佛康浩,追,79.7,,,,,0.033534807851117406,0.015734726902840987,0.09448584030245943,0.10510772785448971,position_specialists,0.015734726902840987,False,,,A,0.175,0.235,0.08,0.11,0.2159525152831601,-0.055266658875845476,-0.05830504733212108,-0.0824964727500172,0.0031738632988363527,,0,,,0,
2026-10-06,奈良,1,015320261006,1791251820,1791251520,6,7,012992,吉良勝信,追,78.55,,,,,0.0187533765232189,0.0051564891243779856,0.075451912687122,0.13096830937110146,position_specialists,0.0051564891243779856,False,,,A,0.0,0.05,0.07,0.21,-0.21382402143932697,0.05237838992412179,-0.16395925926898614,-0.0824964727500172,0.00019352824992904558,,0,,,0,
2026-10-06,奈良,1,015320261006,1791251820,1791251520,7,6,013646,日浅保幸,追,78.19,,,,,0.010059706898970183,0.002264905468392749,0.05015755399747905,0.07437231162667372,position_specialists,0.002264905468392749,False,,,A,0.0,0.076,0.08,0.16,-0.29985255944637157,-0.1031064119763762,-0.13211914143867218,-0.0824964727500172,0.0010063468996310383,,0,,,0,
2026-10-06,大宮,2,022520261006,1791252600,1791252300,1,1,013610,土屋仁,追,88.28,,,,,0.42967379306302933,0.6244572683877673,0.18079597571419953,0.0793803505526691,position_specialists,0.6244572683877673,False,,0.45350616533010146,S,0.318,0.59,0.26,0.14,0.2300594699672632,0.2829363312693916,0.0721910607692234,0.1482064155568187,0.0014301938838683888,,0,,,0,
2026-10-06,大宮,2,022520261006,1791252600,1791252300,2,3,013950,松山桂輔,追,88.44,,,,,0.15592257851577826,0.17095110305766578,0.16593720153852384,0.14714275682949188,position_specialists,0.17095110305766578,False,,,S,0.295,0.444,0.19,0.11,0.04940379643527771,0.12240865525163633,0.10530312563656448,0.1482064155568187,0.0007627700713964746,,0,,,0,
2026-10-06,大宮,2,022520261006,1791252600,1791252300,3,5,015798,橋谷成海,逃,84.76,,,,,0.20267829855289485,0.09896045084292636,0.2357689192680125,0.2601280067118072,position_specialists,0.09896045084292636,False,,,S,0.3329999999999999,0.38,0.21,0.05,-0.18286778382013225,-0.032449548527397884,0.06786283458199986,-0.09288993651096383,0.0030987534150481756,,0,,,0,
2026-10-06,大宮,2,022520261006,1791252600,1791252300,4,4,015185,布居大地,逃,85.13,,,,,0.1143789289874313,0.06755237357265606,0.18017077774187762,0.15666076314664762,position_specialists,0.06755237357265606,False,,,S,0.25,0.625,0.21,0.24,0.1268276565204144,-0.032449548527397884,-0.0026743065038974684,-0.09288993651096383,0.0005720775535473548,,0,,,0,
2026-10-06,大宮,2,022520261006,1791252600,1791252300,5,2,014079,江本博明,追,80.66,,,,,0.040514596984172084,0.018197062481331988,0.08896736862203364,0.10121258571494955,position_specialists,0.018197062481331988,False,,,S,0.095,0.238,0.1,0.16,0.002949480384195672,0.09565404258201045,-0.09336926356748217,-0.012524485821702985,0.0015732132722552266,,0,,,0,
2026-10-06,大宮,2,022520261006,1791252600,1791252300,6,6,013468,勝俣亮,両,79.44,,,,,0.03775931924274279,0.013610692330239284,0.08181121530471593,0.07970181949374923,position_specialists,0.013610692330239284,False,,,S,0.111,0.185,0.12,0.08,-0.2293220998712143,0.15483274015998325,-0.05594418734892594,-0.09288993651096383,0.00042905816516051706,,0,,,0,
2026-10-06,大宮,2,022520261006,1791252600,1791252300,7,7,012794,宇賀神浩幸,追,81.43,,,,,0.0190724846539515,0.006271049327413186,0.06654854181063702,0.17577371755068544,position_specialists,0.006271049327413186,False,,,S,0.086,0.26,0.02,0.24,0.002949480384195672,-0.256054400504511,-0.09336926356748217,-0.005218535759042913,0.0035754847096709703,,0,,,0,
2026-10-06,奈良,2,025320261006,1791253380,1791253080,1,1,014422,前田義和,逃,88.91,,,,,0.6989429643333454,0.866304874734015,0.21902116307397204,0.2269200379231135,position_specialists,0.866304874734015,False,,0.7817258618820241,S,0.416,0.541,0.09,0.05,0.10280565098851828,0.3418375218091935,0.199605890905844,0.24494897427831785,0.004546848630479707,,0,,,0,
2026-10-06,奈良,2,025320261006,1791253380,1791253080,2,7,012924,太田黒大心,追,87.53,,,,,0.14671128597759708,0.08457901285199088,0.2810971239321596,0.16631461824638222,position_specialists,0.08457901285199088,False,,,S,0.4,0.5329999999999999,0.15,0.15,0.1364153319709035,0.033094435446411934,0.13117587651287063,-0.040824829046386304,0.0015519183948343909,,0,,,0,
2026-10-06,奈良,2,025320261006,1791253380,1791253080,3,2,014816,齋藤宗徳,逃,81.13,,,,,0.07436059075808293,0.029636887253943558,0.12514082843969626,0.12975684132541745,position_specialists,0.029636887253943558,False,,,S,0.18,0.318,0.11,0.09,0.0636248615005454,0.12159517978773593,0.03718068688056085,-0.040824829046386304,0.00016335983103519887,,0,,,0,
2026-10-06,奈良,2,025320261006,1791253380,1791253080,4,4,014070,秋葉大輔,追,84.57,,,,,0.03162842868876606,0.00894633364542078,0.1370223964676451,0.16201910480970083,position_specialists,0.00894633364542078,False,,,S,0.142,0.238,0.09,0.09,-0.03720418144661012,-0.14556713538190816,-0.02855827763081901,-0.040824829046386304,0.00021781310804693202,,0,,,0,
2026-10-06,奈良,2,025320261006,1791253380,1791253080,5,5,014742,河野淳吾,追,80.38,,,,,0.016469709781293144,0.004195466672364298,0.10271300538944715,0.13484117345876395,position_specialists,0.004195466672364298,False,,,S,0.105,0.21,0.28,0.2,-0.003594500464224746,-0.04031967856074059,-0.08180299567871556,-0.040824829046386304,0.0015519183948343909,,0,,,0,
2026-10-06,奈良,2,025320261006,1791253380,1791253080,6,3,012216,武田哲二,追,79.92,,,,,0.013352677780598558,0.0031794924484500817,0.07075869523666795,0.09526229170926526,position_specialists,0.0031794924484500817,False,,,S,0.04,0.08,0.33,0.11,-0.02318489520821118,0.012118974301511213,-0.1350477137266121,-0.040824829046386304,0.0015519183948343909,,0,,,0,
2026-10-06,奈良,2,025320261006,1791253380,1791253080,7,6,014755,奥出健士郎,追,77.41,,,,,0.018534342680316788,0.003157932393815498,0.06424678746041194,0.0848859325273569,position_specialists,0.003157932393815498,False,,,S,0.0409999999999999,0.083,0.0,0.0,-0.23886226734092117,-0.035720778799019505,-0.12255346726312878,-0.040824829046386304,0.00016335983103519887,,0,,,0,
2026-10-06,大宮,3,032520261006,1791254220,1791253920,1,3,014267,一ノ瀬匠,逃,86.34,,,,,0.38352501085106205,0.4608544769950707,0.24122799844348852,0.19960504392298883,position_specialists,0.4608544769950707,False,,0.19246727866583302,B,0.434,0.521,0.19,0.06,0.05474081420045305,0.3283800533703017,0.11756622279734807,0.14079314778548588,0.004183615069065664,,0,,,0,
2026-10-06,大宮,3,032520261006,1791254220,1791253920,2,5,014528,落合達彦,追,87.0,,,,,0.22027890839965597,0.2683871983292377,0.1434703542275812,0.08899389068253603,position_specialists,0.2683871983292377,False,,,B,0.423,0.5760000000000001,0.32,0.08,0.16893522792987495,0.19319608608554062,0.1436358120163532,0.14079314778548588,0.0013089838559653304,,0,,,0,
2026-10-06,大宮,3,032520261006,1791254220,1791253920,3,2,015507,上遠野拓馬,逃,87.45,,,,,0.24822405334172293,0.20195505006037748,0.1648619510129035,0.12557655956262737,position_specialists,0.20195505006037748,False,,,B,0.416,0.541,0.08,0.07,0.07757969694633744,-0.051746135122227414,0.1440470979550276,0.016686595293094617,0.0015656473571350033,,0,,,0,
2026-10-06,大宮,3,032520261006,1791254220,1791253920,4,7,012989,森岡正臣,追,84.38,,,,,0.107848143558815,0.05733244751779798,0.2601924980605432,0.2489902373633199,position_specialists,0.05733244751779798,False,,,B,0.142,0.38,0.28,0.1,0.19177411067575934,0.024251113422194336,-0.06821118924508285,-0.10011957175856773,0.0017453118079537742,,0,,,0,
2026-10-06,大宮,3,032520261006,1791254220,1791253920,5,4,014329,阿部功,追,81.4,,,,,0.01900110832858696,0.0068564294751691495,0.10005320958493412,0.18449798769213394,position_specialists,0.0068564294751691495,False,,,B,0.15,0.2,0.03,0.19,-0.12797024776662194,-0.019077842576497007,-0.06821118924508285,0.0020858244116368323,0.00048766065222237816,,0,,,0,
2026-10-06,大宮,3,032520261006,1791254220,1791253920,6,1,014828,川口聖翔,追,78.91,,,,,0.011250751065602456,0.002535687321656922,0.04588844741675456,0.07820060164881493,position_specialists,0.002535687321656922,False,,,B,0.043,0.086,0.04,0.09,-0.17364801325839077,-0.15139008200870085,-0.12117293956044187,-0.10011957175856773,0.0017453118079537742,,0,,,0,
2026-10-06,大宮,3,032520261006,1791254220,1791253920,7,6,012602,吉村文隆,追,78.66,,,,,0.009872024454554658,0.002078710300690077,0.044305541253794926,0.07413567912757907,position_specialists,0.002078710300690077,False,,,B,0.0,0.125,0.0,0.0,-0.19141158872741185,-0.15139008200870085,-0.14765381471812136,-0.10011957175856773,5.13327002339344e-05,,0,,,0,
2026-10-06,奈良,3,035320261006,1791255060,1791254760,1,7,014980,田原宥明,両,88.81,,,,,0.2699060514065435,0.3381430188875492,0.2896471163431602,0.25349384651612417,position_specialists,0.3381430188875492,False,,0.11055842172782857,B,0.5,0.6809999999999999,0.36,0.09,0.021927629304678332,0.2447935722556628,0.06402918172118542,0.06957343780106907,0.0008309636037307704,,0,,,0,
2026-10-06,奈良,3,035320261006,1791255060,1791254760,2,5,014066,池田勇人,追,92.7,,,,,0.19582773115606464,0.22758459715972065,0.12626290778022528,0.1246019040853081,position_specialists,0.22758459715972065,False,,,B,0.416,0.583,0.09,0.11,0.0873746725982811,0.06176489161738578,0.0956925887183483,-0.036960888831817966,0.0028444523358476387,,0,,,0,
2026-10-06,奈良,3,035320261006,1791255060,1791254760,3,4,015685,小笠原一真,逃,92.77,,,,,0.24947455472733365,0.22033453878296813,0.15154821138246757,0.15161623288586282,position_specialists,0.22033453878296813,False,,,B,0.444,0.722,0.24,0.14,-0.15181418203058722,0.029840675963661755,-0.05245785948611269,0.15327898015548033,6.392027721006007e-05,,0,,,0,
2026-10-06,奈良,3,035320261006,1791255060,1791254760,4,3,014954,日野博幸,逃,88.64,,,,,0.17257052521904154,0.11904657027993687,0.13887366329618148,0.15633726055607644,position_specialists,0.11904657027993687,False,,,B,0.294,0.352,0.0,0.5,0.09975880755409396,-0.2185534771186555,-0.08030879644026803,0.10762141159852874,0.0038671767712085883,,0,,,0,
2026-10-06,奈良,3,035320261006,1791255060,1791254760,5,1,015795,今井希,逃,88.62,,,,,0.08071839447858908,0.07928168037311334,0.11903745325350125,0.12666389219743263,position_specialists,0.07928168037311334,False,,,B,0.3329999999999999,0.5,0.23,0.15,0.25207675651532957,0.04575621341046846,-0.008145761620350578,-0.09783764690775341,0.0014062460986213055,,0,,,0,
2026-10-06,奈良,3,035320261006,1791255060,1791254760,6,6,015924,利川寛太,逃,80.66,,,,,0.026290659018818125,0.013253318747691279,0.12127617318967361,0.09490178512923192,position_specialists,0.013253318747691279,False,,,B,0.375,0.4579999999999999,0.5,0.0,-0.2872281323269015,0.17933495905151203,0.001985099596147337,-0.09783764690775341,0.0001598006930251477,,0,,,0,
2026-10-06,奈良,3,035320261006,1791255060,1791254760,7,2,012708,野木義規,追,82.16,,,,,0.005212083993609494,0.0023562757690204967,0.0533544747547906,0.09238507862996391,position_specialists,0.0023562757690204967,False,,,B,0.3329999999999999,0.444,0.13,0.13,-0.02209555161489451,-0.1707137240181248,-0.02079445248894979,-0.09783764690775341,0.0015021265144363931,,0,,,0,
2026-10-06,大宮,4,042520261006,1791255900,1791255600,1,7,015901,真木寛斗,逃,91.04,,,,,0.7663500829266202,0.9064352340767279,0.240478519747484,0.25720226374061367,position_specialists,0.9064352340767279,False,,0.8649106272041569,S,0.625,0.75,0.25,0.12,0.20449503171465697,0.3525371824689658,0.0325078169696192,0.15811388300841897,0.004746217585194752,,0,,,0,
2026-10-06,大宮,4,042520261006,1791255900,1791255600,2,3,013332,吉村和之,追,88.5,,,,,0.08875198620045839,0.04152460687257102,0.27376925054090084,0.10509952124606561,position_specialists,0.04152460687257102,False,,,S,0.0,0.4,0.23,0.16,0.08292685999469097,0.054434502067889294,-0.1939876894883575,0.15811388300841897,0.000360712536474801,,0,,,0,
2026-10-06,大宮,4,042520261006,1791255900,1791255600,3,4,014410,桶谷明誉,追,83.52,,,,,0.0376500877978393,0.01678516724058549,0.08885171218209771,0.10392951046589954,position_specialists,0.01678516724058549,False,,,S,0.294,0.47,0.12,0.08,0.1771421930776646,-0.03660298043253367,0.055041676249902347,-0.0632455532033676,0.0007024402026088233,,0,,,0,
2026-10-06,大宮,4,042520261006,1791255900,1791255600,4,2,015513,菊池翔,逃,83.5,,,,,0.0339155965888661,0.012294989556571446,0.0948044285189896,0.09932279721937683,position_specialists,0.012294989556571446,False,,,S,0.351,0.529,0.16,0.1,-0.038641311725274866,-0.01161274753272603,0.03943379664618418,-0.0632455532033676,0.0011011224797651824,,0,,,0,
2026-10-06,大宮,4,042520261006,1791255900,1791255600,5,1,015735,岡本翔,逃,82.19,,,,,0.03555239796390741,0.011021577204504227,0.07307527747261502,0.11139863974825688,position_specialists,0.011021577204504227,False,,,S,0.284,0.38,0.16,0.08,-0.17844470920323577,-0.0025089992826837263,0.056532793418151095,-0.0632455532033676,0.0011011224797651824,,0,,,0,
2026-10-06,大宮,4,042520261006,1791255900,1791255600,6,5,013645,川木敬大,追,86.5,,,,,0.018191002882595994,0.006752926696558531,0.14292519891072128,0.22273875212129143,position_specialists,0.006752926696558531,False,,,S,0.208,0.583,0.04,0.45,-0.041680516018274,-0.13042567715333972,0.055041676249902347,-0.0632455532033676,0.0011011224797651824,,0,,,0,
2026-10-06,大宮,4,042520261006,1791255900,1791255600,7,6,015156,門脇翼,両,80.57,,,,,0.01958884563971266,0.005185498352481425,0.08609561262719152,0.10030851545849599,position_specialists,0.005185498352481425,False,,,S,0.142,0.142,0.0,0.0,-0.205797547840228,0.10905699156814308,-0.044570070045401596,-0.0632455532033676,0.0011011224797651824,,0,,,0,
2026-10-06,奈良,4,045320261006,1791256740,1791256440,1,7,014080,近藤隆司,両,95.05,,,,,0.46497263780169795,0.3811419939786394,0.12499612273937531,0.13408064160189911,position_specialists,0.3811419939786394,False,,0.13182081836397108,B,0.611,0.611,0.1,0.08,-0.06730694355873504,-0.0624460772912466,-0.015974844924903052,-0.12105263759074188,0.0020283702113484403,,0,,,0,
2026-10-06,奈良,4,045320261006,1791256740,1791256440,2,4,014305,大谷靖茂,逃,88.1,,,,,0.14601764782850282,0.24932117561466832,0.1993335874724043,0.1472845619496455,position_specialists,0.24932117561466832,False,,,B,0.551,0.586,0.15,0.0,0.22822342753772756,0.25248416588131195,0.1893815162684142,-0.06523794840219624,0.000338061701891406,,0,,,0,
2026-10-06,奈良,4,045320261006,1791256740,1791256440,3,1,014646,三浦雄大,追,93.68,,,,,0.18875471680639153,0.18066945197967274,0.15074248680141558,0.15974558032072872,position_specialists,0.18066945197967274,False,,,B,0.35,0.55,0.21,0.18,-0.015733299672134327,0.13377728140485518,-0.0822018332756803,-0.03986763513467548,0.0018593393604027363,,0,,,0,
2026-10-06,奈良,4,045320261006,1791256740,1791256440,4,3,015899,加藤駿,逃,89.14,,,,,0.07837506817146726,0.10360773301718784,0.17776850142615508,0.17540400857048735,position_specialists,0.10360773301718784,False,,,B,0.57,0.5710000000000001,0.27,0.11,0.03584034421446653,0.14529097054255286,0.005522577636145665,0.21383549754053208,0.003549647869859769,,0,,,0,
2026-10-06,奈良,4,045320261006,1791256740,1791256440,5,5,015665,福田要,両,89.47,,,,,0.049614213765087796,0.04154693564742414,0.16444075598516378,0.1525165639539536,position_specialists,0.04154693564742414,False,,,B,0.5,0.636,0.09,0.17,0.14466701855735348,-0.255344764565489,0.08176266019840117,-0.03986763513467548,0.0021974010622941437,,0,,,0,
2026-10-06,奈良,4,045320261006,1791256740,1791256440,6,2,014044,八尋英輔,追,87.66,,,,,0.040428364365528775,0.029709182080567546,0.1282103914702358,0.1489346118025189,position_specialists,0.029709182080567546,False,,,B,0.3329999999999999,0.4579999999999999,0.18,0.17,-0.05093565953129933,0.02990875748795544,-0.04328030329312172,0.005798928746861871,0.0016903085094570336,,0,,,0,
2026-10-06,奈良,4,045320261006,1791256740,1791256440,7,6,014951,後藤祐貴,逃,82.23,,,,,0.03183735126132393,0.014003527681840064,0.0545081541052501,0.08203403180076685,position_specialists,0.014003527681840064,False,,,B,0.237,0.285,0.0,0.14,-0.27475488754737976,0.043368185143244725,-0.13520977260925598,0.046391429974895086,0.000169030850945703,,0,,,0,
2026-10-06,大宮,5,052520261006,1791257580,1791257280,1,5,015365,古賀勝大,両,96.0,,,,,0.5985075622049975,0.7819372151911301,0.20049491389213064,0.20710037314522264,position_specialists,0.7819372151911301,False,,0.7078863672425764,S,0.7609999999999999,0.7609999999999999,0.05,0.05,0.22362885296507923,0.2961351836600418,0.14115856925903972,-0.08660254037844387,0.0034132408010507324,,0,,,0,
2026-10-06,大宮,5,052520261006,1791257580,1791257280,2,2,015285,久樹克門,逃,92.33,,,,,0.11124414448782026,0.07405084794855375,0.19524810796463152,0.177817517374351,position_specialists,0.07405084794855375,False,,,S,0.416,0.583,0.12,0.23,-0.08343076437543333,0.21144259533770082,-0.014044275655601842,0.11547005383792515,0.000670978960890315,,0,,,0,
2026-10-06,大宮,5,052520261006,1791257580,1791257280,3,7,015559,神開一輝,逃,93.19,,,,,0.09789483173374268,0.05634946580058335,0.1953821526630422,0.14718443968361394,position_specialists,0.05634946580058335,False,,,S,0.523,0.5710000000000001,0.0,0.0,0.0430055486471307,-0.17543608700706934,0.022950895449396495,0.11547005383792515,0.001983763884371366,,0,,,0,
2026-10-06,大宮,5,052520261006,1791257580,1791257280,4,6,015429,山田雄大,逃,89.0,,,,,0.08636542504036024,0.03681107493797011,0.09901281069205332,0.08263045620055101,position_specialists,0.03681107493797011,False,,,S,0.5,0.583,0.0,0.33,0.0430055486471307,-0.04290374558419754,0.04505956124921977,-0.08660254037844387,0.000670978960890315,,0,,,0,
2026-10-06,大宮,5,052520261006,1791257580,1791257280,5,4,015618,高本和也,逃,89.8,,,,,0.05442709190136404,0.03636415899744209,0.1276803167298792,0.13452151079040447,position_specialists,0.03636415899744209,False,,,S,0.38,0.523,0.21,0.17,0.09719253994251524,0.03935377215322778,0.05405045900738238,0.11547005383792515,5.834599659915796e-05,,0,,,0,
2026-10-06,大宮,5,052520261006,1791257580,1791257280,6,1,013748,佐々木省司,追,91.87,,,,,0.022153776823724942,0.008215753431049529,0.07885039525775171,0.11223840398673077,position_specialists,0.008215753431049529,False,,,S,0.3329999999999999,0.5,0.0,0.32,-0.029243773080048795,-0.12759633390653863,-0.05826160725524841,-0.08660254037844387,0.000670978960890315,,0,,,0,
2026-10-06,大宮,5,052520261006,1791257580,1791257280,7,3,012886,中井達郎,追,89.07,,,,,0.029407167807990374,0.006271483693270912,0.1033313028005114,0.13850729881912613,position_specialists,0.006271483693270912,False,,,S,0.142,0.285,0.1,0.16,-0.2941579527463734,-0.028772273491254313,-0.19091360205418814,-0.08660254037844387,0.003325721806151996,,0,,,0,
2026-10-06,奈良,5,055320261006,1791258420,1791258120,1,4,015457,村田瑞季,逃,93.28,,,,,0.3980162624674824,0.44636006780355486,0.13303962466364605,0.1243540566678779,position_specialists,0.44636006780355486,False,,0.1856239162347883,B,0.38,0.6659999999999999,0.2,0.16,0.03380722360794617,0.2571407646885942,0.08007582001284402,-0.0632455532033676,0.0017756764642889184,,0,,,0,
2026-10-06,奈良,5,055320261006,1791258420,1791258120,2,3,015048,志佐明,両,90.0,,,,,0.180811945614539,0.26073615156876656,0.2092737680270026,0.16287346709498826,position_specialists,0.26073615156876656,False,,,B,0.47,0.647,0.25,0.11,0.31162803229673297,0.1534980912757654,0.07215737944270088,0.158113883008419,0.0032672446942916106,,0,,,0,
2026-10-06,奈良,5,055320261006,1791258420,1791258120,3,1,015003,小笹隼人,両,91.0,,,,,0.2578711045245396,0.19724300348698148,0.2697110163148657,0.18421142498967444,position_specialists,0.19724300348698148,False,,,B,0.375,0.541,0.25,0.15,-0.12574860523139902,0.17172565197263073,0.06184620271567016,-0.0632455532033676,0.0009470274476207566,,0,,,0,
2026-10-06,奈良,5,055320261006,1791258420,1791258120,4,7,013589,佐竹和也,追,87.79,,,,,0.07652547668632799,0.05226993631069116,0.12541157600058722,0.13824101798213287,position_specialists,0.05226993631069116,False,,,B,0.375,0.541,0.3,0.19,0.12821902591403672,-0.03555969485302696,0.04877217378201166,-0.0632455532033676,0.0022018388157182597,,0,,,0,
2026-10-06,奈良,5,055320261006,1791258420,1791258120,5,2,015548,白井優太朗,逃,85.3,,,,,0.06250663218223444,0.0356973506373769,0.10417728854717909,0.18089680615226347,position_specialists,0.0356973506373769,False,,,B,0.391,0.478,0.17,0.22,-0.028068747098539057,-0.05378725554989229,0.08246855616973159,-0.0632455532033676,0.0018703792090509945,,0,,,0,
2026-10-06,奈良,5,055320261006,1791258420,1791258120,6,5,014530,栗田雄矢,追,83.8,,,,,0.014610673736722745,0.00395094167015412,0.09450665714029313,0.09133770723004873,position_specialists,0.00395094167015412,False,,,B,0.095,0.3329999999999999,0.26,0.08,-0.3341081814701522,0.0384707861561365,-0.18969331528020927,-0.0632455532033676,0.0022018388157182597,,0,,,0,
2026-10-06,奈良,5,055320261006,1791258420,1791258120,7,6,012603,大川栄二,追,83.09,,,,,0.009657904788153837,0.0037425485224749496,0.06388006930642622,0.11808551988301436,position_specialists,0.0037425485224749496,False,,,B,0.142,0.3329999999999999,0.13,0.4,0.014271251981374189,-0.1966100719864927,-0.15562681684274915,0.158113883008419,0.00028410823428622674,,0,,,0,
2026-10-06,大宮,6,062520261006,1791259260,1791258960,1,1,015311,柳原真緒,両,58.08,,,,,0.8613502525397307,0.8335065845388299,0.49434797957455157,0.48298495802385133,position_specialists,0.8335065845388299,False,,0.6802144871487086,S,0.769,0.769,0.0,0.0,0.19364607681064896,-0.028703851860318427,0.1377109071536492,-0.040824829046386304,0.004255452086254803,,0,,,0,
2026-10-06,大宮,6,062520261006,1791259260,1791258960,2,2,015392,加藤舞,逃,54.8,,,,,0.10425472372793998,0.15329209739012128,0.175457056801499,0.12519995940189654,position_specialists,0.15329209739012128,False,,,S,0.6,0.72,0.0,0.0,0.18598775738875886,-0.028703851860318427,0.29313752350232447,0.2449489742783178,0.0005030406619534433,,0,,,0,
2026-10-06,大宮,6,062520261006,1791259260,1791258960,3,4,015402,鈴木樹里,両,50.2,,,,,0.009083946029556492,0.00389889286084496,0.11255424627827162,0.10667724713431133,position_specialists,0.00389889286084496,False,,,S,0.125,0.375,0.0,0.0,0.02516304952906739,-0.028703851860318427,-0.06378587191503529,-0.040824829046386304,0.000788550226845938,,0,,,0,
2026-10-06,大宮,6,062520261006,1791259260,1791258960,4,7,015944,赤池七虹,両,49.83,,,,,0.008780167076272037,0.003452887361026066,0.08039313739651137,0.09641537495653008,position_specialists,0.003452887361026066,False,,,S,0.0409999999999999,0.291,0.0,0.0,0.0021880912633971553,-0.028703851860318427,-0.09752441002523574,-0.040824829046386304,0.0016450789215234224,,0,,,0,
2026-10-06,大宮,6,062520261006,1791259260,1791258960,5,5,015677,浜地晴帆,両,48.12,,,,,0.007012677348224632,0.0027410441794090607,0.0595159140817575,0.06830000804460971,position_specialists,0.0027410441794090607,False,,,S,0.166,0.208,0.0,0.0,-0.08971174179928366,-0.028703851860318427,-0.003755916725604357,-0.040824829046386304,0.0011692296467025977,,0,,,0,
2026-10-06,大宮,6,062520261006,1791259260,1791258960,6,3,015151,山本知佳,両,49.75,,,,,0.007236634848625052,0.0025560892481373766,0.05823920941388742,0.08676196798717538,position_specialists,0.0025560892481373766,False,,,S,0.0,0.083,0.0,0.0,-0.043761825267943304,-0.028703851860318427,-0.13289111599504913,-0.040824829046386304,0.00149552629229402,,0,,,0,
2026-10-06,大宮,6,062520261006,1791259260,1791258960,7,6,014908,藤原亜衣里,追,46.0,,,,,0.002281598429650989,0.0005524044216313718,0.019492456453521552,0.03366048445162559,position_specialists,0.0005524044216313718,False,,,S,0.0,0.0,0.0,0.0,-0.2735114079246454,-0.028703851860318427,-0.13289111599504913,-0.040824829046386304,0.0016450789215234224,,0,,,0,
2026-10-06,奈良,6,065320261006,1791260100,1791259800,1,3,015646,塩崎隼秀,両,97.53,,,,,0.3240631056592558,0.5565821551809969,0.2010092847575344,0.1683368484069832,position_specialists,0.5565821551809969,False,,0.2646993290340072,A,0.275,0.31,0.18,0.11,0.24839465864913784,0.3087250533412612,0.2924611476900091,0.07844645405527363,0.0038953023034196295,,0,,,0,
2026-10-06,奈良,6,065320261006,1791260100,1791259800,2,5,015201,門田凌,両,96.66,,,,,0.4220070334623483,0.2918828261469896,0.23672930319303384,0.32481120005513864,position_specialists,0.2918828261469896,False,,,A,0.147,0.296,0.15,0.15,-0.12178841526867659,0.21076864368725148,-0.00928077751086498,0.2157277486520025,0.0022210056993182095,,0,,,0,
2026-10-06,奈良,6,065320261006,1791260100,1791259800,3,4,015660,河崎正晴,逃,98.95,,,,,0.12846550696847944,0.09114045572452874,0.22758289869829965,0.08644669452488844,position_specialists,0.09114045572452874,False,,,A,0.13,0.347,0.08,0.16,0.14113555708615638,0.04953187511096707,-0.011270122498206234,-0.05883484054145521,0.0008884022797272842,,0,,,0,
2026-10-06,奈良,6,065320261006,1791260100,1791259800,4,2,013115,望月永悟,追,98.39,,,,,0.07975274005696308,0.043558500797830274,0.1767703362182103,0.0846060416965429,position_specialists,0.043558500797830274,False,,,A,0.083,0.5,0.08,0.18,0.1730090519942754,-0.032224960903649326,-0.10319563256585615,-0.05883484054145521,0.0013667727380419754,,0,,,0,
2026-10-06,奈良,6,065320261006,1791260100,1791259800,5,7,013306,齋藤登志信,追,97.61,,,,,0.019233883199129727,0.009830173351870496,0.07046169568163774,0.08703464691645502,position_specialists,0.009830173351870496,False,,,A,0.192,0.2689999999999999,0.0,0.14,0.0038542624894275512,-0.08963266462428618,0.0376766500166306,-0.05883484054145521,0.0008884022797272842,,0,,,0,
2026-10-06,奈良,6,065320261006,1791260100,1791259800,6,1,014313,小谷実,追,94.28,,,,,0.017865158478838936,0.005262087401406447,0.06069016790050216,0.1898052004353917,position_specialists,0.005262087401406447,False,,,A,0.093,0.187,0.0,0.19,-0.14691695082029735,-0.08963266462428618,-0.05623820503836056,-0.05883484054145521,0.0013667727380419754,,0,,,0,
2026-10-06,奈良,6,065320261006,1791260100,1791259800,7,6,013722,宝満大作,追,93.26,,,,,0.008612572174984777,0.001743801396377607,0.026756313550781848,0.05895936796460017,position_specialists,0.001743801396377607,False,,,A,0.038,0.115,0.04,0.09,-0.29768816413002247,-0.08963266462428618,-0.15015306009335172,-0.05883484054145521,0.0016059579671993212,,0,,,0,
2026-10-06,大宮,7,072520261006,1791260940,1791260640,1,7,015218,太田りゆ,逃,58.71,,,,,0.9319659862045144,0.9641547266188967,0.5215324446128121,0.5051310028193907,position_specialists,0.9641547266188967,False,,0.9387509647262077,S,0.857,0.952,0.0,0.0,0.25852971753925735,-0.028703851860318427,0.3249905224741653,0.23107757575720506,0.0047525806611033025,,0,,,0,
2026-10-06,大宮,7,072520261006,1791260940,1791260640,2,3,015492,永禮美瑠,両,54.04,,,,,0.039891371022794865,0.025403761892689017,0.16129840433227263,0.09100768959747123,position_specialists,0.025403761892689017,False,,,S,0.475,0.7609999999999999,0.0,0.0,0.17719452550443482,-0.028703851860318427,0.04587982949525148,-0.06626489304802205,0.0003765427932779918,,0,,,0,
2026-10-06,大宮,7,072520261006,1791260940,1791260640,3,1,015399,高木佑真,両,50.3,,,,,0.009161652513156857,0.004054223165182969,0.103415253695953,0.107355316662991,position_specialists,0.004054223165182969,False,,,S,0.166,0.266,0.0,0.0,-0.026143454582621482,-0.028703851860318427,-0.0210042774155413,0.03185812165770291,0.0005902562705438791,,0,,,0,
2026-10-06,大宮,7,072520261006,1791260940,1791260640,4,2,014902,中村由香里,追,51.16,,,,,0.00654751734465642,0.0024094426722775964,0.08278906980007203,0.08803230005740183,position_specialists,0.0024094426722775964,False,,,S,0.142,0.285,0.0,0.0,-0.015976555578268704,-0.028703851860318427,-0.1038500528158749,-0.06626489304802205,0.00023406714176740038,,0,,,0,
2026-10-06,大宮,7,072520261006,1791260940,1791260640,5,4,015864,田野口佳奈,両,49.14,,,,,0.005728186109939521,0.0018274493304025715,0.052372324226633085,0.0788702601175748,position_specialists,0.0018274493304025715,False,,,S,0.095,0.285,0.0,0.0,-0.14814624263485532,-0.028703851860318427,-0.07091423818591676,-0.045450920231656144,0.001516348005362724,,0,,,0,
2026-10-06,大宮,7,072520261006,1791260940,1791260640,6,5,015498,國村美留莉,追,48.83,,,,,0.003924333398051556,0.001419790966371275,0.04741369401664922,0.0798151127905291,position_specialists,0.001419790966371275,False,,,S,0.111,0.166,0.0,0.0,-0.0668110506000328,-0.028703851860318427,-0.054615077146083775,-0.018690098039185706,0.0005190184447885832,,0,,,0,
2026-10-06,大宮,7,072520261006,1791260940,1791260640,7,6,015774,金田舞夏,両,47.7,,,,,0.002780953406886242,0.0007306053541798551,0.03117880931560797,0.04978831795464131,position_specialists,0.0007306053541798551,False,,,S,0.0,0.083,0.0,0.0,-0.17864693964791376,-0.028703851860318427,-0.12048670640600007,-0.06626489304802205,0.001516348005362724,,0,,,0,
2026-10-06,奈良,7,075320261006,1791261780,1791261480,1,1,015653,坂田康季,逃,103.23,,,,,0.3843089393654368,0.5188499762023986,0.20454457911570884,0.10942101746762013,position_specialists,0.5188499762023986,False,,0.19992254310506935,B,0.423,0.615,0.15,0.15,0.05871265104622943,-0.03241584325317777,0.2890830912903999,0.2102504700319511,0.0007102705857155673,,0,,,0,
2026-10-06,奈良,7,075320261006,1791261780,1791261480,2,7,014141,中川貴徳,追,101.8,,,,,0.2774177746819214,0.31892743309732924,0.1994629997965147,0.13192189664851206,position_specialists,0.31892743309732924,False,,,B,0.38,0.476,0.16,0.06,0.281446704161933,0.30064915371033507,0.03675076468960805,-0.0044734142559989636,0.0003788109790483022,,0,,,0,
2026-10-06,奈良,7,075320261006,1791261780,1791261480,3,3,013800,中村一将,両,97.73,,,,,0.12438782488374898,0.06770258652893192,0.14885643020569403,0.1854836400840171,position_specialists,0.06770258652893192,False,,,B,0.23,0.346,0.3,0.0,-0.1145249458215401,0.19540169688916748,-0.012250254896536018,-0.013420242767996877,0.002036109012384627,,0,,,0,
2026-10-06,奈良,7,075320261006,1791261780,1791261480,4,4,015041,伊藤慶太郎,両,97.52,,,,,0.10141924430653879,0.05480829158392703,0.12176629189067965,0.19514650973301612,position_specialists,0.05480829158392703,False,,,B,0.315,0.315,0.12,0.07,0.06273034588682092,-0.03241584325317777,-0.016493953358288495,0.06262779958398544,0.003030487832386422,,0,,,0,
2026-10-06,奈良,7,075320261006,1791261780,1791261480,5,5,015118,木村幸希,両,96.96,,,,,0.05322208095525569,0.021892106286632573,0.13674303367907598,0.13007425186798993,position_specialists,0.021892106286632573,False,,,B,0.111,0.259,0.07,0.1,0.1082091072941636,-0.05588240111839251,-0.0963610304301333,-0.08499487086398023,0.0019414062676225516,,0,,,0,
2026-10-06,奈良,7,075320261006,1791261780,1791261480,6,2,015191,奥村諭志,両,93.89,,,,,0.04406228292555018,0.014628740511124028,0.0880000639482106,0.11174593530943008,position_specialists,0.014628740511124028,False,,,B,0.178,0.25,0.06,0.06,-0.09379441253816437,-0.06806899873605052,-0.024500509793072035,-0.08499487086398023,0.0012784870542880218,,0,,,0,
2026-10-06,奈良,7,075320261006,1791261780,1791261480,7,6,012478,加倉正義,追,93.0,,,,,0.015181852881548129,0.003190865789656501,0.10062660136411616,0.13620674888941453,position_specialists,0.003190865789656501,False,,,B,0.0,0.156,0.16,0.02,-0.30277945002944195,-0.020229245635519796,-0.17622810750197812,-0.08499487086398023,0.002935785087624347,,0,,,0,
2026-10-06,大宮,8,082520261006,1791262620,1791262320,1,4,015794,福田稔希,逃,104.42,,,,,0.501661279000605,0.646629604581117,0.12767950223154217,0.08862452265367941,position_specialists,0.646629604581117,False,,0.37208148974321187,A,0.5329999999999999,0.5329999999999999,0.18,0.1,0.18444950485693,0.19571220812422885,0.11145953151186498,0.2449489742783178,0.0030490055157337023,,0,,,0,
2026-10-06,大宮,8,082520261006,1791262620,1791262320,2,3,015211,平尾一晃,逃,101.69,,,,,0.2498459589296877,0.2745481148379051,0.2528771093099079,0.17130298002334418,position_specialists,0.2745481148379051,False,,,A,0.5,0.5760000000000001,0.09,0.08,0.21556146953159294,0.18012476153959717,0.27904965542094395,-0.0408248290463863,0.0017720715817939466,,0,,,0,
2026-10-06,大宮,8,082520261006,1791262620,1791262320,3,6,015130,瀬戸栄作,両,95.45,,,,,0.0907407477713893,0.031005863127618553,0.17998478714192798,0.17026091463897375,position_specialists,0.031005863127618553,False,,,A,0.2,0.3,0.04,0.04,-0.14222612422703027,0.24355196122475953,-0.06315029327969063,-0.0408248290463863,0.00023453888582566912,,0,,,0,
2026-10-06,大宮,8,082520261006,1791262620,1791262320,4,1,014071,朝倉佳弘,追,98.4,,,,,0.06818460786125617,0.020178990186607803,0.18041074962645173,0.2625868777258246,position_specialists,0.020178990186607803,False,,,A,0.18,0.318,0.13,0.13,-0.12667014188969886,-0.021434630713978286,-0.08271718602358916,-0.0408248290463863,0.0020587302200253195,,0,,,0,
2026-10-06,大宮,8,082520261006,1791262620,1791262320,5,7,014831,伊藤裕貴,両,99.04,,,,,0.03797894279771309,0.01355279567951129,0.13379824419946917,0.10688979323975807,position_specialists,0.01355279567951129,False,,,A,0.16,0.44,0.16,0.18,0.09111361083294134,-0.1627990633222988,-0.04533832575641123,-0.0408248290463863,0.0024235684868652496,,0,,,0,
2026-10-06,大宮,8,082520261006,1791262620,1791262320,6,2,013862,鈴木伸之,追,98.92,,,,,0.03820009830639406,0.010519232464934873,0.0837401074503954,0.1018260837854849,position_specialists,0.010519232464934873,False,,,A,0.115,0.23,0.05,0.07,-0.1733380889016932,-0.021434630713978286,-0.11658619584952878,-0.0408248290463863,0.0016938919531853894,,0,,,0,
2026-10-06,大宮,8,082520261006,1791262620,1791262320,7,5,014065,鰐淵圭佑,追,95.96,,,,,0.013388365332954759,0.003565399122305371,0.04150950004030554,0.09850882793293514,position_specialists,0.003565399122305371,False,,,A,0.1369999999999999,0.206,0.13,0.2,-0.048890230203041646,-0.07884233443461514,-0.08271718602358916,-0.0408248290463863,0.0015896524483739814,,0,,,0,
2026-10-06,奈良,8,085320261006,1791263460,1791263160,1,1,014791,木村弘,逃,99.6,,,,,0.33820406604343334,0.4171493210899869,0.3044394005938424,0.20537473270158654,position_specialists,0.4171493210899869,False,,0.01358892479795959,C,0.15,0.3,0.18,0.08,-0.09572418169211301,0.31135984564723745,0.06576263401180339,0.16701946211651328,0.0012009386000652823,,0,,,0,
2026-10-06,奈良,8,085320261006,1791263460,1791263160,2,4,012948,小林潤二,追,98.08,,,,,0.3561494878944947,0.40356039629202733,0.23412010668844166,0.2233843361528897,position_specialists,0.40356039629202733,False,,,C,0.152,0.307,0.14,0.16,0.35496478698597683,0.2355376014659911,-0.005659020877824595,-0.0026938622922018066,0.0019515252251060843,,0,,,0,
2026-10-06,奈良,8,085320261006,1791263460,1791263160,3,3,014394,不破将登,両,99.07,,,,,0.1356871847728282,0.09546959518394735,0.15770349131725864,0.1560246987353635,position_specialists,0.09546959518394735,False,,,C,0.25,0.357,0.0,0.22,0.006982984945618553,-0.11703384991873063,0.16693146100208026,-0.13469311461009134,0.004353402425236649,,0,,,0,
2026-10-06,奈良,8,085320261006,1791263460,1791263160,4,2,013295,佐々木則幸,追,99.65,,,,,0.05328680580332315,0.030564200614068417,0.09780009605825336,0.09131962690035265,position_specialists,0.030564200614068417,False,,,C,0.15,0.25,0.03,0.16,-0.09572418169211301,-0.06919409681819992,-0.056758768534014785,0.01616317375321097,0.0009007039500489624,,0,,,0,
2026-10-06,奈良,8,085320261006,1791263460,1791263160,5,7,014330,坂田章,追,98.61,,,,,0.048077205997737016,0.024705350086887408,0.07099257112979775,0.12697915504601517,position_specialists,0.024705350086887408,False,,,C,0.152,0.23,0.16,0.16,-0.14790199457749068,-0.11703384991873063,-0.005659020877824595,0.01616317375321097,0.0014261145875775233,,0,,,0,
2026-10-06,奈良,8,085320261006,1791263460,1791263160,6,5,013274,八日市屋浩之,追,96.58,,,,,0.039173239978510535,0.02017961199307671,0.078896755516002,0.10121129234120566,position_specialists,0.02017961199307671,False,,,C,0.166,0.25,0.0,0.33,-0.029580398915498244,-0.11703384991873063,-0.005659020877824595,0.07273428188944933,0.0003752933125204013,,0,,,0,
2026-10-06,奈良,8,085320261006,1791263460,1791263160,7,6,014307,谷田泰平,追,94.43,,,,,0.02942200950967311,0.00837152474000598,0.0560475786964042,0.09570615812258676,position_specialists,0.00837152474000598,False,,,C,0.043,0.086,0.0,0.07,0.006982984945618553,-0.11703384991873063,-0.15895826384639516,-0.13469311461009134,0.0009007039500489624,,0,,,0,
2026-10-06,大宮,9,092520261006,1791264300,1791264000,1,5,015815,栗山和樹,逃,105.8,,,,,0.5198006992076705,0.5204300123664498,0.17972763614547468,0.12184772442186177,position_specialists,0.5204300123664498,False,,0.1689975098932191,B,0.272,0.4539999999999999,0.13,0.1,0.0021331925999352646,0.20853088006410989,-0.014707321995533765,0.11076852271402854,0.0035292892135586136,,0,,,0,
2026-10-06,大宮,9,092520261006,1791264300,1791264000,2,3,015509,木村佑来,逃,103.23,,,,,0.26593322162818683,0.3514325024732307,0.19961170789180252,0.15136648266640867,position_specialists,0.3514325024732307,False,,,B,0.5,0.615,0.15,0.13,0.16887774749489123,0.07203566588532843,0.29628453447291797,-0.08115713545384272,0.0009625334218796224,,0,,,0,
2026-10-06,大宮,9,092520261006,1791264300,1791264000,3,4,013669,荒澤貴史,追,102.66,,,,,0.08769247980567778,0.06533504218938083,0.27187809022171305,0.17153856163746342,position_specialists,0.06533504218938083,False,,,B,0.3329999999999999,0.6659999999999999,0.27,0.09,0.251005662592407,0.04404474444209164,-0.06580706965172395,-0.08115713545384272,0.0009625334218796218,,0,,,0,
2026-10-06,大宮,9,092520261006,1791264300,1791264000,4,2,014310,三谷政史,追,98.68,,,,,0.04945193314228034,0.022378822897361983,0.17833884234736086,0.2491322909807815,position_specialists,0.022378822897361983,False,,,B,0.12,0.36,0.28,0.22,-0.03270895319901064,-0.10761660464544334,-0.014707321995533765,-0.08115713545384272,0.0028876002656388657,,0,,,0,
2026-10-06,大宮,9,092520261006,1791264300,1791264000,5,1,015727,中原航大,逃,95.2,,,,,0.03892144787657862,0.021909918410467098,0.0701553175504764,0.10169076563220106,position_specialists,0.021909918410467098,False,,,B,0.16,0.36,0.12,0.14,-0.1894986092942678,0.19336474515535643,-0.0694486815266786,0.17218473332774734,0.0012833778958394957,,0,,,0,
2026-10-06,大宮,9,092520261006,1791264300,1791264000,6,7,013438,前反祐一郎,追,95.78,,,,,0.032992056473112236,0.016965676751562696,0.05251075581198337,0.12493700511963325,position_specialists,0.016965676751562696,False,,,B,0.107,0.25,0.21,0.15,-0.03270895319901064,0.11987541898585914,-0.014707321995533765,-0.08115713545384272,0.0,,0,,,0,
2026-10-06,大宮,9,092520261006,1791264300,1791264000,7,6,012688,佐藤成人,追,94.07,,,,,0.0052081618664936834,0.0015480249115468734,0.04777765003118902,0.07948716954165023,position_specialists,0.0015480249115468734,False,,,B,0.038,0.115,0.0,0.17,-0.1671000869949454,-0.19535657818358718,-0.11690681730791416,0.04167528577359489,0.0019250668437592437,,0,,,0,
2026-10-06,奈良,9,095320261006,1791265140,1791264840,1,5,014114,坂本亮馬,追,99.14,,,,,0.3256116825327257,0.34748947327820096,0.2954579774923396,0.20879669984817592,position_specialists,0.34748947327820096,False,,0.07973188965303513,C,0.284,0.357,0.04,0.16,0.13141879395609968,0.10957365178400248,-0.017018450563270098,0.0,0.0006107932814554215,,0,,,0,
2026-10-06,奈良,9,095320261006,1791265140,1791264840,2,7,014882,山本直,両,99.14,,,,,0.2784053943836863,0.26775758362516583,0.22176283524079685,0.15516848276812123,position_specialists,0.26775758362516583,False,,,C,0.284,0.285,0.19,0.05,0.1545072206577144,0.08485493145967916,-0.08199798907757408,0.0,0.001926348041513252,,0,,,0,
2026-10-06,奈良,9,095320261006,1791265140,1791264840,3,1,014864,土屋壮登,追,102.96,,,,,0.17610176956938534,0.22024537039482261,0.18943981819256386,0.217965848699197,position_specialists,0.22024537039482261,False,,,C,0.345,0.423,0.32,0.06,-0.16307984159690064,0.10957365178400248,0.1454303957224899,0.0,0.0006107932814554215,,0,,,0,
2026-10-06,奈良,9,095320261006,1791265140,1791264840,4,4,015426,太田龍希,逃,99.11,,,,,0.10033033054679472,0.0782168685555692,0.09804319057503443,0.13650629203951586,position_specialists,0.0782168685555692,False,,,C,0.175,0.294,0.1,0.12,-0.13929177335267107,-0.1463553963023946,0.09128078029390321,0.0,0.003006982308703613,,0,,,0,
2026-10-06,奈良,9,095320261006,1791265140,1791264840,5,6,015058,中西大,逃,94.0,,,,,0.05328581438159116,0.03572679759220068,0.06082381283905606,0.07944755260176234,position_specialists,0.03572679759220068,False,,,C,0.166,0.166,0.17,0.13,-0.10382491579228585,0.2235811281169234,-0.07116806599185675,0.0,0.0022552367315277102,,0,,,0,
2026-10-06,奈良,9,095320261006,1791265140,1791264840,6,3,013744,菅原晃,追,99.1,,,,,0.03269544308824576,0.02995740014200079,0.07906376859559823,0.11963033449095829,position_specialists,0.02995740014200079,False,,,C,0.205,0.31,0.19,0.14,0.21720657494832918,-0.2252864452511229,0.047961087951033876,0.0,0.003006982308703613,,0,,,0,
2026-10-06,奈良,9,095320261006,1791265140,1791264840,7,2,014478,内山貴裕,追,94.52,,,,,0.03356956549757106,0.02060650641204001,0.055408597064611056,0.08248478955226929,position_specialists,0.02060650641204001,False,,,C,0.0579999999999999,0.1169999999999999,0.25,0.13,-0.09693605882028586,0.1789367501126246,-0.11448775833472608,0.0,0.0006107932814554215,,0,,,0,
2026-10-06,大宮,10,102520261006,1791265980,1791265680,1,1,015527,北井佑季,逃,105.44,,,,,0.7243582234240911,0.8090184579392375,0.16730906790835864,0.15543044738826803,position_specialists,0.8090184579392375,False,,0.7205596659822013,S,0.5,0.611,0.0,0.33,0.26191601707417583,-0.10920363842650092,0.15017131302921016,0.03774318322856882,0.0040671688172726015,,0,,,0,
2026-10-06,大宮,10,102520261006,1791265980,1791265680,2,5,015706,山田駿斗,逃,102.0,,,,,0.12095832177786732,0.08845879195703617,0.3580302478739452,0.158395038654905,position_specialists,0.08845879195703617,False,,,S,0.3329999999999999,0.4579999999999999,0.16,0.12,-0.09354143466934851,0.01838456056102122,0.06718661917464913,0.13149238028017524,0.00028892456078985734,,0,,,0,
2026-10-06,大宮,10,102520261006,1791265980,1791265680,3,7,015468,和泉尚吾,両,100.14,,,,,0.0658645359384821,0.06676403069605773,0.14781959291033564,0.15374761724157662,position_specialists,0.06676403069605773,False,,,S,0.259,0.407,0.11,0.14,0.14966629547095758,0.0493424344589129,0.14569628163938791,0.15706034311243156,0.0003333744932190653,,0,,,0,
2026-10-06,大宮,10,102520261006,1791265980,1791265680,4,2,013976,明田春喜,追,96.39,,,,,0.02645311569526688,0.012912239865479177,0.06343349288365083,0.09359249040769628,position_specialists,0.012912239865479177,False,,,S,0.178,0.25,0.28,0.1,-0.11224972160321832,0.2416522657496048,0.00024035546741031644,-0.08157397665529391,0.0010667983783010102,,0,,,0,
2026-10-06,大宮,10,102520261006,1791265980,1791265680,5,6,015786,角田光,逃,95.57,,,,,0.027389582735106548,0.009857498108161174,0.07574090339949707,0.09455856442779957,position_specialists,0.009857498108161174,False,,,S,0.157,0.315,0.13,0.11,-0.20579115627256683,0.24540896914556018,-0.13179047653510062,-0.08157397665529391,0.000955673547227988,,0,,,0,
2026-10-06,大宮,10,102520261006,1791265980,1791265680,6,3,014622,高市訓但,追,96.75,,,,,0.02288299155923168,0.009142780346425582,0.08868238372430587,0.09165661980394382,position_specialists,0.009142780346425582,False,,,S,0.102,0.413,0.21,0.09,0.03741657386773944,0.0559050223622547,-0.11575204638777842,-0.08157397665529391,0.0012223731418032411,,0,,,0,
2026-10-06,大宮,10,102520261006,1791265980,1791265680,7,4,015097,長谷部翔,両,98.3,,,,,0.012093228869954311,0.0038462010876026496,0.09898431129990672,0.2526192220758107,position_specialists,0.0038462010876026496,False,,,S,0.13,0.347,0.0,0.38,-0.03741657386773944,-0.1666113421471378,-0.11575204638777842,-0.08157397665529391,0.0027781207768255473,,0,,,0,
2026-10-06,奈良,10,105320261006,1791266820,1791266520,1,1,015297,上野優太,追,109.45,,,,,0.42093659131442906,0.2736005005840258,0.14071983559386114,0.15860141977594888,position_specialists,0.2736005005840258,False,,0.01686912406724861,C,0.136,0.272,0.24,0.08,-0.24056640389402306,0.0023077398821943294,-0.17305643579193294,-0.08429330011111749,0.0011848993155300614,,0,,,0,
2026-10-06,奈良,10,105320261006,1791266820,1791266520,2,7,015663,松本秀之慎,逃,104.45,,,,,0.16962930668529888,0.2567313765167772,0.21013308127891306,0.1843457823410223,position_specialists,0.2567313765167772,False,,,C,0.428,0.5710000000000001,0.16,0.16,-0.0076260430109472005,-0.003959928774289656,0.17397386346961907,0.1536313372992948,0.0003118156093500162,,0,,,0,
2026-10-06,奈良,10,105320261006,1791266820,1791266520,3,4,014730,中田健太,追,103.5,,,,,0.09736698036122889,0.20461653536027455,0.14496606641768153,0.1599195426015293,position_specialists,0.20461653536027455,False,,,C,0.31,0.517,0.27,0.19,0.2059853728888787,0.33488441543456826,0.10868812937304051,0.11556339531362883,0.0018708936561000966,,0,,,0,
2026-10-06,奈良,10,105320261006,1791266820,1791266520,4,2,015349,寺沼拓摩,両,104.61,,,,,0.16495766607256293,0.15308376796164477,0.19733922753589167,0.18859888866181718,position_specialists,0.15308376796164477,False,,,C,0.428,0.428,0.13,0.14,-0.024500919475842015,-0.024745970996312993,0.04741614136633865,-0.08429330011111749,0.0014031702420750727,,0,,,0,
2026-10-06,奈良,10,105320261006,1791266820,1791266520,5,3,014052,飯野祐太,両,104.38,,,,,0.05774696361241245,0.051537854545163075,0.11976700025055649,0.1264105080832192,position_specialists,0.051537854545163075,False,,,C,0.284,0.38,0.22,0.12,-0.0076260430109472005,-0.10789013988440647,-0.016264094294289242,0.06797846783154637,0.0003118156093500162,,0,,,0,
2026-10-06,奈良,10,105320261006,1791266820,1791266520,6,6,015641,富武大,逃,97.31,,,,,0.04680261437733863,0.03330104225373172,0.11675321109517887,0.10681623110312624,position_specialists,0.03330104225373172,False,,,C,0.21,0.421,0.0,0.0,-0.07297508351576212,0.14649278972530722,-0.014658595858338577,-0.08429330011111749,0.0038353319950051976,,0,,,0,
2026-10-06,奈良,10,105320261006,1791266820,1791266520,7,5,013533,佐藤愼太郎,追,99.25,,,,,0.04255987757672914,0.027128922778382934,0.0703215778279172,0.07530762743333692,position_specialists,0.027128922778382934,False,,,C,0.2,0.35,0.18,0.18,0.14730912001864255,-0.06005038678387576,-0.12609900826443737,-0.08429330011111749,0.002494524874800129,,0,,,0,
2026-10-06,大宮,11,112520261006,1791267720,1791267420,1,1,015799,森田一郎,逃,108.55,,,,,0.5539325680059989,0.6730381924227513,0.15677030020010863,0.09406316208836991,position_specialists,0.6730381924227513,False,,0.47053385856416124,S,0.35,0.45,0.11,0.11,0.11669533429885029,0.11933253288999791,0.12790987613026675,0.011588119576394933,0.00149071198499986,,0,,,0,
2026-10-06,大宮,11,112520261006,1791267720,1791267420,2,4,014811,笠松将太,逃,96.28,,,,,0.23969378229164057,0.20250433385859007,0.40241041489553336,0.41308789380111216,position_specialists,0.20250433385859007,False,,,S,0.214,0.285,0.16,0.0,-0.12355976572819438,0.3257724777924677,0.07813439404563201,0.1636821890165785,0.0030559595692497125,,0,,,0,
2026-10-06,大宮,11,112520261006,1791267720,1791267420,3,2,015197,川口雄太,両,102.16,,,,,0.11549157535583272,0.07119457897462952,0.13508074299818637,0.15059543663708475,position_specialists,0.07119457897462952,False,,,S,0.166,0.291,0.08,0.08,-0.12355976572819438,0.14047922513025649,-0.015291944967917241,0.011588119576394933,0.0020124611797498106,,0,,,0,
2026-10-06,大宮,11,112520261006,1791267720,1791267420,4,7,014268,山口貴弘,追,99.19,,,,,0.04860943531579252,0.03452839312489815,0.12052617079388897,0.11768906825759853,position_specialists,0.03452839312489815,False,,,S,0.3329999999999999,0.428,0.2,0.21,0.308899414320486,-0.05486798253218613,0.10132784796052019,-0.1709247637518253,0.002161532378249797,,0,,,0,
2026-10-06,大宮,11,112520261006,1791267720,1791267420,5,3,014604,菱田浩二,逃,97.45,,,,,0.027414807504171027,0.013018931161705948,0.09864207947967478,0.07452255445882622,position_specialists,0.013018931161705948,False,,,S,0.2269999999999999,0.409,0.13,0.13,-0.003432215714672055,-0.06041435115219976,0.012658108652260289,-0.09994753134640631,0.000596284793999944,,0,,,0,
2026-10-06,大宮,11,112520261006,1791267720,1791267420,6,5,014481,徳丸泰教,追,94.23,,,,,0.01173051242982988,0.0048848531609564025,0.05798104734552548,0.06483174806697416,position_specialists,0.0048848531609564025,False,,,S,0.0579999999999999,0.147,0.26,0.05,-0.05148323572008103,0.029718786428848072,-0.11008630943189744,0.05214653809377722,0.002161532378249797,,0,,,0,
2026-10-06,大宮,11,112520261006,1791267720,1791267420,7,6,013394,飯嶋則之,追,93.21,,,,,0.003127319096734379,0.0008307172964685057,0.028589244287082354,0.08521013669003426,position_specialists,0.0008307172964685057,False,,,S,0.0,0.1,0.0,0.17,-0.12355976572819438,-0.16514241685346936,-0.1946519723888645,0.03186732883508609,0.001639783183499846,,0,,,0,
2026-10-06,奈良,11,115320261006,1791268620,1791268320,1,5,014497,川津悠揮,追,106.4,,,,,0.2539961408102451,0.3434329197250376,0.1552260605960846,0.09340042979675212,position_specialists,0.3434329197250376,False,,0.08897571892840078,B,0.363,0.4539999999999999,0.16,0.16,-0.0023306228849653,0.24948208575458516,0.04944215839984917,0.11547005383792515,0.002658228069708888,,0,,,0,
2026-10-06,奈良,11,115320261006,1791268620,1791268320,2,4,014757,藤井昭吾,両,103.75,,,,,0.36768452090230924,0.2544572007966368,0.24297753748828887,0.27304279637548917,position_specialists,0.2544572007966368,False,,,B,0.172,0.4479999999999999,0.18,0.13,-0.32842505542957917,0.18491838625825707,-0.04190985733700371,0.11547005383792515,0.0008574929257125452,,0,,,0,
2026-10-06,奈良,11,115320261006,1791268620,1791268320,3,3,015418,原大智,両,104.3,,,,,0.16764304380819214,0.24128655863654142,0.1749223003854345,0.13254955862914858,position_specialists,0.24128655863654142,False,,,B,0.391,0.652,0.13,0.24,0.29556000591876025,0.1693604829058904,0.14496970792622926,-0.08660254037844387,0.0014577379737113268,,0,,,0,
2026-10-06,奈良,11,115320261006,1791268620,1791268320,4,7,015370,城戸俊潔,逃,101.95,,,,,0.09135558698200037,0.10810929828014819,0.1420990526314605,0.12110006793331093,position_specialists,0.10810929828014819,False,,,B,0.409,0.59,0.2,0.1,0.14463311759254216,0.05637400878731621,0.12461064958657175,0.11547005383792515,0.0014577379737113268,,0,,,0,
2026-10-06,奈良,11,115320261006,1791268620,1791268320,5,1,015630,原田翔真,逃,99.0,,,,,0.05951118509865054,0.026312076278138682,0.11719258503742767,0.14731127917216996,position_specialists,0.026312076278138682,False,,,B,0.217,0.26,0.18,0.1,-0.09684990372940679,-0.05661246533125803,-0.037734323547476536,-0.08660254037844387,0.0015434872662825787,,0,,,0,
2026-10-06,奈良,11,115320261006,1791268620,1791268320,6,2,015291,山口敦也,追,101.27,,,,,0.04618608539687161,0.021815156843224024,0.10951552865981315,0.11011631587271432,position_specialists,0.021815156843224024,False,,,B,0.25,0.3329999999999999,0.26,0.15,0.054076984596811324,-0.04105456197889136,-0.16197199899256848,-0.08660254037844387,0.0015434872662825787,,0,,,0,
2026-10-06,奈良,11,115320261006,1791268620,1791268320,7,6,014946,元砂勇雪,追,98.4,,,,,0.013623437001731098,0.00458678944027329,0.058066935201490776,0.12247955222041494,position_specialists,0.00458678944027329,False,,,B,0.185,0.37,0.05,0.29,-0.06666452606416327,-0.2275896646921845,-0.0774063360356014,-0.08660254037844387,0.0033442224102789215,,0,,,0,
2026-10-06,松山,1,017520261006,1791269100,1791268800,1,7,014619,木村浩宣,逃,89.2,,,,,0.46838558569535693,0.7101606899559837,0.1669805583814589,0.13075712091716607,position_specialists,0.7101606899559837,False,,0.5249648866900596,S,0.428,0.619,0.13,0.16,0.3350459507417419,0.21678964266101983,0.13402325227029985,0.021546520679428582,0.004370616506874456,,0,,,0,
2026-10-06,松山,1,017520261006,1791269100,1791268800,2,2,014665,小峰烈,両,82.14,,,,,0.27571546183242995,0.1851958032659241,0.20349240658519108,0.15668019553661464,position_specialists,0.1851958032659241,False,,,S,0.284,0.3329999999999999,0.1,0.21,0.00881568886263822,0.24437400290609035,0.05845886793078562,-0.023701172747371445,0.000978040057482396,,0,,,0,
2026-10-06,松山,1,017520261006,1791269100,1791268800,3,1,014474,山崎晃,両,83.8,,,,,0.10955413404280838,0.04652364590983343,0.20175095956693273,0.14575474724060689,position_specialists,0.04652364590983343,False,,,S,0.2,0.35,0.33,0.0,0.14534641141624377,-0.2862367038797403,-0.012856562856741605,-0.06894886617417147,0.0001222550071852995,,0,,,0,
2026-10-06,松山,1,017520261006,1791269100,1791268800,4,5,015163,戸塚涼介,逃,81.33,,,,,0.060461024009955865,0.026368796784924858,0.1577456073784788,0.18745388387536818,position_specialists,0.026368796784924858,False,,,S,0.19,0.38,0.17,0.16,-0.07093753629520047,-0.06678585731542229,0.027911061613715593,-0.023701172747371445,0.0005501475323338479,,0,,,0,
2026-10-06,松山,1,017520261006,1791269100,1791268800,5,3,014412,宮崎康司,両,80.12,,,,,0.040978027536063125,0.01405797827931796,0.11044149326125675,0.12544718343123326,position_specialists,0.01405797827931796,False,,,S,0.166,0.166,0.2,0.0,-0.2570283949968243,0.1228416457733295,-0.02644577101356068,-0.06894886617417147,0.0018338251077794924,,0,,,0,
2026-10-06,松山,1,017520261006,1791269100,1791268800,6,4,013371,足達重満,追,81.27,,,,,0.020415491169590187,0.011361209598419778,0.0911491928757935,0.18602639556019848,position_specialists,0.011361209598419778,False,,,S,0.157,0.263,0.0,0.2,0.016033050110386908,0.02492315634177234,-0.05955783588090179,0.23270242333782873,0.0009474763056860712,,0,,,0,
2026-10-06,松山,1,017520261006,1791269100,1791268800,7,6,013399,塚本勝士,両,79.75,,,,,0.024490275713795633,0.0063318762055961245,0.06843978195088828,0.06788047343881241,position_specialists,0.0063318762055961245,False,,,S,0.0409999999999999,0.208,0.05,0.12,-0.17727516983898556,-0.08368277532513882,-0.12153301206359698,-0.06894886617417147,0.0018338251077794924,,0,,,0,
2026-10-06,大宮,12,122520261006,1791269520,1791269220,1,3,015444,渡邉雅也,両,110.72,,,,,0.41849053846829964,0.6742039693866951,0.18692279567261907,0.16508877008540807,position_specialists,0.6742039693866951,False,,0.4790362175691241,S,0.434,0.652,0.22,0.15,0.21587234435053024,0.23711766622590483,0.09154040070729164,0.1711386135488959,0.0034591634777518068,,0,,,0,
2026-10-06,大宮,12,122520261006,1791269520,1791269220,2,1,015474,阿部将大,逃,108.63,,,,,0.34530188692448155,0.195167751817571,0.19025987737269506,0.13013940232173765,position_specialists,0.195167751817571,False,,,S,0.18,0.318,0.22,0.1,-0.1722260233616253,0.1329107590431116,-0.07296298417084283,-0.05704620451629864,0.0006918326955503617,,0,,,0,
2026-10-06,大宮,12,122520261006,1791269520,1791269220,3,7,013804,湊聖二,追,102.18,,,,,0.05781171093035335,0.0382417519061215,0.08215564956312395,0.1394711418929044,position_specialists,0.0382417519061215,False,,,S,0.363,0.4539999999999999,0.26,0.08,0.02099741928655424,0.09391142282464802,0.003004192385113319,0.07334512009238393,0.0013836653911007215,,0,,,0,
2026-10-06,大宮,12,122520261006,1791269520,1791269220,4,4,013619,竹内智彦,追,103.82,,,,,0.06031144920494465,0.03676096660181811,0.2048404918895447,0.17096026174504508,position_specialists,0.03676096660181811,False,,,S,0.275,0.413,0.28,0.11,0.12504081148172788,0.09391142282464802,0.003004192385113319,-0.17113861354889592,0.0006918326955503608,,0,,,0,
2026-10-06,大宮,12,122520261006,1791269520,1791269220,5,5,015186,南潤,逃,104.44,,,,,0.07417777697338276,0.03536231892212019,0.17493270887588533,0.22428044089980617,position_specialists,0.03536231892212019,False,,,S,0.24,0.4,0.66,0.0,0.06558744451305726,-0.3065889376811002,0.011671243782920587,-0.04074728894021332,0.00034591634777518087,,0,,,0,
2026-10-06,大宮,12,122520261006,1791269520,1791269220,6,2,014580,久木原洋,追,100.07,,,,,0.02598618523983813,0.013970865678773373,0.09187337377670096,0.09890043971545287,position_specialists,0.013970865678773373,False,,,S,0.3329999999999999,0.407,0.17,0.05,-0.008729264197781108,-0.027663302221944037,0.04060791944966172,0.03259783115217063,0.0034591634777518046,,0,,,0,
2026-10-06,大宮,12,122520261006,1791269520,1791269220,7,6,015289,橋本瑠偉,逃,97.62,,,,,0.017920452258699815,0.006292375686900646,0.06901510284943088,0.07115954333964568,position_specialists,0.006292375686900646,False,,,S,0.147,0.222,0.1,0.06,-0.24654273207246358,0.06343948758791614,-0.07686496453925773,-0.00814945778804267,0.0010377490433255425,,0,,,0,
2026-10-06,いわき平,1,011320261006,1791269940,1791269640,1,5,014595,瀧本匡平,両,69.42,,,,,0.4511267120284202,0.6579473461320291,0.25552275015794085,0.2619663727900631,position_specialists,0.6579473461320291,False,,0.48783235705535966,S,0.345,0.461,0.12,0.09,0.010469392968762335,0.3103711486997659,0.3141640786499874,-0.0447213595499958,0.002672612419124244,,0,,,0,
2026-10-06,いわき平,1,011320261006,1791269940,1791269640,2,3,013776,小塚潤,追,69.0,,,,,0.2852630351829239,0.17011498907666942,0.3493976906139904,0.31548970453331754,position_specialists,0.17011498907666942,False,,,S,0.2,0.25,0.17,0.08,-0.09884539399262088,0.17038980324455968,-0.026832815729997475,-0.0447213595499958,0.0001336306209562125,,0,,,0,
2026-10-06,いわき平,1,011320261006,1791269940,1791269640,3,4,013255,安坂洋一,追,71.03,,,,,0.0763046876232409,0.0660253997044785,0.11366671695339718,0.10690540248115346,position_specialists,0.0660253997044785,False,,,S,0.147,0.37,0.06,0.2,0.21886061678645452,-0.12258069347458038,-0.026832815729997475,-0.0447213595499958,0.0025389817981680317,,0,,,0,
2026-10-06,いわき平,1,011320261006,1791269940,1791269640,4,6,011821,中川博文,追,68.94,,,,,0.0711285390857417,0.04459380043206389,0.10208727548076338,0.11568534829485073,position_specialists,0.04459380043206389,False,,,S,0.222,0.2769999999999999,0.1,0.2,0.20723600949925222,-0.07477158370460103,-0.026832815729997475,-0.0447213595499958,0.0006681531047810609,,0,,,0,
2026-10-06,いわき平,1,011320261006,1791269940,1791269640,5,1,014388,水野悟志,追,69.8,,,,,0.06412966098196922,0.03485805126619909,0.07606497614528022,0.09279753504996494,position_specialists,0.03485805126619909,False,,,S,0.1,0.4,0.12,0.12,-0.16304800898732288,-0.12258069347458038,-0.11683281572999747,0.223606797749979,0.0018708286933869704,,0,,,0,
2026-10-06,いわき平,1,011320261006,1791269940,1791269640,6,2,013314,鈴木宏章,追,71.04,,,,,0.052047365097704176,0.026460413388560085,0.10326059064862805,0.10715563685065013,position_specialists,0.026460413388560085,False,,,S,0.09,0.363,0.0,0.14,-0.17467261627452518,-0.12258069347458038,-0.11683281572999747,-0.0447213595499958,0.0025389817981680317,,0,,,0,
2026-10-06,松山,2,027520261006,1791270420,1791270120,1,7,015099,吉竹尚城,逃,89.66,,,,,0.5110480542121618,0.7248338388649951,0.18458562093384798,0.1309591164590841,position_specialists,0.7248338388649951,False,,0.6154539188735116,S,0.4579999999999999,0.583,0.13,0.11,0.3167517407079536,0.17109942478440626,0.16661135139630376,0.09855274566525744,2.3475860152933724e-05,,0,,,0,
2026-10-06,松山,2,027520261006,1791270420,1791270120,2,3,015372,野上竜太,逃,87.43,,,,,0.12779399652320647,0.10937991999148346,0.14921732864512485,0.1384126001407673,position_specialists,0.10937991999148346,False,,,S,0.521,0.565,0.24,0.07,0.2581214758073117,-0.028254377309316733,0.17794341959496357,-0.060647843486312275,0.0001878068812234675,,0,,,0,
2026-10-06,松山,2,027520261006,1791270420,1791270120,3,1,014297,田中勝仁,両,83.66,,,,,0.17158873436212765,0.07841160419197049,0.26883753844953767,0.21799965483105618,position_specialists,0.07841160419197049,False,,,S,0.368,0.368,0.25,0.0,-0.010693499656248745,0.15598534564481395,-0.027810869555932045,-0.060647843486312275,0.0001878068812234675,,0,,,0,
2026-10-06,松山,2,027520261006,1791270420,1791270120,4,4,015910,土生智徳,逃,85.1,,,,,0.14063137309473064,0.07405462638845106,0.14435309556166281,0.1850898837555105,position_specialists,0.07405462638845106,False,,,S,0.3329999999999999,0.476,0.2,0.0,-0.27950847511980925,0.20812246942395402,-0.02504131899108923,0.20468647176630392,0.004413461708751487,,0,,,0,
2026-10-06,松山,2,027520261006,1791270420,1791270120,5,2,014476,乾庄平,追,84.23,,,,,0.02048125641490642,0.006321105060140476,0.08732941804543212,0.1233429573679427,position_specialists,0.006321105060140476,False,,,S,0.192,0.461,0.06,0.2,-0.06121164821034106,-0.2115697455101997,-0.016224935417983755,-0.060647843486312275,2.3475860152933724e-05,,0,,,0,
2026-10-06,松山,2,027520261006,1791270420,1791270120,6,5,013907,佐藤正吾,追,83.12,,,,,0.01897969720697617,0.004821017507135291,0.08188276334855564,0.09993799737483822,position_specialists,0.004821017507135291,False,,,S,0.125,0.375,0.0,0.18,-0.13698887104147942,-0.1171389971500151,-0.11343604589410167,-0.060647843486312275,0.0015024550497877405,,0,,,0,
2026-10-06,松山,2,027520261006,1791270420,1791270120,7,6,013056,山本貴章,追,80.61,,,,,0.009476888185890748,0.002177887995824097,0.08379423501583898,0.10425779007080094,position_specialists,0.002177887995824097,False,,,S,0.095,0.142,0.13,0.08,-0.0864707224873871,-0.05386076182226292,-0.16204160113216062,-0.060647843486312275,0.002488441176210945,,0,,,0,
2026-10-06,奈良,12,125320261006,1791270900,1791270600,1,5,013851,和田健太郎,追,113.06,,,,,0.5996170190584144,0.7604281912653601,0.22617073465021117,0.17385621468222265,position_specialists,0.7604281912653601,False,,0.7006625421905082,S,0.611,0.7090000000000001,0.23,0.08,0.20970716508815168,0.05102214505961286,0.15428909002951519,-0.05838213747508364,0.0006635260570473747,,0,,,0,
2026-10-06,奈良,12,125320261006,1791270900,1791270600,2,4,014682,原田研太朗,逃,103.87,,,,,0.1232414392078065,0.05976564907485188,0.205298222947311,0.2199653430465739,position_specialists,0.05976564907485188,False,,,S,0.25,0.437,0.02,0.22,-0.1841724502851434,-0.014525263026298267,-0.03492350754083612,-0.004609116116453967,4.021370042711414e-05,,0,,,0,
2026-10-06,奈良,12,125320261006,1791270900,1791270600,3,3,015715,平野想真,逃,103.04,,,,,0.0757019492294019,0.05430156816697737,0.11989086873123032,0.1220705082877747,position_specialists,0.05430156816697737,False,,,S,0.346,0.391,0.11,0.06,0.07356147887956291,0.08258248942959501,0.013887439619659395,-0.05838213747508364,0.0001005342510677838,,0,,,0,
2026-10-06,奈良,12,125320261006,1791270900,1791270600,4,2,015610,永井哉多,逃,96.4,,,,,0.04504939900669959,0.053811224827350686,0.06958170026425206,0.05254936063460408,position_specialists,0.053811224827350686,False,,,S,0.37,0.407,0.13,0.03,0.2239062708923082,0.3406328062087618,0.01721039789300624,0.23736947999737956,0.004684896099758742,,0,,,0,
2026-10-06,奈良,12,125320261006,1791270900,1791270600,5,7,014700,川口公太朗,追,103.85,,,,,0.07736433933383877,0.03440783467671325,0.17014208421350918,0.228514590461902,position_specialists,0.03440783467671325,False,,,S,0.284,0.392,0.18,0.15,-0.19819238736514244,-0.018452940227085914,-0.04219303404386164,-0.05838213747508364,0.0009450219600371706,,0,,,0,
2026-10-06,奈良,12,125320261006,1791270900,1791270600,6,1,015170,川越勇星,両,102.35,,,,,0.06344052719816613,0.03147181456671292,0.1461428920591705,0.13882560221117296,position_specialists,0.03147181456671292,False,,,S,0.344,0.379,0.14,0.18,-0.06950459150694675,-0.08614271769524481,0.0053706932039701925,-0.05838213747508364,0.0017895096690065575,,0,,,0,
2026-10-06,奈良,12,125320261006,1791270900,1791270600,7,6,014143,天田裕輝,追,96.3,,,,,0.015585326965672719,0.005813717422033713,0.06277349713431576,0.0642183806757498,position_specialists,0.005813717422033713,False,,,S,0.2,0.3,0.12,0.13,-0.05530548570279035,-0.06807800114615643,-0.11364107916145322,0.000768186019408997,0.0012265178630269662,,0,,,0,
2026-10-06,いわき平,2,021320261006,1791271320,1791271020,1,4,015158,猪野泰介,逃,69.82,,,,,0.27127477831064745,0.49941973220760466,0.2102585124691003,0.1397015766308199,position_specialists,0.49941973220760466,False,,0.12825114481604138,B,0.31,0.482,0.16,0.16,0.25840424198835404,0.2337571986409175,0.2297699410362372,0.18985028769884515,0.000484818191408331,,0,,,0,
2026-10-06,いわき平,2,021320261006,1791271320,1791271020,2,7,014931,横田政直,逃,68.9,,,,,0.394757457312874,0.3711685873915633,0.18559424513464565,0.15942817390747843,position_specialists,0.3711685873915633,False,,,B,0.3329999999999999,0.428,0.11,0.13,0.10785460130380256,0.16996282408695335,0.1706617752489924,-0.07808358606968631,0.00447524484376921,,0,,,0,
2026-10-06,いわき平,2,021320261006,1791271320,1791271020,3,3,014099,坂本佳憲,追,67.52,,,,,0.08281789962535809,0.04301687505746766,0.1965824496818261,0.11239618182761778,position_specialists,0.04301687505746766,False,,,B,0.045,0.181,0.15,0.15,0.1937048453308256,0.026419453525591614,-0.08346395273060275,-0.07808358606968631,0.0008204615546910216,,0,,,0,
2026-10-06,いわき平,2,021320261006,1791271320,1791271020,4,5,014154,長岡豪,追,67.76,,,,,0.11207682335781388,0.04172043756814644,0.20445047091158003,0.2992428558864951,position_specialists,0.04172043756814644,False,,,B,0.111,0.166,0.0,0.21,-0.11824911043600707,-0.1330664828593188,-0.007065230844157874,-0.07808358606968631,0.001529041988287813,,0,,,0,
2026-10-06,いわき平,2,021320261006,1791271320,1791271020,5,1,014650,佐藤裕輝,逃,65.5,,,,,0.0844185417726093,0.028227742551729638,0.06655637985602705,0.10997162475578186,position_specialists,0.028227742551729638,False,,,B,0.0,0.166,0.2,0.1,-0.11824911043600707,0.185905389910502,-0.15986267461704762,-0.07808358606968631,0.0002237622421884604,,0,,,0,
2026-10-06,いわき平,2,021320261006,1791271320,1791271020,6,6,013531,伊藤司,逃,64.5,,,,,0.03571255619716715,0.009072175546680689,0.043463857233312975,0.06035281655322297,position_specialists,0.009072175546680689,False,,,B,0.0,0.107,0.11,0.08,-0.2385435993185467,-0.0214202995749391,-0.1429746272492634,0.029089963437726282,0.001529041988287813,,0,,,0,
2026-10-06,いわき平,2,021320261006,1791271320,1791271020,7,2,011346,野崎修一,追,65.78,,,,,0.018941943423530054,0.007374449676807518,0.09309408471350797,0.11890677043858405,position_specialists,0.007374449676807518,False,,,B,0.083,0.166,0.07,0.2,-0.08492186843242011,-0.12667981202599146,-0.007065230844157874,0.09339409314217384,0.001529041988287813,,0,,,0,
2026-10-06,松山,3,037520261006,1791271980,1791271680,1,5,015721,内山慧大,逃,92.04,,,,,0.4315250266738591,0.4020315318274954,0.16006880036664575,0.0703726595096977,position_specialists,0.4020315318274954,False,,0.12050021422729412,B,0.475,0.6659999999999999,0.14,0.1,-0.049784760449277744,0.016001540199456443,0.08143719014533297,0.025034794728042188,5.120169673856219e-05,,0,,,0,
2026-10-06,松山,3,037520261006,1791271980,1791271680,2,3,015934,吉田航,逃,88.75,,,,,0.1589530614456567,0.2815313176002013,0.20405781362437514,0.18811400297254427,position_specialists,0.2815313176002013,False,,,B,0.523,0.619,0.15,0.08,0.4022878394261431,0.3538830303783846,-0.04240993936964252,0.22364416623717684,0.004727623332193882,,0,,,0,
2026-10-06,松山,3,037520261006,1791271980,1791271680,3,1,014999,水谷将司,追,89.83,,,,,0.28594947410184113,0.2572381504647266,0.2845076119659501,0.19504605699177124,position_specialists,0.2572381504647266,False,,,B,0.4579999999999999,0.625,0.17,0.19,0.013417812420751095,0.11719100227560737,0.10217636652380208,-0.06842843892331531,5.120169673856219e-05,,0,,,0,
2026-10-06,松山,3,037520261006,1791271980,1791271680,4,4,013571,小林信晴,追,91.42,,,,,0.03988484710062482,0.023682685062234598,0.10559278553926468,0.21895545417732543,position_specialists,0.023682685062234598,False,,,B,0.368,0.578,0.14,0.22,-0.025456397729327822,-0.12694068285970025,-0.03530090432487313,-0.06842843892331531,0.0016043198311416068,,0,,,0,
2026-10-06,松山,3,037520261006,1791271980,1791271680,5,7,013811,池田浩士,追,85.26,,,,,0.030003148433712178,0.012889651295344385,0.10742225349715673,0.1288748986271774,position_specialists,0.012889651295344385,False,,,B,0.26,0.391,0.15,0.18,-0.08539813216941636,-0.016183270163443175,-0.06967022203704193,-0.06842843892331531,0.0011264373282483622,,0,,,0,
2026-10-06,松山,3,037520261006,1791271980,1791271680,6,2,015419,黒滝大翔,両,84.95,,,,,0.031931414799521794,0.011451932770355415,0.07871551422999636,0.10936713151810824,position_specialists,0.011451932770355415,False,,,B,0.284,0.428,0.0,0.42,-0.18910533440449456,-0.07697263617159388,-0.06967022203704193,-0.06842843892331531,0.0010069667025250514,,0,,,0,
2026-10-06,松山,3,037520261006,1791271980,1791271680,7,6,013110,法月成祐,追,84.95,,,,,0.02175302744478415,0.011174730979642337,0.05963522077661133,0.08926979620337566,position_specialists,0.011174730979642337,False,,,B,0.375,0.4579999999999999,0.37,0.12,-0.06596102709437698,-0.09475587249680063,0.03343773109946447,0.025034794728042188,0.0008874960768017401,,0,,,0,
2026-10-06,いわき平,3,031320261006,1791272760,1791272460,1,2,015884,秋山太洋,逃,78.33,,,,,0.8058768799896058,0.9401563424254967,0.3506726626775294,0.29900983546921767,position_specialists,0.9401563424254967,False,,0.9223711289659052,S,0.6659999999999999,0.6659999999999999,0.12,0.11,0.1716852116192023,0.3705118935101822,0.27563241579599435,-0.040824829046386304,0.0045220371994083505,,0,,,0,
2026-10-06,いわき平,3,031320261006,1791272760,1791272460,2,1,015053,廣田敦士,逃,68.77,,,,,0.04615380740804767,0.017785213459591484,0.10490843598513415,0.08146755191832084,position_specialists,0.017785213459591484,False,,,S,0.3329999999999999,0.481,0.08,0.06,0.13903610660804594,-0.004806740458295668,0.10573405045525731,-0.040824829046386304,0.00023696264800393115,,0,,,0,
2026-10-06,いわき平,3,031320261006,1791272760,1791272460,3,5,014866,櫻井利之,両,70.64,,,,,0.0494807238106613,0.015546105487846462,0.12506998270203987,0.12367533517062036,position_specialists,0.015546105487846462,False,,,S,0.356,0.428,0.09,0.12,0.10595800821217463,0.004576225390916272,-0.04593873596599905,-0.040824829046386304,0.0004541784086742008,,0,,,0,
2026-10-06,いわき平,3,031320261006,1791272760,1791272460,4,3,014738,櫻川雅彦,追,72.15,,,,,0.04880450376005198,0.014907462044436062,0.17754188846257937,0.15778436532564935,position_specialists,0.014907462044436062,False,,,S,0.142,0.428,0.12,0.18,0.13882160991568854,-0.003881816603824694,-0.11819465323374843,-0.040824829046386304,0.0018364605220304651,,0,,,0,
2026-10-06,いわき平,3,031320261006,1791272760,1791272460,5,4,013867,樋口奨平,追,68.61,,,,,0.01758192666473406,0.005109946423852388,0.0853906051127372,0.09186096834690739,position_specialists,0.005109946423852388,False,,,S,0.166,0.2769999999999999,0.17,0.08,-0.18552447327229965,0.06179894434065894,-0.0657929532543758,0.2449489742783178,9.873443666830501e-05,,0,,,0,
2026-10-06,いわき平,3,031320261006,1791272760,1791272460,6,7,013421,富澤洋祐,追,70.76,,,,,0.01716756127256471,0.0038242600569104532,0.07909430733044139,0.1276992349512328,position_specialists,0.0038242600569104532,False,,,S,0.2269999999999999,0.363,0.1,0.28,-0.2173155915140259,-0.09882138372130934,0.009229120771804308,-0.040824829046386304,0.0007306348313454537,,0,,,0,
2026-10-06,いわき平,3,031320261006,1791272760,1791272460,7,6,012858,亀井宏佳,追,68.08,,,,,0.014934597094334614,0.0026706701018663873,0.07732211772953863,0.11850270881805165,position_specialists,0.0026706701018663873,False,,,S,0.0409999999999999,0.25,0.05,0.22,-0.15266087156878588,0.005501149245387264,-0.16066924456893267,-0.040824829046386304,0.0018364605220304651,,0,,,0,
2026-10-06,松山,4,047520261006,1791273540,1791273240,1,1,015299,曽我圭佑,逃,92.11,,,,,0.4250809933298035,0.5531251877634493,0.1516948932874692,0.11089881420532269,position_specialists,0.5531251877634493,False,,0.20531374063877883,A,0.406,0.518,0.05,0.11,0.05037970768699171,0.2475149403639531,0.1454688582035177,0.21467734049243467,0.001650828169392507,,0,,,0,
2026-10-06,松山,4,047520261006,1791273540,1791273240,2,5,014858,小原唯志,逃,90.23,,,,,0.325183773585827,0.3478114471246705,0.18148947575408284,0.10026227822556436,position_specialists,0.3478114471246705,False,,,A,0.406,0.555,0.15,0.18,0.32579697930895957,0.10827152040709465,0.1929917301418856,-0.08770354764020198,0.0007948431926704659,,0,,,0,
2026-10-06,松山,4,047520261006,1791273540,1791273240,3,2,014003,須賀和彦,追,85.29,,,,,0.11165079573939236,0.04999353566419677,0.2935722423233095,0.2149792613057493,position_specialists,0.04999353566419677,False,,,A,0.125,0.3329999999999999,0.14,0.14,-0.017833598397117543,0.15611127350762538,-0.09929714920020848,0.013090081737343568,0.0007948431926704659,,0,,,0,
2026-10-06,松山,4,047520261006,1791273540,1791273240,4,3,013695,岡本英之,追,87.09,,,,,0.056302417792833716,0.02399486336074295,0.10539733431719517,0.16266072860246905,position_specialists,0.02399486336074295,False,,,A,0.3329999999999999,0.476,0.14,0.19,-0.05901798677613623,-0.17978327012672846,0.058728008455430546,0.022253138953484068,0.004341066667661775,,0,,,0,
2026-10-06,松山,4,047520261006,1791273540,1791273240,5,7,014116,安東宏高,追,84.5,,,,,0.058396044729025424,0.01875835195417539,0.16399123521287115,0.2539780316691039,position_specialists,0.01875835195417539,False,,,A,0.09,0.181,0.23,0.13,-0.08604690448122679,0.04007509021024333,-0.17328689685906112,0.013090081737343568,0.001345119249134634,,0,,,0,
2026-10-06,松山,4,047520261006,1791273540,1791273240,6,6,011800,三住博昭,追,81.73,,,,,0.011088159300332669,0.003423056950242083,0.04445543364381208,0.059965950891957526,position_specialists,0.003423056950242083,False,,,A,0.152,0.2689999999999999,0.0,0.0,-0.07189143380729904,0.027656580026981396,-0.06230227537078216,-0.08770354764020198,0.001650828169392507,,0,,,0,
2026-10-06,松山,4,047520261006,1791273540,1791273240,7,4,013969,武田良太,追,81.84,,,,,0.012297815522785426,0.002893557182523025,0.059399385461260064,0.09725493509983325,position_specialists,0.002893557182523025,False,,,A,0.152,0.2689999999999999,0.04,0.24,-0.14138676353417343,-0.17978327012672846,-0.06230227537078216,-0.08770354764020198,0.0007948431926704659,,0,,,0,
2026-10-06,いわき平,4,041320261006,1791274320,1791274020,1,2,015401,清水彩那,両,52.18,,,,,0.34261163547211276,0.3715533518365769,0.21079691257940256,0.1693999120522952,position_specialists,0.3715533518365769,False,,0.02573527765976047,C,0.295,0.407,0.0,0.0,0.0738294990630639,-0.028703851860318427,0.17914855313482878,0.0408248290463863,8.917559241354153e-05,,0,,,0,
2026-10-06,いわき平,4,041320261006,1791274320,1791274020,2,4,015763,山口優依,両,52.42,,,,,0.2565510738755423,0.3458180741768164,0.18289912293717972,0.12992311006707105,position_specialists,0.3458180741768164,False,,,C,0.142,0.428,0.0,0.0,0.21345106773164363,-0.028703851860318427,0.09062357212157651,0.2313406979295224,0.004280428435850015,,0,,,0,
2026-10-06,いわき平,4,041320261006,1791274320,1791274020,3,6,016034,古山稀絵,両,52.04,,,,,0.26645852770252043,0.21957921599986596,0.18153336546237958,0.1687398413818685,position_specialists,0.21957921599986596,False,,,C,0.237,0.428,0.0,0.0,0.07762472573303536,-0.028703851860318427,0.07876865888881453,-0.05443310539518174,0.0011592827013760458,,0,,,0,
2026-10-06,いわき平,4,041320261006,1791274320,1791274020,4,5,015576,菅原ななこ,両,50.57,,,,,0.053553176498301894,0.03400009011543578,0.15201245187941476,0.14691532170405652,position_specialists,0.03400009011543578,False,,,C,0.284,0.38,0.0,0.0,-0.039891876762451525,-0.028703851860318427,0.06575404554827384,-0.05443310539518174,0.0016497484596505263,,0,,,0,
2026-10-06,いわき平,4,041320261006,1791274320,1791274020,5,3,015496,布居光,両,49.37,,,,,0.03015006837352014,0.010350255471837733,0.08731771408437597,0.13938361820151685,position_specialists,0.010350255471837733,False,,,C,0.083,0.25,0.0,0.0,-0.2957649723698608,-0.028703851860318427,-0.10897651626267334,-0.05443310539518174,0.0016497484596505263,,0,,,0,
2026-10-06,いわき平,4,041320261006,1791274320,1791274020,6,1,015317,佐伯智恵,両,48.14,,,,,0.02654030844799652,0.010029324768159582,0.1000691867256272,0.13308250520671022,position_specialists,0.010029324768159582,False,,,C,0.036,0.185,0.0,0.0,-0.04242202787576592,-0.028703851860318427,-0.15265915671541014,-0.05443310539518174,0.0016497484596505263,,0,,,0,
2026-10-06,いわき平,4,041320261006,1791274320,1791274020,7,7,015757,戸邉香奈実,両,46.66,,,,,0.024135209630005896,0.008669687631307571,0.08537124633162024,0.11255569138648158,position_specialists,0.008669687631307571,False,,,C,0.055,0.055,0.0,0.0,0.01317358448033469,-0.028703851860318427,-0.15265915671541014,-0.05443310539518174,0.00040129016586093854,,0,,,0,
2026-10-06,松山,5,057520261006,1791275100,1791274800,1,2,014710,花田将司,両,95.53,,,,,0.45780755519166694,0.41076976811537375,0.14952756297366415,0.1753758387078637,position_specialists,0.41076976811537375,False,,0.170171672717984,B,0.033,0.133,0.09,0.07,0.09481049240300427,0.07654360496084914,-0.09333850286272027,-0.04082482904638631,0.001575957918578072,,0,,,0,
2026-10-06,松山,5,057520261006,1791275100,1791274800,2,5,013407,大矢将大,追,97.96,,,,,0.15297855803291843,0.24059809539738974,0.2405650478521241,0.14756235605494708,position_specialists,0.24059809539738974,False,,,B,0.12,0.4,0.24,0.18,0.34909744826508815,-0.058966960010555305,0.06175677577123896,-0.04082482904638631,0.0010745167626668671,,0,,,0,
2026-10-06,松山,5,057520261006,1791275100,1791274800,3,7,012592,水谷良和,追,96.06,,,,,0.1026364842239239,0.11354540022042188,0.175167203386945,0.14360725815726202,position_specialists,0.11354540022042188,False,,,B,0.096,0.225,0.1,0.08,-0.012166606584807197,0.10665706384338348,0.06175677577123896,-0.04082482904638631,0.0003223550288000602,,0,,,0,
2026-10-06,松山,5,057520261006,1791275100,1791274800,4,4,014051,早坂秀悟,逃,95.47,,,,,0.12936914084353782,0.11263090695420418,0.15445424929756413,0.13081539833241043,position_specialists,0.11263090695420418,False,,,B,0.157,0.315,0.1,0.11,-0.06894410398057409,-0.10680671311108603,0.10602866301359626,-0.04082482904638631,0.0020773990744892765,,0,,,0,
2026-10-06,松山,5,057520261006,1791275100,1791274800,5,3,014090,竹澤浩司,両,92.72,,,,,0.05371280319892952,0.05572814295153651,0.11137900118050698,0.11489622368393214,position_specialists,0.05572814295153651,False,,,B,0.09,0.212,0.09,0.07,-0.3450419127368189,0.2846682523618601,0.08374904610670894,0.24494897427831785,0.00293701248462277,,0,,,0,
2026-10-06,松山,5,057520261006,1791275100,1791274800,6,6,015258,栗本尚宗,両,92.3,,,,,0.07530881598310883,0.05011905635348234,0.09732964566539057,0.1382176835860657,position_specialists,0.05011905635348234,False,,,B,0.0,0.1,0.13,0.18,0.016222142113076248,0.1642144168317229,-0.12661425493734257,-0.04082482904638631,0.003187733062578373,,0,,,0,
2026-10-06,松山,5,057520261006,1791275100,1791274800,7,1,013912,金成和幸,追,94.51,,,,,0.028186642525914588,0.01660863000759163,0.07157728964380512,0.1495252414775189,position_specialists,0.01660863000759163,False,,,B,0.036,0.111,0.07,0.15,-0.033977459478968325,-0.1314313931724593,-0.09333850286272027,-0.04082482904638631,0.0010745167626668671,,0,,,0,
2026-10-06,いわき平,5,051320261006,1791275880,1791275580,1,7,013760,矢口啓一郎,両,87.22,,,,,0.2804734747117057,0.27013161203721453,0.18600994034691862,0.15620214597079862,position_specialists,0.27013161203721453,False,,0.006136039409741667,C,0.315,0.473,0.25,0.25,-0.13758388230286253,0.06405185683898955,0.08069371050625526,0.049322002520781054,0.000993408935871131,,0,,,0,
2026-10-06,いわき平,5,051320261006,1791275880,1791275580,2,3,013933,藤田竜矢,両,87.14,,,,,0.1799882540929377,0.26399557262747286,0.11126329427400256,0.1000329905526443,position_specialists,0.26399557262747286,False,,,C,0.259,0.407,0.2,0.16,0.10585406739609902,0.19109657744449282,0.08732727167122764,0.11024918210527529,0.00141369733181661,,0,,,0,
2026-10-06,いわき平,5,051320261006,1791275880,1791275580,3,4,013471,松坂英司,追,87.75,,,,,0.27229413487651793,0.2487490488947955,0.19544857099841192,0.13330455451807233,position_specialists,0.2487490488947955,False,,,C,0.25,0.4579999999999999,0.08,0.12,0.24679139821302237,-0.16824032058768132,0.05210920102560596,-0.1131504763712036,0.000993408935871131,,0,,,0,
2026-10-06,いわき平,5,051320261006,1791275880,1791275580,4,1,014102,篠塚光一,追,83.26,,,,,0.22092964869810144,0.19035623145045907,0.27074040370666513,0.2593341951314563,position_specialists,0.19035623145045907,False,,,C,0.13,0.434,0.08,0.12,0.16991525395424098,0.18064150597634557,-0.053545010911259114,-0.1131504763712036,0.00019104017997521722,,0,,,0,
2026-10-06,いわき平,5,051320261006,1791275880,1791275580,5,6,015621,長谷川裕一,逃,77.16,,,,,0.025692348931281705,0.01604298243785069,0.10678184506240733,0.1448209087512758,position_specialists,0.01604298243785069,False,,,C,0.111,0.166,0.09,0.06,-0.33190145466805454,0.22024398972883183,0.010940990821931784,0.11024918210527529,0.0040882598514696555,,0,,,0,
2026-10-06,いわき平,5,051320261006,1791275880,1791275580,6,2,014823,渡辺聖,追,82.04,,,,,0.014553171863407962,0.008123793486025842,0.08394066694523068,0.11621624628827043,position_specialists,0.008123793486025842,False,,,C,0.19,0.285,0.06,0.2,-0.01159144129382805,-0.0807980837346643,-0.01832694026563742,-0.1131504763712036,0.000725952683905826,,0,,,0,
2026-10-06,いわき平,5,051320261006,1791275880,1791275580,7,5,012719,篠崎高志,追,78.33,,,,,0.006068966826047587,0.0026007590661814945,0.04581527866636373,0.09008895878748226,position_specialists,0.0026007590661814945,False,,,C,0.0,0.047,0.05,0.09,-0.04148394129861686,-0.13909290830334228,-0.15919922284812418,0.06963106238227912,0.0025981464476629583,,0,,,0,
2026-10-06,松山,6,067520261006,1791276660,1791276360,1,7,015877,三澤優樹,逃,96.55,,,,,0.44556394624382945,0.6966929817752318,0.21917974013567668,0.30234202548803735,position_specialists,0.6966929817752318,False,,0.5569091113595914,S,0.6659999999999999,0.833,0.12,0.08,0.2914387804352889,0.3104503169086138,0.22051380893066075,0.18418988065853867,0.004605748494950586,,0,,,0,
2026-10-06,松山,6,067520261006,1791276660,1791276360,2,4,013990,荻原尚人,追,98.0,,,,,0.22817975980374214,0.1397838704156403,0.33320766061831125,0.1518456986953736,position_specialists,0.1397838704156403,False,,,S,0.225,0.354,0.14,0.04,0.08263488176527359,0.013933279394561286,0.0429098778748956,-0.05457477945438183,0.0008551389713751903,,0,,,0,
2026-10-06,松山,6,067520261006,1791276660,1791276360,3,5,015728,保田浩輔,逃,97.0,,,,,0.0948898472681353,0.054787458180902644,0.10118436314036063,0.09196501576464695,position_specialists,0.054787458180902644,False,,,S,0.237,0.3329999999999999,0.16,0.1,0.033499302207649836,0.09131417742660629,-0.0050959252853396905,-0.02592302024083137,0.0004050658285461427,,0,,,0,
2026-10-06,松山,6,067520261006,1791276660,1791276360,4,3,015818,佐藤大地,逃,95.81,,,,,0.09073234283125667,0.04998620935991833,0.10224879362703343,0.11691438935102512,position_specialists,0.04998620935991833,False,,,S,0.2269999999999999,0.363,0.33,0.0,-0.03893388149659191,0.0573853457933274,0.004798074510722769,0.1077851894224041,0.0004350707047347459,,0,,,0,
2026-10-06,松山,6,067520261006,1791276660,1791276360,5,1,014769,坂本修一,追,100.19,,,,,0.09268624680689481,0.046735588395833555,0.14690288967718007,0.12432981306564249,position_specialists,0.046735588395833555,False,,,S,0.09,0.4539999999999999,0.03,0.25,0.07927747267927045,-0.0408507554759406,-0.10427995588264372,-0.13097947069051638,0.0020103267046364124,,0,,,0,
2026-10-06,松山,6,067520261006,1791276660,1791276360,6,6,015543,福元啓太,逃,93.38,,,,,0.03223645548471738,0.007618894250995658,0.05411624294538459,0.05867888426976009,position_specialists,0.007618894250995658,False,,,S,0.073,0.148,0.0,0.12,-0.28899048564773294,-0.10696675881817826,-0.05456592426565196,-0.02592302024083137,0.0011701901713555237,,0,,,0,
2026-10-06,松山,6,067520261006,1791276660,1791276360,7,2,014372,内田玄希,追,96.11,,,,,0.015711401561424258,0.004394997621477754,0.04316030985605328,0.1539241733655144,position_specialists,0.004394997621477754,False,,,S,0.0579999999999999,0.205,0.06,0.25,-0.15892606994315767,-0.15304249406707934,-0.10427995588264372,-0.05457477945438183,0.0005400877713948571,,0,,,0,
2026-10-06,いわき平,6,061320261006,1791277440,1791277140,1,3,014057,松田優一,追,87.8,,,,,0.4095592962029407,0.47215437688551987,0.2934874340172961,0.14161939747262045,position_specialists,0.47215437688551987,False,,0.08049067430887513,B,0.428,0.5710000000000001,0.2,0.13,0.2234898950696452,0.23127873152984005,0.13557129138682011,0.1384665641151149,0.002337888158186599,,0,,,0,
2026-10-06,いわき平,6,061320261006,1791277440,1791277140,2,7,014859,小林申太,両,87.7,,,,,0.28965958469728526,0.39166370257664473,0.21751813498415476,0.12922428268857641,position_specialists,0.39166370257664473,False,,,B,0.5,0.6659999999999999,0.19,0.15,0.23169506245146473,0.16476404936063802,0.24739466980002134,0.1384665641151149,0.0024754109910211037,,0,,,0,
2026-10-06,いわき平,6,061320261006,1791277440,1791277140,3,2,013902,岩崎将士,追,85.04,,,,,0.19977852757457837,0.11094376948801846,0.17126254664866175,0.10185954035578196,position_specialists,0.11094376948801846,False,,,B,0.125,0.4579999999999999,0.16,0.18,0.012355822519198145,0.2686285896671826,-0.05632913382343391,0.014575427801591054,0.0024754109910211037,,0,,,0,
2026-10-06,いわき平,6,061320261006,1791277440,1791277140,4,6,014205,日当泰之,両,80.47,,,,,0.04158109207932449,0.011294040014632814,0.08500633235663653,0.14802516927834072,position_specialists,0.011294040014632814,False,,,B,0.142,0.142,0.11,0.2,-0.10585546495403665,-0.02198524132607513,-0.0443649913209881,-0.10202799461113728,0.0010314212462587931,,0,,,0,
2026-10-06,いわき平,6,061320261006,1791277440,1791277140,5,1,014171,深見仁哉,追,81.22,,,,,0.0246946493924486,0.006511734796366976,0.07851553288955279,0.09945450881576402,position_specialists,0.006511734796366976,False,,,B,0.09,0.181,0.11,0.22,-0.05763396103896518,-0.17276759039006856,-0.08831253802514291,0.014575427801591054,0.0005500913313380224,,0,,,0,
2026-10-06,いわき平,6,061320261006,1791277440,1791277140,6,5,014732,和田禎嗣,追,81.29,,,,,0.02196342859265622,0.0044454818836546115,0.09027342585029355,0.2565700678270823,position_specialists,0.0044454818836546115,False,,,B,0.111,0.2769999999999999,0.07,0.46,-0.28233114585068414,-0.12492783728953785,-0.07366335579042463,-0.10202799461113728,0.0018565582432658286,,0,,,0,
2026-10-06,いわき平,6,061320261006,1791277440,1791277140,7,4,014240,須藤誠,追,80.5,,,,,0.012763421460766332,0.0029868943551625304,0.06393659325340455,0.1232470335618341,position_specialists,0.0029868943551625304,False,,,B,0.0409999999999999,0.166,0.04,0.32,-0.02172020819662282,-0.12492783728953785,-0.1202959422268519,-0.10202799461113728,0.002337888158186599,,0,,,0,
2026-10-06,松山,7,077520261006,1791278220,1791277920,1,4,015322,磯島成介,逃,104.65,,,,,0.5679051013750644,0.7214469511157623,0.14981224037508217,0.12968017231325232,position_specialists,0.7214469511157623,False,,0.5694901567028228,S,0.5,0.5760000000000001,0.21,0.08,0.271645335791059,0.09154460667728258,0.23477232066929243,-0.08567816659182137,0.0017712297710801904,,0,,,0,
2026-10-06,松山,7,077520261006,1791278220,1791277920,2,2,014337,佐々木翔一,追,97.68,,,,,0.20587307519642345,0.15195679441293958,0.17821137891730512,0.09499792824191888,position_specialists,0.15195679441293958,False,,,S,0.16,0.4,0.02,0.12,0.2003576409088857,0.2449568278703131,-0.0041821162574683796,0.041540929256640664,0.002081194981019224,,0,,,0,
2026-10-06,松山,7,077520261006,1791278220,1791277920,3,7,012889,丸山啓一,追,97.04,,,,,0.13199696417945586,0.09860010304354277,0.36417186531115286,0.2651019022939234,position_specialists,0.09860010304354277,False,,,S,0.172,0.304,0.24,0.07,0.006742940268067023,0.29774306191656297,0.0029976331720208797,0.2141954164795534,0.0023911601909582573,,0,,,0,
2026-10-06,松山,7,077520261006,1791278220,1791277920,4,6,015539,上杉嘉槻,逃,95.58,,,,,0.04396733886313089,0.013303701615278902,0.08561438761710402,0.13751691902916469,position_specialists,0.013303701615278902,False,,,S,0.172,0.275,0.1,0.08,-0.3241530549694803,-0.014027861415217202,0.04635403779111723,-0.08567816659182137,0.0002214037213850239,,0,,,0,
2026-10-06,松山,7,077520261006,1791278220,1791277920,5,1,014515,城幸弘,追,95.91,,,,,0.019525051930402812,0.005129869479377645,0.07172856510327541,0.0908488810652256,position_specialists,0.005129869479377645,False,,,S,0.043,0.26,0.0,0.07,-0.0962180306794796,-0.19460344457710382,-0.11878019908713566,0.014279694431970223,0.00287824837800531,,0,,,0,
2026-10-06,松山,7,077520261006,1791278220,1791277920,6,3,014371,岡光良,追,96.68,,,,,0.017632656541187515,0.005055383920487318,0.08104908816142782,0.17980372391480828,position_specialists,0.005055383920487318,False,,,S,0.05,0.2,0.15,0.1,-0.08536615559282078,-0.05878663473282327,-0.11878019908713566,-0.08567816659182137,0.0016383875382491764,,0,,,0,
2026-10-06,松山,7,077520261006,1791278220,1791277920,7,5,014881,山崎泰己,追,96.03,,,,,0.013099811914334918,0.004507196412611624,0.06941247451465249,0.10205047314170677,position_specialists,0.004507196412611624,False,,,S,0.102,0.241,0.03,0.16,0.026991324273768623,-0.14676369147657312,-0.04238147720069081,-0.012981540392700212,0.0019483527481882097,,0,,,0,
2026-10-06,いわき平,7,071320261006,1791279000,1791278700,1,4,015042,高橋泰裕,追,93.0,,,,,0.5198214682718035,0.6645852944179971,0.18161245301900197,0.17024894798268234,position_specialists,0.6645852944179971,False,,0.43091807991143666,S,0.562,0.562,0.29,0.1,0.18269939345707523,0.15111075845227545,0.14059461188900338,0.1969463855669324,0.0024993544648406005,,0,,,0,
2026-10-06,いわき平,7,071320261006,1791279000,1791278700,2,3,015535,佐藤竜太,逃,90.66,,,,,0.28249699352352675,0.23366721450656042,0.2279884987551954,0.19124275227045717,position_specialists,0.23366721450656042,False,,,S,0.475,0.476,0.03,0.06,0.12893042845201702,0.03683845042301947,0.1523591171399368,-0.061545745489666376,0.0009556355306743468,,0,,,0,
2026-10-06,いわき平,7,071320261006,1791279000,1791278700,3,1,015165,寺沼将彦,追,90.11,,,,,0.08668582164919889,0.05244990117790468,0.16658424663723767,0.1375775337226501,position_specialists,0.05244990117790468,False,,,S,0.3879999999999999,0.555,0.07,0.23,0.10382448899079198,-0.03908446949552366,0.05993137753127893,-0.061545745489666376,0.002670878790859073,,0,,,0,
2026-10-06,いわき平,7,071320261006,1791279000,1791278700,4,5,013233,小松剛之,両,83.42,,,,,0.03963197423250483,0.024492130770669973,0.08800913846044219,0.10735839367824919,position_specialists,0.024492130770669973,False,,,S,0.19,0.476,0.14,0.04,0.13004734485189706,0.3405301300971919,-0.048699833007709026,-0.061545745489666376,0.0021318023376581587,,0,,,0,
2026-10-06,いわき平,7,071320261006,1791279000,1791278700,5,7,013582,肥後尚己,追,88.95,,,,,0.0363994245912911,0.012367505270632979,0.12076164619738931,0.1698343685467854,position_specialists,0.012367505270632979,False,,,S,0.19,0.38,0.09,0.18,-0.12547971535987346,-0.16292472814488576,-0.06106347400530776,-0.061545745489666376,0.00026953822660045703,,0,,,0,
2026-10-06,いわき平,7,071320261006,1791279000,1791278700,6,2,014281,寺林正秋,追,86.54,,,,,0.02718636434277532,0.01079973351236528,0.09552436891703094,0.13219342042814208,position_specialists,0.01079973351236528,False,,,S,0.125,0.4579999999999999,0.17,0.13,-0.15048248637961448,-0.010225446374628723,-0.10139509118417,0.11078234188139945,0.0021318023376581587,,0,,,0,
2026-10-06,いわき平,7,071320261006,1791279000,1791278700,7,6,014703,一ノ瀬貴将,両,78.58,,,,,0.007777953388899522,0.0016382203438696124,0.11951964801370255,0.09154458337103365,position_specialists,0.0016382203438696124,False,,,S,0.083,0.125,0.21,0.06,-0.2695394540122927,-0.029206176354264528,-0.14172670836303222,-0.061545745489666376,0.0021318023376581587,,0,,,0,
2026-10-06,松山,8,087520261006,1791279780,1791279480,1,7,013815,井上昌己,追,104.69,,,,,0.47600026219281294,0.42369463039039507,0.22149645441366334,0.18457205517133432,position_specialists,0.42369463039039507,False,,0.00940427397633925,C,0.192,0.2689999999999999,0.11,0.11,-0.09416449372174145,0.2498503202601811,0.021023664927323063,-0.1397070946271399,0.0006899683601645575,,0,,,0,
2026-10-06,松山,8,087520261006,1791279780,1791279480,2,5,014685,掛水泰範,追,103.88,,,,,0.3011691220194717,0.4142903564140558,0.22374389703996336,0.09743315032908675,position_specialists,0.4142903564140558,False,,,C,0.2689999999999999,0.5,0.25,0.14,0.20327419836754362,0.14235628165679798,0.10558932788429012,0.009701881571329165,0.0027333361960365176,,0,,,0,
2026-10-06,松山,8,087520261006,1791279780,1791279480,3,4,015745,小柳智徳,逃,96.44,,,,,0.09567916766236916,0.09296182162786974,0.17260804533256383,0.14758991562586718,position_specialists,0.09296182162786974,False,,,C,0.222,0.407,0.04,0.12,-0.04653552650095742,0.2020105671596504,0.08660883095502059,0.15911085776979828,0.0019106816127633921,,0,,,0,
2026-10-06,松山,8,087520261006,1791279780,1791279480,4,3,015249,磯川勝裕,逃,98.85,,,,,0.04557681397951072,0.025161082552629135,0.12700552882777597,0.14348360627733175,position_specialists,0.025161082552629135,False,,,C,0.071,0.5,0.0,0.2,-0.037544506886906685,0.021752533606575718,-0.1361223279303687,0.036867149971050825,0.0004245959139474208,,0,,,0,
2026-10-06,松山,8,087520261006,1791279780,1791279480,5,1,014109,吉松直人,追,96.75,,,,,0.027606373501950787,0.01969866902694226,0.0831457987250102,0.12453935116882936,position_specialists,0.01969866902694226,False,,,C,0.178,0.357,0.06,0.26,0.1466542115327088,-0.08397062558344082,0.021023664927323063,0.06403241837077246,0.003582528023931359,,0,,,0,
2026-10-06,松山,8,087520261006,1791279780,1791279480,6,2,015128,嶋田誠也,追,99.73,,,,,0.034018620022194856,0.01678782387955047,0.11759984845071743,0.1968709898832502,position_specialists,0.01678782387955047,False,,,C,0.05,0.35,0.07,0.07,0.16463625076081032,-0.130039499270605,-0.14810766098661104,-0.1397070946271399,0.000875729072516554,,0,,,0,
2026-10-06,松山,8,087520261006,1791279780,1791279480,7,6,015648,森本桂太郎,逃,94.13,,,,,0.019949640621689777,0.007405616108557427,0.05440042721030587,0.10551093154430036,position_specialists,0.007405616108557427,False,,,C,0.086,0.13,0.11,0.11,-0.33632013355145685,-0.18189671356671774,0.04998450022302289,0.009701881571329165,0.001618771921924539,,0,,,0,
2026-10-06,いわき平,8,081320261006,1791280560,1791280260,1,2,014748,山口智弘,追,90.0,,,,,0.1758304565977506,0.39716191676517976,0.28889257763568876,0.2094076511776786,position_specialists,0.39716191676517976,False,,0.09872050591884207,B,0.564,0.652,0.17,0.14,0.3104523304442824,0.2985745229931159,0.12575867358186033,0.18265558315779518,0.0022248255982431943,,0,,,0,
2026-10-06,いわき平,8,081320261006,1791280560,1791280260,2,7,014466,二藤元太,追,92.66,,,,,0.4713119208041202,0.2984414108463377,0.22679974323050875,0.1884419377454016,position_specialists,0.2984414108463377,False,,,B,0.2,0.466,0.3,0.17,-0.18623002554917853,0.061124791208608385,-0.11269984311104597,-0.13222083258437414,0.0031286609975294923,,0,,,0,
2026-10-06,いわき平,8,081320261006,1791280560,1791280260,3,1,014206,金野俊秋,両,87.87,,,,,0.14719516903483315,0.17466284908729954,0.09266129301890465,0.13051163697989066,position_specialists,0.17466284908729954,False,,,B,0.5,0.583,0.19,0.22,0.070210064900007,0.20756209138631113,0.09754081091685778,0.02044652050273825,0.0012514643990117961,,0,,,0,
2026-10-06,いわき平,8,081320261006,1791280560,1791280260,4,5,014473,重倉高史,両,88.29,,,,,0.09671880822665607,0.06812919591735667,0.19976104315591717,0.1401355192190063,position_specialists,0.06812919591735667,False,,,B,0.3329999999999999,0.583,0.16,0.26,-0.07613247906885791,-0.09464665815760759,0.012887222921850072,0.02044652050273825,0.0021552997982980946,,0,,,0,
2026-10-06,いわき平,8,081320261006,1791280560,1791280260,5,3,013915,坂口卓士,追,87.16,,,,,0.045454046398777044,0.025487701256284936,0.07810520334155147,0.08938890415485061,position_specialists,0.025487701256284936,False,,,B,0.2769999999999999,0.5,0.25,0.14,-0.03275090604753972,0.017952112702334277,-0.06500813977246471,-0.13222083258437414,0.0009385982992588481,,0,,,0,
2026-10-06,いわき平,8,081320261006,1791280560,1791280260,6,6,014651,須永勝太,両,83.12,,,,,0.031056028377929142,0.018099133682167062,0.050716563754123214,0.10026713120469198,position_specialists,0.018099133682167062,False,,,B,0.25,0.375,0.14,0.21,0.024903818039326592,0.03487137736121474,-0.04116228810317408,0.02044652050273825,0.0002781031997803993,,0,,,0,
2026-10-06,いわき平,8,081320261006,1791280560,1791280260,7,4,014933,奥原亨,追,88.08,,,,,0.0324335705599338,0.018017792445374405,0.06306357586330597,0.14184721951848034,position_specialists,0.018017792445374405,False,,,B,0.29,0.5,0.0,0.12,-0.11045280271804014,-0.19055996579026194,-0.017316436433883448,0.02044652050273825,0.0024681658980510437,,0,,,0,
2026-10-06,松山,9,097520261006,1791281340,1791281040,1,3,014786,本郷雄三,両,99.96,,,,,0.3698004086556454,0.40316490949593176,0.16081764629512474,0.15586623610664627,position_specialists,0.40316490949593176,False,,0.06875880156207609,C,0.321,0.428,0.11,0.05,0.13771024841414864,0.03990753304027624,0.17849996775444862,-0.09368426567288729,0.000232261939542329,,0,,,0,
2026-10-06,松山,9,097520261006,1791281340,1791281040,2,2,015891,野中龍之介,逃,103.75,,,,,0.27804100298982815,0.33440610793385567,0.17655904868847216,0.1432257033963771,position_specialists,0.33440610793385567,False,,,C,0.36,0.4,0.21,0.06,-0.2570152771834642,0.3565002848338655,0.045503479288184726,-0.09368426567288729,0.0046452387908465734,,0,,,0,
2026-10-06,松山,9,097520261006,1791281340,1791281040,3,7,013252,中村浩士,追,99.55,,,,,0.08242501085860675,0.08068777365060321,0.1565312757479002,0.11155129275890253,position_specialists,0.08068777365060321,False,,,C,0.185,0.407,0.13,0.13,0.20318389197430076,0.09389753376533107,0.004985464422749067,-0.00351315996273327,8.445888710630153e-05,,0,,,0,
2026-10-06,松山,9,097520261006,1791281340,1791281040,4,1,015106,大石崇晴,両,101.9,,,,,0.09153548393312416,0.06361188741147167,0.14729252749476607,0.14806414714016705,position_specialists,0.06361188741147167,False,,,C,0.2269999999999999,0.318,0.13,0.03,-0.22850665274418475,-0.04842472060404559,0.013903486014296362,-0.00351315996273327,0.0008234741492864383,,0,,,0,
2026-10-06,松山,9,097520261006,1791281340,1791281040,5,5,015389,宮崎大空,両,100.05,,,,,0.0800565264001999,0.04465540587303313,0.17043198125131154,0.21989613430488214,position_specialists,0.04465540587303313,False,,,C,0.095,0.238,0.16,0.16,-0.08103398271411746,-0.12940972169162782,-0.13285695254276128,0.11125006548655368,0.0012668833065945203,,0,,,0,
2026-10-06,松山,9,097520261006,1791281340,1791281040,6,6,015104,中川勝貴,追,98.7,,,,,0.05464858521727341,0.04203736550123672,0.10260001942899785,0.11166893583756021,position_specialists,0.04203736550123672,False,,,C,0.272,0.4539999999999999,0.21,0.17,0.08568045314904477,0.01291253267774885,-0.08690948022092451,0.1768290514575748,0.002005898568774657,,0,,,0,
2026-10-06,松山,9,097520261006,1791281340,1791281040,7,4,014888,佐藤健太,追,99.26,,,,,0.04349298194532222,0.03143655013386791,0.0857675010934274,0.10972755045546465,position_specialists,0.03143655013386791,False,,,C,0.217,0.434,0.17,0.11,0.13998131910427192,0.009494829682166799,-0.023125964715993114,-0.09368426567288729,0.000232261939542329,,0,,,0,
2026-10-06,いわき平,9,091320261006,1791282120,1791281820,1,7,015968,渡邉拓,逃,79.65,,,,,0.4102674849872144,0.5796343964679461,0.2294970230638028,0.3089867314440966,position_specialists,0.5796343964679461,False,,0.2184591801360849,A,0.782,0.826,0.09,0.04,0.29162810294574193,0.3051831985679517,0.25217112294975225,0.07653348090194695,0.002332847374079217,,0,,,0,
2026-10-06,いわき平,9,091320261006,1791282120,1791281820,2,1,015874,角田吏,逃,78.33,,,,,0.44519714140503236,0.3611752163318612,0.21192766976044383,0.11460906969651344,position_specialists,0.3611752163318612,False,,,A,0.6659999999999999,0.777,0.5,0.0,0.17956355815249475,0.19567698199747163,0.042949688722124665,0.13113061377467347,0.0032659863237109047,,0,,,0,
2026-10-06,いわき平,9,091320261006,1791282120,1791281820,3,3,015985,山本真,逃,76.0,,,,,0.07805836344483781,0.03782145954964704,0.16829285375213232,0.14943232478331592,position_specialists,0.03782145954964704,False,,,A,0.428,0.619,0.0,0.33,-0.01823464696568635,0.0012668090293979344,0.025286413553010645,0.13113061377467347,0.00023328473740792162,,0,,,0,
2026-10-06,いわき平,9,091320261006,1791282120,1791281820,4,4,015958,庄子琢心,逃,75.55,,,,,0.03977226930196735,0.014842831008005056,0.18229970631473544,0.1376240121440894,position_specialists,0.014842831008005056,False,,,A,0.3329999999999999,0.555,0.2,0.2,0.0874054625133983,-0.009508740774069916,-0.049305152585344895,-0.09408255932532333,0.00034992710611188256,,0,,,0,
2026-10-06,いわき平,9,091320261006,1791282120,1791281820,5,2,014158,本間慎吾,追,73.83,,,,,0.013729136289918106,0.004162732624995314,0.11206536072262138,0.11961158144952339,position_specialists,0.004162732624995314,False,,,A,0.444,0.611,0.21,0.27,-0.13029919175893356,-0.024607375541943526,0.02483010225272056,-0.09408255932532333,0.0018662778992633738,,0,,,0,
2026-10-06,いわき平,9,091320261006,1791282120,1791281820,6,5,014802,渡邉正人,逃,69.23,,,,,0.010933834346802436,0.0020721546936288433,0.06184084492352122,0.1262482677229006,position_specialists,0.0020721546936288433,False,,,A,0.1169999999999999,0.294,0.0,0.0,-0.09691072876479459,-0.12397400450818329,-0.15656956938054356,-0.05654703047532388,0.0012830660557435693,,0,,,0,
2026-10-06,いわき平,9,091320261006,1791282120,1791281820,7,6,012559,相良勝美,追,68.0,,,,,0.00204177022422754,0.00029120932391626914,0.03407654146274302,0.04348801275956077,position_specialists,0.00029120932391626914,False,,,A,0.105,0.157,0.14,0.11,-0.3131525561222202,-0.12397400450818329,-0.13936260551171964,-0.09408255932532333,0.0025661321114871386,,0,,,0,
2026-10-06,松山,10,107520261006,1791282900,1791282600,1,5,015466,久田裕也,逃,104.84,,,,,0.31443424936558995,0.48428739399608733,0.1924378121074852,0.1253958072647653,position_specialists,0.48428739399608733,False,,0.23709910359310288,A,0.5379999999999999,0.653,0.23,0.07,0.1265409822638808,-0.03579512444717524,0.17809162708579582,0.1986635381114617,0.0005117933954512054,,0,,,0,
2026-10-06,松山,10,107520261006,1791282900,1791282600,2,1,015038,山岸佳太,両,106.23,,,,,0.3666175543754159,0.24718829040298446,0.15246965986434663,0.13380200494306382,position_specialists,0.24718829040298446,False,,,A,0.237,0.285,0.16,0.11,-0.3224194890559141,0.16773181284385735,-0.03324712188977447,-0.0777899396219579,0.0014671410669601223,,0,,,0,
2026-10-06,松山,10,107520261006,1791282900,1791282600,3,7,015793,川上隆義,逃,100.55,,,,,0.11971369629103955,0.11759710361515255,0.1797919628658136,0.16850924127540007,position_specialists,0.11759710361515255,False,,,A,0.35,0.45,0.08,0.08,-0.12827442037708406,0.2911479623528787,0.019584235525472032,0.05624811018818493,0.004264944962093378,,0,,,0,
2026-10-06,松山,10,107520261006,1791282900,1791282600,4,2,014683,藤岡隆治,追,96.62,,,,,0.09396229010253689,0.07494943756502848,0.22259668428144286,0.26424529734063895,position_specialists,0.07494943756502848,False,,,A,0.185,0.259,0.07,0.04,0.32068605094271085,0.04318206549145587,-0.04241664075736549,-0.0777899396219579,0.0002047173581804819,,0,,,0,
2026-10-06,松山,10,107520261006,1791282900,1791282600,5,3,013808,坂本健太郎,追,102.54,,,,,0.06202899712673731,0.05047355592994833,0.13297606399800987,0.11616175059896994,position_specialists,0.05047355592994833,False,,,A,0.289,0.354,0.17,0.11,0.005200314339611871,0.012044628653355477,0.06063382257643538,-0.0777899396219579,0.0002729564775739767,,0,,,0,
2026-10-06,松山,10,107520261006,1791282900,1791282600,6,4,014692,森山智徳,両,96.4,,,,,0.03609192501845199,0.02277387436478573,0.08014814177435617,0.08931314479136548,position_specialists,0.02277387436478573,False,,,A,0.185,0.3329999999999999,0.11,0.15,-0.00693375245281521,0.07318590448617607,-0.011416202615946724,-0.0777899396219579,0.0004435542760577106,,0,,,0,
2026-10-06,松山,10,107520261006,1791282900,1791282600,7,6,015127,野村典嗣,追,93.96,,,,,0.00715128772022848,0.0027303441260130863,0.03957967510854571,0.1025727537857965,position_specialists,0.0027303441260130863,False,,,A,0.0,0.071,0.04,0.04,0.005200314339611871,-0.21661897767683344,-0.17122971992461658,0.05624811018818493,0.0026613256563462677,,0,,,0,
2026-10-06,いわき平,10,101320261006,1791283680,1791283380,1,1,014974,山原さくら,両,58.57,,,,,0.8491204738412322,0.9166521086236636,0.4728686792301091,0.4616049786109514,position_specialists,0.9166521086236636,False,,0.8644583586959634,S,0.904,0.952,0.0,0.0,0.3129462263448419,-0.028703851860318427,0.1509382021057083,0.19488759008091017,0.0038935201532098534,,0,,,0,
2026-10-06,いわき平,10,101320261006,1791283680,1791283380,2,4,014963,石井寛子,両,56.29,,,,,0.0754876212879538,0.05219374992770022,0.14340809096226673,0.12778009528647852,position_specialists,0.05219374992770022,False,,,S,0.708,0.7909999999999999,0.0,0.0,0.19242209615617017,-0.028703851860318427,0.10258511700266691,0.05884417539839115,0.0013528332735729147,,0,,,0,
2026-10-06,いわき平,10,101320261006,1791283680,1791283380,3,2,015224,太田美穂,両,54.92,,,,,0.027188253038805975,0.014062872810230284,0.1447244535905365,0.115860302563339,position_specialists,0.014062872810230284,False,,,S,0.518,0.629,0.0,0.0,0.0848929265010446,-0.028703851860318427,0.0417580409015367,-0.0053985482016872645,0.0005444329027793437,,0,,,0,
2026-10-06,いわき平,10,101320261006,1791283680,1791283380,4,3,016035,伊藤梨里花,両,53.4,,,,,0.027204520652331296,0.01155642891599376,0.08549466340583368,0.08527404699254672,position_specialists,0.01155642891599376,False,,,S,0.545,0.636,0.0,0.0,-0.02708515329979004,-0.028703851860318427,0.0476764711758674,-0.0053985482016872645,0.00014848170075800303,,0,,,0,
2026-10-06,いわき平,10,101320261006,1791283680,1791283380,5,6,015018,高橋梨香,両,53.59,,,,,0.010974023225539451,0.003699936757785548,0.06800974576909426,0.09911441746869494,position_specialists,0.003699936757785548,False,,,S,0.3329999999999999,0.703,0.0,0.0,-0.0787132255303936,-0.028703851860318427,-0.05431099885511875,-0.0053985482016872645,0.0016497966750889208,,0,,,0,
2026-10-06,いわき平,10,101320261006,1791283680,1791283380,6,5,015776,高本美穂,追,48.87,,,,,0.00521663204810858,0.0009539291308469898,0.04845709407288523,0.059404237101249265,position_specialists,0.0009539291308469898,False,,,S,0.083,0.208,0.0,0.0,-0.2164173989706347,-0.028703851860318427,-0.15292856040948374,-0.10743110921357653,0.0019962539768575943,,0,,,0,
2026-10-06,いわき平,10,101320261006,1791283680,1791283380,7,7,015867,是永ゆうき,追,49.91,,,,,0.004808475906028683,0.0008809738337796095,0.03703727296927442,0.050961921976740245,position_specialists,0.0008809738337796095,False,,,S,0.125,0.291,0.0,0.0,-0.26804547120123823,-0.028703851860318427,-0.13571827192117691,-0.13010501166066304,0.0019962539768575943,,0,,,0,
2026-10-06,松山,11,117520261006,1791284520,1791284220,1,4,015781,齊藤英伊須,逃,95.52,,,,,0.39502303953185597,0.5275141869739661,0.13796352084654134,0.11851616906750134,position_specialists,0.5275141869739661,False,,0.35490858113437596,A,0.6659999999999999,0.7609999999999999,0.25,0.06,0.05977379456210312,0.2913042883052556,0.08617743715169367,0.16882787369607063,0.0022240371991975837,,0,,,0,
2026-10-06,松山,11,117520261006,1791284520,1791284220,2,1,015060,滝本泰行,両,92.66,,,,,0.17417579501650524,0.17260560583959014,0.16959607818491915,0.16294755051163776,position_specialists,0.17260560583959014,False,,,A,0.416,0.6659999999999999,0.27,0.18,0.14369322097378487,0.12747217445320058,0.06613661428356629,0.10682010527066199,3.801772990081386e-05,,0,,,0,
2026-10-06,松山,11,117520261006,1791284520,1791284220,3,5,015278,田中和磨,逃,93.47,,,,,0.14962073705410417,0.14515500091941733,0.18837518640225304,0.12685851262465675,position_specialists,0.14515500091941733,False,,,A,0.5,0.65,0.27,0.19,0.193649909967211,0.12419491965847745,0.07281688857294208,-0.006252884210965572,0.0031554715817675126,,0,,,0,
2026-10-06,松山,11,117520261006,1791284520,1791284220,4,2,015532,石田拓真,逃,93.38,,,,,0.21338414438222822,0.12864113529767673,0.20749717194561737,0.18732109681260076,position_specialists,0.12864113529767673,False,,,A,0.6659999999999999,0.777,0.16,0.0,-0.007667735579022214,-0.05575965440313015,-0.0014150931009844908,-0.0135479157904254,0.0019008864950406706,,0,,,0,
2026-10-06,松山,11,117520261006,1791284520,1791284220,5,3,014657,野中祐志,追,92.05,,,,,0.037722212897405134,0.01311687239639653,0.10147847217398445,0.1665288924289313,position_specialists,0.01311687239639653,False,,,A,0.3329999999999999,0.3879999999999999,0.12,0.25,-0.10059108265543176,-0.18616989452582958,-0.07935565355221941,-0.1339159368515128,0.002832320877610599,,0,,,0,
2026-10-06,松山,11,117520261006,1791284520,1791284220,6,7,013910,高橋秀吉,追,85.13,,,,,0.021898711596587694,0.01135831094080469,0.1472880918172347,0.14401907584861415,position_specialists,0.01135831094080469,False,,,A,0.375,0.416,0.2,0.1,0.004317964230763104,0.03834717784158552,0.029763547324619867,-0.0135479157904254,0.0011025141671235892,,0,,,0,
2026-10-06,松山,11,117520261006,1791284520,1791284220,7,6,013970,三好陽一,両,81.8,,,,,0.008175359521313598,0.0016088876321485946,0.04780147862944985,0.0938087027060579,position_specialists,0.0016088876321485946,False,,,A,0.16,0.24,0.0,0.25,-0.293176071499408,-0.11932614706711828,-0.17412374067961794,-0.10838332632340333,0.000494230488710574,,0,,,0,
2026-10-06,いわき平,11,111320261006,1791285360,1791285060,1,1,015415,坂本紘規,逃,95.61,,,,,0.3079462456218139,0.28589989546944106,0.10290584215063689,0.07088995983487548,position_specialists,0.28589989546944106,False,,0.007858333964155806,C,0.619,0.809,0.14,0.09,0.10998072307054767,-0.11556460335375586,0.12407791526014014,-0.12798537393584897,0.00015950406740557888,,0,,,0,
2026-10-06,いわき平,11,111320261006,1791285360,1791285060,2,4,015791,岡部陸斗,逃,94.57,,,,,0.20846349199971428,0.27804156150528525,0.19987103973422746,0.1370345798267019,position_specialists,0.27804156150528525,False,,,C,0.523,0.809,0.16,0.13,0.13240708490560946,0.20057148981099815,-0.018915650417777,0.13598445980683954,0.003204581717875722,,0,,,0,
2026-10-06,いわき平,11,111320261006,1791285360,1791285060,3,3,015911,松田安綱,逃,92.87,,,,,0.11393009933226035,0.19095719975500566,0.08528796037446329,0.09555076096914354,position_specialists,0.19095719975500566,False,,,C,0.708,0.833,0.09,0.13,0.19242430958264464,0.23569772238485973,0.19807340025696726,0.0,0.002697068776130698,,0,,,0,
2026-10-06,いわき平,11,111320261006,1791285360,1791285060,4,5,014716,猪狩祐樹,両,93.0,,,,,0.20483359656488487,0.1548204738526569,0.15357975053823678,0.15175522798190852,position_specialists,0.1548204738526569,False,,,C,0.5,0.611,0.05,0.17,-0.003419257092998798,0.08156163818568647,0.004303758794896414,-0.12798537393584897,0.0006525166393864593,,0,,,0,
2026-10-06,いわき平,11,111320261006,1791285360,1791285060,5,7,015344,荒木貴大,両,91.25,,,,,0.1291275482601532,0.07363549363718881,0.2937177275271023,0.3461439927715836,position_specialists,0.07363549363718881,False,,,C,0.235,0.352,0.3,0.1,-0.13963272390154116,0.09034319632915186,-0.13303225561035337,0.0,0.0014645373461784977,,0,,,0,
2026-10-06,いわき平,11,111320261006,1791285360,1791285060,6,2,014454,上原龍,追,91.95,,,,,0.019140098480656762,0.008757389374938722,0.07342551638704672,0.1205200635460126,position_specialists,0.008757389374938722,False,,,C,0.3,0.6,0.03,0.21,-0.11681923725654529,-0.2041665772650505,-0.09790853973034122,-0.015998171741981114,0.002175055464621531,,0,,,0,
2026-10-06,いわき平,11,111320261006,1791285360,1791285060,7,6,015265,井田晶之,両,81.34,,,,,0.016558919740516584,0.007887986405483572,0.09121216328828653,0.07810541506977434,position_specialists,0.007887986405483572,False,,,C,0.23,0.384,0.5,0.25,-0.1749408993077165,0.04643540561182494,-0.07659862855353233,0.13598445980683954,0.001769045111225512,,0,,,0,
2026-10-06,松山,12,127520261006,1791286200,1791285900,1,3,015086,酒井雄多,逃,108.33,,,,,0.6079272232308509,0.7419413518012203,0.28424990387375626,0.17321477517122785,position_specialists,0.7419413518012203,False,,0.6430691005206699,S,0.368,0.578,0.0,0.0,0.25086622011713045,0.41728048374641136,-0.0036102744121862193,-0.11140015664513646,0.001310112482344441,,0,,,0,
2026-10-06,松山,12,127520261006,1791286200,1791285900,2,4,015274,福永大智,逃,105.94,,,,,0.13840990894482913,0.09887225128055041,0.16615533633811297,0.14023162096440042,position_specialists,0.09887225128055041,False,,,S,0.529,0.647,0.0,0.4,0.1858183265180779,-0.09743618363251334,0.09264214236565177,-0.11140015664513646,0.002397227095353661,,0,,,0,
2026-10-06,松山,12,127520261006,1791286200,1791285900,3,1,013656,渡部哲男,追,104.34,,,,,0.08274378329636986,0.0713210072304189,0.13421563057268607,0.13782246418810948,position_specialists,0.0713210072304189,False,,,S,0.434,0.478,0.17,0.13,0.06347904647548164,0.06411328964034582,0.07710374652386377,0.1385360922381825,0.0022857281606860464,,0,,,0,
2026-10-06,松山,12,127520261006,1791286200,1791285900,4,5,015473,青柳靖起,逃,104.92,,,,,0.08259411903202782,0.05780238369477464,0.13752653308746585,0.19218570508915156,position_specialists,0.05780238369477464,False,,,S,0.392,0.5,0.14,0.12,-0.043001438006037285,-0.01955501938398865,0.05152962146584928,0.08854884246151873,0.0001393736683345141,,0,,,0,
2026-10-06,松山,12,127520261006,1791286200,1791285900,5,2,015703,牧田悠生,両,99.86,,,,,0.04790733224594477,0.013694710591141837,0.0977951509372735,0.1154034498656725,position_specialists,0.013694710591141837,False,,,S,0.217,0.347,0.04,0.18,-0.22585752720166394,-0.08719945336856942,-0.0748929744774317,-0.11140015664513646,0.0018118576883486973,,0,,,0,
2026-10-06,松山,12,127520261006,1791286200,1791285900,6,7,013850,山賀雅仁,両,103.0,,,,,0.026077393655327144,0.0112157945208663,0.11505101651252758,0.1500467221712049,position_specialists,0.0112157945208663,False,,,S,0.272,0.409,0.08,0.0,-0.1190312614700853,-0.11101681211564621,-0.0508298702829722,0.05355776761785407,0.00220210395968534,,0,,,0,
2026-10-06,松山,12,127520261006,1791286200,1791285900,7,6,015782,佐々木亮太,逃,96.2,,,,,0.014340239594650304,0.00515250088102748,0.06500642867817771,0.09109526255023324,position_specialists,0.00515250088102748,False,,,S,0.125,0.208,0.11,0.12,-0.11227336643290385,0.00603680627587117,-0.09194239118277471,0.05355776761785407,0.002675974432022689,,0,,,0,
2026-10-06,大垣,1,014420261006,1791286800,1791286500,1,2,015963,福地晶,逃,74.0,,,,,0.507364073414138,0.5311433617843373,0.16670091310185287,0.10426981001963015,position_specialists,0.5311433617843373,False,,0.23849897878562992,A,0.3879999999999999,0.444,0.05,0.05,0.13668534833077686,0.17762247574674436,0.0655195502620918,-0.08475037488294755,0.00375448394094629,,0,,,0,
2026-10-06,大垣,1,014420261006,1791286800,1791286500,2,1,015087,本馬鎌,両,76.0,,,,,0.3285732215968039,0.2926443829987074,0.20575277417581422,0.10958857659846012,position_specialists,0.2926443829987074,False,,,A,0.3329999999999999,0.611,0.15,0.15,0.11746397122176133,0.08778274638623977,-0.0028535493538658363,-0.08475037488294755,0.0009177627411202043,,0,,,0,
2026-10-06,大垣,1,014420261006,1791286800,1791286500,3,3,014743,鈴木広人,両,71.29,,,,,0.08089856058986711,0.12779276891768346,0.2416355708391939,0.18078913766182247,position_specialists,0.12779276891768346,False,,,A,0.441,0.47,0.15,0.05,0.07902121700373038,0.2857992119661293,0.2651555006099591,0.06856210102890135,0.0017103760175421988,,0,,,0,
2026-10-06,大垣,1,014420261006,1791286800,1791286500,4,4,014033,藤縄洋介,両,71.08,,,,,0.042286968301106655,0.032658529247335824,0.11632389737884447,0.14512195106940332,position_specialists,0.032658529247335824,False,,,A,0.3329999999999999,0.416,0.0,0.0,0.13668534833077686,-0.16497844164317987,0.04582449743116827,0.13521969925144436,0.0002502989293964195,,0,,,0,
2026-10-06,大垣,1,014420261006,1791286800,1791286500,5,5,013109,志村正洋,追,69.4,,,,,0.023436742947525013,0.01039432904841593,0.1723776858877786,0.16022385611603632,position_specialists,0.01039432904841593,False,,,A,0.095,0.238,0.18,0.06,-0.13241393119544018,0.06811424889180617,-0.10020964292393406,-0.08475037488294755,0.001647801285193094,,0,,,0,
2026-10-06,大垣,1,014420261006,1791286800,1791286500,6,7,015824,中嶋響,逃,64.55,,,,,0.012750456034284036,0.0037838396824163277,0.0555525171115534,0.1064135826528313,position_specialists,0.0037838396824163277,False,,,A,0.1,0.1,0.4,0.2,-0.28191353093222743,-0.16497844164317987,-0.1245486663164511,0.13521969925144436,0.0004797396146764705,,0,,,0,
2026-10-06,大垣,1,014420261006,1791286800,1791286500,7,6,013244,小林高志,追,67.29,,,,,0.00468997711627515,0.0015827883211038275,0.04165664150496251,0.19359308588181634,position_specialists,0.0015827883211038275,False,,,A,0.0,0.074,0.02,0.12,-0.055528422759378096,-0.11713868854264917,-0.14888768970896815,-0.08475037488294755,0.0026698552468951394,,0,,,0,
2026-10-06,前橋,1,012220261006,1791287400,1791287100,1,1,015320,那須萌美,両,56.36,,,,,0.552317035242817,0.5704268540851983,0.304581953610734,0.25915928933504706,position_specialists,0.5704268540851983,False,,0.23517331021124022,A,0.833,0.833,0.0,0.0,0.15689290811054726,-0.028703851860318427,0.15420374051481567,0.05834954379170748,0.003477374083735336,,0,,,0,
2026-10-06,前橋,1,012220261006,1791287400,1791287100,2,2,015939,半田水晶,逃,55.87,,,,,0.2755275222643915,0.3352535438739581,0.21951639966356096,0.2033386331155708,position_specialists,0.3352535438739581,False,,,A,0.583,0.7909999999999999,0.0,0.0,0.2369736632919724,-0.028703851860318427,0.08849622068803212,0.22172826640848844,0.002202336919699046,,0,,,0,
2026-10-06,前橋,1,012220261006,1791287400,1791287100,3,3,015315,渡口まりあ,両,53.15,,,,,0.0815609838868164,0.05811263953021452,0.18028661928419504,0.16901072291437216,position_specialists,0.05811263953021452,False,,,A,0.3329999999999999,0.606,0.0,0.0,0.09969236869524359,-0.028703851860318427,0.07713449048167235,-0.04667963503336598,0.0019705119807833563,,0,,,0,
2026-10-06,前橋,1,012220261006,1791287400,1791287100,4,4,014962,石井貴子,逃,51.19,,,,,0.047524030999648234,0.020597383581271524,0.09646174663298002,0.12250804840823099,position_specialists,0.020597383581271524,False,,,A,0.142,0.38,0.0,0.0,-0.10622957319984964,-0.028703851860318427,-0.058687774855407805,-0.02333981751668299,0.0015068621029519786,,0,,,0,
2026-10-06,前橋,1,012220261006,1791287400,1791287100,5,5,015857,伊藤優里,両,50.66,,,,,0.023668339025094853,0.009995495283588922,0.10962561068111759,0.11362984103885186,position_specialists,0.009995495283588922,False,,,A,0.266,0.4,0.0,0.0,-0.07190924955066746,-0.028703851860318427,-0.05842852628578939,-0.07001945255004897,0.0005795623472892224,,0,,,0,
2026-10-06,前橋,1,012220261006,1791287400,1791287100,6,7,015581,刈込奈那,逃,45.33,,,,,0.01390629250938584,0.0037778554099579522,0.044013283576165116,0.07168953824629534,position_specialists,0.0037778554099579522,False,,,A,0.0,0.0,0.0,0.0,-0.17487022049821402,-0.028703851860318427,-0.12659890752394787,-0.07001945255004897,0.0004636498778313781,,0,,,0,
2026-10-06,前橋,1,012220261006,1791287400,1791287100,7,6,015147,佐々木恵理,両,47.76,,,,,0.005495796071846139,0.0018362282358106727,0.045514386551247336,0.06066392694163181,position_specialists,0.0018362282358106727,False,,,A,0.166,0.2,0.0,0.0,-0.14054989684903182,-0.028703851860318427,-0.07611924301937505,-0.07001945255004897,0.0020864244502412014,,0,,,0,
2026-10-06,大垣,2,024420261006,1791288000,1791287700,1,2,015881,関口朗斗,逃,75.83,,,,,0.5429388663777377,0.6493978056289539,0.16870197569929155,0.1297441097358953,position_specialists,0.6493978056289539,False,,0.36064834132417983,A,0.461,0.6920000000000001,0.1,0.27,0.14783425399139824,0.350854079180548,0.09869301573098668,0.14359427468075245,0.004244793852921619,,0,,,0,
2026-10-06,大垣,2,024420261006,1791288000,1791287700,2,1,015720,山元大夢,両,76.68,,,,,0.2904391313734052,0.28874946430477405,0.130134373948692,0.08632100646411295,position_specialists,0.28874946430477405,False,,,A,0.351,0.764,0.13,0.26,0.23840682301033672,0.04809252294903594,0.1578277457934421,0.019770226224161566,0.0002703690352179371,,0,,,0,
2026-10-06,大垣,2,024420261006,1791288000,1791287700,3,3,013331,橋本大祐,追,71.4,,,,,0.07149998879985478,0.03605980756748501,0.30411960616920375,0.200955965500374,position_specialists,0.03605980756748501,False,,,A,0.16,0.48,0.18,0.16,0.01293893843127704,0.001971793081166314,0.00013513229356094253,0.14359427468075245,0.0014329558866550693,,0,,,0,
2026-10-06,大垣,2,024420261006,1791288000,1791287700,4,4,012946,亀井雅斗,追,70.0,,,,,0.06064831033811397,0.01585265942137396,0.22608583612759936,0.2398351053271065,position_specialists,0.01585265942137396,False,,,A,0.2,0.3,0.0,0.05,-0.07377947871451516,0.001971793081166314,-0.1713291497012615,-0.09677005467615926,0.0010544392373499566,,0,,,0,
2026-10-06,大垣,2,024420261006,1791288000,1791287700,5,7,014482,松本琢也,両,67.65,,,,,0.017971465560268147,0.00525224404971383,0.05771044944528467,0.07004584583616341,position_specialists,0.00525224404971383,False,,,A,0.217,0.304,0.03,0.1,-0.26455999643525796,0.011564926554710258,0.08586727329097216,-0.09677005467615926,0.001216660658480719,,0,,,0,
2026-10-06,大垣,2,024420261006,1791288000,1791287700,6,5,011712,金田健一郎,追,69.8,,,,,0.008234640643588257,0.0026735328481711355,0.0656956163975868,0.15526302478809248,position_specialists,0.0026735328481711355,False,,,A,0.19,0.285,0.03,0.15,-0.0044047449978813396,-0.10763617895524848,0.00013513229356094253,-0.09677005467615926,0.0016222142113076258,,0,,,0,
2026-10-06,大垣,2,024420261006,1791288000,1791287700,7,6,013541,高森圭介,追,68.28,,,,,0.008267596907031799,0.002014486179528182,0.04755214221234186,0.11783494234825534,position_specialists,0.002014486179528182,False,,,A,0.095,0.428,0.08,0.2,-0.05643579528535679,-0.0867560716289373,-0.1713291497012615,-0.0166486115571887,0.0016222142113076258,,0,,,0,
2026-10-06,前橋,2,022220261006,1791288600,1791288300,1,1,015587,吉川美穂,両,56.96,,,,,0.8049049656111036,0.9162507738349283,0.4379109217637043,0.44542001768007244,position_specialists,0.9162507738349283,False,,0.8583905224921609,S,0.777,0.8140000000000001,0.0,0.0,0.2652435771863622,-0.028703851860318427,0.2692326915503661,0.2441699079131603,0.004774509670321456,,0,,,0,
2026-10-06,前橋,2,022220261006,1791288600,1791288300,2,2,015504,西島叶子,両,54.83,,,,,0.11440086325262573,0.057860251342767365,0.16045489193054518,0.11446542626415007,position_specialists,0.057860251342767365,False,,,S,0.625,0.708,0.0,0.0,0.007026319925466578,-0.028703851860318427,0.1596653606528764,-0.04454451022740088,4.4072396956813395e-05,,0,,,0,
2026-10-06,前橋,2,022220261006,1791288600,1791288300,3,3,015667,戸田瑞姫,両,53.18,,,,,0.0393971889758929,0.014533794402480617,0.16045569803410142,0.13192311905133056,position_specialists,0.014533794402480617,False,,,S,0.26,0.565,0.0,0.0,0.0930987390124318,-0.028703851860318427,-0.0292453781953785,-0.04454451022740088,0.0006757767533378062,,0,,,0,
2026-10-06,前橋,2,022220261006,1791288600,1791288300,4,4,015149,中野咲,両,51.62,,,,,0.020621235271821012,0.0065696105586600904,0.10326473507603655,0.12148294893193158,position_specialists,0.0065696105586600904,False,,,S,0.29,0.4579999999999999,0.0,0.0,-0.005269739944099892,-0.028703851860318427,-0.013592902352879972,-0.04454451022740088,0.0010871191249347317,,0,,,0,
2026-10-06,前橋,2,022220261006,1791288600,1791288300,5,5,015674,野寺楓,追,51.05,,,,,0.010128500376357753,0.0029266997314941288,0.06776923874735749,0.08393879700535813,position_specialists,0.0029266997314941288,False,,,S,0.222,0.3329999999999999,0.0,0.0,0.03161843966459951,-0.028703851860318427,-0.09216414691916477,-0.02144735677615598,0.0012927903107331942,,0,,,0,
2026-10-06,前橋,2,022220261006,1791288600,1791288300,6,6,015849,佐藤乃愛,両,47.61,,,,,0.00527029280726024,0.0009571303780112253,0.04262025296542722,0.054650553572825354,position_specialists,0.0009571303780112253,False,,,S,0.047,0.19,0.0,0.0,-0.17741457811803024,-0.028703851860318427,-0.13912157444666035,-0.04454451022740088,0.0012927903107331942,,0,,,0,
2026-10-06,前橋,2,022220261006,1791288600,1791288300,7,7,015217,南彩乃,追,47.6,,,,,0.005276953704938781,0.0009017397516584088,0.027524261482827814,0.048119137494331804,position_specialists,0.0009017397516584088,False,,,S,0.0,0.066,0.0,0.0,-0.21430275772672971,-0.028703851860318427,-0.1547740502891589,-0.04454451022740088,0.00047010556753934344,,0,,,0,
2026-10-06,大垣,3,034420261006,1791289200,1791288900,1,1,014699,小川大地,追,76.03,,,,,0.6465770446296778,0.7049898326476884,0.19622595956654884,0.12581476385950038,position_specialists,0.7049898326476884,False,,0.4737619872211917,S,0.444,0.518,0.13,0.06,0.15217142099396738,0.23090720391388272,0.15918170526216405,0.0,6.792356108113226e-05,,0,,,0,
2026-10-06,大垣,3,034420261006,1791289200,1791288900,2,2,015990,児玉東次郎,逃,73.83,,,,,0.23581501591090626,0.23122784542649671,0.263181132128784,0.10208772280793707,position_specialists,0.23122784542649671,False,,,S,0.5,0.611,0.17,0.11,0.09380430061271956,0.30435313570502126,0.11278584931937229,0.0,0.004211260787030212,,0,,,0,
2026-10-06,大垣,3,034420261006,1791289200,1791288900,3,3,014667,藤本龍也,両,71.05,,,,,0.06727947585309002,0.04517779035221407,0.16857751128675624,0.14919556553733881,position_specialists,0.04517779035221407,False,,,S,0.444,0.5,0.11,0.11,0.19594676127990326,0.017677880506530318,0.06556949742454751,0.0,0.0011207387578386853,,0,,,0,
2026-10-06,大垣,3,034420261006,1791289200,1791288900,4,4,014069,渡邊政幸,追,69.5,,,,,0.031052985094627207,0.013271696452085648,0.1819237560658544,0.16009651152408086,position_specialists,0.013271696452085648,False,,,S,0.217,0.347,0.11,0.04,-0.008338160054464073,-0.011664165869455737,-0.015686169388686735,0.0,0.0017320508075688772,,0,,,0,
2026-10-06,大垣,3,034420261006,1791289200,1791288900,5,6,013678,菊池崇訓,追,67.16,,,,,0.007951900518803486,0.0024960487024863953,0.06834237424914873,0.11900052572803892,position_specialists,0.0024960487024863953,False,,,S,0.157,0.263,0.06,0.2,-0.06670528043571194,-0.09112381229766882,-0.06564841928892981,0.0,0.0017320508075688772,,0,,,0,
2026-10-06,大垣,3,034420261006,1791289200,1791288900,6,5,013788,白崎芳典,追,67.27,,,,,0.007115262007395072,0.002019152415877207,0.08455627797008784,0.3014162386167186,position_specialists,0.002019152415877207,False,,,S,0.055,0.166,0.06,0.27,-0.09588884062633588,-0.09112381229766882,-0.11561066918917288,0.0,6.792356108113226e-05,,0,,,0,
2026-10-06,大垣,3,034420261006,1791289200,1791288900,7,7,012970,山内大作,追,64.37,,,,,0.00420831598550023,0.0008176340031515301,0.03719298873281992,0.04238867192638538,position_specialists,0.0008176340031515301,False,,,S,0.0,0.057,0.02,0.02,-0.2709902017700792,-0.13896356539819954,-0.14059179413929443,0.0,0.0017320508075688772,,0,,,0,
2026-10-06,前橋,3,032220261006,1791289800,1791289500,1,1,013188,山田幸司,追,87.56,,,,,0.48785412923244903,0.6093606834321214,0.25403146409586297,0.08848606652779685,position_specialists,0.6093606834321214,False,,0.3702894964150407,A,0.47,0.647,0.18,0.2,0.22267250550784667,0.1250192413712411,0.15513127483851608,0.09759574501466278,0.0019912395549091942,,0,,,0,
2026-10-06,前橋,3,032220261006,1791289800,1791289500,2,3,015617,添田龍児,逃,85.4,,,,,0.2611755254960577,0.23907118701708066,0.19250378650266586,0.17236578068225936,position_specialists,0.23907118701708066,False,,,A,0.259,0.518,0.19,0.17,0.16504930630064038,0.1337343974161677,0.05082539104281768,0.08241418467904857,0.001106244197171775,,0,,,0,
2026-10-06,前橋,3,032220261006,1791289800,1791289500,3,4,014988,伊早坂駿一,逃,82.64,,,,,0.10178981840983431,0.07608436770787387,0.1606049852715436,0.13931797073220686,position_specialists,0.07608436770787387,False,,,A,0.284,0.392,0.08,0.07,-0.007820291320978265,0.22799257932526318,0.03928154587330164,0.15832198635711964,0.0026549860732122585,,0,,,0,
2026-10-06,前橋,3,032220261006,1791289800,1791289500,4,2,013014,江連和洋,追,86.0,,,,,0.09506629435041353,0.061370137696033264,0.17389823605683818,0.15514729616750916,position_specialists,0.061370137696033264,False,,,A,0.25,0.437,0.18,0.22,0.03539710808442639,0.20042578689851745,-0.019599286972431105,-0.08458297901270775,0.002876234912646614,,0,,,0,
2026-10-06,前橋,3,032220261006,1791289800,1791289500,5,6,014282,石川恭規,追,81.0,,,,,0.025877306396064188,0.006419901585640494,0.0861730869784202,0.09892823876303392,position_specialists,0.006419901585640494,False,,,A,0.166,0.25,0.05,0.05,-0.24983772799124443,-0.18759621564993656,-0.011709789026394982,-0.08458297901270775,0.0013274930366061293,,0,,,0,
2026-10-06,前橋,3,032220261006,1791289800,1791289500,6,5,013106,赤井学,追,82.46,,,,,0.016882795726250916,0.005008776549884834,0.08275422250256068,0.265221622263071,position_specialists,0.005008776549884834,False,,,A,0.187,0.375,0.05,0.23,-0.12306668973539059,-0.13975646254940585,-0.06328192742516789,-0.08458297901270775,0.0019912395549091942,,0,,,0,
2026-10-06,前橋,3,032220261006,1791289800,1791289500,7,7,013761,新井剛央,追,80.38,,,,,0.011354130388930265,0.0026849460113655566,0.05003421859210852,0.08053302486412281,position_specialists,0.0026849460113655566,False,,,A,0.047,0.095,0.0,0.0,-0.04239421084530187,-0.18759621564993656,-0.15064720833064146,-0.08458297901270775,0.0013274930366061293,,0,,,0,
2026-10-06,大垣,4,044420261006,1791290400,1791290100,1,1,015965,篠原輝利,逃,79.88,,,,,0.9300172361876284,0.9422943806331329,0.5314973057078703,0.3748940568780109,position_specialists,0.9422943806331329,False,,0.8958439499840912,S,0.722,0.833,0.06,0.12,0.26703678019199656,0.3678478030927274,0.17148141757333873,0.0,0.004789472254962374,,0,,,0,
2026-10-06,大垣,4,044420261006,1791290400,1791290100,2,2,014389,村本慎吾,追,76.33,,,,,0.046066581172023544,0.04645043064904165,0.23036571543259843,0.10322358291757971,position_specialists,0.04645043064904165,False,,,S,0.368,0.684,0.3,0.23,0.13176156917368254,0.04897092599886467,0.14592407872186913,0.0,0.0007035382973391058,,0,,,0,
2026-10-06,大垣,4,044420261006,1791290400,1791290100,3,3,014202,島田茂希,逃,70.45,,,,,0.008249837236017502,0.005000645668995694,0.08412049557578953,0.06448979305420253,position_specialists,0.005000645668995694,False,,,S,0.416,0.4579999999999999,0.18,0.18,0.04567734398020998,-0.011736077283925467,0.010593933259935254,0.0,0.00041941706187523627,,0,,,0,
2026-10-06,大垣,4,044420261006,1791290400,1791290100,4,4,014429,千澤大輔,追,68.28,,,,,0.009273341455849269,0.0037655999071194387,0.04636667615044397,0.061206277757457114,position_specialists,0.0037655999071194387,False,,,S,0.142,0.238,0.04,0.02,-0.224873078056418,0.08757267654564294,-0.06859256702933551,0.0,4.058874792341017e-05,,0,,,0,
2026-10-06,大垣,4,044420261006,1791290400,1791290100,5,5,013027,戸ノ下太郎,追,68.2,,,,,0.0031920726781030665,0.0012831203436916299,0.05936121678670035,0.3075669558931937,position_specialists,0.0012831203436916299,False,,,S,0.12,0.28,0.07,0.21,-0.07730012058189364,-0.06633940354193958,-0.06859256702933551,0.0,0.0012717807682668452,,0,,,0,
2026-10-06,大垣,4,044420261006,1791290400,1791290100,6,6,013525,亀井道佳,追,67.82,,,,,0.0019270998981284339,0.000764880779856218,0.028514742278583933,0.04241155277147001,position_specialists,0.000764880779856218,False,,,S,0.13,0.217,0.07,0.42,-0.06500237412568322,-0.079206653724199,-0.06859256702933551,0.0,0.0011770736897788886,,0,,,0,
2026-10-06,大垣,4,044420261006,1791290400,1791290100,7,7,011364,遠澤健二,追,66.54,,,,,0.0012738313722496608,0.0004409420181626519,0.01977384806801351,0.04620778072808598,position_specialists,0.0004409420181626519,False,,,S,0.083,0.125,0.0,0.3,-0.07730012058189364,-0.079206653724199,-0.12222172846713666,0.0,0.0011770736897788886,,0,,,0,
2026-10-06,前橋,4,042220261006,1791291000,1791290700,1,1,014164,田中孝彦,追,87.83,,,,,0.3815845805418181,0.47348581032780646,0.22027363600725877,0.11063365541105163,position_specialists,0.47348581032780646,False,,0.2157977756268984,A,0.29,0.583,0.15,0.21,0.2766027354726317,0.2251238432204423,0.09912112381263077,-0.021407828990149712,0.0023354192914618707,,0,,,0,
2026-10-06,前橋,4,042220261006,1791291000,1791290700,2,2,014818,田口裕一,追,87.82,,,,,0.2390431228681551,0.25768803470090806,0.16982264122109708,0.0830898211400828,position_specialists,0.25768803470090806,False,,,A,0.29,0.5,0.2,0.2,0.08077779000528183,0.11368866452574741,0.09912112381263077,0.143432454234003,0.0001262388806195603,,0,,,0,
2026-10-06,前橋,4,042220261006,1791291000,1791290700,3,4,015895,鈴木小次廊,逃,84.09,,,,,0.18714269209232742,0.16563004126526346,0.24323565460264804,0.2044313880546122,position_specialists,0.16563004126526346,False,,,A,0.284,0.476,0.31,0.14,0.12239059091709364,0.23300167946725903,0.10585639907543512,-0.09633523045567367,0.0005680749627880223,,0,,,0,
2026-10-06,前橋,4,042220261006,1791291000,1791290700,4,3,015107,田頭寛之,両,85.14,,,,,0.14516736631439917,0.08839669602358566,0.16225319907704863,0.20019644152443894,position_specialists,0.08839669602358566,False,,,A,0.19,0.285,0.15,0.15,-0.14197308546382875,0.0658489114252167,-0.019888440603504982,0.143432454234003,0.0018935832092934093,,0,,,0,
2026-10-06,前橋,4,042220261006,1791291000,1791290700,5,5,014056,橋本紀彰,追,83.41,,,,,0.02196524380974679,0.00785009151432877,0.07925571269195071,0.16163401603729594,position_specialists,0.00785009151432877,False,,,A,0.166,0.3329999999999999,0.09,0.32,-0.097912472733675,-0.16658939658427918,-0.02550178565917295,-0.09633523045567367,0.0029666136945596753,,0,,,0,
2026-10-06,前橋,4,042220261006,1791291000,1791290700,6,7,012717,伊藤一貴,追,79.5,,,,,0.013883485902793754,0.004061167272936739,0.06084309505279941,0.07808479181281672,position_specialists,0.004061167272936739,False,,,A,0.0409999999999999,0.125,0.0,0.0,-0.14197308546382875,-0.06584891142521672,-0.15012469513097668,0.023548611889164666,0.0010099110449564843,,0,,,0,
2026-10-06,前橋,4,042220261006,1791291000,1791290700,7,6,013036,深澤伸介,追,79.61,,,,,0.01121350847075964,0.0028881588951708797,0.06431606134719736,0.16192988601970182,position_specialists,0.0028881588951708797,False,,,A,0.095,0.285,0.1,0.21,-0.097912472733675,-0.18516192636672837,-0.1085837253070421,-0.09633523045567367,0.0029666136945596753,,0,,,0,
2026-10-06,大垣,5,054420261006,1791291600,1791291300,1,1,015594,金田涼馬,逃,89.83,,,,,0.47580977575242234,0.554047516754237,0.1483747384266933,0.08189555488594714,position_specialists,0.554047516754237,False,,0.3653658586566016,A,0.5,0.6659999999999999,0.22,0.1,0.16847704760867055,0.13493744754725995,0.055356768842729276,-0.01850402192651769,0.002056518488291055,,0,,,0,
2026-10-06,大垣,5,054420261006,1791291600,1791291300,2,3,014024,櫻井丈,追,86.66,,,,,0.19674751957002157,0.18868165809763543,0.342314983683386,0.24717661113324516,position_specialists,0.18868165809763543,False,,,A,0.3329999999999999,0.5,0.2,0.2,0.08760806475650869,0.11811327283834801,0.15519740261381126,-0.05423592633634497,0.000201619459636378,,0,,,0,
2026-10-06,大垣,5,054420261006,1791291600,1791291300,3,4,014674,丹波孝佑,逃,86.29,,,,,0.1421031033397266,0.16334534784756422,0.1332607887152618,0.13928357884515832,position_specialists,0.16334534784756422,False,,,A,0.375,0.5,0.17,0.09,0.06739081904346818,0.19960137535670264,0.031178102548729367,0.24055228504473003,0.001774251244800126,,0,,,0,
2026-10-06,大垣,5,054420261006,1791291600,1791291300,4,5,013828,引地正人,逃,83.93,,,,,0.06461957485841563,0.040293727967303,0.09191710851220951,0.10244040761007105,position_specialists,0.040293727967303,False,,,A,0.266,0.4,0.11,0.14,0.047173573330427696,0.18343539340434198,-0.07408538594585859,-0.0051045577728324664,0.002338785731781984,,0,,,0,
2026-10-06,大垣,5,054420261006,1791291600,1791291300,5,2,014098,菊谷信一,追,88.18,,,,,0.08371865669379706,0.03683185434166448,0.1769864277930946,0.20950132368860053,position_specialists,0.03683185434166448,False,,,A,0.25,0.25,0.13,0.05,-0.3032586856956071,-0.07587851058998006,-0.02572805335785877,-0.05423592633634497,0.0007661539466182364,,0,,,0,
2026-10-06,大垣,5,054420261006,1791291600,1791291300,6,6,014220,山崎悟,追,83.23,,,,,0.029908943309309887,0.014784168838674065,0.07360872116548947,0.10210116465312208,position_specialists,0.014784168838674065,False,,,A,0.19,0.238,0.19,0.07,0.06739081904346818,-0.04354654668525868,-0.02572805335785877,-0.05423592633634497,0.0018952229205819527,,0,,,0,
2026-10-06,大垣,5,054420261006,1791291600,1791291300,7,7,013112,佐藤明,追,82.0,,,,,0.007092426476306954,0.002015726152921758,0.033537231703865376,0.11760135918385567,position_specialists,0.002015726152921758,False,,,A,0.09,0.2269999999999999,0.06,0.28,-0.13478163808693655,-0.1817841601676989,-0.11619078134369376,-0.05423592633634497,0.0033065591380365984,,0,,,0,
2026-10-06,前橋,5,052220261006,1791292200,1791291900,1,1,013827,佐藤雅彦,追,89.52,,,,,0.49427863821395907,0.6678895179177908,0.12275206981358566,0.1211943331768646,position_specialists,0.6678895179177908,False,,0.4991931330067514,S,0.428,0.7609999999999999,0.26,0.17,0.22577813738030686,0.14109123624563935,0.10970384300304523,0.2449489742783178,0.0007909810627737343,,0,,,0,
2026-10-06,前橋,5,052220261006,1791292200,1791291900,2,2,015780,小田恭介,逃,85.6,,,,,0.24829342363562049,0.16869638491103944,0.1994843669459854,0.11934769690519652,position_specialists,0.16869638491103944,False,,,S,0.3329999999999999,0.3329999999999999,0.14,0.11,-0.040770839118079084,0.23227715052773365,0.051034532466013874,-0.040824829046386304,0.0038273277230987156,,0,,,0,
2026-10-06,前橋,5,052220261006,1791292200,1791291900,3,3,014813,新井僚太郎,両,85.5,,,,,0.13440029422849664,0.12452396323683292,0.24206203095748832,0.17180878489250778,position_specialists,0.12452396323683292,False,,,S,0.461,0.5760000000000001,0.23,0.1,0.22577813738030686,-0.028395975814688234,0.23778809447705934,-0.040824829046386304,0.0002806706996939059,,0,,,0,
2026-10-06,前橋,5,052220261006,1791292200,1791291900,4,5,014062,齋藤昌弘,追,80.77,,,,,0.06150442181005431,0.016613848360011726,0.27263028948638934,0.26132733465022906,position_specialists,0.016613848360011726,False,,,S,0.0,0.272,0.25,0.21,-0.18616118993538042,-0.03269084798264191,-0.13339540143646103,-0.040824829046386304,0.0020667569704733066,,0,,,0,
2026-10-06,前橋,5,052220261006,1791292200,1791291900,5,4,012875,中曽直彦,追,80.92,,,,,0.03124893167518298,0.01188612942870397,0.06729448669555267,0.11091862086008673,position_specialists,0.01188612942870397,False,,,S,0.2,0.3329999999999999,0.07,0.21,-0.04615566692612727,0.036821985708670596,-0.052362319956625616,-0.040824829046386304,0.0015309310892394864,,0,,,0,
2026-10-06,前橋,5,052220261006,1791292200,1791291900,6,7,013629,福森慎太郎,逃,78.39,,,,,0.022605493213049953,0.008566206173139388,0.041863301800697326,0.08716668107508659,position_specialists,0.008566206173139388,False,,,S,0.086,0.26,0.13,0.17,-0.0650025642542959,0.1975207336820774,-0.07937334711657076,-0.040824829046386304,0.0013268069440075542,,0,,,0,
2026-10-06,前橋,5,052220261006,1791292200,1791291900,7,6,013171,岩橋則明,追,80.26,,,,,0.0076687972236365925,0.0018239499724818484,0.053913454300301304,0.12823654844002874,position_specialists,0.0018239499724818484,False,,,S,0.0,0.3329999999999999,0.0,0.38,-0.11346601452672975,-0.21174601066307566,-0.13339540143646103,-0.040824829046386304,0.0020667569704733066,,0,,,0,
2026-10-06,大垣,6,064420261006,1791292800,1791292500,1,1,015339,土田武志,逃,88.54,,,,,0.551493265964768,0.7935370102815242,0.225946422126205,0.12989747557754724,position_specialists,0.7935370102815242,False,,0.7014930114049143,S,0.521,0.565,0.22,0.1,0.3029892841576379,0.11907087365719493,0.25015729892646843,0.2449489742783178,0.0005617622936141535,,0,,,0,
2026-10-06,大垣,6,064420261006,1791292800,1791292500,2,2,015828,秋末蓮,逃,86.71,,,,,0.14844145485980476,0.09204399887661001,0.14763993837150183,0.12026562663142848,position_specialists,0.09204399887661001,False,,,S,0.38,0.5710000000000001,0.2,0.14,0.055829698774066724,0.2998049172509479,-0.004343672593630346,-0.040824829046386304,0.00449409834891323,,0,,,0,
2026-10-06,大垣,6,064420261006,1791292800,1791292500,3,3,013550,安部達也,追,86.62,,,,,0.2024923434163305,0.07979634912070264,0.3395870113552251,0.2815398538990893,position_specialists,0.07979634912070264,False,,,S,0.294,0.411,0.25,0.16,-0.08781860726082936,0.04265597178702044,-0.013894049884338473,-0.040824829046386304,0.000853878686293514,,0,,,0,
2026-10-06,大垣,6,064420261006,1791292800,1791292500,4,5,014091,伊原弘幸,追,83.7,,,,,0.04590723583134488,0.021245566042129075,0.0971417862794078,0.08461909371945131,position_specialists,0.021245566042129075,False,,,S,0.25,0.416,0.09,0.19,0.03681742297533046,0.15561474903311606,0.027290338494680176,-0.040824829046386304,0.0017976393395652923,,0,,,0,
2026-10-06,大垣,6,064420261006,1791292800,1791292500,5,4,013547,土屋宏,追,83.79,,,,,0.025047668434970322,0.007665331153115482,0.09810827512991746,0.26559484465837124,position_specialists,0.007665331153115482,False,,,S,0.166,0.375,0.05,0.3,0.017805147176594198,-0.11641463145510246,-0.05507843826335712,-0.040824829046386304,0.0005392918018695878,,0,,,0,
2026-10-06,大垣,6,064420261006,1791292800,1791292500,6,6,013952,東鉄也,両,80.73,,,,,0.02369345535519168,0.005213159069371787,0.06157599060553408,0.06014811387211463,position_specialists,0.005213159069371787,False,,,S,0.217,0.26,0.0,0.0,-0.17231761081076827,-0.16425438455563318,-0.025499873279409547,-0.040824829046386304,6.741147523369861e-05,,0,,,0,
2026-10-06,大垣,6,064420261006,1791292800,1791292500,7,7,013453,阿部宏之,追,79.19,,,,,0.0029245761375898587,0.0004985854565467719,0.030000576132208797,0.05793499164199781,position_specialists,0.0004985854565467719,False,,,S,0.047,0.095,0.09,0.0,-0.15330533501203208,-0.11641463145510246,-0.17863160340041306,-0.040824829046386304,0.0017976393395652923,,0,,,0,
2026-10-06,前橋,6,062220261006,1791293400,1791293100,1,2,015803,西村剛,逃,89.9,,,,,0.6477103739017113,0.8086714272004224,0.29122567847814745,0.15798950190596578,position_specialists,0.8086714272004224,False,,0.6627546960594917,S,0.57,0.619,0.18,0.09,0.09001392351594964,0.28664199547345665,0.14900974172275522,0.2449489742783178,0.003388737862950964,,0,,,0,
2026-10-06,前橋,6,062220261006,1791293400,1791293100,2,1,013538,小林圭介,追,90.16,,,,,0.25977893466338114,0.14591673114093076,0.29620823839040106,0.14629349320999385,position_specialists,0.14591673114093076,False,,,S,0.166,0.3329999999999999,0.14,0.2,0.12075038520432269,0.1955919789361437,-0.11756328521069057,-0.04082482904638629,0.0013178425022587082,,0,,,0,
2026-10-06,前橋,6,062220261006,1791293400,1791293100,3,3,014347,外崎一成,追,86.0,,,,,0.041921928872183545,0.02422438041216449,0.1491151756053135,0.13362406334408145,position_specialists,0.02422438041216449,False,,,S,0.2769999999999999,0.3879999999999999,0.1,0.16,0.07464569267176313,0.11843099580400832,0.06622660407665656,-0.04082482904638629,0.00018826321460838706,,0,,,0,
2026-10-06,前橋,6,062220261006,1791293400,1791293100,4,5,015414,大森光明,両,83.55,,,,,0.030498951769999217,0.012473883647529818,0.09566095306534879,0.11812687223741698,position_specialists,0.012473883647529818,False,,,S,0.2769999999999999,0.444,0.14,0.17,-0.048300154081729,0.03972684945062348,0.01800118000542605,-0.04082482904638629,0.001506105716867095,,0,,,0,
2026-10-06,前橋,6,062220261006,1791293400,1791293100,5,4,014587,鈴木謙二,追,84.08,,,,,0.016354167296251908,0.007808215386615332,0.11615663352385242,0.3162525510759263,position_specialists,0.007808215386615332,False,,,S,0.25,0.291,0.0,0.1,0.10538215436013616,-0.12416306743375337,0.11945232982723387,-0.04082482904638629,0.0015061057168670954,,0,,,0,
2026-10-06,前橋,6,062220261006,1791293400,1791293100,6,6,014083,成清謙二郎,追,80.41,,,,,0.0025965298558943404,0.0007318617720813594,0.030452754187309646,0.08145786781132618,position_specialists,0.0007318617720813594,False,,,S,0.083,0.25,0.03,0.19,-0.0021954615491693572,-0.12416306743375337,-0.0716158128888538,-0.04082482904638629,0.002259158575300643,,0,,,0,
2026-10-06,前橋,6,062220261006,1791293400,1791293100,7,7,011372,黒瀬浩一,追,76.28,,,,,0.0011391136405786066,0.00017350044025581926,0.021180566749627098,0.04625565041528944,position_specialists,0.00017350044025581926,False,,,S,0.0,0.047,0.02,0.04,-0.34029654012127264,-0.12416306743375337,-0.1635107575325274,-0.04082482904638629,0.002259158575300643,,0,,,0,
2026-10-06,大垣,7,074420261006,1791294000,1791293700,1,3,015447,小浦凪,両,84.52,,,,,0.4366311555783107,0.5209313873690474,0.35758868904826113,0.2481852191171418,position_specialists,0.5209313873690474,False,,0.21551351719723671,A,0.272,0.318,0.05,0.11,0.17299497949661558,0.2712523344622833,0.15360264973396243,0.13194558937007658,0.0006336348762234077,,0,,,0,
2026-10-06,大垣,7,074420261006,1791294000,1791293700,2,1,015811,水谷亮太,逃,87.52,,,,,0.2847616351349445,0.3054178701718107,0.15389394214122754,0.06201559306572242,position_specialists,0.3054178701718107,False,,,A,0.428,0.523,0.29,0.15,0.26325322966876286,0.1440167887495173,0.1185151417277856,-0.08537655782769663,0.0032545791369656837,,0,,,0,
2026-10-06,大垣,7,074420261006,1791294000,1791293700,3,2,015234,八嶋稔真,逃,84.66,,,,,0.17632922149103797,0.13866358536775417,0.19031444175076034,0.2243631017030367,position_specialists,0.13866358536775417,False,,,A,0.428,0.428,0.11,0.09,-0.06769368762911064,0.19694731715767416,0.07046412172237669,0.13194558937007658,0.0024481347490449834,,0,,,0,
2026-10-06,大垣,7,074420261006,1791294000,1791293700,4,4,013417,梅原大治,追,83.55,,,,,0.03971691441218087,0.016193504268034432,0.10863600533346693,0.11466867732186617,position_specialists,0.016193504268034432,False,,,A,0.166,0.3879999999999999,0.1,0.13,-0.030086083390715862,-0.006632939680540247,-0.04485832629060475,-0.08537655782769663,0.001584087190558518,,0,,,0,
2026-10-06,大垣,7,074420261006,1791294000,1791293700,5,5,013196,竹田和幸,追,83.29,,,,,0.024433887413100683,0.008366818774665307,0.09779666302920499,0.22123929252778193,position_specialists,0.008366818774665307,False,,,A,0.125,0.3329999999999999,0.18,0.13,-0.05265064593375261,-0.14343643601341244,-0.04485832629060475,-0.08537655782769663,0.001987309384518868,,0,,,0,
2026-10-06,大垣,7,074420261006,1791294000,1791293700,6,7,014366,阿久津浩之,逃,78.75,,,,,0.02184275648676459,0.006549522909488612,0.04339668129594722,0.06402444492427692,position_specialists,0.006549522909488612,False,,,A,0.093,0.125,0.11,0.06,-0.21060258373501045,-0.04124006067903173,-0.04798677429207049,0.07761505257063328,0.0007776428026378179,,0,,,0,
2026-10-06,大垣,7,074420261006,1791294000,1791293700,7,6,014362,岩崎大和,追,80.66,,,,,0.01628442948366061,0.003877311139199299,0.04837357740113184,0.065503671340174,position_specialists,0.003877311139199299,False,,,A,0.0409999999999999,0.291,0.22,0.16,-0.07521520847678956,-0.08602873229277556,-0.2048784863108448,-0.08537655782769663,0.001987309384518868,,0,,,0,
2026-10-06,前橋,7,072220261006,1791294600,1791294300,1,1,015700,吉田晏生,逃,90.95,,,,,0.5950653878951884,0.758105097201015,0.16271036794382612,0.1617185130956377,position_specialists,0.758105097201015,False,,0.6311944946196784,S,0.583,0.75,0.2,0.13,0.18193037384446156,0.21003705319988616,0.19055105642329861,0.019770226224161584,0.00390703076428635,,0,,,0,
2026-10-06,前橋,7,072220261006,1791294600,1791294300,2,2,014225,伊藤亮,追,89.28,,,,,0.1693211269853693,0.1269106025813367,0.2266550683162099,0.13077011806839298,position_specialists,0.1269106025813367,False,,,S,0.434,0.434,0.14,0.12,0.16474976518461357,0.06842420788594313,0.09216944431909795,-0.09677005467615925,0.000572582094766103,,0,,,0,
2026-10-06,前橋,7,072220261006,1791294600,1791294300,3,4,013416,飯尾主税,追,84.7,,,,,0.09274957683705375,0.06282584113841362,0.16311429300434513,0.19880610006403426,position_specialists,0.06282584113841362,False,,,S,0.25,0.416,0.21,0.13,0.0659612653904877,0.23893154645896958,-0.05332282351668774,0.14359427468075245,0.0010778015901479583,,0,,,0,
2026-10-06,前橋,7,072220261006,1791294600,1791294300,4,3,013826,田原大広,追,85.0,,,,,0.07867474386177216,0.03126259392915629,0.15877524939449994,0.15204514741827266,position_specialists,0.03126259392915629,False,,,S,0.284,0.428,0.14,0.12,-0.011351473578828172,-0.00735683147984642,-0.043697489297891516,-0.09677005467615925,0.00033681299692123716,,0,,,0,
2026-10-06,前橋,7,072220261006,1791294600,1791294300,5,6,015705,鳥海創,逃,81.0,,,,,0.028661442794995107,0.010220944675346655,0.1142327945217412,0.13275073589903608,position_specialists,0.010220944675346655,False,,,S,0.28,0.32,0.14,0.05,-0.22396150574444698,0.001639194943965016,-0.054435078070530135,0.14359427468075245,0.0031660421710596283,,0,,,0,
2026-10-06,前橋,7,072220261006,1791294600,1791294300,6,7,015515,平山優太,両,80.19,,,,,0.022135782165868662,0.006574805852724527,0.07700793553763803,0.10413085255014896,position_specialists,0.006574805852724527,False,,,S,0.192,0.2689999999999999,0.1,0.13,-0.20463332100211792,0.07742023430975456,-0.04156921938165307,-0.09677005467615925,0.001044120290455835,,0,,,0,
2026-10-06,前橋,7,072220261006,1791294600,1791294300,7,5,014383,河野要,追,83.56,,,,,0.01339193945975259,0.004100114622007056,0.09750429128173965,0.11977853290447742,position_specialists,0.004100114622007056,False,,,S,0.217,0.391,0.06,0.24,0.027304895905829723,-0.25421713361495707,-0.08969589047563417,-0.016648611557188674,0.00013472519876849513,,0,,,0,
2026-10-06,大垣,8,084420261006,1791295200,1791294900,1,1,015875,邊見竜馬,逃,95.04,,,,,0.9292324879735235,0.9597921300515765,0.4052402388247189,0.40147068069209196,position_specialists,0.9597921300515765,False,,0.9396564487420064,S,0.809,0.904,0.1,0.05,0.33582505169587124,0.3664354955399319,0.09447977090425559,0.22308942421614628,0.004755587648575144,,0,,,0,
2026-10-06,大垣,8,084420261006,1791295200,1791294900,2,2,013382,成田直喜,追,87.91,,,,,0.03083730037995324,0.02013568130957006,0.3163380763686168,0.21083130727961585,position_specialists,0.02013568130957006,False,,,S,0.3329999999999999,0.4579999999999999,0.21,0.14,-0.08209056819232419,0.06786155756548634,0.11235349255510405,-0.0783827706705379,0.0003922134143154759,,0,,,0,
2026-10-06,大垣,8,084420261006,1791295200,1791294900,3,4,013285,吉川悟,追,83.66,,,,,0.013999183654473401,0.008420727440733787,0.07339720273252741,0.10155164477157547,position_specialists,0.008420727440733787,False,,,S,0.237,0.3329999999999999,0.23,0.15,0.039801487608399494,0.06786155756548634,0.003954558301263608,0.021103053642067895,0.0002549387193050592,,0,,,0,
2026-10-06,大垣,8,084420261006,1791295200,1791294900,4,5,015455,枠元一葵,逃,82.14,,,,,0.011184050574112767,0.005498044483866402,0.058283442665658866,0.06996466369084077,position_specialists,0.005498044483866402,False,,,S,0.237,0.428,0.11,0.17,0.022388336779724752,-0.028597660949076113,-0.03953455962684752,0.021103053642067895,0.00032357606681026756,,0,,,0,
2026-10-06,大垣,8,084420261006,1791295200,1791294900,5,3,014673,松田大,両,84.7,,,,,0.008223604736151472,0.003921314879987018,0.0896341823490406,0.11007611762358593,position_specialists,0.003921314879987018,False,,,S,0.3329999999999999,0.4579999999999999,0.16,0.12,-0.13433002067834857,-0.040752527302584045,0.07376846785599134,-0.0783827706705379,0.0012844989318831833,,0,,,0,
2026-10-06,大垣,8,084420261006,1791295200,1791294900,6,6,012891,朝日勇,追,81.04,,,,,0.0047431063346624605,0.0017081197692200797,0.03286461428977351,0.0515337588854028,position_specialists,0.0017081197692200797,False,,,S,0.0409999999999999,0.208,0.13,0.15,-0.06467741736364928,0.019242092151454605,-0.1405773540371903,-0.030147219488668414,0.0008726748468519338,,0,,,0,
2026-10-06,大垣,8,084420261006,1791295200,1791294900,7,7,012532,西郷剛,追,80.4,,,,,0.001780266347123156,0.0005239820650461737,0.024242242769663944,0.05457182705688718,position_specialists,0.0005239820650461737,False,,,S,0.09,0.136,0.08,0.24,-0.11691686984967367,-0.11717224286698383,-0.10444437595257683,-0.0783827706705379,0.0016276856694092245,,0,,,0,
2026-10-06,前橋,8,082220261006,1791295800,1791295500,1,2,015882,木村優駿,逃,88.07,,,,,0.5664381277229122,0.7783212952719059,0.2395598743445397,0.19344416086296767,position_specialists,0.7783212952719059,False,,0.7070413629441608,S,0.518,0.5920000000000001,0.22,0.05,0.17539829847178137,0.36102771348367985,-0.026527926847771832,0.23268406999665006,0.004374697713596736,,0,,,0,
2026-10-06,前橋,8,082220261006,1791295800,1791295500,2,4,014937,田中誇士,両,84.44,,,,,0.11051713312850119,0.07127993232774514,0.11063574888158609,0.11563538156724776,position_specialists,0.07127993232774514,False,,,S,0.3879999999999999,0.611,0.13,0.13,0.15650925094405105,0.03793507023874514,0.01898777576277875,0.00894938730756346,0.0001411192810837658,,0,,,0,
2026-10-06,前橋,8,082220261006,1791295800,1791295500,3,1,012501,金子真也,追,88.83,,,,,0.13524328803080563,0.05552132797083249,0.2704864170118099,0.13251921167569483,position_specialists,0.05552132797083249,False,,,S,0.166,0.166,0.09,0.12,-0.14571550949963386,-0.07115588909397821,-0.12862342397156779,-0.06264571115294425,0.0019756699351727194,,0,,,0,
2026-10-06,前橋,8,082220261006,1791295800,1791295500,4,3,013859,荒木伸哉,追,86.59,,,,,0.06331386031009191,0.04085297909916282,0.12170032866920508,0.10855727887854487,position_specialists,0.04085297909916282,False,,,S,0.26,0.608,0.19,0.13,0.11873115588859048,0.011925076311862182,0.027062695958666505,-0.06264571115294425,0.0011289542486701254,,0,,,0,
2026-10-06,前橋,8,082220261006,1791295800,1791295500,5,6,013908,菅田和宏,逃,83.36,,,,,0.05083151200597052,0.023569323536519946,0.10820031319321922,0.10188800022976084,position_specialists,0.023569323536519946,False,,,S,0.28,0.4,0.15,0.11,0.043174965777669196,-0.017452240031815114,0.0006306523046673909,-0.06264571115294425,0.0002822385621675316,,0,,,0,
2026-10-06,前橋,8,082220261006,1791295800,1791295500,6,5,013615,山口貴弘,追,83.54,,,,,0.04096273614601794,0.018261745967991468,0.08380420009655676,0.2642400618044758,position_specialists,0.018261745967991468,False,,,S,0.3329999999999999,0.3329999999999999,0.07,0.15,-0.22127169961055496,0.009904682861785568,0.08140753083456048,0.00894938730756346,0.0008467156865025939,,0,,,0,
2026-10-06,前橋,8,082220261006,1791295800,1791295500,7,7,013983,大崎智久,追,81.85,,,,,0.03269334265570048,0.012193395825842194,0.06561311780308327,0.0837159049813083,position_specialists,0.012193395825842194,False,,,S,0.284,0.3329999999999999,0.17,0.04,-0.12682646197190345,0.0026938579334354652,0.027062695958666505,-0.06264571115294425,0.001693431373005188,,0,,,0,
2026-10-06,大垣,9,094420261006,1791296400,1791296100,1,2,015536,疋田力也,両,94.22,,,,,0.23108273704389395,0.32826994963579575,0.22890654515930306,0.16740361596944958,position_specialists,0.32826994963579575,False,,0.08659987898856833,B,0.555,0.6659999999999999,0.09,0.08,0.11153307288332413,-0.09610464734603563,0.06535036404778043,0.2389654190236088,0.00254198930438075,,0,,,0,
2026-10-06,大垣,9,094420261006,1791296400,1791296100,2,1,013901,山田敦也,追,95.28,,,,,0.19457196793749482,0.24167007064722743,0.16557266016877661,0.1258229972699845,position_specialists,0.24167007064722743,False,,,B,0.57,0.809,0.2,0.15,0.16774574161651937,-0.04826489424550492,0.05419351865724979,-0.050439067683183875,0.0003851498946031441,,0,,,0,
2026-10-06,大垣,9,094420261006,1791296400,1791296100,3,3,015712,松本京太,逃,92.8,,,,,0.173736718535736,0.160038769510977,0.1332106276623025,0.16028204203422727,position_specialists,0.160038769510977,False,,,B,0.3329999999999999,0.6,0.13,0.09,-0.14142393641605489,0.24576211134962986,-0.004321828248236528,-0.050439067683183875,0.004198133851174269,,0,,,0,
2026-10-06,大垣,9,094420261006,1791296400,1791296100,4,4,014991,中島将尊,追,92.73,,,,,0.24080599399230357,0.13866439380162715,0.17270519801682505,0.24261201604920246,position_specialists,0.13866439380162715,False,,,B,0.25,0.437,0.1,0.03,-0.16328441870118632,0.0656906919863836,-0.15308706256288065,-0.050439067683183875,0.0003851498946031441,,0,,,0,
2026-10-06,大垣,9,094420261006,1791296400,1791296100,5,5,015434,片桐善也,逃,92.14,,,,,0.08019828882777388,0.07427773839164128,0.10252082086000211,0.12121711088437291,position_specialists,0.07427773839164128,False,,,B,0.428,0.476,0.1,0.08,-0.11331760204945719,0.22676951364431513,0.012043004146055516,0.013229919392310522,0.0010976771996189603,,0,,,0,
2026-10-06,大垣,9,094420261006,1791296400,1791296100,6,7,014444,星野辰也,追,90.2,,,,,0.03982535227543962,0.03495060830605198,0.0741931178799264,0.07108731555734552,position_specialists,0.03495060830605198,False,,,B,0.5,0.75,0.15,0.05,0.22395841034971473,0.02727558597106146,0.05419351865724979,-0.050439067683183875,0.0005199523577142446,,0,,,0,
2026-10-06,大垣,9,094420261006,1791296400,1791296100,7,6,014819,太刀川一成,追,91.22,,,,,0.0397789413873581,0.02212846970667933,0.12289103025286431,0.11157490223541773,position_specialists,0.02212846970667933,False,,,B,0.3329999999999999,0.555,0.16,0.11,-0.08521126768285951,-0.08625008965613444,-0.028371514697218284,-0.050439067683183875,0.001463569599491947,,0,,,0,
2026-10-06,前橋,9,092220261006,1791297000,1791296700,1,1,015162,蕗澤鴻太郎,逃,94.94,,,,,0.2965571341534526,0.41704598607943416,0.18219909929879924,0.14988673245416353,position_specialists,0.41704598607943416,False,,0.1719631305448168,B,0.722,0.777,0.18,0.1,0.2763389386702205,0.011654088089999681,0.11912758483646846,-0.0917808224870097,0.0006,,0,,,0,
2026-10-06,前橋,9,092220261006,1791297000,1791296700,2,4,014136,金澤竜二,両,93.23,,,,,0.2954062215043271,0.24508285553461737,0.22174734929679618,0.18935109924524957,position_specialists,0.24508285553461737,False,,,B,0.475,0.619,0.04,0.04,-0.05623739804516776,0.16179242381244333,0.05109351539668355,-0.0917808224870097,0.0006,,0,,,0,
2026-10-06,前橋,9,092220261006,1791297000,1791296700,3,7,015423,上川直紀,両,91.45,,,,,0.16836919820505344,0.1683264814830829,0.15032483326520427,0.17455298047842618,position_specialists,0.1683264814830829,False,,,B,0.375,0.583,0.16,0.0,0.06593350115640353,0.24704124266403746,-0.0055573321848100335,0.16938411954919674,0.0019999999999999996,,0,,,0,
2026-10-06,前橋,9,092220261006,1791297000,1791296700,4,5,015691,岡部伶音,逃,92.8,,,,,0.1004014867308543,0.08581787171008419,0.0848557774951147,0.12886279147580187,position_specialists,0.08581787171008419,False,,,B,0.3329999999999999,0.6659999999999999,0.19,0.23,-0.11732284764595327,0.19920148956350672,-0.010251325471422226,0.08058803925688657,0.0,,0,,,0,
2026-10-06,前橋,9,092220261006,1791297000,1791296700,5,3,014082,高橋雅之,追,93.57,,,,,0.04740029846026466,0.03984653838121032,0.11718812310118251,0.12433921757736603,position_specialists,0.03984653838121032,False,,,B,0.523,0.6659999999999999,0.23,0.17,0.03539077635601071,0.025394313649892714,0.04472721496715157,-0.05521773060194079,0.0009999999999999998,,0,,,0,
2026-10-06,前橋,9,092220261006,1791297000,1791296700,6,2,013747,伊藤大志,追,94.66,,,,,0.035412402180518304,0.023121508938436917,0.14729020755923303,0.13338021818661464,position_specialists,0.023121508938436917,False,,,B,0.5,0.722,0.12,0.08,0.03539077635601071,-0.23661055531457004,-0.008901946470649597,-0.0917808224870097,0.0028000000000000004,,0,,,0,
2026-10-06,前橋,9,092220261006,1791297000,1791296700,7,6,014378,加賀山淳,逃,91.66,,,,,0.0564532587655295,0.020758757873134047,0.09639460998367015,0.09962696058237816,position_specialists,0.020758757873134047,False,,,B,0.3329999999999999,0.5,0.07,0.11,-0.23949374684752445,-0.07359473076159447,-0.19023771107342166,0.08058803925688657,0.0038,,0,,,0,
