date,venue,race_no,race_id,start_at,close_at,rank_in_race,car_no,player_id,style,score,odds_win,odds_move_pct,odds_move_last_pct,odds_snapshot_count,p_win,top1_top2_margin,nexus_form_adj,nexus_line_adj,nexus_style_adj,nexus_condition_adj,nexus_uncertainty,expected_value_win,stake_yen,win_return_yen,win_profit_yen,loss_amount_yen,expected_profit_yen
2026-10-02,佐世保,1,018520261002,1790897400,1790897100,1,1,015150,両,50.28,,,,,0.46781611856682315,0.28352842674066997,-0.07003502742001788,-0.028703851860318427,0.11178967496752767,0.2449489742783178,0.0008164965809277261,,0,,,0,
2026-10-02,佐世保,1,018520261002,1790897400,1790897100,2,5,015942,両,49.18,,,,,0.18428769182615318,,0.040988763910990066,-0.028703851860318427,0.11178967496752767,-0.040824829046386304,0.0008164965809277261,,0,,,0,
2026-10-02,佐世保,1,018520261002,1790897400,1790897100,3,3,015074,追,49.28,,,,,0.1756462907520664,,0.27154713661792534,-0.028703851860318427,0.1435091396110051,-0.040824829046386304,0.0008164965809277261,,0,,,0,
2026-10-02,佐世保,1,018520261002,1790897400,1790897100,4,4,014907,両,49.08,,,,,0.10393020303547798,,0.21007768792097786,-0.028703851860318427,-0.0470811545216808,-0.040824829046386304,0.0008164965809277261,,0,,,0,
2026-10-02,佐世保,1,018520261002,1790897400,1790897100,5,6,016029,両,46.85,,,,,0.026266403855192466,,0.011956197571500293,-0.028703851860318427,-0.11858670310541566,-0.040824829046386304,0.004898979485566356,,0,,,0,
2026-10-02,佐世保,1,018520261002,1790897400,1790897100,6,7,016041,両,47.11,,,,,0.02514511632272385,,-0.18786745078696124,-0.028703851860318427,-0.08283392881354823,-0.040824829046386304,0.0008164965809277261,,0,,,0,
2026-10-02,佐世保,1,018520261002,1790897400,1790897100,7,2,015860,両,47.0,,,,,0.016908175641563005,,-0.2766673078144148,-0.028703851860318427,-0.11858670310541566,-0.040824829046386304,0.0008164965809277261,,0,,,0,
2026-10-02,佐世保,2,028520261002,1790898600,1790898300,1,1,013650,両,91.83,,,,,0.8111886527622707,0.7109630664616241,0.3246111743080866,0.2035132388454013,0.12367258459882531,0.051198175885930786,0.0001789268475514662,,0,,,0,
2026-10-02,佐世保,2,028520261002,1790898600,1790898300,2,5,015114,逃,87.04,,,,,0.10022558630064664,,-0.2029187910863533,0.1145456456097802,0.033316105032560245,-0.022241830507822392,6.506430820053334e-05,,0,,,0,
2026-10-02,佐世保,2,028520261002,1790898600,1790898300,3,3,015909,逃,83.27,,,,,0.06414494998699158,,0.03561748470294454,0.2719169120134772,0.005023637673122978,0.22451659097518828,0.004619565882237856,,0,,,0,
2026-10-02,佐世保,2,028520261002,1790898600,1790898300,4,2,014876,追,80.73,,,,,0.010345410479202411,,0.08859918815031075,-0.06250104569711609,-0.04837321834193947,-0.04574263255382341,0.0008458360066069315,,0,,,0,
2026-10-02,佐世保,2,028520261002,1790898600,1790898300,5,4,014172,両,81.0,,,,,0.006622846522831147,,-0.07057746698116922,-0.157910790066684,0.04427426000846678,-0.06924343459982443,0.0008458360066069315,,0,,,0,
2026-10-02,佐世保,2,028520261002,1790898600,1790898300,6,7,013654,追,81.15,,,,,0.005913917064202829,,0.08309319507142258,-0.05266333324551642,-0.01141359479073683,-0.06924343459982443,0.0018705988607653292,,0,,,0,
2026-10-02,佐世保,2,028520261002,1790898600,1790898300,7,6,013147,追,78.91,,,,,0.0015586368838546294,,-0.25842478416524123,-0.029862108856157796,-0.146499774180299,-0.06924343459982443,0.0013012861640106636,,0,,,0,
2026-10-02,佐世保,3,038520261002,1790899860,1790899560,1,7,014048,追,86.23,,,,,0.46594846096890563,0.21989893653067968,0.2776361837617855,0.21502552215993456,0.13727152916662394,0.21731440104649213,0.0010279123375000934,,0,,,0,
2026-10-02,佐世保,3,038520261002,1790899860,1790899560,2,1,013824,両,91.44,,,,,0.24604952443822595,,-0.15813974608845632,-0.17389006404204732,0.03396344705196818,0.07522421574686267,0.0017988465906251627,,0,,,0,
2026-10-02,佐世保,3,038520261002,1790899860,1790899560,3,3,015812,逃,85.83,,,,,0.13535479917208146,,0.06858147234932602,0.18513712869632237,0.054295047255658785,-0.05850772335867094,0.0041116493500003735,,0,,,0,
2026-10-02,佐世保,3,038520261002,1790899860,1790899560,4,2,014400,追,88.42,,,,,0.09634939933215428,,0.05750787820056628,0.1791228028860976,-0.01020031630050056,-0.05850772335867094,0.0017988465906251627,,0,,,0,
2026-10-02,佐世保,3,038520261002,1790899860,1790899560,5,5,013479,追,84.88,,,,,0.04452644463314329,,0.04300971858179325,0.1432200836122606,-0.04706827766728169,-0.05850772335867094,0.0017988465906251627,,0,,,0,
2026-10-02,佐世保,3,038520261002,1790899860,1790899560,6,6,015115,逃,78.45,,,,,0.00775694553216703,,-0.30603347161927363,-0.030279186946699455,-0.010589267738843625,-0.05850772335867094,0.0002569780843750232,,0,,,0,
2026-10-02,佐世保,3,038520261002,1790899860,1790899560,7,4,014625,追,82.2,,,,,0.004014425923322373,,0.01743796481426025,-0.18345801466215347,-0.15767216176762508,-0.05850772335867094,0.0005139561687500467,,0,,,0,
2026-10-02,佐世保,4,048520261002,1790901120,1790900820,1,5,015189,追,89.94,,,,,0.37498681260002054,0.06962139138895396,0.20271389080929147,-0.1873952380373015,0.1356798189694952,0.0,0.0008086815104730825,,0,,,0,
2026-10-02,佐世保,4,048520261002,1790901120,1790900820,2,7,013435,追,89.33,,,,,0.3053654212110666,,0.0659430729138659,0.12513916714379356,0.07252172587274243,0.0,0.0009481093571063727,,0,,,0,
2026-10-02,佐世保,4,048520261002,1790901120,1790900820,3,3,015639,逃,88.58,,,,,0.19909127104557425,,0.1514248340985069,0.04895200276987861,0.11943419056357352,0.0,0.0011433083423929788,,0,,,0,
2026-10-02,佐世保,4,048520261002,1790901120,1790900820,4,1,011907,追,85.16,,,,,0.0952658966983436,,0.11541637109341704,0.3519184573308675,-0.022215413772386738,0.0,0.004322263245631994,,0,,,0,
2026-10-02,佐世保,4,048520261002,1790901120,1790900820,5,2,014334,両,82.0,,,,,0.009864801404207398,,-0.1486692093133533,0.04895200276987861,-0.10309426134676895,0.0,0.001338507327679585,,0,,,0,
2026-10-02,佐世保,4,048520261002,1790901120,1790900820,6,4,013892,追,82.26,,,,,0.008912234541338106,,-0.07846804183440702,-0.07329271176989612,-0.08537350686913951,0.0,0.0021193032688260095,,0,,,0,
2026-10-02,佐世保,4,048520261002,1790901120,1790900820,7,6,015180,逃,79.9,,,,,0.006513562499449496,,-0.3083609177673211,0.02060459149649438,-0.11695255341751588,0.0,0.00041828353989987045,,0,,,0,
2026-10-02,佐世保,5,058520261002,1790902380,1790902080,1,1,015208,両,93.33,,,,,0.7011592606302941,0.45602112992277066,0.10851427472835956,0.10269812734249802,0.1880237200850063,0.14359427468075245,0.00042543562981151717,,0,,,0,
2026-10-02,佐世保,5,058520261002,1790902380,1790902080,2,5,015556,両,89.85,,,,,0.2451381307075234,,0.11784548676904763,0.35999446869453766,0.11506066498863071,0.14359427468075245,0.0016166553932837648,,0,,,0,
2026-10-02,佐世保,5,058520261002,1790902380,1790902080,3,2,012474,追,84.47,,,,,0.018575001451420065,,-0.13169188723960007,0.026414103729355428,-0.07116150126536461,-0.016648611557188674,0.0010635890745287924,,0,,,0,
2026-10-02,佐世保,5,058520261002,1790902380,1790902080,4,4,015642,逃,84.2,,,,,0.017040168449341576,,0.017308000588191035,-0.0366824540938038,0.042097609892255125,0.019770226224161584,0.0021059063675670092,,0,,,0,
2026-10-02,佐世保,5,058520261002,1790902380,1790902080,5,3,013863,追,87.68,,,,,0.011076881508122399,,0.03777676611306109,-0.061507209436538444,-0.07116150126536461,-0.09677005467615925,0.0021059063675670092,,0,,,0,
2026-10-02,佐世保,5,058520261002,1790902380,1790902080,6,7,014110,追,83.76,,,,,0.0047242776919479935,,0.032207989370970094,-0.12253442832705255,-0.07737503386133562,-0.09677005467615925,0.0006168816632266996,,0,,,0,
2026-10-02,佐世保,5,058520261002,1790902380,1790902080,7,6,013953,追,80.8,,,,,0.002286279561350487,,-0.18196063033002835,-0.0483197436465551,-0.12548395857382721,-0.09677005467615925,0.003850192449794229,,0,,,0,
2026-10-02,佐世保,6,068520261002,1790903640,1790903340,1,2,015023,両,57.5,,,,,0.3206916044770458,0.041609185540058435,0.1401684790314041,-0.028703851860318427,0.00552363118372777,-0.052213414700319406,0.0015815711699264084,,0,,,0,
2026-10-02,佐世保,6,068520261002,1790903640,1790903340,2,3,015853,両,56.44,,,,,0.2790824189369874,,0.21908203135901244,-0.028703851860318427,0.03519250021294347,-0.016555472953759805,0.0012426630620850354,,0,,,0,
2026-10-02,佐世保,6,068520261002,1790903640,1790903340,3,4,015947,両,56.0,,,,,0.2648705519311688,,0.2079588264868037,-0.028703851860318427,0.00462397625803989,0.2419646047087973,0.003163142339852817,,0,,,0,
2026-10-02,佐世保,6,068520261002,1790903640,1790903340,4,1,015410,両,54.77,,,,,0.0857176377960689,,-0.06320256333479489,-0.028703851860318427,0.13168965050849482,-0.052213414700319406,0.00022593873856091538,,0,,,0,
2026-10-02,佐世保,6,068520261002,1790903640,1790903340,5,7,015315,両,53.1,,,,,0.04041552527237955,,-0.05207935846258617,-0.028703851860318427,0.09482354207377611,-0.016555472953759805,0.0012426630620850352,,0,,,0,
2026-10-02,佐世保,6,068520261002,1790903640,1790903340,6,5,015858,両,50.87,,,,,0.006331346214848041,,-0.11651234370129865,-0.028703851860318427,-0.11315184493313506,-0.052213414700319406,0.0024853261241700704,,0,,,0,
2026-10-02,佐世保,6,068520261002,1790903640,1790903340,7,6,015222,両,49.09,,,,,0.0028909153715015036,,-0.3354150713785407,-0.028703851860318427,-0.1587014553038471,-0.052213414700319406,0.0024853261241700704,,0,,,0,
2026-10-02,佐世保,7,078520261002,1790904900,1790904600,1,4,015927,逃,94.85,,,,,0.6938214355618942,0.6035313535846727,0.2435398177874238,0.27185603417213067,0.018217271980432104,0.2134398477784271,0.001458424591238614,,0,,,0,
2026-10-02,佐世保,7,078520261002,1790904900,1790904600,2,7,013570,両,88.47,,,,,0.09029008197722158,,0.10671912712439924,0.21331670751124357,0.08288917274309264,-0.006925776771571377,0.0018255804323895944,,0,,,0,
2026-10-02,佐世保,7,078520261002,1790904900,1790904600,3,1,014326,追,89.09,,,,,0.08216683522076601,,0.058012849554847604,-0.012738836981769402,-0.09156025663020861,-0.07744277662757088,0.004314081133524013,,0,,,0,
2026-10-02,佐世保,7,078520261002,1790904900,1790904600,4,2,015446,逃,91.62,,,,,0.05547610697200933,,-0.04141097245465243,-0.14036289990336348,-0.10892423117940936,-0.07744277662757088,0.0010402748832611098,,0,,,0,
2026-10-02,佐世保,7,078520261002,1790904900,1790904600,5,3,013054,追,89.8,,,,,0.03926115789609939,,0.15889404659939432,0.09364024277964847,0.03472068017341191,-0.07744277662757088,0.0010402748832611098,,0,,,0,
2026-10-02,佐世保,7,078520261002,1790904900,1790904600,6,5,015005,両,91.61,,,,,0.022793314516646877,,-0.3524492224342262,-0.14993085052346963,0.03472068017341191,0.0679985355754281,0.0010402748832611098,,0,,,0,
2026-10-02,佐世保,7,078520261002,1790904900,1790904600,7,6,015277,逃,87.2,,,,,0.016191067855362517,,-0.17330564617718686,0.05909787464929499,0.029936682739269437,-0.04218427669957113,0.0008261006425897046,,0,,,0,
2026-10-02,大宮,1,012520261002,1790905500,1790905200,1,2,013660,追,84.12,,,,,0.4535207624687477,0.16324278289275607,0.1799835211919725,0.09593433747148625,0.07470670697918141,0.10600557695269418,0.00029224861448609,,0,,,0,
2026-10-02,大宮,1,012520261002,1790905500,1790905200,2,7,015387,逃,84.23,,,,,0.2902779795759916,,-0.1343288734913094,0.04809458437095552,0.15897454080429357,0.0014930362951083719,0.00021918646086456712,,0,,,0,
2026-10-02,大宮,1,012520261002,1790905500,1790905200,3,3,015897,逃,80.29,,,,,0.10752221533534893,,0.022036802967127914,0.3195648395198749,-0.028560721520956525,0.15826184728148704,0.0033608590665900324,,0,,,0,
2026-10-02,大宮,1,012520261002,1790905500,1790905200,4,4,014464,追,83.19,,,,,0.07331534096647806,,0.11199091971153285,-0.05676768104978086,0.07470670697918141,0.0432980525581427,0.0019239700453667575,,0,,,0,
2026-10-02,大宮,1,012520261002,1790905500,1790905200,5,1,014169,追,82.73,,,,,0.05823854703974215,,0.11304494755580466,0.011099882737448967,0.0036584858612294137,-0.10301950436247742,0.0019239700453667575,,0,,,0,
2026-10-02,大宮,1,012520261002,1790905500,1790905200,6,6,015112,逃,75.8,,,,,0.00870841848225434,,-0.3367256361662207,0.08202836626457047,-0.13203560611752307,-0.10301950436247742,0.002337988915888718,,0,,,0,
2026-10-02,大宮,1,012520261002,1790905500,1790905200,7,5,013142,追,80.21,,,,,0.008416736131437312,,0.0439983182310932,-0.1650760576108401,-0.1514501129854061,-0.10301950436247742,0.0019239700453667575,,0,,,0,
2026-10-02,松阪,1,014720261002,1790906280,1790905980,1,1,014942,両,103.04,,,,,0.5815954099478761,0.4089996573358332,0.38748672144373875,0.21703302822180554,0.15175086215095865,-0.023945657130528777,0.0007071067811865476,,0,,,0,
2026-10-02,松阪,1,014720261002,1790906280,1790905980,2,3,015842,逃,98.95,,,,,0.17259575261204285,,-0.008934393784502462,0.355623174835719,0.17017808678073607,0.11254458851348528,0.005656854249492381,,0,,,0,
2026-10-02,松阪,1,014720261002,1790906280,1790905980,3,7,014835,両,101.53,,,,,0.10175953366279121,,-0.1234516581584558,0.03448241848122082,-0.019516316665875406,0.11254458851348528,0.0007071067811865476,,0,,,0,
2026-10-02,松阪,1,014720261002,1790906280,1790905980,4,2,014017,追,99.0,,,,,0.053791921781078764,,0.22231125676530494,0.0720017189004193,0.0022626343695323,-0.12451741707874966,0.0007071067811865476,,0,,,0,
2026-10-02,松阪,1,014720261002,1790906280,1790905980,5,9,015014,追,102.54,,,,,0.031247954042839587,,0.01639470636773778,0.009845443476968039,-0.11732794785560877,-0.12451741707874966,0.0007071067811865476,,0,,,0,
2026-10-02,松阪,1,014720261002,1790906280,1790905980,6,4,015525,逃,98.64,,,,,0.029342668456027114,,-0.26329802268464936,-0.006955098467746693,0.007029602484779587,0.06944240567853348,0.0007071067811865476,,0,,,0,
2026-10-02,松阪,1,014720261002,1790906280,1790905980,7,5,014613,追,98.72,,,,,0.01891067667898112,,-0.008934393784502462,-0.07476889329271699,-0.027635011186752965,-0.009578262852211514,0.0007071067811865476,,0,,,0,
2026-10-02,松阪,1,014720261002,1790906280,1790905980,8,8,014096,両,97.25,,,,,0.009149484294850687,,-0.1311576509419025,-0.14084338524593729,-0.019516316665875406,0.11254458851348528,0.0007071067811865476,,0,,,0,
2026-10-02,松阪,1,014720261002,1790906280,1790905980,9,6,014137,両,94.51,,,,,0.0016065985235125973,,-0.09041656522276914,-0.14084338524593729,-0.14722559341189403,-0.12451741707874966,0.0007071067811865476,,0,,,0,
2026-10-02,大宮,2,022520261002,1790907120,1790906820,1,2,015898,逃,83.27,,,,,0.38373819401570886,0.08504802911740778,0.09075800415951663,0.29236556702363525,0.04971385781699683,-0.05883484054145521,0.0036625204279079936,,0,,,0,
2026-10-02,大宮,2,022520261002,1790907120,1790906820,2,3,013507,追,84.57,,,,,0.2986901648983011,,0.14609786321246326,0.07203656709480954,0.10143835068804735,-0.05883484054145521,8.230382984062925e-05,,0,,,0,
2026-10-02,大宮,2,022520261002,1790907120,1790906820,3,4,015918,逃,83.61,,,,,0.2067895710744726,,0.14973929605409012,0.19771777183680356,0.06366742319488383,-0.05883484054145521,0.0023662351079180863,,0,,,0,
2026-10-02,大宮,2,022520261002,1790907120,1790906820,4,5,013484,追,83.26,,,,,0.061152317484366586,,-0.012638848263122955,-0.022611228092022154,-0.0758682305839862,-0.05883484054145521,0.0016666525542727388,,0,,,0,
2026-10-02,大宮,2,022520261002,1790907120,1790906820,5,1,013690,追,82.63,,,,,0.03872777670230475,,0.09075800415951663,-0.14363331744432833,0.10143835068804735,-0.05883484054145521,0.0016666525542727388,,0,,,0,
2026-10-02,大宮,2,022520261002,1790907120,1790906820,6,7,012861,追,81.16,,,,,0.007150425972804889,,-0.060695841632815675,-0.0957935643437976,-0.1201948759019946,0.07844645405527362,0.0013785891498305372,,0,,,0,
2026-10-02,大宮,2,022520261002,1790907120,1790906820,7,6,012473,追,79.52,,,,,0.003751549852041266,,-0.40401847768964794,-0.08001893181265901,-0.1201948759019946,0.21572774865200245,0.0012345574476094363,,0,,,0,
2026-10-02,松阪,2,024720261002,1790907960,1790907660,1,2,015066,両,105.0,,,,,0.5079193523832353,0.3371420557351669,0.19380409502235446,0.1365519043384921,0.07664972726435576,-0.08459084385809756,0.0020739321443213,,0,,,0,
2026-10-02,松阪,2,024720261002,1790907960,1790907660,2,1,015347,逃,101.56,,,,,0.17077729664806834,,0.16904300729597563,0.15719918665554847,0.05563938859216961,0.021331604103346332,0.0015481465302680127,,0,,,0,
2026-10-02,松阪,2,024720261002,1790907960,1790907660,3,5,015169,逃,101.24,,,,,0.11332755644792461,,0.03909306626251825,0.19849375128966132,0.07020386971061393,-0.08459084385809756,0.003125503372427875,,0,,,0,
2026-10-02,松阪,2,024720261002,1790907960,1790907660,4,3,014177,両,99.64,,,,,0.09629346136174877,,-0.16371661450015615,0.24637243094610167,0.16539012410537168,0.13387420506238049,0.0010223609162147256,,0,,,0,
2026-10-02,松阪,2,024720261002,1790907960,1790907660,5,7,013328,追,101.42,,,,,0.03851301930661333,,0.029594358189366614,0.039899607775537624,-0.0461893759918902,0.13387420506238049,0.0018694599610783555,,0,,,0,
2026-10-02,松阪,2,024720261002,1790907960,1790907660,6,4,013443,追,98.31,,,,,0.03552913588182974,,-0.14730717554790024,-0.06333680380974441,-0.07263681350404794,-0.08459084385809756,0.0023952455751316427,,0,,,0,
2026-10-02,松阪,2,024720261002,1790907960,1790907660,7,9,015342,追,98.87,,,,,0.02337467480057616,,-0.014164145683315631,0.019252325458481212,-0.12553168852836338,0.13387420506238049,0.00023368249513479444,,0,,,0,
2026-10-02,松阪,2,024720261002,1790907960,1790907660,8,8,014108,追,98.07,,,,,0.010521991162051292,,0.08409658229955921,-0.24467491329981125,-0.019741938479732463,-0.08459084385809756,0.00292103118918493,,0,,,0,
2026-10-02,松阪,2,024720261002,1790907960,1790907660,9,6,015816,逃,93.0,,,,,0.0037435120079524916,,-0.1904431733384031,-0.04927363651501555,-0.10378329316847702,-0.08459084385809756,0.0008178887329717806,,0,,,0,
2026-10-02,大宮,3,032520261002,1790908800,1790908500,1,1,015839,逃,92.7,,,,,0.259847747931178,0.022478968838669927,-0.233057959378139,0.1646920697339673,-0.05240289122369972,0.030415599309123565,0.0007071832540988116,,0,,,0,
2026-10-02,大宮,3,032520261002,1790908800,1790908500,2,7,015550,逃,88.73,,,,,0.23736877909250806,,-0.15933518459000456,-0.1259277416510281,0.02094490522468362,0.07862145481792317,0.0013311684783036465,,0,,,0,
2026-10-02,大宮,3,032520261002,1790908800,1790908500,3,5,014178,両,90.66,,,,,0.19595844405496052,,0.15428348718759394,0.21757637668483074,0.023972555433353842,-0.021807410825409337,0.00274553498650127,,0,,,0,
2026-10-02,大宮,3,032520261002,1790908800,1790908500,4,3,013716,追,91.61,,,,,0.15576450721475427,,0.22574302882566996,0.1173400703229438,0.0782264902174738,-0.12223627646874186,0.0019135546875614917,,0,,,0,
2026-10-02,大宮,3,032520261002,1790908800,1790908500,5,2,015245,逃,88.61,,,,,0.1149868855576876,,0.10607798447469524,0.10123090139293114,0.012407191128775329,0.17905032046125569,0.0025999384341868085,,0,,,0,
2026-10-02,大宮,3,032520261002,1790908800,1790908500,6,4,014779,追,89.52,,,,,0.030734245978131423,,0.0739409826660962,-0.18333544537166496,0.024981772169577247,-0.021807410825409337,2.079950747349472e-05,,0,,,0,
2026-10-02,大宮,3,032520261002,1790908800,1790908500,7,6,014227,追,81.0,,,,,0.0053393901707801455,,-0.1676523391859117,0.04330204059173495,-0.1081300229501641,-0.12223627646874186,0.002787134001448259,,0,,,0,
2026-10-02,松阪,3,034720261002,1790909640,1790909340,1,9,015896,逃,104.05,,,,,0.38896871182652276,0.12653291189692012,0.030235862184653205,0.3988158635471626,-0.02413246728958815,0.27764000667500816,0.004043711895313086,,0,,,0,
2026-10-02,松阪,3,034720261002,1790909640,1790909340,2,5,014018,追,104.46,,,,,0.26243579992960264,,0.11186685963083466,0.03182647714563503,0.05454720721737937,-0.04985148219459518,0.0012966250099101743,,0,,,0,
2026-10-02,松阪,3,034720261002,1790909640,1790909340,3,2,014168,両,102.65,,,,,0.19739595413377872,,0.3174538789573727,0.03136129075296244,0.18692292057801785,-0.04985148219459518,0.0014724385705759606,,0,,,0,
2026-10-02,松阪,3,034720261002,1790909640,1790909340,4,7,015608,逃,99.87,,,,,0.08819347177999218,,0.12144662397564099,0.06692141070078825,0.026569827354468153,-0.017102333307634842,0.001076858059077941,,0,,,0,
2026-10-02,松阪,3,034720261002,1790909640,1790909340,5,1,015416,両,97.4,,,,,0.022826887732779078,,-0.13177791203577685,0.03136129075296244,-0.03836616500019815,0.0025471560245413577,0.0014724385705759606,,0,,,0,
2026-10-02,松阪,3,034720261002,1790909640,1790909340,6,4,014221,追,96.64,,,,,0.02124753024198432,,0.05064361154619852,0.008119730513751151,-0.03836616500019815,-0.013827418418938812,0.0010988347541611644,,0,,,0,
2026-10-02,松阪,3,034720261002,1790909640,1790909340,7,8,014264,追,95.62,,,,,0.008182024188564271,,-0.051395135261528446,-0.0392937627500166,-0.0073950409276723125,-0.04985148219459518,0.0022855762886552222,,0,,,0,
2026-10-02,松阪,3,034720261002,1790909640,1790909340,8,3,015046,追,97.6,,,,,0.006246004938955538,,-0.11261838334616457,-0.14416167160151283,-0.06933728907272399,-0.04985148219459518,0.002087786032906213,,0,,,0,
2026-10-02,松阪,3,034720261002,1790909640,1790909340,9,6,014978,両,94.25,,,,,0.004503615227820545,,-0.3358554056512308,0.0555332237775189,-0.09044282785948458,-0.04985148219459518,0.0012966250099101743,,0,,,0,
2026-10-02,大宮,4,042520261002,1790910480,1790910180,1,4,015508,逃,95.28,,,,,0.594825453047224,0.3853228633269988,0.0334120792594185,0.00703099237829697,0.07817816332660936,0.12645424465266475,0.0003819409908559018,,0,,,0,
2026-10-02,大宮,4,042520261002,1790910480,1790910180,2,1,012785,追,94.15,,,,,0.20950258972022523,,0.0980941212091649,0.021157408506794362,-0.019774511624612398,-0.009032446046618906,0.0020242872515362814,,0,,,0,
2026-10-02,大宮,4,042520261002,1790910480,1790910180,3,2,015182,逃,92.19,,,,,0.1425857571390159,,0.056829658793932224,0.32730769361261364,0.054751699679093574,0.1535515827925215,0.0038576040076446112,,0,,,0,
2026-10-02,大宮,4,042520261002,1790910480,1790910180,4,3,015693,逃,86.04,,,,,0.022791362347148146,,-0.021105558913238558,0.023887660864313657,-0.05383181650725341,-0.09935690651280801,0.0028263633323336755,,0,,,0,
2026-10-02,大宮,4,042520261002,1790910480,1790910180,5,7,013465,追,86.91,,,,,0.02055605925164906,,0.13476487650110314,0.05487074547882769,0.13352473134395818,0.027097338139856743,0.0009166583780541652,,0,,,0,
2026-10-02,大宮,4,042520261002,1790910480,1790910180,6,6,012747,追,85.88,,,,,0.007053490063762502,,0.04731658137051002,0.10544075093687769,-0.12197400693699278,-0.09935690651280801,0.00015277639634236082,,0,,,0,
2026-10-02,大宮,4,042520261002,1790910480,1790910180,7,5,014204,追,86.28,,,,,0.002685288430975102,,-0.3493117582208899,-0.20481698007400917,-0.0708742592808026,-0.09935690651280801,0.00015277639634236082,,0,,,0,
2026-10-02,松阪,4,044720261002,1790911320,1790911020,1,1,015179,両,104.13,,,,,0.6590359558892815,0.48974936550452586,0.18877425369574727,0.3948958001826443,0.1793139241999166,-0.03535533905932738,0.002100527014931733,,0,,,0,
2026-10-02,松阪,4,044720261002,1790911320,1790911020,2,2,015122,逃,104.0,,,,,0.16928659038475566,,0.17062175971039578,-0.007263171030993966,0.19381435295400473,-0.03535533905932738,0.0032125707287191207,,0,,,0,
2026-10-02,松阪,4,044720261002,1790911320,1790911020,3,7,014105,両,102.33,,,,,0.08664519825269677,,-0.02005251472402057,0.030493214580955042,-0.11990135886027944,-0.03535533905932738,0.000864922888501301,,0,,,0,
2026-10-02,松阪,4,044720261002,1790911320,1790911020,4,9,015717,逃,99.66,,,,,0.06095340162663682,,0.29675383330800653,0.03322600514697152,0.1349399017048701,-0.03535533905932738,0.00012356041264304285,,0,,,0,
2026-10-02,松阪,4,044720261002,1790911320,1790911020,5,4,013762,追,95.0,,,,,0.008374668099477898,,-0.1421507007693309,0.0406155086254464,-0.11990135886027944,-0.03535533905932738,0.00160628536435956,,0,,,0,
2026-10-02,松阪,4,044720261002,1790911320,1790911020,6,3,015195,追,99.35,,,,,0.007609382216763108,,0.039374239084184436,-0.10793955336270433,-0.013133288495488973,-0.03535533905932738,0.0012356041264304308,,0,,,0,
2026-10-02,松阪,4,044720261002,1790911320,1790911020,7,8,013245,追,94.77,,,,,0.003053410934015607,,-0.0765269404562253,-0.1558182330191447,-0.11990135886027944,0.28284271247461906,0.00012356041264304285,,0,,,0,
2026-10-02,松阪,4,044720261002,1790911320,1790911020,8,5,013864,追,95.26,,,,,0.002805604046242124,,-0.10689802013595913,-0.10793955336270433,-0.04872264528375246,-0.03535533905932738,0.0034596915540052067,,0,,,0,
2026-10-02,松阪,4,044720261002,1790911320,1790911020,9,6,015802,逃,91.14,,,,,0.0022357885501304636,,-0.34989590971279855,0.20530500390332476,-0.08650816849871171,-0.03535533905932738,0.002100527014931733,,0,,,0,
2026-10-02,大宮,5,052520261002,1790912160,1790911860,1,1,015346,逃,95.94,,,,,0.7979576386865097,0.6708376596905365,0.3095189063696127,0.17445324491580994,0.11624266017751975,-0.046055977863903745,0.001938504105009224,,0,,,0,
2026-10-02,大宮,5,052520261002,1790912160,1790911860,2,5,014139,両,94.04,,,,,0.12711997899597316,,0.14304765543693157,0.23901833820303645,0.08005743503729087,-0.12421157666325551,0.0010904085590676888,,0,,,0,
2026-10-02,大宮,5,052520261002,1790912160,1790911860,3,4,013885,追,91.6,,,,,0.041873624063591054,,0.10080332208815279,-0.04531244497079124,-0.02335876378881526,0.1493330191344757,0.0010298303057861512,,0,,,0,
2026-10-02,大宮,5,052520261002,1790912160,1790911860,4,7,015748,逃,88.29,,,,,0.018091363149590946,,-0.2280022721745528,0.07410120379563548,-0.023001271705309217,0.12002466958471876,0.002362551877979992,,0,,,0,
2026-10-02,大宮,5,052520261002,1790912160,1790911860,5,2,014572,両,83.42,,,,,0.010637476212487017,,-0.08885854932024614,0.12427722435572273,-0.03427839959231812,0.012560721235610093,0.0006057825328153828,,0,,,0,
2026-10-02,大宮,5,052520261002,1790912160,1790911860,6,6,015157,両,81.85,,,,,0.0026677289401187423,,-0.13937669787433843,0.004863575589295984,-0.1267749626149214,-0.12421157666325551,0.00024231301312615242,,0,,,0,
2026-10-02,大宮,5,052520261002,1790912160,1790911860,7,3,014181,追,83.88,,,,,0.0016521899517293538,,-0.0971323645255596,-0.23652287018499413,0.011113302486553456,0.012560721235610093,0.003998164716581525,,0,,,0,
2026-10-02,松阪,5,054720261002,1790913000,1790912700,1,5,015789,逃,109.91,,,,,0.7428414202129551,0.6167683198516184,-0.04195611755271578,0.2999981587163968,0.06580198428515065,0.14913510677795924,0.004261317219940385,,0,,,0,
2026-10-02,松阪,5,054720261002,1790913000,1790912700,2,7,015199,追,106.63,,,,,0.12607310036133665,,0.27980587116065814,0.1678629354565022,0.0025563916099394096,0.04291657749006019,0.0006011816824812164,,0,,,0,
2026-10-02,松阪,5,054720261002,1790913000,1790912700,3,1,013604,追,99.27,,,,,0.07230018894180454,,0.11892487680397118,0.14536119759196028,0.0025563916099394096,-0.10675498650652478,0.0011493179223905602,,0,,,0,
2026-10-02,松阪,5,054720261002,1790913000,1790912700,4,3,014599,両,100.18,,,,,0.025350454773445694,,0.03402071657651441,0.029977304341894297,-0.05494568649983798,-0.02950514702441641,0.00044204535476560027,,0,,,0,
2026-10-02,松阪,5,054720261002,1790913000,1790912700,5,9,015643,逃,97.85,,,,,0.012175961915253348,,0.05090445749412106,-0.015026171387189455,-0.15269539457472017,0.05257280742532375,0.001785863233253024,,0,,,0,
2026-10-02,松阪,5,054720261002,1790913000,1790912700,6,6,013335,追,95.66,,,,,0.00843120121496591,,-0.1849824597129493,0.19036467332104404,-0.06069398195494603,-0.10675498650652478,0.0013968633210592965,,0,,,0,
2026-10-02,松阪,5,054720261002,1790913000,1790912700,7,2,015733,両,98.1,,,,,0.00514261742145848,,-0.2914767517268379,-0.14836146557345783,0.06580676517482487,0.15879133671322276,0.0007603180101968323,,0,,,0,
2026-10-02,松阪,5,054720261002,1790913000,1790912700,8,4,014839,追,97.78,,,,,0.003921851040761804,,-0.20705804713880438,-0.14836146557345783,0.06580676517482487,-0.10675498650652478,0.0022632722163998726,,0,,,0,
2026-10-02,松阪,5,054720261002,1790913000,1790912700,9,8,013230,追,97.32,,,,,0.0037632041180184826,,0.24181745409604316,-0.14836146557345783,0.06580676517482487,-0.05364572186257528,0.0022632722163998726,,0,,,0,
2026-10-02,大宮,6,062520261002,1790913840,1790913540,1,1,013821,追,105.42,,,,,0.5864146059714017,0.38767938643624034,0.1258127370319321,-0.18249531103288422,0.10471339268661384,0.05,0.001112022059105353,,0,,,0,
2026-10-02,大宮,6,062520261002,1790913840,1790913540,2,4,013497,両,96.35,,,,,0.19873521953516138,,-0.18107364646327836,0.17066169935447004,0.07237516936737184,0.175,0.0012708823532632603,,0,,,0,
2026-10-02,大宮,6,062520261002,1790913840,1790913540,3,2,014163,追,96.65,,,,,0.09744060835315135,,0.13458091941750952,-0.0034545875932952487,-0.01652018618145925,-0.075,0.001112022059105353,,0,,,0,
2026-10-02,大宮,6,062520261002,1790913840,1790913540,4,3,013357,追,96.03,,,,,0.060512160628697395,,-0.09553046719837673,0.27759368976904103,-0.13775376504953232,-0.075,0.003256636030237104,,0,,,0,
2026-10-02,大宮,6,062520261002,1790913840,1790913540,5,5,015251,逃,94.68,,,,,0.0568974055115882,,0.016210457212214098,-0.08080254881183088,-0.022814610822994144,-0.075,0.00230347426528966,,0,,,0,
2026-10-02,松阪,6,064720261002,1790914680,1790914380,1,1,015037,両,111.05,,,,,0.30813726015655396,0.10030634235962144,-0.1855932052981234,0.12629682293064926,0.029578977211293146,0.024999999999999994,0.0030339918231562066,,0,,,0,
2026-10-02,松阪,6,064720261002,1790914680,1790914380,2,9,014809,追,107.85,,,,,0.20783091779693252,,-0.23996343565046757,0.14440850135891795,-0.027759940793457002,0.1,0.0003792489778945261,,0,,,0,
2026-10-02,松阪,6,064720261002,1790914680,1790914380,3,2,014545,両,106.72,,,,,0.20142260343770735,,0.18330109275175346,0.12952500074483206,0.0676994746667269,-0.05000000000000002,0.00011669199319831568,,0,,,0,
2026-10-02,松阪,6,064720261002,1790914680,1790914380,4,7,015822,逃,107.05,,,,,0.18984905404167968,,0.14356854649171577,0.18583082538699267,0.06896484923952295,0.1,0.002246320869067576,,0,,,0,
2026-10-02,松阪,6,064720261002,1790914680,1790914380,5,3,015329,逃,100.35,,,,,0.04320025332168473,,-0.010499856591041638,0.23048132722925024,0.02028611057983396,0.1,0.002246320869067576,,0,,,0,
2026-10-02,松阪,6,064720261002,1790914680,1790914380,6,4,014944,両,100.11,,,,,0.01800992367369543,,0.3570378026110332,-0.16606542466826998,0.11542918239681885,-0.125,0.0003792489778945261,,0,,,0,
2026-10-02,松阪,6,064720261002,1790914680,1790914380,7,5,014588,追,102.22,,,,,0.01796910990917304,,-0.06526601965037879,-0.16606542466826998,0.019969766936634954,0.1,0.0011669199319831567,,0,,,0,
2026-10-02,松阪,6,064720261002,1790914680,1790914380,8,8,014576,追,99.3,,,,,0.009693782537616104,,-0.18095851532090088,0.055107497674402824,-0.12321935625364092,-0.125,0.002742261840160418,,0,,,0,
2026-10-02,松阪,6,064720261002,1790914680,1790914380,9,6,014350,追,97.08,,,,,0.0038870951249572144,,-0.0016264093435895202,-0.16606542466826998,-0.17094906398373286,-0.125,0.002742261840160418,,0,,,0,
2026-10-02,大宮,7,072520261002,1790915520,1790915220,1,1,015787,逃,102.66,,,,,0.7689976455255876,0.659099015049182,0.11675616366543326,0.3369883423249729,0.10533493144936949,0.22119589024471537,0.0044,,0,,,0,
2026-10-02,大宮,7,072520261002,1790915520,1790915220,2,3,013719,両,102.0,,,,,0.10989863047640558,,0.047036594809347576,0.027446390740128314,0.1399700708420767,-0.05226056747539978,0.0006666666666666664,,0,,,0,
2026-10-02,大宮,7,072520261002,1790915520,1790915220,3,2,014752,逃,99.0,,,,,0.05345441344589414,,0.2417561636654333,0.0006579316380798086,-0.030221336988619757,-0.05226056747539978,0.0003999999999999996,,0,,,0,
2026-10-02,大宮,7,072520261002,1790915520,1790915220,4,4,014292,追,96.35,,,,,0.04728114606687234,,-0.06610978442804304,0.06948769207598995,-0.009440253352995448,-0.05226056747539978,0.0011999999999999995,,0,,,0,
2026-10-02,大宮,7,072520261002,1790915520,1790915220,5,5,013883,追,99.61,,,,,0.01653979706002517,,-0.01546340519065243,-0.09298649298763932,-0.12149799649929954,-0.01215362034311623,0.0006666666666666664,,0,,,0,
2026-10-02,大宮,7,072520261002,1790915520,1790915220,6,6,013878,両,94.45,,,,,0.0038283674252151405,,-0.32397573252151934,-0.09298649298763932,-0.0841454154505315,-0.05226056747539978,0.0014666666666666665,,0,,,0,
2026-10-02,松阪,7,074720261002,1790916360,1790916060,1,7,015125,逃,113.95,,,,,0.4344006202409218,0.2570587528652305,-0.0180190120924912,-0.04572237551083791,0.10435729007735041,-0.08427953808926898,0.0009408750722807701,,0,,,0,
2026-10-02,松阪,7,074720261002,1790916360,1790916060,2,3,015261,逃,107.84,,,,,0.17734186737569127,,0.1855988156596604,-0.008497583858486847,0.07608921494968132,0.15112193036696508,0.00156812512046795,,0,,,0,
2026-10-02,松阪,7,074720261002,1790916360,1790916060,3,1,013963,追,108.58,,,,,0.15777994566469564,,0.2620543223074328,0.039381095797953514,-0.000936656844281708,0.12496621164960574,0.0003136250240935895,,0,,,0,
2026-10-02,松阪,7,074720261002,1790916360,1790916060,4,9,013772,追,107.19,,,,,0.12543542828268572,,0.14426546852583202,0.057993491624129076,0.15830065580300717,0.12496621164960574,0.0003136250240935903,,0,,,0,
2026-10-02,松阪,7,074720261002,1790916360,1790916060,5,5,013982,追,107.21,,,,,0.05008546199278308,,-0.08747276119465544,0.16966786658118233,-0.08055531316792616,-0.08427953808926898,0.0018817501445615402,,0,,,0,
2026-10-02,松阪,7,074720261002,1790916360,1790916060,6,2,015690,逃,102.2,,,,,0.030864178396068125,,0.033478372289839284,-0.027109979684662354,-0.04126454191204022,-0.08427953808926898,0.0009408750722807701,,0,,,0,
2026-10-02,松阪,7,074720261002,1790916360,1790916060,7,8,015269,逃,99.13,,,,,0.012260931196798868,,-0.30125462619530924,0.16966786658118233,-0.027649061254141957,0.020343336780168378,0.0015681251204679508,,0,,,0,
2026-10-02,松阪,7,074720261002,1790916360,1790916060,8,6,015366,逃,95.65,,,,,0.00871638683942247,,-0.17488287501665353,0.3265255410126729,-0.1077862744837227,-0.08427953808926898,0.0025090001927487197,,0,,,0,
2026-10-02,松阪,7,074720261002,1790916360,1790916060,9,4,013410,追,99.9,,,,,0.0031151800109330396,,-0.043767704283656506,-0.24142206970388136,-0.08055531316792616,-0.08427953808926898,0.00439075033731026,,0,,,0,
2026-10-02,大宮,8,082520261002,1790917260,1790916960,1,1,014886,両,105.61,,,,,0.8601555232092801,0.803884572980609,0.30935343922047637,0.24747409248753113,0.045186575154137015,0.17727686724722092,0.0016437785836688939,,0,,,0,
2026-10-02,大宮,8,082520261002,1790917260,1790916960,2,5,015723,逃,96.91,,,,,0.05627095022867118,,-0.12418050459705135,0.2785253336300844,0.08463587873337891,-0.07494631786061372,0.004222810499425261,,0,,,0,
2026-10-02,大宮,8,082520261002,1790917260,1790916960,3,4,013514,追,100.68,,,,,0.04224794649506899,,0.18873880076305125,-0.08605209108389968,0.14535637481473804,-0.004323826030420018,0.0013320274729730686,,0,,,0,
2026-10-02,大宮,8,082520261002,1790917260,1790916960,4,2,014792,両,99.88,,,,,0.016466431833707842,,-0.1480771807454688,0.05500084994134642,-0.010059355522260786,-0.07494631786061372,0.0013320274729730686,,0,,,0,
2026-10-02,大宮,8,082520261002,1790917260,1790916960,5,7,014506,追,101.15,,,,,0.015202725128024326,,-0.03969369479108691,-0.16018884226545838,-0.05498322450646401,0.12683223022565399,0.0005384791912018787,,0,,,0,
2026-10-02,大宮,8,082520261002,1790917260,1790916960,6,3,014076,追,100.0,,,,,0.00764544309672883,,-0.10392094572701688,-0.16018884226545838,-0.05498322450646401,-0.07494631786061372,0.001133640402530271,,0,,,0,
2026-10-02,大宮,8,082520261002,1790917260,1790916960,7,6,012786,追,93.43,,,,,0.002010980008518667,,-0.08221991412290354,-0.002347389282234825,-0.15515302416706503,-0.07494631786061372,0.001530414543415866,,0,,,0,
2026-10-02,松阪,8,084720261002,1790918160,1790917860,1,2,014860,両,111.06,,,,,0.44441785156264807,0.17575507541069696,0.10207312785057249,0.23416218268109526,0.0075605524901462,0.019157742911438104,0.002052952778741331,,0,,,0,
2026-10-02,松阪,8,084720261002,1790918160,1790917860,2,3,014113,逃,109.0,,,,,0.2686627761519511,,0.11754925407187039,0.12054809508068264,-0.037399235489812485,0.10990494617614487,0.0022224626412062115,,0,,,0,
2026-10-02,松阪,8,084720261002,1790918160,1790917860,3,9,015826,逃,106.0,,,,,0.2017958027541358,,0.07089538087172274,0.29897277378575027,0.28270446646753056,0.22787631042026366,0.0027309922286008525,,0,,,0,
2026-10-02,松阪,8,084720261002,1790918160,1790917860,4,1,014537,追,103.77,,,,,0.03518920038600495,,0.06583989528361012,0.06512827653945227,-0.03410135199961861,-0.07158946035326866,0.000998224745626519,,0,,,0,
2026-10-02,松阪,8,084720261002,1790918160,1790917860,5,5,015334,逃,102.54,,,,,0.029118544525835646,,0.2554408775072312,0.07359423226355959,-0.00862621974013427,-0.07158946035326866,0.0005273640165574058,,0,,,0,
2026-10-02,松阪,8,084720261002,1790918160,1790917860,6,7,014122,追,102.64,,,,,0.014518237879253215,,0.031366989424769884,-0.04756099422164303,0.0075605524901462,-0.07158946035326866,0.002523813507810444,,0,,,0,
2026-10-02,松阪,8,084720261002,1790918160,1790917860,7,4,014691,追,101.25,,,,,0.004363461108823589,,-0.05182978579930031,-0.10501540980937146,0.09088436146967582,0.001008302258496748,0.0011677346080913998,,0,,,0,
2026-10-02,松阪,8,084720261002,1790918160,1790917860,8,8,014370,両,98.47,,,,,0.0014609161507122043,,-0.2241943150935013,-0.13318772749964533,-0.1078341557292555,-0.07158946035326866,0.0003578541540925251,,0,,,0,
2026-10-02,松阪,8,084720261002,1790918160,1790917860,9,6,014208,追,94.3,,,,,0.00047320948063543075,,-0.3671414241169747,-0.13318772749964533,-0.20074896995867786,-0.07158946035326866,0.003201852957669966,,0,,,0,
2026-10-02,大宮,9,092520261002,1790919060,1790918760,1,5,014846,両,103.85,,,,,0.4853409332961288,0.1779260760325969,-0.0040293704681570305,0.15963748557715887,0.04660014224118799,0.005519173005998998,3.8176700989677003e-19,,0,,,0,
2026-10-02,大宮,9,092520261002,1790919060,1790918760,2,3,015836,逃,101.34,,,,,0.3074148572635319,,0.1711693803057206,0.15895912417777694,0.1248110948126636,0.04967255705399094,0.00027509212216215057,,0,,,0,
2026-10-02,大宮,9,092520261002,1790919060,1790918760,3,1,013855,追,99.96,,,,,0.14460422365588135,,0.2994885454536068,0.018153310473712495,0.09179615948792413,-0.10486428711398087,0.0008252763664864518,,0,,,0,
2026-10-02,大宮,9,092520261002,1790919060,1790918760,4,2,014720,追,99.22,,,,,0.02337691787945993,,-0.08229174968064969,-0.029008081227436297,-0.08820384051207586,-0.10486428711398087,0.002750921221621507,,0,,,0,
2026-10-02,大宮,9,092520261002,1790919060,1790918760,5,7,015823,逃,93.6,,,,,0.021099794750173234,,-0.17922812124203466,0.2690023714804575,-0.043595875005548144,0.20972857422796168,0.0044014739545944126,,0,,,0,
2026-10-02,大宮,9,092520261002,1790919060,1790918760,6,4,013944,追,99.37,,,,,0.013752320818533002,,-0.0008521701587547309,-0.18073856835037072,0.04679615948792413,-0.027595865029994955,0.0005501842443243011,,0,,,0,
2026-10-02,大宮,9,092520261002,1790919060,1790918760,7,6,015524,両,92.71,,,,,0.004410952336291824,,-0.20425651420973137,-0.06112737042758407,-0.17820384051207588,-0.027595865029994955,3.8176700989677003e-19,,0,,,0,
2026-10-02,松阪,9,094720261002,1790919960,1790919660,1,5,015034,逃,115.21,,,,,0.48894981485955546,0.1212858281930102,-0.11063506530632158,0.16601151873670927,0.12924606552829937,0.11013346473215282,0.0028309543870148743,,0,,,0,
2026-10-02,松阪,9,094720261002,1790919960,1790919660,2,1,014794,追,112.75,,,,,0.36766398666654526,,0.1935963950337734,0.32477368030852455,0.09142171898152723,0.011013346473215264,0.0025202398811229976,,0,,,0,
2026-10-02,松阪,9,094720261002,1790919960,1790919660,3,7,015006,逃,106.95,,,,,0.08808448496955172,,0.2394131143381988,-0.024074450261076238,0.14356859481933312,0.14317350415179872,0.001898810869339245,,0,,,0,
2026-10-02,松阪,9,094720261002,1790919960,1790919660,4,3,014398,追,105.26,,,,,0.02334565480423088,,0.14176855780946657,0.08716621906129263,0.021708018749793744,-0.0881067717857223,0.0012083341895795195,,0,,,0,
2026-10-02,松阪,9,094720261002,1790919960,1790919660,5,2,015620,両,103.61,,,,,0.013395614011028689,,-0.08678837122086097,-0.08743643992700471,-0.08610682670070034,0.05506673236607641,0.0005869051777957669,,0,,,0,
2026-10-02,松阪,9,094720261002,1790919960,1790919660,6,4,015002,逃,97.55,,,,,0.006424977445776284,,-0.17557625090891313,0.22973069580963176,-0.14312014519284696,-0.1652001970982293,0.0005869051777957669,,0,,,0,
2026-10-02,松阪,9,094720261002,1790919960,1790919660,7,6,015198,両,97.15,,,,,0.004871941648292624,,-0.027576081014789568,0.007606544571888044,-0.13041976345326012,0.07709342531250697,0.000655952845771739,,0,,,0,
2026-10-02,松阪,9,094720261002,1790919960,1790919660,8,9,015378,追,100.72,,,,,0.0046315160811258565,,-0.072141687741551,-0.08707925252001074,-0.013148831366073005,-0.03304003941964589,0.0030726212249307778,,0,,,0,
2026-10-02,松阪,9,094720261002,1790919960,1790919660,9,8,014712,追,97.5,,,,,0.002632009513893248,,-0.10206061098900268,-0.17621466294070345,-0.013148831366073005,-0.11013346473215287,0.0024511922131470252,,0,,,0,
2026-10-02,大宮,10,102520261002,1790920860,1790920560,1,3,015341,両,114.37,,,,,0.5653074274449534,0.32083891890545035,-0.17147941550737691,0.2713595049891854,0.09144009144013716,-0.004582690263644554,0.0021763293223507995,,0,,,0,
2026-10-02,大宮,10,102520261002,1790920860,1790920560,2,1,014484,逃,110.2,,,,,0.2444685085395031,,0.13973629508433705,0.03690662659835358,0.15685603202818393,0.0756143893501352,0.0019647417493444713,,0,,,0,
2026-10-02,大宮,10,102520261002,1790920860,1790920560,3,7,015328,追,105.68,,,,,0.10205121807604955,,0.2503681157362591,0.09910123549044593,-0.06975329906339518,0.09700027724714314,0.00027204116529384913,,0,,,0,
2026-10-02,大宮,10,102520261002,1790920860,1790920560,4,2,015096,逃,105.42,,,,,0.06841333096661062,,-0.15608556707986185,0.1948100403055314,0.09378655240672179,0.13977205304115903,0.0019647417493444713,,0,,,0,
2026-10-02,大宮,10,102520261002,1790920860,1790920560,5,4,013118,追,101.6,,,,,0.011854300105525357,,-0.08684862794617368,0.0703915239073227,0.03692680761676484,-0.052700938031912406,0.0009974842727441173,,0,,,0,
2026-10-02,大宮,10,102520261002,1790920860,1790920560,6,6,015697,逃,97.82,,,,,0.0057000534402548726,,0.11848654696779945,-0.12099678710882422,-0.15949280535489735,-0.1275515456714402,0.0026901848567947393,,0,,,0,
2026-10-02,大宮,10,102520261002,1790920860,1790920560,7,5,014795,追,103.6,,,,,0.002205161427103042,,-0.09417734725498433,-0.21669387247830008,-0.1497633790735152,-0.1275515456714402,0.0026901848567947393,,0,,,0,
2026-10-02,松阪,10,104720261002,1790921760,1790921460,1,1,014089,両,113.88,,,,,0.6396745371134529,0.4536672115145968,0.10725625950658436,0.2644202601550595,0.025375599603277725,-0.011450992396305842,0.002759149003915238,,0,,,0,
2026-10-02,松阪,10,104720261002,1790921760,1790921460,2,9,014940,逃,109.17,,,,,0.18600732559885608,,-0.02959900438305131,0.15299536416994267,0.05811790898318268,0.21891603110584687,0.003811366844391388,,0,,,0,
2026-10-02,松阪,10,104720261002,1790921760,1790921460,3,5,014995,両,105.21,,,,,0.0929764694192141,,0.1882187918735813,0.2771295034207948,0.025375599603277725,-0.08419847350224881,0.00023382618677247755,,0,,,0,
2026-10-02,松阪,10,104720261002,1790921760,1790921460,4,7,015638,逃,102.8,,,,,0.032024773743448025,,0.13461206413295523,0.0004844449811191114,0.20545830119275493,0.11585709953909436,0.00023382618677247755,,0,,,0,
2026-10-02,松阪,10,104720261002,1790921760,1790921460,5,2,013737,追,104.92,,,,,0.031554084361814054,,-0.021636111524897444,0.12461858423197122,0.09345278260644051,-0.08419847350224881,0.0012392787898941326,,0,,,0,
2026-10-02,松阪,10,104720261002,1790921760,1790921460,6,3,015441,逃,102.15,,,,,0.012538295075524878,,-0.0368422519570792,0.0004844449811191114,-0.009959274019980115,0.012798167972341816,2.3382618677247346e-05,,0,,,0,
2026-10-02,松阪,10,104720261002,1790921760,1790921460,7,4,012669,追,99.88,,,,,0.0029052508510592867,,0.051363527983945695,-0.21243918320193367,-0.1598922304729053,-0.08419847350224881,0.0016601659260845926,,0,,,0,
2026-10-02,松阪,10,104720261002,1790921760,1790921460,8,6,013622,追,94.83,,,,,0.0011626800157523347,,-0.05127791993328111,-0.05331082148832286,-0.18804167637061037,-0.08419847350224881,0.002712383766560743,,0,,,0,
2026-10-02,松阪,10,104720261002,1790921760,1790921460,9,8,014053,両,95.24,,,,,0.001156583820878309,,-0.3420953556987567,-0.11389874441049852,-0.04988701112543782,0.0006735877880179948,0.0014497223579893626,,0,,,0,
2026-10-02,大宮,11,112520261002,1790922720,1790922420,1,1,015051,両,112.75,,,,,0.5054135318664826,0.2457561033851396,0.10383580488441285,0.16668436228164127,-0.07001683205881457,-0.1710842549988056,0.00047457899787625154,,0,,,0,
2026-10-02,大宮,11,112520261002,1790922720,1790922420,2,5,014380,逃,111.8,,,,,0.25965742848134304,,-0.3716191398509763,0.05574607905655606,0.11240187908587172,0.02851404249980094,0.0011389895949029997,,0,,,0,
2026-10-02,大宮,11,112520261002,1790922720,1790922420,3,3,015381,逃,107.17,,,,,0.14622982899259096,,0.03629072824556317,0.18245899481277988,0.06748429652135633,-0.05011558984813497,0.0015186527932039963,,0,,,0,
2026-10-02,大宮,11,112520261002,1790922720,1790922420,4,7,015417,逃,102.29,,,,,0.04386268812769386,,0.25453513654052345,0.03997144652541744,-0.06787692236230272,0.13133740787787096,0.0011389895949029997,,0,,,0,
2026-10-02,大宮,11,112520261002,1790922720,1790922420,5,2,014800,逃,101.77,,,,,0.020612977052394794,,-0.031254348393286537,0.18245899481277988,-0.03457159506551592,-0.019873423560467323,0.0008542421961772483,,0,,,0,
2026-10-02,大宮,11,112520261002,1790922720,1790922420,6,4,014020,両,106.85,,,,,0.015242686866970837,,0.03629072824556317,-0.3166384197797382,0.029594914236489384,-0.05011558984813497,0.0035118845842842454,,0,,,0,
2026-10-02,大宮,11,112520261002,1790922720,1790922420,7,6,015651,逃,99.91,,,,,0.008980858612523882,,-0.02807890967179976,0.024196813994278813,-0.037015740357084215,0.13133740787787096,0.0031322213859832477,,0,,,0,
2026-10-02,松阪,11,114720261002,1790923680,1790923380,1,3,015035,両,113.95,,,,,0.4657008310643823,0.13357674881874476,0.13380909672086708,0.09310621203687318,0.04494344366065518,0.019747225874010805,0.0012609940551275964,,0,,,0,
2026-10-02,松阪,11,114720261002,1790923680,1790923380,2,9,015356,逃,110.88,,,,,0.33212408224563755,,0.003838596075599006,0.2927324011789625,0.1717662768228485,0.26626904565601656,0.004287379787433826,,0,,,0,
2026-10-02,松阪,11,114720261002,1790923680,1790923380,3,7,015383,追,108.58,,,,,0.08960328356887953,,0.2036458179358397,0.19210815955628505,-0.017736238174609894,-0.0031850364312920607,0.0012609940551275946,,0,,,0,
2026-10-02,松阪,11,114720261002,1790923680,1790923380,4,1,015476,逃,106.64,,,,,0.04965520632230182,,0.07367531729057158,0.14422947989984466,0.16329568550275675,-0.06051569219454922,0.002017590488204152,,0,,,0,
2026-10-02,松阪,11,114720261002,1790923680,1790923380,5,2,013637,追,105.84,,,,,0.03620094327505535,,-0.09819721608368001,0.09310621203687318,-0.04907607909224243,0.019747225874010805,0.00025219881102552004,,0,,,0,
2026-10-02,松阪,11,114720261002,1790923680,1790923380,6,5,012339,追,106.0,,,,,0.017212466665136872,,-0.038063436653384526,-0.09635080024340437,-0.08041592000987496,-0.06051569219454922,0.0015131928661531156,,0,,,0,
2026-10-02,松阪,11,114720261002,1790923680,1790923380,7,4,015628,逃,100.52,,,,,0.004305702434018452,,-0.31314591905495753,-0.037274090552410384,-0.0406054877721507,-0.06051569219454922,0.0015131928661531156,,0,,,0,
2026-10-02,松阪,11,114720261002,1790923680,1790923380,8,8,015067,両,98.85,,,,,0.0038167231773350435,,0.10587440823487801,-0.22835339693595355,-0.04907607909224243,-0.06051569219454922,0.0007565964330765581,,0,,,0,
2026-10-02,松阪,11,114720261002,1790923680,1790923380,9,6,014249,追,96.46,,,,,0.0013807612472529185,,-0.0714366644657333,-0.07985047565683574,-0.14309560184514003,-0.06051569219454922,0.002269789299229673,,0,,,0,
2026-10-02,川崎,1,013420261002,1790924100,1790923800,1,5,015740,逃,85.28,,,,,0.6651852599138468,0.4823815364257765,0.2801886842207577,0.23760583590406256,0.09670976207962696,0.05094853039427504,6.65927158212022e-05,,0,,,0,
2026-10-02,川崎,1,013420261002,1790924100,1790923800,2,2,014269,追,85.19,,,,,0.1828037234880703,,-0.06143149585726581,-0.0247422054846026,0.1156654536947706,-0.016523847695440554,0.0019311887588148783,,0,,,0,
2026-10-02,川崎,1,013420261002,1790924100,1790923800,3,7,013273,追,84.0,,,,,0.05404251875153974,,-0.02418458467242284,0.13035169175999534,-0.0652600022768994,-0.06471840347380885,0.0017980033271724732,,0,,,0,
2026-10-02,川崎,1,013420261002,1790924100,1790923800,4,6,015281,逃,80.0,,,,,0.04354971691253671,,-0.12785396033172536,0.17113702279923487,0.060300504185713366,0.22444893119640086,0.003662599370166148,,0,,,0,
2026-10-02,川崎,1,013420261002,1790924100,1790923800,5,4,015829,逃,80.91,,,,,0.023212506170420234,,-0.20818289335933482,-0.0061131454803056455,-0.07689571312941276,-0.06471840347380885,0.00039955629492721646,,0,,,0,
2026-10-02,川崎,1,013420261002,1790924100,1790923800,6,3,013494,追,81.55,,,,,0.020184418472295358,,-0.07310171717311237,0.06388287865516765,-0.0652600022768994,-0.06471840347380885,0.0019311887588148783,,0,,,0,
2026-10-02,川崎,1,013420261002,1790924100,1790923800,7,1,013384,追,81.58,,,,,0.011021856291290745,,0.21456596717310258,-0.23724380644983742,-0.0652600022768994,-0.06471840347380885,0.0019311887588148783,,0,,,0,
2026-10-02,大宮,12,122520261002,1790924580,1790924280,1,1,015248,逃,113.73,,,,,0.9040457164494706,0.8667678372291927,0.2625422029163378,0.2781764277179637,0.24230362056873214,0.1679125258479357,0.004561578674099571,,0,,,0,
2026-10-02,大宮,12,122520261002,1790924580,1790924280,2,2,015475,両,110.39,,,,,0.03727787922027788,,-0.1879446668475615,-0.10830157914347037,0.017408307957053788,0.037313894632874586,0.0006559132733999387,,0,,,0,
2026-10-02,大宮,12,122520261002,1790924580,1790924280,3,7,014152,両,107.1,,,,,0.0312084534325896,,-0.20861794213549273,0.09699217675245941,-0.11702427666878956,0.037313894632874586,0.001908111340799821,,0,,,0,
2026-10-02,大宮,12,122520261002,1790924580,1790924280,4,3,015173,逃,101.6,,,,,0.016288854938703426,,0.21397766663991036,0.149350425430819,0.16001020692483797,-0.18035049072556056,0.00017888543819998302,,0,,,0,
2026-10-02,大宮,12,122520261002,1790924580,1790924280,5,5,015296,逃,99.47,,,,,0.004432349438222428,,-0.17051315928131544,0.011108175227696292,-0.06864930544425538,-0.05845843492483687,0.0004472135954999581,,0,,,0,
2026-10-02,大宮,12,122520261002,1790924580,1790924280,6,4,014500,追,104.36,,,,,0.0038426249913550863,,0.08581405799950176,-0.18943953103421243,-0.11702427666878956,-0.041045284096162066,0.0016994116628998406,,0,,,0,
2026-10-02,大宮,12,122520261002,1790924580,1790924280,7,6,014239,両,97.95,,,,,0.002904121529381024,,0.004741840708619258,0.09699217675245941,-0.11702427666878956,0.037313894632874586,2.9814239699997555e-05,,0,,,0,
2026-10-02,久留米,1,018320261002,1790925000,1790924700,1,2,016017,逃,71.22,,,,,0.4796425423057971,0.2942001079296356,0.13776717401498095,0.07255873438948392,-0.08863621349452065,-0.061779882864097205,0.0015322409370161839,,0,,,0,
2026-10-02,久留米,1,018320261002,1790925000,1790924700,2,6,015571,逃,66.53,,,,,0.18544243437616154,,-0.3209005507387553,-0.05014827790118447,0.013225930328384504,-0.061779882864097205,0.00034475421082864134,,0,,,0,
2026-10-02,久留米,1,018320261002,1790925000,1790924700,3,7,014765,追,70.3,,,,,0.12635388143600035,,-0.10976778855052745,0.05217978133353498,-0.013951948452661858,-0.061779882864097205,0.0015322409370161839,,0,,,0,
2026-10-02,久留米,1,018320261002,1790925000,1790924700,4,3,014948,逃,68.85,,,,,0.08391801404396783,,0.014981770714927529,0.0896134109286038,0.04548593597937239,-0.061779882864097205,0.001953607194695634,,0,,,0,
2026-10-02,久留米,1,018320261002,1790925000,1790924700,5,4,014555,追,67.44,,,,,0.07173594040531171,,-0.013648950595546397,0.2709711787556457,0.07178019254474936,0.1944922238314171,0.003830602342540459,,0,,,0,
2026-10-02,久留米,1,018320261002,1790925000,1790924700,6,5,014275,追,69.0,,,,,0.03866767582102869,,0.10864541371315653,-0.10755598162182133,0.07178019254474936,0.11440719048906887,0.0015322409370161839,,0,,,0,
2026-10-02,久留米,1,018320261002,1790925000,1790924700,7,1,012754,追,67.76,,,,,0.014239511611732817,,0.18292293144176924,-0.10755598162182133,-0.09968408945007307,-0.061779882864097205,0.0015322409370161839,,0,,,0,
2026-10-02,川崎,2,023420261002,1790925480,1790925180,1,7,015820,逃,86.28,,,,,0.5112097765729028,0.17305779922723913,0.12917691937641598,0.09727871265709821,0.21369151078671225,0.1357968736296952,0.002124085000465348,,0,,,0,
2026-10-02,川崎,2,023420261002,1790925480,1790925180,2,4,013047,追,86.61,,,,,0.33815197734566366,,0.16759441037280765,-0.07307427314121583,0.10339622688329655,-0.10366173559518715,0.0005138915323706489,,0,,,0,
2026-10-02,川崎,2,023420261002,1790925480,1790925180,3,1,015743,逃,78.93,,,,,0.04289408119154008,,-0.10132802660193371,0.22819435599640508,-0.03019204095845436,0.1357968736296952,0.003871316210525554,,0,,,0,
2026-10-02,川崎,2,023420261002,1790925480,1790925180,4,5,014012,追,83.66,,,,,0.04159924429338949,,0.10996817387822025,-0.051254999251331354,-0.03669989396565158,-0.10366173559518715,0.00140463685514644,,0,,,0,
2026-10-02,川崎,2,023420261002,1790925480,1790925180,5,2,015264,両,83.6,,,,,0.03694142481446662,,-0.08354667832344732,-0.14273330013163105,-0.03669989396565158,0.012439408271422467,0.00140463685514644,,0,,,0,
2026-10-02,川崎,2,023420261002,1790925480,1790925180,6,3,013729,追,81.45,,,,,0.024725897667382743,,0.14981306209432127,0.022252940367338648,-0.03669989396565158,-0.10366173559518715,0.0011648208067068038,,0,,,0,
2026-10-02,川崎,2,023420261002,1790925480,1790925180,7,6,012914,追,76.34,,,,,0.004477598114654619,,-0.37167786079638443,0.25421483520705135,-0.1767960148145997,0.02695205125474866,0.0017129717745688296,,0,,,0,
2026-10-02,松阪,12,124720261002,1790925900,1790925600,1,1,014741,両,117.0,,,,,0.6335917919506003,0.40280507747367644,-0.16283041378622676,0.2569942201435884,0.1342132329558072,0.14007549170244085,0.004054991124544446,,0,,,0,
2026-10-02,松阪,12,124720261002,1790925900,1790925600,2,5,015439,両,110.62,,,,,0.23078671447692387,,0.22518599821152852,0.2292506993896907,0.02265984288441069,-0.03614851398772669,0.00011585688927269823,,0,,,0,
2026-10-02,松阪,12,124720261002,1790925900,1790925600,3,7,015832,逃,105.76,,,,,0.04343993070355749,,0.04186451223371873,0.18137201973325034,-0.02484973457907544,0.2123725196778942,0.0026647084532720644,,0,,,0,
2026-10-02,松阪,12,124720261002,1790925900,1790925600,4,3,014182,両,106.13,,,,,0.0266457479171394,,-0.3264896130800414,0.12842109884257324,-0.06293325648726544,-0.013555692745397516,0.00040549911245444476,,0,,,0,
2026-10-02,松阪,12,124720261002,1790925900,1790925600,5,9,014523,追,105.63,,,,,0.02649302711605499,,0.224895480340298,-0.14329621790777983,0.10825294225608684,-0.00451856424846585,0.0006372128909998412,,0,,,0,
2026-10-02,松阪,12,124720261002,1790925900,1790925600,6,2,014441,追,104.85,,,,,0.02279406997947873,,0.08545099206243938,0.0149877982270661,-0.0344022233633734,-0.08585272072085087,0.0009847835588179365,,0,,,0,
2026-10-02,松阪,12,124720261002,1790925900,1790925600,7,4,015609,逃,102.5,,,,,0.014025284293700374,,0.06578870537844411,-0.007683481292594894,0.12558087492740072,-0.08585272072085087,0.0009847835588179365,,0,,,0,
2026-10-02,松阪,12,124720261002,1790925900,1790925600,8,8,014617,追,98.68,,,,,0.0011843299513064984,,0.01351717675802669,-0.14329621790777983,-0.1485263558589416,-0.08585272072085087,0.001853710228363175,,0,,,0,
2026-10-02,松阪,12,124720261002,1790925900,1790925600,9,6,014286,追,95.34,,,,,0.001039103611238342,,-0.16738283811818738,-0.14329621790777983,-0.11999532273504954,-0.040667078236192526,0.002548851563999366,,0,,,0,
2026-10-02,久留米,2,028320261002,1790926320,1790926020,1,4,015900,逃,71.7,,,,,0.7569878490643984,0.6728802846373676,0.2240847455318174,0.3081839689538757,0.12588237481113884,0.24494897427831785,0.004355609281042807,,0,,,0,
2026-10-02,久留米,2,028320261002,1790926320,1790926020,2,7,015295,逃,69.77,,,,,0.0841075644270308,,0.03261223680848138,0.024653415380701663,0.21333041155806115,-0.040824829046386304,8.711218562085608e-05,,0,,,0,
2026-10-02,久留米,2,028320261002,1790926320,1790926020,3,1,013206,追,73.04,,,,,0.054203252054143045,,0.011337513616999514,-0.01256599759071986,0.04278642463372978,-0.040824829046386304,0.0003194113472764727,,0,,,0,
2026-10-02,久留米,2,028320261002,1790926320,1790926020,4,3,015300,逃,68.92,,,,,0.05101845122373272,,-0.0936734553190977,-0.06927210830535466,-0.08183648483807396,-0.040824829046386304,0.0019455054788657875,,0,,,0,
2026-10-02,久留米,2,028320261002,1790926320,1790926020,5,5,015542,逃,68.65,,,,,0.03666118094974096,,-0.05886027191485477,0.15224216448862998,-0.05340781684083876,-0.040824829046386304,0.0006968974849668492,,0,,,0,
2026-10-02,久留米,2,028320261002,1790926320,1790926020,6,2,012618,追,67.05,,,,,0.015150843814831557,,0.08039246170211689,0.05831664080257366,-0.12337745466200853,-0.040824829046386304,0.0009291966466224657,,0,,,0,
2026-10-02,久留米,2,028320261002,1790926320,1790926020,7,6,013513,追,65.81,,,,,0.0018708584661224807,,-0.19589323042546206,-0.12667981202599152,-0.12337745466200853,-0.040824829046386304,0.0019455054788657875,,0,,,0,
2026-10-02,川崎,3,033420261002,1790926920,1790926620,1,5,015872,逃,90.8,,,,,0.6669273208151374,0.5178720284311304,0.27493340986616394,0.35548253659602386,-0.019602770731527747,0.20290395386920093,0.004686282342724883,,0,,,0,
2026-10-02,川崎,3,033420261002,1790926920,1790926620,2,3,014740,追,92.08,,,,,0.149055292384007,,0.1171989889985498,0.04424571170208754,0.09556453299110679,-0.08418355532871102,0.0012861807516717748,,0,,,0,
2026-10-02,川崎,3,033420261002,1790926920,1790926620,3,2,015194,逃,93.0,,,,,0.129316949753344,,0.10681864331268562,0.0762007537114384,0.018659045468203603,-0.08418355532871102,0.00040750281241085963,,0,,,0,
2026-10-02,川崎,3,033420261002,1790926920,1790926620,4,1,014235,両,93.0,,,,,0.032080540686015464,,-0.3663846192901567,-0.10333753528579513,0.05943155490649332,0.08202500262797488,0.0011970395114568994,,0,,,0,
2026-10-02,川崎,3,033420261002,1790926920,1790926620,5,4,013311,追,86.7,,,,,0.010936502142676486,,-0.009104504014378699,0.017647446665460354,-0.01283440126273364,-0.028780702676482396,0.0010187570310271484,,0,,,0,
2026-10-02,川崎,3,033420261002,1790926920,1790926620,6,7,012380,追,87.66,,,,,0.00909001758918787,,0.0012758416714854781,0.030946579183773946,-0.0851003574319606,-0.0035975878345602882,0.0003056271093081443,,0,,,0,
2026-10-02,川崎,3,033420261002,1790926920,1790926620,7,6,014520,両,82.14,,,,,0.0025933766296318377,,-0.12473776054434994,-0.08630722086927409,-0.056117603939581706,-0.08418355532871102,0.0012861807516717748,,0,,,0,
2026-10-02,久留米,3,038320261002,1790927640,1790927340,1,7,016008,逃,77.33,,,,,0.8203368983881656,0.6853740921521131,0.33224568908985214,0.3535616521768776,0.01608092528908016,-0.05443310539518174,0.00487999488859335,,0,,,0,
2026-10-02,久留米,3,038320261002,1790927640,1790927340,2,1,014046,追,74.45,,,,,0.13496280623605253,,0.12141786323838452,0.10060714572503873,0.15053322163023108,-0.05443310539518174,0.0011874943156967835,,0,,,0,
2026-10-02,久留米,3,038320261002,1790927640,1790927340,3,3,013802,追,73.5,,,,,0.02357469684714824,,-0.0611601402785956,0.052480064196659564,-0.0018634096552700985,-0.05443310539518174,0.0007627700713964739,,0,,,0,
2026-10-02,久留米,3,038320261002,1790927640,1790927340,4,5,014780,両,72.41,,,,,0.011040907255406854,,-0.1908421867891833,0.01667208147822365,0.03642006598183418,0.0408248290463863,0.0005807453952677699,,0,,,0,
2026-10-02,久留米,3,038320261002,1790927640,1790927340,5,2,012976,両,71.83,,,,,0.004499956294858888,,0.030054656972101357,-0.028991180288166846,-0.08145158208014638,-0.05443310539518174,0.0007020951793535727,,0,,,0,
2026-10-02,久留米,3,038320261002,1790927640,1790927340,6,6,011622,追,70.88,,,,,0.003355829101168308,,0.04823546139677195,-0.16105332606336104,-0.0018634096552700985,-0.05443310539518174,0.0007627700713964739,,0,,,0,
2026-10-02,久留米,3,038320261002,1790927640,1790927340,7,4,012832,追,71.77,,,,,0.0022289058771995333,,-0.2799513436293309,-0.11321357296283033,-0.11785581151045885,0.2313406979295224,0.0008841198554822768,,0,,,0,
2026-10-02,川崎,4,043420261002,1790928360,1790928060,1,1,014981,逃,91.61,,,,,0.41187499209398903,0.1337553996076276,0.08976191585839054,0.019822662936354356,0.10799971025450804,0.10801234497346435,0.000129640744710433,,0,,,0,
2026-10-02,川崎,4,043420261002,1790928360,1790928060,2,7,015904,逃,89.66,,,,,0.2781195924863614,,0.11220587034470893,0.18856525249167155,-0.07138205664173225,0.10801234497346435,0.003241018617760822,,0,,,0,
2026-10-02,川崎,4,043420261002,1790928360,1790928060,3,3,015880,逃,88.88,,,,,0.12079015043929457,,0.3630157212124391,0.28625833065527617,-0.07138205664173225,-0.10801234497346435,0.002722455638919091,,0,,,0,
2026-10-02,川崎,4,043420261002,1790928360,1790928060,4,4,014822,両,89.15,,,,,0.10647170319895548,,-0.0660045435037021,-0.021149473202755557,0.028824861240329874,-0.10801234497346435,0.0007778444682625973,,0,,,0,
2026-10-02,川崎,4,043420261002,1790928360,1790928060,5,5,014144,追,89.41,,,,,0.044423268212537836,,-0.1386039805230211,0.005494093569136634,-0.02659753306959485,-0.10801234497346435,0.0014260481918147618,,0,,,0,
2026-10-02,川崎,4,043420261002,1790928360,1790928060,6,2,014336,追,85.58,,,,,0.03639996198746925,,-0.16500672473029418,0.023256471417064748,0.059134607927816385,0.10801234497346435,0.001166766702393896,,0,,,0,
2026-10-02,川崎,4,043420261002,1790928360,1790928060,7,6,013896,追,81.95,,,,,0.0019203315813925066,,-0.19536825865852167,-0.16736906616303307,-0.02659753306959485,0.0,0.002463174149498225,,0,,,0,
2026-10-02,久留米,4,048320261002,1790929080,1790928780,1,2,015637,逃,79.83,,,,,0.611829722480006,0.2466996572212808,0.1989892544069276,0.09937251875738506,0.215550636172485,-0.05443310539518174,0.0015025705044374353,,0,,,0,
2026-10-02,久留米,4,048320261002,1790929080,1790928780,2,1,015993,逃,77.91,,,,,0.3651300652587252,,0.2905305883100141,0.23015016669333596,0.17177808233804936,-0.05443310539518174,0.0037996035744394924,,0,,,0,
2026-10-02,久留米,4,048320261002,1790929080,1790928780,3,6,014407,逃,67.95,,,,,0.009538887521085832,,-0.17270728164174698,0.27798991979386667,-0.035004550557619835,0.0408248290463863,0.0010189845949633185,,0,,,0,
2026-10-02,久留米,4,048320261002,1790929080,1790928780,4,7,012208,追,73.29,,,,,0.0087987916997136,,0.05745861628805282,-0.011995299542372282,-0.10838714777394862,0.2313406979295224,0.0016407379071443264,,0,,,0,
2026-10-02,久留米,4,048320261002,1790929080,1790928780,5,3,014093,追,74.22,,,,,0.003485692456218763,,0.019679653089953654,-0.12057686549881604,-0.05965249388822062,-0.05443310539518174,0.0018825308618813847,,0,,,0,
2026-10-02,久留米,4,048320261002,1790929080,1790928780,6,4,013796,追,70.71,,,,,0.000763362157100322,,-0.0550112809092072,-0.12057686549881604,-0.10838714777394862,-0.05443310539518174,0.0016407379071443264,,0,,,0,
2026-10-02,久留米,4,048320261002,1790929080,1790928780,7,5,013505,追,68.08,,,,,0.00045347842715023255,,-0.33893954954399436,-0.08646095734161142,-0.07589737851679662,-0.05443310539518174,0.0011571519976702092,,0,,,0,
2026-10-02,川崎,5,053420261002,1790929800,1790929500,1,1,015116,逃,96.22,,,,,0.8662028436312802,0.8244998569113942,0.10789016236947732,0.15390384564756163,0.29497308626656366,-0.13300992689306507,0.0030117500390756764,,0,,,0,
2026-10-02,川崎,5,053420261002,1790929800,1790929500,2,4,013929,追,89.19,,,,,0.041702986719885995,,0.07165177852710823,0.20174359874809233,0.020134681656420732,0.06979728836962819,0.0004125684985035166,,0,,,0,
2026-10-02,川崎,5,053420261002,1790929800,1790929500,3,5,014634,追,87.0,,,,,0.03891483829588299,,0.16037386998379194,0.24157996040766977,0.027181820236167997,0.17120089600097482,0.0024341541411707513,,0,,,0,
2026-10-02,川崎,5,053420261002,1790929800,1790929500,4,3,015554,逃,89.87,,,,,0.02707459206839851,,-0.18414100555238677,0.07423112232840688,-0.17013805999675513,-0.0039507899077148,0.0013202191952112559,,0,,,0,
2026-10-02,川崎,5,053420261002,1790929800,1790929500,5,2,014077,両,87.87,,,,,0.01934734779446333,,0.13596364058531615,-0.04527796265032535,-0.0010067340828210161,-0.13300992689306507,0.0030530068889260287,,0,,,0,
2026-10-02,川崎,5,053420261002,1790929800,1790929500,6,7,014302,追,86.04,,,,,0.004212821069536898,,-0.14173359327534663,-0.0771109328689494,-0.06443098130054632,0.01448622966162094,0.0013202191952112559,,0,,,0,
2026-10-02,川崎,5,053420261002,1790929800,1790929500,7,6,013616,追,85.4,,,,,0.002544570420552105,,-0.15000485263796032,-0.2141913599087411,-0.10671381277902986,0.01448622966162094,0.00016502739940140728,,0,,,0,
2026-10-02,久留米,5,058320261002,1790930520,1790930220,1,2,015666,逃,56.19,,,,,0.9250952145652931,0.8855848414449936,0.3071527812132361,-0.028703851860318427,0.2394278430915638,0.2157277486520025,0.0045522294107176635,,0,,,0,
2026-10-02,久留米,5,058320261002,1790930520,1790930220,2,6,015679,両,53.42,,,,,0.039510373120299536,,0.12081813578925134,-0.028703851860318427,0.10875945822313547,0.07844645405527363,0.0005232447598526047,,0,,,0,
2026-10-02,久留米,5,058320261002,1790930520,1790930220,3,3,015773,両,51.51,,,,,0.01897413338294256,,0.09916424121100904,-0.028703851860318427,0.0074993019153198025,-0.05883484054145521,0.0005755692358378655,,0,,,0,
2026-10-02,久留米,5,058320261002,1790930520,1790930220,4,4,015139,追,51.0,,,,,0.010234219757804999,,0.05379046807226186,-0.028703851860318427,0.022949430296958458,-0.05883484054145521,2.6162237992630304e-05,,0,,,0,
2026-10-02,久留米,5,058320261002,1790930520,1790930220,5,5,016032,両,48.4,,,,,0.004055492561809917,,-0.06746764405699825,-0.028703851860318427,-0.1045582827144765,-0.05883484054145521,0.001491247565579924,,0,,,0,
2026-10-02,久留米,5,058320261002,1790930520,1790930220,6,7,015314,追,48.19,,,,,0.0015229964106416802,,-0.2015229794909772,-0.028703851860318427,-0.11926239699478283,-0.05883484054145521,0.001491247565579924,,0,,,0,
2026-10-02,久留米,5,058320261002,1790930520,1790930220,7,1,016038,両,45.14,,,,,0.0006075702012081973,,-0.31193500273778313,-0.028703851860318427,-0.15481535381771816,-0.05883484054145521,0.001491247565579924,,0,,,0,
2026-10-02,川崎,6,063420261002,1790931240,1790930940,1,1,015528,逃,103.0,,,,,0.6546845224692641,0.5080974433455386,-0.009946264732261755,0.39404987225747173,0.08786949416871553,0.011038946493217636,0.0008442143555243691,,0,,,0,
2026-10-02,川崎,6,063420261002,1790931240,1790930940,2,5,015616,逃,98.95,,,,,0.14658707912372548,,0.14298617901728417,-0.002295538686842124,0.14833691424078888,-0.10486999168556753,0.0031199226182422324,,0,,,0,
2026-10-02,川崎,6,063420261002,1790931240,1790930940,3,4,014450,両,98.13,,,,,0.10233771227636644,,0.13374871919617998,0.02692496835383938,0.03413748589737613,0.19318156363130856,0.0006973944676070869,,0,,,0,
2026-10-02,川崎,6,063420261002,1790931240,1790930940,4,2,014606,逃,99.62,,,,,0.06261750538235658,,-0.11918372455336593,-0.03947274414543779,-0.05905160210237611,0.019318156363130848,0.0015783137951107763,,0,,,0,
2026-10-02,川崎,6,063420261002,1790931240,1790930940,5,3,015430,逃,95.68,,,,,0.031477684443096,,0.09005373526773824,-0.044119894827762254,0.02659796915518345,-0.013798683116522052,0.0019453635149039806,,0,,,0,
2026-10-02,川崎,6,063420261002,1790931240,1790930940,6,6,014026,両,91.6,,,,,0.0022954963051913307,,-0.2376586441955743,-0.01954653846940521,-0.23789026135968788,-0.10486999168556753,0.002606053010531748,,0,,,0,
2026-10-02,久留米,6,068320261002,1790931960,1790931660,1,4,015080,逃,59.33,,,,,0.9445519821284418,0.8964474885540672,0.3624749932409825,-0.028703851860318427,0.20903835905832913,0.24494897427831785,0.00415063531372708,,0,,,0,
2026-10-02,久留米,6,068320261002,1790931960,1790931660,2,2,015220,両,55.39,,,,,0.04810449357437467,,0.12495490446410398,-0.028703851860318427,0.2085057275134855,-0.0408248290463863,0.0018121066369686514,,0,,,0,
2026-10-02,久留米,6,068320261002,1790931960,1790931660,3,7,015671,追,52.75,,,,,0.0036534860737744397,,0.04487087838589595,-0.028703851860318427,-0.03245329043836733,-0.0408248290463863,0.0006681510505024081,,0,,,0,
2026-10-02,久留米,6,068320261002,1790931960,1790931660,4,6,014896,追,50.28,,,,,0.001765279503689391,,0.01048683843630066,-0.028703851860318427,-0.030179503143702182,-0.0408248290463863,0.00116420258799662,,0,,,0,
2026-10-02,久留米,6,068320261002,1790931960,1790931660,5,1,015082,追,49.24,,,,,0.0009091324360740078,,-0.09615717654479766,-0.028703851860318427,-0.07928082165193881,-0.0408248290463863,0.001376796104065568,,0,,,0,
2026-10-02,久留米,6,068320261002,1790931960,1790931660,6,3,014925,追,48.16,,,,,0.0005870992769133458,,-0.16334919651959526,-0.028703851860318427,-0.12610835286551028,-0.0408248290463863,0.001376796104065568,,0,,,0,
2026-10-02,久留米,6,068320261002,1790931960,1790931660,7,5,015079,追,46.79,,,,,0.0004285270067322637,,-0.28328124146289,-0.028703851860318427,-0.14952211847229602,-0.0408248290463863,0.001376796104065568,,0,,,0,
2026-10-02,川崎,7,073420261002,1790932680,1790932380,1,1,015730,逃,100.61,,,,,0.5195723125329264,0.2968720753637727,0.27866426652284143,0.13463476620363105,0.17785324990433427,-0.11149039208327201,0.0025641707850896167,,0,,,0,
2026-10-02,川崎,7,073420261002,1790932680,1790932380,2,5,015687,逃,98.78,,,,,0.22270023716915363,,0.1321073277341408,0.11739019875239409,0.12383119558444396,0.04918693768379647,0.0005698157300199144,,0,,,0,
2026-10-02,川崎,7,073420261002,1790932680,1790932380,3,2,014465,両,96.96,,,,,0.13683052472183668,,-0.10913214030211639,0.12896076483670504,0.15843300287645262,0.07214084193623481,0.002089324343406355,,0,,,0,
2026-10-02,川崎,7,073420261002,1790932680,1790932380,4,7,013498,追,99.04,,,,,0.07418617088285889,,-0.01444961105455981,-0.0072157226594446126,-0.04553021637547516,0.07214084193623481,0.0017569318342280714,,0,,,0,
2026-10-02,川崎,7,073420261002,1790932680,1790932380,5,4,015615,逃,95.54,,,,,0.03557901467184033,,-0.06892556229607363,0.09447162993423117,-0.053416527639353915,0.14100255469354986,0.0018993857667330494,,0,,,0,
2026-10-02,川崎,7,073420261002,1790932680,1790932380,6,3,013537,追,94.64,,,,,0.007083051878936099,,0.11783795449866974,-0.09343855991562934,-0.20759637933514602,-0.11149039208327201,0.0027541093617629224,,0,,,0,
2026-10-02,川崎,7,073420261002,1790932680,1790932380,7,6,015612,逃,93.9,,,,,0.004048688142447977,,-0.3361022351029028,-0.25041971909050775,-0.15357432501525572,-0.11149039208327201,0.0015669932575547653,,0,,,0,
2026-10-02,久留米,7,078320261002,1790933400,1790933100,1,1,015210,両,84.86,,,,,0.8853984643808837,0.8437381652910204,0.0876636392714478,0.33150590770514343,0.25382403080414173,0.24000570769468665,0.0036770992596205894,,0,,,0,
2026-10-02,久留米,7,078320261002,1790933400,1790933100,2,4,014449,両,79.25,,,,,0.04166029908986328,,-0.23905281589287325,0.16379165495003603,-0.06704202640840673,0.008276058886023676,0.0006937923131359601,,0,,,0,
2026-10-02,久留米,7,078320261002,1790933400,1790933100,3,3,014615,両,80.28,,,,,0.032705848008945826,,0.06678851649364984,-0.07565165891106194,0.15778482312433675,-0.04965635331614207,0.0014916534732423146,,0,,,0,
2026-10-02,久留米,7,078320261002,1790933400,1790933100,4,7,013587,追,79.72,,,,,0.02155967022898863,,0.059503007213202404,0.07996509711728784,0.009356695478038156,-0.04965635331614207,0.00020813769394078822,,0,,,0,
2026-10-02,久留米,7,078320261002,1790933400,1790933100,5,5,012681,追,80.16,,,,,0.014402488402462976,,0.2818438484885333,-0.06120802734648607,-0.06704202640840673,-0.04965635331614207,0.0005203442348519701,,0,,,0,
2026-10-02,久留米,7,078320261002,1790933400,1790933100,6,2,013201,追,78.66,,,,,0.0031148741395631303,,-0.0239974838979898,-0.15700980772676967,-0.14344074829485162,-0.04965635331614207,0.0023935834803190626,,0,,,0,
2026-10-02,久留米,7,078320261002,1790933400,1790933100,7,6,012242,追,76.95,,,,,0.0011583557492925681,,-0.2327487116759701,-0.10917005462623897,-0.14344074829485162,-0.04965635331614207,0.0023935834803190626,,0,,,0,
2026-10-02,川崎,8,083420261002,1790934180,1790933880,1,7,015276,逃,98.0,,,,,0.42150276465593806,0.03490809234320835,0.26316605094470025,0.11357623597415747,0.3131230534518702,0.19186597178168852,0.0026306160177509406,,0,,,0,
2026-10-02,川崎,8,083420261002,1790934180,1790933880,2,3,014322,両,105.74,,,,,0.3865946723127297,,-0.07149764875944316,0.07531357040847465,0.010174211035802558,-0.0756762199457656,0.0006972717155484422,,0,,,0,
2026-10-02,川崎,8,083420261002,1790934180,1790933880,3,2,013726,両,99.33,,,,,0.13058132266212763,,0.24067981381682096,0.32883228263969133,-0.005652339464334768,0.10090162659435414,0.001521320106651146,,0,,,0,
2026-10-02,川崎,8,083420261002,1790934180,1790933880,4,5,013724,追,101.22,,,,,0.03706688221131362,,-0.1989196591507595,0.06670332854185332,0.010174211035802558,-0.0756762199457656,0.002408756835530982,,0,,,0,
2026-10-02,川崎,8,083420261002,1790934180,1790933880,5,4,014259,追,100.82,,,,,0.01632110867437852,,0.09208649490464865,-0.1112477613114825,-0.05497883790356986,-0.0756762199457656,0.002472145173308113,,0,,,0,
2026-10-02,川崎,8,083420261002,1790934180,1790933880,6,6,014043,追,95.96,,,,,0.003997920182570292,,-0.09529881449434578,-0.15908751441201321,-0.15270841131262847,0.009937281407019724,0.002250285991088154,,0,,,0,
2026-10-02,川崎,8,083420261002,1790934180,1790933880,7,1,013368,追,98.94,,,,,0.003935329300942202,,-0.23021623726162166,-0.0940272775782398,-0.12013188684294226,-0.0756762199457656,0.0011409900799883598,,0,,,0,
2026-10-02,久留米,8,088320261002,1790934960,1790934660,1,7,015753,逃,90.23,,,,,0.8894504091097953,0.8041329223467186,0.15756637929775352,0.32430062287493217,0.25393284008284955,0.24494897427831785,0.0018190171877724968,,0,,,0,
2026-10-02,久留米,8,088320261002,1790934960,1790934660,2,1,013155,追,83.95,,,,,0.08531748676307667,,0.3054868274529838,0.1514281202845513,0.05910162358509756,-0.040824829046386304,0.0009701425001453317,,0,,,0,
2026-10-02,久留米,8,088320261002,1790934960,1790934660,3,5,015214,逃,82.29,,,,,0.011040961754238089,,0.12176677939657599,-0.12669183912699716,-0.03384722973496002,-0.040824829046386304,0.00242535625036333,,0,,,0,
2026-10-02,久留米,8,088320261002,1790934960,1790934660,4,2,013041,追,83.66,,,,,0.009561358013771665,,-0.08477815711345398,0.09625005636182338,-0.067746870850353,-0.040824829046386304,0.0007276068751089995,,0,,,0,
2026-10-02,久留米,8,088320261002,1790934960,1790934660,5,6,015534,逃,77.48,,,,,0.0022017857652733065,,-0.17719865135537277,0.020821271299928727,-0.033663789903444596,-0.040824829046386304,0.0015764815627361643,,0,,,0,
2026-10-02,久留米,8,088320261002,1790934960,1790934660,6,4,014094,追,81.16,,,,,0.0018439207961230657,,-0.14676546675054322,-0.07151377520426927,-0.025464039371869477,-0.040824829046386304,0.0015764815627361643,,0,,,0,
2026-10-02,久留米,8,088320261002,1790934960,1790934660,7,3,014563,両,79.45,,,,,0.0005840777977218929,,-0.17607771092794303,-0.12669183912699716,-0.15231253380732004,-0.040824829046386304,0.003516766563026828,,0,,,0,
2026-10-02,川崎,9,093420261002,1790935740,1790935440,1,7,015183,両,105.64,,,,,0.5018314314489607,0.13852051007052085,0.22768025854087393,0.10310833121751434,0.0901165849964403,0.049215886991703726,0.0012352440303719484,,0,,,0,
2026-10-02,川崎,9,093420261002,1790935740,1790935440,2,3,014833,両,103.6,,,,,0.36331092137843984,,-0.12917768733854157,0.35349361145707836,0.1337992254491771,0.20711685775675318,0.0005146850126549784,,0,,,0,
2026-10-02,川崎,9,093420261002,1790935740,1790935440,3,4,014081,追,102.96,,,,,0.10068047229601247,,0.12525097644391903,0.07861039605410461,0.06105309153128425,-0.10868508377334572,0.00020587400506199196,,0,,,0,
2026-10-02,川崎,9,093420261002,1790935740,1790935440,4,6,015340,逃,96.52,,,,,0.01567504256664613,,-0.13634300963001583,-0.04156704531036657,0.012380868409350293,-0.0321270373418066,0.003088110075929873,,0,,,0,
2026-10-02,川崎,9,093420261002,1790935740,1790935440,5,2,013070,追,96.69,,,,,0.008356452247829584,,-0.0727358436844006,0.01676555219130132,-0.1136774702796629,-0.003417769929979426,0.0009264330227789624,,0,,,0,
2026-10-02,川崎,9,093420261002,1790935740,1790935440,6,5,013966,追,98.73,,,,,0.006355276884648433,,-0.04093226071159313,-0.1234726841944132,-0.02631218937418932,-0.003417769929979426,0.003757200592381344,,0,,,0,
2026-10-02,川崎,9,093420261002,1790935740,1790935440,7,1,014645,追,96.76,,,,,0.0037904031774627293,,0.026257566379759213,-0.16687529715277746,-0.15736011073239967,-0.10868508377334572,0.0012867125316374474,,0,,,0,
2026-10-02,久留米,9,098320261002,1790936520,1790936220,1,1,015914,逃,91.52,,,,,0.4391733630506625,0.23222736898047666,0.2508532519513829,-0.2657986166075044,0.04583262165984221,0.08660254037844387,0.004512993187290717,,0,,,0,
2026-10-02,久留米,9,098320261002,1790936520,1790936220,2,5,014565,追,94.28,,,,,0.20694599407018585,,0.14500303564228448,-0.019901723071904458,0.05302652167459848,-0.11547005383792515,0.0014167001267546908,,0,,,0,
2026-10-02,久留米,9,098320261002,1790936520,1790936220,3,4,012829,両,92.22,,,,,0.15692196322563876,,-0.10345976591625847,0.2557522282707592,-0.05953879753583054,-0.11547005383792515,0.0008032835770258556,,0,,,0,
2026-10-02,久留米,9,098320261002,1790936520,1790936220,4,2,015560,逃,88.04,,,,,0.09002798751417031,,0.14500303564228448,0.12916773522777011,0.00924111787000205,0.08660254037844387,0.0009347299805391777,,0,,,0,
2026-10-02,久留米,9,098320261002,1790936520,1790936220,5,7,015545,逃,90.47,,,,,0.04173289280051465,,-0.27503855726678583,-0.05367653250099194,-0.09495177781770142,0.08660254037844387,0.0017234084016191085,,0,,,0,
2026-10-02,久留米,9,098320261002,1790936520,1790936220,6,3,014953,追,90.04,,,,,0.034050662300412884,,-0.19371765654683043,0.06448793895675495,-0.06629893672561686,-0.11547005383792515,0.0008032835770258556,,0,,,0,
2026-10-02,久留米,9,098320261002,1790936520,1790936220,7,6,014749,追,83.66,,,,,0.03114713703841512,,0.031356656493922865,0.17700748832830085,0.11268925087470616,0.08660254037844387,0.000701047485404383,,0,,,0,
2026-10-02,川崎,10,103420261002,1790937300,1790937000,1,5,014117,追,109.4,,,,,0.23023242859909324,0.0003051040778221936,-0.017921569401340355,-0.11194265179921797,0.044672037656784416,-0.08074214613987679,0.0,,0,,,0,
2026-10-02,川崎,10,103420261002,1790937300,1790937000,2,1,015121,逃,107.61,,,,,0.22992732452127104,,-0.17122336103006827,-0.08217041682207397,-0.015400198404320794,0.14671438749806878,0.0013251783128981588,,0,,,0,
2026-10-02,川崎,10,103420261002,1790937300,1790937000,3,4,014553,追,106.3,,,,,0.1819356162617959,,0.21364260143988023,-0.06020132641410148,-0.011903632481649676,-0.08074214613987679,0.001766904417197545,,0,,,0,
2026-10-02,川崎,10,103420261002,1790937300,1790937000,4,7,013920,追,106.0,,,,,0.12718707865716397,,0.12394797575676755,0.09502264974124797,-0.011903632481649676,-0.08074214613987679,0.001546041365047852,,0,,,0,
2026-10-02,川崎,10,103420261002,1790937300,1790937000,5,2,015598,逃,105.25,,,,,0.10558685452599455,,-0.09867710505288554,0.12479488471839198,-0.0701224830188033,0.14671438749806878,0.0044172610429938615,,0,,,0,
2026-10-02,川崎,10,103420261002,1790937300,1790937000,6,3,015129,逃,105.0,,,,,0.08205088227006958,,-0.23160756017942596,0.09892422202583372,0.019985871072854513,-0.08074214613987679,0.0006625891564490794,,0,,,0,
2026-10-02,川崎,10,103420261002,1790937300,1790937000,7,6,014175,追,101.07,,,,,0.04307981516461176,,0.18183901846707273,0.22261115715310453,0.044672037656784416,0.029539809563369553,0.0008834522085987727,,0,,,0,
2026-10-02,久留米,10,108320261002,1790938080,1790937780,1,5,015204,逃,95.52,,,,,0.6107038058891427,0.3934882280420395,0.14357589656198871,0.10395154901312674,0.1507285787436945,-0.03367813326971152,0.0007639830952092867,,0,,,0,
2026-10-02,久留米,10,108320261002,1790938080,1790937780,2,1,015926,逃,91.57,,,,,0.21721557784710327,,0.18495326396635794,0.25756018469683656,0.08525847432815421,0.04855916890051429,0.0034580287467367707,,0,,,0,
2026-10-02,久留米,10,108320261002,1790938080,1790937780,3,2,015809,逃,93.05,,,,,0.15089330395672387,,-0.15146526700622867,0.20959628260535074,-0.012630888618379577,0.18013885237287558,0.0024728926502826905,,0,,,0,
2026-10-02,久留米,10,108320261002,1790938080,1790937780,4,3,014614,追,86.66,,,,,0.015281523283823035,,0.21211853236607958,-0.03979117847218462,0.05847048021651433,-0.09398548819454378,0.0010454505513390238,,0,,,0,
2026-10-02,久留米,10,108320261002,1790938080,1790937780,5,7,012598,追,84.7,,,,,0.004237813626543254,,-0.18321872568912695,0.017616525248452232,-0.08441642144583769,0.08693657657995302,6.031445488494362e-05,,0,,,0,
2026-10-02,久留米,10,108320261002,1790938080,1790937780,6,4,012742,追,84.11,,,,,0.0011591563031475747,,-0.022744974509944213,-0.15490454349175067,-0.08441642144583769,-0.09398548819454378,0.002030586647793104,,0,,,0,
2026-10-02,久留米,10,108320261002,1790938080,1790937780,7,6,013348,追,81.71,,,,,0.0005088190935162341,,-0.18321872568912695,-0.12612620223685914,-0.11299380177830812,-0.09398548819454378,0.002030586647793104,,0,,,0,
2026-10-02,川崎,11,113420261002,1790938920,1790938620,1,2,015243,逃,112.72,,,,,0.47747918984307014,0.29240104305448555,0.2552931003099399,0.0013308255778587625,0.0069695039536272416,0.09582505672577103,0.0008634593969478336,,0,,,0,
2026-10-02,川崎,11,113420261002,1790938920,1790938620,2,3,015645,両,110.0,,,,,0.18507814678858459,,-0.0528903109439211,0.11629753596418928,-0.027294523929953393,0.1381262078930033,0.0031660177888087207,,0,,,0,
2026-10-02,川崎,11,113420261002,1790938920,1790938620,3,5,012450,追,107.27,,,,,0.18507105291054488,,0.1051724617690833,-0.03705445411135845,0.14611322680793387,0.09582505672577103,0.0028781979898261085,,0,,,0,
2026-10-02,川崎,11,113420261002,1790938920,1790938620,4,4,015647,逃,103.63,,,,,0.10004822204478524,,-0.00204634955491282,0.36532903224079843,-0.11452030212889305,-0.1035946559197525,0.000863459396947832,,0,,,0,
2026-10-02,川崎,11,113420261002,1790938920,1790938620,5,7,015716,逃,101.16,,,,,0.03083667949070503,,0.07737499216656588,-0.02741085201872388,0.044364948817184,-0.1035946559197525,0.00028781979898260965,,0,,,0,
2026-10-02,川崎,11,113420261002,1790938920,1790938620,6,6,014664,追,100.8,,,,,0.01218057591583938,,-0.12358960776329901,0.08749281547383299,-0.06260235747352608,-0.018992353585287964,0.0020147385928782776,,0,,,0,
2026-10-02,川崎,11,113420261002,1790938920,1790938620,7,1,014029,追,106.3,,,,,0.009306133006470763,,-0.25931428598345624,-0.17110663142288238,0.0069695039536272416,-0.1035946559197525,0.002014738592878276,,0,,,0,
2026-10-02,久留米,11,118320261002,1790939760,1790939460,1,1,015751,逃,96.72,,,,,0.9136305734875326,0.8568908624063122,0.35176315036818334,0.315866138425533,0.1572464813362237,0.044801323532998094,0.0038633171624171086,,0,,,0,
2026-10-02,久留米,11,118320261002,1790939760,1790939460,2,5,015632,逃,91.81,,,,,0.05673971108122049,,-0.05076968359671641,0.14551562944616836,0.05452494808716721,0.044801323532998094,0.001279570015577641,,0,,,0,
2026-10-02,久留米,11,118320261002,1790939760,1790939460,3,2,014193,追,88.7,,,,,0.011628606263682598,,0.12520892806707923,0.09114507715908034,-0.008113774801659368,0.044801323532998094,0.0018209265606297198,,0,,,0,
2026-10-02,久留米,11,118320261002,1790939760,1790939460,4,3,015377,逃,87.03,,,,,0.009174520725908726,,-0.05076968359671641,-0.024834879533196186,0.042316896373288414,0.14353016613349392,0.0013041771312618264,,0,,,0,
2026-10-02,久留米,11,118320261002,1790939760,1790939460,5,7,011854,追,87.53,,,,,0.005439583523468261,,0.034587239146637604,-0.045135330024411315,-0.18542035607369292,-0.14684878269149382,0.0002460711568418541,,0,,,0,
2026-10-02,久留米,11,118320261002,1790939760,1790939460,6,4,014333,追,87.52,,,,,0.002468654487274855,,-0.1780068889508675,-0.11957808464298467,0.08053951583435742,-0.14684878269149382,0.0002460711568418541,,0,,,0,
2026-10-02,久留米,11,118320261002,1790939760,1790939460,7,6,013363,追,84.09,,,,,0.0009183504309124657,,-0.23201306143759967,-0.028100279126474885,-0.14109371075568455,0.015763428650499327,0.0025099257997869113,,0,,,0,
2026-10-02,川崎,12,123420261002,1790940600,1790940300,1,4,014462,追,112.86,,,,,0.7514553249520679,0.593048432729997,0.13803028797813113,0.31003293228166884,0.06545370666492539,-0.04103247710954583,0.004262977008262298,,0,,,0,
2026-10-02,川崎,12,123420261002,1790940600,1790940300,2,7,014505,両,110.0,,,,,0.15840689222207088,,0.2843033949321861,0.05465398052452232,0.08864432714064316,0.1326398678657411,0.0013776693990115968,,0,,,0,
2026-10-02,川崎,12,123420261002,1790940600,1790940300,3,5,015324,逃,105.66,,,,,0.055822745400334356,,0.025616922495295028,-0.010211036026484804,0.03348600738128765,-0.08779041614135386,0.0006238502938920431,,0,,,0,
2026-10-02,川崎,12,123420261002,1790940600,1790940300,4,2,014955,両,102.18,,,,,0.015794700902481716,,-0.09790204770945662,0.05789001777542091,0.008822345826078862,0.005725461922262202,0.0011957130632930845,,0,,,0,
2026-10-02,川崎,12,123420261002,1790940600,1790940300,5,1,013628,追,104.9,,,,,0.008266170326624698,,0.00813039897574281,-0.2581326749532611,-0.02730877523794572,0.166038395745604,0.0010137567275745713,,0,,,0,
2026-10-02,川崎,12,123420261002,1790940600,1790940300,6,3,015614,逃,99.56,,,,,0.00818497555794825,,-0.16535006699915825,0.12599107157732667,-0.002645113682736941,-0.08779041614135386,0.0008058066296105559,,0,,,0,
2026-10-02,川崎,12,123420261002,1790940600,1790940300,7,6,013741,追,96.47,,,,,0.0020691906384722007,,-0.19282888967274053,0.05465398052452232,-0.16645249809225238,-0.08779041614135386,0.002105494741885648,,0,,,0,
2026-10-02,奈良,1,015320261002,1790941260,1790940960,1,3,014868,逃,68.57,,,,,0.320043444298815,0.07637205168278663,0.07587189694244058,0.0,0.06902709822639119,0.2056393282268544,0.001039896375351247,,0,,,0,
2026-10-02,奈良,1,015320261002,1790941260,1790940960,2,1,012795,追,72.05,,,,,0.24367139261602835,,0.14835412130086073,0.0,0.018806372761390158,-0.07544164704180456,0.0013151630629442245,,0,,,0,
2026-10-02,奈良,1,015320261002,1790941260,1790940960,3,2,014067,追,71.68,,,,,0.18309804196775895,,0.07015777517394942,0.0,0.07942815102630088,0.03528722200342473,0.00024468150008264653,,0,,,0,
2026-10-02,奈良,1,015320261002,1790941260,1790940960,4,5,014482,両,67.8,,,,,0.11162240645779069,,-0.002014403311875315,0.0,0.07942815102630088,-0.07544164704180456,0.004465437376508297,,0,,,0,
2026-10-02,奈良,1,015320261002,1790941260,1790940960,5,4,014932,両,67.9,,,,,0.10462373282686961,,0.07015777517394942,0.0,0.018806372761390158,0.06084003793693918,0.0013151630629442245,,0,,,0,
2026-10-02,奈良,1,015320261002,1790941260,1790940960,6,6,012290,追,65.46,,,,,0.03276045148172343,,0.045499929468019465,0.0,-0.10243718376843124,-0.07544164704180456,0.0013151630629442245,,0,,,0,
2026-10-02,奈良,1,015320261002,1790941260,1790940960,7,7,011431,追,62.53,,,,,0.004180530351013932,,-0.4080270947473449,0.0,-0.16305896203334194,-0.07544164704180456,0.0013151630629442245,,0,,,0,
2026-10-02,青森,1,011220261002,1790941740,1790941440,1,1,015760,逃,53.25,,,,,0.5840070129674754,0.4287805983216967,0.2479928718375084,0.0,0.21595077921539024,-0.0408248290463863,0.0019151863959671685,,0,,,0,
2026-10-02,青森,1,011220261002,1790941740,1790941440,2,3,015678,両,51.44,,,,,0.15522641464577872,,0.08969341297754223,0.0,0.16873028280865093,-0.0408248290463863,0.0023476478402178194,,0,,,0,
2026-10-02,青森,1,011220261002,1790941740,1790941440,3,2,015135,追,53.19,,,,,0.13652884156400508,,0.23979222907829578,0.0,0.02125843734152645,-0.0408248290463863,0.0011120437137873878,,0,,,0,
2026-10-02,青森,1,011220261002,1790941740,1790941440,4,4,015680,両,49.64,,,,,0.06109879294368122,,0.057683852609450775,0.0,-0.04860391456076466,-0.0408248290463863,0.0023476478402178194,,0,,,0,
2026-10-02,青森,1,011220261002,1790941740,1790941440,5,5,015864,両,49.55,,,,,0.03819852644608262,,-0.15759654662346223,0.0,-0.09582441096750394,0.2449489742783178,0.0006795822695367368,,0,,,0,
2026-10-02,青森,1,011220261002,1790941740,1790941440,6,6,015943,両,47.23,,,,,0.012622850268127149,,-0.231402331456376,0.0,-0.16762354828543063,-0.0408248290463863,0.00240942804653934,,0,,,0,
2026-10-02,青森,1,011220261002,1790941740,1790941440,7,7,016027,両,46.76,,,,,0.012317561164849868,,-0.24616348842295874,0.0,-0.09388762555186836,-0.0408248290463863,0.00240942804653934,,0,,,0,
2026-10-02,前橋,1,012220261002,1790942220,1790941920,1,3,014743,両,71.51,,,,,0.3553864322245447,0.09284745178092779,0.13590910118083996,0.0,0.21512413393608132,0.11602387022306429,0.0028972413008990223,,0,,,0,
2026-10-02,前橋,1,012220261002,1790942220,1790941920,2,2,015241,逃,72.29,,,,,0.2625389804436169,,0.18432507270589357,0.0,0.08506024203849445,-0.06187939745230095,0.0008036143754318457,,0,,,0,
2026-10-02,前橋,1,012220261002,1790942220,1790941920,3,1,014316,両,73.03,,,,,0.2115830708215596,,0.03461310533911487,0.0,0.061773789267504986,-0.06187939745230095,0.0008036143754318457,,0,,,0,
2026-10-02,前橋,1,012220261002,1790942220,1790941920,4,4,013768,追,71.33,,,,,0.12749975493521107,,0.13149801832635613,0.0,0.028170802202557084,0.19337311703844046,0.003341343982058727,,0,,,0,
2026-10-02,前橋,1,012220261002,1790942220,1790941920,5,5,012930,追,69.88,,,,,0.026588859780684135,,-0.053476126907725845,0.0,-0.0967348225480506,-0.06187939745230095,0.0015437855106980195,,0,,,0,
2026-10-02,前橋,1,012220261002,1790942220,1790941920,6,6,013794,追,67.09,,,,,0.013714026703987626,,-0.01826691897755648,0.0,-0.1466970724482937,-0.06187939745230095,0.0015437855106980195,,0,,,0,
2026-10-02,前橋,1,012220261002,1790942220,1790941920,7,7,012277,追,64.0,,,,,0.0026888750903958972,,-0.4146022516669222,0.0,-0.1466970724482937,-0.06187939745230095,0.0015437855106980195,,0,,,0,
2026-10-02,奈良,2,025320261002,1790942700,1790942400,1,1,014880,逃,70.36,,,,,0.6773415360460406,0.5210937534207871,0.27999205777776826,0.0,0.14646181696874866,0.205531897957669,0.0034625786376940707,,0,,,0,
2026-10-02,奈良,2,025320261002,1790942700,1790942400,2,2,011935,追,70.18,,,,,0.1562477826252535,,-0.01386750490563072,0.0,0.1815359633436079,0.09713493807588464,0.002241957391312707,,0,,,0,
2026-10-02,奈良,2,025320261002,1790942700,1790942400,3,4,013029,追,68.37,,,,,0.05285531354059246,,0.21970428634263062,0.0,-0.026816952402728633,-0.060533367206710736,0.001768655275368914,,0,,,0,
2026-10-02,奈良,2,025320261002,1790942700,1790942400,4,3,012938,追,69.71,,,,,0.04102856534899406,,-0.03396342871734316,0.0,-0.08634635690168192,-0.060533367206710736,0.0010711574202938495,,0,,,0,
2026-10-02,奈良,2,025320261002,1790942700,1790942400,5,5,013713,追,68.33,,,,,0.034622211709558245,,0.07486060988750187,0.0,-0.05658165465220528,-0.060533367206710736,0.001768655275368914,,0,,,0,
2026-10-02,奈良,2,025320261002,1790942700,1790942400,6,7,014694,逃,65.68,,,,,0.025638228268562574,,-0.28763114377731713,0.0,-0.042141757204582166,-0.060533367206710736,0.0006725872173938124,,0,,,0,
2026-10-02,奈良,2,025320261002,1790942700,1790942400,7,6,014213,追,66.58,,,,,0.01226636246099851,,-0.23909487660760959,0.0,-0.11611105915115856,-0.060533367206710736,0.001768655275368914,,0,,,0,
2026-10-02,青森,2,021220261002,1790943180,1790942880,1,2,014280,逃,84.4,,,,,0.6741205172166362,0.5238254548039692,0.27455392203304585,0.0,0.19390356231755795,0.1828431529197529,0.004502628618912517,,0,,,0,
2026-10-02,青森,2,021220261002,1790943180,1790942880,2,1,012960,追,85.0,,,,,0.15029506241266696,,0.050883874282169644,0.0,0.020007041363284683,-0.06261751812320303,0.0003463560476086551,,0,,,0,
2026-10-02,青森,2,021220261002,1790943180,1790942880,3,4,014532,追,81.85,,,,,0.07067834267362026,,0.13160275790411743,0.0,0.020007041363284683,0.13024443769626232,0.0005628285773640647,,0,,,0,
2026-10-02,青森,2,021220261002,1790943180,1790942880,4,3,013988,追,83.28,,,,,0.06868333445244149,,0.1383752290661964,0.0,0.10573918236069592,-0.06261751812320303,0.0003463560476086551,,0,,,0,
2026-10-02,青森,2,021220261002,1790943180,1790942880,5,5,013006,追,81.52,,,,,0.021286088199042652,,-0.17278617346870656,0.0,-0.06572509963412655,-0.06261751812320303,0.0009524791309238016,,0,,,0,
2026-10-02,青森,2,021220261002,1790943180,1790942880,6,7,014989,両,76.95,,,,,0.012260344168237514,,-0.10872308259045652,0.0,-0.1224744871391589,-0.06261751812320303,0.001255540672581375,,0,,,0,
2026-10-02,青森,2,021220261002,1790943180,1790942880,7,6,013175,追,76.95,,,,,0.0026763108773548414,,-0.3139065272263656,0.0,-0.15145724063153776,-0.06261751812320303,0.002164725297554095,,0,,,0,
2026-10-02,前橋,2,022220261002,1790943660,1790943360,1,1,013551,追,72.28,,,,,0.45702672791651966,0.29949785147532854,0.17047235229805485,0.0,0.11545471034457916,-0.040824829046386304,0.0017436255002314773,,0,,,0,
2026-10-02,前橋,2,022220261002,1790943660,1790943360,2,5,012997,追,69.04,,,,,0.15752887644119112,,0.3270417139616335,0.0,-0.06766057273291748,0.2449489742783178,0.004093729435326078,,0,,,0,
2026-10-02,前橋,2,022220261002,1790943660,1790943360,3,3,012893,追,71.33,,,,,0.11419506701447486,,0.01323602008647859,0.0,0.06313605803672298,-0.040824829046386304,0.0014403862827999162,,0,,,0,
2026-10-02,前橋,2,022220261002,1790943660,1790943360,4,4,014810,両,69.6,,,,,0.09581085294654114,,-0.14311101806110083,0.0,0.0011809165796002191,-0.040824829046386304,0.0017436255002314773,,0,,,0,
2026-10-02,前橋,2,022220261002,1790943660,1790943360,5,2,013145,追,71.77,,,,,0.08102721803756208,,-0.04912493635975376,0.0,-0.015341920425061294,-0.040824829046386304,0.0017436255002314773,,0,,,0,
2026-10-02,前橋,2,022220261002,1790943660,1790943360,6,6,014884,逃,67.33,,,,,0.07171837760072447,,-0.08119470864686668,0.0,-0.0029492929160780668,-0.040824829046386304,0.00015161960871578063,,0,,,0,
2026-10-02,前橋,2,022220261002,1790943660,1790943360,7,7,011364,追,66.8,,,,,0.02269288004298671,,-0.23731942327844696,0.0,-0.09381989888684555,-0.040824829046386304,0.00015161960871578063,,0,,,0,
2026-10-02,奈良,3,035320261002,1790944140,1790943840,1,1,015998,逃,75.77,,,,,0.9020779737932902,0.8579337123105565,0.2849298274431393,0.0,0.16356930581779658,0.1553161809654131,0.0009384742644069298,,0,,,0,
2026-10-02,奈良,3,035320261002,1790944140,1790943840,2,3,014072,両,71.03,,,,,0.044144261482733725,,-0.003240412910799197,0.0,0.16966339155023888,-0.07320635281172337,0.0042231341898311845,,0,,,0,
2026-10-02,奈良,3,035320261002,1790944140,1790943840,3,2,013480,追,71.58,,,,,0.022206970389852747,,0.01071004593891843,0.0,0.021115740702913943,-0.017806950683932714,0.00125129901920924,,0,,,0,
2026-10-02,奈良,3,035320261002,1790944140,1790943840,4,4,012348,追,69.52,,,,,0.011434509030290136,,-0.10742599752791163,0.0,-0.010227930788700716,0.1553161809654131,0.0007038556983051976,,0,,,0,
2026-10-02,奈良,3,035320261002,1790944140,1790943840,5,5,013446,追,69.52,,,,,0.009836267756632397,,0.0601938245855544,0.0,-0.10425894526354468,-0.07320635281172337,0.0023461856610173253,,0,,,0,
2026-10-02,奈良,3,035320261002,1790944140,1790943840,6,7,013830,追,68.5,,,,,0.00679154215769723,,0.10034157801290271,0.0,-0.13560261675515933,-0.07320635281172337,0.00039103094350288764,,0,,,0,
2026-10-02,奈良,3,035320261002,1790944140,1790943840,7,6,012157,追,69.0,,,,,0.0035084753895034846,,-0.34550886554180354,0.0,-0.10425894526354468,-0.07320635281172337,0.00125129901920924,,0,,,0,
2026-10-02,青森,3,031220261002,1790944620,1790944320,1,1,014717,両,86.31,,,,,0.7348069449651827,0.5414016640991597,0.30708295208089254,0.0,0.1918495328484981,0.21395239530538002,0.0037994267415435764,,0,,,0,
2026-10-02,青森,3,031220261002,1790944620,1790944320,2,2,013601,追,84.95,,,,,0.19340528086602304,,0.25231864203803916,0.0,0.11486237801061987,-0.0012296114672723018,0.0009287487590439856,,0,,,0,
2026-10-02,青森,3,031220261002,1790944620,1790944320,3,6,015892,逃,79.5,,,,,0.032212157752655846,,-0.10735419469722875,0.0,0.02371109610182709,-0.07008785363452104,0.002223368241347722,,0,,,0,
2026-10-02,青森,3,031220261002,1790944620,1790944320,4,3,013469,追,82.57,,,,,0.01632155870069397,,-0.01578499923416183,0.0,-0.04646409070482904,0.06762863069997643,0.0013227633840929489,,0,,,0,
2026-10-02,青森,3,031220261002,1790944620,1790944320,5,5,013385,追,80.21,,,,,0.010394841314865245,,-0.10356903486201559,0.0,-0.08679570788369126,-0.07008785363452104,0.00033772682147054035,,0,,,0,
2026-10-02,青森,3,031220261002,1790944620,1790944320,6,4,012957,追,81.42,,,,,0.00978749921944839,,-0.0799720396758021,0.0,-0.08679570788369126,-0.07008785363452104,0.0017167780091419125,,0,,,0,
2026-10-02,青森,3,031220261002,1790944620,1790944320,7,7,013039,追,78.0,,,,,0.003071717181130848,,-0.25272132564972294,0.0,-0.11036750048873342,-0.07008785363452104,0.0017167780091419125,,0,,,0,
2026-10-02,前橋,3,032220261002,1790945100,1790944800,1,1,013974,両,76.25,,,,,0.6870657024651637,0.554928535351772,0.08255801729686045,0.0,0.1356154476752723,0.14050545910233767,0.0036852944724726153,,0,,,0,
2026-10-02,前橋,3,032220261002,1790945100,1790944800,2,4,015962,逃,71.5,,,,,0.13213716711339177,,0.12267853277173521,0.0,0.021324779128232385,-0.0833342722951796,0.0012116036621827775,,0,,,0,
2026-10-02,前橋,3,032220261002,1790945100,1790944800,3,5,012299,逃,68.3,,,,,0.08188471957148709,,0.08879845160287332,0.0,0.10369355588626968,0.052326170976043,0.0012116036621827775,,0,,,0,
2026-10-02,前橋,3,032220261002,1790945100,1790944800,4,2,014120,追,73.55,,,,,0.05113202866898909,,0.14288823172670412,0.0,0.012062282538216382,-0.0833342722951796,0.001968855951047014,,0,,,0,
2026-10-02,前橋,3,032220261002,1790945100,1790944800,5,3,013235,追,71.7,,,,,0.03997358709013826,,-0.05445070341551686,0.0,-0.00852991165129294,0.14050545910233767,0.0003786261444321184,,0,,,0,
2026-10-02,前橋,3,032220261002,1790945100,1790944800,6,6,013591,追,66.16,,,,,0.003987365465327114,,-0.06475380515997921,0.0,-0.13208307678834888,-0.0833342722951796,0.0014387793488420488,,0,,,0,
2026-10-02,前橋,3,032220261002,1790945100,1790944800,7,7,012970,追,64.32,,,,,0.003819429625502892,,-0.31771872482267616,0.0,-0.13208307678834888,-0.0833342722951796,0.0023222403525169906,,0,,,0,
2026-10-02,奈良,4,045320261002,1790945580,1790945280,1,2,015190,逃,74.86,,,,,0.3729311161871777,0.12263835850963073,0.3345509893585691,0.0,0.14868924340912762,-0.05850772335867095,0.0013406223004292968,,0,,,0,
2026-10-02,奈良,4,045320261002,1790945580,1790945280,2,1,014519,逃,76.22,,,,,0.250292757677547,,0.08332630473931188,0.0,0.08566158272343577,0.07522421574686267,0.0003485617981116172,,0,,,0,
2026-10-02,奈良,4,045320261002,1790945580,1790945280,3,4,016021,逃,72.61,,,,,0.16183651073470387,,0.02834647971999086,0.0,0.020894008081801488,-0.05850772335867095,0.00428999136137375,,0,,,0,
2026-10-02,奈良,4,045320261002,1790945580,1790945280,4,3,014126,両,74.62,,,,,0.11195014535202064,,-0.10123765627864473,0.0,0.014613893384101288,-0.05850772335867095,0.0007775609342489921,,0,,,0,
2026-10-02,奈良,4,045320261002,1790945580,1790945280,5,5,015472,両,71.46,,,,,0.05796972268333227,,0.004828360899337407,0.0,-0.027909013822110824,-0.05850772335867095,2.6812446008585736e-05,,0,,,0,
2026-10-02,奈良,4,045320261002,1790945580,1790945280,6,6,014101,両,68.77,,,,,0.0413809189065246,,0.00872199375999722,0.0,-0.061049501266554264,0.21731440104649213,0.00016087467605151545,,0,,,0,
2026-10-02,奈良,4,045320261002,1790945580,1790945280,7,7,012329,追,67.31,,,,,0.0036388284586937945,,-0.358536472198561,0.0,-0.18090021250980107,-0.05850772335867095,0.002654432154850008,,0,,,0,
2026-10-02,青森,4,041220261002,1790946060,1790945760,1,1,014805,両,89.18,,,,,0.39119150612604203,0.17418802323119864,0.2627344944623751,0.0,0.13603957784517373,-0.08636106698168333,0.0022508365245483652,,0,,,0,
2026-10-02,青森,4,041220261002,1790946060,1790945760,2,4,015526,逃,86.66,,,,,0.2170034828948434,,0.1359609703665992,0.0,0.03968998967205046,0.10708772305728737,0.0017075311565539317,,0,,,0,
2026-10-02,青森,4,041220261002,1790946060,1790945760,3,2,015427,逃,88.79,,,,,0.2050726764117716,,-0.1668490995241797,0.0,0.025980762113533163,-0.08636106698168333,0.0020956064194070988,,0,,,0,
2026-10-02,青森,4,041220261002,1790946060,1790945760,4,3,014862,追,87.28,,,,,0.07358318126139358,,0.11658334476746213,0.0,-0.04582575694955839,-0.08636106698168333,0.0010089956834182328,,0,,,0,
2026-10-02,青森,4,041220261002,1790946060,1790945760,5,5,014078,追,85.73,,,,,0.05297136758356293,,-0.1355651973509279,0.0,-0.01984499483602523,-0.08636106698168333,0.0015523010514126663,,0,,,0,
2026-10-02,青森,4,041220261002,1790946060,1790945760,6,6,015351,逃,82.14,,,,,0.0361454294693627,,-0.1802602863179481,0.0,-0.03825229666854903,0.10708772305728737,0.0027941418925427988,,0,,,0,
2026-10-02,青森,4,041220261002,1790946060,1790945760,7,7,013932,追,81.71,,,,,0.024032356253023832,,-0.03260422640338129,0.0,-0.09778728117662472,0.13126882181215868,0.0020956064194070988,,0,,,0,
2026-10-02,前橋,4,042220261002,1790946540,1790946240,1,2,015482,逃,73.78,,,,,0.45623214769991866,0.21390125799402415,-0.04236234418063192,0.0,0.18769997555428394,-0.10998786245776196,0.000358853500273005,,0,,,0,
2026-10-02,前橋,4,042220261002,1790946540,1790946240,2,3,013082,両,71.55,,,,,0.2423308897058945,,0.2760348527483859,0.0,0.049794856787146756,0.12243931858505575,0.0009170700562532347,,0,,,0,
2026-10-02,前橋,4,042220261002,1790946540,1790946240,3,1,014385,追,75.55,,,,,0.1155850211669552,,-0.19380987500864788,0.0,0.07419597440852141,0.04980582450917522,0.00326955411359849,,0,,,0,
2026-10-02,前橋,4,042220261002,1790946540,1790946240,4,5,015286,逃,69.38,,,,,0.08801959383145003,,-0.0022145907532836132,0.0,-0.02385808896534833,0.12243931858505575,0.0028708280021840396,,0,,,0,
2026-10-02,前橋,4,042220261002,1790946540,1790946240,5,4,013061,追,69.79,,,,,0.07810367485200487,,0.2048828287750663,0.0,0.0422946843453859,0.03527912569399912,0.002432229279628145,,0,,,0,
2026-10-02,前橋,4,042220261002,1790946540,1790946240,6,6,011792,両,68.12,,,,,0.011234246923053736,,-0.1536621215812996,0.0,-0.1491130560334271,-0.10998786245776196,7.974522228288978e-05,,0,,,0,
2026-10-02,前橋,4,042220261002,1790946540,1790946240,7,7,013567,両,66.4,,,,,0.008494425820723005,,-0.08886874999958887,0.0,-0.18101434609656258,-0.10998786245776196,0.0014752866122334652,,0,,,0,
2026-10-02,奈良,5,055320261002,1790947080,1790946780,1,1,015841,逃,76.57,,,,,0.46641240984970617,0.2244240794476967,0.04408477601075675,0.0,0.06245476062488716,-0.040824829046386304,0.0009488908906407654,,0,,,0,
2026-10-02,奈良,5,055320261002,1790947080,1790946780,2,2,015110,逃,73.33,,,,,0.24198833040200945,,0.2523137279589657,0.0,0.17122420258098053,-0.040824829046386304,0.0013758917914291088,,0,,,0,
2026-10-02,奈良,5,055320261002,1790947080,1790946780,3,3,015992,逃,73.11,,,,,0.17325235309865855,,0.1474806440832015,0.0,-0.03139122921928002,-0.040824829046386304,0.0005456122621184395,,0,,,0,
2026-10-02,奈良,5,055320261002,1790947080,1790946780,4,6,014382,両,68.7,,,,,0.07639830345474925,,0.09291073931582719,0.0,0.03069439987987478,0.24494897427831785,0.004436064913745577,,0,,,0,
2026-10-02,奈良,5,055320261002,1790947080,1790946780,5,4,013264,追,71.33,,,,,0.021578542303085847,,-0.05356715059938403,0.0,-0.025364595554186888,-0.040824829046386304,0.0020401154148776443,,0,,,0,
2026-10-02,奈良,5,055320261002,1790947080,1790946780,6,5,013692,追,69.5,,,,,0.01171598667781575,,-0.16685672945440042,0.0,-0.10380876915613786,-0.040824829046386304,0.0008777240738427071,,0,,,0,
2026-10-02,奈良,5,055320261002,1790947080,1790946780,7,7,015367,追,68.19,,,,,0.00865407421397502,,-0.3163660073149674,0.0,-0.10380876915613786,-0.040824829046386304,0.0005456122621184395,,0,,,0,
2026-10-02,青森,5,051220261002,1790947620,1790947320,1,1,015689,逃,94.27,,,,,0.840386534842972,0.7583465849307284,0.3101959363512288,0.0,0.08032114536657055,0.17931288310616977,0.00403611663198903,,0,,,0,
2026-10-02,青森,5,051220261002,1790947620,1790947320,2,2,015800,逃,89.47,,,,,0.08203994991224364,,0.07453978754680797,0.0,0.030445256206764845,0.0,0.00019219603009471586,,0,,,0,
2026-10-02,青森,5,051220261002,1790947620,1790947320,3,3,013555,追,88.91,,,,,0.044281019284803,,0.14188866339638467,0.0,0.12145072246729303,0.044828220776542436,0.0005765880902841471,,0,,,0,
2026-10-02,青森,5,051220261002,1790947620,1790947320,4,4,014439,追,86.61,,,,,0.018971059601198787,,0.05770906025132355,0.0,-0.006154437785248941,0.06724233116481365,0.0013453722106630099,,0,,,0,
2026-10-02,青森,5,051220261002,1790947620,1790947320,5,5,014575,追,83.41,,,,,0.005709509562871093,,-0.1442856339621284,0.0,-0.06995701791151994,-0.11954192207077984,0.0015375682407577256,,0,,,0,
2026-10-02,青森,5,051220261002,1790947620,1790947320,6,7,014303,逃,78.62,,,,,0.005375187367096135,,-0.22841330377191144,0.0,-0.08614865043233957,-0.11954192207077984,0.0024985483912313045,,0,,,0,
2026-10-02,青森,5,051220261002,1790947620,1790947320,7,6,013553,追,81.7,,,,,0.0032367394288153654,,-0.211634509811705,0.0,-0.06995701791151994,-0.05229959090596618,0.0009609801504735785,,0,,,0,
2026-10-02,前橋,5,052220261002,1790948160,1790947860,1,1,014392,追,75.5,,,,,0.5009860091849875,0.3276819531990247,0.2296371166062538,0.0,0.09747195304491622,0.03821673782845002,0.0013702504175867104,,0,,,0,
2026-10-02,前橋,5,052220261002,1790948160,1790947860,2,7,015158,逃,69.32,,,,,0.17330405598596274,,0.263957440255436,0.0,0.0746957863561885,0.14289736753246526,0.0019515687765628898,,0,,,0,
2026-10-02,前橋,5,052220261002,1790948160,1790947860,3,2,014705,両,71.89,,,,,0.10546849096558135,,-0.07838496619518785,0.0,0.06389672266381426,-0.14788215942313263,0.0012456821978060993,,0,,,0,
2026-10-02,前橋,5,052220261002,1790948160,1790947860,4,3,014027,両,71.42,,,,,0.08621050042969301,,-0.10401760517692477,0.0,-0.009515004439481854,0.03821673782845002,0.00020761369963435042,,0,,,0,
2026-10-02,前橋,5,052220261002,1790948160,1790947860,5,5,013543,追,71.31,,,,,0.0854778808251758,,0.007200635417468057,0.0,0.04284402496489666,0.03821673782845002,0.0025328871355390693,,0,,,0,
2026-10-02,前橋,5,052220261002,1790948160,1790947860,6,6,013402,追,70.35,,,,,0.025152151772778596,,-0.052321912192851865,0.0,-0.12103975927516201,0.03821673782845002,0.0012456821978060993,,0,,,0,
2026-10-02,前橋,5,052220261002,1790948160,1790947860,7,4,013735,追,71.4,,,,,0.02340091083582087,,-0.2660707087141923,0.0,-0.14835372331517177,-0.14788215942313263,0.003570955633710819,,0,,,0,
2026-10-02,奈良,6,065320261002,1790948700,1790948400,1,1,015606,逃,78.8,,,,,0.9023166219127916,0.8736875230374624,0.39811384046969,0.0,0.21259187608334032,0.2159549843241443,0.0032099907171268278,,0,,,0,
2026-10-02,奈良,6,065320261002,1790948700,1790948400,2,4,015062,逃,70.19,,,,,0.028629098875329127,,-0.06639715134552049,0.0,-0.0023658707386915376,-0.06748593260129511,0.0007627700713964733,,0,,,0,
2026-10-02,奈良,6,065320261002,1790948700,1790948400,3,3,014274,両,70.85,,,,,0.02767778069767812,,0.02866538199912399,0.0,0.07358032880183339,0.06993996651406946,0.0005720775535473557,,0,,,0,
2026-10-02,奈良,6,065320261002,1790948700,1790948400,4,6,016012,逃,68.0,,,,,0.021814154801738025,,-0.0029772845151854258,0.0,-0.040338970508954006,-0.06748593260129511,0.0018751430921829981,,0,,,0,
2026-10-02,奈良,6,065320261002,1790948700,1790948400,5,2,013398,追,71.36,,,,,0.010520361822530706,,-0.03466479563006692,0.0,0.003154494318255416,-0.06748593260129511,0.002574348990963099,,0,,,0,
2026-10-02,奈良,6,065320261002,1790948700,1790948400,6,5,013508,追,68.75,,,,,0.005744323792944584,,-0.08746236595467863,0.0,-0.1413774180201985,-0.0159512204330334,0.0001271283452327459,,0,,,0,
2026-10-02,奈良,6,065320261002,1790948700,1790948400,7,7,012206,追,67.72,,,,,0.003297658096987709,,-0.2352776250233628,0.0,-0.10524443993558502,-0.06748593260129511,0.002574348990963099,,0,,,0,
2026-10-02,青森,6,061220261002,1790949240,1790948940,1,2,015855,逃,56.95,,,,,0.39489932934267413,0.10025475860639493,0.25202220248203155,0.0,0.11242858216255114,0.06012269792657469,0.0006714102170823793,,0,,,0,
2026-10-02,青森,6,061220261002,1790949240,1790948940,2,1,015501,逃,56.96,,,,,0.2946445707362792,,0.21999005250857798,0.0,0.09189214278781542,0.10628141439923525,0.0035910273731830293,,0,,,0,
2026-10-02,青森,6,061220261002,1790949240,1790948940,3,3,015587,両,56.95,,,,,0.25931583482144005,,0.18010385074770469,0.0,0.14021286732843535,0.15244013087189584,0.002024403533324144,,0,,,0,
2026-10-02,青森,6,061220261002,1790949240,1790948940,4,5,016043,両,53.45,,,,,0.0179682507112314,,-0.11996657669450732,0.0,-0.11135062831374273,-0.1190817307319899,0.0022482069390182707,,0,,,0,
2026-10-02,青森,6,061220261002,1790949240,1790948940,5,7,015762,両,52.96,,,,,0.012858697479368771,,-0.23993315338901464,0.0,-0.031321235661709274,-0.051201265331018465,0.001180054320932667,,0,,,0,
2026-10-02,青森,6,061220261002,1790949240,1790948940,6,4,015069,両,53.66,,,,,0.01113724671464814,,-0.10818549901337778,0.0,-0.07329812346049068,-0.1190817307319899,0.0013224746700107475,,0,,,0,
2026-10-02,青森,6,061220261002,1790949240,1790948940,7,6,015770,両,53.0,,,,,0.009176070194358212,,-0.18403087664141451,0.0,-0.12856360484285928,-0.0294795164027076,0.0015361051936278684,,0,,,0,
2026-10-02,前橋,6,062220261002,1790949780,1790949480,1,3,016000,逃,74.71,,,,,0.3477097610659649,0.01769257296646254,0.15374012743761037,0.0,0.07272087728997664,-0.07206220084321183,0.0007493498048192641,,0,,,0,
2026-10-02,前橋,6,062220261002,1790949780,1790949480,2,1,012649,追,76.91,,,,,0.33001718809950237,,0.2724437205262057,0.0,0.1217923274893522,-0.07206220084321183,0.0004163054471218131,,0,,,0,
2026-10-02,前橋,6,062220261002,1790949780,1790949480,3,2,014610,両,76.37,,,,,0.2395951959572091,,0.04035875741882456,0.0,0.08858841205758422,-0.07206220084321183,0.00187337451204816,,0,,,0,
2026-10-02,前橋,6,062220261002,1790949780,1790949480,4,7,014559,逃,68.09,,,,,0.036973520268545036,,-0.104660649438589,0.0,-0.03420616381726201,0.2149441507909594,0.003330443576974506,,0,,,0,
2026-10-02,前橋,6,062220261002,1790949780,1790949480,5,5,013080,追,71.18,,,,,0.019331300757108476,,0.0840825342571099,0.0,-0.06082920738537168,0.02360658303484524,0.00278924649571615,,0,,,0,
2026-10-02,前橋,6,062220261002,1790949780,1790949480,6,6,014425,追,70.33,,,,,0.014277573482473292,,-0.19340184618508324,0.0,-0.09403312281713966,0.04969806954704264,0.0001248916341365439,,0,,,0,
2026-10-02,前橋,6,062220261002,1790949780,1790949480,7,4,014589,追,71.33,,,,,0.012095460369196809,,-0.2525626440160794,0.0,-0.09403312281713966,-0.07206220084321183,0.002206418869745611,,0,,,0,
2026-10-02,奈良,7,075320261002,1790950320,1790950020,1,1,015973,逃,79.2,,,,,0.8059338798081366,0.7457350165268859,0.41163521671875025,0.0,0.01748747637263537,0.14945632296652553,0.003297186815654412,,0,,,0,
2026-10-02,奈良,7,075320261002,1790950320,1790950020,2,3,016006,逃,76.88,,,,,0.06019886328125064,,0.011945650476585697,0.0,-0.010169019463137013,-0.08540361312372886,0.00285756190690049,,0,,,0,
2026-10-02,奈良,7,075320261002,1790950320,1790950020,3,2,012586,追,77.16,,,,,0.05732049972093217,,0.00251908571553474,0.0,0.09490071323451438,-0.08540361312372886,0.0006594373631308826,,0,,,0,
2026-10-02,奈良,7,075320261002,1790950320,1790950020,4,4,014829,逃,75.33,,,,,0.05381064146923575,,-0.02043756143041315,0.0,0.08155650218706119,0.09252058088403961,0.0005495311359424021,,0,,,0,
2026-10-02,奈良,7,075320261002,1790950320,1790950020,5,5,014787,両,73.91,,,,,0.016198543549513604,,0.011945650476585697,0.0,0.02721158425638244,-0.08540361312372886,0.0017584996350156865,,0,,,0,
2026-10-02,奈良,7,075320261002,1790950320,1790950020,6,6,013210,追,71.45,,,,,0.0036659733682696716,,-0.2594305976509427,0.0,-0.07432210921081547,0.09963754864435036,0.001428780953450245,,0,,,0,
2026-10-02,奈良,7,075320261002,1790950320,1790950020,7,7,014179,両,69.18,,,,,0.002871598802661662,,-0.15817744430610026,0.0,-0.13666514737664087,-0.08540361312372886,0.0017584996350156865,,0,,,0,
2026-10-02,青森,7,071220261002,1790950860,1790950560,1,1,015262,逃,97.48,,,,,0.6531549828383462,0.4352772355169044,0.1732220273298813,0.0,0.25783073042737076,-0.050363926960657224,0.003032285315366562,,0,,,0,
2026-10-02,青森,7,071220261002,1790950860,1790950560,2,3,015790,逃,94.89,,,,,0.21787774732144177,,0.23073657564197003,0.0,0.09554516372878172,0.12590981740164306,0.0021269110268921855,,0,,,0,
2026-10-02,青森,7,071220261002,1790950860,1790950560,3,2,014298,両,95.0,,,,,0.08273320188663998,,-0.2148691961766246,0.0,-0.01580605208807784,0.1792018796507106,0.0011209395952539894,,0,,,0,
2026-10-02,青森,7,071220261002,1790950860,1790950560,4,4,013996,追,94.52,,,,,0.020592248246669224,,0.09536836953524691,0.0,-0.07409636342226399,-0.09135782099840149,0.0005892118385309438,,0,,,0,
2026-10-02,青森,7,071220261002,1790950860,1790950560,5,5,014059,追,92.69,,,,,0.014477875135501882,,-0.18672887101836397,0.0,-0.05350416923275467,-0.046264537556882805,0.0026011547018073363,,0,,,0,
2026-10-02,青森,7,071220261002,1790950860,1790950560,6,6,013632,追,92.0,,,,,0.007525252899635032,,0.01877702600063072,0.0,-0.0946885576117733,-0.09135782099840149,0.0007904061248585829,,0,,,0,
2026-10-02,青森,7,071220261002,1790950860,1790950560,7,7,014428,追,86.61,,,,,0.0036386916717659206,,-0.11650593131274048,0.0,-0.11528075180128264,-0.025767590538010678,0.002299363272315877,,0,,,0,
2026-10-02,前橋,7,072220261002,1790951400,1790951100,1,1,015991,逃,79.66,,,,,0.7422708806072884,0.6603390431202488,0.3886621299165698,0.0,0.08199338231030924,-0.040824829046386304,0.0021953975148235553,,0,,,0,
2026-10-02,前橋,7,072220261002,1790951400,1790951100,2,2,015983,逃,78.58,,,,,0.08193183748703955,,0.061754623331157,0.0,-0.0010789587308953352,-0.040824829046386304,0.0024871908554013698,,0,,,0,
2026-10-02,前橋,7,072220261002,1790951400,1790951100,3,7,015969,逃,74.8,,,,,0.07027761123206236,,0.05771872818812723,0.0,-0.029978110175852248,-0.040824829046386304,0.0015145463868086555,,0,,,0,
2026-10-02,前橋,7,072220261002,1790951400,1790951100,4,3,015978,逃,78.47,,,,,0.05349441829478943,,-0.06346852185624445,0.0,-0.025224290826981896,-0.040824829046386304,0.00015284413077885483,,0,,,0,
2026-10-02,前橋,7,072220261002,1790951400,1790951100,5,5,015166,逃,76.28,,,,,0.02078391921653866,,-0.0997915781435124,0.0,-0.03235501985028742,-0.040824829046386304,0.0014033870189694884,,0,,,0,
2026-10-02,前橋,7,072220261002,1790951400,1790951100,6,4,015257,逃,76.28,,,,,0.018283942072376422,,-0.16431070255525007,0.0,-0.09090579344367072,-0.040824829046386304,0.001986973700125117,,0,,,0,
2026-10-02,前橋,7,072220261002,1790951400,1790951100,7,6,013451,追,76.25,,,,,0.01295739108990515,,-0.1805646788808472,0.0,0.09754879071737838,0.24494897427831785,0.002959618168717832,,0,,,0,
