date,venue,race_no,race_id,start_at,close_at,rank_in_race,car_no,player_id,player_name,style,score,odds_win,odds_move_pct,odds_move_last_pct,odds_snapshot_count,p_win,p_win_pre_override,top1_override_applied,top1_override_reason,top1_top2_margin,nexus_form_adj,nexus_line_adj,nexus_style_adj,nexus_condition_adj,nexus_uncertainty,expected_value_win,stake_yen,win_return_yen,win_profit_yen,loss_amount_yen,expected_profit_yen
2026-10-04,防府,1,016320261004,1791070200,1791069900,1,5,013447,坂本晃輝,追,88.04,,,,,0.43575042448885565,0.43575042448885565,False,,0.052154432190225475,0.19487094073848932,0.1780270464438754,0.09657042610019237,0.06762863069997643,8.001280307281946e-05,,0,,,0,
2026-10-04,防府,1,016320261004,1791070200,1791069900,2,1,015633,中釜健次,逃,87.95,,,,,0.3835959922986302,0.3835959922986302,False,,,0.09256369685078238,0.2570415951971276,0.14894153883924832,-0.07008785363452104,0.003888622229339025,,0,,,0,
2026-10-04,防府,1,016320261004,1791070200,1791069900,3,3,014715,高橋幸司,逃,86.54,,,,,0.07436967361996963,0.07436967361996963,False,,,-0.2484604494415737,0.142872723528723,-0.015537579322239523,-0.0012296114672723018,0.0010881741217903442,,0,,,0,
2026-10-04,防府,1,016320261004,1791070200,1791069900,4,2,012679,坂上忠克,追,86.9,,,,,0.04737806744207652,0.04737806744207652,False,,,0.12666611148001802,-0.062996127078312,-0.06898989823651319,0.21395239530538002,0.0010401664399466526,,0,,,0,
2026-10-04,防府,1,016320261004,1791070200,1791069900,5,4,015538,村瀬大和,逃,83.41,,,,,0.04066771924522075,0.04066771924522075,False,,,0.024358867592311224,0.016018421674940133,0.010107373959679603,-0.07008785363452104,0.0022723636072680717,,0,,,0,
2026-10-04,防府,1,016320261004,1791070200,1791069900,6,6,011634,中澤央治,追,83.33,,,,,0.009141810814369947,0.009141810814369947,False,,,-0.1802556201831027,-0.012254406336798857,-0.13521402797119542,-0.07008785363452104,0.0005280845002806083,,0,,,0,
2026-10-04,防府,1,016320261004,1791070200,1791069900,7,7,013374,川野正芳,追,84.14,,,,,0.009096312090877303,0.009096312090877303,False,,,-0.009743547036924429,-0.1838309817258403,-0.03587783336917209,-0.07008785363452104,0.0022723636072680717,,0,,,0,
2026-10-04,松戸,1,013120261004,1791070800,1791070500,1,2,014049,廣田樹里,両,73.04,,,,,0.7467735883124058,0.7467735883124058,False,,0.6147650065481418,0.21585722262096207,0.17872354073833233,0.13446321855011928,-0.07238482967695944,0.0009754262200082645,,0,,,0,
2026-10-04,松戸,1,013120261004,1791070800,1791070500,2,3,015710,鈴木康平,逃,66.27,,,,,0.13200858176426403,0.13200858176426403,False,,,0.12848432046709943,0.09044990454725453,0.062404212966174794,0.035422363458937615,0.0007664063157207796,,0,,,0,
2026-10-04,松戸,1,013120261004,1791070800,1791070500,3,4,014042,徳吉正治,追,69.41,,,,,0.0851260709540081,0.0851260709540081,False,,,-0.14390690676857273,0.2044190637130631,0.041948097667997404,0.18173212557194074,0.002020525741445691,,0,,,0,
2026-10-04,松戸,1,013120261004,1791070800,1791070500,4,1,014301,齋藤輝彦,追,68.69,,,,,0.03327548924425764,0.03327548924425764,False,,,0.06167528505278752,-0.1266070720034786,-0.11940776459214575,-0.07238482967695944,0.0035533383728872502,,0,,,0,
2026-10-04,松戸,1,013120261004,1791070800,1791070500,5,5,011599,和泉田喜一,追,64.33,,,,,0.0028162697250644015,0.0028162697250644015,False,,,-0.2621099213722761,-0.11771856328717051,-0.11940776459214575,-0.07238482967695944,0.0013237927271540738,,0,,,0,
2026-10-04,防府,2,026320261004,1791071400,1791071100,1,3,014997,下岡優季,逃,89.21,,,,,0.487492308671811,0.487492308671811,False,,0.20630956300008751,0.10102928061838405,0.22098065855619894,0.06642204873639249,-0.040824829046386304,0.000731595318647633,,0,,,0,
2026-10-04,防府,2,026320261004,1791071400,1791071100,2,1,014850,岡田啓渡,両,87.2,,,,,0.28118274567172347,0.28118274567172347,False,,,0.18277609101121636,0.30727577299590575,0.10229021223005941,-0.040824829046386304,0.00463066582371286,,0,,,0,
2026-10-04,防府,2,026320261004,1791071400,1791071100,3,4,013477,宮司周郎,追,87.85,,,,,0.1456227849770607,0.1456227849770607,False,,,0.06300750834264808,0.057315924291261096,0.03224215180558535,0.2449489742783178,0.0011888423928024042,,0,,,0,
2026-10-04,防府,2,026320261004,1791071400,1791071100,4,2,014601,小竹洋平,両,86.61,,,,,0.06968146007053132,0.06968146007053132,False,,,0.13144669843897278,-0.04793153252990647,0.03224215180558535,-0.040824829046386304,0.0006068915711508777,,0,,,0,
2026-10-04,防府,2,026320261004,1791071400,1791071100,5,7,013742,葛西雄太郎,両,80.54,,,,,0.01128288518931146,0.01128288518931146,False,,,-0.1936394545185696,-0.048206870818033765,0.026740764632872505,-0.040824829046386304,0.0011888423928024042,,0,,,0,
2026-10-04,防府,2,026320261004,1791071400,1791071100,6,5,014374,屋良朝春,両,80.28,,,,,0.004085085237633912,0.004085085237633912,False,,,-0.0567610743259202,-0.18252529721702282,-0.10538465321748297,-0.040824829046386304,0.0011888423928024042,,0,,,0,
2026-10-04,防府,2,026320261004,1791071400,1791071100,7,6,010900,三浦靖,追,77.35,,,,,0.0006527301819281414,0.0006527301819281414,False,,,-0.22785904956673197,-0.1346855441164921,-0.15455267599301215,-0.040824829046386304,0.0011888423928024042,,0,,,0,
2026-10-04,松戸,2,023120261004,1791072000,1791071700,1,3,016010,駒壽直人,逃,70.55,,,,,0.6685801224988531,0.6685801224988531,False,,0.4640599446570509,0.11559598175088397,0.3219090161872625,0.03269186486960547,-0.044721359549995794,0.0018665130505147655,,0,,,0,
2026-10-04,松戸,2,023120261004,1791072000,1791071700,2,4,012550,荒木真慈,追,70.33,,,,,0.20452017784180218,0.20452017784180218,False,,,0.16668508695196418,0.039841631841307616,0.11522828356253716,-0.044721359549995794,0.0006221710168382554,,0,,,0,
2026-10-04,松戸,2,023120261004,1791072000,1791071700,3,5,013676,塚本諭,追,70.61,,,,,0.0792513233145906,0.0792513233145906,False,,,0.11559598175088397,-0.037848701809652406,0.07463939805038441,-0.044721359549995794,0.003110855084191276,,0,,,0,
2026-10-04,松戸,2,023120261004,1791072000,1791071700,4,1,014719,佐川拓也,両,68.64,,,,,0.043214584467506326,0.043214584467506326,False,,,-0.01599975154253719,-0.010358993966657902,-0.08771614399822661,0.223606797749979,0.0018665130505147655,,0,,,0,
2026-10-04,松戸,2,023120261004,1791072000,1791071700,5,6,011198,大竹慎吾,追,65.0,,,,,0.002563699756875408,0.002563699756875408,False,,,-0.10114826021100427,-0.12748813125464567,-0.08771614399822661,-0.044721359549995794,0.0018665130505147655,,0,,,0,
2026-10-04,松戸,2,023120261004,1791072000,1791071700,6,2,011790,廣川貞治,追,66.0,,,,,0.0018700921203723894,0.0018700921203723894,False,,,-0.28072903870019095,-0.09999842341165112,-0.04712725848607385,-0.044721359549995794,0.0018665130505147655,,0,,,0,
2026-10-04,防府,3,036320261004,1791072600,1791072300,1,5,015192,藤原俊太郎,逃,87.0,,,,,0.37509716714541175,0.37509716714541175,False,,0.07408058572192672,0.16390750941244597,0.24843613554783897,0.10630425003227592,0.006484217170755805,0.00024752939586124176,,0,,,0,
2026-10-04,防府,3,036320261004,1791072600,1791072300,2,2,014403,櫻井太士,追,86.61,,,,,0.30101658142348503,0.30101658142348503,False,,,0.04917225282373386,0.24034403461881904,-0.006755192794550103,0.04279583332698831,0.0004400522593088741,,0,,,0,
2026-10-04,防府,3,036320261004,1791072600,1791072300,3,4,014612,工藤文彦,追,88.85,,,,,0.18328826857064018,0.18328826857064018,False,,,0.16390750941244597,0.07254847253016694,0.0863584239919756,0.006484217170755805,0.00024752939586124176,,0,,,0,
2026-10-04,防府,3,036320261004,1791072600,1791072300,4,3,014783,魚屋周成,逃,86.66,,,,,0.11837571696083997,0.11837571696083997,False,,,0.07785606697091192,0.024708719429636223,0.133061140618956,0.06095164140510454,0.0024477906924056094,,0,,,0,
2026-10-04,防府,3,036320261004,1791072600,1791072300,5,1,014166,倉野隆太郎,追,82.37,,,,,0.016413742575878045,0.016413742575878045,False,,,-0.0368791896178002,-0.15706980616640356,-0.02611738589998023,0.16080858583474392,0.0030253592827485065,,0,,,0,
2026-10-04,防府,3,036320261004,1791072600,1791072300,6,7,014393,柴田祐也,追,79.47,,,,,0.004919727671104048,0.004919727671104048,False,,,-0.15161444620651246,0.07254847253016694,-0.13090668184325102,-0.13876224745417418,0.0012101437130994028,,0,,,0,
2026-10-04,防府,3,036320261004,1791072600,1791072300,7,6,012298,星島太,追,78.8,,,,,0.0008887956526410378,0.0008887956526410378,False,,,-0.26634970279522446,-0.16663775678650972,-0.16194455410542624,-0.13876224745417418,0.003327895211023357,,0,,,0,
2026-10-04,松戸,3,033120261004,1791073200,1791072900,1,7,014885,戸田康平,逃,77.77,,,,,0.6361178500615,0.6361178500615,False,,0.42056525460582733,0.33133789035363787,0.06923697602659551,0.08183256178604136,-0.05850772335867094,0.0032738767564286435,,0,,,0,
2026-10-04,松戸,3,033120261004,1791073200,1791072900,2,2,015873,十文字悠真,逃,75.31,,,,,0.21555259545567268,0.21555259545567268,False,,,0.1997447525131654,0.26269052318382713,0.04171474903825565,0.07522421574686267,0.002682466761718953,,0,,,0,
2026-10-04,松戸,3,033120261004,1791073200,1791072900,3,1,012910,塩川真一郎,追,74.88,,,,,0.05850890097929788,0.05850890097929788,False,,,0.053984060693713934,-0.050583011742474475,-0.09573747813212655,0.21731440104649213,0.0023445181933134164,,0,,,0,
2026-10-04,松戸,3,033120261004,1791073200,1791072900,4,3,015974,山下季秦,逃,72.93,,,,,0.04737627044150029,0.04737627044150029,False,,,-0.09177663112573753,0.14661839488948814,-0.027857112388897654,-0.05850772335867094,0.0008659932065391898,,0,,,0,
2026-10-04,松戸,3,033120261004,1791073200,1791072900,5,4,012634,大薗宏,追,74.66,,,,,0.027984442201414706,0.027984442201414706,False,,,-0.09817954944361681,0.12997363227094166,0.11297810614933343,-0.05850772335867094,0.0008659932065391898,,0,,,0,
2026-10-04,松戸,3,033120261004,1791073200,1791072900,6,6,014986,三浦綾,逃,69.95,,,,,0.00730135305300318,0.00730135305300318,False,,,-0.23753732294518892,-0.1279644306053671,-0.08676520974763288,-0.05850772335867094,0.0017531081986037259,,0,,,0,
2026-10-04,松戸,3,033120261004,1791073200,1791072900,7,5,014550,龍門慎太郎,追,71.33,,,,,0.007158587807611208,0.007158587807611208,False,,,-0.1575732000459737,-0.0950938123192959,-0.026165616704973235,-0.05850772335867094,0.00012673071315207684,,0,,,0,
2026-10-04,防府,4,046320261004,1791073800,1791073500,1,2,014688,西田大志,追,89.2,,,,,0.5249675726456897,0.5249675726456897,False,,0.18973532508837115,0.1921609672138808,0.17435715144500072,0.11623037422338034,0.18623877703752245,0.001128695003547859,,0,,,0,
2026-10-04,防府,4,046320261004,1791073800,1791073500,2,7,014495,下沖功児,逃,88.11,,,,,0.33523224755731856,0.33523224755731856,False,,,0.06862891686210026,0.2821298586601656,0.15089787818605643,0.09071112847086224,0.0028525200998754984,,0,,,0,
2026-10-04,防府,4,046320261004,1791073800,1791073500,3,1,015108,吉田篤史,両,85.76,,,,,0.08543844875333652,0.08543844875333652,False,,,0.041177350117260196,0.11095615231290042,0.05637216225776672,-0.09472489521736059,0.000697738729465949,,0,,,0,
2026-10-04,防府,4,046320261004,1791073800,1791073500,4,4,013121,山田晃久,追,84.95,,,,,0.03782815333240618,0.03782815333240618,False,,,0.08235470023452035,0.06542842922401376,0.012490649018021813,-0.09472489521736059,0.0016006947323042372,,0,,,0,
2026-10-04,防府,4,046320261004,1791073800,1791073500,5,5,014115,原田礼,追,84.29,,,,,0.012889874600941237,0.012889874600941237,False,,,0.06862891686210026,-0.06978550465447089,-0.02900524106412159,-0.004816520095798006,0.002462607280468057,,0,,,0,
2026-10-04,防府,4,046320261004,1791073800,1791073500,6,6,013738,眞鍋伸也,追,76.76,,,,,0.0019665921627916878,0.0019665921627916878,False,,,-0.23333831733114097,-0.19543148791284945,-0.15349291131055182,0.012041300239494977,0.001846955460351042,,0,,,0,
2026-10-04,防府,4,046320261004,1791073800,1791073500,7,3,015119,佐伯辰哉,両,77.33,,,,,0.00167711094751605,0.00167711094751605,False,,,-0.21961253395872085,-0.19543148791284945,-0.15349291131055182,-0.09472489521736059,0.002462607280468057,,0,,,0,
2026-10-04,松戸,4,043120261004,1791074400,1791074100,1,7,015935,佐藤魁皇,逃,76.55,,,,,0.7272269440933976,0.7272269440933976,False,,0.5863694051104664,0.23114066625717644,0.24000309339092002,0.1283923704839754,0.2449489742783178,0.0038981388992192266,,0,,,0,
2026-10-04,松戸,4,043120261004,1791074400,1791074100,2,3,014418,安部龍文,追,75.22,,,,,0.14085753898293116,0.14085753898293116,False,,,0.26329363937498385,0.004180851012012958,0.15718216443351762,-0.040824829046386304,0.00033222774709254775,,0,,,0,
2026-10-04,松戸,4,043120261004,1791074400,1791074100,3,5,015981,小川佑希也,逃,72.5,,,,,0.094856178403864,0.094856178403864,False,,,0.06329807438405352,0.24000309339092002,-0.05832237939410978,-0.040824829046386304,0.0015725446695713924,,0,,,0,
2026-10-04,松戸,4,043120261004,1791074400,1791074100,4,4,015044,平川雅晃,逃,71.29,,,,,0.017754716912164882,0.017754716912164882,False,,,0.002205163127903878,-0.07405125874702896,0.05761966902306146,-0.040824829046386304,0.001683287251935575,,0,,,0,
2026-10-04,松戸,4,043120261004,1791074400,1791074100,5,1,012876,湯浅弘光,追,71.66,,,,,0.014244170954788438,0.014244170954788438,False,,,-0.11998065938439556,0.09535792098754652,-0.10997644418571008,-0.040824829046386304,0.0004429703294567304,,0,,,0,
2026-10-04,松戸,4,043120261004,1791074400,1791074100,6,2,014363,中川昌久,追,70.54,,,,,0.004420354332604337,0.004420354332604337,False,,,-0.1945773668835613,-0.016080720093661176,-0.0874476901803673,-0.040824829046386304,0.0023034457131749972,,0,,,0,
2026-10-04,松戸,4,043120261004,1791074400,1791074100,7,6,011427,川口秀人,追,66.69,,,,,0.0006400963202495834,0.0006400963202495834,False,,,-0.2453795168761602,-0.15453470823699456,-0.0874476901803673,-0.040824829046386304,0.001373208021315864,,0,,,0,
2026-10-04,防府,5,056320261004,1791075000,1791074700,1,7,015634,末廣快理,逃,91.95,,,,,0.8957402648067488,0.8957402648067488,False,,0.8473862965643585,0.17015347743244305,0.22641554171401232,0.257301038335526,0.10960257060672465,0.0036694809586773048,,0,,,0,
2026-10-04,防府,5,056320261004,1791075000,1791074700,2,3,013792,辰己豊,追,85.42,,,,,0.048353968242390306,0.048353968242390306,False,,,0.16448169485136152,0.03436511112539451,0.07617841300835879,-0.061466306488906386,0.0006251708299968743,,0,,,0,
2026-10-04,防府,5,056320261004,1791075000,1791074700,3,1,014638,川又裕樹,追,84.5,,,,,0.031350213852919716,0.031350213852919716,False,,,0.11343565162162864,0.15055474694036403,-0.019771799596768207,-0.061466306488906386,5.436268086929353e-05,,0,,,0,
2026-10-04,防府,5,056320261004,1791075000,1791074700,4,5,015533,岩城佑典,逃,80.9,,,,,0.013054411695483084,0.013054411695483084,False,,,-0.005671782581081568,-0.10574009724019331,0.022845288715506434,-0.061466306488906386,0.0006251708299968743,,0,,,0,
2026-10-04,防府,5,056320261004,1791075000,1791074700,5,2,011619,疋田敏,追,84.33,,,,,0.006215930610250299,0.006215930610250299,False,,,-0.02268713032432582,-0.020994162033639758,-0.11572201220189521,-0.061466306488906386,0.003560755596938718,,0,,,0,
2026-10-04,防府,5,056320261004,1791075000,1791074700,6,4,015209,中野真吾,逃,77.5,,,,,0.0038285372596987767,0.0038285372596987767,False,,,-0.20985595550001332,0.058289291675306935,-0.12639687224746687,0.1977289618378073,0.0005164454682582872,,0,,,0,
2026-10-04,防府,5,056320261004,1791075000,1791074700,7,6,013893,片山直人,両,77.5,,,,,0.0014566735325089739,0.0014566735325089739,False,,,-0.20985595550001332,-0.21850707411986445,-0.09443405601326091,-0.061466306488906386,0.0008969842343433408,,0,,,0,
2026-10-04,松戸,5,053120261004,1791075600,1791075300,1,2,016003,吉岡竜太,逃,79.11,,,,,0.916705049673598,0.916705049673598,False,,0.8714578309011108,0.34301148001933357,0.2766092674770454,0.1249918439632477,0.1729392120555363,0.004674160649547443,,0,,,0,
2026-10-04,松戸,5,053120261004,1791075600,1791075300,2,1,015164,菱沼元樹,逃,75.85,,,,,0.045247218772487205,0.045247218772487205,False,,,0.19418228155741035,-0.021426606145280084,0.096976726528207,-0.03650274026085715,0.00035276684147527885,,0,,,0,
2026-10-04,松戸,5,053120261004,1791075600,1791075300,3,7,015253,清水健次,逃,69.64,,,,,0.01528971043761455,0.01528971043761455,False,,,-0.24388621917553802,0.2763787183804268,-0.0805071070237032,0.034707523526716626,0.001499259076269935,,0,,,0,
2026-10-04,松戸,5,053120261004,1791075600,1791075300,4,4,013359,吉田彰久,追,72.2,,,,,0.010419987929447212,0.010419987929447212,False,,,0.044857250522333705,-0.0024290343630389228,0.134302838209935,-0.10352416500210304,0.001234683945163476,,0,,,0,
2026-10-04,松戸,5,053120261004,1791075600,1791075300,5,3,015260,國井裕樹,逃,73.06,,,,,0.01038302242815256,0.01038302242815256,False,,,-0.15969024310193153,-0.14613273294192589,-0.07738290860106273,-0.10352416500210304,0.0003527668414752786,,0,,,0,
2026-10-04,松戸,5,053120261004,1791075600,1791075300,6,5,011993,深井高志,追,70.45,,,,,0.0013247107341999409,0.0013247107341999409,False,,,-0.014822675679842206,-0.07906485896253548,-0.14588940348796126,0.10591778731429038,0.000617341972581738,,0,,,0,
2026-10-04,松戸,5,053120261004,1791075600,1791075300,7,6,013588,齋藤仁,追,69.26,,,,,0.0006303000245003535,0.0006303000245003535,False,,,-0.1636518741417654,-0.08387188918225041,-0.05249198958866251,-0.0700134526314801,0.0013228756555322956,,0,,,0,
2026-10-04,防府,6,066320261004,1791076200,1791075900,1,4,014486,大瀬戸潤一郎,追,88.95,,,,,0.5039643418895827,0.5039643418895827,False,,0.22050724812910666,0.10943513103291654,0.07460979755754561,0.13171839490270396,0.08422472292420626,0.002464418321680307,,0,,,0,
2026-10-04,防府,6,066320261004,1791076200,1791075900,2,1,015920,吉野太晟,逃,88.57,,,,,0.28345709376047606,0.28345709376047606,False,,,-0.04377405241316665,0.3110397327426309,0.024330537603163407,-0.10772929676351964,0.004221987977452308,,0,,,0,
2026-10-04,防府,6,066320261004,1791076200,1791075900,3,2,012920,山崎岳志,追,85.5,,,,,0.10149621911166144,0.10149621911166144,False,,,0.22434201861747893,0.10168310120379477,0.06028731524112661,0.11850222643987159,0.0012608651878364362,,0,,,0,
2026-10-04,防府,6,066320261004,1791076200,1791075900,4,5,015273,中武三四郎,逃,83.96,,,,,0.07710279345272987,0.07710279345272987,False,,,0.12858627896367694,0.04030669628013948,0.067196608101869,0.11850222643987159,0.0011462410798513051,,0,,,0,
2026-10-04,防府,6,066320261004,1791076200,1791075900,5,7,014494,山崎翼,逃,82.88,,,,,0.02830079948189588,0.02830079948189588,False,,,-0.04377405241316665,0.013233392633890347,-0.0397458870921185,-0.10772929676351964,0.00032476830595787,,0,,,0,
2026-10-04,防府,6,066320261004,1791076200,1791075900,6,3,014841,井上将志,両,79.13,,,,,0.004504620268700447,0.004504620268700447,False,,,-0.13952979206696867,0.02046319026504734,-0.11117696675369582,-0.10772929676351964,0.00032476830595787,,0,,,0,
2026-10-04,防府,6,066320261004,1791076200,1791075900,7,6,014351,田口守,両,77.43,,,,,0.0011741320349535754,0.0011741320349535754,False,,,-0.23528553172077063,-0.22645763897933358,-0.13261000200304862,0.001958714486609433,0.0009934089358711316,,0,,,0,
2026-10-04,松戸,6,063120261004,1791076800,1791076500,1,3,015866,高木萌那,逃,54.5,,,,,0.7234735810651898,0.7234735810651898,False,,0.5276168926707956,0.2730449188524373,-0.028703851860318427,0.1370301721657956,0.2256304299271065,0.004799719357259265,,0,,,0,
2026-10-04,松戸,6,063120261004,1791076800,1791076500,2,4,015491,當銘沙恵美,両,54.54,,,,,0.19585668839439424,0.19585668839439424,False,,,0.14877807428277326,-0.028703851860318427,0.2511547922790893,0.056407607481776624,0.0011045379274027601,,0,,,0,
2026-10-04,松戸,6,063120261004,1791076800,1791076500,3,7,015313,豊岡英子,両,51.93,,,,,0.06468519682861172,0.06468519682861172,False,,,0.18615588171105063,-0.028703851860318427,0.07615027010039843,-0.056407607481776624,0.0001204950466257557,,0,,,0,
2026-10-04,松戸,6,063120261004,1791076800,1791076500,4,2,015670,萩原瑞生,追,48.3,,,,,0.007454517868564398,0.007454517868564398,False,,,-0.08688903714138667,-0.028703851860318427,-0.09389850944969727,-0.056407607481776624,0.0002610726010224707,,0,,,0,
2026-10-04,松戸,6,063120261004,1791076800,1791076500,5,6,015954,北津留千羽,両,49.16,,,,,0.004121195011300655,0.004121195011300655,False,,,-0.18640026685449607,-0.028703851860318427,-0.09389850944969727,-0.056407607481776624,0.0011045379274027601,,0,,,0,
2026-10-04,松戸,6,063120261004,1791076800,1791076500,6,1,014909,浦部郁里,追,48.29,,,,,0.0036651779867194288,0.0036651779867194288,False,,,-0.024755614856554687,-0.028703851860318427,-0.10401156478149551,-0.056407607481776624,0.0011045379274027601,,0,,,0,
2026-10-04,松戸,6,063120261004,1791076800,1791076500,7,5,015133,佐藤友香,追,45.66,,,,,0.0007436428452198324,0.0007436428452198324,False,,,-0.30993395599382406,-0.028703851860318427,-0.17252665086439328,-0.056407607481776624,0.0011045379274027601,,0,,,0,
2026-10-04,防府,7,076320261004,1791077400,1791077100,1,6,014952,多田晃紀,逃,90.7,,,,,0.5275549902421639,0.5275549902421639,False,,0.32651643473854464,-0.03692744729379985,0.26911906614527886,0.17424834601133712,-0.040824829046386304,0.0027388675303557874,,0,,,0,
2026-10-04,防府,7,076320261004,1791077400,1791077100,2,5,015625,真鍋顕汰,逃,94.72,,,,,0.20103855550361924,0.20103855550361924,False,,,0.060007101852424666,0.09212690793902283,0.0795254922296803,-0.040824829046386304,0.0017117922064723674,,0,,,0,
2026-10-04,防府,7,076320261004,1791077400,1791077100,3,2,015835,藤井優希,逃,91.0,,,,,0.1290661284386372,0.1290661284386372,False,,,-0.004615930911725107,0.18899121176831682,-0.05120026093409072,-0.040824829046386304,0.0021682701281983316,,0,,,0,
2026-10-04,防府,7,076320261004,1791077400,1791077100,4,4,013884,守谷陽介,両,92.66,,,,,0.06672107658733083,0.06672107658733083,False,,,0.18925316738072406,-0.127313700977887,0.06745606789327038,-0.040824829046386304,0.0020541506477668404,,0,,,0,
2026-10-04,防府,7,076320261004,1791077400,1791077100,5,3,014672,吉田茂生,両,91.78,,,,,0.05332253618670717,0.05332253618670717,False,,,-0.29541957835039867,0.13189463572044569,-0.15484880216790997,0.24494897427831785,0.0004564779217259644,,0,,,0,
2026-10-04,防府,7,076320261004,1791077400,1791077100,6,1,012705,那須久幸,追,91.47,,,,,0.012478560493361797,0.012478560493361797,False,,,0.15694165099864918,-0.14345775161610266,-0.043696367137319794,-0.040824829046386304,0.0020541506477668404,,0,,,0,
2026-10-04,防府,7,076320261004,1791077400,1791077100,7,7,014104,池田憲昭,追,92.66,,,,,0.009818152548179743,0.009818152548179743,False,,,-0.06923896367587473,-0.14345775161610266,-0.07148447589496734,-0.040824829046386304,0.0020541506477668404,,0,,,0,
2026-10-04,松戸,7,073120261004,1791078000,1791077700,1,5,015070,尾崎睦,両,58.16,,,,,0.9279449324562364,0.9279449324562364,False,,0.881290042753981,0.3348903203880745,-0.028703851860318427,0.2576867759382976,-0.06711560552140243,0.0040832549143578764,,0,,,0,
2026-10-04,松戸,7,073120261004,1791078000,1791077700,2,6,015578,飯田風音,両,54.2,,,,,0.04665488970225539,0.04665488970225539,False,,,0.15440939459944414,-0.028703851860318427,-0.07360747380985776,0.2147699376684878,0.0017126448337472613,,0,,,0,
2026-10-04,松戸,7,073120261004,1791078000,1791077700,3,4,015485,青木美保,両,53.12,,,,,0.014473275551507883,0.014473275551507883,False,,,0.08873629004850936,-0.028703851860318427,0.029442989523943103,-0.02013468165642074,0.00011611151415235657,,0,,,0,
2026-10-04,松戸,7,073120261004,1791078000,1791077700,4,7,014905,加瀬加奈子,逃,49.86,,,,,0.003699669353200528,0.003699669353200528,False,,,-0.09684072512127323,-0.028703851860318427,0.0062289505525285754,-0.06711560552140243,0.0016739409956964754,,0,,,0,
2026-10-04,松戸,7,073120261004,1791078000,1791077700,5,3,015682,渡部遥,両,50.05,,,,,0.0034627423551641568,0.0034627423551641568,False,,,-0.06760991905336021,-0.028703851860318427,-0.09480852553156749,0.07382716607354267,0.0013352824127521017,,0,,,0,
2026-10-04,松戸,7,073120261004,1791078000,1791077700,6,1,015585,山本さくら,両,49.87,,,,,0.0024909168952749776,0.0024909168952749776,False,,,-0.21462923270616452,-0.028703851860318427,-0.01295911391947635,-0.06711560552140243,0.000996623829807728,,0,,,0,
2026-10-04,松戸,7,073120261004,1791078000,1791077700,7,2,014967,杉沢毛伊子,両,49.25,,,,,0.0012735736863605576,0.0012735736863605576,False,,,-0.19895612815522978,-0.028703851860318427,-0.11198360275386762,-0.06711560552140243,0.0016739409956964754,,0,,,0,
2026-10-04,松阪,1,014720261004,1791078300,1791078000,1,6,015046,山本紳貴,追,97.6,,,,,0.40603340708393376,0.40603340708393376,False,,0.029890341465195258,0.17486760232619858,0.22412439323510924,0.08964467177976401,-0.07018624063435966,0.0,,0,,,0,
2026-10-04,松阪,1,014720261004,1791078300,1791078000,2,2,015525,鈴木浩太,逃,98.64,,,,,0.3761430656187385,0.3761430656187385,False,,,-0.2456101930577336,0.14468032255017083,0.053015687086331975,0.11931660907841138,0.0,,0,,,0,
2026-10-04,松阪,1,014720261004,1791078300,1791078000,3,5,013045,岩本和也,追,97.8,,,,,0.10538240889271507,0.10538240889271507,False,,,0.21251262320331465,0.09758454957527297,-0.04431284157658112,-0.07018624063435966,0.0,,0,,,0,
2026-10-04,松阪,1,014720261004,1791078300,1791078000,4,4,013328,萩原孝之,追,101.42,,,,,0.07882499180298405,0.07882499180298405,False,,,-0.030569245154138017,-0.08632622580853844,0.08964467177976401,0.16142835345902717,0.0,,0,,,0,
2026-10-04,松阪,1,014720261004,1791078300,1791078000,5,1,015816,伊東佑晟,逃,93.0,,,,,0.02386189175646007,0.02386189175646007,False,,,-0.19265913137829654,0.11304536163521176,-0.07670059081452513,-0.07018624063435966,0.0,,0,,,0,
2026-10-04,松阪,1,014720261004,1791078300,1791078000,6,3,014137,房州輝也,両,94.51,,,,,0.009754234845168457,0.009754234845168457,False,,,0.08145834406065586,-0.292310140153313,-0.1112915982547537,-0.07018624063435966,0.0,,0,,,0,
2026-10-04,松阪,2,024720261004,1791080040,1791079740,1,7,015476,緒方将樹,逃,106.64,,,,,0.8483567901167095,0.8483567901167095,False,,0.7789169372376514,0.09516601274492348,0.16872643614486552,0.27726087968996616,-0.040824829046386304,0.003474396144861517,,0,,,0,
2026-10-04,松阪,2,024720261004,1791080040,1791079740,2,1,013443,大坪功一,追,98.31,,,,,0.06943985287905802,0.06943985287905802,False,,,0.0686352555256975,0.026386261336533767,-0.06834609023617301,-0.040824829046386304,0.0013363062095621218,,0,,,0,
2026-10-04,松阪,2,024720261004,1791080040,1791079740,3,3,014017,大塚玲,追,99.0,,,,,0.034371522330539216,0.034371522330539216,False,,,0.24984381227447508,-0.03497351981335784,0.002584345830182737,-0.040824829046386304,0.0005345224838248488,,0,,,0,
2026-10-04,松阪,2,024720261004,1791080040,1791079740,4,2,015342,福田滉,追,98.87,,,,,0.02777405770677568,0.02777405770677568,False,,,-0.08686341462404681,0.07027393700780972,-0.11563304761374352,0.2449489742783178,0.0010690449676496977,,0,,,0,
2026-10-04,松阪,2,024720261004,1791080040,1791079740,5,5,014825,稲葉一真,追,97.38,,,,,0.012277521807385448,0.012277521807385448,False,,,0.13383546262731144,-0.19589499727470303,0.002584345830182737,-0.040824829046386304,0.002405351177211819,,0,,,0,
2026-10-04,松阪,2,024720261004,1791080040,1791079740,6,4,013864,伊藤世哉,追,95.26,,,,,0.0045000983170189034,0.0045000983170189034,False,,,-0.13455841901592772,-0.14805524417417235,-0.09198956892495826,-0.040824829046386304,0.002405351177211819,,0,,,0,
2026-10-04,松阪,2,024720261004,1791080040,1791079740,7,6,015802,中島竜誠,逃,91.14,,,,,0.0032801568425131163,0.0032801568425131163,False,,,-0.3260587095324333,0.2857602379349347,-0.006460864575456818,-0.040824829046386304,0.0010690449676496977,,0,,,0,
2026-10-04,松阪,3,034720261004,1791081780,1791081480,1,2,014177,小堺浩二,両,99.64,,,,,0.5091869645619602,0.5091869645619602,False,,0.3268938241959465,-0.12342899812792454,0.25855803234246155,0.1618616157398061,0.20138409955990955,0.001280514081163006,,0,,,0,
2026-10-04,松阪,3,034720261004,1791081780,1791081480,2,1,014221,古川尚耶,追,96.64,,,,,0.1822931403660137,0.1822931403660137,False,,,0.0268096497879569,0.011172232530147895,-0.02449489742783178,-0.011034745181364918,0.0013558384388784772,,0,,,0,
2026-10-04,松阪,3,034720261004,1791081780,1791081480,3,7,015416,小笠原光,両,97.4,,,,,0.1100249923861935,0.1100249923861935,False,,,-0.04568560137153603,0.0519001453034705,-0.02449489742783178,0.037242264987106546,0.002071419837175451,,0,,,0,
2026-10-04,松阪,3,034720261004,1791081780,1791081480,4,3,013230,開坂秀明,追,97.32,,,,,0.08839304065629015,0.08839304065629015,False,,,0.315406891582831,-0.03311160040677876,0.0021274615961164936,-0.011034745181364918,0.0026740146988992186,,0,,,0,
2026-10-04,松阪,3,034720261004,1791081780,1791081480,5,5,014053,鈴木謙太郎,両,95.24,,,,,0.05742103019108543,0.05742103019108543,False,,,-0.27822391021915266,-0.05142879821602503,0.09372466651909411,0.01793146091971797,0.0008285679348701804,,0,,,0,
2026-10-04,松阪,3,034720261004,1791081780,1791081480,6,4,013335,坂上樹大,追,95.66,,,,,0.044128975587264176,0.044128975587264176,False,,,-0.03657307302084276,0.26211395250606556,-0.05111725645178005,-0.11724416755200213,0.0031259608451920445,,0,,,0,
2026-10-04,松阪,3,034720261004,1791081780,1791081480,7,6,013762,吉田勇人,追,95.0,,,,,0.008551856251192771,0.008551856251192771,False,,,0.1416950413686674,-0.16432569235562672,-0.15760669254757315,-0.11724416755200213,0.0016194736908826254,,0,,,0,
2026-10-04,松阪,4,044720261004,1791083580,1791083280,1,7,013737,筒井敦史,追,104.92,,,,,0.39934972160148674,0.39934972160148674,False,,0.09845355678764528,0.08889637074872232,0.1537710077805204,0.16226797526437697,-0.046413928167968015,0.0006847367880174609,,0,,,0,
2026-10-04,松阪,4,044720261004,1791083580,1791083280,2,5,015896,丸山留依,逃,104.05,,,,,0.30089616481384146,0.30089616481384146,False,,,0.13357935128142334,0.3373876891147275,0.05174073978819199,0.2676652849987328,0.00496434171312659,,0,,,0,
2026-10-04,松阪,4,044720261004,1791083580,1791083280,3,1,015122,島川将貴,逃,104.0,,,,,0.12652327639738722,0.12652327639738722,False,,,0.0668669127819243,-0.0374143239177494,0.09503093563200518,-0.046413928167968015,0.001626249871541469,,0,,,0,
2026-10-04,松阪,4,044720261004,1791083580,1791083280,4,4,015002,神田龍,逃,97.55,,,,,0.06594400416512797,0.06594400416512797,False,,,-0.17636895132923555,0.16479459639912267,-0.06799347915460108,-0.046413928167968015,8.559209850218243e-05,,0,,,0,
2026-10-04,松阪,4,044720261004,1791083580,1791083280,5,2,015717,児玉虎之介,逃,99.66,,,,,0.05212225662160195,0.05212225662160195,False,,,0.3887660412746395,-0.004343558061942596,0.04363598830496361,-0.046413928167968015,0.0009415130835240084,,0,,,0,
2026-10-04,松阪,4,044720261004,1791083580,1791083280,6,3,013604,庄子信弘,追,99.27,,,,,0.043290234087094114,0.043290234087094114,False,,,-0.07663659630181578,0.1427474191619181,-0.0046251099332801915,-0.046413928167968015,0.0006847367880174609,,0,,,0,
2026-10-04,松阪,4,044720261004,1791083580,1791083280,7,9,015014,西田将士,追,102.54,,,,,0.009113277708959845,0.009113277708959845,False,,,-0.06286211746699794,-0.14620235741645785,-0.08807165253210877,-0.046413928167968015,0.0019686182655501996,,0,,,0,
2026-10-04,松阪,4,044720261004,1791083580,1791083280,8,8,013245,佐藤真一,追,94.77,,,,,0.0014849106175541253,0.0014849106175541253,False,,,-0.06530983501886438,-0.0910844143234465,-0.14370268093132782,0.057232212177043267,0.0009415130835240084,,0,,,0,
2026-10-04,松阪,4,044720261004,1791083580,1791083280,9,6,014978,谷口明正,両,94.25,,,,,0.0012761539869465995,0.0012761539869465995,False,,,-0.29693117596979673,-0.14620235741645785,-0.04828271643821994,-0.046413928167968015,0.001455065674537104,,0,,,0,
2026-10-04,松阪,5,054720261004,1791085380,1791085080,1,6,014096,伊藤成紀,両,97.25,,,,,0.20835120408183713,0.20835120408183713,False,,0.010786977558483096,0.11591455366422038,0.22115949860991607,-0.0585523821090769,0.1629916103983299,0.0012304546686443937,,0,,,0,
2026-10-04,松阪,5,054720261004,1791085380,1791085080,2,3,015066,原口昌平,両,105.0,,,,,0.19756422652335404,0.19756422652335404,False,,,0.2084965636414755,0.05500968255015722,0.09340135294214474,-0.09313806308475994,0.0012304546686443937,,0,,,0,
2026-10-04,松阪,5,054720261004,1791085380,1791085080,3,5,014182,大川龍二,両,106.13,,,,,0.16142182495065954,0.16142182495065954,False,,,-0.18581866412879025,0.04375279400493835,-0.07031935021736793,0.03104602102825331,0.00410151556214798,,0,,,0,
2026-10-04,松阪,5,054720261004,1791085380,1791085080,4,2,014168,高橋和也,両,102.65,,,,,0.15485447964633428,0.15485447964633428,False,,,0.26678116256072565,-0.018909777701916836,0.1855033970953493,-0.09313806308475994,0.0012304546686443937,,0,,,0,
2026-10-04,松阪,5,054720261004,1791085380,1791085080,5,7,014599,松岡篤哉,両,100.18,,,,,0.14428667099308173,0.14428667099308173,False,,,-0.010964867371039827,0.3542145270636495,-0.04576856364422398,0.03104602102825331,0.0,,0,,,0,
2026-10-04,松阪,5,054720261004,1791085380,1791085080,6,9,014835,窓場千加頼,両,101.53,,,,,0.05097243708804775,0.05097243708804775,False,,,-0.3246916790946729,0.01065800639891278,-0.0585523821090769,0.1629916103983299,0.0024609093372887875,,0,,,0,
2026-10-04,松阪,5,054720261004,1791085380,1791085080,7,4,015608,山口多聞,逃,99.87,,,,,0.05080419518852162,0.05080419518852162,False,,,0.023332543686965156,0.01065800639891278,0.01357470207551216,-0.01552301051412666,0.00041015155621479827,,0,,,0,
2026-10-04,松阪,5,054720261004,1791085380,1791085080,8,8,014370,阿部大樹,両,98.47,,,,,0.020310085310971036,0.020310085310971036,False,,,-0.19781225805941288,0.028968901954523524,-0.09334486125566907,-0.09313806308475994,0.00041015155621479827,,0,,,0,
2026-10-04,松阪,5,054720261004,1791085380,1791085080,9,1,014944,栗山俊介,両,100.11,,,,,0.011434876217192897,0.011434876217192897,False,,,0.1047626451005291,-0.26502778643984193,0.03405808722240861,-0.09313806308475994,0.0028710608935035857,,0,,,0,
2026-10-04,松阪,6,064720261004,1791087180,1791086880,1,2,015826,久田朔,逃,106.0,,,,,0.8557516675717163,0.8557516675717163,False,,0.7951666485210358,0.10268585222378712,0.3410786366863171,0.22293202037075774,0.20126468549767287,0.003845076772265462,,0,,,0,
2026-10-04,松阪,6,064720261004,1791087180,1791086880,2,5,015169,野口裕史,逃,101.24,,,,,0.060585019050680464,0.060585019050680464,False,,,0.07220800645725031,0.11226305505579932,0.028185260640045298,-0.06678738442523673,0.0021706078553111476,,0,,,0,
2026-10-04,松阪,6,064720261004,1791087180,1791086880,3,7,014839,山本巨樹,追,97.78,,,,,0.02118545530227396,0.02118545530227396,False,,,-0.013356218239154536,0.007598013625227785,0.021391754919584297,-0.06678738442523673,0.0024806946917841697,,0,,,0,
2026-10-04,松阪,6,064720261004,1791087180,1791086880,4,3,015733,都築巧,両,98.1,,,,,0.019679533933544133,0.019679533933544133,False,,,-0.3056395969209744,0.1928296749451708,0.021391754919584297,0.15658934051052129,0.0012403473458920842,,0,,,0,
2026-10-04,松阪,6,064720261004,1791087180,1791086880,5,1,014712,泉慶輔,追,97.5,,,,,0.018886743775852297,0.018886743775852297,False,,,0.010684974591323972,0.07297389409109001,0.021391754919584297,-0.04648040943107692,0.001550434182365106,,0,,,0,
2026-10-04,松阪,6,064720261004,1791087180,1791086880,6,9,015067,瀬戸晋作,両,98.85,,,,,0.01229166346177361,0.01229166346177361,False,,,0.3476432990217872,-0.19579890231773436,0.021391754919584297,-0.06678738442523673,6.201736729460463e-05,,0,,,0,
2026-10-04,松阪,6,064720261004,1791087180,1791086880,7,4,015198,今村麟太郎,両,97.15,,,,,0.008074291098566132,0.008074291098566132,False,,,-0.02017109806378142,0.0033032542793622536,-0.10563783199626953,0.022563305549066465,0.00031008683647302057,,0,,,0,
2026-10-04,松阪,6,064720261004,1791087180,1791086880,8,8,014249,鷲田幸司,追,96.46,,,,,0.002809615826459163,0.002809615826459163,False,,,-0.08188324337399211,-0.060752382040144354,-0.08129448702993047,-0.06678738442523673,0.0013643820804812934,,0,,,0,
2026-10-04,松阪,6,064720261004,1791087180,1791086880,9,6,013622,白岩大助,追,94.83,,,,,0.0007360099791338819,0.0007360099791338819,False,,,-0.11217197569624457,-0.147920222661294,-0.14975198166294032,-0.06678738442523673,0.002108590488016544,,0,,,0,
2026-10-04,松阪,7,074720261004,1791088980,1791088680,1,2,015006,石塚輪太郎,逃,106.95,,,,,0.37100812176822273,0.37100812176822273,False,,0.13911084969070486,0.21271522684929178,0.03035148460287054,0.06906461457428052,0.06373241574134754,0.0018862412014135689,,0,,,0,
2026-10-04,松阪,7,074720261004,1791088980,1791088680,2,1,015832,角宗哉,逃,105.76,,,,,0.23189727207751787,0.23189727207751787,False,,,-0.24118662258073412,0.22039187125660967,-0.044646144209865596,0.2516331587029067,0.0010081634007555284,,0,,,0,
2026-10-04,松阪,7,074720261004,1791088980,1791088680,3,9,014942,清水剛志,両,103.04,,,,,0.13814558540429345,0.13814558540429345,False,,,0.28509607435793505,0.3413630073183343,0.11419530477832376,-0.00549417377080583,0.0015935486011942218,,0,,,0,
2026-10-04,松阪,7,074720261004,1791088980,1791088680,4,3,014995,渡邉雄太,両,105.21,,,,,0.09036399300726582,0.09036399300726582,False,,,0.14033437934064857,-0.1879063350764833,0.019691515267820592,-0.0747207632829592,0.0007154708005361816,,0,,,0,
2026-10-04,松阪,7,074720261004,1791088980,1791088680,5,7,014122,松岡貴久,追,102.64,,,,,0.06279188940160989,0.06279188940160989,False,,,-0.09642492756344795,-0.038717765989143935,-0.022964832381881975,-0.0747207632829592,0.0025041478018766323,,0,,,0,
2026-10-04,松阪,7,074720261004,1791088980,1791088680,6,5,015690,斉藤樂,逃,102.2,,,,,0.05517703050535818,0.05517703050535818,False,,,-0.004427315676637747,0.1326809235702685,-0.03215592659298001,-0.0747207632829592,0.0024716264018522617,,0,,,0,
2026-10-04,松阪,7,074720261004,1791088980,1791088680,7,8,015378,今野有樹,追,100.72,,,,,0.026409441532855623,0.026409441532855623,False,,,-0.22592044211590753,-0.00948078342703022,-0.05725486667193341,-0.015383686558256318,0.0025041478018766323,,0,,,0,
2026-10-04,松阪,7,074720261004,1791088980,1791088680,8,4,014691,東矢昇太,追,101.25,,,,,0.018374052401433718,0.018374052401433718,False,,,-0.004427315676637747,-0.0523167077337018,0.0456152361982209,0.004395339016644645,0.00042277820031683534,,0,,,0,
2026-10-04,松阪,7,074720261004,1791088980,1791088680,9,6,014108,山中貴雄,追,98.07,,,,,0.005832613901442776,0.005832613901442776,False,,,-0.06575905693451119,-0.11079067285792922,-0.09154490096198484,-0.0747207632829592,0.003089533002315326,,0,,,0,
2026-10-04,松阪,8,084720261004,1791090840,1791090540,1,5,015261,松井宏佑,逃,107.84,,,,,0.34906679530067136,0.34906679530067136,False,,0.05511318940675253,0.04355223489361487,0.1284040454695857,0.0788091232937176,0.06660124492127355,0.002575414396009584,,0,,,0,
2026-10-04,松阪,8,084720261004,1791090840,1791090540,2,1,013772,岡村潤,追,107.19,,,,,0.29395360589391883,0.29395360589391883,False,,,0.16141579489058575,0.17628272512602608,0.1670902210009476,0.047265399621548985,0.0010471465126632373,,0,,,0,
2026-10-04,松阪,8,084720261004,1791090840,1791090540,3,2,015822,谷内健太,逃,107.05,,,,,0.13810513444992428,0.13810513444992428,False,,,-0.08805026546041715,0.19248201254683525,0.05938895649956581,0.21162008466920793,0.002320703082118526,,0,,,0,
2026-10-04,松阪,8,084720261004,1791090840,1791090540,4,9,014398,藤田勝也,追,105.26,,,,,0.08562413274990252,0.08562413274990252,False,,,0.06210724920594789,0.14424374158740133,0.016987234377074563,-0.03974590422721163,0.000481121370683109,,0,,,0,
2026-10-04,松阪,8,084720261004,1791090840,1791090540,5,3,014441,芦澤辰弘,追,104.85,,,,,0.07370800859818714,0.07370800859818714,False,,,0.23212647300924055,0.04812679097152699,-0.01303336294770004,-0.10742136277624766,0.000735832684574167,,0,,,0,
2026-10-04,松阪,8,084720261004,1791090840,1791090540,6,7,015347,武田亮,逃,101.56,,,,,0.05312889216410288,0.05312889216410288,False,,,0.18105350665714104,0.19248201254683525,0.0600844871920153,0.047265399621548985,0.0020659917682274687,,0,,,0,
2026-10-04,松阪,8,084720261004,1791090840,1791090540,7,4,014617,西岡拓朗,追,98.68,,,,,0.002815827087601495,0.002815827087601495,False,,,0.008196895834287421,-0.16952254230932534,-0.13311575224679845,-0.10742136277624766,0.002773523195702629,,0,,,0,
2026-10-04,松阪,8,084720261004,1791090840,1791090540,8,8,014286,関貴之,追,95.34,,,,,0.002748087665364693,0.002748087665364693,False,,,-0.20591382545738812,-0.16952254230932534,-0.10309515492202384,-0.010742136277624756,0.0009905439984652245,,0,,,0,
2026-10-04,松阪,8,084720261004,1791090840,1791090540,9,6,014208,安部貴之,追,94.3,,,,,0.000849516090326868,0.000849516090326868,False,,,-0.39448806357301397,-0.16952254230932534,-0.13311575224679845,-0.10742136277624766,0.0030282345095936866,,0,,,0,
2026-10-04,松阪,9,094720261004,1791092700,1791092400,1,1,015125,佐々木豪,逃,113.95,,,,,0.6228510948325261,0.6228510948325261,False,,0.4650855971026414,0.1591286379253147,0.0013961475280359244,0.20598630224976452,-0.0942269301863691,3.3893437086576435e-05,,0,,,0,
2026-10-04,松阪,9,094720261004,1791092700,1791092400,2,9,015199,田尾駿介,追,106.63,,,,,0.15776549772988469,0.15776549772988469,False,,,0.19816071557548626,0.1794992908040112,-0.09451041120134931,0.12304012371443236,0.0024742209073200026,,0,,,0,
2026-10-04,松阪,9,094720261004,1791092700,1791092400,3,2,014809,恩田淳平,追,107.85,,,,,0.09391467473338043,0.09391467473338043,False,,,-0.08195526959107328,0.04927482718447629,-0.09451041120134931,0.13705735299835506,0.0008812293642509589,,0,,,0,
2026-10-04,松阪,9,094720261004,1791092700,1791092400,4,7,015609,安倍大成,逃,102.5,,,,,0.07442233074103351,0.07442233074103351,False,,,0.22243374326568685,-0.07095077670503903,0.2273381338372748,-0.0942269301863691,0.0011862702980301371,,0,,,0,
2026-10-04,松阪,9,094720261004,1791092700,1791092400,5,3,015329,板垣昴,逃,100.35,,,,,0.01835786291808512,0.01835786291808512,False,,,-0.1452603749314453,0.14608999599418585,-0.042510354136783494,0.13705735299835506,0.002169179973540824,,0,,,0,
2026-10-04,松阪,9,094720261004,1791092700,1791092400,6,4,015269,佐山寛明,逃,99.13,,,,,0.012395822185556247,0.012395822185556247,False,,,-0.29917949560673657,0.1650299059573962,0.04013792840483786,-0.0381580130506784,0.0005761884304717807,,0,,,0,
2026-10-04,松阪,9,094720261004,1791092700,1791092400,7,5,013410,伊勢崎彰大,追,99.9,,,,,0.010792782073308154,0.010792782073308154,False,,,0.09582353258494267,-0.12435779097490363,-0.0323862471047123,-0.0942269301863691,0.002711474966926029,,0,,,0,
2026-10-04,松阪,9,094720261004,1791092700,1791092400,8,6,015366,張野幸聖,逃,95.65,,,,,0.005941059585331739,0.005941059585331739,False,,,-0.22966718205194153,0.2763144596137207,-0.11503452964633365,-0.0942269301863691,0.003084302774878359,,0,,,0,
2026-10-04,松阪,9,094720261004,1791092700,1791092400,9,8,014613,黒田淳,追,98.72,,,,,0.0035588752008940423,0.0035588752008940423,False,,,0.0805156928297658,-0.18181220656263206,-0.09451041120134931,0.017910904085012305,0.0024064340331468505,,0,,,0,
2026-10-04,松阪,10,104720261004,1791094560,1791094260,1,1,014113,北津留翼,逃,109.0,,,,,0.37230971670113727,0.37230971670113727,False,,0.11766305898479179,0.24731301363935912,0.13952292249402,0.020120455108039854,0.22396551176177906,0.0038750650358746327,,0,,,0,
2026-10-04,松阪,10,104720261004,1791094560,1791094260,2,9,015439,佐々木眞也,両,110.62,,,,,0.2546466577163455,0.2546466577163455,False,,,0.24838961359144707,0.20298224953016977,0.0792574064055675,-0.016590037908279936,0.00125284057550834,,0,,,0,
2026-10-04,松阪,10,104720261004,1791094560,1791094260,3,7,015620,纐纈洸翔,両,103.61,,,,,0.1573272068886232,0.1573272068886232,False,,,-0.08583504167177061,0.2653048390490074,-0.07194087727537118,0.05806513267897976,0.0011071614388213236,,0,,,0,
2026-10-04,松阪,10,104720261004,1791094560,1791094260,4,5,013963,柏野智典,追,108.58,,,,,0.14708192513000629,0.14708192513000629,False,,,0.230978590859429,0.0939177178722039,0.0792574064055675,0.024885056862419895,0.0007283956834350817,,0,,,0,
2026-10-04,松阪,10,104720261004,1791094560,1791094260,5,2,013982,五日市誠,追,107.21,,,,,0.02930915516290997,0.02930915516290997,False,,,-0.08475844171968272,0.13952292249402,-0.004066402573962118,-0.10783524640381954,0.0015150630215449695,,0,,,0,
2026-10-04,松阪,10,104720261004,1791094560,1791094260,6,4,015441,鈴木陸来,逃,102.15,,,,,0.01787301820093391,0.01787301820093391,False,,,-0.09054151335273203,-0.0007029039233646909,0.020120455108039854,0.024885056862419895,0.0005827165467480645,,0,,,0,
2026-10-04,松阪,10,104720261004,1791094560,1791094260,7,3,013637,笠松信幸,追,105.84,,,,,0.009756120817334476,0.009756120817334476,False,,,-0.019420750599962303,-0.2595689979300033,-0.004066402573962118,0.008295018954139973,0.0005827165467480645,,0,,,0,
2026-10-04,松阪,10,104720261004,1791094560,1791094260,8,8,015628,村田祐樹,逃,100.52,,,,,0.005866733895920944,0.005866733895920944,False,,,-0.29495273795459787,-0.10976743558133059,0.010370075439337267,-0.10783524640381954,0.001631606330894582,,0,,,0,
2026-10-04,松阪,10,104720261004,1791094560,1791094260,9,6,014576,中田雄喜,追,99.3,,,,,0.005829465486788298,0.005829465486788298,False,,,-0.15117273279149102,-0.030727461165471398,-0.12905211604325656,-0.10783524640381954,0.003467163453150987,,0,,,0,
2026-10-04,松阪,11,114720261004,1791096420,1791096120,1,1,015179,皿屋豊,両,104.13,,,,,0.3400106487110922,0.3400106487110922,False,,0.08224141084913078,0.05586213491888468,0.4072645676330702,0.05005247708557592,-0.10342834282137635,0.00017669220073498825,,0,,,0,
2026-10-04,松阪,11,114720261004,1791096420,1791096120,2,3,014860,吉澤純平,両,111.06,,,,,0.25776923786196143,0.25776923786196143,False,,,0.3037228507343988,-0.13331744342153085,0.0019454535413395285,0.015151922833704812,0.0031299761273055086,,0,,,0,
2026-10-04,松阪,11,114720261004,1791096420,1791096120,3,5,014940,谷口遼平,逃,109.17,,,,,0.19183104904856163,0.19183104904856163,False,,,-0.10090720878438049,0.14259642216143914,0.1010776809418216,0.19302232131632652,0.0033571518139647798,,0,,,0,
2026-10-04,松阪,11,114720261004,1791096420,1791096120,4,9,015383,原井博斗,追,108.58,,,,,0.06879114185996217,0.06879114185996217,False,,,0.15858936115135325,0.12149663542213697,0.0019454535413395285,-0.04413820999383577,0.0006310435740535303,,0,,,0,
2026-10-04,松阪,11,114720261004,1791096420,1791096120,5,4,015638,昼田達哉,逃,102.8,,,,,0.045343615460817235,0.045343615460817235,False,,,0.0414718827213189,0.024347622625880562,0.24539875157453075,0.09222909550950756,0.0002776591725835531,,0,,,0,
2026-10-04,松阪,11,114720261004,1791096420,1791096120,6,7,014545,岡崎智哉,両,106.72,,,,,0.03593596488397887,0.03593596488397887,False,,,0.0005946058549825689,-0.024922710513935506,0.0019454535413395285,-0.03820919671108171,0.0007320105459020945,,0,,,0,
2026-10-04,松阪,11,114720261004,1791096420,1791096120,7,2,012339,内藤宣彦,追,106.0,,,,,0.033359855920518905,0.033359855920518905,False,,,-0.052222100022708565,0.013101902514541656,-0.10010495417115181,-0.10342834282137635,0.0016407132925391778,,0,,,0,
2026-10-04,松阪,11,114720261004,1791096420,1791096120,8,8,014588,柿澤大貴,追,102.22,,,,,0.025032893469412718,0.025032893469412718,False,,,-0.2774238133943362,0.03281003577046807,-0.049079750314906134,0.09222909550950756,0.0018678889791984487,,0,,,0,
2026-10-04,松阪,11,114720261004,1791096420,1791096120,9,6,012669,伊藤正樹,追,99.88,,,,,0.0019255927836948966,0.0019255927836948966,False,,,-0.12968771317951208,-0.14289317935281892,-0.2531805657398888,-0.10342834282137635,0.002776591725835532,,0,,,0,
2026-10-04,松山,1,017520261004,1791096900,1791096600,1,2,015934,吉田航,逃,88.75,,,,,0.5591398201939993,0.5591398201939993,False,,0.19401468335877964,0.21152852805666214,0.35278857847736245,0.0731756049888765,0.2449489742783178,0.0044348948897270195,,0,,,0,
2026-10-04,松山,1,017520261004,1791096900,1791096600,2,7,014999,水谷将司,追,89.83,,,,,0.3651251368352197,0.3651251368352197,False,,,0.19037567525099586,0.14302252324126846,0.14553826661516256,-0.04082482904638629,0.0003695745741439184,,0,,,0,
2026-10-04,松山,1,017520261004,1791096900,1791096600,3,5,013811,池田浩士,追,85.26,,,,,0.047093233029202,0.047093233029202,False,,,-0.021152852805666533,0.010064686680429872,0.006867248868876796,-0.04082482904638629,0.0003695745741439184,,0,,,0,
2026-10-04,松山,1,017520261004,1791096900,1791096600,4,4,014474,山崎晃,両,83.8,,,,,0.014388043064913923,0.014388043064913923,False,,,-0.021152852805666533,-0.01284547206494362,-0.032024069199637586,-0.04082482904638629,0.0005543618612158774,,0,,,0,
2026-10-04,松山,1,017520261004,1791096900,1791096600,5,1,014476,乾庄平,追,84.23,,,,,0.008453785541568825,0.008453785541568825,False,,,-1.8787507377085995e-16,-0.08889234096546904,-0.020866954680380356,-0.04082482904638629,0.001663085583647632,,0,,,0,
2026-10-04,松山,1,017520261004,1791096900,1791096600,6,6,013399,塚本勝士,両,79.75,,,,,0.0033491251698191185,0.0033491251698191185,False,,,-0.253834233667995,-0.08687290535568529,-0.12408893836326046,-0.04082482904638629,0.0020326601577915506,,0,,,0,
2026-10-04,松山,1,017520261004,1791096900,1791096600,7,3,011800,三住博昭,追,81.73,,,,,0.0024508561652771418,0.0024508561652771418,False,,,-0.10576426402833135,-0.09720220575052144,-0.04860115822963751,-0.04082482904638629,0.0009239364353597957,,0,,,0,
2026-10-04,いわき平,1,011320261004,1791097620,1791097320,1,3,015884,秋山太洋,逃,78.33,,,,,0.8167922202275942,0.8167922202275942,False,,0.6801903127622434,0.20736740120038685,0.2831690742246018,0.24110524286776935,-0.060765242499434304,0.00477153207476392,,0,,,0,
2026-10-04,いわき平,1,011320261004,1791097620,1791097320,2,1,015985,山本真,逃,76.0,,,,,0.13660190746535084,0.13660190746535084,False,,,0.12588623939815582,0.2210322176007652,0.10734651842129464,0.23474572628728826,0.001129262591027461,,0,,,0,
2026-10-04,いわき平,1,011320261004,1791097620,1791097320,3,5,014158,本間慎吾,追,73.83,,,,,0.041263252392937835,0.041263252392937835,False,,,0.09872585213074546,0.020324544205949306,0.09382884024199581,-0.060765242499434304,0.00034991235214935413,,0,,,0,
2026-10-04,いわき平,1,011320261004,1791097620,1791097320,4,4,014738,櫻川雅彦,追,72.15,,,,,0.0032326787880707798,0.0032326787880707798,False,,,0.03082488396221962,0.00651635384509672,-0.11057015038276499,-0.060765242499434304,0.001129262591027461,,0,,,0,
2026-10-04,いわき平,1,011320261004,1791097620,1791097320,5,7,014388,水野悟志,追,69.8,,,,,0.0009744554948418817,0.0009744554948418817,False,,,-0.050656277840011345,-0.0923159209580979,-0.11057015038276499,-0.0025585365262919763,9.54306414952783e-05,,0,,,0,
2026-10-04,いわき平,1,011320261004,1791097620,1791097320,6,2,014154,長岡豪,追,67.76,,,,,0.0007796272828225815,0.0007796272828225815,False,,,-0.22116315346319848,-0.0923159209580979,-0.11057015038276499,-0.060765242499434304,0.001129262591027461,,0,,,0,
2026-10-04,いわき平,1,011320261004,1791097620,1791097320,7,6,011346,野崎修一,追,65.78,,,,,0.00035585834838193053,0.00035585834838193053,False,,,-0.19098494538829808,-0.07850773059724532,-0.11057015038276499,0.01087378023674087,0.001129262591027461,,0,,,0,
2026-10-04,松山,2,027520261004,1791098280,1791097980,1,7,014858,小原唯志,逃,90.23,,,,,0.6302888412409245,0.6302888412409245,False,,0.4475974604938031,0.25460052743745154,0.028703851860318427,0.14979434971074418,-0.07930898436588779,0.0003879292326456056,,0,,,0,
2026-10-04,松山,2,027520261004,1791098280,1791097980,2,1,015372,野上竜太,逃,87.43,,,,,0.18269138074712143,0.18269138074712143,False,,,0.0462910049886275,0.028703851860318427,0.1466448468320452,-0.07930898436588779,0.00015517169305824177,,0,,,0,
2026-10-04,松山,2,027520261004,1791098280,1791097980,3,4,013970,三好陽一,両,81.8,,,,,0.06643001012601979,0.06643001012601979,False,,,-0.18516401995451043,0.2845227706481916,-0.10412963713085732,-0.026793575799286415,0.0017844744701697845,,0,,,0,
2026-10-04,松山,2,027520261004,1791098280,1791097980,4,2,014297,田中勝仁,両,83.66,,,,,0.04283391316960579,0.04283391316960579,False,,,0.092582009977255,-0.10994892526457649,-0.0248896431839122,-0.07930898436588779,0.00042672215591016584,,0,,,0,
2026-10-04,松山,2,027520261004,1791098280,1791097980,5,5,013110,法月成祐,追,84.95,,,,,0.03987535976298968,0.03987535976298968,False,,,0.0462910049886275,-0.062109172164045774,0.0804593550071672,0.04072623521491535,0.0009310301583494533,,0,,,0,
2026-10-04,松山,2,027520261004,1791098280,1791097980,6,3,014003,須賀和彦,追,85.29,,,,,0.02537310191438242,0.02537310191438242,False,,,-0.04629100498862761,-0.062109172164045774,-0.12393963561759361,0.0032152290959143663,0.003918085249720616,,0,,,0,
2026-10-04,松山,2,027520261004,1791098280,1791097980,7,6,013371,足達重満,追,81.27,,,,,0.012507393038956283,0.012507393038956283,False,,,-0.20830952244882414,0.22711506692755473,-0.12393963561759361,0.22077906458612007,0.0028706763215774803,,0,,,0,
2026-10-04,松阪,12,124720261004,1791098700,1791098400,1,1,014741,郡司浩平,両,117.0,,,,,0.3048665996830485,0.3048665996830485,False,,0.07400699867615465,-0.051548397145715984,0.15086005720185744,0.12380901483119842,0.1516877426816286,0.003038815780706774,,0,,,0,
2026-10-04,松阪,12,124720261004,1791098700,1791098400,2,9,015035,阿部拓真,両,113.95,,,,,0.23085960100689387,0.23085960100689387,False,,,0.21417425854420236,0.02049079447906452,0.010835391742984556,-0.05656153116942082,0.002320176913647738,,0,,,0,
2026-10-04,松阪,12,124720261004,1791098700,1791098400,3,2,014089,浅井康太,両,113.88,,,,,0.15298442616688004,0.15298442616688004,False,,,0.1496466737324817,0.15086005720185744,-0.02998420717496038,-0.06813093527225692,0.0015604729684710464,,0,,,0,
2026-10-04,松阪,12,124720261004,1791098700,1791098400,4,7,015034,新山響平,逃,115.21,,,,,0.12133704226089131,0.12133704226089131,False,,,-0.2016331736415476,0.0617360860122408,-0.03946938084058131,0.007070191396177601,0.003038815780706774,,0,,,0,
2026-10-04,松阪,12,124720261004,1791098700,1791098400,5,4,015356,杉浦侑吾,逃,110.88,,,,,0.07265744623069557,0.07265744623069557,False,,,0.06792299359961503,0.16571405240012688,0.08298941591325348,0.19218065704155485,0.00026692300776478477,,0,,,0,
2026-10-04,松阪,12,124720261004,1791098700,1791098400,6,5,015037,鈴木竜士,両,111.05,,,,,0.059736578960251974,0.059736578960251974,False,,,-0.36391051355866033,0.1987387368582978,-0.1304523421922192,-0.010283914758076516,0.0010266269529414767,,0,,,0,
2026-10-04,松阪,12,124720261004,1791098700,1791098400,7,8,014523,東龍之介,追,105.63,,,,,0.028876803728807316,0.028876803728807316,False,,,0.10567070421207929,0.02049079447906452,0.11130352676024338,-0.03342272296374868,0.001950591210588806,,0,,,0,
2026-10-04,松阪,12,124720261004,1791098700,1791098400,8,3,014794,阿部力也,追,112.75,,,,,0.020997344866824735,0.020997344866824735,False,,,0.1291497651006163,-0.30433553467751384,0.010835391742984556,-0.04499212706658476,0.00047224839835307897,,0,,,0,
2026-10-04,松阪,12,124720261004,1791098700,1791098400,9,6,014537,西村光太,追,103.77,,,,,0.007684157095706619,0.007684157095706619,False,,,-0.04947231084306991,-0.024071191115743795,-0.1398668107829037,-0.13754735988927339,0.002135384062118272,,0,,,0,
2026-10-04,いわき平,2,021320261004,1791099120,1791098820,1,2,015958,庄子琢心,逃,75.55,,,,,0.8191657319902151,0.8191657319902151,False,,0.7559263383457846,0.20301553384077786,0.2871778983954871,0.07585095902763918,0.0,0.0015876233637753885,,0,,,0,
2026-10-04,いわき平,2,021320261004,1791099120,1791098820,2,7,014678,樋口有樹郎,両,70.3,,,,,0.06323939364443054,0.06323939364443054,False,,,0.1384196821641667,0.017130387090086966,0.2054072133292091,0.0,0.00034513551386421506,,0,,,0,
2026-10-04,いわき平,2,021320261004,1791099120,1791098820,3,4,014931,横田政直,逃,68.9,,,,,0.054789670949864144,0.054789670949864144,False,,,0.0522918799286852,0.15215414274278702,0.1127189203944203,0.0,0.0037619771011199424,,0,,,0,
2026-10-04,いわき平,2,021320261004,1791099120,1791098820,4,5,012858,亀井宏佳,追,68.08,,,,,0.03999452463937781,0.03999452463937781,False,,,0.030759929369814903,0.09197489132115771,-0.09849427318781714,0.0,0.0022778943915038184,,0,,,0,
2026-10-04,いわき平,2,021320261004,1791099120,1791098820,5,1,013314,鈴木宏章,追,71.04,,,,,0.011970088947921483,0.011970088947921483,False,,,-0.14149567510114824,-0.09705836659262236,-0.06162631182103602,0.0,0.0022778943915038184,,0,,,0,
2026-10-04,いわき平,2,021320261004,1791099120,1791098820,6,3,014099,坂本佳憲,追,67.52,,,,,0.008584204750404095,0.008584204750404095,False,,,-0.012303971747925887,0.03796538906007769,-0.09849427318781714,0.0,0.00037964906525063624,,0,,,0,
2026-10-04,いわき平,2,021320261004,1791099120,1791098820,7,6,014650,佐藤裕輝,逃,65.5,,,,,0.0022563850777868872,0.0022563850777868872,False,,,-0.2706873784543704,-0.15446607031325923,-0.13536223455459828,0.0,0.000828325233274116,,0,,,0,
2026-10-04,松山,3,037520261004,1791099720,1791099420,1,2,014619,木村浩宣,逃,89.2,,,,,0.39283562386365967,0.39283562386365967,False,,0.031740406618714856,0.28536900135150756,0.10722107566931306,0.136610394919274,0.00841043485644193,0.0012513113179293735,,0,,,0,
2026-10-04,松山,3,037520261004,1791099720,1791099420,2,3,013571,小林信晴,追,91.42,,,,,0.3610952172449448,0.3610952172449448,False,,,0.17212020081516113,0.09897709747770474,0.06358481525271985,-0.055814704047296465,0.0015357002538224124,,0,,,0,
2026-10-04,松山,3,037520261004,1791099720,1791099420,3,7,015910,土生智徳,逃,85.1,,,,,0.1863167354450678,0.1863167354450678,False,,,-0.07010640033202391,0.32033925457944135,0.041326022120419,0.23855051592817117,0.004171037726431244,,0,,,0,
2026-10-04,松山,3,037520261004,1791099720,1791099420,4,1,014665,小峰烈,両,82.14,,,,,0.026798298411986058,0.026798298411986058,False,,,-0.11100180052570463,-0.05113734437717402,0.045860704166886646,-0.023702134595427263,0.00032230746067877814,,0,,,0,
2026-10-04,松山,3,037520261004,1791099720,1791099420,5,5,013969,武田良太,追,81.84,,,,,0.02196302939023964,0.02196302939023964,False,,,-0.05437740025753142,-0.04684060388185671,-0.05594928030164489,-0.055814704047296465,0.0010048409068220722,,0,,,0,
2026-10-04,松山,3,037520261004,1791099720,1791099420,6,4,013907,佐藤正吾,追,83.12,,,,,0.009065893261116419,0.009065893261116419,False,,,-0.08268960039161789,-0.09600432941088526,-0.09579397881976646,-0.055814704047296465,0.0011375557435721574,,0,,,0,
2026-10-04,松山,3,037520261004,1791099720,1791099420,7,6,013056,山本貴章,追,80.61,,,,,0.0019252023829855914,0.0019252023829855914,False,,,-0.13931400065979108,-0.1603320388946326,-0.13563867733788804,-0.055814704047296465,0.0020665596008227526,,0,,,0,
2026-10-04,いわき平,3,031320261004,1791100440,1791100140,1,7,015968,渡邉拓,逃,79.65,,,,,0.9699551646432938,0.9699551646432938,False,,0.96003982960313,0.31656531448275066,0.3685313310340527,0.2917067697972516,0.1961089408077198,0.0028950938344772972,,0,,,0,
2026-10-04,いわき平,3,031320261004,1791100440,1791100140,2,3,014595,瀧本匡平,両,69.42,,,,,0.009915335040163824,0.009915335040163824,False,,,0.010959412135895416,0.04692304072044872,0.11925966279639755,-0.07096549219890251,0.00020104818294981196,,0,,,0,
2026-10-04,いわき平,3,031320261004,1791100440,1791100140,3,2,013013,武田靖夫,追,74.54,,,,,0.008644713332075536,0.008644713332075536,False,,,0.010959412135895416,-0.016136616631987476,-0.08677132276166019,-0.07096549219890251,0.0027342552881174467,,0,,,0,
2026-10-04,いわき平,3,031320261004,1791100440,1791100140,4,1,013776,小塚潤,追,69.0,,,,,0.006292924628102416,0.006292924628102416,False,,,-0.06575647281537281,0.04485805911714432,-0.05777322229786302,-0.07096549219890251,0.0017692240099583484,,0,,,0,
2026-10-04,いわき平,3,031320261004,1791100440,1791100140,5,4,013421,富澤洋祐,追,70.76,,,,,0.0024050722524079356,0.0024050722524079356,False,,,-0.011678062112019808,-0.06245437930732765,-0.028775121834065834,-0.07096549219890251,0.00020104818294981196,,0,,,0,
2026-10-04,いわき平,3,031320261004,1791100440,1791100140,6,5,013867,樋口奨平,追,68.61,,,,,0.0021163480758313305,0.0021163480758313305,False,,,-0.034315536359935034,-0.04027449721673426,-0.07914126235677622,0.10530363358546824,0.0012062890976988743,,0,,,0,
2026-10-04,いわき平,3,031320261004,1791100440,1791100140,7,6,013531,伊藤司,逃,64.5,,,,,0.000670442028125081,0.000670442028125081,False,,,-0.2267340674672143,-0.12138407345315505,-0.1585055033432838,-0.01755060559757804,0.0027342552881174467,,0,,,0,
2026-10-04,松山,4,047520261004,1791101160,1791100860,1,4,015099,吉竹尚城,逃,89.66,,,,,0.7568366111328474,0.7568366111328474,False,,0.6029042957917324,0.15061537699041813,0.2750088725925405,0.10877906413976923,0.14902823230843207,0.0017281975195754292,,0,,,0,
2026-10-04,松山,4,047520261004,1791101160,1791100860,2,1,013695,岡本英之,追,87.09,,,,,0.15393231534111498,0.15393231534111498,False,,,0.09775315553974215,0.12390995510166106,0.033865130804919236,-0.012053754083770234,0.0034563950391508593,,0,,,0,
2026-10-04,松山,4,047520261004,1791101160,1791100860,3,7,015419,黒滝大翔,両,84.95,,,,,0.05253890808263155,0.05253890808263155,False,,,0.07132204481440427,0.23001057941707984,-0.003580399867444184,-0.10410060345074296,0.0012961481396815719,,0,,,0,
2026-10-04,松山,4,047520261004,1791101160,1791100860,4,5,013910,高橋秀吉,追,85.13,,,,,0.021642696695470615,0.021642696695470615,False,,,0.13593142658745253,-0.1324364192103859,0.08378488103802939,0.14902823230843207,0.002592296279363145,,0,,,0,
2026-10-04,松山,4,047520261004,1791101160,1791100860,5,3,015163,戸塚涼介,逃,81.33,,,,,0.007732138350772337,0.007732138350772337,False,,,-0.08726461953762371,-0.016767844274861037,-0.011835554267613596,-0.05807717876725659,0.0,,0,,,0,
2026-10-04,松山,4,047520261004,1791101160,1791100860,6,2,014116,安東宏高,追,84.5,,,,,0.004791802231784136,0.004791802231784136,False,,,-0.06964387905406488,-0.1802761723109166,-0.14918920137656683,-0.01972432486435129,0.002160246899469287,,0,,,0,
2026-10-04,松山,4,047520261004,1791101160,1791100860,7,6,014412,宮崎康司,両,80.12,,,,,0.002525528165378908,0.002525528165378908,False,,,-0.2987135053403274,-0.12722586015320728,-0.061823920471093245,-0.10410060345074296,0.0,,0,,,0,
2026-10-04,いわき平,4,041320261004,1791101880,1791101580,1,5,015874,角田吏,逃,78.33,,,,,0.9464719566520697,0.9464719566520697,False,,0.9288556244998896,0.25724371509306676,0.3652814088516707,0.168086203880208,0.241522945769824,0.0021240850004653478,,0,,,0,
2026-10-04,いわき平,4,041320261004,1791101880,1791101580,2,1,014802,渡邉正人,逃,69.23,,,,,0.01761633215218021,0.01761633215218021,False,,,-0.15972937369415124,-0.038228052404018116,-0.19614116059903874,0.0,0.0017129717745688292,,0,,,0,
2026-10-04,いわき平,4,041320261004,1791101880,1791101580,3,7,015053,廣田敦士,逃,68.77,,,,,0.01574572515182525,0.01574572515182525,False,,,0.10435358253775347,0.0042020373666950845,0.14066897306718557,-0.048304589153964794,0.003151868065206646,,0,,,0,
2026-10-04,いわき平,4,041320261004,1791101880,1791101580,4,4,014866,櫻井利之,両,70.64,,,,,0.011557058700633551,0.011557058700633551,False,,,0.06265627365903167,0.013229021653819473,-0.023500483554019208,-0.048304589153964794,0.0012333396776895574,,0,,,0,
2026-10-04,いわき平,4,041320261004,1791101880,1791101580,5,3,013255,安坂洋一,追,71.03,,,,,0.004579009050763294,0.004579009050763294,False,,,-0.0068392411388380064,0.015933853318728226,0.012721895939747652,-0.048304589153964794,0.0021240850004653478,,0,,,0,
2026-10-04,いわき平,4,041320261004,1791101880,1791101580,6,2,011821,中川博文,追,68.94,,,,,0.003152508768074202,0.003152508768074202,False,,,-0.0346374470579859,0.07009575904147457,0.012721895939747652,-0.048304589153964794,0.00027407548393101297,,0,,,0,
2026-10-04,いわき平,4,041320261004,1791101880,1791101580,7,6,012559,相良勝美,追,68.0,,,,,0.0008774095244537784,0.0008774095244537784,False,,,-0.223047509398877,-0.09563575612465497,-0.1145573246738309,-0.048304589153964794,0.0021240850004653478,,0,,,0,
2026-10-04,松山,5,057520261004,1791102600,1791102300,1,1,015781,齊藤英伊須,逃,95.52,,,,,0.5758228146499904,0.5758228146499904,False,,0.42447915742803866,0.2085646096623659,0.2396249037979966,0.0577651161679742,0.17191823608889367,0.0023344041370677946,,0,,,0,
2026-10-04,松山,5,057520261004,1791102600,1791102300,2,3,015532,石田拓真,逃,93.38,,,,,0.15134365722195173,0.15134365722195173,False,,,0.18223280523605515,-0.0827861728699795,-0.05477067198892473,-0.019102026232099296,0.0017158868016053876,,0,,,0,
2026-10-04,松山,5,057520261004,1791102600,1791102300,3,7,015278,田中和磨,逃,93.47,,,,,0.08795169261493703,0.08795169261493703,False,,,-0.013792849937591277,0.050336780264182875,0.05790826879556987,-0.01146121573925959,0.003312060570540632,,0,,,0,
2026-10-04,松山,5,057520261004,1791102600,1791102300,4,4,015299,曽我圭佑,逃,92.11,,,,,0.07908284836671405,0.07908284836671405,False,,,-0.13374884787967334,0.24960703219176464,-0.03972295444639282,-0.019102026232099296,0.0007382303681325504,,0,,,0,
2026-10-04,松山,5,057520261004,1791102600,1791102300,5,2,015060,滝本泰行,両,92.66,,,,,0.05900891549326454,0.05900891549326454,False,,,0.05057378310450159,0.04769970042236323,0.057979845109367725,0.1069713468997561,0.0001795695490052148,,0,,,0,
2026-10-04,松山,5,057520261004,1791102600,1791102300,6,6,015721,内山慧大,逃,92.04,,,,,0.03625375460189004,0.03625375460189004,False,,,-0.05475343460074125,-0.05061688562051784,0.04286055125303798,-0.08404891542123692,0.0001795695490052148,,0,,,0,
2026-10-04,松山,5,057520261004,1791102600,1791102300,7,5,014657,野中祐志,追,92.05,,,,,0.010536317051252119,0.010536317051252119,False,,,-0.23907606558491618,-0.16682683958262573,-0.12202015489063228,-0.14517539936395468,0.002833208439860059,,0,,,0,
2026-10-04,いわき平,5,051320261004,1791103320,1791103020,1,6,014963,石井寛子,両,56.29,,,,,0.8184855049691289,0.8184855049691289,False,,0.6896289488585667,0.2912136704014449,-0.028703851860318427,0.1916913761096319,0.16874581143747316,0.00334165627596057,,0,,,0,
2026-10-04,いわき平,5,051320261004,1791103320,1791103020,2,7,015224,太田美穂,両,54.92,,,,,0.12885655611056207,0.12885655611056207,False,,,0.10694287331126508,-0.028703851860318427,0.11131507196171497,0.07869759815918032,0.0021197073392287195,,0,,,0,
2026-10-04,いわき平,5,051320261004,1791103320,1791103020,3,2,015763,山口優依,両,52.42,,,,,0.023661424811050002,0.023661424811050002,False,,,0.03784132440244761,-0.028703851860318427,-0.011629387557975556,0.07869759815918032,0.001072322536315705,,0,,,0,
2026-10-04,いわき平,5,051320261004,1791103320,1791103020,4,5,015401,清水彩那,両,52.18,,,,,0.019628441349644594,0.019628441349644594,False,,,-0.01974329968823359,-0.028703851860318427,0.023304658799092715,-0.037835383730375156,0.0013715753371479954,,0,,,0,
2026-10-04,いわき平,5,051320261004,1791103320,1791103020,5,3,015867,是永ゆうき,追,49.91,,,,,0.005395106140194904,0.005395106140194904,False,,,-0.1118786982333235,-0.028703851860318427,-0.0709892688383317,-0.0961018746751529,0.0013715753371479954,,0,,,0,
2026-10-04,いわき平,5,051320261004,1791103320,1791103020,6,4,015496,布居光,両,49.37,,,,,0.0022530834361592644,0.0022530834361592644,False,,,-0.16946332232400468,-0.028703851860318427,-0.11231389159753255,-0.0961018746751529,0.002244396006242174,,0,,,0,
2026-10-04,いわき平,5,051320261004,1791103320,1791103020,7,1,015757,戸邉香奈実,両,46.66,,,,,0.001719883183260259,0.001719883183260259,False,,,-0.134912547869596,-0.028703851860318427,-0.13137855887659983,-0.0961018746751529,0.001546139470966831,,0,,,0,
2026-10-04,松山,6,067520261004,1791104040,1791103740,1,4,015793,川上隆義,逃,100.55,,,,,0.5538833528297622,0.5538833528297622,False,,0.2161131139653515,0.15615480117373484,0.29105345814424693,0.014840312820646975,0.014081748498447087,0.002592746818641144,,0,,,0,
2026-10-04,松山,6,067520261004,1791104040,1791103740,2,5,014109,吉松直人,追,96.75,,,,,0.3377702388644107,0.3377702388644107,False,,,0.09873601241529928,0.2291056042672641,0.14162444829463802,0.1395373260300666,0.0034890049781714154,,0,,,0,
2026-10-04,松山,6,067520261004,1791104040,1791103740,3,2,013407,大矢将大,追,97.96,,,,,0.0309240760780738,0.0309240760780738,False,,,0.0795964161624873,-0.020411684317994033,0.002480725440331351,-0.12929605439483238,0.0014404148992450795,,0,,,0,
2026-10-04,松山,6,067520261004,1791104040,1791103740,4,3,015128,嶋田誠也,追,99.73,,,,,0.029113524682833045,0.029113524682833045,False,,,0.06045681990967551,0.004089848925172616,-0.13666299741397528,-0.12929605439483238,0.00032009219983223974,,0,,,0,
2026-10-04,松山,6,067520261004,1791104040,1791103740,5,7,015389,宮崎大空,両,100.05,,,,,0.028505814729677174,0.028505814729677174,False,,,-0.09478657191868732,-0.15560121576939256,-0.06709113598682197,0.09473176262591679,0.0018885439790102157,,0,,,0,
2026-10-04,松山,6,067520261004,1791104040,1791103740,6,6,015648,森本桂太郎,逃,94.13,,,,,0.01082293280055932,0.01082293280055932,False,,,-0.32233510514656166,-0.06825143741852475,0.04232792140484965,0.06784842458342688,0.0007682212795973758,,0,,,0,
2026-10-04,松山,6,067520261004,1791104040,1791103740,7,1,014881,山崎泰己,追,96.03,,,,,0.008980060014683796,0.008980060014683796,False,,,0.02217762740405176,-0.10776146266886184,0.002480725440331351,-0.05760715294819266,0.0016644794391276474,,0,,,0,
2026-10-04,いわき平,6,061320261004,1791104760,1791104460,1,7,014974,山原さくら,両,58.57,,,,,0.9524477402644742,0.9524477402644742,False,,0.9174261343583422,0.2730522990097544,-0.028703851860318427,0.26014023604892506,0.21586487839389432,0.004389434421181477,,0,,,0,
2026-10-04,いわき平,6,061320261004,1791104760,1791104460,2,1,016035,伊藤梨里花,両,53.4,,,,,0.03502160590613203,0.03502160590613203,False,,,0.10888588610818425,-0.028703851860318427,0.1382681446875036,0.03549129757377092,0.00112328046211337,,0,,,0,
2026-10-04,いわき平,6,061320261004,1791104760,1791104460,3,3,015018,高橋梨香,両,53.59,,,,,0.005881506961502745,0.005881506961502745,False,,,0.038528852007511334,-0.028703851860318427,-0.004595137352955976,0.03549129757377092,0.0006912495151466893,,0,,,0,
2026-10-04,いわき平,6,061320261004,1791104760,1791104460,4,5,016034,古山稀絵,両,52.04,,,,,0.003828680524016595,0.003828680524016595,False,,,0.015076507307287053,-0.028703851860318427,-0.045025117677581813,-0.07681678105007952,0.00032834351969467747,,0,,,0,
2026-10-04,いわき平,6,061320261004,1791104760,1791104460,5,2,015776,高本美穂,追,48.87,,,,,0.0014142663688523236,0.0014142663688523236,False,,,-0.10218521619383454,-0.028703851860318427,-0.11616568350403966,-0.05639713039119763,0.0011751241757493717,,0,,,0,
2026-10-04,いわき平,6,061320261004,1791104760,1791104460,6,6,015576,菅原ななこ,両,50.57,,,,,0.0008545018475660806,0.0008545018475660806,False,,,-0.12563756089405875,-0.028703851860318427,-0.06553118303366669,-0.07681678105007952,0.0016589988363520543,,0,,,0,
2026-10-04,いわき平,6,061320261004,1791104760,1791104460,7,4,015317,佐伯智恵,両,48.14,,,,,0.000551698127456058,0.000551698127456058,False,,,-0.20772076734484382,-0.028703851860318427,-0.16709125916818457,-0.07681678105007952,0.0016589988363520543,,0,,,0,
2026-10-04,松山,7,077520261004,1791105480,1791105180,1,1,015877,三澤優樹,逃,96.55,,,,,0.737094263293898,0.737094263293898,False,,0.628406736529372,0.26255698469621025,0.3545175976378491,0.14752173598523735,0.20805837711634756,0.0048002482237923015,,0,,,0,
2026-10-04,松山,7,077520261004,1791105480,1791105180,2,5,014786,本郷雄三,両,99.96,,,,,0.10868752676452607,0.10868752676452607,False,,,0.12033861798576301,-0.02548858463225069,0.06072937691367301,-0.07382716607354267,0.0010848018584841365,,0,,,0,
2026-10-04,松山,7,077520261004,1791105480,1791105180,3,4,012889,丸山啓一,追,97.04,,,,,0.06681835976950651,0.06681835976950651,False,,,-0.03281962308702625,0.11727032318304048,-0.06309476531739909,0.06711560552140243,0.00013560023231051733,,0,,,0,
2026-10-04,松山,7,077520261004,1791105480,1791105180,4,2,013808,坂本健太郎,追,102.54,,,,,0.06424585221500798,0.06424585221500798,False,,,0.05469937181171046,-0.11551606701814734,0.05510299361757449,-0.07382716607354267,0.000420360720162603,,0,,,0,
2026-10-04,松山,7,077520261004,1791105480,1791105180,5,3,015539,上杉嘉槻,逃,95.58,,,,,0.01320881970842016,0.01320881970842016,False,,,-0.14221836671044716,-0.05060607309868575,0.03080000321061556,-0.07382716607354267,0.0008000413706320506,,0,,,0,
2026-10-04,松山,7,077520261004,1791105480,1791105180,6,6,015543,福元啓太,逃,93.38,,,,,0.007057285432145133,0.007057285432145133,False,,,-0.21879748724684184,0.0047359702006696735,-0.08472342474896302,0.020134681656420735,0.0008949615332494124,,0,,,0,
2026-10-04,松山,7,077520261004,1791105480,1791105180,7,7,014710,花田将司,両,95.53,,,,,0.0028878928164961268,0.0028878928164961268,False,,,-0.04375949744936831,-0.11269005511056493,-0.14633591966073825,-0.07382716607354267,0.0014644825089535837,,0,,,0,
2026-10-04,いわき平,7,071320261004,1791106200,1791105900,1,3,015894,大塚城,逃,91.81,,,,,0.9368298182558887,0.9368298182558887,False,,0.9032447429098959,0.2941686099886621,0.35880291510384754,0.17414956263760276,0.13817323174276971,0.00407148777854716,,0,,,0,
2026-10-04,いわき平,7,071320261004,1791106200,1791105900,2,5,014933,奥原亨,追,88.08,,,,,0.03358507534599288,0.03358507534599288,False,,,0.0057680119605619815,0.09809309870375015,0.07272002590688267,0.0033977024199041703,0.001287726367168404,,0,,,0,
2026-10-04,いわき平,7,071320261004,1791106200,1791105900,3,7,013933,藤田竜矢,両,87.14,,,,,0.011163770159521738,0.011163770159521738,False,,,0.04037608372393402,-0.011456568296906186,0.07272002590688267,-0.03624215914564453,9.468576229179446e-05,,0,,,0,
2026-10-04,いわき平,7,071320261004,1791106200,1791105900,4,1,013902,岩崎将士,追,85.04,,,,,0.009520129772105309,0.009520129772105309,False,,,0.04037608372393402,0.07752312740370827,-0.12405891407276096,0.0033977024199041703,0.00017043437212522982,,0,,,0,
2026-10-04,いわき平,7,071320261004,1791106200,1791105900,5,2,015265,井田晶之,両,81.34,,,,,0.004264281491813477,0.004264281491813477,False,,,-0.09805620332955399,-0.059453167997003876,0.04100064532648148,0.13817323174276971,0.0012309149097933275,,0,,,0,
2026-10-04,いわき平,7,071320261004,1791106200,1791105900,6,4,013233,小松剛之,両,83.42,,,,,0.003882355227722413,0.003882355227722413,False,,,-0.046144095684496,-0.15114415721771055,-0.06327769663741689,-0.12344985458985165,0.002026275313044401,,0,,,0,
2026-10-04,いわき平,7,071320261004,1791106200,1791105900,7,6,014703,一ノ瀬貴将,両,78.58,,,,,0.0007545697469554267,0.0007545697469554267,False,,,-0.23648849038304215,-0.025326729096501098,-0.17325364906767185,-0.12344985458985165,0.002026275313044401,,0,,,0,
2026-10-04,松山,8,087520261004,1791106980,1791106680,1,4,015891,野中龍之介,逃,103.75,,,,,0.5780610149550612,0.5780610149550612,False,,0.43144429953054875,-0.17831731832514156,0.24407011640540754,0.06754539842030075,-0.09175476695293,0.00393420821855998,,0,,,0,
2026-10-04,松山,8,087520261004,1791106980,1791106680,2,7,015728,保田浩輔,逃,97.0,,,,,0.14661671542451252,0.14661671542451252,False,,,0.18880657234426784,0.17395086748375063,-0.040848416261803626,0.01950691895849692,0.0010044786941004206,,0,,,0,
2026-10-04,松山,8,087520261004,1791106980,1791106680,3,3,014769,坂本修一,追,100.19,,,,,0.09896000231817831,0.09896000231817831,False,,,-0.031467762057377835,-0.04699983361540355,-0.0889250394205656,-0.09175476695293,0.0028041696876970074,,0,,,0,
2026-10-04,松山,8,087520261004,1791106980,1791106680,4,1,013252,中村浩士,追,99.55,,,,,0.08466019082669746,0.08466019082669746,False,,,0.11538179421038589,-0.000253667667632272,0.0719624448928379,-0.036123923997216534,0.0017787643541361613,,0,,,0,
2026-10-04,松山,8,087520261004,1791106980,1791106680,5,2,015818,佐藤大地,逃,95.81,,,,,0.06940672907686196,0.06940672907686196,False,,,0.0786694051434449,0.1388912430229222,-0.033024894369760305,0.1611127010275857,0.0004603860681293596,,0,,,0,
2026-10-04,松山,8,087520261004,1791106980,1791106680,6,5,014683,藤岡隆治,追,96.62,,,,,0.012244927324660496,0.012244927324660496,False,,,0.0786694051434449,-0.17452678625769738,0.0719624448928379,-0.09175476695293,0.00031389959190638146,,0,,,0,
2026-10-04,松山,8,087520261004,1791106980,1791106680,7,6,014090,竹澤浩司,両,92.72,,,,,0.01005042007402804,0.01005042007402804,False,,,-0.2517420964590235,-0.000253667667632272,-0.04867193815384695,0.13076860486992384,0.0004185327892085082,,0,,,0,
2026-10-04,いわき平,8,081320261004,1791107760,1791107460,1,4,014748,山口智弘,追,90.0,,,,,0.4743743600588042,0.4743743600588042,False,,0.10287542736216981,0.10511739951285946,0.3185661877742527,0.1442192630300333,0.1553161809654131,0.0040345283931134636,,0,,,0,
2026-10-04,いわき平,8,081320261004,1791107760,1791107460,2,7,015535,佐藤竜太,逃,90.66,,,,,0.37149893269663437,0.37149893269663437,False,,,0.1425320671360807,0.06593809537007284,0.11958373645268405,-0.07320635281172337,0.0014375905768565214,,0,,,0,
2026-10-04,いわき平,8,081320261004,1791107760,1791107460,3,5,014057,松田優一,追,87.8,,,,,0.10873770076682308,0.10873770076682308,False,,,0.1425320671360807,0.16962921373523512,0.04317646861969052,0.1553161809654131,0.002457816147528893,,0,,,0,
2026-10-04,いわき平,8,081320261004,1791107760,1791107460,4,1,013760,矢口啓一郎,両,87.22,,,,,0.030090189077288488,0.030090189077288488,False,,,-0.06532719743737024,-0.04576463515919038,-0.019841312452794507,-0.017806950683932714,0.0014839644664325388,,0,,,0,
2026-10-04,いわき平,8,081320261004,1791107760,1791107460,5,2,014823,渡辺聖,追,82.04,,,,,0.006993856493241961,0.006993856493241961,False,,,-0.19419994147290992,0.1323949702254807,-0.08312702439323799,-0.07320635281172337,0.0011593472394004212,,0,,,0,
2026-10-04,いわき平,8,081320261004,1791107760,1791107460,6,3,014102,篠塚光一,追,83.26,,,,,0.005800464544535646,0.005800464544535646,False,,,0.10096021422139047,-0.2042695598183141,-0.10838772299582371,-0.07320635281172337,0.00018549555830406776,,0,,,0,
2026-10-04,いわき平,8,081320261004,1791107760,1791107460,7,6,014205,日当泰之,両,80.47,,,,,0.0025044963626723155,0.0025044963626723155,False,,,-0.23161460909613113,-0.10161600042382196,-0.0956234082605516,-0.07320635281172337,0.00018549555830406776,,0,,,0,
2026-10-04,松山,9,097520261004,1791108540,1791108240,1,3,015322,磯島成介,逃,104.65,,,,,0.7578249828191803,0.7578249828191803,False,,0.6940539674666313,0.26999179153256325,0.06939025183356629,0.24010126130937715,-0.05536601028941716,0.00017049858486761776,,0,,,0,
2026-10-04,松山,9,097520261004,1791108540,1791108240,2,7,013990,荻原尚人,追,98.0,,,,,0.06377101535254909,0.06377101535254909,False,,,0.11191109574676884,0.13398322845249316,0.04267330025333872,0.047983875584161534,0.0008865926413116149,,0,,,0,
2026-10-04,松山,9,097520261004,1791108540,1791108240,3,5,014888,佐藤健太,追,99.26,,,,,0.05993605863090821,0.05993605863090821,False,,,0.08029495658961,0.05021711086051228,-0.030156828101289286,-0.05536601028941716,0.0011252906601262808,,0,,,0,
2026-10-04,松山,9,097520261004,1791108540,1791108240,4,1,015745,小柳智徳,逃,96.44,,,,,0.05791500569685934,0.05791500569685934,False,,,-0.061977669617605036,0.30393538109111273,0.06553202146961624,0.22884617586292424,0.003409971697352368,,0,,,0,
2026-10-04,松山,9,097520261004,1791108540,1791108240,5,4,015703,牧田悠生,両,99.86,,,,,0.053967464462510696,0.053967464462510696,False,,,-0.061977669617605036,0.03588380479677392,-0.010436730534075449,-0.05536601028941716,0.0004091966036822837,,0,,,0,
2026-10-04,松山,9,097520261004,1791108540,1791108240,6,2,014371,岡光良,追,96.68,,,,,0.004027521863995508,0.004027521863995508,False,,,-0.1498002783874908,-0.10056190080505323,-0.15766629906786334,-0.05536601028941716,0.0030348748106436064,,0,,,0,
2026-10-04,松山,9,097520261004,1791108540,1791108240,7,6,015258,栗本尚宗,両,92.3,,,,,0.0025579511739967343,0.0025579511739967343,False,,,-0.18844222624624055,-0.2058093576262208,-0.15004672532910412,-0.05536601028941716,0.0022164816032790398,,0,,,0,
2026-10-04,いわき平,9,091320261004,1791109320,1791109020,1,7,015165,寺沼将彦,追,90.11,,,,,0.442843415730472,0.442843415730472,False,,0.19265408684815472,0.1391400089655127,0.3211291496829053,0.08494902064984813,-0.08058821372057148,0.004291252699949767,,0,,,0,
2026-10-04,いわき平,9,091320261004,1791109320,1791109020,2,4,014859,小林申太,両,87.7,,,,,0.25018932888231726,0.25018932888231726,False,,,0.22235982445437943,0.18124107329988035,0.168053546118346,0.18160724218720337,0.0014075308855835238,,0,,,0,
2026-10-04,いわき平,9,091320261004,1791109320,1791109020,3,1,014473,重倉高史,両,88.29,,,,,0.16794922325318792,0.16794922325318792,False,,,0.00044031648406807664,0.03396375604788954,0.02918882861028592,0.046536855810470866,0.000995570626388346,,0,,,0,
2026-10-04,いわき平,9,091320261004,1791109320,1791109020,4,5,013915,坂口卓士,追,87.16,,,,,0.11854581179768754,0.11854581179768754,False,,,0.0836601319729348,0.10021317380491909,0.0109592729909955,-0.08058821372057148,0.0005149503239939722,,0,,,0,
2026-10-04,いわき平,9,091320261004,1791109320,1791109020,5,3,014281,寺林正秋,追,86.54,,,,,0.013715507427667983,0.013715507427667983,False,,,-0.11051943750108774,-0.12288151182420742,-0.06303047466785715,0.09420875688461175,0.0019568112311770937,,0,,,0,
2026-10-04,いわき平,9,091320261004,1791109320,1791109020,6,2,014732,和田禎嗣,追,81.29,,,,,0.0042939476674015474,0.0042939476674015474,False,,,-0.0858617143932752,-0.12288151182420742,-0.09309997137490864,-0.08058821372057148,0.000995570626388346,,0,,,0,
2026-10-04,いわき平,9,091320261004,1791109320,1791109020,7,6,014240,須藤誠,追,80.5,,,,,0.002462765241265826,0.002462765241265826,False,,,-0.24921912998253234,-0.17072126492473813,-0.1370202223267098,-0.08058821372057148,0.001235880777585533,,0,,,0,
2026-10-04,松山,10,107520261004,1791110100,1791109800,1,1,014685,掛水泰範,追,103.88,,,,,0.4576864205487586,0.4576864205487586,False,,0.012048292255682103,0.25228239898926563,0.21254409984751013,0.03880475636702677,0.07611836966516203,0.0013064942310793777,,0,,,0,
2026-10-04,松山,10,107520261004,1791110100,1791109800,2,4,015466,久田裕也,逃,104.84,,,,,0.4456381282930765,0.4456381282930765,False,,,-0.023651474905243563,0.04317198961421854,0.26739102204567156,0.17717206732408405,0.0007586095535299614,,0,,,0,
2026-10-04,松山,10,107520261004,1791110100,1791109800,3,3,014337,佐々木翔一,追,97.68,,,,,0.048792960036062726,0.048792960036062726,False,,,0.141908849431462,0.19228870699204997,-0.04538253483538691,0.0026247713677642137,0.0028237133381393002,,0,,,0,
2026-10-04,松山,10,107520261004,1791110100,1791109800,4,7,014692,森山智徳,両,96.4,,,,,0.028633346001424018,0.028633346001424018,False,,,-0.07883824968414545,0.2052151324578997,0.05651411179241651,-0.12598902565268197,0.0028237133381393002,,0,,,0,
2026-10-04,松山,10,107520261004,1791110100,1791109800,5,5,014051,早坂秀悟,逃,95.47,,,,,0.011490634524172094,0.011490634524172094,False,,,0.03153529987365833,-0.17963733179584318,-0.030125272893322144,-0.12598902565268197,0.0016015090574521406,,0,,,0,
2026-10-04,松山,10,107520261004,1791110100,1791109800,6,2,014515,城幸弘,追,95.91,,,,,0.005911568618772238,0.005911568618772238,False,,,-0.24439857402085088,0.030245564148368778,-0.1295698260378006,-0.02493532799375998,0.0024865535365704286,,0,,,0,
2026-10-04,松山,10,107520261004,1791110100,1791109800,7,6,015127,野村典嗣,追,93.96,,,,,0.0018469419777338552,0.0018469419777338552,False,,,-0.07883824968414545,-0.16894988956048912,-0.15763225643860515,0.02099817094211366,0.001011479404706615,,0,,,0,
2026-10-04,いわき平,10,101320261004,1791110880,1791110580,1,7,015911,松田安綱,逃,92.87,,,,,0.8952985076850256,0.8952985076850256,False,,0.8394053771098497,0.19428523446173235,0.3357150953904196,0.24671727799008555,0.09454170937057879,0.00406869923774685,,0,,,0,
2026-10-04,いわき平,10,101320261004,1791110880,1791110580,2,2,014206,金野俊秋,両,87.87,,,,,0.05589313057517586,0.05589313057517586,False,,,0.14437710083853506,0.06155279149728399,0.14145378949549758,0.09454170937057879,3.117777193675785e-05,,0,,,0,
2026-10-04,いわき平,10,101320261004,1791110880,1791110580,3,1,013582,肥後尚己,追,88.95,,,,,0.03212088659977011,0.03212088659977011,False,,,-0.15507170090064878,0.12708043517156536,-0.058103304697304264,-0.14610991448180363,0.0005144332369564983,,0,,,0,
2026-10-04,いわき平,10,101320261004,1791110880,1791110580,4,5,013471,松坂英司,追,87.75,,,,,0.01020043444489161,0.01020043444489161,False,,,0.14437710083853506,-0.0409545252790661,-0.012636970998621239,-0.14610991448180363,0.0018238996583003122,,0,,,0,
2026-10-04,いわき平,10,101320261004,1791110880,1791110580,5,3,014171,深見仁哉,追,81.22,,,,,0.0032651550787092124,0.0032651550787092124,False,,,-0.005347300031056835,0.01210914644218593,-0.10356963839598729,0.09454170937057879,0.001060044245849754,,0,,,0,
2026-10-04,いわき平,10,101320261004,1791110880,1791110580,6,6,015621,長谷川裕一,逃,77.16,,,,,0.0026052775781044723,0.0026052775781044723,False,,,-0.19250280111804677,-0.01804271608459409,-0.06482518129899995,0.019338076916709284,0.001449766395059223,,0,,,0,
2026-10-04,いわき平,10,101320261004,1791110880,1791110580,7,4,012719,篠崎高志,追,78.33,,,,,0.0006166080383231081,0.0006166080383231081,False,,,-0.1301176340890501,-0.1904217085346104,-0.14903597209467032,-0.010743376064838524,0.002151266263636266,,0,,,0,
2026-10-04,松山,11,117520261004,1791111720,1791111420,1,7,015274,福永大智,逃,105.94,,,,,0.7775685458463285,0.7775685458463285,False,,0.6731926318639582,0.21839461568750548,-0.047375715769108956,0.2419254964957927,-0.10743211075251269,0.00029475578546806977,,0,,,0,
2026-10-04,松山,11,117520261004,1791111720,1791111420,2,4,015104,中川勝貴,追,98.7,,,,,0.1043759139823703,0.1043759139823703,False,,,0.22643016002291957,-0.043915710452410925,-0.031059206926897075,0.12235323724591723,0.0029770334332274986,,0,,,0,
2026-10-04,松山,11,117520261004,1791111720,1791111420,3,5,015249,磯川勝裕,逃,98.85,,,,,0.047048593516212774,0.047048593516212774,False,,,-0.12512490465144843,0.23369602019516453,-0.08776125166882917,0.07361089070079573,0.0015622056629807652,,0,,,0,
2026-10-04,松山,11,117520261004,1791111720,1791111420,4,2,015782,佐々木亮太,逃,96.2,,,,,0.040687984916290845,0.040687984916290845,False,,,-0.08896495514208483,0.23369602019516453,0.07227207819300512,0.12235323724591723,0.003625496161257249,,0,,,0,
2026-10-04,松山,11,117520261004,1791111720,1791111420,5,3,014372,内田玄希,追,96.11,,,,,0.01771261197075547,0.01771261197075547,False,,,0.0014349186313241068,0.11881003142164218,-0.06512570536435722,0.003978967064907866,0.0005305604138425239,,0,,,0,
2026-10-04,松山,11,117520261004,1791111720,1791111420,6,1,012592,水谷良和,追,96.06,,,,,0.006520099322490258,0.006520099322490258,False,,,-0.05280500563272122,-0.16049641121815802,-0.031059206926897075,-0.10743211075251269,0.0009137429349510148,,0,,,0,
2026-10-04,松山,11,117520261004,1791111720,1791111420,7,6,013912,金成和幸,追,94.51,,,,,0.0060862504455518225,0.0060862504455518225,False,,,-0.17936482891549377,0.00046403733142175814,-0.09919220380181734,-0.10743211075251269,0.0015327300844339598,,0,,,0,
2026-10-04,いわき平,11,111320261004,1791112560,1791112260,1,7,015415,坂本紘規,逃,95.61,,,,,0.3513780209437613,0.3513780209437613,False,,0.08883251146125554,0.24392034652336042,-0.03381429492022678,0.16714857271815664,-0.10011957175856773,0.00032072364395445375,,0,,,0,
2026-10-04,いわき平,11,111320261004,1791112560,1791112260,2,5,015791,岡部陸斗,逃,94.57,,,,,0.26254550948250577,0.26254550948250577,False,,,-0.02135430900512774,0.269158262554723,0.012019029119401115,0.14079314778548588,0.0036292412342214518,,0,,,0,
2026-10-04,いわき平,11,111320261004,1791112560,1791112260,3,3,014716,猪狩祐樹,両,93.0,,,,,0.17975566901931553,0.17975566901931553,False,,,0.05443844971729743,0.17392764129208294,0.04990162202033371,-0.10011957175856773,0.0005064057536122956,,0,,,0,
2026-10-04,いわき平,11,111320261004,1791112560,1791112260,4,6,015344,荒木貴大,両,91.25,,,,,0.1612484536997465,0.1612484536997465,False,,,-0.156096991178328,0.2075912587892996,-0.08750137410352202,0.016686595293094617,0.0010972124661599739,,0,,,0,
2026-10-04,いわき平,11,111320261004,1791112560,1791112260,5,2,015042,高橋泰裕,追,93.0,,,,,0.03670583073495196,0.03670583073495196,False,,,0.16812758780093523,-0.12754128928337452,0.06456875959048015,0.14079314778548588,0.0019749824390879523,,0,,,0,
2026-10-04,いわき平,11,111320261004,1791112560,1791112260,6,4,014454,上原龍,追,91.95,,,,,0.0048876702220724665,0.0048876702220724665,False,,,-0.13504344708876553,-0.09387767178615787,-0.04718928325145645,0.0020858244116368323,0.002042503206236259,,0,,,0,
2026-10-04,いわき平,11,111320261004,1791112560,1791112260,7,1,014466,二藤元太,追,92.66,,,,,0.003478845897646368,0.003478845897646368,False,,,-0.15399163676937175,-0.12754128928337452,-0.15894732609339304,-0.10011957175856773,0.00227882589125533,,0,,,0,
2026-10-04,松山,12,127520261004,1791113400,1791113100,1,7,015086,酒井雄多,逃,108.33,,,,,0.3025686536610098,0.3025686536610098,False,,0.06515107904861187,0.3009096605199179,-0.05407822856193987,0.007490196756726186,-0.09667093190113087,0.002118196549352574,,0,,,0,
2026-10-04,松山,12,127520261004,1791113400,1791113100,2,5,013815,井上昌己,追,104.69,,,,,0.23741757461239796,0.23741757461239796,False,,,-0.07608227212009284,0.27522059797426907,-0.07315981737074352,-0.09667093190113087,0.0001264594954837355,,0,,,0,
2026-10-04,松山,12,127520261004,1791113400,1791113100,3,3,015473,青柳靖起,逃,104.92,,,,,0.1890873101711845,0.1890873101711845,False,,,-0.12096226410104659,0.16115518053593167,0.047010477302031964,0.1053280302803366,0.0005690677296768107,,0,,,0,
2026-10-04,松山,12,127520261004,1791113400,1791113100,4,2,015038,山岸佳太,両,106.23,,,,,0.09605311872435261,0.09605311872435261,False,,,-0.1568662576858094,-0.061816684029221726,-0.06509481595799654,-0.09667093190113087,0.0020865816754816417,,0,,,0,
2026-10-04,松山,12,127520261004,1791113400,1791113100,5,1,013656,渡部哲男,追,104.34,,,,,0.08130127243793839,0.08130127243793839,False,,,0.1124136941999126,-0.17954109177320757,0.17281385760381102,0.15582777082570345,0.0032247171348352634,,0,,,0,
2026-10-04,松山,12,127520261004,1791113400,1791113100,6,4,013850,山賀雅仁,両,103.0,,,,,0.06868362969599329,0.06868362969599329,False,,,0.03162970863419604,0.2089949336364624,-0.02396508237583261,0.0699782118985798,0.0014226693241920284,,0,,,0,
2026-10-04,松山,12,127520261004,1791113400,1791113100,7,6,015106,大石崇晴,両,101.9,,,,,0.024888440697123492,0.024888440697123492,False,,,-0.09104226944707734,-0.1777115966203833,-0.06509481595799654,-0.041121217301227315,0.002529189909674717,,0,,,0,
2026-10-04,武雄,1,018420261004,1791114060,1791113760,1,6,015915,柏野健吾,逃,80.5,,,,,0.34219202428771645,0.34219202428771645,False,,0.07919260329077427,0.09486232572134419,0.0,0.19384049691928792,0.21081851067789198,0.0004163054471218131,,0,,,0,
2026-10-04,武雄,1,018420261004,1791114060,1791113760,2,1,012763,内村泰三,追,86.23,,,,,0.2629994209969422,0.2629994209969422,False,,,0.19246805693408198,0.0,0.0228119571333218,-0.059731911358736046,0.0012905468860776213,,0,,,0,
2026-10-04,武雄,1,018420261004,1791114060,1791113760,3,2,015237,太田将成,逃,84.69,,,,,0.22494654494255073,0.22494654494255073,False,,,-0.10952954767808926,0.0,0.13297674667158532,-0.059731911358736046,0.002206418869745611,,0,,,0,
2026-10-04,武雄,1,018420261004,1791114060,1791113760,4,3,015200,谷口幸司,追,83.78,,,,,0.10662132025900661,0.10662132025900661,False,,,0.1939981254297416,0.0,0.010595632862895651,0.08784104611578832,0.0024562021380186987,,0,,,0,
2026-10-04,武雄,1,018420261004,1791114060,1791113760,5,4,015379,下野義城,逃,81.5,,,,,0.030529982924649895,0.030529982924649895,False,,,-0.12071464414520683,0.0,-0.14865232486150065,-0.059731911358736046,0.0004163054471218131,,0,,,0,
2026-10-04,武雄,1,018420261004,1791114060,1791113760,6,5,014075,松根真,追,80.82,,,,,0.02696747802459315,0.02696747802459315,False,,,-0.02564132417470835,0.0,-0.06292018386408942,-0.059731911358736046,0.0012905468860776213,,0,,,0,
2026-10-04,武雄,1,018420261004,1791114060,1791113760,7,7,015284,田村裕也,逃,75.42,,,,,0.005743228564541016,0.005743228564541016,False,,,-0.22544299208716295,0.0,-0.14865232486150065,-0.059731911358736046,0.0036634879346719574,,0,,,0,
2026-10-04,平塚,1,013520261004,1791114540,1791114240,1,1,015486,岡本二菜,両,56.45,,,,,0.8085509848466751,0.8085509848466751,False,,0.6564490793737063,0.2861913111647929,0.0,0.2871654572196376,-0.040824829046386304,0.004820688902657073,,0,,,0,
2026-10-04,平塚,1,013520261004,1791114540,1791114240,2,2,015076,元砂七夕美,両,55.14,,,,,0.15210190547296873,0.15210190547296873,False,,,0.2743907681125925,0.0,0.09149264670543754,0.2449489742783178,0.0006837856599513578,,0,,,0,
2026-10-04,平塚,1,013520261004,1791114540,1791114240,3,3,015684,安東莉奈,追,51.81,,,,,0.017155118935334227,0.017155118935334227,False,,,-0.12919674168679746,0.0,-0.027803095480047245,-0.040824829046386304,0.0011624356219173083,,0,,,0,
2026-10-04,平塚,1,013520261004,1791114540,1791114240,4,5,015310,梶原百香,両,49.48,,,,,0.00985987823177815,0.00985987823177815,False,,,0.03819945694779946,0.0,-0.04350341986863483,-0.040824829046386304,0.0002051356979854072,,0,,,0,
2026-10-04,平塚,1,013520261004,1791114540,1791114240,5,6,015071,佐藤亜貴子,両,48.88,,,,,0.006150169600893409,0.006150169600893409,False,,,-0.0527978277911983,0.0,-0.07280178433807137,-0.040824829046386304,0.0004444606789683825,,0,,,0,
2026-10-04,平塚,1,013520261004,1791114540,1791114240,6,4,015134,藤巻絵里佳,追,50.07,,,,,0.0038193038679199998,0.0038193038679199998,False,,,-0.1437951125301961,0.0,-0.10733359027037044,-0.040824829046386304,0.0011624356219173083,,0,,,0,
2026-10-04,平塚,1,013520261004,1791114540,1791114240,7,7,015766,宮西令奈,両,47.76,,,,,0.0023626390444303927,0.0023626390444303927,False,,,-0.27299185421699357,0.0,-0.12721621396795124,-0.040824829046386304,0.0011624356219173083,,0,,,0,
2026-10-04,小松島,1,017320261004,1791115020,1791114720,1,1,014623,飯田裕次,追,87.44,,,,,0.46526387606503405,0.46526387606503405,False,,0.29335527748339496,0.15549766713215912,0.0,0.05400729067764255,0.05624811018818493,0.0019018949237734639,,0,,,0,
2026-10-04,小松島,1,017320261004,1791115020,1791114720,2,2,015831,三木健正,逃,81.88,,,,,0.1719085985816391,0.1719085985816391,False,,,-0.15198712641546885,0.0,0.004725895984685563,0.05624811018818493,0.0005465215298199606,,0,,,0,
2026-10-04,小松島,1,017320261004,1791115020,1791114720,3,4,015699,助川翔太郎,逃,80.61,,,,,0.12834535891560123,0.12834535891560123,False,,,-0.2631834131198221,0.0,0.07735472998181481,-0.0777899396219579,0.0031479640117629743,,0,,,0,
2026-10-04,小松島,1,017320261004,1791115020,1791114720,4,3,013654,滝山実,追,81.27,,,,,0.08177956290948138,0.08177956290948138,False,,,0.18180648507379576,0.0,0.0964818820128268,-0.0777899396219579,0.0012897908103751078,,0,,,0,
2026-10-04,小松島,1,017320261004,1791115020,1791114720,5,6,014695,山口茂,追,79.47,,,,,0.06865926235455835,0.06865926235455835,False,,,0.11295155706269837,0.0,-0.08573683200114943,-0.0777899396219579,0.0019018949237734639,,0,,,0,
2026-10-04,小松島,1,017320261004,1791115020,1791114720,6,7,015100,渡邊颯太,逃,0.0,,,,,0.05097348872240684,0.05097348872240684,False,,,0.07846635748865328,0.0,-0.15836566599827867,0.1986635381114617,0.002688885926714207,,0,,,0,
2026-10-04,小松島,1,017320261004,1791115020,1791114720,7,5,013179,飯島淳,追,80.04,,,,,0.03306985245127916,0.03306985245127916,False,,,-0.11355152722201518,0.0,0.011532699342458305,-0.0777899396219579,0.0012897908103751078,,0,,,0,
2026-10-04,武雄,2,028420261004,1791115500,1791115200,1,1,015737,火島裕輝,逃,85.75,,,,,0.461814923813991,0.461814923813991,False,,0.09404621715851119,-0.006076668556369694,0.0,0.1785557270894078,-0.08074214613987679,0.0034441571350453627,,0,,,0,
2026-10-04,武雄,2,028420261004,1791115500,1791115200,2,2,014985,竹山慶太,逃,82.75,,,,,0.3677687066554798,0.3677687066554798,False,,,0.1996948212378707,0.0,0.10898386566225451,0.029539809563369553,0.0026199144018721125,,0,,,0,
2026-10-04,武雄,2,028420261004,1791115500,1791115200,3,6,014492,飯塚隼人,両,79.95,,,,,0.06054947291435421,0.06054947291435421,False,,,0.04053025859968029,0.0,0.07638554358258852,-0.08074214613987679,0.0006770565308208833,,0,,,0,
2026-10-04,武雄,2,028420261004,1791115500,1791115200,4,4,015287,山中崇弘,追,81.42,,,,,0.055844769593109134,0.055844769593109134,False,,,0.13355103846125593,0.0,0.0481624387707439,-0.08074214613987679,0.0017073599472874448,,0,,,0,
2026-10-04,武雄,2,028420261004,1791115500,1791115200,5,3,014236,本田拓也,追,81.61,,,,,0.027924676574596186,0.027924676574596186,False,,,-0.08273394977505384,0.0,-0.09098128408356272,-0.08074214613987679,0.0017073599472874448,,0,,,0,
2026-10-04,武雄,2,028420261004,1791115500,1791115200,6,5,012779,田川辰二,追,80.61,,,,,0.0161174019568443,0.0161174019568443,False,,,-0.059430486197028856,0.0,-0.2301250069378694,0.14671438749806878,0.0017073599472874448,,0,,,0,
2026-10-04,武雄,2,028420261004,1791115500,1791115200,7,7,012850,渡邉満,追,78.23,,,,,0.009980048491625329,0.009980048491625329,False,,,-0.22553501377035276,0.0,-0.09098128408356272,0.14671438749806878,0.0002649351642342587,,0,,,0,
2026-10-04,平塚,2,023520261004,1791115980,1791115680,1,1,015400,久米詩,両,55.94,,,,,0.6467346683639634,0.6467346683639634,False,,0.44941451536935745,0.22469376635054156,0.0,0.2023906180816079,-0.04082482904638631,0.004806172393908304,,0,,,0,
2026-10-04,平塚,2,023520261004,1791115980,1791115680,2,2,015308,當銘直美,両,54.33,,,,,0.19732015299460598,0.19732015299460598,False,,,0.1506051142941326,0.0,0.16345798742372344,-0.04082482904638631,0.00010250130697908695,,0,,,0,
2026-10-04,平塚,2,023520261004,1791115980,1791115680,3,3,015153,林真奈美,両,53.33,,,,,0.12220028167907762,0.12220028167907762,False,,,0.2478710704633596,0.0,0.08344790741360342,-0.04082482904638631,0.0008541775581590587,,0,,,0,
2026-10-04,平塚,2,023520261004,1791115980,1791115680,4,6,015777,谷元音羽,両,48.79,,,,,0.017689749563726986,0.017689749563726986,False,,,-0.07914842818534375,0.0,-0.06783571576705828,0.24494897427831785,0.0011730705132051073,,0,,,0,
2026-10-04,平塚,2,023520261004,1791115980,1791115680,5,4,015852,普久原美海,追,49.33,,,,,0.00747617052243146,0.00747617052243146,False,,,-0.17823708024175275,0.0,-0.13604360794063886,-0.04082482904638631,0.0010136240356820832,,0,,,0,
2026-10-04,平塚,2,023520261004,1791115980,1791115680,6,5,015851,片岡美奈,両,49.14,,,,,0.006187123916377539,0.006187123916377539,False,,,-0.09301545010073028,0.0,-0.08270355460055884,-0.04082482904638631,0.0010136240356820832,,0,,,0,
2026-10-04,平塚,2,023520261004,1791115980,1791115680,7,7,015945,橋本のこ,両,45.3,,,,,0.0023918529598169927,0.0023918529598169927,False,,,-0.27276899258020665,0.0,-0.16271363461067886,-0.04082482904638631,0.0008541775581590587,,0,,,0,
2026-10-04,小松島,2,027320261004,1791116460,1791116160,1,1,015838,森柾斗,逃,85.76,,,,,0.8486993839556283,0.8486993839556283,False,,0.8033267651670571,0.28010142254649073,0.0,0.1852754028789531,0.24212169398755234,0.004536372663575909,,0,,,0,
2026-10-04,小松島,2,027320261004,1791116460,1791116160,2,2,013075,平総一,追,84.18,,,,,0.04537261878857115,0.04537261878857115,False,,,0.12599820611719942,0.0,0.03151213886164455,-0.047671628868015486,0.0013178289302008229,,0,,,0,
2026-10-04,小松島,2,027320261004,1791116460,1791116160,3,3,013434,石黒健,両,82.9,,,,,0.03989962201586621,0.03989962201586621,False,,,-0.11754772941208347,0.0,0.03151213886164455,-0.047671628868015486,0.0002787715044655588,,0,,,0,
2026-10-04,小松島,2,027320261004,1791116460,1791116160,4,4,015481,山川奨太,逃,80.95,,,,,0.026075942189763442,0.026075942189763442,False,,,-0.02931578130993888,0.0,0.03151213886164455,-0.047671628868015486,0.0002534286404232352,,0,,,0,
2026-10-04,小松島,2,027320261004,1791116460,1791116160,5,6,013668,佐々木孝司,逃,80.33,,,,,0.022568597419953665,0.022568597419953665,False,,,-0.13519411903251233,0.0,-0.022795777146695825,-0.047671628868015486,0.0002534286404232352,,0,,,0,
2026-10-04,小松島,2,027320261004,1791116460,1791116160,6,5,013925,黒田篤,追,80.7,,,,,0.015459488441089238,0.015459488441089238,False,,,0.020119868394625963,0.0,-0.04849794114847545,-0.0037635496474749033,0.000785628785312029,,0,,,0,
2026-10-04,小松島,2,027320261004,1791116460,1791116160,7,7,012844,米澤大輔,追,76.33,,,,,0.0019243471891279903,0.0019243471891279903,False,,,-0.14416186730378167,0.0,-0.20851810116871547,-0.047671628868015486,0.002204829171682146,,0,,,0,
2026-10-04,武雄,3,038420261004,1791116940,1791116640,1,1,013473,大塚英伸,追,89.0,,,,,0.613448323409373,0.613448323409373,False,,0.43932481595605466,0.22875401186456867,0.0,0.10919329914672568,-0.040824829046386304,0.002305102227787871,,0,,,0,
2026-10-04,武雄,3,038420261004,1791116940,1791116640,2,2,015175,桜井大地,逃,82.8,,,,,0.17412350745331842,0.17412350745331842,False,,,0.044414205030663054,0.0,0.13941316971243875,-0.040824829046386304,0.002305102227787871,,0,,,0,
2026-10-04,武雄,3,038420261004,1791116940,1791116640,3,4,014891,小岩哲也,両,82.37,,,,,0.09155820788417669,0.09155820788417669,False,,,0.06489640578998583,0.0,0.10919329914672568,-0.040824829046386304,0.0025356124505666574,,0,,,0,
2026-10-04,武雄,3,038420261004,1791116940,1791116640,4,3,013652,隅直幸,追,82.5,,,,,0.055434550967980535,0.055434550967980535,False,,,0.0034498035120173205,0.0,-0.08184740783515793,0.2449489742783178,0.0010142449802266636,,0,,,0,
2026-10-04,武雄,3,038420261004,1791116940,1791116640,5,6,014125,坂本昌宏,追,80.86,,,,,0.028484166645767712,0.028484166645767712,False,,,0.04074778120586424,0.0,-0.08184740783515793,-0.040824829046386304,0.0015674695148957516,,0,,,0,
2026-10-04,武雄,3,038420261004,1791116940,1791116640,6,7,013594,高田真幸,両,79.69,,,,,0.019576627031486386,0.019576627031486386,False,,,-0.22552082866533277,0.0,-0.06449736775494536,-0.040824829046386304,0.0010142449802266636,,0,,,0,
2026-10-04,武雄,3,038420261004,1791116940,1791116640,7,5,013192,平田徹,追,81.38,,,,,0.017374616607897214,0.017374616607897214,False,,,-0.15674137873776678,0.0,-0.12960758458062882,-0.040824829046386304,0.0025356124505666574,,0,,,0,
2026-10-04,平塚,3,033520261004,1791117420,1791117120,1,1,014216,田村純一,両,75.38,,,,,0.7760083489908898,0.7760083489908898,False,,0.6683395952989836,0.167848135045003,0.0,0.11372779970492153,0.0797945717599185,0.0041497139402811275,,0,,,0,
2026-10-04,平塚,3,033520261004,1791117420,1791117120,2,3,014064,吉松賢二,両,70.61,,,,,0.1076687536919062,0.1076687536919062,False,,,0.0777429963053093,0.0,0.18679269069040413,0.15426950540250906,0.0014019303852301102,,0,,,0,
2026-10-04,平塚,3,033520261004,1791117420,1791117120,3,2,014218,邊見斎,追,71.84,,,,,0.07233147226891268,0.07233147226891268,False,,,0.15444857260958422,0.0,0.12035263339862734,-0.12501149575720563,0.0002243088616368174,,0,,,0,
2026-10-04,平塚,3,033520261004,1791117420,1791117120,4,4,014357,佐藤康恭,両,69.22,,,,,0.026606390504005362,0.026606390504005362,False,,,-0.04572428544317834,0.0,-0.07194734159404029,0.0797945717599185,0.0009533126619564756,,0,,,0,
2026-10-04,平塚,3,033520261004,1791117420,1791117120,5,5,013927,高橋由記,追,68.82,,,,,0.012437187073620069,0.012437187073620069,False,,,0.09884500092826136,0.0,-0.11630859406663757,-0.02260846199864357,0.0013458531698209064,,0,,,0,
2026-10-04,平塚,3,033520261004,1791117420,1791117120,6,6,011994,藤光健一,追,66.0,,,,,0.0025130196521333118,0.0025130196521333118,False,,,-0.2806873431843353,0.0,-0.09001290212605259,-0.12501149575720563,0.0017383936776853375,,0,,,0,
2026-10-04,平塚,3,033520261004,1791117420,1791117120,7,7,013840,高瀬卓,追,64.6,,,,,0.0024348278185326224,0.0024348278185326224,False,,,-0.17247307626064384,0.0,-0.14260428600722258,-0.04122719540929122,0.0017383936776853375,,0,,,0,
2026-10-04,小松島,3,037320261004,1791117900,1791117600,1,1,015792,貝原涼太,逃,86.75,,,,,0.5427326045794467,0.5427326045794467,False,,0.35066362641472326,0.18185758042260022,0.0,0.05777379373816889,0.18610142473546049,0.0013033892470830672,,0,,,0,
2026-10-04,小松島,3,037320261004,1791117900,1791117600,2,4,014845,表原周,追,85.38,,,,,0.19206897816472343,0.19206897816472343,False,,,0.2312656292867451,0.0,0.03877701616073132,0.10365142643494003,0.0006173949065130319,,0,,,0,
2026-10-04,小松島,3,037320261004,1791117900,1791117600,3,3,015330,伊藤奎,追,85.66,,,,,0.1227817132620294,0.1227817132620294,False,,,0.13351698054447178,0.0,0.1337593915104237,-0.07773856982620503,0.003224173400679165,,0,,,0,
2026-10-04,小松島,3,037320261004,1791117900,1791117600,4,2,013971,内山拓,追,86.33,,,,,0.08537934425991009,0.08537934425991009,False,,,-0.15545916973828197,0.0,0.024423996160278186,-0.07773856982620503,0.0003429971702850171,,0,,,0,
2026-10-04,小松島,3,037320261004,1791117900,1791117600,5,5,014784,萱島大介,追,83.95,,,,,0.026834101649523153,0.026834101649523153,False,,,-0.15545916973828197,0.0,0.016403235352304243,-0.07773856982620503,0.0034985711369071803,,0,,,0,
2026-10-04,小松島,3,037320261004,1791117900,1791117600,6,6,014887,板崎佑矢,両,81.75,,,,,0.01752470676710994,0.01752470676710994,False,,,-0.2752432204475862,0.0,-0.11868294403725788,0.02120142813441954,0.0015777869833110813,,0,,,0,
2026-10-04,小松島,3,037320261004,1791117900,1791117600,7,7,013984,栗林巧,追,81.0,,,,,0.01267855131725731,0.01267855131725731,False,,,0.03952136967033331,0.0,-0.1524544888846484,-0.07773856982620503,0.0008231932086840422,,0,,,0,
2026-10-04,武雄,4,048420261004,1791118380,1791118080,1,1,015797,中島淳,逃,89.8,,,,,0.7482467076900384,0.7482467076900384,False,,0.6583413273846999,0.14391114392681073,0.0,0.11896636901990898,-0.0632455532033676,0.0044832140751108205,,0,,,0,
2026-10-04,武雄,4,048420261004,1791118380,1791118080,2,2,013259,望月紀男,追,87.42,,,,,0.08990538030533862,0.08990538030533862,False,,,0.12318551743820508,0.0,0.0788076292689021,-0.0632455532033676,0.00038984470218354945,,0,,,0,
2026-10-04,武雄,4,048420261004,1791118380,1791118080,3,3,013423,増田利明,両,84.2,,,,,0.06275043323003071,0.06275043323003071,False,,,-0.016974154459888466,0.0,0.0788076292689021,0.158113883008419,6.497411703059174e-05,,0,,,0,
2026-10-04,武雄,4,048420261004,1791118380,1791118080,4,6,015181,栗田万生,逃,81.22,,,,,0.05020925625148398,0.05020925625148398,False,,,-0.09741680365323815,0.0,-0.05376413038008599,0.158113883008419,0.00029238352663766215,,0,,,0,
2026-10-04,武雄,4,048420261004,1791118380,1791118080,5,4,012937,十文字菊雄,追,82.72,,,,,0.023232158315343785,0.023232158315343785,False,,,0.0832716749366644,0.0,-0.04861614473665064,-0.0632455532033676,0.0007472023458518033,,0,,,0,
2026-10-04,武雄,4,048420261004,1791118380,1791118080,6,5,014155,佐藤政利,追,82.38,,,,,0.02238367581044265,0.02238367581044265,False,,,0.08296419284153024,0.0,-0.006141553401466399,-0.0632455532033676,0.0018842493938871561,,0,,,0,
2026-10-04,武雄,4,048420261004,1791118380,1791118080,7,7,014584,井上嵩,両,77.11,,,,,0.003272388397321821,0.003272388397321821,False,,,-0.3189415710300838,0.0,-0.16805979903951007,-0.0632455532033676,0.0018842493938871561,,0,,,0,
2026-10-04,平塚,4,043520261004,1791118860,1791118560,1,1,015977,齊藤宏樹,逃,74.44,,,,,0.8834759729298411,0.8834759729298411,False,,0.8344048537428008,0.3145042369188524,0.0,0.09556771460832895,0.0,0.004452116109141839,,0,,,0,
2026-10-04,平塚,4,043520261004,1791118860,1791118560,2,4,014015,米倉剛志,逃,69.04,,,,,0.049071119187040324,0.049071119187040324,False,,,-0.017534917398827423,0.0,0.06278514054297313,0.0,0.0011930507220576172,,0,,,0,
2026-10-04,平塚,4,043520261004,1791118860,1791118560,3,3,014516,村松俊弥,追,70.79,,,,,0.02724675015047754,0.02724675015047754,False,,,0.13691832201176857,0.0,0.06835536310684223,0.0,0.0010475567315627859,,0,,,0,
2026-10-04,平塚,4,043520261004,1791118860,1791118560,4,2,012432,石井孝,追,71.16,,,,,0.02183161170628463,0.02183161170628463,False,,,0.03227095574882452,0.0,0.06835536310684223,0.0,0.0010475567315627859,,0,,,0,
2026-10-04,平塚,4,043520261004,1791118860,1791118560,5,5,013684,吉橋秀城,追,68.94,,,,,0.01393556974580093,0.01393556974580093,False,,,-0.0059685796505834915,0.0,0.022889029408159206,0.0,0.0010475567315627859,,0,,,0,
2026-10-04,平塚,4,043520261004,1791118860,1791118560,6,6,012986,近藤直幹,追,65.29,,,,,0.0026256092550325,0.0026256092550325,False,,,-0.2051920722411914,0.0,-0.1589763053865729,0.0,0.0008438651448700219,,0,,,0,
2026-10-04,平塚,4,043520261004,1791118860,1791118560,7,7,013847,小林大能,追,64.81,,,,,0.001813367025522968,0.001813367025522968,False,,,-0.25499794538884335,0.0,-0.1589763053865729,0.0,0.0016586314916410775,,0,,,0,
2026-10-04,小松島,4,047320261004,1791119340,1791119040,1,4,015353,松坂侑亮,逃,86.85,,,,,0.5047563327796883,0.5047563327796883,False,,0.2622779208546323,0.38182836702329953,0.0,0.2490150406860933,0.22901588561073438,0.002019358368189778,,0,,,0,
2026-10-04,小松島,4,047320261004,1791119340,1791119040,2,1,015561,原井剣也,逃,89.73,,,,,0.242478411925056,0.242478411925056,False,,,0.07158403246476892,0.0,-0.08904028221484693,0.0,0.002482817665807104,,0,,,0,
2026-10-04,小松島,4,047320261004,1791119340,1791119040,3,3,012546,神開将暢,追,87.04,,,,,0.07286034559640779,0.07286034559640779,False,,,-0.04781640939890826,0.0,0.06659656216628154,-0.06459422414661739,0.00016552117772047364,,0,,,0,
2026-10-04,小松島,4,047320261004,1791119340,1791119040,4,2,014270,小原将通,追,87.63,,,,,0.0652592388472246,0.0652592388472246,False,,,-0.2784604493816541,0.0,0.03669808530007782,0.029361010975735177,0.0003972508265291369,,0,,,0,
2026-10-04,小松島,4,047320261004,1791119340,1791119040,5,5,014320,在本直樹,両,84.05,,,,,0.062179313174819506,0.062179313174819506,False,,,0.0001405816335929011,0.0,-0.039973827218899,-0.06459422414661739,0.0006289804753377994,,0,,,0,
2026-10-04,小松島,4,047320261004,1791119340,1791119040,6,7,015011,吉岡伸太郎,逃,81.33,,,,,0.035150691554784175,0.035150691554784175,False,,,-0.08761655668680088,0.0,-0.08060280282156224,-0.06459422414661739,0.003542153203218135,,0,,,0,
2026-10-04,小松島,4,047320261004,1791119340,1791119040,7,6,012823,遠藤勝行,追,83.27,,,,,0.017315666122019586,0.017315666122019586,False,,,-0.03965956565429938,0.0,-0.14269277589714452,-0.06459422414661739,0.0021517753103661567,,0,,,0,
2026-10-04,武雄,5,058420261004,1791119880,1791119580,1,2,015788,平根優大,逃,92.28,,,,,0.4193802702429613,0.4193802702429613,False,,0.1324996095680716,0.23663445913397171,0.0,0.0891543999069166,0.13868456875580634,0.0034797115085340624,,0,,,0,
2026-10-04,武雄,5,058420261004,1791119880,1791119580,2,1,014361,真船圭一郎,両,92.95,,,,,0.2868806606748897,0.2868806606748897,False,,,0.1509345884812361,0.0,0.1591309266154069,-0.1217718164685129,0.001468003292662808,,0,,,0,
2026-10-04,武雄,5,058420261004,1791119880,1791119580,3,3,015424,中村隆生,逃,92.28,,,,,0.16657062620057037,0.16657062620057037,False,,,0.06523471782850071,0.0,0.00426174959965029,-0.0428456391278101,0.0010692863489766135,,0,,,0,
2026-10-04,武雄,5,058420261004,1791119880,1791119580,4,5,015726,龍野琳太郎,逃,88.33,,,,,0.09560305612644905,0.09560305612644905,False,,,0.0018473214964938,0.0,0.058800000998416986,0.13868456875580634,0.00195733772355041,,0,,,0,
2026-10-04,武雄,5,058420261004,1791119880,1791119580,5,4,014258,片山智晴,追,89.95,,,,,0.020963653105069917,0.020963653105069917,False,,,-0.36795524735781454,0.0,-0.03483822648939284,0.004510067276611577,0.001594867774744779,,0,,,0,
2026-10-04,武雄,5,058420261004,1791119880,1791119580,6,6,014300,上野真吾,追,85.33,,,,,0.00616546280203648,0.00616546280203648,False,,,-0.029846376669509664,0.0,-0.17272649159086773,-0.1217718164685129,0.001341138810580837,,0,,,0,
2026-10-04,武雄,5,058420261004,1791119880,1791119580,7,7,014843,峰重祐之介,追,83.64,,,,,0.004436270848023161,0.004436270848023161,False,,,-0.05684946291287575,0.0,-0.10378235904013028,0.004510067276611577,0.0021023257030726634,,0,,,0,
2026-10-04,平塚,5,053520261004,1791120420,1791120120,1,1,016013,森下龍之介,逃,77.56,,,,,0.6261927925615288,0.6261927925615288,False,,0.41084995332883145,0.294687348620825,0.0,-0.05719331893119842,-0.051290086044454765,0.004431141099270886,,0,,,0,
2026-10-04,平塚,5,053520261004,1791120420,1791120120,2,2,015890,中秀平,逃,73.55,,,,,0.2153428392326974,0.2153428392326974,False,,,0.06797365844475589,0.0,0.11476823278914627,0.2376857645962538,0.0006426845869171517,,0,,,0,
2026-10-04,平塚,5,053520261004,1791120420,1791120120,3,4,013375,五反田豊和,両,71.7,,,,,0.05419877843448869,0.05419877843448869,False,,,0.14017314568287143,0.0,0.07299963950884314,-0.051290086044454765,0.0005412080731933911,,0,,,0,
2026-10-04,平塚,5,053520261004,1791120420,1791120120,4,3,014124,石田宏樹,両,72.88,,,,,0.05083510536594862,0.05083510536594862,False,,,-0.24249326198962357,0.0,-0.00594583700088247,0.018764665626020038,6.765100914917399e-05,,0,,,0,
2026-10-04,平塚,5,053520261004,1791120420,1791120120,5,5,014772,細田純平,両,71.34,,,,,0.036866101162217654,0.036866101162217654,False,,,-0.002787314234886991,0.0,0.045153910655307716,-0.051290086044454765,0.0007779866052154994,,0,,,0,
2026-10-04,平塚,5,053520261004,1791120420,1791120120,6,6,013647,光畑政志,追,69.23,,,,,0.010238101084379518,0.010238101084379518,False,,,-0.25404700500981864,0.0,-0.03379156585441789,-0.051290086044454765,0.00219865779734815,,0,,,0,
2026-10-04,平塚,5,053520261004,1791120420,1791120120,7,7,012626,原司,追,68.03,,,,,0.006326282158739399,0.006326282158739399,False,,,-0.0035065715141232665,0.0,-0.13599106116679827,-0.051290086044454765,0.0014883222012818248,,0,,,0,
2026-10-04,小松島,5,057320261004,1791120960,1791120660,1,1,015176,望月一成,逃,94.16,,,,,0.5621380286471914,0.5621380286471914,False,,0.38268574638161257,-0.026935907181797447,0.0,0.07059383980085059,0.008243189302413512,0.0035906848953950296,,0,,,0,
2026-10-04,小松島,5,057320261004,1791120960,1791120660,2,2,015280,藤井將,両,92.15,,,,,0.17945228226557886,0.17945228226557886,False,,,-0.26901683227881734,0.0,0.12490549972251844,0.008243189302413512,0.0017114479407957617,,0,,,0,
2026-10-04,小松島,5,057320261004,1791120960,1791120660,3,7,015658,長松大祐,逃,84.38,,,,,0.05951400218015255,0.05951400218015255,False,,,0.11141374045056918,0.0,0.055166209830428525,-0.04945913581448113,0.00030202022484631064,,0,,,0,
2026-10-04,小松島,5,057320261004,1791120960,1791120660,4,4,014452,長井優斗,追,88.86,,,,,0.0579291592366568,0.0579291592366568,False,,,0.16155915534601586,0.0,-0.09706374325403949,-0.09754440674522667,0.0027517398263775,,0,,,0,
2026-10-04,小松島,5,057320261004,1791120960,1791120660,5,5,015568,田川翔琉,逃,85.75,,,,,0.05370741595667817,0.05370741595667817,False,,,0.06126832555512246,0.0,-0.08163611328361742,0.008243189302413512,6.711560552140194e-05,,0,,,0,
2026-10-04,小松島,5,057320261004,1791120960,1791120660,6,3,012811,江守昇,追,90.47,,,,,0.04739428691014253,0.04739428691014253,False,,,0.08374381092409584,0.0,-0.09706374325403949,-0.09754440674522667,0.0011074074911031407,,0,,,0,
2026-10-04,小松島,5,057320261004,1791120960,1791120660,7,6,013353,吉永好宏,追,85.14,,,,,0.039864824803599735,0.039864824803599735,False,,,-0.12203229281519093,0.0,0.025098050437898818,0.2198183813976939,0.0018121213490778663,,0,,,0,
2026-10-04,武雄,6,068420261004,1791121500,1791121200,1,1,015805,山下祐輔,逃,92.4,,,,,0.7218875488451427,0.7218875488451427,False,,0.6203131111234017,0.28565091941113413,0.0,0.06780123175266065,0.1976209858644928,0.004247966050072166,,0,,,0,
2026-10-04,武雄,6,068420261004,1791121500,1791121200,2,2,015602,比佐宝太,逃,91.66,,,,,0.10157443772174103,0.10157443772174103,False,,,-0.21455589031236566,0.0,-0.12578937360634557,-0.12206002068101024,0.0007458261003943493,,0,,,0,
2026-10-04,武雄,6,068420261004,1791121500,1791121200,3,5,015565,入江航太,逃,87.29,,,,,0.061328204482790846,0.061328204482790846,False,,,0.13270024752556836,0.0,0.013759305423887877,-0.029061909685954814,0.0006161172133692459,,0,,,0,
2026-10-04,武雄,6,068420261004,1791121500,1791121200,4,4,015345,浅見隼,逃,87.92,,,,,0.05946239236937655,0.05946239236937655,False,,,-0.07915693487268445,0.0,0.030452048034807583,-0.07556096518348253,0.00016213610878138045,,0,,,0,
2026-10-04,武雄,6,068420261004,1791121500,1791121200,5,3,013568,大木雅也,追,89.61,,,,,0.035992512764504346,0.035992512764504346,False,,,0.0750645400289415,0.0,0.07272525967325005,-0.06393620130910059,0.002788741071039742,,0,,,0,
2026-10-04,武雄,6,068420261004,1791121500,1791121200,6,7,013005,小笠原昭太,追,86.23,,,,,0.0104569338807887,0.0104569338807887,False,,,-0.05284646918806885,0.0,-0.029474235639130333,0.02324952774876386,0.0005188355481004171,,0,,,0,
2026-10-04,武雄,6,068420261004,1791121500,1791121200,7,6,015294,小原亮哉,追,86.61,,,,,0.009297969935655782,0.009297969935655782,False,,,-0.14685641259252508,0.0,-0.029474235639130333,0.06974858324629157,0.000972816652688282,,0,,,0,
2026-10-04,平塚,6,063520261004,1791122040,1791121740,1,1,015523,邊見祐太,逃,79.66,,,,,0.6202972695132462,0.6202972695132462,False,,0.2864407016541303,0.3117296120196379,0.0,0.09869954849089904,0.16300850362299563,0.002522283270166452,,0,,,0,
2026-10-04,平塚,6,063520261004,1791122040,1791121740,2,2,016016,西原裕太郎,逃,79.58,,,,,0.3338565678591158,0.3338565678591158,False,,,0.22319843177312687,0.0,0.11422633667210405,-0.10404798103595468,0.0036200645898243895,,0,,,0,
2026-10-04,平塚,6,063520261004,1791122040,1791121740,3,4,013743,藤田剣次,追,74.08,,,,,0.025786528668348352,0.025786528668348352,False,,,0.04826299527155953,0.0,0.08068789719779154,-0.10404798103595468,0.0006795789121691998,,0,,,0,
2026-10-04,平塚,6,063520261004,1791122040,1791121740,4,3,011574,坂本英一,追,76.04,,,,,0.01174307883288226,0.01174307883288226,False,,,-0.052663910000424606,0.0,0.07302743802548738,-0.10404798103595468,0.0011369877953600071,,0,,,0,
2026-10-04,平塚,6,063520261004,1791122040,1791121740,5,5,014349,佐藤純嘉,追,70.88,,,,,0.003481629499522882,0.003481629499522882,False,,,-0.20086388192121857,0.0,-0.05430376511858745,0.025433950919900018,0.001868842008465299,,0,,,0,
2026-10-04,平塚,6,063520261004,1791122040,1791121740,6,6,013965,岡田雅也,追,70.2,,,,,0.0028248800235252513,0.0028248800235252513,False,,,-0.20086388192121857,0.0,-0.15616872763384732,0.09826753764506828,0.0015943966785508146,,0,,,0,
2026-10-04,平塚,6,063520261004,1791122040,1791121740,7,7,011665,倉岡慎太郎,追,67.91,,,,,0.0020100456033593193,0.0020100456033593193,False,,,-0.12879936522146251,0.0,-0.15616872763384732,0.025433950919900018,0.0008625424654455228,,0,,,0,
2026-10-04,小松島,6,067320261004,1791122580,1791122280,1,1,014714,橋本智昭,逃,94.78,,,,,0.6767965985003489,0.6767965985003489,False,,0.5726673016956056,0.09851051339218171,0.0,0.09247346218251892,0.07295173064348082,0.0022283136747802746,,0,,,0,
2026-10-04,小松島,6,067320261004,1791122580,1791122280,2,3,015505,荻原寿嗣,逃,89.23,,,,,0.10412929680474328,0.10412929680474328,False,,,0.012175252841903583,0.0,0.01609237661520352,0.13027094757764432,0.00011500973805317519,,0,,,0,
2026-10-04,小松島,6,067320261004,1791122580,1791122280,3,6,015879,西本健三郎,逃,86.22,,,,,0.05678225271087227,0.05678225271087227,False,,,0.06751511189485022,0.0,-0.10395607484727426,0.13027094757764432,0.0037090640522149097,,0,,,0,
2026-10-04,小松島,6,067320261004,1791122580,1791122280,4,7,015929,鶴淳志,逃,85.22,,,,,0.04579929929759935,0.04579929929759935,False,,,0.011066762184950778,0.0,0.0038063293635367534,-0.09900592015900966,0.0021995612402669817,,0,,,0,
2026-10-04,小松島,6,067320261004,1791122580,1791122280,5,5,014230,山田義彦,両,87.66,,,,,0.0410791706731804,0.0410791706731804,False,,,0.039845182368376905,0.0,0.014020165573779879,-0.03647586532174041,0.0015238790292045749,,0,,,0,
2026-10-04,小松島,6,067320261004,1791122580,1791122280,6,4,013834,平石浩之,追,88.52,,,,,0.039628675345838034,0.039628675345838034,False,,,0.15274188178817555,0.0,-0.06339702551424733,-0.09900592015900966,0.0011213449460184606,,0,,,0,
2026-10-04,小松島,6,067320261004,1791122580,1791122280,7,2,014119,中村雅仁,追,90.14,,,,,0.03578470666741783,0.03578470666741783,False,,,-0.38185470447043945,0.0,0.04096076662648264,-0.09900592015900966,0.0009200779044254035,,0,,,0,
2026-10-04,武雄,7,078420261004,1791123120,1791122820,1,1,014339,成松春樹,両,95.04,,,,,0.43915160803089487,0.43915160803089487,False,,0.1536172825751278,0.07056041606609295,0.0,0.12582190879314215,-0.08881568136299298,0.003484253626994291,,0,,,0,
2026-10-04,武雄,7,078420261004,1791123120,1791122820,2,2,013693,藤原憲征,追,94.83,,,,,0.28553432545576707,0.28553432545576707,False,,,0.11869453495242777,0.0,0.05544060303125382,-0.03821139779570627,0.0005807089378323822,,0,,,0,
2026-10-04,武雄,7,078420261004,1791123120,1791122820,3,4,015750,徳永泰粋,逃,88.95,,,,,0.11330679609993857,0.11330679609993857,False,,,-0.047608331478056265,0.0,0.06682352897231988,0.14974736973993003,0.0006148682871166391,,0,,,0,
2026-10-04,武雄,7,078420261004,1791123120,1791122820,4,3,015611,長谷川飛向,逃,89.61,,,,,0.07961213864443367,0.07961213864443367,False,,,0.07987920223826929,0.0,0.00820899785698298,-0.08881568136299298,0.002732747942740621,,0,,,0,
2026-10-04,武雄,7,078420261004,1791123120,1791122820,5,6,014331,栗田貴徳,追,87.72,,,,,0.04817211029178737,0.04817211029178737,False,,,0.14362296909643213,0.0,0.008483175503758239,-0.08881568136299298,0.0008539837321064436,,0,,,0,
2026-10-04,武雄,7,078420261004,1791123120,1791122820,6,5,015483,谷元奎心,逃,87.87,,,,,0.029922042706030043,0.029922042706030043,False,,,-0.131947433136848,0.0,-0.1089103933149807,0.14974736973993003,0.0008539837321064436,,0,,,0,
2026-10-04,武雄,7,078420261004,1791123120,1791122820,7,7,014687,井上将志,両,81.19,,,,,0.0043009787711483375,0.0043009787711483375,False,,,-0.23320135773831824,0.0,-0.15586782084247627,0.005163702404825174,0.0024936324977508167,,0,,,0,
2026-10-04,平塚,7,073520261004,1791123660,1791123360,1,1,015371,田上晃也,逃,80.11,,,,,0.654797887231425,0.654797887231425,False,,0.39732734255944335,0.2751456128256081,0.0,0.07961696092193855,-0.040824829046386304,0.002554687719069264,,0,,,0,
2026-10-04,平塚,7,073520261004,1791123660,1791123360,2,3,015936,下山聖斗,逃,78.16,,,,,0.2574705446719816,0.2574705446719816,False,,,0.11006577401030515,0.0,0.14620192277578642,0.2449489742783178,0.003204971865741441,,0,,,0,
2026-10-04,平塚,7,073520261004,1791123660,1791123360,3,2,014261,作田悦章,追,78.19,,,,,0.04467999216390721,0.04467999216390721,False,,,0.14142005394240698,0.0,0.08789821435406922,-0.040824829046386304,0.0013470171609637946,,0,,,0,
2026-10-04,平塚,7,073520261004,1791123660,1791123360,4,4,015984,藤岡祐馬,逃,73.23,,,,,0.0243442020233709,0.0243442020233709,False,,,0.006353673667101142,0.0,-0.03148204079180994,-0.040824829046386304,0.00038707389682867565,,0,,,0,
2026-10-04,平塚,7,073520261004,1791123660,1791123360,5,5,015708,山口直樹,逃,72.66,,,,,0.013440734049784834,0.013440734049784834,False,,,-0.07805990558230565,0.0,-0.02651328873253154,-0.040824829046386304,0.000588352323179589,,0,,,0,
2026-10-04,平塚,7,073520261004,1791123660,1791123360,6,6,014774,阿部弘,追,70.85,,,,,0.003650924838888461,0.003650924838888461,False,,,-0.19610832449945595,0.0,-0.06440232584672764,-0.040824829046386304,0.001997301307635971,,0,,,0,
2026-10-04,平塚,7,073520261004,1791123660,1791123360,7,7,012402,時松正,追,69.16,,,,,0.001615715020642061,0.001615715020642061,False,,,-0.25881688436365946,0.0,-0.19131944268072504,-0.040824829046386304,0.0022140626898600304,,0,,,0,
2026-10-04,小松島,7,077320261004,1791124200,1791123900,1,1,015120,竹内翼,逃,93.72,,,,,0.7436251743772071,0.7436251743772071,False,,0.6508945971707868,0.21147944981086847,0.0,0.10525618662576611,0.03927535094037177,0.0013425734531307633,,0,,,0,
2026-10-04,小松島,7,077320261004,1791124200,1791123900,2,4,015607,中山拓人,逃,88.33,,,,,0.09273057720642029,0.09273057720642029,False,,,0.09013878188659968,0.0,0.007149968910792753,0.14355817929928993,0.0015290419882878134,,0,,,0,
2026-10-04,小松島,7,077320261004,1791124200,1791123900,3,2,012728,飯田辰哉,追,91.33,,,,,0.0684923425328505,0.0684923425328505,False,,,-0.006933752452815398,0.0,0.09381789283970626,0.08667663655806185,0.0013425734531307633,,0,,,0,
2026-10-04,小松島,7,077320261004,1791124200,1791123900,4,3,015010,吉川嘉斗,追,89.1,,,,,0.04825744584098941,0.04825744584098941,False,,,-0.1525425539619381,0.0,-0.10620730718559376,0.03927535094037177,0.0031699650976698556,,0,,,0,
2026-10-04,小松島,7,077320261004,1791124200,1791123900,5,5,014525,三ッ井武,追,88.14,,,,,0.025203618542216512,0.025203618542216512,False,,,0.06587064830174594,0.0,0.05381285283464625,-0.16929030577746454,0.0015290419882878134,,0,,,0,
2026-10-04,小松島,7,077320261004,1791124200,1791123900,6,6,015084,菅田謙仁,両,85.0,,,,,0.013781249762042777,0.013781249762042777,False,,,0.017334381132038397,0.0,-0.08048564029003381,-0.08396799166562241,0.003095377683607037,,0,,,0,
2026-10-04,小松島,7,077320261004,1791124200,1791123900,7,7,013979,竹内優也,両,83.9,,,,,0.007909591738273429,0.007909591738273429,False,,,-0.22534695471649938,0.0,-0.07334395373528378,-0.055527220295008374,0.00029834965625127993,,0,,,0,
