date,venue,race_no,race_id,start_at,close_at,rank_in_race,car_no,player_id,player_name,style,score,odds_win,odds_move_pct,odds_move_last_pct,odds_snapshot_count,p_core,p_win,p_second,p_third,position_model_source,p_win_pre_override,top1_override_applied,top1_override_reason,top1_top2_margin,top1_confidence_class,place2_rate,place3_rate,line_role_place2_rate,line_role_place3_rate,nexus_form_adj,nexus_line_adj,nexus_style_adj,nexus_condition_adj,nexus_uncertainty,expected_value_win,stake_yen,win_return_yen,win_profit_yen,loss_amount_yen,expected_profit_yen,position_probability_semantics,p_second_exact_challenger,p_third_exact_challenger,fixed_axis_calibration_passed,line_id,line_position,line_size,number_of_lines,line_verification_status,line_source,line_verification_scope,score_first,score_second,score_third,rank_first,rank_second,rank_third,position_score_source,popularity_rank,popularity_source,rank_divergence,undervalued_points,overpopular_points
2026-10-09,武雄,1,018420261009,1791502200,1791501900,1,4,015855,大浦彩瑛,逃,56.88,,,,,0.8420807005782706,0.9217877740678124,0.6404706698598923,0.6630311842009239,position_specialists,0.9217877740678124,False,,0.8624978648359916,S,0.777,0.8140000000000001,0.0,0.0,0.22075980435025,-0.03157423704635027,0.42471563796929046,0.19595917942265423,0.004226086756730104,,0,,,0,,cumulative_place,,0.0,False,6.0,1.0,1.0,7,verified,winticket_line_prediction,provider_forecast_structure_only,92.17877740678124,64.04706698598923,66.3031184200924,1,1,1,coverage_validated_cumulative_scores_uncalibrated,,unavailable,,0,0
2026-10-09,武雄,1,018420261009,1791502200,1791501900,2,7,015955,岩元杏奈,両,53.5,,,,,0.1087017314232674,0.05928990923182083,0.11995328631602951,0.07021228040016114,position_specialists,0.05928990923182083,False,,,S,0.5,0.555,0.0,0.0,0.10693053023215235,-0.03157423704635027,0.07839916888221507,-0.032659863237109045,0.0012767633706133245,,0,,,0,,cumulative_place,,0.0,False,1.0,1.0,1.0,7,verified,winticket_line_prediction,provider_forecast_structure_only,5.9289909231820825,11.995328631602952,7.021228040016115,2,2,3,coverage_validated_cumulative_scores_uncalibrated,,unavailable,,0,0
2026-10-09,武雄,1,018420261009,1791502200,1791501900,3,1,015584,西脇美唯奈,両,53.31,,,,,0.03150066329532288,0.013133583077954956,0.11778427244199986,0.09713660452083053,position_specialists,0.013133583077954956,False,,,S,0.315,0.526,0.0,0.0,-0.017246859714863266,-0.03157423704635027,-0.01866536613351245,-0.032659863237109045,0.00024258504041653158,,0,,,0,,cumulative_place,,0.0,False,4.0,1.0,1.0,7,verified,winticket_line_prediction,provider_forecast_structure_only,1.3133583077954956,11.778427244199987,9.713660452083055,3,3,2,coverage_validated_cumulative_scores_uncalibrated,,unavailable,,0,0
2026-10-09,武雄,1,018420261009,1791502200,1791501900,4,2,014896,野口諭実可,追,50.51,,,,,0.009689872051086776,0.00355029724295962,0.04886729325224374,0.048767276185497435,position_specialists,0.00355029724295962,False,,,S,0.2,0.314,0.0,0.0,-0.0482912072016172,-0.03157423704635027,0.008616565569876047,-0.032659863237109045,0.00024258504041653158,,0,,,0,,cumulative_place,,0.0,False,5.0,1.0,1.0,7,verified,winticket_line_prediction,provider_forecast_structure_only,0.35502972429596197,4.8867293252243735,4.876727618549745,4,4,5,coverage_validated_cumulative_scores_uncalibrated,,unavailable,,0,0
2026-10-09,武雄,1,018420261009,1791502200,1791501900,5,5,015027,長澤彩,両,50.9,,,,,0.004755909255839417,0.0014451809999286855,0.043129319191960676,0.06531836587880091,position_specialists,0.0014451809999286855,False,,,S,0.142,0.428,0.0,0.0,-0.06898743885945316,-0.03157423704635027,-0.11888544925697553,-0.032659863237109045,0.001672560015503455,,0,,,0,,cumulative_place,,0.0,False,2.0,1.0,1.0,7,verified,winticket_line_prediction,provider_forecast_structure_only,0.14451809999286855,4.3129319191960676,6.531836587880092,5,5,4,coverage_validated_cumulative_scores_uncalibrated,,unavailable,,0,0
2026-10-09,武雄,1,018420261009,1791502200,1791501900,6,3,015309,黒沢夢姫,追,49.93,,,,,0.0018827609246056338,0.0005098978907337812,0.019420470570088316,0.035277385232052406,position_specialists,0.0005098978907337812,False,,,S,0.0579999999999999,0.176,0.0,0.0,-0.06208869497350778,-0.03157423704635027,-0.17344931266375252,-0.032659863237109045,0.001672560015503455,,0,,,0,,cumulative_place,,1.0,False,7.0,1.0,1.0,7,verified,winticket_line_prediction,provider_forecast_structure_only,0.05098978907337812,1.9420470570088315,3.527738523205241,6,6,6,coverage_validated_cumulative_scores_uncalibrated,,unavailable,,0,0
2026-10-09,武雄,1,018420261009,1791502200,1791501900,7,6,015078,三宅玲奈,追,46.29,,,,,0.0013883624716072888,0.0002833574887896704,0.010374688367785637,0.02025690358173363,position_specialists,0.0002833574887896704,False,,,S,0.0,0.111,0.0,0.0,-0.13107613383296093,-0.03157423704635027,-0.20073124436714102,-0.032659863237109045,0.001672560015503455,,0,,,0,,cumulative_place,,0.0,False,3.0,1.0,1.0,7,verified,winticket_line_prediction,provider_forecast_structure_only,0.02833574887896704,1.0374688367785636,2.0256903581733634,7,7,7,coverage_validated_cumulative_scores_uncalibrated,,unavailable,,0,0
2026-10-09,高知,1,017420261009,1791502800,1791502500,1,1,014880,野見泰要,逃,70.36,,,,,0.45075896462835385,0.5655786667295517,0.1942007129596493,0.17181641306278017,position_specialists,0.5655786667295517,False,,0.3236617592885455,A,0.3879999999999999,0.5,0.16,0.11,0.08576189784842861,0.27151946792588,0.17055768580483802,0.16886575176179655,0.002732520204255892,,0,,,0,,cumulative_place,,,False,1.0,1.0,4.0,2,verified,winticket_line_prediction,provider_forecast_structure_only,56.55786667295517,19.42007129596493,17.181641306278017,1,4,2,coverage_validated_cumulative_scores_uncalibrated,,unavailable,,0,0
2026-10-09,高知,1,017420261009,1791502800,1791502500,2,4,011935,高嶋一朗,追,69.96,,,,,0.2338314383274737,0.2419169074410062,0.25093998808347895,0.35998004632957614,position_specialists,0.2419169074410062,False,,,A,0.366,0.5,0.22,0.09,-0.011751355944040375,0.2686186800998783,0.22798157995622564,0.061405727913380566,0.0011385500851066213,,0,,,0,,cumulative_place,,,False,1.0,2.0,4.0,2,verified,winticket_line_prediction,provider_forecast_structure_only,24.19169074410062,25.093998808347894,35.99800463295762,2,1,1,coverage_validated_cumulative_scores_uncalibrated,,unavailable,,0,0
2026-10-09,高知,1,017420261009,1791502800,1791502500,3,3,015160,牧田賢也,逃,70.95,,,,,0.1927814833229105,0.1319379345028532,0.2023042126476888,0.09973360938782672,position_specialists,0.1319379345028532,False,,,A,0.237,0.428,0.11,0.16,0.047756334819513344,0.1327081773344165,0.022815183994125438,-0.055823389012164146,0.0015939701191492706,,0,,,0,,cumulative_place,,,False,2.0,1.0,3.0,2,verified,winticket_line_prediction,provider_forecast_structure_only,13.193793450285321,20.23042126476888,9.973360938782672,3,2,4,coverage_validated_cumulative_scores_uncalibrated,,unavailable,,0,0
2026-10-09,高知,1,017420261009,1791502800,1791502500,4,7,011341,黒崎直行,追,71.33,,,,,0.08226953268891642,0.04596737218038123,0.19724545014189226,0.1371578635169695,position_specialists,0.04596737218038123,False,,,A,0.142,0.38,0.02,0.16,0.08109386815706335,0.004877227976097812,-0.06391656718055704,-0.055823389012164146,0.001821680136170596,,0,,,0,,cumulative_place,,,False,2.0,2.0,3.0,2,verified,winticket_line_prediction,provider_forecast_structure_only,4.596737218038123,19.724545014189225,13.715786351696952,4,3,3,coverage_validated_cumulative_scores_uncalibrated,,unavailable,,0,0
2026-10-09,高知,1,017420261009,1791502800,1791502500,5,5,013470,畠山裕行,追,68.9,,,,,0.025602894022067054,0.011078208758013222,0.06762248374864571,0.06707993801788009,position_specialists,0.011078208758013222,False,,,A,0.136,0.2269999999999999,0.05,0.08,0.04058895890796717,-0.1276768914123345,-0.06391656718055704,-0.006977923626520514,0.001821680136170596,,0,,,0,,cumulative_place,,,False,2.0,3.0,3.0,2,verified,winticket_line_prediction,provider_forecast_structure_only,1.1078208758013222,6.762248374864571,6.707993801788009,5,5,7,coverage_validated_cumulative_scores_uncalibrated,,unavailable,,0,0
2026-10-09,高知,1,017420261009,1791502800,1791502500,6,6,014777,竹村達也,両,63.33,,,,,0.010730370745581147,0.002436425405498382,0.05496678426191379,0.08729290706522021,position_specialists,0.002436425405498382,False,,,A,0.055,0.055,0.0,0.25,-0.18060770610297472,-0.1276768914123345,-0.12014294303722448,-0.055823389012164146,0.0011385500851066213,,0,,,0,,cumulative_place,,,False,1.0,3.0,4.0,2,verified,winticket_line_prediction,provider_forecast_structure_only,0.24364254054983822,5.496678426191378,8.72929070652202,6,6,5,coverage_validated_cumulative_scores_uncalibrated,,unavailable,,0,0
2026-10-09,高知,1,017420261009,1791502800,1791502500,7,2,013062,藤原義浩,追,65.76,,,,,0.004025316264697363,0.001084484982696095,0.03272036815673128,0.07693922261974723,position_specialists,0.001084484982696095,False,,,A,0.0,0.0579999999999999,0.02,0.23,-0.06284199768595752,-0.1276768914123345,-0.1733783723568505,-0.055823389012164146,0.0029602302212772187,,0,,,0,,cumulative_place,,,False,1.0,4.0,4.0,2,verified,winticket_line_prediction,provider_forecast_structure_only,0.1084484982696095,3.272036815673128,7.6939222619747225,7,7,6,coverage_validated_cumulative_scores_uncalibrated,,unavailable,,0,0
2026-10-09,武雄,2,028420261009,1791503400,1791503100,1,6,015398,藤田まりあ,両,57.05,,,,,0.8831930303635303,0.928290428485363,0.6086283425249414,0.6227532112720091,position_specialists,0.928290428485363,False,,0.8975636166588802,S,0.833,0.888,0.0,0.0,0.16792197733938305,-0.03157423704635027,0.27699705064395685,-0.0492365963917331,0.004863658336457559,,0,,,0,,cumulative_place,,,False,7.0,1.0,1.0,7,verified,winticket_line_prediction,provider_forecast_structure_only,92.8290428485363,60.86283425249414,62.27532112720091,1,1,1,coverage_validated_cumulative_scores_uncalibrated,,unavailable,,0,0
2026-10-09,武雄,2,028420261009,1791503400,1791503100,2,3,015679,又多風緑,両,53.38,,,,,0.036783691409281394,0.0307268118264828,0.13290993146644267,0.1005925038669079,position_specialists,0.0307268118264828,False,,,S,0.281,0.5,0.0,0.0,0.019755526745809746,-0.03157423704635027,0.16785191142364037,0.1575571084535459,0.0009264111117062017,,0,,,0,,cumulative_place,,,False,5.0,1.0,1.0,7,verified,winticket_line_prediction,provider_forecast_structure_only,3.07268118264828,13.290993146644267,10.05925038669079,2,2,2,coverage_validated_cumulative_scores_uncalibrated,,unavailable,,0,0
2026-10-09,武雄,2,028420261009,1791503400,1791503100,3,4,015503,田中月菜,両,52.42,,,,,0.04671816202085944,0.024832227551955847,0.09058126411964289,0.06545114995082252,position_specialists,0.024832227551955847,False,,,S,0.284,0.476,0.0,0.0,0.07902210698323907,-0.03157423704635027,-0.007669981365285069,-0.0492365963917331,0.00023160277792655046,,0,,,0,,cumulative_place,,,False,6.0,1.0,1.0,7,verified,winticket_line_prediction,provider_forecast_structure_only,2.4832227551955848,9.058126411964288,6.545114995082252,3,3,4,coverage_validated_cumulative_scores_uncalibrated,,unavailable,,0,0
2026-10-09,武雄,2,028420261009,1791503400,1791503100,4,5,015755,神戸暖稀羽,両,52.83,,,,,0.016264206600942015,0.007568604697254298,0.08754427223554681,0.06429386061846541,position_specialists,0.007568604697254298,False,,,S,0.222,0.555,0.0,0.0,0.02963329011871464,-0.03157423704635027,-0.0752236683381109,-0.0492365963917331,0.0009264111117062017,,0,,,0,,cumulative_place,,,False,3.0,1.0,1.0,7,verified,winticket_line_prediction,provider_forecast_structure_only,0.7568604697254299,8.75442722355468,6.429386061846541,4,4,5,coverage_validated_cumulative_scores_uncalibrated,,unavailable,,0,0
2026-10-09,武雄,2,028420261009,1791503400,1791503100,5,7,015761,吉村美有紀,両,49.96,,,,,0.012510192256869765,0.007457506977502217,0.05517425142387521,0.09710819332674948,position_specialists,0.007457506977502217,False,,,S,0.185,0.296,0.0,0.0,0.00987776337290485,-0.03157423704635027,0.08643440703498433,0.08862587350511955,0.0009264111117062017,,0,,,0,,cumulative_place,,,False,1.0,1.0,1.0,7,verified,winticket_line_prediction,provider_forecast_structure_only,0.7457506977502217,5.517425142387522,9.710819332674948,5,5,3,coverage_validated_cumulative_scores_uncalibrated,,unavailable,,0,0
2026-10-09,武雄,2,028420261009,1791503400,1791503100,6,1,015856,野寺梓,追,48.22,,,,,0.002587632761126399,0.00070278105024929,0.016138125716725345,0.030747790056755937,position_specialists,0.00070278105024929,False,,,S,0.0,0.111,0.0,0.0,-0.09877763372904887,-0.03157423704635027,-0.22419485969959274,-0.0492365963917331,0.0009264111117062017,,0,,,0,,cumulative_place,,,False,2.0,1.0,1.0,7,verified,winticket_line_prediction,provider_forecast_structure_only,0.070278105024929,1.6138125716725344,3.0747790056755937,6,6,6,coverage_validated_cumulative_scores_uncalibrated,,unavailable,,0,0
2026-10-09,武雄,2,028420261009,1791503400,1791503100,7,2,014904,渡辺ゆかり,追,45.52,,,,,0.0019430845873908672,0.0004216394111924827,0.009023812512825715,0.01905329090828962,position_specialists,0.0004216394111924827,False,,,S,0.0,0.0,0.0,0.0,-0.20743303083100265,-0.03157423704635027,-0.22419485969959274,-0.0492365963917331,0.0009264111117062017,,0,,,0,,cumulative_place,,,False,4.0,1.0,1.0,7,verified,winticket_line_prediction,provider_forecast_structure_only,0.04216394111924827,0.9023812512825715,1.9053290908289622,7,7,7,coverage_validated_cumulative_scores_uncalibrated,,unavailable,,0,0
2026-10-09,高知,2,027420261009,1791504000,1791503700,1,7,014447,三木翔太,両,71.61,,,,,0.3189894597086461,0.38678783332849914,0.18922873550583885,0.10206720715445222,position_specialists,0.3867878333284991,False,,0.07190790882674614,C,0.111,0.444,0.15,0.05,0.11106460470634939,0.17379144099963156,0.06595933639043539,-0.046720020749290665,0.00029748205865436496,,0,,,0,,cumulative_place,,,False,1.0,2.0,3.0,3,verified,winticket_line_prediction,provider_forecast_structure_only,38.67878333284992,18.922873550583887,10.206720715445222,1,2,6,coverage_validated_cumulative_scores_uncalibrated,,unavailable,,0,0
2026-10-09,高知,2,027420261009,1791504000,1791503700,2,3,014868,小林寛弥,逃,68.54,,,,,0.27152912768016463,0.314879924501753,0.15511504018161337,0.11069423199851391,position_specialists,0.31487992450175295,False,,,C,0.29,0.375,0.1,0.11,0.002546126379087757,0.1908515269000347,0.11809847692317119,0.17425305036221922,0.0030343169982745208,,0,,,0,,cumulative_place,,,False,1.0,1.0,3.0,3,verified,winticket_line_prediction,provider_forecast_structure_only,31.4879924501753,15.511504018161338,11.069423199851391,2,4,5,coverage_validated_cumulative_scores_uncalibrated,,unavailable,,0,0
2026-10-09,高知,2,027420261009,1791504000,1791503700,3,4,014872,玉村元気,両,71.0,,,,,0.17790075069395042,0.16263214198754242,0.21772029621317537,0.09239655185103302,position_specialists,0.1626321419875424,False,,,C,0.3329999999999999,0.5,0.15,0.17,0.19794136882206956,0.016641991122567368,-0.05390415579033518,-0.046720020749290665,0.0007139569407704758,,0,,,0,,cumulative_place,,,False,3.0,1.0,3.0,3,verified,winticket_line_prediction,provider_forecast_structure_only,16.26321419875424,21.772029621317536,9.239655185103302,3,1,7,coverage_validated_cumulative_scores_uncalibrated,,unavailable,,0,0
2026-10-09,高知,2,027420261009,1791504000,1791503700,4,2,012982,上原直樹,追,67.66,,,,,0.11272722002614051,0.08340854374653281,0.173678115350693,0.26274171421688797,position_specialists,0.0834085437465328,False,,,C,0.111,0.166,0.13,0.09,-0.11798034689559196,0.278317162466112,0.06595933639043539,-0.046720020749290665,0.0030343169982745208,,0,,,0,,cumulative_place,,,False,3.0,2.0,3.0,3,verified,winticket_line_prediction,provider_forecast_structure_only,8.340854374653281,17.3678115350693,26.2741714216888,4,3,1,coverage_validated_cumulative_scores_uncalibrated,,unavailable,,0,0
2026-10-09,高知,2,027420261009,1791504000,1791503700,5,6,014416,矢田晋,両,66.66,,,,,0.0649131921286564,0.02517392841209258,0.1039808025095697,0.14936530434382111,position_specialists,0.025173928412092577,False,,,C,0.12,0.16,0.0,0.08,-0.15231817885913182,0.04095915259594407,-0.15656738469975512,-0.046720020749290665,0.0011304318228865864,,0,,,0,,cumulative_place,,,False,3.0,3.0,3.0,3,verified,winticket_line_prediction,provider_forecast_structure_only,2.517392841209258,10.398080250956971,14.936530434382112,5,5,2,coverage_validated_cumulative_scores_uncalibrated,,unavailable,,0,0
2026-10-09,高知,2,027420261009,1791504000,1791503700,6,1,014855,東隆之,追,69.13,,,,,0.03493895057831828,0.015040965582356767,0.06580801636004684,0.1449957144843994,position_specialists,0.015040965582356765,False,,,C,0.045,0.2269999999999999,0.0,0.3,0.007362986011149514,-0.29039983305858746,-0.10550494560438708,-0.046720020749290665,0.001963381587118808,,0,,,0,,cumulative_place,,,False,2.0,1.0,1.0,3,verified,winticket_line_prediction,provider_forecast_structure_only,1.5040965582356767,6.580801636004684,14.49957144843994,6,7,3,coverage_validated_cumulative_scores_uncalibrated,,unavailable,,0,0
2026-10-09,高知,2,027420261009,1791504000,1791503700,7,5,013023,吉田英二,追,68.93,,,,,0.01900129918412374,0.012076662441223402,0.09446899387906289,0.13773927595089244,position_specialists,0.0120766624412234,False,,,C,0.068,0.275,0.0,0.27,-0.04861656016393195,-0.16809229033701675,0.06595933639043539,0.059347053384234086,0.001963381587118808,,0,,,0,,cumulative_place,,,False,1.0,3.0,3.0,3,verified,winticket_line_prediction,provider_forecast_structure_only,1.2076662441223402,9.446899387906289,13.773927595089244,7,6,4,coverage_validated_cumulative_scores_uncalibrated,,unavailable,,0,0
2026-10-09,武雄,3,038420261009,1791504600,1791504300,1,5,015482,松本一志,逃,73.45,,,,,0.5200891927640475,0.6140257491524683,0.34486191564273105,0.23347049283838725,position_specialists,0.6140257491524683,False,,0.3746289232869925,A,0.516,0.58,0.13,0.08,0.042329515680677866,0.27913641094544683,0.27118637152731545,-0.046806178686936754,0.00397826464622148,,0,,,0,,cumulative_place,,,False,2.0,1.0,3.0,3,verified,winticket_line_prediction,provider_forecast_structure_only,61.40257491524683,34.486191564273106,23.347049283838725,1,1,1,coverage_validated_cumulative_scores_uncalibrated,,unavailable,,0,0
2026-10-09,武雄,3,038420261009,1791504600,1791504300,2,4,015110,小出慎也,逃,73.8,,,,,0.24544017909731414,0.23939682586547584,0.1635990145167806,0.07604688902930885,position_specialists,0.23939682586547584,False,,,A,0.433,0.5660000000000001,0.11,0.11,0.09012090435241096,0.10828364304325341,0.23198619874639867,-0.046806178686936754,3.584022203803144e-05,,0,,,0,,cumulative_place,,,False,1.0,1.0,3.0,3,verified,winticket_line_prediction,provider_forecast_structure_only,23.939682586547583,16.35990145167806,7.604688902930885,2,3,6,coverage_validated_cumulative_scores_uncalibrated,,unavailable,,0,0
2026-10-09,武雄,3,038420261009,1791504600,1791504300,3,7,013264,山中貴雄,追,71.66,,,,,0.12161257497802479,0.07455796169795621,0.13779262830133215,0.1752894916358306,position_specialists,0.07455796169795621,False,,,A,0.2,0.4,0.21,0.1,0.03277123794633124,0.1120922949103534,0.006628363217705602,-0.046806178686936754,0.0012185675492930664,,0,,,0,,cumulative_place,,,False,1.0,2.0,3.0,3,verified,winticket_line_prediction,provider_forecast_structure_only,7.455796169795621,13.779262830133215,17.52894916358306,3,4,3,coverage_validated_cumulative_scores_uncalibrated,,unavailable,,0,0
2026-10-09,武雄,3,038420261009,1791504600,1791504300,4,2,012832,仙石淳,追,72.38,,,,,0.0834337569422902,0.06005724202353973,0.21968437908559935,0.20602741145220965,position_specialists,0.06005724202353973,False,,,A,0.095,0.428,0.13,0.15,0.004096404743291394,0.23412998626906292,-0.1274502333728549,0.17385152083719368,0.0002867217763042508,,0,,,0,,cumulative_place,,,False,2.0,2.0,3.0,3,verified,winticket_line_prediction,provider_forecast_structure_only,6.0057242023539725,21.968437908559935,20.602741145220964,4,2,2,coverage_validated_cumulative_scores_uncalibrated,,unavailable,,0,0
2026-10-09,武雄,3,038420261009,1791504600,1791504300,5,1,012597,塚本貴雄,追,69.6,,,,,0.01658470542482902,0.008120549367068849,0.05462082802951124,0.13383728105486908,position_specialists,0.008120549367068849,False,,,A,0.217,0.391,0.23,0.33,0.09012090435241096,-0.14631648535628244,-0.026891285929934533,0.06017937259749013,0.0002867217763042508,,0,,,0,,cumulative_place,,,False,1.0,3.0,3.0,3,verified,winticket_line_prediction,provider_forecast_structure_only,0.8120549367068849,5.462082802951124,13.383728105486908,5,6,5,coverage_validated_cumulative_scores_uncalibrated,,unavailable,,0,0
2026-10-09,武雄,3,038420261009,1791504600,1791504300,6,3,012319,高尾剛文,追,69.17,,,,,0.010382297998788469,0.003417052850989048,0.06628567225273267,0.14798761225778362,position_specialists,0.003417052850989048,False,,,A,0.04,0.24,0.06,0.35,0.004096404743291394,-0.14631648535628244,-0.16096988252049504,-0.046806178686936754,0.0022937742104340068,,0,,,0,,cumulative_place,,,False,2.0,3.0,3.0,3,verified,winticket_line_prediction,provider_forecast_structure_only,0.3417052850989048,6.628567225273267,14.798761225778362,6,5,4,coverage_validated_cumulative_scores_uncalibrated,,unavailable,,0,0
2026-10-09,武雄,3,038420261009,1791504600,1791504300,7,6,011431,梶應弘樹,追,62.48,,,,,0.002457292794705854,0.00042461904250204306,0.013155562171312819,0.027340821731610863,position_specialists,0.00042461904250204306,False,,,A,0.0,0.0,0.0,0.0,-0.2635353718184139,-0.19894021376686621,-0.19448953166813518,-0.046806178686936754,0.0022937742104340068,,0,,,0,,cumulative_place,,,False,3.0,1.0,1.0,3,verified,winticket_line_prediction,provider_forecast_structure_only,0.0424619042502043,1.3155562171312818,2.7340821731610863,7,7,7,coverage_validated_cumulative_scores_uncalibrated,,unavailable,,0,0
2026-10-09,高知,3,037420261009,1791505200,1791504900,1,7,014257,岡崎克政,逃,72.82,,,,,0.6246596637781462,0.8322349749038159,0.2955062745205118,0.1758543761648947,position_specialists,0.8322349749038159,False,,0.7381268255732065,S,0.41,0.647,0.11,0.17,0.06020939955042119,0.32675358590443493,0.3438190938863595,0.14894641957617966,0.004490132550669371,,0,,,0,,cumulative_place,,,False,3.0,1.0,4.0,3,verified,winticket_line_prediction,provider_forecast_structure_only,83.22349749038159,29.55062745205118,17.585437616489468,1,1,2,coverage_validated_cumulative_scores_uncalibrated,,unavailable,,0,0
2026-10-09,高知,3,037420261009,1791505200,1791504900,2,3,014272,松田直也,追,70.43,,,,,0.14491914669723002,0.09410814933060939,0.13180229097681187,0.09977083490365934,position_specialists,0.09410814933060939,False,,,S,0.29,0.291,0.0,0.0,0.12269496976295008,-0.006513420870821936,0.18457956302425096,0.10073254965556659,0.0007184212081070995,,0,,,0,,cumulative_place,,,False,1.0,1.0,2.0,3,verified,winticket_line_prediction,provider_forecast_structure_only,9.410814933060939,13.180229097681186,9.977083490365935,2,3,6,coverage_validated_cumulative_scores_uncalibrated,,unavailable,,0,0
2026-10-09,高知,3,037420261009,1791505200,1791504900,3,2,013887,沖本尚織,追,70.37,,,,,0.14811133944515803,0.05451835455877865,0.29337757570567413,0.11816609466032278,position_specialists,0.05451835455877865,False,,,S,0.2,0.3,0.17,0.24,0.13326513250584937,-0.06497869471865711,-0.07723736592377384,-0.049935793846349254,0.0015446055974302642,,0,,,0,,cumulative_place,,,False,3.0,2.0,4.0,3,verified,winticket_line_prediction,provider_forecast_structure_only,5.451835455877865,29.337757570567412,11.816609466032277,3,2,3,coverage_validated_cumulative_scores_uncalibrated,,unavailable,,0,0
2026-10-09,高知,3,037420261009,1791505200,1791504900,4,4,014373,鈴木雄一朗,両,65.93,,,,,0.040972163152012984,0.008488838339588852,0.06216087220484995,0.07286967990591327,position_specialists,0.008488838339588852,False,,,S,0.133,0.133,0.05,0.05,-0.2784100068082553,0.04142710729489648,-0.07723736592377384,-0.049935793846349254,0.0002873684832428398,,0,,,0,,cumulative_place,,,False,2.0,1.0,1.0,3,verified,winticket_line_prediction,provider_forecast_structure_only,0.8488838339588852,6.216087220484995,7.286967990591327,4,6,7,coverage_validated_cumulative_scores_uncalibrated,,unavailable,,0,0
2026-10-09,高知,3,037420261009,1791505200,1791504900,5,6,011328,川添輝彦,追,65.66,,,,,0.018588135176216172,0.005112014205693574,0.0708504125619954,0.11181224788861745,position_specialists,0.005112014205693574,False,,,S,0.0,0.1,0.12,0.04,-0.007327400472340886,0.2016349107015484,-0.1720452507849347,-0.049935793846349254,0.0015446055974302642,,0,,,0,,cumulative_place,,,False,1.0,2.0,2.0,3,verified,winticket_line_prediction,provider_forecast_structure_only,0.5112014205693574,7.085041256199539,11.181224788861744,5,5,4,coverage_validated_cumulative_scores_uncalibrated,,unavailable,,0,0
2026-10-09,高知,3,037420261009,1791505200,1791504900,6,5,011427,川口秀人,追,67.24,,,,,0.015571241239385341,0.00379130090109233,0.09297916522768794,0.31750590747275215,position_specialists,0.00379130090109233,False,,,S,0.102,0.241,0.03,0.13,-0.09248113839993491,-0.12812716881135763,-0.029833423493193414,-0.049935793846349254,0.0002873684832428398,,0,,,0,,cumulative_place,,,False,3.0,3.0,4.0,3,verified,winticket_line_prediction,provider_forecast_structure_only,0.37913009010923304,9.297916522768794,31.750590747275215,6,4,1,coverage_validated_cumulative_scores_uncalibrated,,unavailable,,0,0
2026-10-09,高知,3,037420261009,1791505200,1791504900,7,1,012509,岡嵜浩一,追,67.92,,,,,0.007178310511851264,0.0017463677604213203,0.05332340880246897,0.10402085900384038,position_specialists,0.0017463677604213203,False,,,S,0.0,0.142,0.04,0.24,0.06204904386130994,-0.12812716881135763,-0.1720452507849347,-0.049935793846349254,0.0015446055974302642,,0,,,0,,cumulative_place,,,False,3.0,4.0,4.0,3,verified,winticket_line_prediction,provider_forecast_structure_only,0.17463677604213204,5.332340880246897,10.402085900384037,7,7,5,coverage_validated_cumulative_scores_uncalibrated,,unavailable,,0,0
2026-10-09,武雄,4,048420261009,1791505800,1791505500,1,3,014829,桜井雄太,逃,75.53,,,,,0.4219064151509808,0.5598983726431126,0.23116397117380255,0.10357465366227905,position_specialists,0.5598983726431126,False,,0.18374738484856806,B,0.565,0.6659999999999999,0.17,0.1,0.14919697108488666,0.20740448691098057,0.22198480645845647,0.19595917942265423,0.0037348089459659545,,0,,,0,,cumulative_place,,0.0,False,3.0,1.0,3.0,4,verified,winticket_line_prediction,provider_forecast_structure_only,55.98983726431126,23.116397117380256,10.357465366227906,1,1,7,coverage_validated_cumulative_scores_uncalibrated,,unavailable,,0,0
2026-10-09,武雄,4,048420261009,1791505800,1791505500,2,5,013131,藤野一良,追,77.08,,,,,0.4157730275970999,0.37615098779454453,0.21834167662368104,0.13825085494100048,position_specialists,0.37615098779454453,False,,,B,0.5,0.6659999999999999,0.09,0.11,0.13427727397639797,0.2094469105659858,0.08337535574684127,-0.03265986323710904,0.000928427082613006,,0,,,0,,cumulative_place,,0.0,False,3.0,2.0,3.0,4,verified,winticket_line_prediction,provider_forecast_structure_only,37.615098779454456,21.834167662368102,13.825085494100048,2,2,3,coverage_validated_cumulative_scores_uncalibrated,,unavailable,,0,0
2026-10-09,武雄,4,048420261009,1791505800,1791505500,3,2,016005,清家大夢,逃,68.82,,,,,0.05754889536037681,0.02458632853592503,0.12588669203412992,0.10635101595567333,position_specialists,0.02458632853592503,False,,,B,0.294,0.47,0.17,0.17,0.029839394216977306,-0.04550203686691234,0.010665289917561077,-0.03265986323710904,0.00010550307756965935,,0,,,0,,cumulative_place,,0.0,False,1.0,1.0,2.0,4,verified,winticket_line_prediction,provider_forecast_structure_only,2.458632853592503,12.58866920341299,10.635101595567333,3,4,6,coverage_validated_cumulative_scores_uncalibrated,,unavailable,,0,0
2026-10-09,武雄,4,048420261009,1791505800,1791505500,4,1,014686,秋永昂人,追,70.57,,,,,0.04949724693011016,0.019820667638959323,0.15000609734166023,0.1767147487711353,position_specialists,0.019820667638959323,False,,,B,0.23,0.346,0.27,0.27,-0.02983939421697737,0.00937253347007046,-0.05417256229318698,-0.03265986323710904,0.0014348418549473719,,0,,,0,,cumulative_place,,0.0,False,2.0,1.0,1.0,4,verified,winticket_line_prediction,provider_forecast_structure_only,1.9820667638959324,15.000609734166023,17.67147487711353,4,3,2,coverage_validated_cumulative_scores_uncalibrated,,unavailable,,0,0
2026-10-09,武雄,4,048420261009,1791505800,1791505500,5,6,015571,吉田悟,逃,66.88,,,,,0.03758888236085361,0.014891287707085,0.1154326478630793,0.13267039033190883,position_specialists,0.014891287707085,False,,,B,0.2769999999999999,0.444,0.12,0.0,-0.02983939421697737,0.1273955778997538,-0.053111029621600005,-0.03265986323710904,0.001223835699808053,,0,,,0,,cumulative_place,,0.0,False,4.0,1.0,1.0,4,verified,winticket_line_prediction,provider_forecast_structure_only,1.4891287707085,11.54326478630793,13.267039033190883,5,5,4,coverage_validated_cumulative_scores_uncalibrated,,unavailable,,0,0
2026-10-09,武雄,4,048420261009,1791505800,1791505500,6,7,013505,住村実,追,68.0,,,,,0.012069135307090096,0.0032726627565806696,0.06336961066603365,0.10654800518666502,position_specialists,0.0032726627565806696,False,,,B,0.23,0.307,0.19,0.0,-0.20887575951884146,-0.07718048304895953,-0.06682167293386049,-0.03265986323710904,0.0018779547807399426,,0,,,0,,cumulative_place,,0.0,False,1.0,2.0,2.0,4,verified,winticket_line_prediction,provider_forecast_structure_only,0.327266275658067,6.336961066603365,10.654800518666502,6,7,5,coverage_validated_cumulative_scores_uncalibrated,,unavailable,,0,0
2026-10-09,武雄,4,048420261009,1791505800,1791505500,7,4,011715,黒木誠一,両,68.13,,,,,0.005616397293488619,0.0013796929237928565,0.0957993042976133,0.235890331151338,position_specialists,0.0013796929237928565,False,,,B,0.2,0.4,0.0,0.31,-0.04475909132546613,-0.24149156665281724,-0.14192018727421135,-0.03265986323710904,0.002468772015130037,,0,,,0,,cumulative_place,,1.0,False,3.0,3.0,3.0,4,verified,winticket_line_prediction,provider_forecast_structure_only,0.13796929237928565,9.57993042976133,23.5890331151338,7,6,1,coverage_validated_cumulative_scores_uncalibrated,,unavailable,,0,0
2026-10-09,高知,4,047420261009,1791506400,1791506100,1,7,015886,中川飛隆,逃,73.53,,,,,0.32620884684118984,0.3822621824411584,0.1475437063109773,0.16846996598026925,position_specialists,0.3822621824411584,False,,0.05572603289367484,C,0.375,0.437,0.19,0.19,0.14260590716322172,0.36211396992453837,0.04379375742938941,0.1220149309965372,0.0010694600062113712,,0,,,0,,cumulative_place,,,False,1.0,1.0,3.0,3,verified,winticket_line_prediction,provider_forecast_structure_only,38.22621824411584,14.75437063109773,16.846996598026923,1,4,2,coverage_validated_cumulative_scores_uncalibrated,,unavailable,,0,0
2026-10-09,高知,4,047420261009,1791506400,1791506100,2,5,014430,橋本祐司,追,72.8,,,,,0.3221396210459492,0.32653614954748356,0.22080173436289138,0.22352642363963832,position_specialists,0.32653614954748356,False,,,C,0.38,0.476,0.21,0.06,0.15420751760058024,0.1122830407995252,0.14801401465566585,0.1220149309965372,0.0009030995608007135,,0,,,0,,cumulative_place,,,False,1.0,2.0,3.0,3,verified,winticket_line_prediction,provider_forecast_structure_only,32.653614954748356,22.080173436289137,22.352642363963827,2,2,1,coverage_validated_cumulative_scores_uncalibrated,,unavailable,,0,0
2026-10-09,高知,4,047420261009,1791506400,1791506100,3,1,015732,宮道良輔,逃,73.25,,,,,0.2281806487469564,0.2472285703827579,0.2874143258627216,0.13555936918248437,position_specialists,0.2472285703827579,False,,,C,0.444,0.555,0.09,0.03,0.1149402336952352,0.10502751101928097,0.2829047111752988,-0.011588010206375048,0.003897587578192552,,0,,,0,,cumulative_place,,,False,2.0,1.0,3.0,3,verified,winticket_line_prediction,provider_forecast_structure_only,24.722857038275787,28.741432586272158,13.555936918248435,3,1,5,coverage_validated_cumulative_scores_uncalibrated,,unavailable,,0,0
2026-10-09,高知,4,047420261009,1791506400,1791506100,4,4,013063,赤松秀展,追,72.66,,,,,0.0737707205033467,0.027678812493218644,0.17609872908591265,0.16191937671957266,position_specialists,0.027678812493218644,False,,,C,0.0,0.444,0.21,0.14,-0.08714728052605328,0.06691484216918568,-0.2230359129558185,-0.06884641357905172,0.0002614235570738904,,0,,,0,,cumulative_place,,,False,2.0,2.0,3.0,3,verified,winticket_line_prediction,provider_forecast_structure_only,2.7678812493218645,17.609872908591264,16.191937671957263,4,3,4,coverage_validated_cumulative_scores_uncalibrated,,unavailable,,0,0
2026-10-09,高知,4,047420261009,1791506400,1791506100,5,2,014503,真船拓磨,追,69.3,,,,,0.023115480113302892,0.010204602663647398,0.07819254625549692,0.1664912061949753,position_specialists,0.010204602663647398,False,,,C,0.25,0.3,0.14,0.14,0.07279740244260849,-0.08697002918419397,0.008870291801359217,-0.06884641357905172,0.0014259466749484942,,0,,,0,,cumulative_place,,,False,1.0,3.0,3.0,3,verified,winticket_line_prediction,provider_forecast_structure_only,1.0204602663647397,7.819254625549692,16.649120619497527,5,5,3,coverage_validated_cumulative_scores_uncalibrated,,unavailable,,0,0
2026-10-09,高知,4,047420261009,1791506400,1791506100,6,3,014275,喜納隆志,追,68.68,,,,,0.011297222409247914,0.0032043572596295446,0.06782725938819868,0.0986348949090408,position_specialists,0.0032043572596295446,False,,,C,0.13,0.26,0.04,0.21,-0.20921274273889529,-0.13233822781453353,-0.08389219010151187,-0.025902611049544215,0.002091388456591125,,0,,,0,,cumulative_place,,,False,2.0,3.0,3.0,3,verified,winticket_line_prediction,provider_forecast_structure_only,0.32043572596295444,6.782725938819868,9.863489490904078,6,6,6,coverage_validated_cumulative_scores_uncalibrated,,unavailable,,0,0
2026-10-09,高知,4,047420261009,1791506400,1791506100,7,6,014463,久保将史,両,64.4,,,,,0.015287460340007131,0.002885325212104583,0.022121698733801567,0.045398763374019324,position_specialists,0.002885325212104583,False,,,C,0.05,0.1,0.02,0.02,-0.1881910376366976,-0.1849619562251173,-0.17665467200438295,-0.06884641357905172,0.002091388456591125,,0,,,0,,cumulative_place,,,False,3.0,1.0,1.0,3,verified,winticket_line_prediction,provider_forecast_structure_only,0.2885325212104583,2.2121698733801565,4.539876337401932,7,7,7,coverage_validated_cumulative_scores_uncalibrated,,unavailable,,0,0
2026-10-09,武雄,5,058420261009,1791507000,1791506700,1,5,015988,鴨下佳朋,逃,75.71,,,,,0.69425638897609,0.8730912473185652,0.22549204676583356,0.23817639446128697,position_specialists,0.8730912473185655,False,,0.8124314481644496,S,0.523,0.619,0.3,0.1,0.18762052054901204,0.3075640289954618,0.3117668565927136,0.19595917942265423,0.00419988507312904,,0,,,0,,cumulative_place,,,False,2.0,1.0,3.0,3,verified,winticket_line_prediction,provider_forecast_structure_only,87.30912473185653,22.549204676583358,23.817639446128698,1,2,1,coverage_validated_cumulative_scores_uncalibrated,,unavailable,,0,0
2026-10-09,武雄,5,058420261009,1791507000,1791506700,2,1,014842,川本琢也,両,72.19,,,,,0.11801147253122693,0.06065979915411587,0.16914297515728116,0.11537553350597508,position_specialists,0.06065979915411589,False,,,S,0.237,0.5710000000000001,0.23,0.19,0.10619623034519277,0.22570265002750503,-0.001489323187072858,-0.032659863237109045,0.00047120661796081886,,0,,,0,,cumulative_place,,,False,1.0,1.0,3.0,3,verified,winticket_line_prediction,provider_forecast_structure_only,6.065979915411587,16.914297515728116,11.53755335059751,2,3,5,coverage_validated_cumulative_scores_uncalibrated,,unavailable,,0,0
2026-10-09,武雄,5,058420261009,1791507000,1791506700,3,2,015270,元砂海人,両,71.92,,,,,0.11451814790787021,0.0445025125171858,0.2834738418921213,0.15716162669980824,position_specialists,0.04450251251718581,False,,,S,0.152,0.384,0.18,0.09,0.011201225107403668,0.0982313447085838,-0.015460690198208893,-0.032659863237109045,0.0008194897703666424,,0,,,0,,cumulative_place,,,False,2.0,2.0,3.0,3,verified,winticket_line_prediction,provider_forecast_structure_only,4.45025125171858,28.347384189212132,15.716162669980823,3,1,4,coverage_validated_cumulative_scores_uncalibrated,,unavailable,,0,0
2026-10-09,武雄,5,058420261009,1791507000,1791506700,4,7,013735,井上剛,追,71.27,,,,,0.04525285215403987,0.01461943073320007,0.10584738262763613,0.16617093105370861,position_specialists,0.014619430733200073,False,,,S,0.111,0.3879999999999999,0.15,0.21,-0.04308163502847589,-2.310052964412211e-06,-0.015460690198208893,-0.032659863237109045,0.0012497218998091296,,0,,,0,,cumulative_place,,,False,1.0,2.0,3.0,3,verified,winticket_line_prediction,provider_forecast_structure_only,1.461943073320007,10.584738262763613,16.617093105370863,4,5,3,coverage_validated_cumulative_scores_uncalibrated,,unavailable,,0,0
2026-10-09,武雄,5,058420261009,1791507000,1791506700,5,4,014765,樫村伸平,追,69.62,,,,,0.016059195907404848,0.0049691557957599565,0.11198275240490096,0.17263967865580804,position_specialists,0.004969155795759957,False,,,S,0.175,0.235,0.02,0.0,-0.05363663561045242,-0.11226761152643905,0.10102635100908919,-0.032659863237109045,0.0010448494572174686,,0,,,0,,cumulative_place,,,False,2.0,3.0,3.0,3,verified,winticket_line_prediction,provider_forecast_structure_only,0.49691557957599564,11.198275240490096,17.263967865580803,5,4,2,coverage_validated_cumulative_scores_uncalibrated,,unavailable,,0,0
2026-10-09,武雄,5,058420261009,1791507000,1791506700,6,3,012754,小野祐作,追,67.5,,,,,0.007614753158166685,0.0016004267372508568,0.07373494198438484,0.10650062935265518,position_specialists,0.0016004267372508572,False,,,S,0.05,0.2,0.05,0.11,-0.01594020496053611,-0.11226761152643905,-0.131947731405507,-0.032659863237109045,0.0015365433194374542,,0,,,0,,cumulative_place,,,False,1.0,3.0,3.0,3,verified,winticket_line_prediction,provider_forecast_structure_only,0.16004267372508568,7.373494198438483,10.650062935265519,6,6,6,coverage_validated_cumulative_scores_uncalibrated,,unavailable,,0,0
2026-10-09,武雄,5,058420261009,1791507000,1791506700,7,6,013513,南和夫,追,65.65,,,,,0.004287189365201392,0.0005574277439220465,0.03032605916784209,0.043975206270757905,position_specialists,0.0005574277439220466,False,,,S,0.0,0.172,0.06,0.2,-0.1923595004021445,-0.16489133993702285,-0.24843477261280508,-0.032659863237109045,0.002110186158694104,,0,,,0,,cumulative_place,,,False,3.0,1.0,1.0,3,verified,winticket_line_prediction,provider_forecast_structure_only,0.055742774392204646,3.0326059167842088,4.3975206270757905,7,7,7,coverage_validated_cumulative_scores_uncalibrated,,unavailable,,0,0
2026-10-09,高知,5,057420261009,1791507600,1791507300,1,1,015970,田沼龍弥,逃,76.38,,,,,0.436030777471161,0.6660752716230174,0.44597823910946005,0.3564941355100643,position_specialists,0.6660752716230174,False,,0.5229235846133377,S,0.523,0.7140000000000001,0.22,0.22,0.278291221583423,0.23791004000811594,0.19399354416222628,0.14111928108376565,0.0040718927884743,,0,,,0,,cumulative_place,,,False,1.0,1.0,3.0,3,verified,winticket_line_prediction,provider_forecast_structure_only,66.60752716230174,44.597823910946005,35.64941355100643,1,1,1,coverage_validated_cumulative_scores_uncalibrated,,unavailable,,0,0
2026-10-09,高知,5,057420261009,1791507600,1791507300,2,5,014739,里見恒平,逃,78.33,,,,,0.243322521350962,0.14315168700967976,0.17784625493131923,0.15198093088138162,position_specialists,0.14315168700967976,False,,,S,0.57,0.7140000000000001,0.31,0.1,0.024782072832526647,-0.06202425711439599,-0.10656462300671295,0.10160588238031128,0.0009161758774067172,,0,,,0,,cumulative_place,,,False,1.0,2.0,3.0,3,verified,winticket_line_prediction,provider_forecast_structure_only,14.315168700967975,17.784625493131923,15.198093088138162,2,2,3,coverage_validated_cumulative_scores_uncalibrated,,unavailable,,0,0
2026-10-09,高知,5,057420261009,1791507600,1791507300,3,4,015848,與古田龍門,逃,73.83,,,,,0.17694098456599086,0.12078103878957477,0.12972437953773583,0.0991442904393085,position_specialists,0.12078103878957477,False,,,S,0.444,0.5,0.17,0.19,-9.432012521642247e-05,0.2947742376747443,0.00208040606168379,-0.06773725492020752,0.0008143785576948603,,0,,,0,,cumulative_place,,,False,3.0,1.0,3.0,3,verified,winticket_line_prediction,provider_forecast_structure_only,12.078103878957478,12.972437953773582,9.91442904393085,3,4,4,coverage_validated_cumulative_scores_uncalibrated,,unavailable,,0,0
2026-10-09,高知,5,057420261009,1791507600,1791507300,4,7,014266,宮本龍一,追,73.0,,,,,0.10109722547144075,0.049924534441681344,0.14007165379605296,0.18740147653685998,position_specialists,0.049924534441681344,False,,,S,0.428,0.428,0.27,0.06,-0.11496790363440089,0.0971954963521634,0.005685098596505289,-0.01693431373005188,0.0011197705168304328,,0,,,0,,cumulative_place,,,False,3.0,2.0,3.0,3,verified,winticket_line_prediction,provider_forecast_structure_only,4.9924534441681345,14.007165379605297,18.740147653685998,4,3,2,coverage_validated_cumulative_scores_uncalibrated,,unavailable,,0,0
2026-10-09,高知,5,057420261009,1791507600,1791507300,5,3,013061,小磯知也,追,69.96,,,,,0.030061363089526477,0.016630109990093483,0.04372111027500563,0.05962734958913559,position_specialists,0.016630109990093483,False,,,S,0.3329999999999999,0.444,0.0,0.0,0.09885045750662814,-0.09818658288440062,0.17405968100133265,-0.022579084973402504,0.0006107839182711449,,0,,,0,,cumulative_place,,,False,2.0,1.0,1.0,3,verified,winticket_line_prediction,provider_forecast_structure_only,1.6630109990093485,4.372111027500563,5.962734958913559,5,5,7,coverage_validated_cumulative_scores_uncalibrated,,unavailable,,0,0
2026-10-09,高知,5,057420261009,1791507600,1791507300,6,2,013145,瓦田勝也,追,71.2,,,,,0.007637160950384651,0.002376830766620282,0.03741048463625878,0.07348537172187222,position_specialists,0.002376830766620282,False,,,S,0.166,0.4,0.07,0.21,-0.14767029527429196,-0.12517273120709654,-0.05043976220510383,-0.06773725492020752,0.00203594639423715,,0,,,0,,cumulative_place,,,False,3.0,3.0,3.0,3,verified,winticket_line_prediction,provider_forecast_structure_only,0.2376830766620282,3.7410484636258783,7.348537172187222,6,6,5,coverage_validated_cumulative_scores_uncalibrated,,unavailable,,0,0
2026-10-09,高知,5,057420261009,1791507600,1791507300,7,6,011142,小林宏年,追,67.38,,,,,0.00490996710053422,0.0010605273793329675,0.025247877714167574,0.07186644532137772,position_specialists,0.0010605273793329675,False,,,S,0.073,0.259,0.0,0.22,-0.13919123288866828,-0.10242705214044519,-0.21881434460993118,-0.06773725492020752,0.00203594639423715,,0,,,0,,cumulative_place,,,False,1.0,3.0,3.0,3,verified,winticket_line_prediction,provider_forecast_structure_only,0.10605273793329675,2.5247877714167575,7.186644532137771,7,7,6,coverage_validated_cumulative_scores_uncalibrated,,unavailable,,0,0
2026-10-09,武雄,6,068420261009,1791508200,1791507900,1,7,016008,久保田智之,逃,77.8,,,,,0.7507011895633378,0.8496309547216502,0.3069254010540064,0.3795327634640912,position_specialists,0.8496309547216502,False,,0.7553497734597115,S,0.59,0.6809999999999999,0.18,0.09,0.1704085613323576,0.38503432223865974,0.09796776044278703,0.0,0.004303771704990985,,0,,,0,,cumulative_place,,0.0,False,1.0,1.0,3.0,3,verified,winticket_line_prediction,provider_forecast_structure_only,84.96309547216502,30.69254010540064,37.95327634640912,1,1,1,coverage_validated_cumulative_scores_uncalibrated,,unavailable,,0,0
2026-10-09,武雄,6,068420261009,1791508200,1791507900,2,5,015215,照屋将貴,追,74.68,,,,,0.1389407459780861,0.09428118126193859,0.3011903461045808,0.054908502869386366,position_specialists,0.09428118126193859,False,,,S,0.4,0.55,0.15,0.09,0.059834466759956996,0.10618352099521168,0.1236978008686352,0.0,0.0009948417006511823,,0,,,0,,cumulative_place,,0.0,False,1.0,2.0,3.0,3,verified,winticket_line_prediction,provider_forecast_structure_only,9.428118126193858,30.11903461045808,5.490850286938636,2,2,5,coverage_validated_cumulative_scores_uncalibrated,,unavailable,,0,0
2026-10-09,武雄,6,068420261009,1791508200,1791507900,3,4,015283,安本昇平,逃,71.5,,,,,0.07963727235823768,0.04564704473661528,0.13629037751616452,0.1297270791034991,position_specialists,0.04564704473661528,False,,,S,0.3329999999999999,0.5,0.31,0.05,0.07993884759130258,0.023314888581703747,0.13217292682423923,0.0,6.488098047725139e-05,,0,,,0,,cumulative_place,,0.0,False,3.0,2.0,3.0,3,verified,winticket_line_prediction,provider_forecast_structure_only,4.564704473661528,13.629037751616451,12.972707910349909,3,3,3,coverage_validated_cumulative_scores_uncalibrated,,unavailable,,0,0
2026-10-09,武雄,6,068420261009,1791508200,1791507900,4,3,015549,阿部龍也,逃,69.09,,,,,0.019780899382233506,0.007157232365294171,0.10632883397582552,0.12168216367765945,position_specialists,0.007157232365294171,False,,,S,0.284,0.428,0.14,0.12,-0.11105277030648031,0.07723654470277305,-0.04610938080248154,0.0,0.0011246036616056848,,0,,,0,,cumulative_place,,0.0,False,3.0,1.0,3.0,3,verified,winticket_line_prediction,provider_forecast_structure_only,0.7157232365294172,10.632883397582551,12.168216367765945,4,4,4,coverage_validated_cumulative_scores_uncalibrated,,unavailable,,0,0
2026-10-09,武雄,6,068420261009,1791508200,1791507900,5,1,013972,富永昌久,追,68.92,,,,,0.005556876780201869,0.0018660213500784743,0.08359196997854536,0.23039662360122426,position_specialists,0.0018660213500784743,False,,,S,0.147,0.3329999999999999,0.11,0.27,0.012924244820150718,-0.09902546580635964,-0.046007826616136185,0.0,0.0012976196095450207,,0,,,0,,cumulative_place,,1.0,False,1.0,3.0,3.0,3,verified,winticket_line_prediction,provider_forecast_structure_only,0.18660213500784742,8.359196997854536,23.039662360122428,5,5,2,coverage_validated_cumulative_scores_uncalibrated,,unavailable,,0,0
2026-10-09,武雄,6,068420261009,1791508200,1791507900,6,2,012671,滝川秀嗣,追,68.13,,,,,0.0036623666968877274,0.0010943236706340814,0.04120955981589399,0.05095794936092965,position_specialists,0.0010943236706340814,False,,,S,0.166,0.3329999999999999,0.0,0.16,-0.020583056565425237,-0.15164919421694342,-0.046007826616136185,0.0,0.002054564381779616,,0,,,0,,cumulative_place,,0.0,False,2.0,1.0,1.0,3,verified,winticket_line_prediction,provider_forecast_structure_only,0.10943236706340814,4.1209559815893995,5.095794936092965,6,6,6,coverage_validated_cumulative_scores_uncalibrated,,unavailable,,0,0
2026-10-09,武雄,6,068420261009,1791508200,1791507900,7,6,012906,太田良政,追,65.13,,,,,0.0017206492410153649,0.00032324189378922367,0.024463511554983407,0.03279491792320988,position_specialists,0.00032324189378922367,False,,,S,0.0,0.0,0.0,0.09,-0.19147029363186255,-0.09902546580635964,-0.2157134541009076,0.0,0.0011462306550981015,,0,,,0,,cumulative_place,,0.0,False,3.0,3.0,3.0,3,verified,winticket_line_prediction,provider_forecast_structure_only,0.03232418937892237,2.446351155498341,3.2794917923209885,7,7,7,coverage_validated_cumulative_scores_uncalibrated,,unavailable,,0,0
2026-10-09,高知,6,067420261009,1791508800,1791508500,1,4,016014,森田瑞基,逃,76.88,,,,,0.4616033540407546,0.5324118942722128,0.2532527700145133,0.14191719061005775,position_specialists,0.5324118942722129,False,,0.16061943633652775,B,0.555,0.833,0.36,0.26,0.16291454691852494,0.2100587007171593,0.11225306006320696,-0.05007779495730166,0.0030328143828530336,,0,,,0,,cumulative_place,,,False,1.0,1.0,3.0,3,verified,winticket_line_prediction,provider_forecast_structure_only,53.24118942722128,25.32527700145133,14.191719061005776,1,2,3,coverage_validated_cumulative_scores_uncalibrated,,unavailable,,0,0
2026-10-09,高知,6,067420261009,1791508800,1791508500,2,1,014787,瀬口匠,両,74.44,,,,,0.3328759138816046,0.3717924579356851,0.28327781555449566,0.0699757086269361,position_specialists,0.37179245793568516,False,,,B,0.518,0.555,0.33,0.0,0.1861974725105951,0.13214901539834548,0.24140704386283746,-0.05007779495730166,0.001213125753141214,,0,,,0,,cumulative_place,,,False,1.0,2.0,3.0,3,verified,winticket_line_prediction,provider_forecast_structure_only,37.17924579356851,28.327781555449565,6.9975708626936095,2,1,7,coverage_validated_cumulative_scores_uncalibrated,,unavailable,,0,0
2026-10-09,高知,6,067420261009,1791508800,1791508500,3,2,014183,隅田幸助,両,70.14,,,,,0.11247865038556619,0.04730755734958921,0.16402891278239234,0.16151306956199746,position_specialists,0.047307557349589226,False,,,B,0.356,0.357,0.09,0.18,-0.08132540900733051,0.03891086273448996,-0.061114480478603836,-0.05007779495730166,0.00021408101526021464,,0,,,0,,cumulative_place,,,False,2.0,2.0,2.0,3,verified,winticket_line_prediction,provider_forecast_structure_only,4.7307557349589215,16.402891278239235,16.151306956199747,3,3,2,coverage_validated_cumulative_scores_uncalibrated,,unavailable,,0,0
2026-10-09,高知,6,067420261009,1791508800,1791508500,4,6,012299,増成富夫,逃,67.88,,,,,0.046875856924342554,0.032424240027375845,0.09407540455018451,0.10598675231650724,position_specialists,0.03242424002737585,False,,,B,0.2689999999999999,0.384,0.15,0.04,-0.04663178341010624,0.2846492228482436,0.026053557891157184,0.14656915597259024,0.0025332920139125342,,0,,,0,,cumulative_place,,,False,2.0,1.0,2.0,3,verified,winticket_line_prediction,provider_forecast_structure_only,3.2424240027375846,9.40754045501845,10.598675231650724,4,5,4,coverage_validated_cumulative_scores_uncalibrated,,unavailable,,0,0
2026-10-09,高知,6,067420261009,1791508800,1791508500,5,5,012883,大沼孝行,逃,68.57,,,,,0.021698874623349625,0.00804489144656465,0.0645357931555191,0.10160252924034842,position_specialists,0.008044891446564652,False,,,B,0.19,0.285,0.2,0.06,-0.13976348577838682,-0.032360496208864914,-0.11820954670791856,0.10381981881391805,0.00021408101526021464,,0,,,0,,cumulative_place,,,False,3.0,1.0,2.0,3,verified,winticket_line_prediction,provider_forecast_structure_only,0.804489144656465,6.45357931555191,10.160252924034841,5,6,5,coverage_validated_cumulative_scores_uncalibrated,,unavailable,,0,0
2026-10-09,高知,6,067420261009,1791508800,1791508500,6,7,012507,爲田学,追,69.79,,,,,0.015157367342389568,0.004815777806688072,0.09741461778410404,0.32253895006616573,position_specialists,0.0048157778066880725,False,,,B,0.208,0.375,0.09,0.22,-0.1568795357861179,-0.13612339455483713,-0.06513389472789297,-0.05007779495730166,0.0007136033842007141,,0,,,0,,cumulative_place,,,False,1.0,3.0,3.0,3,verified,winticket_line_prediction,provider_forecast_structure_only,0.4815777806688072,9.741461778410404,32.253895006616574,6,4,1,coverage_validated_cumulative_scores_uncalibrated,,unavailable,,0,0
2026-10-09,高知,6,067420261009,1791508800,1791508500,7,3,013029,藤田晃英,追,68.5,,,,,0.00930998280199295,0.003203181161884162,0.04341468615879106,0.09646579957798734,position_specialists,0.003203181161884163,False,,,B,0.1,0.3,0.15,0.15,0.0754881945528215,-0.1289178120604499,-0.13525573990278628,-0.05007779495730166,0.003211215228903213,,0,,,0,,cumulative_place,,,False,3.0,2.0,2.0,3,verified,winticket_line_prediction,provider_forecast_structure_only,0.3203181161884162,4.341468615879106,9.646579957798734,7,7,6,coverage_validated_cumulative_scores_uncalibrated,,unavailable,,0,0
2026-10-09,武雄,7,078420261009,1791509400,1791509100,1,3,016023,滿田光紀,逃,79.5,,,,,0.8336604700906766,0.857533350861659,0.4666220203194322,0.5056860141835731,position_specialists,0.857533350861659,False,,0.7310656863579292,S,0.6659999999999999,0.857,0.11,0.17,0.1511100766685067,0.382041422838011,0.15690641815615786,-0.047067872433164175,0.004463456868955432,,0,,,0,,cumulative_place,,0.0,False,2.0,1.0,3.0,3,verified,winticket_line_prediction,provider_forecast_structure_only,85.7533350861659,46.662202031943224,50.56860141835729,1,1,1,coverage_validated_cumulative_scores_uncalibrated,,unavailable,,0,0
2026-10-09,武雄,7,078420261009,1791509400,1791509100,2,2,014265,松永真太,追,77.62,,,,,0.13592880243211586,0.12646766450372976,0.2754235904695849,0.13107047180885906,position_specialists,0.12646766450372976,False,,,S,0.555,0.74,0.11,0.12,0.095110460020766,0.1743502962072005,0.16728127401121728,-0.047067872433164175,0.0010633529599570288,,0,,,0,,cumulative_place,,0.0,False,2.0,2.0,3.0,3,verified,winticket_line_prediction,provider_forecast_structure_only,12.646766450372976,27.542359046958495,13.107047180885901,2,2,3,coverage_validated_cumulative_scores_uncalibrated,,unavailable,,0,0
2026-10-09,武雄,7,078420261009,1791509400,1791509100,3,4,015923,右近陸人,逃,69.59,,,,,0.01380709059769777,0.008506131608412402,0.08686833036746554,0.07648121735644428,position_specialists,0.008506131608412402,False,,,S,0.304,0.347,0.25,0.13,-0.008888828039323931,0.003401633686892028,0.04395946869032951,0.17258219892160198,0.00040696224393417204,,0,,,0,,cumulative_place,,0.0,False,1.0,1.0,3.0,3,verified,winticket_line_prediction,provider_forecast_structure_only,0.8506131608412402,8.686833036746556,7.648121735644426,3,4,5,coverage_validated_cumulative_scores_uncalibrated,,unavailable,,0,0
2026-10-09,武雄,7,078420261009,1791509400,1791509100,4,7,014652,原清孝,両,70.37,,,,,0.009607274231015395,0.004911256717601499,0.08946892604946825,0.157479645958747,position_specialists,0.004911256717601499,False,,,S,0.4579999999999999,0.541,0.0,0.17,0.07911056954998291,-0.08600640140170784,0.07507929561987739,-0.047067872433164175,0.0010502251456365726,,0,,,0,,cumulative_place,,0.0,False,2.0,3.0,3.0,3,verified,winticket_line_prediction,provider_forecast_structure_only,0.49112567176014993,8.946892604946827,15.747964595874697,4,3,2,coverage_validated_cumulative_scores_uncalibrated,,unavailable,,0,0
2026-10-09,武雄,7,078420261009,1791509400,1791509100,5,1,013588,齋藤仁,追,69.27,,,,,0.004591771689130304,0.0020019091378959616,0.04983358123426109,0.08304814156759446,position_specialists,0.0020019091378959616,False,,,S,0.1369999999999999,0.413,0.2,0.11,-0.016888773274715507,-0.007081269427710682,-0.0862741665649674,0.0627571632442189,0.0014178039466093727,,0,,,0,,cumulative_place,,0.0,False,1.0,2.0,3.0,3,verified,winticket_line_prediction,provider_forecast_structure_only,0.20019091378959616,4.98335812342611,8.304814156759445,5,5,4,coverage_validated_cumulative_scores_uncalibrated,,unavailable,,0,0
2026-10-09,武雄,7,078420261009,1791509400,1791509100,6,5,013591,山本宏明,追,65.88,,,,,0.0012973697157759576,0.0003470516969247259,0.020244061525010498,0.033815598124582624,position_specialists,0.0003470516969247259,False,,,S,0.0,0.0,0.0,0.21,-0.09866599123649561,-0.08600640140170784,-0.1784761449563073,-0.047067872433164175,0.0010502251456365726,,0,,,0,,cumulative_place,,1.0,False,1.0,3.0,3.0,3,verified,winticket_line_prediction,provider_forecast_structure_only,0.03470516969247259,2.0244061525010504,3.3815598124582618,6,6,6,coverage_validated_cumulative_scores_uncalibrated,,unavailable,,0,0
2026-10-09,武雄,7,078420261009,1791509400,1791509100,7,6,011382,清水広幸,追,62.69,,,,,0.0011072212435881505,0.00023263547377663308,0.011539490034777543,0.012418911000199545,position_specialists,0.00023263547377663308,False,,,S,0.0,0.0,0.0,0.0,-0.20088751368872076,-0.13863012981229167,-0.1784761449563073,-0.047067872433164175,0.0016015933470957728,,0,,,0,,cumulative_place,,0.0,False,3.0,1.0,1.0,3,verified,winticket_line_prediction,provider_forecast_structure_only,0.023263547377663306,1.1539490034777546,1.2418911000199542,7,7,7,coverage_validated_cumulative_scores_uncalibrated,,unavailable,,0,0
2026-10-09,高知,7,077420261009,1791510000,1791509700,1,2,016019,沢田桂太郎,逃,81.33,,,,,0.3671099573359546,0.3255307640866354,0.2928856507707796,0.1558424391583949,position_specialists,0.32553076408663534,False,,0.022416165279641576,C,0.916,1.0,0.0,1.0,0.14662297595741527,-0.20551371082781503,0.02454271853908574,0.03794248202427377,0.001807339717185583,,0,,,0,,cumulative_place,,,False,2.0,1.0,1.0,4,verified,winticket_line_prediction,provider_forecast_structure_only,32.55307640866354,29.288565077077962,15.58424391583949,1,1,4,coverage_validated_cumulative_scores_uncalibrated,,unavailable,,0,0
2026-10-09,高知,7,077420261009,1791510000,1791509700,2,5,015959,中野楚樂,逃,80.88,,,,,0.20757831101692942,0.3031145988069938,0.19349922498822908,0.19490849571565122,position_specialists,0.30311459880699376,False,,,C,0.888,0.944,0.12,0.06,0.15867717496370448,0.27201998021484564,-0.03655776531018717,0.1815086302242287,0.003101230651079807,,0,,,0,,cumulative_place,,,False,4.0,1.0,2.0,4,verified,winticket_line_prediction,provider_forecast_structure_only,30.31145988069938,19.34992249882291,19.49084957156512,2,3,3,coverage_validated_cumulative_scores_uncalibrated,,unavailable,,0,0
2026-10-09,高知,7,077420261009,1791510000,1791509700,3,1,016004,松本悠平,逃,80.88,,,,,0.2304339070373895,0.2553943158215372,0.2531015938784035,0.21941994017085273,position_specialists,0.25539431582153715,False,,,C,0.888,0.944,0.17,0.05,0.10873436454184608,0.24644064583521846,-0.0312864059804573,-0.03384059207570368,0.001160394250238471,,0,,,0,,cumulative_place,,,False,1.0,1.0,2.0,4,verified,winticket_line_prediction,provider_forecast_structure_only,25.53943158215372,25.310159387840347,21.94199401708527,3,2,2,coverage_validated_cumulative_scores_uncalibrated,,unavailable,,0,0
2026-10-09,高知,7,077420261009,1791510000,1791509700,4,7,014487,才迫勇馬,逃,78.91,,,,,0.11863221178309102,0.06861924273247569,0.12449877978025317,0.2396262697753333,position_specialists,0.06861924273247567,False,,,C,0.75,0.7909999999999999,0.16,0.33,-0.07380463494919373,-0.0897415083245307,-0.0470709312349009,-0.03384059207570368,0.0015711532768715574,,0,,,0,,cumulative_place,,,False,1.0,2.0,2.0,4,verified,winticket_line_prediction,provider_forecast_structure_only,6.861924273247569,12.449877978025317,23.96262697753333,4,4,1,coverage_validated_cumulative_scores_uncalibrated,,unavailable,,0,0
2026-10-09,高知,7,077420261009,1791510000,1791509700,5,3,015964,柳沼鼓太朗,逃,77.9,,,,,0.0502735290725737,0.03284184803153222,0.06270990619226424,0.061786771039769775,position_specialists,0.032841848031532214,False,,,C,0.65,0.7,0.36,0.05,0.0002465734852430913,0.04180597079820112,-0.04919720660764046,-0.03384059207570368,0.00022591746464819816,,0,,,0,,cumulative_place,,,False,3.0,1.0,2.0,4,verified,winticket_line_prediction,provider_forecast_structure_only,3.284184803153222,6.270990619226424,6.178677103976978,5,5,6,coverage_validated_cumulative_scores_uncalibrated,,unavailable,,0,0
2026-10-09,高知,7,077420261009,1791510000,1791509700,6,4,012586,佐藤和典,追,77.4,,,,,0.012753615991220059,0.00945183445866388,0.04476740506973769,0.07921202113064905,position_specialists,0.009451834458663879,False,,,C,0.6659999999999999,0.777,0.17,0.08,-0.04797022253991377,0.06373449795323231,0.11927942280049338,-0.06255382171569467,0.002146215914157879,,0,,,0,,cumulative_place,,,False,3.0,2.0,2.0,4,verified,winticket_line_prediction,provider_forecast_structure_only,0.945183445866388,4.476740506973769,7.921202113064905,6,6,5,coverage_validated_cumulative_scores_uncalibrated,,unavailable,,0,0
2026-10-09,高知,7,077420261009,1791510000,1791509700,7,6,014578,大越啓介,追,73.93,,,,,0.013218467762841725,0.0050473960621618946,0.028537439320332657,0.049204063009349146,position_specialists,0.005047396062161894,False,,,C,0.424,0.575,0.23,0.25,-0.2925062314591012,-0.0130035051856492,0.020290167793606623,-0.05537551430569692,0.0025775128921226207,,0,,,0,,cumulative_place,,,False,4.0,2.0,2.0,4,verified,winticket_line_prediction,provider_forecast_structure_only,0.5047396062161894,2.853743932033266,4.920406300934914,7,7,7,coverage_validated_cumulative_scores_uncalibrated,,unavailable,,0,0
2026-10-09,弥彦,1,012120261009,1791510300,1791510000,1,9,014501,守澤太志,追,115.71,,,,,0.3926389098209433,0.43794262208267587,0.16485116070827552,0.10235066368303931,position_specialists,0.43794262208267587,False,,0.11705657864391111,B,0.4539999999999999,0.727,0.25,0.15,0.11628080001465606,0.1163008336705275,0.08872707251801716,-0.0502115009570007,0.0,,0,,,0,,cumulative_place,,,False,1.0,2.0,3.0,4,verified,winticket_line_prediction,provider_forecast_structure_only,43.79426220826759,16.48511607082755,10.235066368303931,1,2,5,coverage_validated_cumulative_scores_uncalibrated,,unavailable,,0,0
2026-10-09,弥彦,1,012120261009,1791510300,1791510000,2,2,015125,佐々木豪,逃,113.26,,,,,0.24778750310281966,0.32088604343876476,0.14582281557151847,0.09389162837854342,position_specialists,0.32088604343876476,False,,,B,0.423,0.5,0.15,0.03,0.13693594212252264,0.2124039060961048,0.17647624259494304,-0.0502115009570007,0.0,,0,,,0,,cumulative_place,,,False,3.0,2.0,2.0,4,verified,winticket_line_prediction,provider_forecast_structure_only,32.088604343876476,14.582281557151846,9.389162837854343,2,3,6,coverage_validated_cumulative_scores_uncalibrated,,unavailable,,0,0
2026-10-09,弥彦,1,012120261009,1791510300,1791510000,3,1,015789,山崎歩夢,逃,108.4,,,,,0.11352263627848302,0.09821893171994615,0.19842564892485573,0.21886875245671214,position_specialists,0.09821893171994615,False,,,B,0.36,0.52,0.12,0.07,-0.19354633160334228,0.2832984515926199,0.004749076509952654,0.20458515815458791,0.0,,0,,,0,,cumulative_place,,,False,1.0,1.0,3.0,4,verified,winticket_line_prediction,provider_forecast_structure_only,9.821893171994615,19.842564892485573,21.886875245671213,3,1,1,coverage_validated_cumulative_scores_uncalibrated,,unavailable,,0,0
2026-10-09,弥彦,1,012120261009,1791510300,1791510000,4,7,015464,町田太我,逃,110.16,,,,,0.10461051731121555,0.07053407039931096,0.13394542768826187,0.13157759754778478,position_specialists,0.07053407039931096,False,,,B,0.36,0.52,0.21,0.11,-0.11092576317187598,0.15973735847402037,-0.045788430792908924,-0.002136659615191519,0.0,,0,,,0,,cumulative_place,,,False,3.0,1.0,2.0,4,verified,winticket_line_prediction,provider_forecast_structure_only,7.053407039931097,13.394542768826186,13.157759754778478,4,4,3,coverage_validated_cumulative_scores_uncalibrated,,unavailable,,0,0
2026-10-09,弥彦,1,012120261009,1791510300,1791510000,5,6,015334,朝倉智仁,逃,102.45,,,,,0.035676693919551514,0.019880937135675764,0.05221184794764315,0.06622303989456937,position_specialists,0.019880937135675764,False,,,B,0.32,0.56,0.1,0.13,0.1507060368611004,0.022447255008909955,-0.001787968371236074,-0.0502115009570007,0.0,,0,,,0,,cumulative_place,,,False,4.0,1.0,2.0,4,verified,winticket_line_prediction,provider_forecast_structure_only,1.9880937135675762,5.221184794764315,6.622303989456937,5,9,9,coverage_validated_cumulative_scores_uncalibrated,,unavailable,,0,0
2026-10-09,弥彦,1,012120261009,1791510300,1791510000,6,3,012596,志智俊夫,追,107.24,,,,,0.030021366559905862,0.01761524253004228,0.09607645236763183,0.06638441117580729,position_specialists,0.01761524253004228,False,,,B,0.28,0.4,0.24,0.1,0.033660231583189856,0.061384792284483305,-0.034976702310019245,-0.0502115009570007,0.0,,0,,,0,,cumulative_place,,,False,2.0,2.0,2.0,4,verified,winticket_line_prediction,provider_forecast_structure_only,1.761524253004228,9.607645236763183,6.638441117580729,6,5,8,coverage_validated_cumulative_scores_uncalibrated,,unavailable,,0,0
2026-10-09,弥彦,1,012120261009,1791510300,1791510000,7,4,014939,長尾拳太,両,106.54,,,,,0.03184642666209427,0.015292007961497238,0.07992307185064863,0.1060626751097101,position_specialists,0.015292007961497238,False,,,B,0.375,0.5,0.05,0.16,-0.007650052632543203,-0.18348790018875577,0.0474924809086717,-0.0502115009570007,0.0,,0,,,0,,cumulative_place,,,False,2.0,1.0,2.0,4,verified,winticket_line_prediction,provider_forecast_structure_only,1.5292007961497238,7.992307185064863,10.60626751097101,7,6,4,coverage_validated_cumulative_scores_uncalibrated,,unavailable,,0,0
2026-10-09,弥彦,1,012120261009,1791510300,1791510000,8,8,014140,神山拓弥,追,105.37,,,,,0.026660598561458707,0.012384799301294725,0.060739887751378945,0.08017315369459893,position_specialists,0.012384799301294725,False,,,B,0.208,0.25,0.13,0.1,-0.06961547895614302,0.07511380263099438,-0.11744588552871019,-0.0069441437493724415,0.0,,0,,,0,,cumulative_place,,,False,4.0,2.0,2.0,4,verified,winticket_line_prediction,provider_forecast_structure_only,1.2384799301294724,6.073988775137894,8.017315369459894,8,8,7,coverage_validated_cumulative_scores_uncalibrated,,unavailable,,0,0
2026-10-09,弥彦,1,012120261009,1791510300,1791510000,9,5,013904,佐藤友和,両,109.46,,,,,0.017235347783528067,0.007245345430792344,0.06800368718978589,0.13446807805923464,position_specialists,0.007245345430792344,False,,,B,0.312,0.437,0.05,0.05,-0.05584538421756518,-0.26266626144572786,-0.11744588552871019,0.055553149994979484,0.0,,0,,,0,,cumulative_place,,,False,1.0,3.0,3.0,4,verified,winticket_line_prediction,provider_forecast_structure_only,0.7245345430792344,6.800368718978589,13.446807805923463,9,7,2,coverage_validated_cumulative_scores_uncalibrated,,unavailable,,0,0
2026-10-09,静岡,1,013820261009,1791511020,1791510720,1,2,015241,山田祐太,逃,72.03,,,,,0.3734139317111807,0.49458105588850326,0.3176691284908275,0.18062569125908937,position_specialists,0.4945810558885032,False,,0.29978784902757727,A,0.406,0.5920000000000001,0.18,0.1,0.11289880769877131,0.10625518808396876,0.3278589806730811,-0.032659863237109045,0.0038501336875184865,,0,,,0,,cumulative_place,,,False,3.0,1.0,3.0,3,verified,winticket_line_prediction,provider_forecast_structure_only,49.45810558885032,31.76691284908275,18.062569125908936,1,1,2,coverage_validated_cumulative_scores_uncalibrated,,unavailable,,0,0
2026-10-09,静岡,1,013820261009,1791511020,1791510720,2,7,012529,木本賢二,追,70.55,,,,,0.2155233650472748,0.19479320686092597,0.16257619066470225,0.09990678155264593,position_specialists,0.19479320686092594,False,,,A,0.185,0.3329999999999999,0.16,0.08,0.12360573500604558,0.15887891649455255,0.09511207928025436,-0.032659863237109045,2.2263057644624905e-19,,0,,,0,,cumulative_place,,,False,1.0,2.0,3.0,3,verified,winticket_line_prediction,provider_forecast_structure_only,19.479320686092596,16.257619066470223,9.990678155264593,2,4,6,coverage_validated_cumulative_scores_uncalibrated,,unavailable,,0,0
2026-10-09,静岡,1,013820261009,1791511020,1791510720,3,1,014179,肥後公允,両,71.21,,,,,0.20891181646997933,0.18046071603957353,0.18930199457626554,0.13461789299291754,position_specialists,0.1804607160395735,False,,,A,0.214,0.357,0.0,0.42,0.1310130286315081,0.30229268455771746,-0.07586620318843612,-0.032659863237109045,0.0019250668437592435,,0,,,0,,cumulative_place,,,False,1.0,1.0,3.0,3,verified,winticket_line_prediction,provider_forecast_structure_only,18.046071603957355,18.930199457626554,13.461789299291754,3,2,3,coverage_validated_cumulative_scores_uncalibrated,,unavailable,,0,0
2026-10-09,静岡,1,013820261009,1791511020,1791510720,4,4,013998,桂馬将人,両,69.94,,,,,0.15401849699678227,0.10975679266785689,0.17380660716299262,0.29054237651320547,position_specialists,0.10975679266785687,False,,,A,0.222,0.3329999999999999,0.16,0.16,0.02798420872235336,0.15887891649455255,0.01689627871443497,-0.032659863237109045,0.0019250668437592435,,0,,,0,,cumulative_place,,,False,3.0,2.0,3.0,3,verified,winticket_line_prediction,provider_forecast_structure_only,10.975679266785688,17.38066071629926,29.05423765132055,4,3,1,coverage_validated_cumulative_scores_uncalibrated,,unavailable,,0,0
2026-10-09,静岡,1,013820261009,1791511020,1791510720,5,5,014483,竜門孝宗,追,68.66,,,,,0.021478393034051628,0.010905594881081919,0.07399504153184931,0.13234935083812216,position_specialists,0.010905594881081917,False,,,A,0.166,0.416,0.1,0.23,0.04374155764963589,-0.10030705407189665,0.0023495973773833,-0.032659863237109045,0.0006416889479197478,,0,,,0,,cumulative_place,,,False,1.0,3.0,3.0,3,verified,winticket_line_prediction,provider_forecast_structure_only,1.090559488108192,7.399504153184931,13.234935083812216,5,5,4,coverage_validated_cumulative_scores_uncalibrated,,unavailable,,0,0
2026-10-09,静岡,1,013820261009,1791511020,1791510720,6,3,011990,茂木和臣,追,67.5,,,,,0.024440296256747828,0.00910290801844625,0.06137504149423366,0.11533468253916243,position_specialists,0.009102908018446248,False,,,A,0.111,0.37,0.0,0.22,-0.18144040029958775,-0.21827661464039666,-0.09041288452548779,0.19595917942265423,0.0012833778958394957,,0,,,0,,cumulative_place,,,False,2.0,1.0,1.0,3,verified,winticket_line_prediction,provider_forecast_structure_only,0.910290801844625,6.137504149423366,11.533468253916244,6,6,5,coverage_validated_cumulative_scores_uncalibrated,,unavailable,,0,0
2026-10-09,静岡,1,013820261009,1791511020,1791510720,7,6,012277,井上典善,追,63.77,,,,,0.0022137004839834547,0.00039972564361224637,0.021275996079129174,0.04662322430485713,position_specialists,0.0003997256436122463,False,,,A,0.036,0.037,0.03,0.07,-0.25780293740872595,-0.16565288622981286,-0.27593784833123,-0.032659863237109045,0.0019250668437592435,,0,,,0,,cumulative_place,,,False,3.0,3.0,3.0,3,verified,winticket_line_prediction,provider_forecast_structure_only,0.039972564361224636,2.1275996079129174,4.662322430485713,7,7,7,coverage_validated_cumulative_scores_uncalibrated,,unavailable,,0,0
2026-10-09,弥彦,2,022120261009,1791511740,1791511440,1,9,015341,坂井洋,両,114.06,,,,,0.32839965692006795,0.5168892576379236,0.1102025739435292,0.10484186223570273,position_specialists,0.5168892576379237,False,,0.35541339434192365,A,0.466,0.6,0.12,0.17,0.031185672716454768,0.1586844350699104,0.21622797800565063,0.10731205790180537,0.003139597498005516,,0,,,0,,cumulative_place,,,False,2.0,1.0,2.0,4,verified,winticket_line_prediction,provider_forecast_structure_only,51.68892576379236,11.020257394352917,10.484186223570275,1,3,6,coverage_validated_cumulative_scores_uncalibrated,,unavailable,,0,0
2026-10-09,弥彦,2,022120261009,1791511740,1791511440,2,1,014860,吉澤純平,両,110.78,,,,,0.11857350782306166,0.161475863296,0.16250434139949158,0.11051733105468023,position_specialists,0.16147586329600003,False,,,A,0.38,0.428,0.19,0.07,0.20742098597455894,0.39194475508198495,-0.03668218167778019,0.026308762582378086,0.003422161272826013,,0,,,0,,cumulative_place,,,False,2.0,2.0,2.0,4,verified,winticket_line_prediction,provider_forecast_structure_only,16.1475863296,16.250434139949153,11.051733105468024,2,2,4,coverage_validated_cumulative_scores_uncalibrated,,unavailable,,0,0
2026-10-09,弥彦,2,022120261009,1791511740,1791511440,3,2,013162,佐藤慎太郎,追,111.05,,,,,0.2655233106618502,0.12520805410789423,0.2324578917974753,0.16586437031032805,position_specialists,0.12520805410789426,False,,,A,0.2769999999999999,0.5,0.3,0.25,-0.12546793906852668,-0.06957266324798982,-0.1467818635747349,-0.09831169175520237,0.0027942417732249114,,0,,,0,,cumulative_place,,,False,1.0,2.0,3.0,4,verified,winticket_line_prediction,provider_forecast_structure_only,12.520805410789423,23.245789179747526,16.58643703103281,3,1,1,coverage_validated_cumulative_scores_uncalibrated,,unavailable,,0,0
2026-10-09,弥彦,2,022120261009,1791511740,1791511440,4,8,013921,渡邉一成,両,106.65,,,,,0.0594443537754229,0.0517800901362485,0.09712274339309715,0.14824055086762392,position_specialists,0.05178009013624851,False,,,A,0.521,0.7390000000000001,0.23,0.14,0.08993077713582279,0.058354561519915894,0.12591437589850457,-0.09831169175520237,0.001098859124301932,,0,,,0,,cumulative_place,,,False,1.0,1.0,3.0,4,verified,winticket_line_prediction,provider_forecast_structure_only,5.17800901362485,9.712274339309714,14.824055086762394,4,5,2,coverage_validated_cumulative_scores_uncalibrated,,unavailable,,0,0
2026-10-09,弥彦,2,022120261009,1791511740,1791511440,5,3,015475,伊藤旭,両,109.93,,,,,0.07915676424105071,0.05072096371599869,0.10783894390909869,0.13882011813229736,position_specialists,0.050720963715998706,False,,,A,0.322,0.5479999999999999,0.09,0.26,-0.18421304348789488,-0.162371160290072,0.05554626417200972,0.10731205790180537,0.0005337315746609383,,0,,,0,,cumulative_place,,,False,3.0,1.0,2.0,4,verified,winticket_line_prediction,provider_forecast_structure_only,5.072096371599869,10.783894390909868,13.882011813229738,5,4,3,coverage_validated_cumulative_scores_uncalibrated,,unavailable,,0,0
2026-10-09,弥彦,2,022120261009,1791511740,1791511440,6,7,013894,園田匠,追,109.2,,,,,0.05846590232935244,0.03250748589612394,0.07425141995619751,0.07771024940606869,position_specialists,0.03250748589612395,False,,,A,0.147,0.3329999999999999,0.14,0.19,-0.08412879151415664,0.01069123559200577,-0.18348175754038648,0.05746387616677318,0.0016639866739429246,,0,,,0,,cumulative_place,,,False,3.0,2.0,2.0,4,verified,winticket_line_prediction,provider_forecast_structure_only,3.250748589612394,7.425141995619749,7.771024940606869,6,8,8,coverage_validated_cumulative_scores_uncalibrated,,unavailable,,0,0
2026-10-09,弥彦,2,022120261009,1791511740,1791511440,7,4,014545,岡崎智哉,両,107.46,,,,,0.038772635227632156,0.029895555901008175,0.08687568986190192,0.1059214175936766,position_specialists,0.029895555901008182,False,,,A,0.37,0.481,0.28,0.13,0.046415884973327916,0.050823185012003606,0.03671760625352297,-0.029770441869533114,0.0013814228991224278,,0,,,0,,cumulative_place,,,False,4.0,2.0,2.0,4,verified,winticket_line_prediction,provider_forecast_structure_only,2.9895555901008173,8.68756898619019,10.592141759367662,7,6,5,coverage_validated_cumulative_scores_uncalibrated,,unavailable,,0,0
2026-10-09,弥彦,2,022120261009,1791511740,1791511440,8,5,014210,和田圭,追,110.54,,,,,0.028859250341218622,0.020228544670214604,0.08373509208187699,0.10000164394073605,position_specialists,0.020228544670214607,False,,,A,0.416,0.541,0.07,0.19,-0.02755943170291334,-0.1327725203944911,0.03671760625352297,0.026308762582378086,0.0005965235246210474,,0,,,0,,cumulative_place,,,False,1.0,3.0,3.0,4,verified,winticket_line_prediction,provider_forecast_structure_only,2.0228544670214603,8.373509208187697,10.000164394073606,8,7,7,coverage_validated_cumulative_scores_uncalibrated,,unavailable,,0,0
2026-10-09,弥彦,2,022120261009,1791511740,1791511440,9,6,015724,村上翔馬,逃,97.58,,,,,0.02280461868034329,0.011294184638588169,0.045011303657331705,0.04808245645888631,position_specialists,0.01129418463858817,False,,,A,0.222,0.5,0.3,0.2,0.046415884973327916,0.17875040977990928,-0.10417802779030925,-0.09831169175520237,0.0003139597498005514,,0,,,0,,cumulative_place,,,False,4.0,1.0,2.0,4,verified,winticket_line_prediction,provider_forecast_structure_only,1.129418463858817,4.50113036573317,4.808245645888632,9,9,9,coverage_validated_cumulative_scores_uncalibrated,,unavailable,,0,0
2026-10-09,静岡,2,023820261009,1791512460,1791512160,1,1,014866,櫻井利之,両,71.11,,,,,0.35390510502202316,0.49993909426602534,0.12787732720406886,0.16208421596476047,position_specialists,0.4999390942660253,False,,0.29821345645102937,A,0.41,0.47,0.1,0.12,0.23083130967812437,0.26553871381472366,0.023854256620331978,0.0,0.0005190478438180081,,0,,,0,,cumulative_place,,,False,2.0,1.0,2.0,3,verified,winticket_line_prediction,provider_forecast_structure_only,49.993909426602535,12.787732720406886,16.208421596476043,1,5,3,coverage_validated_cumulative_scores_uncalibrated,,unavailable,,0,0
2026-10-09,静岡,2,023820261009,1791512460,1791512160,2,4,013261,柴田昌樹,追,69.59,,,,,0.2560850942122542,0.20172563781499592,0.17183016920082334,0.17354756710403615,position_specialists,0.2017256378149959,False,,,A,0.259,0.37,0.33,0.07,-0.0839727813244801,0.06340112307752307,0.11687208455988077,0.0,0.0017301594793933605,,0,,,0,,cumulative_place,,,False,1.0,2.0,3.0,3,verified,winticket_line_prediction,provider_forecast_structure_only,20.17256378149959,17.183016920082334,17.354756710403613,2,3,2,coverage_validated_cumulative_scores_uncalibrated,,unavailable,,0,0
2026-10-09,静岡,2,023820261009,1791512460,1791512160,3,7,013926,早坂道義,追,71.18,,,,,0.09971396909552185,0.11924013575607117,0.17702585683191868,0.1025386564463113,position_specialists,0.11924013575607116,False,,,A,0.222,0.407,0.2,0.2,0.11387821704907264,0.17258454556943065,0.059717323894939986,0.0,8.650797396966802e-05,,0,,,0,,cumulative_place,,,False,3.0,2.0,2.0,3,verified,winticket_line_prediction,provider_forecast_structure_only,11.924013575607118,17.702585683191867,10.253865644631128,3,2,7,coverage_validated_cumulative_scores_uncalibrated,,unavailable,,0,0
2026-10-09,静岡,2,023820261009,1791512460,1791512160,4,6,015905,上野幸星,逃,67.79,,,,,0.12371865528870842,0.08394283214266887,0.14821299931466617,0.12926607632510997,position_specialists,0.08394283214266886,False,,,A,0.125,0.208,0.11,0.13,-0.00041976893445008767,0.1927497654867853,-0.012008810654276031,0.0,0.004022620789589563,,0,,,0,,cumulative_place,,,False,1.0,1.0,3.0,3,verified,winticket_line_prediction,provider_forecast_structure_only,8.394283214266887,14.821299931466617,12.926607632510994,4,4,5,coverage_validated_cumulative_scores_uncalibrated,,unavailable,,0,0
2026-10-09,静岡,2,023820261009,1791512460,1791512160,5,5,012092,高木隆弘,追,71.76,,,,,0.06556241418172702,0.04171205579314845,0.18622614117338296,0.18402416781013173,position_specialists,0.04171205579314844,False,,,A,0.152,0.384,0.13,0.08,0.021643296268595617,-0.11857124774232292,-0.1689017187648233,0.0,0.0017301594793933605,,0,,,0,,cumulative_place,,,False,2.0,2.0,2.0,3,verified,winticket_line_prediction,provider_forecast_structure_only,4.171205579314845,18.622614117338294,18.40241678101317,5,1,1,coverage_validated_cumulative_scores_uncalibrated,,unavailable,,0,0
2026-10-09,静岡,2,023820261009,1791512460,1791512160,6,2,014810,小川辰徳,両,69.28,,,,,0.07706336705124545,0.040451140770421654,0.10053064847777127,0.1076200295082476,position_specialists,0.04045114077042165,False,,,A,0.214,0.285,0.09,0.03,-0.21165192412060183,-0.02561707949702993,-0.022095698886052645,0.0,0.0016003975184388586,,0,,,0,,cumulative_place,,,False,3.0,1.0,2.0,3,verified,winticket_line_prediction,provider_forecast_structure_only,4.045114077042165,10.053064847777126,10.762002950824758,6,6,6,coverage_validated_cumulative_scores_uncalibrated,,unavailable,,0,0
2026-10-09,静岡,2,023820261009,1791512460,1791512160,7,3,013728,伊狩知人,追,69.72,,,,,0.023951395148519846,0.012989103456668703,0.08829685779736876,0.14091928684140284,position_specialists,0.012989103456668701,False,,,A,0.217,0.347,0.15,0.19,-0.07030834861626137,-0.1817197218350235,0.0025625632299991624,0.0,0.0017301594793933605,,0,,,0,,cumulative_place,,,False,1.0,3.0,3.0,3,verified,winticket_line_prediction,provider_forecast_structure_only,1.2989103456668702,8.829685779736876,14.09192868414028,7,7,4,coverage_validated_cumulative_scores_uncalibrated,,unavailable,,0,0
2026-10-09,弥彦,3,032120261009,1791513180,1791512880,1,3,014002,渡部幸訓,追,114.72,,,,,0.22414341863678752,0.26592526432747593,0.0999579850253791,0.13649743063511505,position_specialists,0.26592526432747593,False,,0.019603513258813987,C,0.5,0.772,0.26,0.21,0.17642706089591306,0.09912983231947908,0.10808841987669031,-0.09476325132000277,0.0014186491620644542,,0,,,0,,cumulative_place,,,False,2.0,2.0,2.0,4,verified,winticket_line_prediction,provider_forecast_structure_only,26.592526432747594,9.99579850253791,13.649743063511504,1,6,2,coverage_validated_cumulative_scores_uncalibrated,,unavailable,,0,0
2026-10-09,弥彦,3,032120261009,1791513180,1791512880,2,2,014524,松谷秀幸,追,111.43,,,,,0.2578385070941592,0.24632175106866194,0.21894301991320037,0.133681521905705,position_specialists,0.24632175106866194,False,,,C,0.416,0.5,0.21,0.1,-0.020775219682315375,0.0322447297608311,0.05582765878844031,0.12392117480308054,0.0005949173905431575,,0,,,0,,cumulative_place,,,False,3.0,2.0,3.0,4,verified,winticket_line_prediction,provider_forecast_structure_only,24.632175106866192,21.894301991320038,13.3681521905705,2,1,3,coverage_validated_cumulative_scores_uncalibrated,,unavailable,,0,0
2026-10-09,弥彦,3,032120261009,1791513180,1791512880,3,7,014380,根田空史,逃,111.27,,,,,0.15618912773206964,0.19938351540118207,0.17632939220889923,0.14323087317569316,position_specialists,0.19938351540118207,False,,,C,0.413,0.586,0.23,0.09,-0.04706885709274586,0.13564342144225866,0.1992996655169988,0.10934221306154168,0.00018305150478251027,,0,,,0,,cumulative_place,,,False,3.0,1.0,3.0,4,verified,winticket_line_prediction,provider_forecast_structure_only,19.93835154011821,17.632939220889924,14.323087317569316,3,2,1,coverage_validated_cumulative_scores_uncalibrated,,unavailable,,0,0
2026-10-09,弥彦,3,032120261009,1791513180,1791512880,4,9,015439,佐々木眞也,両,110.8,,,,,0.07540298598711266,0.09619397328881682,0.10971399197627274,0.12408121295325401,position_specialists,0.09619397328881682,False,,,C,0.4539999999999999,0.5,0.0,0.0,0.11069296736983691,0.3480604537800017,0.05582765878844031,-0.014578961741538889,0.0014186491620644542,,0,,,0,,cumulative_place,,,False,3.0,3.0,3.0,4,verified,winticket_line_prediction,provider_forecast_structure_only,9.619397328881682,10.971399197627274,12.408121295325401,4,4,5,coverage_validated_cumulative_scores_uncalibrated,,unavailable,,0,0
2026-10-09,弥彦,3,032120261009,1791513180,1791512880,5,5,015731,西田優大,逃,109.46,,,,,0.10268510248547719,0.08396030429031007,0.12930877619226058,0.12738912753158108,position_specialists,0.08396030429031007,False,,,C,0.344,0.517,0.16,0.15,0.005518417728115105,-0.06501188623368527,0.10368387219500147,-0.0072894808707694506,0.00022881438097813812,,0,,,0,,cumulative_place,,,False,1.0,1.0,2.0,4,verified,winticket_line_prediction,provider_forecast_structure_only,8.396030429031006,12.930877619226058,12.738912753158107,5,3,4,coverage_validated_cumulative_scores_uncalibrated,,unavailable,,0,0
2026-10-09,弥彦,3,032120261009,1791513180,1791512880,6,8,015520,桑名僚也,追,104.63,,,,,0.04968665651171883,0.038261886075465934,0.05613617701974012,0.08721224064874877,position_specialists,0.038261886075465934,False,,,C,0.5,0.583,0.24,0.13,0.08147781469158083,0.210605003250559,-0.10428219361035754,0.05102636609538611,0.0014186491620644542,,0,,,0,,cumulative_place,,,False,4.0,2.0,2.0,4,verified,winticket_line_prediction,provider_forecast_structure_only,3.8261886075465936,5.613617701974012,8.721224064874878,6,8,8,coverage_validated_cumulative_scores_uncalibrated,,unavailable,,0,0
2026-10-09,弥彦,3,032120261009,1791513180,1791512880,7,1,014038,橋本強,追,109.93,,,,,0.0589047219600648,0.03576927126915225,0.08265603901281705,0.10465899903836008,position_specialists,0.03576927126915225,False,,,C,0.294,0.47,0.17,0.11,-0.0061676433431873375,-0.012345338611600865,-0.144309656710057,0.02186844261230833,0.0018762779240207304,,0,,,0,,cumulative_place,,,False,1.0,2.0,2.0,4,verified,winticket_line_prediction,provider_forecast_structure_only,3.5769271269152245,8.265603901281706,10.465899903836009,7,7,7,coverage_validated_cumulative_scores_uncalibrated,,unavailable,,0,0
2026-10-09,弥彦,3,032120261009,1791513180,1791512880,8,4,014356,佐藤一伸,両,107.8,,,,,0.06052422397442059,0.03097237636880109,0.10369426921651999,0.1051730800349999,position_specialists,0.03097237636880109,False,,,C,0.284,0.476,0.15,0.17,-0.06021567579796104,-0.04271685204746931,-0.07981559763325646,-0.09476325132000277,0.0018305150478251013,,0,,,0,,cumulative_place,,,False,2.0,1.0,2.0,4,verified,winticket_line_prediction,provider_forecast_structure_only,3.097237636880109,10.369426921651998,10.51730800349999,8,5,6,coverage_validated_cumulative_scores_uncalibrated,,unavailable,,0,0
2026-10-09,弥彦,3,032120261009,1791513180,1791512880,9,6,015420,梁島邦友,逃,96.25,,,,,0.014625255618189543,0.003211657910133833,0.023260349434910805,0.03807551407654292,position_specialists,0.003211657910133833,False,,,C,0.095,0.142,0.14,0.14,-0.23988886476923588,-0.2210771255371972,-0.19431982721190005,-0.09476325132000277,0.004759339124345266,,0,,,0,,cumulative_place,,,False,4.0,1.0,2.0,4,verified,winticket_line_prediction,provider_forecast_structure_only,0.32116579101338333,2.3260349434910803,3.8075514076542922,9,9,9,coverage_validated_cumulative_scores_uncalibrated,,unavailable,,0,0
2026-10-09,静岡,3,033820261009,1791513900,1791513600,1,5,014276,坂本敏也,両,70.9,,,,,0.37145288948366967,0.422582368527558,0.33001097977744676,0.30043798246144254,position_specialists,0.422582368527558,False,,0.04874601153599528,C,0.284,0.38,0.1,0.06,-0.1904049930104168,0.3570340230223311,0.057395114817144044,0.19014861167700306,0.003983094547499535,,0,,,0,,cumulative_place,,,False,1.0,1.0,3.0,5,verified,winticket_line_prediction,provider_forecast_structure_only,42.2582368527558,33.00109797774468,30.043798246144256,1,1,1,coverage_validated_cumulative_scores_uncalibrated,,unavailable,,0,0
2026-10-09,静岡,3,033820261009,1791513900,1791513600,2,2,013521,中野良,追,72.54,,,,,0.3523173648126671,0.3738363569915627,0.21839562808067836,0.1925669634025872,position_specialists,0.3738363569915627,False,,,C,0.2689999999999999,0.423,0.33,0.15,0.09383928516964697,0.08419796545693409,0.11976060782895215,-0.04103206883556381,0.001861663755896522,,0,,,0,,cumulative_place,,,False,1.0,2.0,3.0,5,verified,winticket_line_prediction,provider_forecast_structure_only,37.38363569915627,21.839562808067836,19.25669634025872,2,2,2,coverage_validated_cumulative_scores_uncalibrated,,unavailable,,0,0
2026-10-09,静岡,3,033820261009,1791513900,1791513600,3,3,012878,安藤宜明,追,73.6,,,,,0.07544134217468482,0.07857187159149256,0.12784843051270536,0.0994568478642233,position_specialists,0.07857187159149256,False,,,C,0.35,0.6,0.06,0.12,0.19921200488399282,-0.16558709009528355,0.11976060782895215,0.015011732500816029,4.3294505951082214e-05,,0,,,0,,cumulative_place,,,False,3.0,1.0,1.0,5,verified,winticket_line_prediction,provider_forecast_structure_only,7.857187159149256,12.784843051270537,9.94568478642233,3,4,5,coverage_validated_cumulative_scores_uncalibrated,,unavailable,,0,0
2026-10-09,静岡,3,033820261009,1791513900,1791513600,4,7,014434,山崎功也,追,74.38,,,,,0.08130412062775974,0.0709639325195034,0.14199193713362737,0.06245053454791458,position_specialists,0.0709639325195034,False,,,C,0.284,0.428,0.08,0.0,0.04408059797547684,-0.11296336168469975,0.07126318521702359,-0.04103206883556381,0.0014720132023367844,,0,,,0,,cumulative_place,,,False,1.0,3.0,3.0,5,verified,winticket_line_prediction,provider_forecast_structure_only,7.0963932519503405,14.199193713362737,6.245053454791457,4,3,7,coverage_validated_cumulative_scores_uncalibrated,,unavailable,,0,0
2026-10-09,静岡,3,033820261009,1791513900,1791513600,5,6,011792,木下章,両,68.48,,,,,0.042376661024112645,0.021722383533716385,0.06397773133427892,0.11018221824757447,position_specialists,0.021722383533716385,False,,,C,0.073,0.296,0.0,0.06,-0.039610008708062236,0.08329392270987832,-0.12272650523069066,-0.04103206883556381,0.0014720132023367844,,0,,,0,,cumulative_place,,,False,5.0,1.0,1.0,5,verified,winticket_line_prediction,provider_forecast_structure_only,2.1722383533716383,6.397773133427892,11.018221824757447,5,5,4,coverage_validated_cumulative_scores_uncalibrated,,unavailable,,0,0
2026-10-09,静岡,3,033820261009,1791513900,1791513600,6,4,014381,吉澤賢,追,68.71,,,,,0.041172259786432346,0.01817014662140508,0.059598895701278236,0.09421908946375221,position_specialists,0.01817014662140508,False,,,C,0.133,0.266,0.05,0.05,-0.050920648537851734,-0.06986362363175978,-0.12272650523069066,-0.04103206883556381,0.0014720132023367844,,0,,,0,,cumulative_place,,,False,4.0,1.0,1.0,5,verified,winticket_line_prediction,provider_forecast_structure_only,1.8170146621405079,5.959889570127824,9.42190894637522,6,6,6,coverage_validated_cumulative_scores_uncalibrated,,unavailable,,0,0
2026-10-09,静岡,3,033820261009,1791513900,1791513600,7,1,014496,天沼雅貴,追,68.51,,,,,0.035935362090673675,0.014152940214761883,0.05817639745998502,0.14068636401250578,position_specialists,0.014152940214761883,False,,,C,0.073,0.222,0.0,0.0,-0.05619623777278546,-0.16558709009528355,-0.12272650523069066,-0.04103206883556381,0.0014720132023367844,,0,,,0,,cumulative_place,,,False,2.0,1.0,1.0,5,verified,winticket_line_prediction,provider_forecast_structure_only,1.4152940214761882,5.817639745998502,14.06863640125058,7,7,3,coverage_validated_cumulative_scores_uncalibrated,,unavailable,,0,0
2026-10-09,弥彦,4,042120261009,1791514620,1791514320,1,1,014129,菅田壱道,両,115.74,,,,,0.5774192350881902,0.7763684563154705,0.14242563660559038,0.12779996354710257,position_specialists,0.7763684563154704,False,,0.7101856735134078,S,0.555,0.6659999999999999,0.1,0.1,0.17926057520590002,0.3084087872571327,0.17524344748001797,0.1981723145246506,0.0014026055939985686,,0,,,0,,cumulative_place,,,False,1.0,2.0,3.0,4,verified,winticket_line_prediction,provider_forecast_structure_only,77.63684563154705,14.242563660559037,12.779996354710255,1,4,2,coverage_validated_cumulative_scores_uncalibrated,,unavailable,,0,0
2026-10-09,弥彦,4,042120261009,1791514620,1791514320,2,3,014462,小原太樹,追,112.84,,,,,0.08994355777482847,0.06618278280206255,0.16548976583861214,0.09571816775567918,position_specialists,0.06618278280206254,False,,,S,0.5379999999999999,0.6920000000000001,0.17,0.17,0.05851124804017935,0.17227327317665433,0.14623382077510427,-0.004503916239196615,0.000812034817578118,,0,,,0,,cumulative_place,,,False,2.0,2.0,2.0,4,verified,winticket_line_prediction,provider_forecast_structure_only,6.618278280206255,16.548976583861215,9.571816775567916,2,3,5,coverage_validated_cumulative_scores_uncalibrated,,unavailable,,0,0
2026-10-09,弥彦,4,042120261009,1791514620,1791514320,3,9,014377,岩本俊介,両,112.93,,,,,0.09774903623317296,0.060657519075804904,0.16875207733807268,0.09367300953707393,position_specialists,0.0606575190758049,False,,,S,0.6,0.733,0.09,0.07,0.17926057520590002,0.10723076972907196,0.0015483514661530293,-0.05179503675076097,0.0002952853882102255,,0,,,0,,cumulative_place,,,False,2.0,1.0,2.0,4,verified,winticket_line_prediction,provider_forecast_structure_only,6.06575190758049,16.87520773380727,9.36730095370739,3,2,7,coverage_validated_cumulative_scores_uncalibrated,,unavailable,,0,0
2026-10-09,弥彦,4,042120261009,1791514620,1791514320,4,5,015516,木村皆斗,逃,108.57,,,,,0.12114808741612391,0.05830234275621255,0.17470767750481944,0.22288031381780987,position_specialists,0.058302342756212544,False,,,S,0.284,0.535,0.1,0.12,-0.1377064086041167,0.25574223963504833,0.03532392064139819,-0.05179503675076097,0.004281638129048261,,0,,,0,,cumulative_place,,,False,1.0,1.0,3.0,4,verified,winticket_line_prediction,provider_forecast_structure_only,5.8302342756212555,17.470767750481944,22.288031381780982,4,1,1,coverage_validated_cumulative_scores_uncalibrated,,unavailable,,0,0
2026-10-09,弥彦,4,042120261009,1791514620,1791514320,5,2,014873,三谷竜生,両,108.73,,,,,0.03782902168934405,0.015570774788464503,0.09647834143069431,0.09168053871976352,position_specialists,0.015570774788464501,False,,,S,0.428,0.523,0.15,0.04,-0.06056100513712846,-0.01652878852590841,-0.002854926788561224,0.06981070170754736,0.0005167494293678937,,0,,,0,,cumulative_place,,,False,3.0,1.0,2.0,4,verified,winticket_line_prediction,provider_forecast_structure_only,1.5570774788464503,9.647834143069431,9.16805387197635,5,6,8,coverage_validated_cumulative_scores_uncalibrated,,unavailable,,0,0
2026-10-09,弥彦,4,042120261009,1791514620,1791514320,6,7,013730,東口善朋,追,110.18,,,,,0.03310297990525079,0.011445880737151859,0.09926704123375558,0.11619477673821606,position_specialists,0.011445880737151857,False,,,S,0.312,0.5,0.16,0.21,-0.0018634155426809492,-0.000990108380318098,-0.1273373259020273,-0.05179503675076097,0.001254962899893455,,0,,,0,,cumulative_place,,,False,3.0,2.0,2.0,4,verified,winticket_line_prediction,provider_forecast_structure_only,1.144588073715186,9.926704123375558,11.619477673821605,6,5,4,coverage_validated_cumulative_scores_uncalibrated,,unavailable,,0,0
2026-10-09,弥彦,4,042120261009,1791514620,1791514320,7,6,015730,黒瀬浩太郎,逃,100.09,,,,,0.01808568406710892,0.004810593464452031,0.03713354046465888,0.03973254141130576,position_specialists,0.00481059346445203,False,,,S,0.38,0.428,0.17,0.06,-0.12261274270840156,-0.01652878852590841,0.026517364131969687,-0.05179503675076097,0.0005167494293678937,,0,,,0,,cumulative_place,,,False,4.0,1.0,2.0,4,verified,winticket_line_prediction,provider_forecast_structure_only,0.4810593464452031,3.713354046465888,3.9732541411305755,7,9,9,coverage_validated_cumulative_scores_uncalibrated,,unavailable,,0,0
2026-10-09,弥彦,4,042120261009,1791514620,1791514320,8,8,014554,山形一気,追,107.5,,,,,0.01397070462284437,0.004053108007614745,0.05735675004109362,0.09465773305709216,position_specialists,0.0040531080076147445,False,,,S,0.23,0.423,0.19,0.23,-0.09242541091697137,-0.07524584333330632,-0.09832769919711358,-0.004503916239196615,0.0030266752291548044,,0,,,0,,cumulative_place,,,False,4.0,2.0,2.0,4,verified,winticket_line_prediction,provider_forecast_structure_only,0.4053108007614745,5.735675004109362,9.465773305709215,8,8,6,coverage_validated_cumulative_scores_uncalibrated,,unavailable,,0,0
2026-10-09,弥彦,4,042120261009,1791514620,1791514320,9,4,013917,成田和也,追,108.37,,,,,0.010751693203136344,0.0026085420527666,0.058389169542703026,0.11766295541595705,position_specialists,0.0026085420527665994,False,,,S,0.222,0.3879999999999999,0.12,0.25,-0.0018634155426809492,-0.24982930290928992,-0.15634695260694098,-0.05179503675076097,0.0019193550233664609,,0,,,0,,cumulative_place,,,False,1.0,3.0,3.0,4,verified,winticket_line_prediction,provider_forecast_structure_only,0.26085420527666,5.838916954270303,11.766295541595703,9,7,3,coverage_validated_cumulative_scores_uncalibrated,,unavailable,,0,0
2026-10-09,静岡,4,043820261009,1791515400,1791515100,1,2,015998,木曽田晃大,逃,74.57,,,,,0.6999232692560586,0.8713419110428191,0.2992393967363449,0.25799801354283664,position_specialists,0.8713419110428191,False,,0.7874102766883151,S,0.523,0.7140000000000001,0.14,0.19,0.13749661159670562,0.4114029435469797,0.254896570897073,0.09237604307034011,0.0038424206887061776,,0,,,0,,cumulative_place,,,False,1.0,1.0,3.0,4,verified,winticket_line_prediction,provider_forecast_structure_only,87.13419110428191,29.923939673634496,25.799801354283662,1,2,1,coverage_validated_cumulative_scores_uncalibrated,,unavailable,,0,0
2026-10-09,静岡,4,043820261009,1791515400,1791515100,2,4,013049,南大輔,追,72.95,,,,,0.16919578026986168,0.08393163435450406,0.3499902743076205,0.19175997337630185,position_specialists,0.08393163435450406,False,,,S,0.237,0.38,0.23,0.1,0.15725835761757767,0.085940298972992,0.02440904030485333,-0.06928203230275509,0.0014794347036729666,,0,,,0,,cumulative_place,,,False,1.0,2.0,3.0,4,verified,winticket_line_prediction,provider_forecast_structure_only,8.393163435450406,34.999027430762055,19.175997337630186,2,1,2,coverage_validated_cumulative_scores_uncalibrated,,unavailable,,0,0
2026-10-09,静岡,4,043820261009,1791515400,1791515100,3,1,014994,野口修平,逃,76.66,,,,,0.07281941541486774,0.026348730001323935,0.10467110466617134,0.15290671689301852,position_specialists,0.026348730001323935,False,,,S,0.3329999999999999,0.6659999999999999,0.0,0.0,-0.08209651911639301,-0.11520624581713107,-0.15999491647782643,0.09237604307034011,0.0021164135344210497,,0,,,0,,cumulative_place,,,False,3.0,1.0,1.0,4,verified,winticket_line_prediction,provider_forecast_structure_only,2.6348730001323935,10.467110466617136,15.290671689301853,3,3,4,coverage_validated_cumulative_scores_uncalibrated,,unavailable,,0,0
2026-10-09,静岡,4,043820261009,1791515400,1791515100,4,7,012893,吉野猛,追,70.9,,,,,0.017455445894693254,0.006627258322871441,0.07507243464579376,0.1665920759531413,position_specialists,0.006627258322871441,False,,,S,0.266,0.433,0.2,0.24,-0.06818404694130954,-0.025993513569330683,0.16271200789186316,-0.06928203230275509,0.0014794347036729666,,0,,,0,,cumulative_place,,,False,1.0,3.0,3.0,4,verified,winticket_line_prediction,provider_forecast_structure_only,0.6627258322871441,7.507243464579377,16.65920759531413,4,4,3,coverage_validated_cumulative_scores_uncalibrated,,unavailable,,0,0
2026-10-09,静岡,4,043820261009,1791515400,1791515100,5,5,013421,富澤洋祐,追,70.83,,,,,0.017050493735686508,0.006328213183445843,0.064717561179097,0.07336929838103895,position_specialists,0.006328213183445843,False,,,S,0.2,0.32,0.0,0.0,0.12801198838863495,-0.05205777172443053,0.02440904030485333,-0.06928203230275509,4.109540843536008e-05,,0,,,0,,cumulative_place,,,False,4.0,1.0,2.0,4,verified,winticket_line_prediction,provider_forecast_structure_only,0.6328213183445843,6.4717561179097,7.336929838103895,5,5,6,coverage_validated_cumulative_scores_uncalibrated,,unavailable,,0,0
2026-10-09,静岡,4,043820261009,1791515400,1791515100,6,3,014432,相澤恵一,追,70.57,,,,,0.016392848238253776,0.0039356965956730255,0.05976679004307147,0.06460488925838016,position_specialists,0.0039356965956730255,False,,,S,0.095,0.3329999999999999,0.06,0.18,-0.22042874126249698,-0.11520624581713107,-0.10033583724732005,0.09237604307034011,0.0014794347036729666,,0,,,0,,cumulative_place,,,False,2.0,1.0,1.0,4,verified,winticket_line_prediction,provider_forecast_structure_only,0.39356965956730255,5.976679004307148,6.460488925838017,6,6,7,coverage_validated_cumulative_scores_uncalibrated,,unavailable,,0,0
2026-10-09,静岡,4,043820261009,1791515400,1791515100,7,6,012885,田中智也,追,68.52,,,,,0.007162747190578482,0.0014865564993625708,0.04654243842190097,0.0927690325952825,position_specialists,0.0014865564993625708,False,,,S,0.0,0.176,0.11,0.23,-0.052057650282719525,0.0005659566861532646,-0.2060959056734964,-0.06928203230275509,0.0014794347036729666,,0,,,0,,cumulative_place,,,False,4.0,2.0,2.0,4,verified,winticket_line_prediction,provider_forecast_structure_only,0.14865564993625707,4.654243842190098,9.27690325952825,7,7,5,coverage_validated_cumulative_scores_uncalibrated,,unavailable,,0,0
2026-10-09,弥彦,5,052120261009,1791516120,1791515820,1,2,014097,稲川翔,両,111.5,,,,,0.3363973384098943,0.3215733681321683,0.2555391810094812,0.1566809725282806,position_specialists,0.3215733681321683,False,,0.0008861110522639937,C,0.26,0.565,0.25,0.19,0.0047849095024737115,0.06777706307807878,-0.023156971728824877,0.05075855910295287,0.00066291921333453,,0,,,0,,cumulative_place,,,False,1.0,2.0,3.0,4,verified,winticket_line_prediction,provider_forecast_structure_only,32.15733681321683,25.55391810094812,15.668097252828058,1,1,1,coverage_validated_cumulative_scores_uncalibrated,,unavailable,,0,0
2026-10-09,弥彦,5,052120261009,1791516120,1791515820,2,5,015868,市田龍生都,逃,110.84,,,,,0.2586257860200088,0.3206872570799043,0.18604169595297468,0.14357624542976435,position_specialists,0.3206872570799043,False,,,C,0.45,0.5,0.13,0.05,0.022917198143426253,0.38612231059426044,-0.07513893695555612,0.03444330796271801,0.004735137238103783,,0,,,0,,cumulative_place,,,False,1.0,1.0,3.0,4,verified,winticket_line_prediction,provider_forecast_structure_only,32.06872570799043,18.604169595297467,14.357624542976435,2,2,2,coverage_validated_cumulative_scores_uncalibrated,,unavailable,,0,0
2026-10-09,弥彦,5,052120261009,1791516120,1791515820,3,1,015051,簗田一輝,両,112.31,,,,,0.1502001250947417,0.153756828331709,0.12961150879859493,0.10172128222284575,position_specialists,0.153756828331709,False,,,C,0.421,0.631,0.23,0.11,0.15437629079033216,-0.13329420259931204,0.06546890177629469,0.01812805682248317,9.47027447620763e-05,,0,,,0,,cumulative_place,,,False,2.0,1.0,2.0,4,verified,winticket_line_prediction,provider_forecast_structure_only,15.3756828331709,12.961150879859492,10.172128222284575,3,3,7,coverage_validated_cumulative_scores_uncalibrated,,unavailable,,0,0
2026-10-09,弥彦,5,052120261009,1791516120,1791515820,4,9,014935,嶋津拓弥,追,111.33,,,,,0.05589023391595198,0.05640425006584432,0.10853540737507582,0.1219460438276082,position_specialists,0.05640425006584432,False,,,C,0.3329999999999999,0.416,0.16,0.14,0.018384125983188074,0.25328296064721173,-0.11178284523394444,0.03444330796271801,0.0010417301923828321,,0,,,0,,cumulative_place,,,False,2.0,2.0,2.0,4,verified,winticket_line_prediction,provider_forecast_structure_only,5.640425006584432,10.853540737507581,12.194604382760819,4,4,3,coverage_validated_cumulative_scores_uncalibrated,,unavailable,,0,0
2026-10-09,弥彦,5,052120261009,1791516120,1791515820,5,8,015840,阿部英斗,逃,104.38,,,,,0.05757976323106012,0.04432088433774896,0.07978859468666295,0.11495359378377912,position_specialists,0.04432088433774896,False,,,C,0.318,0.318,0.22,0.07,-0.17200490474681357,0.07076228472673428,0.051241517067219466,0.1568076915144794,0.0007576219580966049,,0,,,0,,cumulative_place,,,False,4.0,1.0,2.0,4,verified,winticket_line_prediction,provider_forecast_structure_only,4.432088433774896,7.978859468666295,11.495359378377913,5,5,5,coverage_validated_cumulative_scores_uncalibrated,,unavailable,,0,0
2026-10-09,弥彦,5,052120261009,1791516120,1791515820,6,4,014112,小川勇介,追,107.64,,,,,0.04368403950921316,0.035471677138279464,0.07449575793769035,0.08116889793594766,position_specialists,0.035471677138279464,False,,,C,0.321,0.5710000000000001,0.18,0.23,0.04558255894461691,-0.02497588570648773,0.11908164962836001,-0.11239395229939562,0.0023675686190518922,,0,,,0,,cumulative_place,,,False,4.0,2.0,2.0,4,verified,winticket_line_prediction,provider_forecast_structure_only,3.5471677138279465,7.449575793769035,8.116889793594765,6,7,8,coverage_validated_cumulative_scores_uncalibrated,,unavailable,,0,0
2026-10-09,弥彦,5,052120261009,1791516120,1791515820,7,7,014317,山田久徳,両,108.56,,,,,0.0412824182183465,0.03518060220102797,0.05934239140013909,0.11966502621672043,position_specialists,0.03518060220102797,False,,,C,0.28,0.48,0.0,0.16,0.14757668254997497,-0.05107456333916241,0.02115596502373491,-0.03897532216833881,0.001231135681906984,,0,,,0,,cumulative_place,,,False,1.0,3.0,3.0,4,verified,winticket_line_prediction,provider_forecast_structure_only,3.518060220102797,5.934239140013909,11.966502621672042,7,8,4,coverage_validated_cumulative_scores_uncalibrated,,unavailable,,0,0
2026-10-09,弥彦,5,052120261009,1791516120,1791515820,8,3,013673,大槻寛徳,追,109.66,,,,,0.040043667015367795,0.02556395988382238,0.07582356035530802,0.1054408312663715,position_specialists,0.02556395988382238,False,,,C,0.284,0.5710000000000001,0.25,0.18,-0.03601273993966948,-0.06207706522031434,-0.023156971728824877,-0.11239395229939562,0.0020834603847656656,,0,,,0,,cumulative_place,,,False,3.0,2.0,2.0,4,verified,winticket_line_prediction,provider_forecast_structure_only,2.556395988382238,7.582356035530802,10.544083126637151,8,6,6,coverage_validated_cumulative_scores_uncalibrated,,unavailable,,0,0
2026-10-09,弥彦,5,052120261009,1791516120,1791515820,9,6,015608,山口多聞,逃,99.0,,,,,0.01629662858541571,0.0070411728294952625,0.030821902484072985,0.05484710678868244,position_specialists,0.0070411728294952625,False,,,C,0.178,0.178,0.13,0.08,-0.18560412122752803,-0.02199066405783222,-0.023712307848458694,-0.030817696598221374,9.47027447620763e-05,,0,,,0,,cumulative_place,,,False,3.0,1.0,2.0,4,verified,winticket_line_prediction,provider_forecast_structure_only,0.7041172829495262,3.0821902484072985,5.484710678868244,9,9,9,coverage_validated_cumulative_scores_uncalibrated,,unavailable,,0,0
2026-10-09,静岡,5,053820261009,1791517020,1791516720,1,4,015247,小玉勇一,両,83.61,,,,,0.5060076386149408,0.4790158021109551,0.3395450173964308,0.34483716463672665,position_specialists,0.47901580211095507,False,,0.10609054905292914,B,0.237,0.285,0.0,0.5,-0.1130763787542084,0.41219542484025723,0.11256034355024258,-0.02007022545980697,0.0005702659485122009,,0,,,0,,cumulative_place,,,False,1.0,2.0,3.0,3,verified,winticket_line_prediction,provider_forecast_structure_only,47.901580211095514,33.954501739643085,34.483716463672664,1,1,1,coverage_validated_cumulative_scores_uncalibrated,,unavailable,,0,0
2026-10-09,静岡,5,053820261009,1791517020,1791516720,2,3,015796,川田真也,逃,86.52,,,,,0.31245577836049776,0.372925253058026,0.16581233843651555,0.08190175373832949,position_specialists,0.37292525305802593,False,,,B,0.428,0.428,0.29,0.08,0.09466627754676435,0.08127082180139925,0.20137390205560285,0.018686071979820276,0.0016252579532597732,,0,,,0,,cumulative_place,,,False,1.0,1.0,3.0,3,verified,winticket_line_prediction,provider_forecast_structure_only,37.2925253058026,16.581233843651557,8.190175373832949,2,2,5,coverage_validated_cumulative_scores_uncalibrated,,unavailable,,0,0
2026-10-09,静岡,5,053820261009,1791517020,1791516720,3,2,013482,松崎貴久,追,86.75,,,,,0.09046610184642244,0.10740483784174301,0.12611739881895984,0.06589754156083844,position_specialists,0.107404837841743,False,,,B,0.25,0.625,0.15,0.26,0.2853513205915577,0.11401591630996347,0.11003097386479344,-0.05882652289943423,0.0011690451944500124,,0,,,0,,cumulative_place,,,False,2.0,2.0,2.0,3,verified,winticket_line_prediction,provider_forecast_structure_only,10.740483784174302,12.611739881895986,6.589754156083844,3,3,6,coverage_validated_cumulative_scores_uncalibrated,,unavailable,,0,0
2026-10-09,静岡,5,053820261009,1791517020,1791516720,4,1,013183,坂木田雄介,逃,81.67,,,,,0.03995506117059018,0.020662506625983894,0.11550475603148821,0.14580414675608477,position_specialists,0.02066250662598389,False,,,B,0.161,0.322,0.11,0.1,-0.08960264706599626,-0.04794029856172806,0.046190576475237576,-0.005536613919946756,0.0010264787073219622,,0,,,0,,cumulative_place,,,False,3.0,1.0,2.0,3,verified,winticket_line_prediction,provider_forecast_structure_only,2.066250662598389,11.550475603148824,14.580414675608477,4,4,3,coverage_validated_cumulative_scores_uncalibrated,,unavailable,,0,0
2026-10-09,静岡,5,053820261009,1791517020,1791516720,5,6,014941,江端隆司,逃,79.95,,,,,0.024917744691289753,0.010709417662101416,0.0639015172912013,0.06039317704807041,position_specialists,0.010709417662101414,False,,,B,0.047,0.095,0.08,0.07,-0.15360772369860012,0.04151355399736008,-0.15829799985936258,0.18340033609823608,0.0041629414241390675,,0,,,0,,cumulative_place,,,False,2.0,1.0,2.0,3,verified,winticket_line_prediction,provider_forecast_structure_only,1.0709417662101417,6.390151729120132,6.039317704807041,5,7,7,coverage_validated_cumulative_scores_uncalibrated,,unavailable,,0,0
2026-10-09,静岡,5,053820261009,1791517020,1791516720,6,5,014456,亀井久幸,追,80.91,,,,,0.01812485178742341,0.006680002801008823,0.08046709686640563,0.11707353161240493,position_specialists,0.006680002801008822,False,,,B,0.083,0.291,0.05,0.11,-0.02426738358037401,-0.0847704227102324,-0.12637780116458466,-0.05882652289943423,0.0016252579532597732,,0,,,0,,cumulative_place,,,False,3.0,2.0,2.0,3,verified,winticket_line_prediction,provider_forecast_structure_only,0.6680002801008823,8.046709686640565,11.707353161240492,6,6,4,coverage_validated_cumulative_scores_uncalibrated,,unavailable,,0,0
2026-10-09,静岡,5,053820261009,1791517020,1791516720,7,7,012944,渡邊恭典,追,80.66,,,,,0.008072823528835623,0.002602179900181854,0.10865187515899861,0.18409268464754533,position_specialists,0.0026021799001818536,False,,,B,0.066,0.4,0.09,0.18,0.000536534960856528,-0.14791889680293296,-0.18547999492192918,-0.05882652289943423,0.0016252579532597732,,0,,,0,,cumulative_place,,,False,1.0,3.0,3.0,3,verified,winticket_line_prediction,provider_forecast_structure_only,0.2602179900181854,10.865187515899864,18.409268464754533,7,5,2,coverage_validated_cumulative_scores_uncalibrated,,unavailable,,0,0
2026-10-09,弥彦,6,062120261009,1791517920,1791517620,1,5,014047,山田英明,両,112.92,,,,,0.39820509585064223,0.3881326300028004,0.17621701925455105,0.12734475582597105,position_specialists,0.3881326300028005,False,,0.01385063222190791,C,0.428,0.642,0.17,0.22,0.11606009052805233,0.17902612388871786,-0.03772067845928327,-0.06753981593445929,0.004050839706231462,,0,,,0,,cumulative_place,,,False,1.0,2.0,3.0,4,verified,winticket_line_prediction,provider_forecast_structure_only,38.81326300028004,17.62170192545511,12.734475582597105,1,2,3,coverage_validated_cumulative_scores_uncalibrated,,unavailable,,0,0
2026-10-09,弥彦,6,062120261009,1791517920,1791517620,2,1,015213,山崎賢人,逃,112.04,,,,,0.2634725292843696,0.37428199778089255,0.1928729457708846,0.14257076455122333,position_specialists,0.3742819977808926,False,,,C,0.4579999999999999,0.583,0.14,0.13,0.011606009052805313,0.28770708450131244,0.04219236360764059,0.18786284936391617,0.0037614940129292148,,0,,,0,,cumulative_place,,,False,1.0,1.0,3.0,4,verified,winticket_line_prediction,provider_forecast_structure_only,37.42819977808926,19.287294577088463,14.257076455122334,2,1,1,coverage_validated_cumulative_scores_uncalibrated,,unavailable,,0,0
2026-10-09,弥彦,6,062120261009,1791517920,1791517620,3,2,015094,佐々木龍,追,111.3,,,,,0.07941156427179695,0.07966103367063525,0.11877983053376592,0.08941867881357118,position_specialists,0.07966103367063526,False,,,C,0.307,0.461,0.24,0.13,0.0712940556100893,0.10987719178814119,0.11277365262770614,-0.06753981593445929,0.0014467284665112359,,0,,,0,,cumulative_place,,,False,2.0,2.0,2.0,4,verified,winticket_line_prediction,provider_forecast_structure_only,7.966103367063525,11.877983053376594,8.941867881357119,3,4,7,coverage_validated_cumulative_scores_uncalibrated,,unavailable,,0,0
2026-10-09,弥彦,6,062120261009,1791517920,1791517620,4,7,014744,和田真久留,両,111.15,,,,,0.08426712991020457,0.0525681683163484,0.11537442889264737,0.12184711100306077,position_specialists,0.05256816831634841,False,,,C,0.25,0.35,0.08,0.12,-0.04808203750447873,-0.05803757600157101,-0.11296784400277798,0.060161516714728455,0.0002893456933022475,,0,,,0,,cumulative_place,,,False,2.0,1.0,2.0,4,verified,winticket_line_prediction,provider_forecast_structure_only,5.25681683163484,11.537442889264739,12.184711100306076,4,5,4,coverage_validated_cumulative_scores_uncalibrated,,unavailable,,0,0
2026-10-09,弥彦,6,062120261009,1791517920,1791517620,5,4,015696,荒川達郎,逃,104.04,,,,,0.04678061439655258,0.03233308071868019,0.10402775582582559,0.08914340637404101,position_specialists,0.0323330807186802,False,,,C,0.434,0.608,0.15,0.12,0.056372043970768275,-0.05803757600157101,0.11204411409076037,0.014189036961020867,0.0002893456933022475,,0,,,0,,cumulative_place,,,False,3.0,1.0,2.0,4,verified,winticket_line_prediction,provider_forecast_structure_only,3.233308071868019,10.40277558258256,8.914340637404102,5,6,8,coverage_validated_cumulative_scores_uncalibrated,,unavailable,,0,0
2026-10-09,弥彦,6,062120261009,1791517920,1791517620,6,9,014507,長島大介,両,108.5,,,,,0.04142494251446334,0.025474766391669592,0.12021489707941393,0.13907538092125202,position_specialists,0.0254747663916696,False,,,C,0.272,0.409,0.19,0.12,-0.22714617717633062,0.17902612388871786,-0.03772067845928327,-0.006243176262849176,0.0002893456933022475,,0,,,0,,cumulative_place,,,False,3.0,2.0,2.0,4,verified,winticket_line_prediction,provider_forecast_structure_only,2.547476639166959,12.021489707941395,13.907538092125202,6,3,2,coverage_validated_cumulative_scores_uncalibrated,,unavailable,,0,0
2026-10-09,弥彦,6,062120261009,1791517920,1791517620,7,8,015449,橋本優己,逃,103.86,,,,,0.03425534345204134,0.021705949845908755,0.05063306204125636,0.09217010634304693,position_specialists,0.02170594984590876,False,,,C,0.304,0.304,0.19,0.06,-0.15253611897972563,0.14940922030015907,0.07208759305729844,0.014189036961020867,0.0017360741598134834,,0,,,0,,cumulative_place,,,False,4.0,1.0,2.0,4,verified,winticket_line_prediction,provider_forecast_structure_only,2.1705949845908754,5.063306204125637,9.217010634304692,7,9,6,coverage_validated_cumulative_scores_uncalibrated,,unavailable,,0,0
2026-10-09,弥彦,6,062120261009,1791517920,1791517620,8,3,014103,村田雅一,追,109.35,,,,,0.03929048325054703,0.019631658462818925,0.07064435623236082,0.08468764305199793,position_specialists,0.01963165846281893,False,,,C,0.187,0.437,0.18,0.16,0.0862160672494103,-0.005371028379486605,-0.2634621750897674,-0.06753981593445929,0.0002893456933022475,,0,,,0,,cumulative_place,,,False,4.0,2.0,2.0,4,verified,winticket_line_prediction,provider_forecast_structure_only,1.9631658462818926,7.064435623236083,8.468764305199793,8,7,9,coverage_validated_cumulative_scores_uncalibrated,,unavailable,,0,0
2026-10-09,弥彦,6,062120261009,1791517920,1791517620,9,6,014677,角令央奈,両,103.04,,,,,0.012892297069382426,0.006210714810245753,0.05123570436929431,0.11374215311583584,position_specialists,0.006210714810245755,False,,,C,0.32,0.36,0.06,0.13,0.0862160672494103,-0.2990673258612435,0.11277365262770614,-0.06753981593445929,0.0,,0,,,0,,cumulative_place,,,False,1.0,3.0,3.0,4,verified,winticket_line_prediction,provider_forecast_structure_only,0.6210714810245753,5.123570436929432,11.374215311583583,9,8,5,coverage_validated_cumulative_scores_uncalibrated,,unavailable,,0,0
2026-10-09,静岡,6,063820261009,1791518820,1791518520,1,4,014459,根藤浩二,両,86.0,,,,,0.3882168292448311,0.5167076071717286,0.24937684501945998,0.1037549735649253,position_specialists,0.5167076071717286,False,,0.35064828661325587,A,0.29,0.5,0.16,0.11,0.09547613334806448,0.11116660379366454,0.15038560531495448,0.18590504455731854,0.000578556854140372,,0,,,0,,cumulative_place,,,False,4.0,1.0,2.0,4,verified,winticket_line_prediction,provider_forecast_structure_only,51.67076071717286,24.937684501946,10.375497356492533,1,2,6,coverage_validated_cumulative_scores_uncalibrated,,unavailable,,0,0
2026-10-09,静岡,6,063820261009,1791518820,1791518520,2,3,015885,五輪拓巳,逃,81.66,,,,,0.17957163802995754,0.16605932055847272,0.1581673384279334,0.1790146436096504,position_specialists,0.16605932055847272,False,,,A,0.237,0.285,0.09,0.09,0.051164488551417066,0.3069208030911131,0.07422111511603845,-0.04320328500275712,0.004223465035224714,,0,,,0,,cumulative_place,,,False,2.0,1.0,2.0,4,verified,winticket_line_prediction,provider_forecast_structure_only,16.605932055847273,15.81673384279334,17.901464360965043,2,3,2,coverage_validated_cumulative_scores_uncalibrated,,unavailable,,0,0
2026-10-09,静岡,6,063820261009,1791518820,1791518520,3,2,012963,荻野哲,追,85.5,,,,,0.15282154178427743,0.1558280112337307,0.2737141027649565,0.13904869531280914,position_specialists,0.1558280112337307,False,,,A,0.307,0.461,0.24,0.13,0.07259752380076986,0.02826819422909165,0.17698537322811644,0.030111380456467086,0.0008389074385035389,,0,,,0,,cumulative_place,,,False,4.0,2.0,2.0,4,verified,winticket_line_prediction,provider_forecast_structure_only,15.58280112337307,27.37141027649565,13.904869531280916,3,1,4,coverage_validated_cumulative_scores_uncalibrated,,unavailable,,0,0
2026-10-09,静岡,6,063820261009,1791518820,1791518520,4,7,015266,福田真平,追,83.22,,,,,0.15711644937248787,0.11284838793790608,0.09962643001104875,0.1594417859469545,position_specialists,0.11284838793790608,False,,,A,0.0,0.222,0.09,0.21,0.15433217260789883,0.22402239352654013,-0.14859969062281775,-0.04320328500275712,0.0016488870343000595,,0,,,0,,cumulative_place,,,False,1.0,2.0,2.0,4,verified,winticket_line_prediction,provider_forecast_structure_only,11.284838793790609,9.962643001104874,15.944178594695451,4,4,3,coverage_validated_cumulative_scores_uncalibrated,,unavailable,,0,0
2026-10-09,静岡,6,063820261009,1791518820,1791518520,5,1,015534,牛田樹希斗,逃,77.63,,,,,0.07512405896841208,0.03334814265378702,0.0856188692670069,0.11635574514763314,position_specialists,0.03334814265378702,False,,,A,0.133,0.133,0.1,0.08,-0.0748818050523596,-0.05447156484263807,0.0442069782093439,-0.04320328500275712,0.0009835466520386321,,0,,,0,,cumulative_place,,,False,1.0,1.0,2.0,4,verified,winticket_line_prediction,provider_forecast_structure_only,3.3348142653787023,8.56188692670069,11.635574514763315,5,5,5,coverage_validated_cumulative_scores_uncalibrated,,unavailable,,0,0
2026-10-09,静岡,6,063820261009,1791518820,1791518520,6,5,013723,高谷進太郎,両,81.55,,,,,0.033486544899443,0.011533716469146506,0.08200390308078662,0.20239125129543606,position_specialists,0.011533716469146506,False,,,A,0.0,0.111,0.2,0.0,-0.07088431286207736,-0.2079681309187764,-0.14859969062281775,-0.04320328500275712,0.0016488870343000595,,0,,,0,,cumulative_place,,,False,3.0,1.0,1.0,4,verified,winticket_line_prediction,provider_forecast_structure_only,1.1533716469146507,8.200390308078662,20.23912512954361,6,6,1,coverage_validated_cumulative_scores_uncalibrated,,unavailable,,0,0
2026-10-09,静岡,6,063820261009,1791518820,1791518520,7,6,013175,峠祐介,追,77.12,,,,,0.013662937700590917,0.0036748139752284087,0.051492511428807904,0.09999290512259146,position_specialists,0.0036748139752284087,False,,,A,0.0,0.04,0.0,0.08,-0.22780420039371305,-0.09219592841549205,-0.14859969062281775,-0.04320328500275712,0.0016488870343000595,,0,,,0,,cumulative_place,,,False,2.0,2.0,2.0,4,verified,winticket_line_prediction,provider_forecast_structure_only,0.36748139752284087,5.14925114288079,9.999290512259147,7,7,7,coverage_validated_cumulative_scores_uncalibrated,,unavailable,,0,0
2026-10-09,弥彦,7,072120261009,1791519720,1791519420,1,1,014089,浅井康太,両,114.29,,,,,0.4421542596095425,0.522586185096163,0.14695039337379495,0.12397399719682692,position_specialists,0.5225861850961631,False,,0.36175416419027895,A,0.354,0.483,0.04,0.18,0.12753117576734857,0.2661131520402081,0.1266165944719551,-0.035487117621469604,0.0015075789526102451,,0,,,0,,cumulative_place,,,False,2.0,2.0,3.0,3,verified,winticket_line_prediction,provider_forecast_structure_only,52.2586185096163,14.695039337379495,12.397399719682692,1,3,5,coverage_validated_cumulative_scores_uncalibrated,,unavailable,,0,0
2026-10-09,弥彦,7,072120261009,1791519720,1791519420,2,3,015061,取鳥雄吾,逃,112.18,,,,,0.1790883337532816,0.16083202090588405,0.12454393202309166,0.05722258574881185,position_specialists,0.16083202090588408,False,,,A,0.5,0.59,0.18,0.07,0.11054100267992219,0.16951049481802016,0.08007873742947931,-0.07954009122053533,0.001707111461043954,,0,,,0,,cumulative_place,,,False,1.0,1.0,2.0,3,verified,winticket_line_prediction,provider_forecast_structure_only,16.083202090588404,12.454393202309166,5.722258574881185,2,4,8,coverage_validated_cumulative_scores_uncalibrated,,unavailable,,0,0
2026-10-09,弥彦,7,072120261009,1791519720,1791519420,3,9,015356,杉浦侑吾,逃,111.1,,,,,0.15007015333470464,0.15754118538610518,0.1804757409621967,0.1331389405279792,position_specialists,0.1575411853861052,False,,,A,0.466,0.6659999999999999,0.19,0.13,0.008599964155363874,0.15852646741799425,0.13996849777731607,0.12971153337502683,0.0019066439694776633,,0,,,0,,cumulative_place,,,False,3.0,1.0,4.0,3,verified,winticket_line_prediction,provider_forecast_structure_only,15.754118538610518,18.04757409621967,13.31389405279792,3,1,3,coverage_validated_cumulative_scores_uncalibrated,,unavailable,,0,0
2026-10-09,弥彦,7,072120261009,1791519720,1791519420,4,2,014861,金子幸央,両,110.11,,,,,0.11155624577863699,0.09099513394427625,0.1748269029908785,0.16020856169270992,position_specialists,0.09099513394427626,False,,,A,0.3329999999999999,0.5,0.22,0.25,-0.025380382019488845,0.2661131520402081,-0.06502223459471743,0.14072477677479328,0.0021061764779113723,,0,,,0,,cumulative_place,,,False,3.0,2.0,4.0,3,verified,winticket_line_prediction,provider_forecast_structure_only,9.099513394427625,17.48269029908785,16.020856169270992,4,2,1,coverage_validated_cumulative_scores_uncalibrated,,unavailable,,0,0
2026-10-09,弥彦,7,072120261009,1791519720,1791519420,5,4,015718,棚瀬義大,逃,106.91,,,,,0.05133806677636535,0.03273520848888464,0.11482439769739294,0.12833535130728144,position_specialists,0.03273520848888465,False,,,A,0.6,0.68,0.22,0.16,0.14640914586448903,0.015734111217657706,0.012670063493600642,-0.07954009122053533,8.868111485942621e-05,,0,,,0,,cumulative_place,,,False,2.0,1.0,3.0,3,verified,winticket_line_prediction,provider_forecast_structure_only,3.2735208488884644,11.482439769739294,12.833535130728144,5,5,4,coverage_validated_cumulative_scores_uncalibrated,,unavailable,,0,0
2026-10-09,弥彦,7,072120261009,1791519720,1791519420,6,7,013963,柏野智典,追,108.32,,,,,0.03515484483699555,0.024297873371973557,0.09539645968241689,0.14246757595812617,position_specialists,0.024297873371973564,False,,,A,0.3329999999999999,0.466,0.14,0.18,0.014263355184506056,0.07938468623976797,0.07973314860892962,-0.020802793088447694,0.000886811148594262,,0,,,0,,cumulative_place,,,False,1.0,2.0,2.0,3,verified,winticket_line_prediction,provider_forecast_structure_only,2.4297873371973555,9.53964596824169,14.246757595812618,6,6,2,coverage_validated_cumulative_scores_uncalibrated,,unavailable,,0,0
2026-10-09,弥彦,7,072120261009,1791519720,1791519420,7,8,014996,岡本総,追,106.47,,,,,0.013121242559030672,0.005497493189259634,0.07978130429202997,0.10828606971290114,position_specialists,0.005497493189259635,False,,,A,0.304,0.391,0.06,0.2,-0.042370555106915245,-0.18152766410719937,-0.03525014883107389,0.012236937110851599,0.0012858761654616798,,0,,,0,,cumulative_place,,,False,2.0,3.0,3.0,3,verified,winticket_line_prediction,provider_forecast_structure_only,0.5497493189259633,7.978130429202997,10.828606971290114,7,7,7,coverage_validated_cumulative_scores_uncalibrated,,unavailable,,0,0
2026-10-09,弥彦,7,072120261009,1791519720,1791519420,8,5,013532,佐々木雄一,追,106.94,,,,,0.014585036215186706,0.004967291062188894,0.06757359044212535,0.11680939689831314,position_specialists,0.004967291062188895,False,,,A,0.315,0.421,0.0,0.15,-0.21227228598117906,-0.18152766410719937,-0.0735779146444084,0.012236937110851599,0.00048774613172684384,,0,,,0,,cumulative_place,,,False,3.0,3.0,4.0,3,verified,winticket_line_prediction,provider_forecast_structure_only,0.49672910621888944,6.757359044212535,11.680939689831314,8,8,6,coverage_validated_cumulative_scores_uncalibrated,,unavailable,,0,0
2026-10-09,弥彦,7,072120261009,1791519720,1791519420,9,6,014440,渡辺正光,追,96.45,,,,,0.0029318171362560205,0.0005476085552646983,0.015627278536073,0.02955752095705014,position_specialists,0.0005476085552646984,False,,,A,0.04,0.2,0.0,0.35,-0.12732142054404716,-0.18152766410719937,-0.2652167437110809,-0.07954009122053533,0.004478396300401023,,0,,,0,,cumulative_place,,,False,3.0,4.0,4.0,3,verified,winticket_line_prediction,provider_forecast_structure_only,0.05476085552646982,1.5627278536073,2.955752095705014,9,9,9,coverage_validated_cumulative_scores_uncalibrated,,unavailable,,0,0
2026-10-09,静岡,7,073820261009,1791520800,1791520500,1,5,015462,溝口葵,逃,90.12,,,,,0.3625917644527606,0.3928570672115651,0.1588585202149199,0.1515713356468892,position_specialists,0.3928570672115651,False,,0.06205437936450253,C,0.583,0.708,0.14,0.13,0.13436321085866804,0.0019139637759689183,0.20715237973770922,-0.05856508224937869,0.0012991849097864834,,0,,,0,,cumulative_place,,0.0,False,3.0,1.0,2.0,3,verified,winticket_line_prediction,provider_forecast_structure_only,39.28570672115651,15.88585202149199,15.157133564688921,1,3,2,coverage_validated_cumulative_scores_uncalibrated,,unavailable,,0,0
2026-10-09,静岡,7,073820261009,1791520800,1791520500,2,7,013980,森田康嗣,両,88.52,,,,,0.26110274481204254,0.33080268784706257,0.3941476306344861,0.3731453032267433,position_specialists,0.33080268784706257,False,,,C,0.523,0.5710000000000001,0.22,0.11,0.24222262938640987,0.20953587666863815,0.15804170825208205,-0.05856508224937869,0.0011810771907149855,,0,,,0,,cumulative_place,,0.0,False,1.0,1.0,3.0,3,verified,winticket_line_prediction,provider_forecast_structure_only,33.080268784706256,39.41476306344862,37.31453032267433,2,1,1,coverage_validated_cumulative_scores_uncalibrated,,unavailable,,0,0
2026-10-09,静岡,7,073820261009,1791520800,1791520500,3,3,014032,藤田真,両,87.33,,,,,0.18012779850633157,0.15932976336619808,0.1726377075028344,0.11877688225825309,position_specialists,0.15932976336619808,False,,,C,0.2769999999999999,0.5,0.16,0.16,-0.05116333545781563,0.24328488572534288,-0.0019539598472315053,0.1242529447723305,0.0038680277995915766,,0,,,0,,cumulative_place,,0.0,False,3.0,2.0,2.0,3,verified,winticket_line_prediction,provider_forecast_structure_only,15.93297633661981,17.26377075028344,11.877688225825308,3,2,4,coverage_validated_cumulative_scores_uncalibrated,,unavailable,,0,0
2026-10-09,静岡,7,073820261009,1791520800,1791520500,4,2,013601,工藤政志,追,84.82,,,,,0.13502477886028652,0.09068495041134435,0.13106639593658567,0.0993081744302612,position_specialists,0.09068495041134435,False,,,C,0.346,0.478,0.2,0.2,0.017862519175555196,-0.02096118522896335,0.11530321254536056,-0.01424556054714617,0.0006791193846611163,,0,,,0,,cumulative_place,,0.0,False,1.0,2.0,3.0,3,verified,winticket_line_prediction,provider_forecast_structure_only,9.068495041134435,13.106639593658569,9.93081744302612,4,4,5,coverage_validated_cumulative_scores_uncalibrated,,unavailable,,0,0
2026-10-09,静岡,7,073820261009,1791520800,1791520500,5,1,013775,鈴木良太,追,84.73,,,,,0.033441925624990265,0.016250567888897564,0.05671683293770472,0.04454097369260266,position_specialists,0.016250567888897564,False,,,C,0.133,0.4,0.25,0.09,-0.17540987379788311,0.11116185024818977,-0.17376061213154725,0.1242529447723305,0.0005610116655896184,,0,,,0,,cumulative_place,,0.0,False,2.0,2.0,2.0,3,verified,winticket_line_prediction,provider_forecast_structure_only,1.6250567888897565,5.671683293770473,4.454097369260266,5,5,7,coverage_validated_cumulative_scores_uncalibrated,,unavailable,,0,0
2026-10-09,静岡,7,073820261009,1791520800,1791520500,6,6,015892,山本和瑳,逃,79.33,,,,,0.022503896391223084,0.008794887596212587,0.054953207453804886,0.08250359825724171,position_specialists,0.008794887596212587,False,,,C,0.19,0.238,0.14,0.12,-0.13915825878916377,0.11516227989924303,-0.0828448123120078,-0.05856508224937869,0.0006791193846611163,,0,,,0,,cumulative_place,,0.0,False,2.0,1.0,2.0,3,verified,winticket_line_prediction,provider_forecast_structure_only,0.8794887596212587,5.495320745380489,8.250359825724171,6,6,6,coverage_validated_cumulative_scores_uncalibrated,,unavailable,,0,0
2026-10-09,静岡,7,073820261009,1791520800,1791520500,7,4,013548,手島志誠,追,80.41,,,,,0.005207091352365283,0.0012800756787198127,0.031619705319664265,0.13015373248800885,position_specialists,0.0012800756787198127,False,,,C,0.083,0.3329999999999999,0.06,0.27,-0.028716891375770336,-0.2917315722143331,-0.2219379162443652,-0.05856508224937869,0.0029526929767874624,,0,,,0,,cumulative_place,,1.0,False,1.0,3.0,3.0,3,verified,winticket_line_prediction,provider_forecast_structure_only,0.12800756787198125,3.161970531966427,13.015373248800884,7,7,3,coverage_validated_cumulative_scores_uncalibrated,,unavailable,,0,0
2026-10-09,弥彦,8,082120261009,1791521940,1791521640,1,1,015343,佐々木悠葵,両,114.5,,,,,0.37649912490470877,0.4172335316702381,0.11123135448959366,0.08109529125901133,position_specialists,0.4172335316702381,False,,0.12496910044824727,B,0.4539999999999999,0.636,0.17,0.08,0.11281339377331026,0.14453145727379768,0.03173920907782135,0.08104268037262223,0.002138600434547073,,0,,,0,,cumulative_place,,,False,1.0,1.0,3.0,3,verified,winticket_line_prediction,provider_forecast_structure_only,41.72335316702381,11.123135448959367,8.109529125901135,1,4,8,coverage_validated_cumulative_scores_uncalibrated,,unavailable,,0,0
2026-10-09,弥彦,8,082120261009,1791521940,1791521640,2,2,014417,山田庸平,両,111.71,,,,,0.25580550564315097,0.2922644312219908,0.19425632491167796,0.1098556645413147,position_specialists,0.2922644312219908,False,,,B,0.478,0.565,0.14,0.14,0.1801195511303064,0.3443061804400157,0.07848520432297412,-0.08323302308539582,0.003574973860735407,,0,,,0,,cumulative_place,,,False,2.0,2.0,3.0,3,verified,winticket_line_prediction,provider_forecast_structure_only,29.22644312219908,19.425632491167796,10.98556645413147,2,1,4,coverage_validated_cumulative_scores_uncalibrated,,unavailable,,0,0
2026-10-09,弥彦,8,082120261009,1791521940,1791521640,3,5,014659,武藤龍生,追,113.25,,,,,0.16805666826280458,0.17746819601134203,0.19323535920034526,0.13609323052050062,position_specialists,0.17746819601134203,False,,,B,0.444,0.518,0.18,0.12,0.061259741329653616,0.13033065237582134,0.1252311995681269,0.03504548340437717,0.00015959704735425944,,0,,,0,,cumulative_place,,,False,1.0,2.0,3.0,3,verified,winticket_line_prediction,provider_forecast_structure_only,17.746819601134202,19.323535920034526,13.609323052050065,3,2,3,coverage_validated_cumulative_scores_uncalibrated,,unavailable,,0,0
2026-10-09,弥彦,8,082120261009,1791521940,1791521640,4,7,015649,後藤大輝,逃,108.33,,,,,0.09091079014386694,0.05232333455215051,0.17624842630138715,0.16538019173944932,position_specialists,0.05232333455215051,False,,,B,0.57,0.619,0.2,0.07,-0.11917804222314445,0.13115798676978555,-0.06623407680342686,0.06132959595766006,0.0012767763788340738,,0,,,0,,cumulative_place,,,False,2.0,1.0,3.0,3,verified,winticket_line_prediction,provider_forecast_structure_only,5.232333455215051,17.624842630138716,16.538019173944935,4,3,1,coverage_validated_cumulative_scores_uncalibrated,,unavailable,,0,0
2026-10-09,弥彦,8,082120261009,1791521940,1791521640,5,3,014252,三谷将太,追,109.47,,,,,0.05367876364034545,0.03555979256406314,0.09606159880331411,0.09021611713552463,position_specialists,0.03555979256406314,False,,,B,0.409,0.545,0.15,0.18,0.048371328218739504,0.11695718187180917,0.021733196038136657,-0.08323302308539582,0.002170519844017925,,0,,,0,,cumulative_place,,,False,3.0,2.0,3.0,3,verified,winticket_line_prediction,provider_forecast_structure_only,3.555979256406314,9.606159880331411,9.021611713552465,5,5,7,coverage_validated_cumulative_scores_uncalibrated,,unavailable,,0,0
2026-10-09,弥彦,8,082120261009,1791521940,1791521640,6,8,015822,谷内健太,逃,106.45,,,,,0.03038195930440621,0.016077775991880122,0.06306971194748151,0.10584594688691497,position_specialists,0.016077775991880122,False,,,B,0.3329999999999999,0.583,0.24,0.17,-0.20939693399954354,0.0910375752577491,-0.014658978748064974,0.13361090547918802,0.0001276776378834074,,0,,,0,,cumulative_place,,,False,3.0,1.0,3.0,3,verified,winticket_line_prediction,provider_forecast_structure_only,1.607777599188012,6.306971194748151,10.5845946886915,6,7,5,coverage_validated_cumulative_scores_uncalibrated,,unavailable,,0,0
2026-10-09,弥彦,8,082120261009,1791521940,1791521640,7,9,013920,山崎芳仁,追,106.56,,,,,0.01080683922097575,0.004349846487235861,0.06935395166483999,0.14509512288408583,position_specialists,0.004349846487235861,False,,,B,0.32,0.4,0.06,0.13,-0.003182324224917146,-0.14684473283487434,-0.012766138471860103,-0.08323302308539582,0.0010214211030672592,,0,,,0,,cumulative_place,,,False,1.0,3.0,3.0,3,verified,winticket_line_prediction,provider_forecast_structure_only,0.4349846487235861,6.935395166483999,14.509512288408587,7,6,2,coverage_validated_cumulative_scores_uncalibrated,,unavailable,,0,0
2026-10-09,弥彦,8,082120261009,1791521940,1791521640,8,6,014886,山本伸一,両,104.85,,,,,0.006956851620079982,0.0025280684835932935,0.04916738829558135,0.0948244494387636,position_specialists,0.0025280684835932935,False,,,B,0.304,0.478,0.2,0.1,-0.003182324224917146,-0.2270855558589472,-0.047265472981856856,0.021903427127735735,0.0004468717325919255,,0,,,0,,cumulative_place,,,False,3.0,3.0,3.0,3,verified,winticket_line_prediction,provider_forecast_structure_only,0.2528068483593294,4.916738829558135,9.482444943876361,8,8,6,coverage_validated_cumulative_scores_uncalibrated,,unavailable,,0,0
2026-10-09,弥彦,8,082120261009,1791521940,1791521640,9,4,012339,内藤宣彦,追,106.56,,,,,0.0069034972596614215,0.0021950230175060686,0.04737588438577905,0.07159398559443492,position_specialists,0.0021950230175060686,False,,,B,0.2,0.36,0.04,0.25,-0.06762438977948791,-0.17359167384289867,-0.11626414200185037,-0.08323302308539582,0.0033196185849685917,,0,,,0,,cumulative_place,,,False,2.0,3.0,3.0,3,verified,winticket_line_prediction,provider_forecast_structure_only,0.21950230175060687,4.737588438577904,7.159398559443494,9,9,9,coverage_validated_cumulative_scores_uncalibrated,,unavailable,,0,0
2026-10-09,静岡,8,083820261009,1791523020,1791522720,1,2,014455,小野裕次,追,90.73,,,,,0.3975345105939037,0.4806371204381277,0.5937118361350634,0.3874551694259787,position_specialists,0.4806371204381276,False,,0.16164285970751874,B,0.583,0.6659999999999999,0.27,0.08,0.1527024361496344,0.24351304299435064,0.19355105160561548,-0.05753404625175636,0.0005337783341060651,,0,,,0,,cumulative_place,,,False,1.0,2.0,3.0,3,verified,winticket_line_prediction,provider_forecast_structure_only,48.06371204381277,59.37118361350634,38.74551694259787,1,1,1,coverage_validated_cumulative_scores_uncalibrated,,unavailable,,0,0
2026-10-09,静岡,8,083820261009,1791523020,1791522720,2,5,015704,坪内恒,逃,89.83,,,,,0.2709351236814644,0.31899426073060894,0.07561095469353643,0.06897622851068398,position_specialists,0.3189942607306089,False,,,B,0.4579999999999999,0.4579999999999999,0.22,0.05,0.13395849795304718,0.20753417343095965,0.06287056977005503,0.16397203181750564,0.0038031706305057147,,0,,,0,,cumulative_place,,,False,1.0,1.0,3.0,3,verified,winticket_line_prediction,provider_forecast_structure_only,31.899426073060894,7.561095469353643,6.897622851068398,2,4,7,coverage_validated_cumulative_scores_uncalibrated,,unavailable,,0,0
2026-10-09,静岡,8,083820261009,1791523020,1791522720,3,4,015327,阿部架惟都,逃,90.84,,,,,0.17383003167883687,0.11231270909675234,0.12236174736242009,0.1518601947614342,position_specialists,0.11231270909675233,False,,,B,0.526,0.526,0.2,0.1,-0.11170801773059957,0.05773044380622458,0.03522109873720769,-0.05753404625175636,0.00180150187760797,,0,,,0,,cumulative_place,,,False,3.0,1.0,2.0,3,verified,winticket_line_prediction,provider_forecast_structure_only,11.231270909675233,12.236174736242008,15.18601947614342,3,2,2,coverage_validated_cumulative_scores_uncalibrated,,unavailable,,0,0
2026-10-09,静岡,8,083820261009,1791523020,1791522720,4,3,014439,山崎司,追,86.91,,,,,0.06894566342924138,0.054666355546813004,0.08444599162423028,0.09730106556345178,position_specialists,0.054666355546813,False,,,B,0.3329999999999999,0.5,0.18,0.14,0.13232144953503167,0.16028874875838672,-0.0020388808723804386,0.06832167992396068,0.0022685579199507775,,0,,,0,,cumulative_place,,,False,3.0,2.0,2.0,3,verified,winticket_line_prediction,provider_forecast_structure_only,5.4666355546813,8.444599162423028,9.730106556345177,4,3,4,coverage_validated_cumulative_scores_uncalibrated,,unavailable,,0,0
2026-10-09,静岡,8,083820261009,1791523020,1791522720,5,1,014597,上田隼,追,85.14,,,,,0.05077229528398057,0.022219129099907635,0.047279012602643854,0.08142852183821937,position_specialists,0.02221912909990763,False,,,B,0.237,0.38,0.22,0.16,-0.07239899151980543,0.11035417221680836,-0.09983384711137838,-0.05753404625175636,0.0012343623976202758,,0,,,0,,cumulative_place,,,False,2.0,2.0,2.0,3,verified,winticket_line_prediction,provider_forecast_structure_only,2.2219129099907633,4.727901260264385,8.142852183821937,5,5,6,coverage_validated_cumulative_scores_uncalibrated,,unavailable,,0,0
2026-10-09,静岡,8,083820261009,1791523020,1791522720,6,6,015101,松岡晋乃介,逃,81.19,,,,,0.02032733824898374,0.006309164018239507,0.031187512405963774,0.09392463322034515,position_specialists,0.006309164018239506,False,,,B,0.19,0.3329999999999999,0.08,0.2,-0.005250210113536671,-0.15865272120728155,-0.12253446709740705,-0.0021575267344408613,0.00180150187760797,,0,,,0,,cumulative_place,,,False,2.0,1.0,2.0,3,verified,winticket_line_prediction,provider_forecast_structure_only,0.6309164018239507,3.1187512405963775,9.392463322034516,6,7,5,coverage_validated_cumulative_scores_uncalibrated,,unavailable,,0,0
2026-10-09,静岡,8,083820261009,1791523020,1791522720,7,7,014078,植草亮介,追,85.38,,,,,0.017655037083589422,0.00486126106955099,0.04540294517614225,0.11905418667988683,position_specialists,0.0048612610695509895,False,,,B,0.3329999999999999,0.444,0.18,0.27,-0.22962516427377094,-0.2524017611253622,-0.0672355250317124,-0.05753404625175636,0.000300250312934662,,0,,,0,,cumulative_place,,,False,1.0,3.0,3.0,3,verified,winticket_line_prediction,provider_forecast_structure_only,0.48612610695509906,4.540294517614225,11.905418667988684,7,6,3,coverage_validated_cumulative_scores_uncalibrated,,unavailable,,0,0
2026-10-09,弥彦,9,092120261009,1791524160,1791523860,1,9,015465,石原颯,逃,115.33,,,,,0.5065937412127866,0.5510665483264295,0.12948088398482693,0.11945067463981052,position_specialists,0.5510665483264295,False,,0.38406861195715214,A,0.5,0.625,0.17,0.07,-0.17347741445350087,0.27882382722874105,0.0020456260093114492,0.042360856225893195,0.004894067067941667,,0,,,0,,cumulative_place,,,False,4.0,1.0,2.0,4,verified,winticket_line_prediction,provider_forecast_structure_only,55.10665483264295,12.948088398482692,11.94506746398105,1,3,3,coverage_validated_cumulative_scores_uncalibrated,,unavailable,,0,0
2026-10-09,弥彦,9,092120261009,1791524160,1791523860,2,2,014794,阿部力也,追,113.04,,,,,0.12431315392230946,0.1669979363692774,0.10618544103730061,0.08424308136320964,position_specialists,0.1669979363692774,False,,,A,0.4579999999999999,0.75,0.2,0.18,0.14904397579807815,0.28167660422621177,0.06630706455112212,-0.04561938362788495,0.0005851601929060693,,0,,,0,,cumulative_place,,,False,3.0,2.0,2.0,4,verified,winticket_line_prediction,provider_forecast_structure_only,16.69979363692774,10.618544103730061,8.424308136320963,2,6,8,coverage_validated_cumulative_scores_uncalibrated,,unavailable,,0,0
2026-10-09,弥彦,9,092120261009,1791524160,1791523860,3,5,013791,村上博幸,追,110.0,,,,,0.09726305497115413,0.06394952921417005,0.16170545475224846,0.19720674061475713,position_specialists,0.06394952921417005,False,,,A,0.312,0.437,0.12,0.12,-0.1368272564703669,0.14883988256057504,-0.1518858850721554,0.07901928949830075,0.0013033113387453355,,0,,,0,,cumulative_place,,,False,1.0,2.0,3.0,4,verified,winticket_line_prediction,provider_forecast_structure_only,6.394952921417005,16.170545475224845,19.720674061475712,3,2,1,coverage_validated_cumulative_scores_uncalibrated,,unavailable,,0,0
2026-10-09,弥彦,9,092120261009,1791524160,1791523860,4,3,013140,小倉竜二,追,110.28,,,,,0.07365019437603809,0.0581189585294912,0.1658722992968255,0.13559904435057385,position_specialists,0.0581189585294912,False,,,A,0.423,0.653,0.21,0.14,0.07574365983181021,0.04921234131134754,0.06630706455112212,-0.16292637009958913,0.0008511420987724633,,0,,,0,,cumulative_place,,,False,4.0,2.0,2.0,4,verified,winticket_line_prediction,provider_forecast_structure_only,5.81189585294912,16.58722992968255,13.559904435057385,4,1,2,coverage_validated_cumulative_scores_uncalibrated,,unavailable,,0,0
2026-10-09,弥彦,9,092120261009,1791524160,1791523860,5,7,014505,雨谷一樹,両,109.82,,,,,0.04733933187766224,0.05560884203680989,0.09223075240522047,0.08874052872971792,position_specialists,0.05560884203680989,False,,,A,0.481,0.586,0.24,0.06,0.13438391260482457,0.016003160894938393,0.1754035393627609,0.07901928949830075,0.0022874443904509958,,0,,,0,,cumulative_place,,,False,2.0,2.0,2.0,4,verified,winticket_line_prediction,provider_forecast_structure_only,5.560884203680989,9.223075240522046,8.874052872971792,5,7,7,coverage_validated_cumulative_scores_uncalibrated,,unavailable,,0,0
2026-10-09,弥彦,9,092120261009,1791524160,1791523860,6,4,015692,松崎広太,逃,107.43,,,,,0.060431652400690164,0.05303611164401529,0.11898269320467224,0.11127645198302943,position_specialists,0.05303611164401529,False,,,A,0.466,0.6659999999999999,0.21,0.14,-0.012216719327711347,0.09617333493849065,0.04669671918515128,0.07901928949830075,0.0003723746682129526,,0,,,0,,cumulative_place,,,False,2.0,1.0,2.0,4,verified,winticket_line_prediction,provider_forecast_structure_only,5.303611164401529,11.898269320467223,11.127645198302943,6,4,4,coverage_validated_cumulative_scores_uncalibrated,,unavailable,,0,0
2026-10-09,弥彦,9,092120261009,1791524160,1791523860,7,1,015272,中釜章成,逃,109.69,,,,,0.06721224873286394,0.04136926390337334,0.11741655023875938,0.11066392990640914,position_specialists,0.04136926390337334,False,,,A,0.23,0.423,0.13,0.16,-0.11483716168048645,0.02975497410567234,-0.08707261724837988,0.02036579626244865,0.0006117583834927076,,0,,,0,,cumulative_place,,,False,1.0,1.0,3.0,4,verified,winticket_line_prediction,provider_forecast_structure_only,4.136926390337334,11.741655023875937,11.066392990640914,7,5,5,coverage_validated_cumulative_scores_uncalibrated,,unavailable,,0,0
2026-10-09,弥彦,9,092120261009,1791524160,1791523860,8,6,014348,坂本貴史,両,101.57,,,,,0.014272381582560011,0.0059259464139822995,0.048403127790982235,0.04949517866681347,position_specialists,0.0059259464139822995,False,,,A,0.345,0.423,0.17,0.16,0.07574365983181021,-0.1861046986009873,-0.03864660947453651,-0.08960950355477401,0.0013299095293319739,,0,,,0,,cumulative_place,,,False,3.0,1.0,2.0,4,verified,winticket_line_prediction,provider_forecast_structure_only,0.5925946413982299,4.840312779098223,4.949517866681347,8,9,9,coverage_validated_cumulative_scores_uncalibrated,,unavailable,,0,0
2026-10-09,弥彦,9,092120261009,1791524160,1791523860,9,8,014318,椎木尾拓哉,追,105.39,,,,,0.00892424092393552,0.003926863562451137,0.05972279728916415,0.10332436974567881,position_specialists,0.003926863562451137,False,,,A,0.29,0.625,0.05,0.2,0.0024433438655422565,-0.22984718854181332,-0.07915490186439622,-0.0016292637009958813,0.0013299095293319739,,0,,,0,,cumulative_place,,,False,1.0,3.0,3.0,4,verified,winticket_line_prediction,provider_forecast_structure_only,0.3926863562451137,5.972279728916416,10.33243697456788,9,8,6,coverage_validated_cumulative_scores_uncalibrated,,unavailable,,0,0
2026-10-09,静岡,9,093820261009,1791525240,1791524940,1,2,015332,鈴木涼介,逃,91.4,,,,,0.5768783507420426,0.6548957729419314,0.2515986827760383,0.20734190562635713,position_specialists,0.6548957729419314,False,,0.46196917454444314,S,0.475,0.476,0.08,0.05,-0.09467485380852776,-0.05114592361830694,0.2924893701693684,0.05564892533821568,0.0009493700744046268,,0,,,0,,cumulative_place,,,False,1.0,1.0,2.0,3,verified,winticket_line_prediction,provider_forecast_structure_only,65.48957729419314,25.159868277603834,20.734190562635717,1,1,2,coverage_validated_cumulative_scores_uncalibrated,,unavailable,,0,0
2026-10-09,静岡,9,093820261009,1791525240,1791524940,2,5,014314,中川繁樹,逃,86.78,,,,,0.17127541959659795,0.1929265983974882,0.17351053182717993,0.1136163408061927,position_specialists,0.1929265983974882,False,,,S,0.4,0.55,0.18,0.1,0.22678106766997086,0.2142479251808016,0.031424222976846425,0.04244409559694417,0.0002589191112012616,,0,,,0,,cumulative_place,,,False,3.0,1.0,2.0,3,verified,winticket_line_prediction,provider_forecast_structure_only,19.292659839748822,17.351053182717997,11.361634080619272,2,2,4,coverage_validated_cumulative_scores_uncalibrated,,unavailable,,0,0
2026-10-09,静岡,9,093820261009,1791525240,1791524940,3,3,014400,志水祐彦,追,86.64,,,,,0.06331639871138126,0.04731117224315213,0.15076802923817298,0.10903141251080706,position_specialists,0.04731117224315213,False,,,S,0.2769999999999999,0.3879999999999999,0.26,0.08,0.0216506350946109,0.17036479948261868,0.01581991365932458,-0.06319454233322797,0.00034522548160168236,,0,,,0,,cumulative_place,,,False,3.0,2.0,2.0,3,verified,winticket_line_prediction,provider_forecast_structure_only,4.731117224315213,15.076802923817299,10.903141251080708,3,4,6,coverage_validated_cumulative_scores_uncalibrated,,unavailable,,0,0
2026-10-09,静岡,9,093820261009,1791525240,1791524940,4,1,012417,須藤直道,追,82.24,,,,,0.06922645254179007,0.045021846105998034,0.08461257051178411,0.1240629509760062,position_specialists,0.045021846105998034,False,,,S,0.1369999999999999,0.31,0.09,0.05,0.12880260892077722,0.21861822653700203,-0.05058791720421139,-0.06319454233322797,0.0017692805932086229,,0,,,0,,cumulative_place,,,False,2.0,2.0,3.0,3,verified,winticket_line_prediction,provider_forecast_structure_only,4.502184610599803,8.461257051178412,12.406295097600621,4,6,3,coverage_validated_cumulative_scores_uncalibrated,,unavailable,,0,0
2026-10-09,静岡,9,093820261009,1791525240,1791524940,5,4,013985,高橋陽介,追,85.0,,,,,0.07159874379406814,0.03312805211405636,0.1717989855308067,0.24022583032196393,position_specialists,0.03312805211405636,False,,,S,0.222,0.3329999999999999,0.13,0.16,-0.10770257464961058,0.17036479948261868,-0.18340357893128334,-0.06319454233322797,0.001251442370806099,,0,,,0,,cumulative_place,,,False,1.0,2.0,2.0,3,verified,winticket_line_prediction,provider_forecast_structure_only,3.312805211405636,17.179898553080672,24.022583032196398,5,3,1,coverage_validated_cumulative_scores_uncalibrated,,unavailable,,0,0
2026-10-09,静岡,9,093820261009,1791525240,1791524940,6,6,015088,神山尚,両,81.64,,,,,0.03957686470176992,0.024786827996568808,0.1212682329845332,0.11091088869831249,position_specialists,0.024786827996568808,False,,,S,0.25,0.285,0.04,0.08,-0.08284168407512399,-0.07527263714549863,0.1440693991247746,0.15468514839775208,0.0035817143716174557,,0,,,0,,cumulative_place,,,False,2.0,1.0,3.0,3,verified,winticket_line_prediction,provider_forecast_structure_only,2.4786827996568808,12.12682329845332,11.091088869831252,6,5,5,coverage_validated_cumulative_scores_uncalibrated,,unavailable,,0,0
2026-10-09,静岡,9,093820261009,1791525240,1791524940,7,7,014224,矢島一弥,追,81.93,,,,,0.008127769912350018,0.0019297302008050373,0.046442967131484686,0.09481067106036047,position_specialists,0.0019297302008050373,False,,,S,0.066,0.133,0.05,0.21,-0.09201519915209666,-0.27881109104514884,-0.2498114097948193,-0.06319454233322797,0.0030638761492149317,,0,,,0,,cumulative_place,,,False,2.0,3.0,3.0,3,verified,winticket_line_prediction,provider_forecast_structure_only,0.19297302008050374,4.64429671314847,9.481067106036049,7,7,7,coverage_validated_cumulative_scores_uncalibrated,,unavailable,,0,0
2026-10-09,弥彦,10,102120261009,1791526380,1791526080,1,1,014681,松浦悠士,両,115.23,,,,,0.3630152901009568,0.5282477918224504,0.14848540130274898,0.12291508399998759,position_specialists,0.5282477918224504,False,,0.398034966551631,A,0.6659999999999999,0.6659999999999999,0.12,0.11,0.19072053182871496,0.1554154841965481,0.19657661892480233,0.07521175897682246,0.0041193764449345945,,0,,,0,,cumulative_place,,,False,1.0,2.0,2.0,5,verified,winticket_line_prediction,provider_forecast_structure_only,52.82477918224504,14.8485401302749,12.291508399998758,1,2,4,coverage_validated_cumulative_scores_uncalibrated,,unavailable,,0,0
2026-10-09,弥彦,10,102120261009,1791526380,1791526080,2,5,015412,菊池岳仁,逃,112.52,,,,,0.13656143878318902,0.1302128252708194,0.16219512124500032,0.21668593750005624,position_specialists,0.1302128252708194,False,,,A,0.421,0.526,0.0,0.0,0.06871963881291306,0.38942616001124747,-0.006598074130366796,-0.10137237079484768,0.00045267873021259333,,0,,,0,,cumulative_place,,,False,3.0,1.0,1.0,5,verified,winticket_line_prediction,provider_forecast_structure_only,13.02128252708194,16.219512124500035,21.668593750005623,2,1,1,coverage_validated_cumulative_scores_uncalibrated,,unavailable,,0,0
2026-10-09,弥彦,10,102120261009,1791526380,1791526080,3,9,015034,新山響平,逃,114.96,,,,,0.14414454090274503,0.12149868289165817,0.13533762527381035,0.10196286785109315,position_specialists,0.12149868289165817,False,,,A,0.4639999999999999,0.535,0.2,0.13,0.007719192305012136,-0.055685967840608704,0.09602323580652458,0.02125549710214548,0.0005658484127657405,,0,,,0,,cumulative_place,,,False,2.0,1.0,2.0,5,verified,winticket_line_prediction,provider_forecast_structure_only,12.149868289165818,13.533762527381038,10.196286785109315,3,3,5,coverage_validated_cumulative_scores_uncalibrated,,unavailable,,0,0
2026-10-09,弥彦,10,102120261009,1791526380,1791526080,4,2,015035,阿部拓真,両,114.44,,,,,0.08798179548617313,0.06950620737238117,0.12253421399096064,0.1602110773954909,position_specialists,0.06950620737238117,False,,,A,0.461,0.5,0.25,0.1,0.16699813596453122,-0.036026691971664415,0.008394463237380495,-0.0327007647725315,0.002195491841531074,,0,,,0,,cumulative_place,,,False,2.0,2.0,2.0,5,verified,winticket_line_prediction,provider_forecast_structure_only,6.950620737238117,12.253421399096066,16.02110773954909,4,4,2,coverage_validated_cumulative_scores_uncalibrated,,unavailable,,0,0
2026-10-09,弥彦,10,102120261009,1791526380,1791526080,5,7,015298,嘉永泰斗,逃,114.35,,,,,0.08827487835644045,0.04564218470182714,0.0939691174049029,0.062290769225172904,position_specialists,0.04564218470182714,False,,,A,0.4,0.45,0.13,0.09,-0.14478192396474016,-0.022678696087468617,-0.04041352257753866,-0.10137237079484768,0.0012675004445952599,,0,,,0,,cumulative_place,,,False,4.0,1.0,2.0,5,verified,winticket_line_prediction,provider_forecast_structure_only,4.564218470182714,9.39691174049029,6.22907692251729,5,6,8,coverage_validated_cumulative_scores_uncalibrated,,unavailable,,0,0
2026-10-09,弥彦,10,102120261009,1791526380,1791526080,6,3,013516,荒井崇博,両,114.38,,,,,0.07158045121669056,0.04495703600079193,0.09290212665816514,0.05903352593459068,position_specialists,0.04495703600079193,False,,,A,0.3329999999999999,0.555,0.15,0.17,-0.038031142575913536,0.023386397183987773,-0.1333296358258738,0.07521175897682246,0.0009732592699570737,,0,,,0,,cumulative_place,,,False,4.0,2.0,2.0,5,verified,winticket_line_prediction,provider_forecast_structure_only,4.495703600079192,9.290212665816515,5.903352593459068,6,7,9,coverage_validated_cumulative_scores_uncalibrated,,unavailable,,0,0
2026-10-09,弥彦,10,102120261009,1791526380,1791526080,7,4,014484,河端朋之,逃,109.9,,,,,0.04412717427739897,0.03201425500024112,0.11474564209214952,0.1248848272474414,position_specialists,0.03201425500024112,False,,,A,0.41,0.5,0.13,0.1,-0.05328125420288879,-0.07549033089249277,0.16952895567774726,0.07030664426094274,0.00024897330161692647,,0,,,0,,cumulative_place,,,False,1.0,1.0,2.0,5,verified,winticket_line_prediction,provider_forecast_structure_only,3.201425500024112,11.474564209214954,12.48848272474414,7,5,3,coverage_validated_cumulative_scores_uncalibrated,,unavailable,,0,0
2026-10-09,弥彦,10,102120261009,1791526380,1791526080,8,8,015645,室井蓮太朗,両,109.06,,,,,0.04334796650141438,0.02158471018061356,0.0840890931168251,0.08675580979066455,position_specialists,0.02158471018061356,False,,,A,0.351,0.352,0.21,0.1,-0.09903158908381446,-0.009475787386212594,-0.09833922278332614,0.09483221784034139,0.0008600895874039259,,0,,,0,,cumulative_place,,,False,5.0,1.0,2.0,5,verified,winticket_line_prediction,provider_forecast_structure_only,2.158471018061356,8.40890931168251,8.675580979066455,8,8,6,coverage_validated_cumulative_scores_uncalibrated,,unavailable,,0,0
2026-10-09,弥彦,10,102120261009,1791526380,1791526080,9,6,015647,真鍋智寛,逃,102.92,,,,,0.0209664643749916,0.006336306759217108,0.04574165891543698,0.06526010105550267,position_specialists,0.006336306759217108,False,,,A,0.2,0.4,0.0,0.0,-0.09903158908381446,0.06299512328775587,-0.19184281832934919,-0.10137237079484768,0.0032140189845094075,,0,,,0,,cumulative_place,,,False,5.0,2.0,2.0,5,verified,winticket_line_prediction,provider_forecast_structure_only,0.6336306759217109,4.574165891543699,6.5260101055502675,9,9,7,coverage_validated_cumulative_scores_uncalibrated,,unavailable,,0,0
2026-10-09,静岡,10,103820261009,1791527460,1791527160,1,1,015986,鈴木那樹,逃,79.55,,,,,0.433744879237047,0.5447158312499293,0.30182616078094915,0.2432134841012402,position_specialists,0.5447158312499293,False,,0.2872208582432688,A,0.809,0.809,0.18,0.0,0.17665997396240546,0.19674740119311346,0.009474340879524756,0.18662674811594543,0.003609713368736865,,0,,,0,,cumulative_place,,,False,1.0,1.0,2.0,3,verified,winticket_line_prediction,provider_forecast_structure_only,54.471583124992925,30.182616078094917,24.32134841012402,1,1,1,coverage_validated_cumulative_scores_uncalibrated,,unavailable,,0,0
2026-10-09,静岡,10,103820261009,1791527460,1791527160,2,4,015967,田崎隼翔,逃,79.71,,,,,0.23501163923787996,0.25749497300666047,0.24639083107405477,0.24319390965660245,position_specialists,0.25749497300666047,False,,,A,0.809,0.904,0.13,0.13,0.09149372786875513,0.1796605221434483,0.1280789583656171,0.003145394631167616,0.0001244728747840297,,0,,,0,,cumulative_place,,,False,2.0,1.0,2.0,3,verified,winticket_line_prediction,provider_forecast_structure_only,25.749497300666047,24.639083107405476,24.319390965660244,2,2,2,coverage_validated_cumulative_scores_uncalibrated,,unavailable,,0,0
2026-10-09,静岡,10,103820261009,1791527460,1791527160,3,7,015997,片岡遼真,逃,75.75,,,,,0.14358567929375346,0.10518065833346764,0.11583832481311208,0.10597583708905023,position_specialists,0.10518065833346764,False,,,A,0.713,0.7140000000000001,0.18,0.04,0.03000030912511647,0.0942261268951225,0.09575177034706855,-0.05556863848396128,0.001576656413931044,,0,,,0,,cumulative_place,,,False,3.0,1.0,3.0,3,verified,winticket_line_prediction,provider_forecast_structure_only,10.518065833346764,11.583832481311209,10.597583708905024,3,4,4,coverage_validated_cumulative_scores_uncalibrated,,unavailable,,0,0
2026-10-09,静岡,10,103820261009,1791527460,1791527160,4,5,015698,佐藤譲士郎,逃,77.21,,,,,0.1372029661369503,0.07209320468447178,0.16079907114066683,0.18411549584582432,position_specialists,0.07209320468447178,False,,,A,0.6659999999999999,0.8,0.66,0.0,0.05459767662257195,-0.137931462188713,-0.04791817723413155,-0.026211621926396835,0.002489457495680597,,0,,,0,,cumulative_place,,,False,2.0,2.0,2.0,3,verified,winticket_line_prediction,provider_forecast_structure_only,7.209320468447178,16.079907114066682,18.41154958458243,4,3,3,coverage_validated_cumulative_scores_uncalibrated,,unavailable,,0,0
2026-10-09,静岡,10,103820261009,1791527460,1791527160,5,2,014392,北村篤,追,75.55,,,,,0.013498353267960124,0.00789592504846236,0.06243725016109002,0.06297915337037421,position_specialists,0.00789592504846236,False,,,A,0.444,0.5920000000000001,0.16,0.04,0.06028474842321395,-0.15551492548230642,0.07735620932704,0.003145394631167616,6.915159710223909e-05,,0,,,0,,cumulative_place,,,False,3.0,3.0,3.0,3,verified,winticket_line_prediction,provider_forecast_structure_only,0.7895925048462361,6.2437250161090025,6.297915337037422,5,5,7,coverage_validated_cumulative_scores_uncalibrated,,unavailable,,0,0
2026-10-09,静岡,10,103820261009,1791527460,1791527160,6,6,015355,磯村蓮太,逃,68.09,,,,,0.019701140663168446,0.0063339559555000416,0.06213870220417512,0.08066437954652285,position_specialists,0.0063339559555000416,False,,,A,0.237,0.285,0.0,0.0,-0.22166043765008003,0.23797987690392047,-0.1865321019454615,-0.05556863848396128,0.002489457495680597,,0,,,0,,cumulative_place,,,False,3.0,2.0,3.0,3,verified,winticket_line_prediction,provider_forecast_structure_only,0.6333955955500041,6.213870220417512,8.066437954652285,6,6,5,coverage_validated_cumulative_scores_uncalibrated,,unavailable,,0,0
2026-10-09,静岡,10,103820261009,1791527460,1791527160,7,3,013549,堀勝政,追,74.07,,,,,0.017255342163240695,0.006285451721508398,0.05056965982595198,0.07985774039038572,position_specialists,0.006285451721508398,False,,,A,0.259,0.5920000000000001,0.17,0.2,-0.1913759983519826,-0.04680144059049879,-0.07621099973965745,-0.05556863848396128,0.0002627760689885076,,0,,,0,,cumulative_place,,,False,1.0,2.0,2.0,3,verified,winticket_line_prediction,provider_forecast_structure_only,0.6285451721508398,5.056965982595198,7.985774039038572,7,7,6,coverage_validated_cumulative_scores_uncalibrated,,unavailable,,0,0
2026-10-09,弥彦,11,112120261009,1791528600,1791528300,1,2,015553,犬伏湧也,逃,120.84,,,,,0.5975893595678464,0.6546882761033498,0.2088938512003776,0.2560685685877392,position_specialists,0.6546882761033498,False,,0.4201949132107027,S,0.65,0.8,0.17,0.13,0.17055298460688184,0.1030317610910525,0.14935878518758824,0.11113067988276004,0.0007427087362787206,,0,,,0,,cumulative_place,,,False,2.0,1.0,2.0,4,verified,winticket_line_prediction,provider_forecast_structure_only,65.46882761033498,20.889385120037762,25.60685685877392,1,1,1,coverage_validated_cumulative_scores_uncalibrated,,unavailable,,0,0
2026-10-09,弥彦,11,112120261009,1791528600,1791528300,2,3,014534,深谷知広,逃,116.26,,,,,0.15923151216300124,0.23449336289264708,0.14169243208182022,0.09001896284848072,position_specialists,0.23449336289264708,False,,,S,0.615,0.73,0.2,0.0,0.10549117101273385,0.4727382229017367,0.2192609123033371,0.13924808081695234,0.004520835786044385,,0,,,0,,cumulative_place,,,False,1.0,2.0,2.0,4,verified,winticket_line_prediction,provider_forecast_structure_only,23.449336289264707,14.169243208182026,9.001896284848073,2,4,5,coverage_validated_cumulative_scores_uncalibrated,,unavailable,,0,0
2026-10-09,弥彦,11,112120261009,1791528600,1791528300,3,7,015203,松本貴治,両,117.83,,,,,0.12138619113724608,0.06520205363830353,0.182006067666321,0.14972625771960785,position_specialists,0.06520205363830353,False,,,S,0.5,0.642,0.24,0.06,0.13561238101002457,0.03240500875090358,-0.06596516765825028,-0.08970789821861351,0.00012916673674412616,,0,,,0,,cumulative_place,,,False,2.0,2.0,2.0,4,verified,winticket_line_prediction,provider_forecast_structure_only,6.520205363830353,18.200606766632102,14.972625771960784,3,2,2,coverage_validated_cumulative_scores_uncalibrated,,unavailable,,0,0
2026-10-09,弥彦,11,112120261009,1791528600,1791528300,4,9,015009,清水裕友,両,114.46,,,,,0.03556034620381159,0.014711305440334783,0.14404383948877492,0.09382137994703543,position_specialists,0.014711305440334783,False,,,S,0.466,0.5329999999999999,0.17,0.05,-0.002945184977512808,0.050191775392952505,-0.09857288830476536,-0.08970789821861351,0.0019052093669758479,,0,,,0,,cumulative_place,,,False,4.0,1.0,2.0,4,verified,winticket_line_prediction,provider_forecast_structure_only,1.4711305440334783,14.404383948877495,9.382137994703543,4,3,4,coverage_validated_cumulative_scores_uncalibrated,,unavailable,,0,0
2026-10-09,弥彦,11,112120261009,1791528600,1791528300,5,5,013880,岩津裕介,追,111.3,,,,,0.014322487291133841,0.008604232526572891,0.08736296112932895,0.12032844544064188,position_specialists,0.008604232526572891,False,,,S,0.433,0.5660000000000001,0.15,0.16,-0.02463245617556216,0.08524499444900356,0.14992376808178262,0.010711390832073269,0.0021635428404641003,,0,,,0,,cumulative_place,,,False,4.0,2.0,2.0,4,verified,winticket_line_prediction,provider_forecast_structure_only,0.8604232526572891,8.736296112932896,12.032844544064188,5,5,3,coverage_validated_cumulative_scores_uncalibrated,,unavailable,,0,0
2026-10-09,弥彦,11,112120261009,1791528600,1791528300,6,8,015362,脇本勇希,逃,106.33,,,,,0.022308089279866477,0.006855428191025851,0.06474053848359759,0.08056775156351575,position_specialists,0.006855428191025851,False,,,S,0.24,0.36,0.2,0.2,-0.20174517095963165,0.03240500875090358,-0.10532042559174615,0.03481202020423809,0.0007104170520926898,,0,,,0,,cumulative_place,,,False,3.0,2.0,3.0,4,verified,winticket_line_prediction,provider_forecast_structure_only,0.6855428191025851,6.474053848359761,8.056775156351575,6,7,7,coverage_validated_cumulative_scores_uncalibrated,,unavailable,,0,0
2026-10-09,弥彦,11,112120261009,1791528600,1791528300,7,4,015261,松井宏佑,逃,107.73,,,,,0.01372971534463253,0.005698363554368136,0.05096286358687063,0.0873683577567024,position_specialists,0.005698363554368136,False,,,S,0.266,0.5,0.1,0.15,-0.02463245617556216,-0.03787486743721416,0.03391884574555714,-0.01740601010211903,0.001001042209766972,,0,,,0,,cumulative_place,,,False,1.0,1.0,2.0,4,verified,winticket_line_prediction,provider_forecast_structure_only,0.5698363554368137,5.096286358687064,8.73683577567024,7,8,6,coverage_validated_cumulative_scores_uncalibrated,,unavailable,,0,0
2026-10-09,弥彦,11,112120261009,1791528600,1791528300,8,1,013962,南修二,追,114.41,,,,,0.020198903034454974,0.005587224649907552,0.08692127492914756,0.07849720672261262,position_specialists,0.005587224649907552,False,,,S,0.222,0.3879999999999999,0.0,0.0,-0.057163362972636134,-0.206928134055931,-0.22282121649803938,-0.00937246697806408,0.0012916673674412543,,0,,,0,,cumulative_place,,,False,3.0,3.0,3.0,4,verified,winticket_line_prediction,provider_forecast_structure_only,0.5587224649907552,8.692127492914757,7.849720672261262,8,6,8,coverage_validated_cumulative_scores_uncalibrated,,unavailable,,0,0
2026-10-09,弥彦,11,112120261009,1791528600,1791528300,9,6,015629,岸田剛,逃,101.64,,,,,0.015673395978006776,0.004159753003490403,0.03337617143376142,0.04360306941366424,position_specialists,0.004159753003490403,False,,,S,0.2689999999999999,0.423,0.16,0.09,-0.10053790536873483,-0.04668153172023081,-0.0597826132654639,-0.08970789821861351,0.001872917682789818,,0,,,0,,cumulative_place,,,False,3.0,1.0,3.0,4,verified,winticket_line_prediction,provider_forecast_structure_only,0.4159753003490403,3.337617143376143,4.360306941366424,9,9,9,coverage_validated_cumulative_scores_uncalibrated,,unavailable,,0,0
2026-10-09,平塚,1,013520261009,1791528900,1791528600,1,1,015785,福田健太,逃,89.14,,,,,0.7853559107770605,0.9182589376178181,0.2641102392212283,0.15970808149658233,position_specialists,0.9182589376178181,False,,0.8795256025648178,S,0.523,0.5710000000000001,0.24,0.08,0.18554428701641323,0.2727172269519966,0.24119961699290232,0.0,0.004240550201312587,,0,,,0,,cumulative_place,,,False,1.0,1.0,2.0,3,verified,winticket_line_prediction,provider_forecast_structure_only,91.82589376178181,26.411023922122823,15.970808149658232,1,2,2,coverage_validated_cumulative_scores_uncalibrated,,unavailable,,0,0
2026-10-09,平塚,1,013520261009,1791528900,1791528600,2,5,014037,橋本勝弘,追,81.59,,,,,0.07503714749986468,0.03873333505300023,0.18859722806674495,0.1308721384471083,position_specialists,0.03873333505300023,False,,,S,0.18,0.318,0.05,0.19,-0.04221977718333567,0.24491950953103717,0.11869629363359098,0.0,0.0005436602822195625,,0,,,0,,cumulative_place,,,False,3.0,2.0,2.0,3,verified,winticket_line_prediction,provider_forecast_structure_only,3.873333505300023,18.85972280667449,13.08721384471083,2,3,3,coverage_validated_cumulative_scores_uncalibrated,,unavailable,,0,0
2026-10-09,平塚,1,013520261009,1791528900,1791528600,3,3,013006,佐々木健司,追,81.2,,,,,0.055149783150030364,0.018471229213222848,0.26710978236406663,0.40599404249630117,position_specialists,0.018471229213222848,False,,,S,0.08,0.36,0.09,0.13,-0.0035577985832519754,0.05734812047251807,-0.07373180054335458,0.0,0.0011960526208830374,,0,,,0,,cumulative_place,,,False,1.0,2.0,2.0,3,verified,winticket_line_prediction,provider_forecast_structure_only,1.8471229213222848,26.710978236406657,40.59940424963012,3,1,1,coverage_validated_cumulative_scores_uncalibrated,,unavailable,,0,0
2026-10-09,平塚,1,013520261009,1791528900,1791528600,4,2,014615,藤原亮太,両,80.29,,,,,0.04768778280964823,0.015492542379824229,0.1361014531223998,0.1110584841921359,position_specialists,0.015492542379824229,False,,,S,0.166,0.25,0.07,0.17,0.06795626561649692,-0.18281328933297827,0.05372758518051593,0.0,0.0011960526208830374,,0,,,0,,cumulative_place,,,False,3.0,1.0,2.0,3,verified,winticket_line_prediction,provider_forecast_structure_only,1.549254237982423,13.610145312239975,11.10584841921359,4,4,5,coverage_validated_cumulative_scores_uncalibrated,,unavailable,,0,0
2026-10-09,平塚,1,013520261009,1791528900,1791528600,5,6,014742,河野淳吾,追,79.9,,,,,0.02111261627189121,0.006001990372469797,0.06965401348319891,0.0678260855242697,position_specialists,0.006001990372469797,False,,,S,0.09,0.181,0.14,0.14,-0.053557798583251964,0.004758099725540795,-0.07373180054335458,0.0,0.0011960526208830374,,0,,,0,,cumulative_place,,,False,2.0,1.0,2.0,3,verified,winticket_line_prediction,provider_forecast_structure_only,0.6001990372469796,6.965401348319889,6.782608552426971,5,6,6,coverage_validated_cumulative_scores_uncalibrated,,unavailable,,0,0
2026-10-09,平塚,1,013520261009,1791528900,1791528600,6,4,012882,鈴木愼二,追,80.73,,,,,0.015656759491505065,0.0030419653636648888,0.0744272837423615,0.12454116784360253,position_specialists,0.0030419653636648888,False,,,S,0.0,0.083,0.12,0.17,-0.15416517828307033,-0.04983553041806423,-0.26615989472030016,0.0,0.0011960526208830374,,0,,,0,,cumulative_place,,,False,2.0,2.0,2.0,3,verified,winticket_line_prediction,provider_forecast_structure_only,0.30419653636648886,7.4427283742361485,12.454116784360252,6,5,4,coverage_validated_cumulative_scores_uncalibrated,,unavailable,,0,0
2026-10-09,静岡,11,113820261009,1791529680,1791529380,1,1,014826,菅原裕太,追,95.91,,,,,0.4507096940275881,0.53269246681535,0.42849117688453975,0.22614784907102944,position_specialists,0.5326924668153501,False,,0.2905142264690451,A,0.6659999999999999,0.833,0.18,0.14,0.16214681423135707,0.13923752153803864,0.18097941014312593,0.05784615976803942,3.121762545217003e-05,,0,,,0,,cumulative_place,,,False,1.0,2.0,3.0,2,verified,winticket_line_prediction,provider_forecast_structure_only,53.269246681535,42.84911768845398,22.614784907102944,1,1,2,coverage_validated_cumulative_scores_uncalibrated,,unavailable,,0,0
2026-10-09,静岡,11,113820261009,1791529680,1791529380,2,5,015913,一守大葵,逃,92.35,,,,,0.2184114270703967,0.2421782403463049,0.12326161681311168,0.16210231637893255,position_specialists,0.24217824034630495,False,,,A,0.7,0.8,0.19,0.07,0.1405798288849047,0.32303370447583574,0.1049646740940356,0.12930318065797047,0.004339249937851624,,0,,,0,,cumulative_place,,,False,2.0,1.0,4.0,2,verified,winticket_line_prediction,provider_forecast_structure_only,24.21782403463049,12.32616168131117,16.210231637893255,2,4,3,coverage_validated_cumulative_scores_uncalibrated,,unavailable,,0,0
2026-10-09,静岡,11,113820261009,1791529680,1791529380,3,4,015442,仁藤秀,両,95.18,,,,,0.16934905151548396,0.14434876442398642,0.20999153141713234,0.13312043400093224,position_specialists,0.14434876442398645,False,,,A,0.608,0.695,0.16,0.09,0.16331528066453296,0.06034491408874582,0.1255914503778798,-0.06720362678933993,0.00046826438178254934,,0,,,0,,cumulative_place,,,False,1.0,1.0,3.0,2,verified,winticket_line_prediction,provider_forecast_structure_only,14.434876442398641,20.999153141713236,13.312043400093224,3,2,4,coverage_validated_cumulative_scores_uncalibrated,,unavailable,,0,0
2026-10-09,静岡,11,113820261009,1791529680,1791529380,4,2,014477,白上翔,両,92.09,,,,,0.13426378653373666,0.07304763556879985,0.15137506230975814,0.24077179279342206,position_specialists,0.07304763556879987,False,,,A,0.3329999999999999,0.476,0.17,0.1,-0.0891727562360616,0.1830189866025536,-0.06826640880048156,0.08166516673134977,0.0009521375762911838,,0,,,0,,cumulative_place,,,False,2.0,2.0,4.0,2,verified,winticket_line_prediction,provider_forecast_structure_only,7.304763556879985,15.137506230975816,24.077179279342207,4,3,1,coverage_validated_cumulative_scores_uncalibrated,,unavailable,,0,0
2026-10-09,静岡,11,113820261009,1791529680,1791529380,5,7,012519,藤原誠,追,91.47,,,,,0.011669783112370455,0.0036946751450679435,0.04540940525646126,0.11090636569510925,position_specialists,0.0036946751450679443,False,,,A,0.208,0.5,0.07,0.03,-0.0471079646417297,-0.13406198486433393,-0.12365436856572766,-0.06720362678933993,0.0019979280289388777,,0,,,0,,cumulative_place,,,False,2.0,3.0,4.0,2,verified,winticket_line_prediction,provider_forecast_structure_only,0.3694675145067943,4.5409405256461275,11.090636569510925,5,5,5,coverage_validated_cumulative_scores_uncalibrated,,unavailable,,0,0
2026-10-09,静岡,11,113820261009,1791529680,1791529380,6,3,014796,保科千春,追,90.76,,,,,0.011046944586172473,0.0029135826253733703,0.027261503503159618,0.06601759880545485,position_specialists,0.0029135826253733708,False,,,A,0.26,0.391,0.0,0.05,-0.24005385711765556,-0.11654939883852788,-0.09596038868310461,-0.06720362678933993,0.0011238345162781188,,0,,,0,,cumulative_place,,,False,1.0,3.0,3.0,2,verified,winticket_line_prediction,provider_forecast_structure_only,0.29135826253733704,2.726150350315962,6.601759880545485,6,6,6,coverage_validated_cumulative_scores_uncalibrated,,unavailable,,0,0
2026-10-09,静岡,11,113820261009,1791529680,1791529380,7,6,014390,愛敬博之,追,88.72,,,,,0.004549313154251636,0.0011246350751174528,0.014209703815837102,0.06093364325511959,position_specialists,0.001124635075117453,False,,,A,0.2,0.56,0.08,0.25,-0.08970734578534799,-0.1603308639030429,-0.12365436856572766,-0.06720362678933993,0.001670142961691093,,0,,,0,,cumulative_place,,,False,2.0,4.0,4.0,2,verified,winticket_line_prediction,provider_forecast_structure_only,0.11246350751174528,1.4209703815837105,6.093364325511959,7,7,7,coverage_validated_cumulative_scores_uncalibrated,,unavailable,,0,0
2026-10-09,四日市,1,014820261009,1791529980,1791529680,1,2,015109,大利航平,両,83.17,,,,,0.28689559062323394,0.4091487504322943,0.1619817846358921,0.09537955036682576,position_specialists,0.40914875043229443,False,,0.1807650825887945,B,0.25,0.3329999999999999,0.25,0.0,-0.005255905785674128,0.3635561335270628,0.1583009459358912,-0.032659863237109045,0.0019495092998659761,,0,,,0,,cumulative_place,,,False,3.0,2.0,2.0,3,verified,winticket_line_prediction,provider_forecast_structure_only,40.91487504322943,16.198178463589212,9.537955036682575,1,4,7,coverage_validated_cumulative_scores_uncalibrated,,unavailable,,0,0
2026-10-09,四日市,1,014820261009,1791529980,1791529680,2,4,013333,小西誠也,追,81.94,,,,,0.2801376885060345,0.22838366784349987,0.17896913592665473,0.19275514407442948,position_specialists,0.22838366784349992,False,,,B,0.2769999999999999,0.2769999999999999,0.13,0.13,0.012336209783676767,0.022479300418184685,0.07814068527538018,-0.032659863237109045,0.0029784169859063533,,0,,,0,,cumulative_place,,,False,1.0,2.0,3.0,3,verified,winticket_line_prediction,provider_forecast_structure_only,22.838366784349986,17.896913592665474,19.275514407442948,2,2,1,coverage_validated_cumulative_scores_uncalibrated,,unavailable,,0,0
2026-10-09,四日市,1,014820261009,1791529980,1791529680,3,3,013932,井上雄三,追,82.54,,,,,0.15451305940850382,0.22389782634306016,0.20054913948368971,0.11909433419346352,position_specialists,0.2238978263430602,False,,,B,0.125,0.375,0.14,0.14,0.20982421074816074,0.27260231136469526,-0.038910461125611605,0.19595917942265423,0.0018412032276512004,,0,,,0,,cumulative_place,,,False,2.0,2.0,2.0,3,verified,winticket_line_prediction,provider_forecast_structure_only,22.389782634306016,20.05491394836897,11.909433419346351,3,1,6,coverage_validated_cumulative_scores_uncalibrated,,unavailable,,0,0
2026-10-09,四日市,1,014820261009,1791529980,1791529680,4,1,015360,勝谷勝治,両,81.0,,,,,0.1122070371435651,0.05937570808236836,0.08625895444416695,0.1719228748835671,position_specialists,0.059375708082368375,False,,,B,0.125,0.166,0.05,0.15,-0.09233205239897954,-0.12109825015476659,0.0043589137944187225,-0.032659863237109045,0.001570438047114258,,0,,,0,,cumulative_place,,,False,1.0,1.0,3.0,3,verified,winticket_line_prediction,provider_forecast_structure_only,5.937570808236837,8.625895444416695,17.192287488356712,4,6,2,coverage_validated_cumulative_scores_uncalibrated,,unavailable,,0,0
2026-10-09,四日市,1,014820261009,1791529980,1791529680,5,5,015045,大関祐也,逃,79.62,,,,,0.0832648823208927,0.04134821827851531,0.1683138575556493,0.15232021543077837,position_specialists,0.041348218278515314,False,,,B,0.0409999999999999,0.3329999999999999,0.08,0.15,-0.19700031458163586,-0.007405972451807245,0.023494381333067527,-0.032659863237109045,0.0018412032276512004,,0,,,0,,cumulative_place,,,False,2.0,1.0,2.0,3,verified,winticket_line_prediction,provider_forecast_structure_only,4.134821827851531,16.831385755564927,15.232021543077837,5,3,3,coverage_validated_cumulative_scores_uncalibrated,,unavailable,,0,0
2026-10-09,四日市,1,014820261009,1791529980,1791529680,6,6,015459,中村泰輔,逃,78.71,,,,,0.05993293112289669,0.027727814405914278,0.12624761290354417,0.14895761140836547,position_specialists,0.027727814405914285,False,,,B,0.047,0.19,0.13,0.13,-0.02357069948259309,-0.007405972451807245,-0.06942285768654272,-0.032659863237109045,0.0008122955416108233,,0,,,0,,cumulative_place,,,False,3.0,1.0,2.0,3,verified,winticket_line_prediction,provider_forecast_structure_only,2.772781440591428,12.624761290354417,14.895761140836546,6,5,4,coverage_validated_cumulative_scores_uncalibrated,,unavailable,,0,0
2026-10-09,四日市,1,014820261009,1791529980,1791529680,7,7,014533,加藤正法,追,79.85,,,,,0.023048810874873357,0.010118014614347472,0.077679515050403,0.11957026964257023,position_specialists,0.010118014614347474,False,,,B,0.047,0.19,0.0,0.17,0.09599855171704497,-0.15436145137747523,-0.15596160752660337,-0.032659863237109045,0.002328580552617694,,0,,,0,,cumulative_place,,,False,1.0,3.0,3.0,3,verified,winticket_line_prediction,provider_forecast_structure_only,1.0118014614347473,7.7679515050403,11.957026964257022,7,7,5,coverage_validated_cumulative_scores_uncalibrated,,unavailable,,0,0
2026-10-09,平塚,2,023520261009,1791530520,1791530220,1,7,014630,利根正明,逃,87.54,,,,,0.5524479957606502,0.7697281053932721,0.2324904379082162,0.1598023880761797,position_specialists,0.7697281053932721,False,,0.694150079395581,S,0.416,0.583,0.13,0.1,0.14073980712698286,0.18256220430616288,0.4374934657420892,-0.0739624504747579,0.003621384067617553,,0,,,0,,cumulative_place,,,False,1.0,1.0,2.0,4,verified,winticket_line_prediction,provider_forecast_structure_only,76.97281053932721,23.249043790821617,15.980238807617969,1,1,2,coverage_validated_cumulative_scores_uncalibrated,,unavailable,,0,0
2026-10-09,平塚,2,023520261009,1791530520,1791530220,2,4,013426,本村隆文,追,84.04,,,,,0.12309773724681712,0.07557802599769105,0.23065329743765234,0.2410895615111595,position_specialists,0.07557802599769105,False,,,S,0.166,0.3329999999999999,0.16,0.0,-0.000739804813820244,0.18485661029680917,0.02291561116623228,0.04147894182030342,0.001174502940848936,,0,,,0,,cumulative_place,,,False,1.0,2.0,2.0,4,verified,winticket_line_prediction,provider_forecast_structure_only,7.557802599769105,23.06532974376523,24.10895615111595,2,2,1,coverage_validated_cumulative_scores_uncalibrated,,unavailable,,0,0
2026-10-09,平塚,2,023520261009,1791530520,1791530220,3,5,014992,楠野史尭,両,81.42,,,,,0.12321436331738474,0.06982453351132595,0.17343572729935736,0.12935057396985494,position_specialists,0.06982453351132595,False,,,S,0.25,0.375,0.22,0.15,0.09346746808036036,0.15739754309619414,-0.07845000480378993,0.15692033411536474,0.001174502940848936,,0,,,0,,cumulative_place,,,False,4.0,1.0,3.0,4,verified,winticket_line_prediction,provider_forecast_structure_only,6.982453351132595,17.343572729935733,12.935057396985494,3,3,5,coverage_validated_cumulative_scores_uncalibrated,,unavailable,,0,0
2026-10-09,平塚,2,023520261009,1791530520,1791530220,4,3,014513,樋口絢土,追,81.0,,,,,0.12293828601740595,0.06327770475241322,0.14197009281464862,0.14849367879082215,position_specialists,0.06327770475241322,False,,,S,0.125,0.312,0.18,0.16,0.11507793458151333,0.2226036021117623,-0.09961098169199915,0.04147894182030342,0.00202275506479539,,0,,,0,,cumulative_place,,,False,4.0,2.0,3.0,4,verified,winticket_line_prediction,provider_forecast_structure_only,6.327770475241322,14.197009281464858,14.849367879082214,4,4,3,coverage_validated_cumulative_scores_uncalibrated,,unavailable,,0,0
2026-10-09,平塚,2,023520261009,1791530520,1791530220,5,2,013857,浅沼聖士,追,82.92,,,,,0.03012989468674947,0.01044807581672893,0.07964844416717874,0.11578529495603146,position_specialists,0.01044807581672893,False,,,S,0.12,0.36,0.14,0.14,0.047995895256519656,-0.2580561879360692,-0.02186283059941845,-0.017990866331697872,0.001174502940848936,,0,,,0,,cumulative_place,,,False,2.0,1.0,1.0,4,verified,winticket_line_prediction,provider_forecast_structure_only,1.044807581672893,7.964844416717872,11.578529495603146,5,6,6,coverage_validated_cumulative_scores_uncalibrated,,unavailable,,0,0
2026-10-09,平塚,2,023520261009,1791530520,1791530220,6,1,015180,下岡将也,逃,80.45,,,,,0.03718939444319152,0.009386945864768006,0.10820379765791005,0.13565086655482053,position_specialists,0.009386945864768006,False,,,S,0.083,0.25,0.09,0.04,-0.1374919284844068,-0.09448589007127219,-0.09961098169199915,-0.0739624504747579,0.0004241260619732269,,0,,,0,,cumulative_place,,,False,3.0,1.0,1.0,4,verified,winticket_line_prediction,provider_forecast_structure_only,0.9386945864768006,10.820379765791003,13.565086655482054,6,5,4,coverage_validated_cumulative_scores_uncalibrated,,unavailable,,0,0
2026-10-09,平塚,2,023520261009,1791530520,1791530220,7,6,014713,鈴木裕斗,両,77.85,,,,,0.010982328527801061,0.0017566086638007635,0.03359820271503681,0.0698276361411318,position_specialists,0.0017566086638007635,False,,,S,0.047,0.142,0.09,0.0,-0.2590493717471505,-0.20543245952548544,-0.16087427812111488,-0.0739624504747579,0.0025447563718393614,,0,,,0,,cumulative_place,,,False,4.0,3.0,3.0,4,verified,winticket_line_prediction,provider_forecast_structure_only,0.17566086638007636,3.35982027150368,6.98276361411318,7,7,7,coverage_validated_cumulative_scores_uncalibrated,,unavailable,,0,0
2026-10-09,弥彦,12,122120261009,1791531000,1791530700,1,2,015039,吉田拓矢,両,120.78,,,,,0.2949121418479879,0.4143851992605908,0.09779016273192923,0.0951899082288785,position_specialists,0.4143851992605908,False,,0.260688873651547,A,0.6,0.733,0.4,0.1,0.01246928323356285,0.29643081587286657,-0.07184400191724112,0.13654351775180543,0.0008813576890402876,,0,,,0,,cumulative_place,,,False,1.0,2.0,2.0,5,verified,winticket_line_prediction,provider_forecast_structure_only,41.43851992605908,9.779016273192923,9.51899082288785,1,5,5,coverage_validated_cumulative_scores_uncalibrated,,unavailable,,0,0
2026-10-09,弥彦,12,122120261009,1791531000,1791530700,2,9,014396,脇本雄太,逃,114.52,,,,,0.26776019467268686,0.15369632560904375,0.2835768829525861,0.21934262438665963,position_specialists,0.15369632560904375,False,,,A,0.315,0.368,0.0,0.0,-0.24549913483222285,0.15114436587629615,-0.16936279645157942,0.00040881292740060747,0.004104608666101914,,0,,,0,,cumulative_place,,,False,5.0,2.0,3.0,5,verified,winticket_line_prediction,provider_forecast_structure_only,15.369632560904375,28.35768829525861,21.934262438665964,2,1,1,coverage_validated_cumulative_scores_uncalibrated,,unavailable,,0,0
2026-10-09,弥彦,12,122120261009,1791531000,1791530700,3,7,015242,眞杉匠,逃,120.75,,,,,0.10114514908223665,0.10721861633451957,0.0758503375415879,0.09405950611795635,position_specialists,0.10721861633451957,False,,,A,0.5379999999999999,0.6920000000000001,0.18,0.05,0.09991620461179526,0.1399882325389462,-0.15579478594558005,0.0408812927400615,0.001561262192014225,,0,,,0,,cumulative_place,,,False,1.0,1.0,2.0,5,verified,winticket_line_prediction,provider_forecast_structure_only,10.721861633451956,7.585033754158791,9.405950611795635,3,8,6,coverage_validated_cumulative_scores_uncalibrated,,unavailable,,0,0
2026-10-09,弥彦,12,122120261009,1791531000,1791530700,4,1,014741,郡司浩平,両,116.66,,,,,0.08764300449779772,0.10466740017949408,0.08608553512736901,0.08967176385104,position_specialists,0.10466740017949408,False,,,A,0.68,0.72,0.2,0.0,0.04307570571594415,-0.1722741103159616,0.24530568170542977,0.09239172159253899,0.0031477060322867437,,0,,,0,,cumulative_place,,,False,2.0,1.0,1.0,5,verified,winticket_line_prediction,provider_forecast_structure_only,10.466740017949409,8.6085535127369,8.967176385104,4,6,8,coverage_validated_cumulative_scores_uncalibrated,,unavailable,,0,0
2026-10-09,弥彦,12,122120261009,1791531000,1791530700,5,8,014054,新田祐大,両,114.47,,,,,0.0751644841416819,0.07520461837200633,0.11425000953737045,0.11024553683331804,position_specialists,0.07520461837200633,False,,,A,0.478,0.565,0.15,0.15,-0.14785007262652997,0.3171860230152339,0.06765018463126665,-0.04006366688526028,0.0009317209855568766,,0,,,0,,cumulative_place,,,False,3.0,2.0,2.0,5,verified,winticket_line_prediction,provider_forecast_structure_only,7.520461837200633,11.425000953737046,11.024553683331805,5,3,4,coverage_validated_cumulative_scores_uncalibrated,,unavailable,,0,0
2026-10-09,弥彦,12,122120261009,1791531000,1791530700,6,4,015451,山口拳矢,両,115.26,,,,,0.05846709864500494,0.056843007457021595,0.10258015159637492,0.13301774191169663,position_specialists,0.056843007457021595,False,,,A,0.615,0.653,0.08,0.21,0.12177793495635336,-0.15151890317359443,0.20714437117977444,-0.09157409573773778,0.0006547228547156418,,0,,,0,,cumulative_place,,,False,4.0,1.0,1.0,5,verified,winticket_line_prediction,provider_forecast_structure_only,5.68430074570216,10.258015159637491,13.301774191169663,6,4,2,coverage_validated_cumulative_scores_uncalibrated,,unavailable,,0,0
2026-10-09,弥彦,12,122120261009,1791531000,1791530700,7,5,014838,古性優作,両,119.5,,,,,0.06691373058375945,0.05105406584619662,0.13122172577464797,0.1322486164780029,position_specialists,0.05105406584619662,False,,,A,0.4,0.7,0.25,0.0,0.029958667509209277,-0.015831526982041173,-0.09898002292923985,-0.09157409573773778,0.002064895157180104,,0,,,0,,cumulative_place,,,False,5.0,3.0,3.0,5,verified,winticket_line_prediction,provider_forecast_structure_only,5.105406584619662,13.122172577464797,13.22486164780029,7,2,3,coverage_validated_cumulative_scores_uncalibrated,,unavailable,,0,0
2026-10-09,弥彦,12,122120261009,1791531000,1791530700,8,3,015413,寺崎浩平,逃,115.75,,,,,0.03824986839676185,0.0323530907119149,0.0838038601546898,0.0903288923537496,position_specialists,0.0323530907119149,False,,,A,0.625,0.625,0.2,0.09,0.05619274392267903,-0.026053424599991524,-0.04343662040907102,0.044560609086667036,0.0006547228547156418,,0,,,0,,cumulative_place,,,False,5.0,1.0,3.0,5,verified,winticket_line_prediction,provider_forecast_structure_only,3.2353090711914905,8.38038601546898,9.032889235374961,8,7,7,coverage_validated_cumulative_scores_uncalibrated,,unavailable,,0,0
2026-10-09,弥彦,12,122120261009,1791531000,1791530700,9,6,015324,小原佑太,逃,105.66,,,,,0.009744328132082638,0.0045776762292123446,0.02484133458344467,0.03589540983869838,position_specialists,0.0045776762292123446,False,,,A,0.36,0.44,0.14,0.11,0.029958667509209277,-0.2336054960236636,0.019317990136240276,-0.09157409573773778,0.00020145318606635165,,0,,,0,,cumulative_place,,,False,3.0,1.0,2.0,5,verified,winticket_line_prediction,provider_forecast_structure_only,0.45776762292123446,2.484133458344467,3.5895409838698376,9,9,9,coverage_validated_cumulative_scores_uncalibrated,,unavailable,,0,0
2026-10-09,四日市,2,024820261009,1791531420,1791531120,1,5,015187,鮫島康治,逃,85.8,,,,,0.376010611818367,0.4991550632887099,0.2722287072669737,0.06357948450857424,position_specialists,0.4991550632887099,False,,0.26641696868811987,A,0.19,0.5710000000000001,0.1,0.16,0.10738454484484787,0.1267599218153121,0.10081942191331227,0.17655404039694764,0.0021487672453144513,,0,,,0,,cumulative_place,,,False,2.0,1.0,3.0,3,verified,winticket_line_prediction,provider_forecast_structure_only,49.91550632887099,27.22287072669737,6.357948450857425,1,1,7,coverage_validated_cumulative_scores_uncalibrated,,unavailable,,0,0
2026-10-09,四日市,2,024820261009,1791531420,1791531120,2,2,013345,中村美千隆,両,81.38,,,,,0.2584291677217465,0.23273809460059003,0.219249939371375,0.23693323307040148,position_specialists,0.23273809460059003,False,,,A,0.192,0.346,0.16,0.11,-0.03429971702850184,0.36731436118000005,0.1405087650268847,-0.05851214595287891,0.00011614958082780762,,0,,,0,,cumulative_place,,,False,2.0,2.0,3.0,3,verified,winticket_line_prediction,provider_forecast_structure_only,23.273809460059002,21.9249939371375,23.69332330704015,2,2,2,coverage_validated_cumulative_scores_uncalibrated,,unavailable,,0,0
2026-10-09,四日市,2,024820261009,1791531420,1791531120,3,3,015531,深瀬泰我,逃,83.5,,,,,0.1774182710848954,0.18573913682248258,0.1445694702919678,0.12530695341294185,position_specialists,0.18573913682248258,False,,,A,0.25,0.375,0.2,0.17,0.19217767988649975,0.09259070164183864,0.1405087650268847,-0.0015264038074664144,0.0039490857481454785,,0,,,0,,cumulative_place,,,False,1.0,1.0,3.0,3,verified,winticket_line_prediction,provider_forecast_structure_only,18.573913682248257,14.45694702919678,12.530695341294184,3,3,4,coverage_validated_cumulative_scores_uncalibrated,,unavailable,,0,0
2026-10-09,四日市,2,024820261009,1791531420,1791531120,4,1,014782,山口幸太郎,追,80.86,,,,,0.10058467977571141,0.05075315090655746,0.13008911186818786,0.23931710825004235,position_specialists,0.05075315090655746,False,,,A,0.217,0.26,0.16,0.06,-0.1150855370756124,-0.042716280901681745,0.10367620500317863,-0.0407041015324375,0.0009291966466224652,,0,,,0,,cumulative_place,,,False,1.0,2.0,3.0,3,verified,winticket_line_prediction,provider_forecast_structure_only,5.075315090655746,13.008911186818786,23.931710825004235,4,4,1,coverage_validated_cumulative_scores_uncalibrated,,unavailable,,0,0
2026-10-09,四日市,2,024820261009,1791531420,1791531120,5,6,015506,佐藤啓斗,逃,78.43,,,,,0.05825889038435643,0.02202994233669322,0.07928940759172969,0.0714280479986322,position_specialists,0.02202994233669322,False,,,A,0.086,0.13,0.04,0.17,-0.24489705071717272,0.012357617462401329,0.06113007879973984,-0.05851214595287891,0.00011614958082780762,,0,,,0,,cumulative_place,,,False,3.0,1.0,1.0,3,verified,winticket_line_prediction,provider_forecast_structure_only,2.202994233669322,7.928940759172969,7.14280479986322,5,6,6,coverage_validated_cumulative_scores_uncalibrated,,unavailable,,0,0
2026-10-09,四日市,2,024820261009,1791531420,1791531120,6,4,012042,山原利秀,追,81.79,,,,,0.01652363272230366,0.005440104645197744,0.0928104477027528,0.1478749027481255,position_specialists,0.005440104645197744,False,,,A,0.0,0.166,0.04,0.28,-0.044936158096666845,-0.15711858525459252,-0.2733216178850002,0.04121290280159296,0.0015099445507615068,,0,,,0,,cumulative_place,,,False,2.0,3.0,3.0,3,verified,winticket_line_prediction,provider_forecast_structure_only,0.5440104645197743,9.28104477027528,14.787490274812551,6,5,3,coverage_validated_cumulative_scores_uncalibrated,,unavailable,,0,0
2026-10-09,四日市,2,024820261009,1791531420,1791531120,7,7,014328,藤田洋平,追,80.35,,,,,0.012774746492619579,0.004144507399769004,0.06176291590701317,0.11556027001128236,position_specialists,0.004144507399769004,False,,,A,0.0,0.2,0.03,0.06,0.13965623818660644,-0.15711858525459252,-0.2733216178850002,-0.05851214595287891,0.0021487672453144513,,0,,,0,,cumulative_place,,,False,1.0,3.0,3.0,3,verified,winticket_line_prediction,provider_forecast_structure_only,0.4144507399769004,6.176291590701317,11.556027001128236,7,7,5,coverage_validated_cumulative_scores_uncalibrated,,unavailable,,0,0
2026-10-09,平塚,3,033520261009,1791532140,1791531840,1,3,015288,薦田将伍,逃,93.43,,,,,0.3610775830636402,0.42838193556800325,0.21146169473580803,0.0993540737814076,position_specialists,0.4283819355680032,False,,0.0918816338934097,B,0.5,0.541,0.09,0.13,0.027968477692008976,-0.06229428272649266,0.23640212827523768,0.1642138908925978,0.0003694373180217039,,0,,,0,,cumulative_place,,,False,3.0,1.0,3.0,3,verified,winticket_line_prediction,provider_forecast_structure_only,42.83819355680033,21.1461694735808,9.935407378140761,1,2,5,coverage_validated_cumulative_scores_uncalibrated,,unavailable,,0,0
2026-10-09,平塚,3,033520261009,1791532140,1791531840,2,1,015893,岩辺陸,逃,91.0,,,,,0.2631484823719889,0.33650030167459355,0.29501471022417874,0.21891670267816302,position_specialists,0.3365003016745935,False,,,B,0.475,0.6659999999999999,0.14,0.12,0.18865381937519918,0.36423109659221453,0.0860705373667581,-0.060244149321544746,0.004394359677521326,,0,,,0,,cumulative_place,,,False,1.0,1.0,2.0,3,verified,winticket_line_prediction,provider_forecast_structure_only,33.650030167459356,29.501471022417874,21.891670267816302,2,1,1,coverage_validated_cumulative_scores_uncalibrated,,unavailable,,0,0
2026-10-09,平塚,3,033520261009,1791532140,1791531840,3,4,015005,野口正則,両,91.79,,,,,0.14406152394064217,0.09504116212127625,0.1403043590746531,0.16680723673406406,position_specialists,0.09504116212127624,False,,,B,0.3329999999999999,0.5,0.05,0.15,-0.21060618241105863,0.01338487159321042,0.06866087042878584,0.05198487078552653,9.722034684781658e-05,,0,,,0,,cumulative_place,,,False,2.0,2.0,2.0,3,verified,winticket_line_prediction,provider_forecast_structure_only,9.504116212127625,14.03043590746531,16.680723673406405,3,4,3,coverage_validated_cumulative_scores_uncalibrated,,unavailable,,0,0
2026-10-09,平塚,3,033520261009,1791532140,1791531840,4,5,014185,隅貴史,追,88.44,,,,,0.12493169168916267,0.08198244495942011,0.15913618181672207,0.18657761337032297,position_specialists,0.0819824449594201,False,,,B,0.2769999999999999,0.5,0.18,0.18,0.09883899567971174,0.12866200113880696,-0.06342301899817586,-0.060244149321544746,0.0006416542891955916,,0,,,0,,cumulative_place,,,False,3.0,2.0,3.0,3,verified,winticket_line_prediction,provider_forecast_structure_only,8.198244495942012,15.913618181672206,18.657761337032298,4,3,2,coverage_validated_cumulative_scores_uncalibrated,,unavailable,,0,0
2026-10-09,平塚,3,033520261009,1791532140,1791531840,5,7,014084,小菅誠,追,90.15,,,,,0.05532827976590735,0.028571158612233794,0.0858403889765481,0.1608261102402762,position_specialists,0.02857115861223379,False,,,B,0.105,0.421,0.16,0.2,-0.11377255828339675,0.12866200113880696,-0.19550690842513757,0.024777835608054702,0.0003111051099130145,,0,,,0,,cumulative_place,,,False,1.0,2.0,2.0,3,verified,winticket_line_prediction,provider_forecast_structure_only,2.8571158612233796,8.584038897654809,16.08261102402762,5,5,4,coverage_validated_cumulative_scores_uncalibrated,,unavailable,,0,0
2026-10-09,平塚,3,033520261009,1791532140,1791531840,6,2,015057,小林史也,逃,85.5,,,,,0.04771762137415019,0.02854693479593983,0.05943367151474421,0.09298086515161103,position_specialists,0.028546934795939827,False,,,B,0.3329999999999999,0.416,0.14,0.1,0.12480210181967086,-0.016183430908254044,0.01927533663534879,-0.060244149321544746,0.0009138712603694787,,0,,,0,,cumulative_place,,,False,2.0,1.0,2.0,3,verified,winticket_line_prediction,provider_forecast_structure_only,2.854693479593983,5.943367151474421,9.298086515161103,6,6,6,coverage_validated_cumulative_scores_uncalibrated,,unavailable,,0,0
2026-10-09,平塚,3,033520261009,1791532140,1791531840,7,6,013348,内藤敦,追,81.87,,,,,0.0037348177945085675,0.0009760622685332656,0.04880899365734568,0.07453739804415518,position_specialists,0.0009760622685332655,False,,,B,0.125,0.3329999999999999,0.1,0.2,-0.11588465387213566,-0.188096157954206,-0.151478945282817,-0.060244149321544746,0.0026832815729997466,,0,,,0,,cumulative_place,,,False,3.0,3.0,3.0,3,verified,winticket_line_prediction,provider_forecast_structure_only,0.09760622685332655,4.880899365734568,7.453739804415519,7,7,7,coverage_validated_cumulative_scores_uncalibrated,,unavailable,,0,0
2026-10-09,四日市,3,034820261009,1791532860,1791532560,1,2,014036,篠原龍馬,両,90.8,,,,,0.5166614023902858,0.7604676578168198,0.25943527053733606,0.16637175533964108,position_specialists,0.7604676578168196,False,,0.6544293623979838,S,0.475,0.619,0.12,0.02,0.0928399974835804,0.40690525547956347,0.25298509438539785,0.18507255834361788,0.004381684434697859,,0,,,0,,cumulative_place,,,False,2.0,1.0,2.0,3,verified,winticket_line_prediction,provider_forecast_structure_only,76.04676578168198,25.943527053733607,16.637175533964108,1,2,2,coverage_validated_cumulative_scores_uncalibrated,,unavailable,,0,0
2026-10-09,四日市,3,034820261009,1791532860,1791532560,2,1,015421,秋本耀太郎,逃,89.58,,,,,0.19834867889248164,0.10603829541883587,0.17020662625108976,0.1455924808360802,position_specialists,0.10603829541883585,False,,,S,0.25,0.4579999999999999,0.05,0.14,-0.0057931812128866784,-0.05134773214238287,0.1127318663952882,-0.04354648431614539,0.0011235088294097072,,0,,,0,,cumulative_place,,,False,1.0,1.0,3.0,3,verified,winticket_line_prediction,provider_forecast_structure_only,10.603829541883588,17.020662625108976,14.55924808360802,2,3,5,coverage_validated_cumulative_scores_uncalibrated,,unavailable,,0,0
2026-10-09,四日市,3,034820261009,1791532860,1791532560,3,7,013435,中石昌芳,追,88.95,,,,,0.09636598848031468,0.064293744336625,0.2850673252334211,0.21022120958115473,position_specialists,0.06429374433662499,False,,,S,0.375,0.6659999999999999,0.35,0.16,0.17917190532215008,0.04710129503039555,0.11512262448854517,-0.04354648431614539,0.0013856608896053056,,0,,,0,,cumulative_place,,,False,2.0,2.0,2.0,3,verified,winticket_line_prediction,provider_forecast_structure_only,6.429374433662501,28.50673252334211,21.022120958115472,3,1,1,coverage_validated_cumulative_scores_uncalibrated,,unavailable,,0,0
2026-10-09,四日市,3,034820261009,1791532860,1791532560,4,5,012721,梅山英樹,追,87.27,,,,,0.11296258505574658,0.04335085896508405,0.09820410221410805,0.09880349063635482,position_specialists,0.043350858965084046,False,,,S,0.222,0.444,0.3,0.16,0.06995017780939908,0.03182619544299735,-0.14635795418462477,-0.04354648431614539,0.0007115555919594815,,0,,,0,,cumulative_place,,,False,1.0,2.0,3.0,3,verified,winticket_line_prediction,provider_forecast_structure_only,4.335085896508406,9.820410221410805,9.880349063635482,4,5,6,coverage_validated_cumulative_scores_uncalibrated,,unavailable,,0,0
2026-10-09,四日市,3,034820261009,1791532860,1791532560,5,3,014950,市村昌樹,両,84.87,,,,,0.05203482742453361,0.02086210821381244,0.10608504103087865,0.16031175655284302,position_specialists,0.020862108213812437,False,,,S,0.29,0.375,0.14,0.1,-0.01106515443769988,0.04030286538200641,0.01053039301927719,-0.04354648431614539,0.0005992047090185106,,0,,,0,,cumulative_place,,,False,3.0,1.0,2.0,3,verified,winticket_line_prediction,provider_forecast_structure_only,2.0862108213812443,10.608504103087865,16.0311756552843,5,4,4,coverage_validated_cumulative_scores_uncalibrated,,unavailable,,0,0
2026-10-09,四日市,3,034820261009,1791532860,1791532560,6,6,014092,山出裕幸,追,81.14,,,,,0.01639366580072964,0.0032498458967255115,0.040336891303089185,0.05319277345056376,position_specialists,0.0032498458967255106,False,,,S,0.142,0.3329999999999999,0.12,0.07,-0.21716273623864696,-0.01399910331919728,-0.19865406991925877,-0.04354648431614539,0.0021721170701921007,,0,,,0,,cumulative_place,,,False,3.0,2.0,2.0,3,verified,winticket_line_prediction,provider_forecast_structure_only,0.32498458967255117,4.033689130308918,5.319277345056376,6,7,7,coverage_validated_cumulative_scores_uncalibrated,,unavailable,,0,0
2026-10-09,四日市,3,034820261009,1791532860,1791532560,7,4,014532,柴田竜史,追,81.41,,,,,0.007232851955907995,0.0017374893520975402,0.040664743430077234,0.16550653360336243,position_specialists,0.0017374893520975398,False,,,S,0.166,0.208,0.03,0.25,-0.10794100872589595,-0.09242267699929606,-0.14635795418462477,0.03265986323710904,0.00018725147156828462,,0,,,0,,cumulative_place,,,False,1.0,3.0,3.0,3,verified,winticket_line_prediction,provider_forecast_structure_only,0.173748935209754,4.066474343007723,16.55065336033624,7,6,3,coverage_validated_cumulative_scores_uncalibrated,,unavailable,,0,0
2026-10-09,平塚,4,043520261009,1791533520,1791533220,1,3,015817,梅澤忠秀,逃,95.38,,,,,0.5953377677445555,0.762450756663774,0.17919184558266424,0.12719547531334957,position_specialists,0.7624507566637739,False,,0.6529425837311189,S,0.57,0.7609999999999999,0.23,0.12,0.08073754052066272,0.349437729454412,0.12329721069091333,-0.062096992249780075,0.0040746127589996175,,0,,,0,,cumulative_place,,,False,1.0,1.0,3.0,3,verified,winticket_line_prediction,provider_forecast_structure_only,76.2450756663774,17.919184558266423,12.719547531334959,1,2,5,coverage_validated_cumulative_scores_uncalibrated,,unavailable,,0,0
2026-10-09,平塚,4,043520261009,1791533520,1791533220,2,5,014728,三好恵一郎,両,93.15,,,,,0.1314733929982308,0.10950817293265509,0.15180207261775128,0.1410252594440087,position_specialists,0.10950817293265508,False,,,S,0.55,0.8,0.19,0.17,0.03854405652312058,-0.03474260669346114,0.08184327343318519,0.08909568453229318,0.0011428791884998922,,0,,,0,,cumulative_place,,,False,2.0,1.0,2.0,3,verified,winticket_line_prediction,provider_forecast_structure_only,10.950817293265509,15.180207261775127,14.102525944400872,2,4,4,coverage_validated_cumulative_scores_uncalibrated,,unavailable,,0,0
2026-10-09,平塚,4,043520261009,1791533520,1791533220,3,7,015833,野村賢,逃,87.8,,,,,0.0610756621326005,0.047208560606806046,0.13701156479979684,0.1445533089635251,position_specialists,0.04720856060680604,False,,,S,0.3329999999999999,0.476,0.22,0.15,0.05983490091660055,0.12533253336815264,-0.03658952841306787,0.14579293832557066,0.00044721359549995747,,0,,,0,,cumulative_place,,,False,3.0,1.0,2.0,3,verified,winticket_line_prediction,provider_forecast_structure_only,4.720856060680605,13.701156479979684,14.455330896352512,3,5,3,coverage_validated_cumulative_scores_uncalibrated,,unavailable,,0,0
2026-10-09,平塚,4,043520261009,1791533520,1791533220,4,6,015635,藤岡徹也,両,83.57,,,,,0.14545176533488707,0.04565731119645722,0.17857730391894222,0.2044233750484905,position_specialists,0.04565731119645721,False,,,S,0.3,0.4,0.3,0.0,-0.27365192553097456,0.017881121717122656,-0.08426728868136231,-0.062096992249780075,0.0002484519974999767,,0,,,0,,cumulative_place,,,False,1.0,2.0,3.0,3,verified,winticket_line_prediction,provider_forecast_structure_only,4.565731119645722,17.857730391894222,20.442337504849053,4,3,1,coverage_validated_cumulative_scores_uncalibrated,,unavailable,,0,0
2026-10-09,平塚,4,043520261009,1791533520,1791533220,5,4,015189,山本隼人,追,89.81,,,,,0.03531750133132213,0.020878849979597658,0.271302451007741,0.2034827338064065,position_specialists,0.020878849979597654,False,,,S,0.478,0.7390000000000001,0.0,0.57,0.13919031140537821,-0.2053424924371917,0.08184327343318519,-0.062096992249780075,0.0012919503869998786,,0,,,0,,cumulative_place,,,False,1.0,3.0,3.0,3,verified,winticket_line_prediction,provider_forecast_structure_only,2.087884997959766,27.130245100774097,20.348273380640652,5,1,2,coverage_validated_cumulative_scores_uncalibrated,,unavailable,,0,0
2026-10-09,平塚,4,043520261009,1791533520,1791533220,6,2,014332,芳野匠,追,84.48,,,,,0.016988321385064842,0.00720367463462696,0.04284881222666136,0.10318725774591751,position_specialists,0.007203674634626959,False,,,S,0.222,0.3329999999999999,0.2,0.17,0.006801892327609489,0.017881121717122656,-0.08737920018664548,-0.062096992249780075,0.002186377577999794,,0,,,0,,cumulative_place,,,False,3.0,2.0,2.0,3,verified,winticket_line_prediction,provider_forecast_structure_only,0.720367463462696,4.284881222666137,10.318725774591753,6,6,6,coverage_validated_cumulative_scores_uncalibrated,,unavailable,,0,0
2026-10-09,平塚,4,043520261009,1791533520,1791533220,7,1,013560,小佐野文秀,追,85.79,,,,,0.01435558907333925,0.007092673986083131,0.03926594984644312,0.07613258967830201,position_specialists,0.00709267398608313,False,,,S,0.25,0.375,0.17,0.14,-0.051456776162397064,0.09791869174792953,-0.07874774027620805,0.013499346141256544,0.0018385447814998268,,0,,,0,,cumulative_place,,,False,2.0,2.0,2.0,3,verified,winticket_line_prediction,provider_forecast_structure_only,0.7092673986083131,3.926594984644312,7.613258967830202,7,7,7,coverage_validated_cumulative_scores_uncalibrated,,unavailable,,0,0
2026-10-09,四日市,4,044820261009,1791534240,1791533940,1,7,015445,内藤久文,逃,93.0,,,,,0.6976801253059772,0.7318584870140566,0.27022020790851364,0.13675284411380456,position_specialists,0.7318584870140566,False,,0.5400682072598142,S,0.475,0.5710000000000001,0.11,0.06,0.1051128941432441,0.041735711416405544,0.1135873823352549,-0.07342572667648772,0.0008370221386594616,,0,,,0,,cumulative_place,,,False,1.0,1.0,3.0,3,ambiguous,winticket_line_prediction,provider_forecast_structure_only,73.18584870140566,27.022020790851364,13.675284411380456,1,1,4,coverage_validated_cumulative_scores_uncalibrated,,unavailable,,0,0
2026-10-09,四日市,4,044820261009,1791534240,1791533940,2,3,015783,吉田優斗,逃,88.0,,,,,0.16507735380145228,0.19179027975424243,0.21733187157105158,0.13289387684042694,position_specialists,0.19179027975424243,False,,,S,0.578,0.578,0.24,0.1,0.06285899201887066,0.3084744136303565,0.06603157607638312,0.0392274430189455,0.004677476657214645,,0,,,0,,cumulative_place,,,False,3.0,1.0,3.0,3,ambiguous,winticket_line_prediction,provider_forecast_structure_only,19.179027975424244,21.733187157105156,13.289387684042694,2,2,5,coverage_validated_cumulative_scores_uncalibrated,,unavailable,,0,0
2026-10-09,四日市,4,044820261009,1791534240,1791533940,3,2,014561,高橋義秋,両,89.5,,,,,0.03247395782138093,0.026060212480455605,0.10472806641032079,0.1480267240720778,position_specialists,0.026060212480455605,False,,,S,0.29,0.4579999999999999,0.0,0.66,0.09296980708938188,-0.14661483574167863,0.09221195364570034,0.0392274430189455,0.0005416025603090653,,0,,,0,,cumulative_place,,,False,1.0,3.0,3.0,3,ambiguous,winticket_line_prediction,provider_forecast_structure_only,2.6060212480455607,10.47280664103208,14.802672407207778,3,5,2,coverage_validated_cumulative_scores_uncalibrated,,unavailable,,0,0
2026-10-09,四日市,4,044820261009,1791534240,1791533940,4,4,013493,立花成泰,追,84.2,,,,,0.02606503665441571,0.017638257271974777,0.06583116856456143,0.1004772109050092,position_specialists,0.017638257271974777,False,,,S,0.29,0.375,0.25,0.25,0.04577973664130464,-0.1992385641522624,0.09221195364570034,0.15892143582034332,0.0015263344881437252,,0,,,0,,cumulative_place,,,False,2.0,1.0,1.0,3,ambiguous,winticket_line_prediction,provider_forecast_structure_only,1.7638257271974778,6.583116856456144,10.04772109050092,4,7,7,coverage_validated_cumulative_scores_uncalibrated,,unavailable,,0,0
2026-10-09,四日市,4,044820261009,1791534240,1791533940,5,6,013385,鎌田聡,追,80.11,,,,,0.03731785261309079,0.012727507677919511,0.14655877045651736,0.1440654048873833,position_specialists,0.012727507677919511,False,,,S,0.1169999999999999,0.176,0.02,0.05,-0.1722028875824324,0.11214201997458607,-0.1990056493725449,-0.07342572667648772,0.0011816783134015935,,0,,,0,,cumulative_place,,,False,3.0,2.0,3.0,3,ambiguous,winticket_line_prediction,provider_forecast_structure_only,1.2727507677919512,14.655877045651735,14.406540488738331,5,3,3,coverage_validated_cumulative_scores_uncalibrated,,unavailable,,0,0
2026-10-09,四日市,4,044820261009,1791534240,1791533940,6,1,013270,中川貴史,追,81.52,,,,,0.025747636340741245,0.011067561998417375,0.12578873378151048,0.2133235707941266,position_specialists,0.011067561998417375,False,,,S,0.095,0.285,0.04,0.16,-0.1160289531260307,0.2366200810077632,-0.1990056493725449,-0.07342572667648772,0.0008370221386594616,,0,,,0,,cumulative_place,,,False,1.0,2.0,3.0,3,ambiguous,winticket_line_prediction,provider_forecast_structure_only,1.1067561998417375,12.578873378151048,21.33235707941266,6,4,1,coverage_validated_cumulative_scores_uncalibrated,,unavailable,,0,0
2026-10-09,四日市,4,044820261009,1791534240,1791533940,7,5,014058,佐藤謙,追,85.7,,,,,0.01563803746294184,0.00885769380293376,0.06954118130752478,0.12446036838717163,position_specialists,0.00885769380293376,False,,,S,0.222,0.481,0.05,0.29,-0.018489589184338504,-0.1110496754464851,0.033968433042051265,-0.017099141828771116,0.0008370221386594616,,0,,,0,,cumulative_place,,,False,3.0,3.0,3.0,3,ambiguous,winticket_line_prediction,provider_forecast_structure_only,0.8857693802933759,6.9541181307524775,12.446036838717163,7,6,6,coverage_validated_cumulative_scores_uncalibrated,,unavailable,,0,0
2026-10-09,平塚,5,053520261009,1791534900,1791534600,1,7,015790,藤田祐大,逃,95.27,,,,,0.8024311439813103,0.9158996665504032,0.49519583946811874,0.47023296570512635,position_specialists,0.9158996665504032,False,,0.867153104209745,S,0.695,0.782,0.14,0.11,0.2778853043643344,0.31831013910841277,0.41383277182037626,0.14206834955597938,0.0036452183978780903,,0,,,0,,cumulative_place,,,False,3.0,1.0,2.0,4,verified,winticket_line_prediction,provider_forecast_structure_only,91.58996665504033,49.51958394681187,47.023296570512635,1,1,1,coverage_validated_cumulative_scores_uncalibrated,,unavailable,,0,0
2026-10-09,平塚,5,053520261009,1791534900,1791534600,2,1,015932,生野優翔,逃,89.14,,,,,0.08440542512421595,0.04874656234065819,0.06651111206723709,0.08971283353093541,position_specialists,0.04874656234065819,False,,,S,0.475,0.7140000000000001,0.2,0.19,-0.050348673525685735,0.2111321562988069,0.08244025684897205,0.10940299911062645,0.0023757393538409444,,0,,,0,,cumulative_place,,,False,1.0,1.0,2.0,4,verified,winticket_line_prediction,provider_forecast_structure_only,4.874656234065819,6.651111206723709,8.971283353093542,2,4,3,coverage_validated_cumulative_scores_uncalibrated,,unavailable,,0,0
2026-10-09,平塚,5,053520261009,1791534900,1791534600,3,3,013242,尾崎剛,追,93.0,,,,,0.04068206521771321,0.014876130894434398,0.253969134374313,0.24464169544372394,position_specialists,0.014876130894434398,False,,,S,0.2769999999999999,0.444,0.23,0.09,-0.038505313354378644,-0.009060798805969774,-0.060058516419929334,-0.05029426973332116,0.000924906160655635,,0,,,0,,cumulative_place,,,False,3.0,2.0,2.0,4,verified,winticket_line_prediction,provider_forecast_structure_only,1.4876130894434398,25.3969134374313,24.464169544372393,3,2,2,coverage_validated_cumulative_scores_uncalibrated,,unavailable,,0,0
2026-10-09,平塚,5,053520261009,1791534900,1791534600,4,2,014460,矢口大樹,両,89.05,,,,,0.03899262318130804,0.0110349287793009,0.07688265867601306,0.0878677733652144,position_specialists,0.0110349287793009,False,,,S,0.2769999999999999,0.3329999999999999,0.12,0.07,-0.07351537742113405,-0.022710715285787775,-0.12516440741195672,-0.05029426973332116,0.0001632187342333475,,0,,,0,,cumulative_place,,,False,2.0,1.0,2.0,4,verified,winticket_line_prediction,provider_forecast_structure_only,1.1034928779300899,7.688265867601306,8.786777336521439,4,3,4,coverage_validated_cumulative_scores_uncalibrated,,unavailable,,0,0
2026-10-09,平塚,5,053520261009,1791534900,1791534600,5,4,014669,植木和広,追,86.9,,,,,0.015094299139791083,0.0052108766431564904,0.036242337880848546,0.030154744457095223,position_specialists,0.0052108766431564904,False,,,S,0.2269999999999999,0.59,0.19,0.23,0.05520153512174625,0.04939991909017891,-0.060058516419929334,-0.05029426973332116,0.0016865935870779226,,0,,,0,,cumulative_place,,,False,2.0,2.0,2.0,4,verified,winticket_line_prediction,provider_forecast_structure_only,0.521087664315649,3.6242337880848545,3.0154744457095224,5,6,7,coverage_validated_cumulative_scores_uncalibrated,,unavailable,,0,0
2026-10-09,平塚,5,053520261009,1791534900,1791534600,6,6,015214,境啓亨,逃,82.44,,,,,0.014399939143187204,0.0035713263849012217,0.04538243898163819,0.04445196955554937,position_specialists,0.0035713263849012217,False,,,S,0.185,0.407,0.2,0.16,-0.038505313354378644,0.0006826541767216673,-0.08906810948234364,-0.05029426973332116,0.0014326977782704933,,0,,,0,,cumulative_place,,,False,1.0,2.0,2.0,4,verified,winticket_line_prediction,provider_forecast_structure_only,0.35713263849012217,4.538243898163819,4.4451969555549375,6,5,5,coverage_validated_cumulative_scores_uncalibrated,,unavailable,,0,0
2026-10-09,平塚,5,053520261009,1791534900,1791534600,7,5,013041,三浦稔希,追,83.19,,,,,0.003994504212474156,0.0006605084071455642,0.02581647855183144,0.03293801794235536,position_specialists,0.0006605084071455642,False,,,S,0.136,0.2269999999999999,0.28,0.28,-0.13221216183050352,-0.23201098411886004,-0.16192347893518916,-0.05029426973332116,0.0018135414914816367,,0,,,0,,cumulative_place,,,False,4.0,1.0,1.0,4,verified,winticket_line_prediction,provider_forecast_structure_only,0.06605084071455641,2.5816478551831437,3.293801794235536,7,7,6,coverage_validated_cumulative_scores_uncalibrated,,unavailable,,0,0
2026-10-09,四日市,5,054820261009,1791535620,1791535320,1,2,015517,橋本壮史,逃,100.15,,,,,0.5135219952011048,0.5618032512180141,0.5204526696807281,0.2855772198344044,position_specialists,0.5618032512180141,False,,0.33296016132060346,A,0.133,0.2,0.2,0.16,0.137217220329781,0.1601329384413521,0.009179810715211761,0.0,0.0027339445046936353,,0,,,0,,cumulative_place,,,False,2.0,1.0,3.0,3,verified,winticket_line_prediction,provider_forecast_structure_only,56.18032512180141,52.04526696807281,28.557721983440437,1,1,2,coverage_validated_cumulative_scores_uncalibrated,,unavailable,,0,0
2026-10-09,四日市,5,054820261009,1791535620,1791535320,2,4,014723,石川裕二,追,96.84,,,,,0.2526351089431707,0.22884308989741062,0.03143517798771683,0.05374775445051125,position_specialists,0.22884308989741062,False,,,A,0.066,0.266,0.1,0.17,0.12429686547705042,0.12014613247325004,0.04907572610238907,0.0,0.000854357657716761,,0,,,0,,cumulative_place,,,False,2.0,2.0,3.0,3,verified,winticket_line_prediction,provider_forecast_structure_only,22.88430898974106,3.1435177987716827,5.374775445051124,2,6,6,coverage_validated_cumulative_scores_uncalibrated,,unavailable,,0,0
2026-10-09,四日市,5,054820261009,1791535620,1791535320,3,1,014830,大洞翔平,追,98.0,,,,,0.14818127872867784,0.16414401816043128,0.20029872835377502,0.1327793577330217,position_specialists,0.16414401816043128,False,,,A,0.066,0.133,0.28,0.0,0.10904244323044845,0.2835687073947912,0.04907572610238907,0.0,0.0011961007208034656,,0,,,0,,cumulative_place,,,False,1.0,1.0,2.0,3,verified,winticket_line_prediction,provider_forecast_structure_only,16.414401816043128,20.029872835377503,13.277935773302168,3,2,4,coverage_validated_cumulative_scores_uncalibrated,,unavailable,,0,0
2026-10-09,四日市,5,054820261009,1791535620,1791535320,4,6,014028,山口泰生,追,94.11,,,,,0.052985396390160325,0.03435479267116577,0.10706671643936216,0.15525613000184313,position_specialists,0.03435479267116577,False,,,A,0.111,0.111,0.13,0.09,0.00901589544413775,0.0275693057581707,0.04907572610238907,0.0,0.0017087153154335217,,0,,,0,,cumulative_place,,,False,1.0,2.0,2.0,3,verified,winticket_line_prediction,provider_forecast_structure_only,3.4354792671165773,10.706671643936216,15.52561300018431,4,3,3,coverage_validated_cumulative_scores_uncalibrated,,unavailable,,0,0
2026-10-09,四日市,5,054820261009,1791535620,1791535320,5,3,013074,島田竜二,追,92.52,,,,,0.01607701439485954,0.006828010880037178,0.10351560006460145,0.31191705795407204,position_specialists,0.006828010880037178,False,,,A,0.04,0.08,0.03,0.18,-0.15365666516688173,-0.15897448809164114,0.04907572610238907,0.0,0.0023922014416069308,,0,,,0,,cumulative_place,,,False,2.0,3.0,3.0,3,verified,winticket_line_prediction,provider_forecast_structure_only,0.6828010880037179,10.351560006460145,31.1917057954072,5,4,1,coverage_validated_cumulative_scores_uncalibrated,,unavailable,,0,0
2026-10-09,四日市,5,054820261009,1791535620,1791535320,6,5,013204,佐野梅一,追,90.67,,,,,0.016599206342026853,0.00402683717294097,0.03723110747381641,0.06072248002614751,position_specialists,0.00402683717294097,False,,,A,0.0,0.0,0.0,0.0,-0.22591575931453545,-0.2115645088386184,-0.205482715124768,0.0,0.0023922014416069308,,0,,,0,,cumulative_place,,,False,3.0,1.0,1.0,3,verified,winticket_line_prediction,provider_forecast_structure_only,0.40268371729409697,3.7231107473816407,6.072248002614749,6,5,5,coverage_validated_cumulative_scores_uncalibrated,,unavailable,,0,0
2026-10-09,平塚,6,063520261009,1791536280,1791535980,1,4,014900,小林莉子,両,57.62,,,,,0.7492954773512012,0.7722404981228873,0.6176835788237236,0.7846997803010489,position_specialists,0.7722404981228872,False,,0.6496707960861319,S,0.75,0.958,0.0,0.0,0.17415901351762264,-0.03157423704635027,0.25088346421193775,-0.04466034217105816,0.0028698746398402026,,0,,,0,,cumulative_place,,0.0,False,4.0,1.0,1.0,7,verified,winticket_line_prediction,provider_forecast_structure_only,77.22404981228873,61.76835788237236,78.4699780301049,1,1,1,coverage_validated_cumulative_scores_uncalibrated,,unavailable,,0,0
2026-10-09,平塚,6,063520261009,1791536280,1791535980,2,1,015756,熊谷芽緯,逃,55.42,,,,,0.11687411411161082,0.12256970203675539,0.21566982708536192,0.10227278055305655,position_specialists,0.12256970203675538,False,,,S,0.428,0.6659999999999999,0.0,0.0,0.161850146809072,-0.03157423704635027,0.14266946308779854,0.181990894347062,0.0012665174466900426,,0,,,0,,cumulative_place,,0.0,False,1.0,1.0,1.0,7,verified,winticket_line_prediction,provider_forecast_structure_only,12.25697020367554,21.56698270853619,10.227278055305655,2,2,2,coverage_validated_cumulative_scores_uncalibrated,,unavailable,,0,0
2026-10-09,平塚,6,063520261009,1791536280,1791535980,3,2,015495,下条未悠,両,55.85,,,,,0.11332778212853842,0.09398609694893016,0.10995024146139999,0.053141222477450886,position_specialists,0.09398609694893015,False,,,S,0.619,0.809,0.0,0.0,0.11192660012565178,-0.03157423704635027,0.11376702009221727,0.0413108165082288,0.00249261412380487,,0,,,0,,cumulative_place,,0.0,False,3.0,1.0,1.0,7,verified,winticket_line_prediction,provider_forecast_structure_only,9.398609694893016,10.995024146139999,5.314122247745089,3,3,3,coverage_validated_cumulative_scores_uncalibrated,,unavailable,,0,0
2026-10-09,平塚,6,063520261009,1791536280,1791535980,4,6,014966,田中まい,両,53.0,,,,,0.016780652318029395,0.010155282442840209,0.04166587232974435,0.035099817617598186,position_specialists,0.010155282442840207,False,,,S,0.36,0.6,0.0,0.0,0.03727064005026071,-0.03157423704635027,0.07300360883005327,-0.04466034217105816,0.0008084153915042825,,0,,,0,,cumulative_place,,0.0,False,5.0,1.0,1.0,7,verified,winticket_line_prediction,provider_forecast_structure_only,1.0155282442840208,4.166587232974435,3.5099817617598186,4,4,4,coverage_validated_cumulative_scores_uncalibrated,,unavailable,,0,0
2026-10-09,平塚,6,063520261009,1791536280,1791535980,5,3,015759,星野しほ,追,47.14,,,,,0.0018262691708844279,0.0005453188182936232,0.006163112879603735,0.009331637972082881,position_specialists,0.0005453188182936231,False,,,S,0.095,0.142,0.0,0.0,-0.11192660012565178,-0.03157423704635027,-0.17157685874293077,-0.04466034217105816,0.0019401969396102778,,0,,,0,,cumulative_place,,0.0,False,6.0,1.0,1.0,7,verified,winticket_line_prediction,provider_forecast_structure_only,0.05453188182936232,0.6163112879603735,0.9331637972082881,5,5,6,coverage_validated_cumulative_scores_uncalibrated,,unavailable,,0,0
2026-10-09,平塚,6,063520261009,1791536280,1791535980,6,5,015314,向井円,追,48.08,,,,,0.0010558882936508138,0.0002967573438580317,0.004543520431071297,0.009382034125417299,position_specialists,0.00029675734385803165,False,,,S,0.0409999999999999,0.125,0.0,0.0,-0.17427369349249222,-0.03157423704635027,-0.19344118540733563,-0.04466034217105816,0.0019401969396102778,,0,,,0,,cumulative_place,,0.7593116741580784,False,2.0,1.0,1.0,7,verified,winticket_line_prediction,provider_forecast_structure_only,0.02967573438580317,0.45435204310712973,0.9382034125417299,6,6,5,coverage_validated_cumulative_scores_uncalibrated,,unavailable,,0,0
2026-10-09,平塚,6,063520261009,1791536280,1791535980,7,7,015146,齊藤由紀,両,45.73,,,,,0.0008398166260849798,0.0002063442864353404,0.004323846989095113,0.006072726953345242,position_specialists,0.00020634428643534036,False,,,S,0.0,0.066,0.0,0.0,-0.19900610688446307,-0.03157423704635027,-0.21530551207174048,-0.04466034217105816,0.0019401969396102778,,0,,,0,,cumulative_place,,0.2406883258419216,False,7.0,1.0,1.0,7,verified,winticket_line_prediction,provider_forecast_structure_only,0.02063442864353404,0.4323846989095113,0.6072726953345242,7,7,7,coverage_validated_cumulative_scores_uncalibrated,,unavailable,,0,0
2026-10-09,四日市,6,064820261009,1791537000,1791536700,1,4,015124,山本拳也,追,100.17,,,,,0.38334683657449853,0.5324042644579162,0.23053650700267037,0.13958057759467932,position_specialists,0.5324042644579162,False,,0.28088276358612335,A,0.235,0.294,0.0,0.66,0.20527412564556446,0.2733885848101964,0.08381021857491183,-0.046806178686936754,0.0024636856874450034,,0,,,0,,cumulative_place,,,False,2.0,1.0,1.0,3,verified,winticket_line_prediction,provider_forecast_structure_only,53.24042644579162,23.053650700267035,13.958057759467932,1,2,5,coverage_validated_cumulative_scores_uncalibrated,,unavailable,,0,0
2026-10-09,四日市,6,064820261009,1791537000,1791536700,2,3,012813,成清貴之,追,97.92,,,,,0.25524922026134955,0.25152150087179287,0.25003993676832564,0.09909596353433957,position_specialists,0.25152150087179287,False,,,A,0.192,0.384,0.23,0.19,0.08753307781146785,0.010852476655992446,0.14544946489235122,0.06017937259749013,0.002213141380247207,,0,,,0,,cumulative_place,,,False,1.0,2.0,3.0,3,verified,winticket_line_prediction,provider_forecast_structure_only,25.152150087179287,25.003993676832565,9.909596353433956,2,1,6,coverage_validated_cumulative_scores_uncalibrated,,unavailable,,0,0
2026-10-09,四日市,6,064820261009,1791537000,1791536700,3,7,015244,植原琢也,両,95.0,,,,,0.12652219288066566,0.08434872869656795,0.16175985915692936,0.21724665186211053,position_specialists,0.08434872869656795,False,,,A,0.107,0.285,0.06,0.12,0.012348113392386374,-0.014749229564770745,0.10790311325488364,-0.046806178686936754,0.00045933122986262806,,0,,,0,,cumulative_place,,,False,1.0,1.0,3.0,3,verified,winticket_line_prediction,provider_forecast_structure_only,8.434872869656795,16.175985915692937,21.724665186211052,3,3,1,coverage_validated_cumulative_scores_uncalibrated,,unavailable,,0,0
2026-10-09,四日市,6,064820261009,1791537000,1791536700,4,5,015113,酒井拳蔵,両,94.86,,,,,0.09200198938182387,0.05836490680261944,0.10417880906890495,0.16660857652655328,position_specialists,0.05836490680261944,False,,,A,0.09,0.136,0.13,0.01,-0.07121102949278894,0.20142694795379404,-0.001921922422499396,-0.046806178686936754,0.002755987379175767,,0,,,0,,cumulative_place,,,False,3.0,1.0,3.0,3,verified,winticket_line_prediction,provider_forecast_structure_only,5.836490680261944,10.417880906890495,16.660857652655327,4,5,3,coverage_validated_cumulative_scores_uncalibrated,,unavailable,,0,0
2026-10-09,四日市,6,064820261009,1791537000,1791536700,5,2,014313,小谷実,追,94.11,,,,,0.09481795569939767,0.04464648846191114,0.14731735411317137,0.17486751225432573,position_specialists,0.04464648846191114,False,,,A,0.085,0.171,0.16,0.05,-0.08136662893191987,0.010852476655992446,-0.026014817102471235,-0.046806178686936754,0.0016285379967856805,,0,,,0,,cumulative_place,,,False,3.0,2.0,3.0,3,verified,winticket_line_prediction,provider_forecast_structure_only,4.464648846191114,14.731735411317137,17.486751225432574,5,4,2,coverage_validated_cumulative_scores_uncalibrated,,unavailable,,0,0
2026-10-09,四日市,6,064820261009,1791537000,1791536700,6,1,013420,土屋裕二,追,95.63,,,,,0.039172359829533404,0.026852415263743636,0.0713892963598637,0.14286392399424092,position_specialists,0.026852415263743636,False,,,A,0.157,0.315,0.0,0.17,0.11318853960884068,-0.1198510529112596,-0.026014817102471235,0.17385152083719368,0.0012944789205219507,,0,,,0,,cumulative_place,,,False,1.0,3.0,3.0,3,verified,winticket_line_prediction,provider_forecast_structure_only,2.6852415263743636,7.13892963598637,14.286392399424091,6,6,4,coverage_validated_cumulative_scores_uncalibrated,,unavailable,,0,0
2026-10-09,四日市,6,064820261009,1791537000,1791536700,7,6,014026,高橋成英,両,91.75,,,,,0.008889445372731364,0.0018616954454487727,0.03477823753013451,0.05973679423375063,position_specialists,0.0018616954454487727,False,,,A,0.0,0.0,0.0,0.0,-0.2657661980335495,-0.1198510529112596,-0.28321124009470494,-0.046806178686936754,0.002213141380247207,,0,,,0,,cumulative_place,,,False,3.0,3.0,3.0,3,verified,winticket_line_prediction,provider_forecast_structure_only,0.18616954454487727,3.477823753013451,5.973679423375064,7,7,7,coverage_validated_cumulative_scores_uncalibrated,,unavailable,,0,0
2026-10-09,平塚,7,073520261009,1791537660,1791537360,1,4,015225,坂口楓華,両,58.07,,,,,0.9174658413889019,0.9272716571769555,0.781083294564205,0.8292851812581754,position_specialists,0.9272716571769555,False,,0.8594363864097085,S,0.851,0.888,0.0,0.0,0.2500949918383832,-0.03157423704635027,0.39357034145851033,0.18961954010664772,0.004262140942933405,,0,,,0,,cumulative_place,0.0,0.0,False,4.0,1.0,1.0,7,verified,winticket_line_prediction,provider_forecast_structure_only,92.72716571769554,78.10832945642052,82.92851812581755,1,1,1,coverage_validated_cumulative_scores_uncalibrated,,unavailable,,0,0
2026-10-09,平塚,7,073520261009,1791537660,1791537360,2,3,015853,中島瞳,両,56.71,,,,,0.07270291167523361,0.06783527076724691,0.11254818160298266,0.05319425213349375,position_specialists,0.06783527076724691,False,,,S,0.7609999999999999,0.904,0.0,0.0,0.13320074858168232,-0.03157423704635027,0.09168219634379482,-0.017330818181790386,0.0013256265137470036,,0,,,0,,cumulative_place,0.0,0.0,False,3.0,1.0,1.0,7,verified,winticket_line_prediction,provider_forecast_structure_only,6.783527076724691,11.254818160298267,5.3194252133493745,2,2,2,coverage_validated_cumulative_scores_uncalibrated,,unavailable,,0,0
2026-10-09,平塚,7,073520261009,1791537660,1791537360,3,7,015858,平子結菜,両,51.11,,,,,0.0031472087793323143,0.001820936849865573,0.04453258203974453,0.035368494318226355,position_specialists,0.001820936849865573,False,,,S,0.111,0.37,0.0,0.0,0.04183173166119294,-0.03157423704635027,-0.02288420458506856,-0.0458756951870922,8.390041226246896e-05,,0,,,0,,cumulative_place,0.5462701422206367,0.09347096529002415,False,6.0,1.0,1.0,7,verified,winticket_line_prediction,provider_forecast_structure_only,0.1820936849865573,4.453258203974454,3.5368494318226356,3,3,4,coverage_validated_cumulative_scores_uncalibrated,,unavailable,,0,0
2026-10-09,平塚,7,073520261009,1791537660,1791537360,4,5,015865,豊田美香,両,51.85,,,,,0.0031109615075049384,0.0016925383503595603,0.03981788865581992,0.049730990547257166,position_specialists,0.0016925383503595603,False,,,S,0.284,0.428,0.0,0.0,-0.014820920374245084,-0.03157423704635027,-0.07437181035898016,0.01121405882351142,0.0010235850296021174,,0,,,0,,cumulative_place,0.4377174072019284,0.5462931347807907,False,5.0,1.0,1.0,7,verified,winticket_line_prediction,provider_forecast_structure_only,0.16925383503595604,3.9817888655819926,4.973099054725717,4,4,3,coverage_validated_cumulative_scores_uncalibrated,,unavailable,,0,0
2026-10-09,平塚,7,073520261009,1791537660,1791537360,5,1,015942,齊藤由莉,両,49.21,,,,,0.0017467567619189215,0.0007706675082859805,0.010988259553690455,0.014611921801597197,position_specialists,0.0007706675082859805,False,,,S,0.25,0.35,0.0,0.0,-0.10538463322385837,-0.03157423704635027,-0.05632958890991535,-0.0458756951870922,0.0010235850296021174,,0,,,0,,cumulative_place,0.0,0.15033230077185503,False,1.0,1.0,1.0,7,verified,winticket_line_prediction,provider_forecast_structure_only,0.07706675082859805,1.0988259553690456,1.4611921801597196,5,5,5,coverage_validated_cumulative_scores_uncalibrated,,unavailable,,0,0
2026-10-09,平塚,7,073520261009,1791537660,1791537360,6,2,015593,中村鈴花,追,46.8,,,,,0.001037357244060246,0.0003161846049796683,0.0048349613988801195,0.007315176565878932,position_specialists,0.0003161846049796683,False,,,S,0.0,0.133,0.0,0.0,-0.17719834607347162,-0.03157423704635027,-0.1906975836700321,-0.0458756951870922,0.0017283484926068537,,0,,,0,,cumulative_place,0.0,0.054460637737466074,False,2.0,1.0,1.0,7,verified,winticket_line_prediction,provider_forecast_structure_only,0.03161846049796683,0.483496139888012,0.7315176565878931,6,7,7,coverage_validated_cumulative_scores_uncalibrated,,unavailable,,0,0
2026-10-09,平塚,7,073520261009,1791537660,1791537360,7,6,015851,片岡美奈,両,48.83,,,,,0.0007889626430480268,0.00029274474230678755,0.006194832184677219,0.010493983375371179,position_specialists,0.00029274474230678755,False,,,S,0.1,0.233,0.0,0.0,-0.12772357240968313,-0.03157423704635027,-0.14096935027830904,-0.0458756951870922,0.0017283484926068537,,0,,,0,,cumulative_place,0.016012450577434795,0.1554429614198641,False,7.0,1.0,1.0,7,verified,winticket_line_prediction,provider_forecast_structure_only,0.029274474230678756,0.619483218467722,1.0493983375371179,7,6,6,coverage_validated_cumulative_scores_uncalibrated,,unavailable,,0,0
2026-10-09,四日市,7,074820261009,1791538380,1791538080,1,7,014212,山崎将幸,追,102.34,,,,,0.5337541696841064,0.7036277007628182,0.18350340241347038,0.1261011834589921,position_specialists,0.7036277007628182,False,,0.5598586448990923,S,0.2689999999999999,0.5379999999999999,0.13,0.16,0.21033504295552782,0.23498222479032044,0.22841210084480867,-0.005591231747647583,0.0025234746934141997,,0,,,0,,cumulative_place,,,False,1.0,2.0,3.0,3,verified,winticket_line_prediction,provider_forecast_structure_only,70.36277007628182,18.35034024134704,12.61011834589921,1,3,4,coverage_validated_cumulative_scores_uncalibrated,,unavailable,,0,0
2026-10-09,四日市,7,074820261009,1791538380,1791538080,2,3,015572,田村大,逃,98.34,,,,,0.16149032241521277,0.14376905586372588,0.20420287165404458,0.10914937144313447,position_specialists,0.14376905586372588,False,,,S,0.23,0.346,0.13,0.16,0.04125211269635498,0.0746554539987464,0.22723247765793286,0.09225532383618522,0.0025795519088234035,,0,,,0,,cumulative_place,,,False,2.0,1.0,3.0,3,verified,winticket_line_prediction,provider_forecast_structure_only,14.376905586372587,20.42028716540446,10.914937144313447,2,2,5,coverage_validated_cumulative_scores_uncalibrated,,unavailable,,0,0
2026-10-09,四日市,7,074820261009,1791538380,1791538080,3,2,014929,小酒大勇,追,95.6,,,,,0.15210325585244594,0.0936844631989426,0.31307104552163995,0.24521406033320586,position_specialists,0.0936844631989426,False,,,S,0.08,0.16,0.14,0.12,0.14823046157522896,0.3426852671713107,-0.06280550217343658,-0.07082226880353612,0.0017383936776853375,,0,,,0,,cumulative_place,,,False,2.0,2.0,3.0,3,verified,winticket_line_prediction,provider_forecast_structure_only,9.36844631989426,31.307104552164,24.521406033320588,3,1,1,coverage_validated_cumulative_scores_uncalibrated,,unavailable,,0,0
2026-10-09,四日市,7,074820261009,1791538380,1791538080,4,1,015325,後藤悠,逃,95.43,,,,,0.09596949245760876,0.0450058739031486,0.11752759859646335,0.17821998414669668,position_specialists,0.0450058739031486,False,,,S,0.1169999999999999,0.294,0.14,0.1,-0.09431523782288494,0.053114845522548346,-0.02969200799804796,0.14444015348089603,0.0006168493695012484,,0,,,0,,cumulative_place,,,False,1.0,1.0,3.0,3,verified,winticket_line_prediction,provider_forecast_structure_only,4.50058739031486,11.752759859646337,17.821998414669668,4,4,2,coverage_validated_cumulative_scores_uncalibrated,,unavailable,,0,0
2026-10-09,四日市,7,074820261009,1791538380,1791538080,5,4,015612,小榑佑弥,逃,93.8,,,,,0.033628560692248614,0.00796000580675366,0.05684311723931858,0.0941219978534129,position_specialists,0.00796000580675366,False,,,S,0.038,0.115,0.0,0.11,-0.06779025127802103,-0.22543971333213275,-0.12104902277708564,-0.07082226880353612,0.0025795519088234035,,0,,,0,,cumulative_place,,,False,3.0,1.0,1.0,3,verified,winticket_line_prediction,provider_forecast_structure_only,0.7960005806753659,5.684311723931859,9.41219978534129,5,7,7,coverage_validated_cumulative_scores_uncalibrated,,unavailable,,0,0
2026-10-09,四日市,7,074820261009,1791538380,1791538080,6,6,013852,五十嵐力,追,93.38,,,,,0.012806092942692658,0.003457806730326161,0.058398139283562016,0.10467064959908388,position_specialists,0.003457806730326161,False,,,S,0.152,0.23,0.1,0.21,-0.20788490594254663,-0.06511294254055869,-0.06280550217343658,-0.018637439158825292,0.0021309341855497684,,0,,,0,,cumulative_place,,,False,1.0,3.0,3.0,3,verified,winticket_line_prediction,provider_forecast_structure_only,0.3457806730326161,5.839813928356202,10.467064959908388,6,6,6,coverage_validated_cumulative_scores_uncalibrated,,unavailable,,0,0
2026-10-09,四日市,7,074820261009,1791538380,1791538080,7,5,014325,蓮井祐輝,追,94.11,,,,,0.010248105955684872,0.002495093734284856,0.06645382529150116,0.14252275316547425,position_specialists,0.002495093734284856,False,,,S,0.0,0.115,0.0,0.27,-0.02982722218365893,-0.17281598492154898,-0.1792925433807347,-0.07082226880353612,0.0006168493695012484,,0,,,0,,cumulative_place,,,False,2.0,3.0,3.0,3,verified,winticket_line_prediction,provider_forecast_structure_only,0.2495093734284856,6.645382529150117,14.252275316547426,7,5,3,coverage_validated_cumulative_scores_uncalibrated,,unavailable,,0,0
2026-10-09,平塚,8,083520261009,1791539040,1791538740,1,1,014945,中井俊亮,両,100.32,,,,,0.24603570802233604,0.38169302989791276,0.17316247139485696,0.09711030438230944,position_specialists,0.3816930298979127,False,,0.15251380918077678,B,0.23,0.384,0.15,0.12,0.23388058979885304,0.08437936457608858,0.15828606969176506,0.06674369345916008,0.004213122357587066,,0,,,0,,cumulative_place,,,False,1.0,1.0,2.0,3,verified,winticket_line_prediction,provider_forecast_structure_only,38.16930298979128,17.3162471394857,9.711030438230942,1,3,7,coverage_validated_cumulative_scores_uncalibrated,,unavailable,,0,0
2026-10-09,平塚,8,083520261009,1791539040,1791538740,2,5,015168,染谷幸喜,逃,99.13,,,,,0.23998400070220693,0.22917922071713595,0.2019680785151334,0.16665227992780238,position_specialists,0.22917922071713592,False,,,B,0.272,0.5,0.16,0.14,-0.002723951552487939,0.08437936457608858,0.08444609175074311,-0.021200937922321438,9.797958971132672e-05,,0,,,0,,cumulative_place,,,False,2.0,1.0,3.0,3,verified,winticket_line_prediction,provider_forecast_structure_only,22.917922071713594,20.196807851513345,16.665227992780235,2,2,2,coverage_validated_cumulative_scores_uncalibrated,,unavailable,,0,0
2026-10-09,平塚,8,083520261009,1791539040,1791538740,3,2,015046,山本紳貴,追,97.4,,,,,0.20814052883970952,0.19037288126102203,0.16655814801079186,0.14692665437613792,position_specialists,0.190372881261022,False,,,B,0.172,0.275,0.15,0.09,0.000379243715110604,0.26021505722272836,0.054819466360753466,-0.08166287199708996,0.0003265986323710902,,0,,,0,,cumulative_place,,,False,2.0,2.0,3.0,3,verified,winticket_line_prediction,provider_forecast_structure_only,19.037288126102204,16.655814801079188,14.692665437613789,3,4,3,coverage_validated_cumulative_scores_uncalibrated,,unavailable,,0,0
2026-10-09,平塚,8,083520261009,1791539040,1791538740,4,3,015784,高橋舜,逃,99.1,,,,,0.1595572125642032,0.11889910610903279,0.2043439273929849,0.18625593537877078,position_specialists,0.11889910610903277,False,,,B,0.15,0.4,0.24,0.19,-0.030342710792477932,0.04330870983073653,-0.018869454557633725,-0.08166287199708996,9.797958971132672e-05,,0,,,0,,cumulative_place,,,False,3.0,1.0,2.0,3,verified,winticket_line_prediction,provider_forecast_structure_only,11.889910610903279,20.434392739298495,18.625593537877073,4,1,1,coverage_validated_cumulative_scores_uncalibrated,,unavailable,,0,0
2026-10-09,平塚,8,083520261009,1791539040,1791538740,5,6,014982,坂本周作,逃,93.65,,,,,0.07258808588509447,0.047119983921927226,0.1189447343197472,0.1400835454298794,position_specialists,0.04711998392192722,False,,,B,0.125,0.156,0.0,0.0,-0.1221985761468471,0.17807374773202436,-0.03370794342306767,0.09972293022721564,0.0003592584956081996,,0,,,0,,cumulative_place,,,False,3.0,2.0,2.0,3,verified,winticket_line_prediction,provider_forecast_structure_only,4.711998392192722,11.894473431974722,14.008354542987938,5,5,5,coverage_validated_cumulative_scores_uncalibrated,,unavailable,,0,0
2026-10-09,平塚,8,083520261009,1791539040,1791538740,6,4,013803,三ツ石康洋,両,93.8,,,,,0.049016944454625004,0.023142049807795932,0.0796944794248232,0.11961838859667348,position_specialists,0.02314204980779593,False,,,B,0.1,0.15,0.24,0.2,-0.17433289935922877,0.05486178349596833,-0.12248711491128011,0.09972293022721564,0.002645448922205833,,0,,,0,,cumulative_place,,,False,1.0,2.0,2.0,3,verified,winticket_line_prediction,provider_forecast_structure_only,2.3142049807795932,7.969447942482321,11.961838859667346,6,6,6,coverage_validated_cumulative_scores_uncalibrated,,unavailable,,0,0
2026-10-09,平塚,8,083520261009,1791539040,1791538740,7,7,014710,花田将司,両,95.6,,,,,0.024677519531824912,0.009593728285173417,0.05532816094166242,0.14335289190842662,position_specialists,0.009593728285173415,False,,,B,0.06,0.181,0.02,0.05,0.09533830433707831,-0.33685192855954826,-0.12248711491128011,-0.08166287199708996,0.0017309727515667796,,0,,,0,,cumulative_place,,,False,2.0,3.0,3.0,3,verified,winticket_line_prediction,provider_forecast_structure_only,0.9593728285173417,5.532816094166243,14.335289190842659,7,7,4,coverage_validated_cumulative_scores_uncalibrated,,unavailable,,0,0
2026-10-09,四日市,8,084820261009,1791539760,1791539460,1,1,015458,貴志修己,逃,101.53,,,,,0.3227625199038168,0.5336696061513507,0.436052638564382,0.34631852732969065,position_specialists,0.5336696061513507,False,,0.34461386086963186,A,0.481,0.517,0.17,0.14,0.18114735603468618,0.09568655261652698,0.27287072090843245,0.169831288832967,9.307080728365487e-05,,0,,,0,,cumulative_place,,,False,1.0,1.0,2.0,3,verified,winticket_line_prediction,provider_forecast_structure_only,53.36696061513507,43.60526385643821,34.63185273296907,1,1,1,coverage_validated_cumulative_scores_uncalibrated,,unavailable,,0,0
2026-10-09,四日市,8,084820261009,1791539760,1791539460,2,7,015837,小川三士郎,逃,100.6,,,,,0.19695668879368486,0.18905574528171887,0.1037985758597733,0.0963126424855434,position_specialists,0.18905574528171887,False,,,A,0.26,0.391,0.11,0.08,0.048823062541065367,0.28802349932705706,-0.03357143491042211,0.05376315948262564,0.004467398749615424,,0,,,0,,cumulative_place,,,False,3.0,1.0,2.0,3,verified,winticket_line_prediction,provider_forecast_structure_only,18.905574528171886,10.379857585977332,9.631264248554341,2,4,5,coverage_validated_cumulative_scores_uncalibrated,,unavailable,,0,0
2026-10-09,四日市,8,084820261009,1791539760,1791539460,3,3,015050,堀内俊介,両,102.13,,,,,0.199173892972654,0.1291167122082695,0.13939747596075805,0.07440868260997034,position_specialists,0.1291167122082695,False,,,A,0.13,0.434,0.09,0.23,0.0687742640433996,0.010203465189624712,-0.09485510828885538,-0.06230496986771572,0.0009617316752644315,,0,,,0,,cumulative_place,,,False,2.0,1.0,3.0,3,verified,winticket_line_prediction,provider_forecast_structure_only,12.911671220826952,13.939747596075806,7.440868260997035,3,2,7,coverage_validated_cumulative_scores_uncalibrated,,unavailable,,0,0
2026-10-09,四日市,8,084820261009,1791539760,1791539460,4,6,014571,根本哲吏,両,93.68,,,,,0.12854941688070515,0.050916986324145874,0.13215864406982578,0.1877210107607672,position_specialists,0.050916986324145874,False,,,A,0.111,0.166,0.25,0.16,-0.1206751021047188,0.16968105288383636,-0.14592483610421644,-0.037684457581279675,0.001613227326250014,,0,,,0,,cumulative_place,,,False,2.0,2.0,3.0,3,verified,winticket_line_prediction,provider_forecast_structure_only,5.091698632414587,13.215864406982579,18.772101076076723,4,3,2,coverage_validated_cumulative_scores_uncalibrated,,unavailable,,0,0
2026-10-09,四日市,8,084820261009,1791539760,1791539460,5,2,012987,堤洋,追,101.37,,,,,0.06753381873974028,0.04684718475977418,0.07948249206631097,0.10617254155673293,position_specialists,0.04684718475977418,False,,,A,0.208,0.3329999999999999,0.14,0.17,-0.19041725923883154,0.1269395091703852,0.04816391852084377,0.0010049188688341071,0.0007445664582692374,,0,,,0,,cumulative_place,,,False,3.0,2.0,2.0,3,verified,winticket_line_prediction,provider_forecast_structure_only,4.6847184759774185,7.948249206631098,10.617254155673296,5,5,4,coverage_validated_cumulative_scores_uncalibrated,,unavailable,,0,0
2026-10-09,四日市,8,084820261009,1791539760,1791539460,6,5,015036,尾形鉄馬,追,101.47,,,,,0.06024169376910256,0.042634264753658384,0.061557643063206595,0.07445325673596029,position_specialists,0.042634264753658384,False,,,A,0.315,0.473,0.11,0.27,0.15215908044003895,-0.23539977091647332,0.11966946710457865,-0.06230496986771572,0.0007755900606971217,,0,,,0,,cumulative_place,,,False,2.0,3.0,3.0,3,verified,winticket_line_prediction,provider_forecast_structure_only,4.263426475365838,6.15576430632066,7.44532567359603,6,6,6,coverage_validated_cumulative_scores_uncalibrated,,unavailable,,0,0
2026-10-09,四日市,8,084820261009,1791539760,1791539460,7,4,013783,上田裕和,追,95.7,,,,,0.024781968940296308,0.007759500521082546,0.0475525304157433,0.11461333852133516,position_specialists,0.007759500521082546,False,,,A,0.105,0.263,0.09,0.17,-0.1398114017156398,-0.08676820939687048,-0.16635272723036088,-0.06230496986771572,0.0018303925432452085,,0,,,0,,cumulative_place,,,False,1.0,2.0,2.0,3,verified,winticket_line_prediction,provider_forecast_structure_only,0.7759500521082546,4.75525304157433,11.461333852133519,7,7,3,coverage_validated_cumulative_scores_uncalibrated,,unavailable,,0,0
2026-10-09,平塚,9,093520261009,1791540420,1791540120,1,3,014879,月森亮輔,両,99.66,,,,,0.26109145742945955,0.30529143850941853,0.15887885473916916,0.1861235047736066,position_specialists,0.2851858604912087,True,second_wheel+pace_conflict_consensus,0.021897765119542834,C,0.259,0.3329999999999999,0.1,0.15,0.19609469245292888,0.20795005336819933,0.006958463472714366,-0.012057071240964895,0.00018911736861805927,,0,,,0,,cumulative_place,,,False,1.0,2.0,2.0,3,verified,winticket_line_prediction,provider_forecast_structure_only,30.529143850941853,15.887885473916912,18.61235047736066,1,3,1,coverage_validated_cumulative_scores_uncalibrated,,unavailable,,0,0
2026-10-09,平塚,9,093520261009,1791540420,1791540120,2,7,015276,佐伯亮輔,逃,98.28,,,,,0.2082079244485928,0.2833936733898757,0.13170783397862443,0.15203960599881206,position_specialists,0.2876352594475805,True,second_wheel+pace_conflict_consensus,,C,0.64,0.76,0.09,0.1,0.008470408324967954,0.24651207394486357,0.2053665559166921,0.1848750923614617,0.002458525792034759,,0,,,0,,cumulative_place,,,False,1.0,1.0,2.0,3,verified,winticket_line_prediction,provider_forecast_structure_only,28.33936733898757,13.17078339786244,15.203960599881206,2,4,4,coverage_validated_cumulative_scores_uncalibrated,,unavailable,,0,0
2026-10-09,平塚,9,093520261009,1791540420,1791540120,3,1,013685,岡田征陽,追,101.65,,,,,0.20117234282556842,0.2058189621499657,0.2621485849981786,0.14268249592510798,position_specialists,0.18962714221140867,True,second_wheel+pace_conflict_consensus,,C,0.3329999999999999,0.416,0.19,0.1,-0.034329123295922685,0.07117142988732722,0.03640329998184652,0.025453817064259223,0.002458525792034759,,0,,,0,,cumulative_place,,,False,2.0,2.0,3.0,3,verified,winticket_line_prediction,provider_forecast_structure_only,20.58189621499657,26.214858499817854,14.268249592510799,3,1,5,coverage_validated_cumulative_scores_uncalibrated,,unavailable,,0,0
2026-10-09,平塚,9,093520261009,1791540420,1791540120,4,5,015169,野口裕史,逃,100.32,,,,,0.22822474147933175,0.16036380627988017,0.18282497750380575,0.15532598414648222,position_specialists,0.19273610451560896,True,second_wheel+pace_conflict_consensus,,C,0.4589999999999999,0.486,0.15,0.07,-0.1240347259488037,0.20091919945123957,0.01986061499647801,-0.04956795954618901,0.0011347042117083503,,0,,,0,,cumulative_place,,,False,3.0,1.0,2.0,3,verified,winticket_line_prediction,provider_forecast_structure_only,16.036380627988017,18.28249775038057,15.532598414648222,4,2,3,coverage_validated_cumulative_scores_uncalibrated,,unavailable,,0,0
2026-10-09,平塚,9,093520261009,1791540420,1791540120,5,2,013855,近藤俊明,追,99.59,,,,,0.0338510401725347,0.022088426279800417,0.12234644446678235,0.16544245819456094,position_specialists,0.02077727631163001,True,second_wheel+pace_conflict_consensus,,C,0.18,0.272,0.15,0.09,0.020315546178025595,-0.08840363084035685,-0.03471677113826016,-0.04956795954618901,0.003366289161401441,,0,,,0,,cumulative_place,,,False,3.0,2.0,2.0,3,verified,winticket_line_prediction,provider_forecast_structure_only,2.2088426279800415,12.234644446678232,16.544245819456094,5,5,2,coverage_validated_cumulative_scores_uncalibrated,,unavailable,,0,0
2026-10-09,平塚,9,093520261009,1791540420,1791540120,6,6,015694,浮島知稀,逃,95.4,,,,,0.045834366312296385,0.011752493581619564,0.07613619829507304,0.08643255817568242,position_specialists,0.01287284464908384,True,second_wheel+pace_conflict_consensus,,C,0.0,0.086,0.07,0.09,-0.16516728906928602,-0.16382379649775264,-0.19915539209121075,-0.04956795954618901,0.001512938948944468,,0,,,0,,cumulative_place,,,False,2.0,1.0,3.0,3,verified,winticket_line_prediction,provider_forecast_structure_only,1.1752493581619565,7.613619829507302,8.643255817568242,6,6,7,coverage_validated_cumulative_scores_uncalibrated,,unavailable,,0,0
2026-10-09,平塚,9,093520261009,1791540420,1791540120,7,4,014292,丸山直樹,追,96.36,,,,,0.02161812733221646,0.011291199809440012,0.06595710601836677,0.1119533927857479,position_specialists,0.011165512373479307,True,second_wheel+pace_conflict_consensus,,C,0.2,0.266,0.1,0.1,0.09865049135808962,-0.10595923043943335,-0.03471677113826016,-0.04956795954618901,0.0009834103168139046,,0,,,0,,cumulative_place,,,False,2.0,3.0,3.0,3,verified,winticket_line_prediction,provider_forecast_structure_only,1.1291199809440011,6.595710601836675,11.195339278574789,7,7,6,coverage_validated_cumulative_scores_uncalibrated,,unavailable,,0,0
2026-10-09,四日市,9,094820261009,1791541140,1791540840,1,5,015825,南部翔大,逃,102.36,,,,,0.2676780508817867,0.2375568286438751,0.14117671860282865,0.1377935214297204,position_specialists,0.23755682864387503,False,,0.027053002545785382,C,0.4539999999999999,0.545,0.21,0.11,-0.12951308103407796,0.13039272210930064,0.003572143143445075,-0.09993179492215497,0.0011060803597785095,,0,,,0,,cumulative_place,,,False,1.0,1.0,2.0,4,verified,winticket_line_prediction,provider_forecast_structure_only,23.75568286438751,14.117671860282865,13.779352142972042,1,3,4,coverage_validated_cumulative_scores_uncalibrated,,unavailable,,0,0
2026-10-09,四日市,9,094820261009,1791541140,1791540840,2,4,015807,塩島嵩一朗,逃,102.68,,,,,0.19352504886942903,0.2105038260980897,0.1917732790525928,0.14992413966818036,position_specialists,0.21050382609808965,False,,,C,0.375,0.5,0.14,0.08,-0.09641999439508306,0.07152213526328766,0.11206713834712638,-0.06267911397484277,0.0005679872117781533,,0,,,0,,cumulative_place,,,False,4.0,1.0,2.0,4,verified,winticket_line_prediction,provider_forecast_structure_only,21.05038260980897,19.177327905259283,14.992413966818038,2,2,3,coverage_validated_cumulative_scores_uncalibrated,,unavailable,,0,0
2026-10-09,四日市,9,094820261009,1791541140,1791540840,3,3,015004,畑段嵐士,追,103.27,,,,,0.17361951081245638,0.19051664433527823,0.1977773023135607,0.2511312162426058,position_specialists,0.19051664433527818,False,,,C,0.363,0.545,0.16,0.13,0.020354070192375368,0.0652752768278585,0.04652314045316167,-0.09993179492215497,0.0011060803597785095,,0,,,0,,cumulative_place,,,False,1.0,2.0,2.0,4,verified,winticket_line_prediction,provider_forecast_structure_only,19.051664433527822,19.77773023135607,25.113121624260586,3,1,1,coverage_validated_cumulative_scores_uncalibrated,,unavailable,,0,0
2026-10-09,四日市,9,094820261009,1791541140,1791540840,4,2,014045,吉本卓仁,両,101.9,,,,,0.14504074184774252,0.184851515852108,0.12424600904742628,0.0816125633262355,position_specialists,0.18485151585210796,False,,,C,0.318,0.409,0.21,0.05,0.17350507025430684,0.12414586367387147,-0.021609856421758576,0.08219242304248246,0.003288347015557731,,0,,,0,,cumulative_place,,,False,2.0,2.0,2.0,4,verified,winticket_line_prediction,provider_forecast_structure_only,18.485151585210797,12.424600904742627,8.161256332623552,4,4,7,coverage_validated_cumulative_scores_uncalibrated,,unavailable,,0,0
2026-10-09,四日市,9,094820261009,1791541140,1791540840,5,7,014883,才迫開,両,101.85,,,,,0.07790122631003168,0.06577539781856528,0.11927640136581011,0.10238398439005544,position_specialists,0.06577539781856527,False,,,C,0.356,0.4639999999999999,0.13,0.19,-0.1771003054703965,-0.07565433185174474,0.10706613794630324,0.03666136855132311,0.001943114145556841,,0,,,0,,cumulative_place,,,False,2.0,1.0,2.0,4,verified,winticket_line_prediction,provider_forecast_structure_only,6.577539781856529,11.927640136581012,10.238398439005547,5,6,6,coverage_validated_cumulative_scores_uncalibrated,,unavailable,,0,0
2026-10-09,四日市,9,094820261009,1791541140,1791540840,6,1,015326,照井拓成,両,102.27,,,,,0.0648684220106711,0.06344804598209416,0.11966918803271263,0.17061159505794715,position_specialists,0.06344804598209415,False,,,C,0.363,0.59,0.4,0.2,0.20331430805782363,-0.3301322131939874,0.04652314045316167,0.10702754367402394,0.002152372592001424,,0,,,0,,cumulative_place,,,False,3.0,1.0,1.0,4,verified,winticket_line_prediction,provider_forecast_structure_only,6.344804598209416,11.966918803271263,17.06115950579472,6,5,2,coverage_validated_cumulative_scores_uncalibrated,,unavailable,,0,0
2026-10-09,四日市,9,094820261009,1791541140,1791540840,7,6,014729,高橋昇平,追,98.65,,,,,0.07736699926788265,0.047347741269989675,0.10608110158506885,0.10654297988525528,position_specialists,0.04734774126998966,False,,,C,0.15,0.3,0.31,0.06,0.005859932395051761,0.33019291763491676,-0.2941418439214396,0.03666136855132311,0.0024513132297794,,0,,,0,,cumulative_place,,,False,4.0,2.0,2.0,4,verified,winticket_line_prediction,provider_forecast_structure_only,4.734774126998968,10.608110158506886,10.65429798852553,7,7,5,coverage_validated_cumulative_scores_uncalibrated,,unavailable,,0,0
2026-10-09,平塚,10,103520261009,1791541800,1791541500,1,4,014190,木村隆弘,追,108.47,,,,,0.37590990778824157,0.31070457033362847,0.301157629673395,0.448200305970557,position_specialists,0.31070457033362847,False,,0.011555871512178129,C,0.237,0.285,0.21,0.12,-0.17360584237580884,0.13755761015671517,-0.15854709818095647,-0.003841387540267075,0.0007701569956580765,,0,,,0,,cumulative_place,,,False,3.0,2.0,3.0,3,verified,winticket_line_prediction,provider_forecast_structure_only,31.070457033362846,30.115762967339503,44.8200305970557,1,2,1,coverage_validated_cumulative_scores_uncalibrated,,unavailable,,0,0
2026-10-09,平塚,10,103520261009,1791541800,1791541500,2,7,015363,田中大我,逃,103.91,,,,,0.22227504251514987,0.29914869882145034,0.38960846552328876,0.21644440897127853,position_specialists,0.29914869882145034,False,,,C,0.4579999999999999,0.583,0.05,0.09,0.06001476118399036,0.2618632299611951,-0.053402028536188695,0.17286243931201825,0.0030036122830665005,,0,,,0,,cumulative_place,,,False,1.0,1.0,3.0,3,verified,winticket_line_prediction,provider_forecast_structure_only,29.914869882145034,38.96084655232888,21.644440897127854,2,1,2,coverage_validated_cumulative_scores_uncalibrated,,unavailable,,0,0
2026-10-09,平塚,10,103520261009,1791541800,1791541500,3,3,015555,林昌幸,逃,104.24,,,,,0.18485608224926198,0.1840659600337155,0.09006674115595148,0.062183170228224525,position_specialists,0.1840659600337155,False,,,C,0.48,0.64,0.22,0.13,-0.10957942344084155,0.24220441349285468,8.651062493894579e-05,-0.03841387540267072,0.0030036122830665005,,0,,,0,,cumulative_place,,,False,3.0,1.0,3.0,3,verified,winticket_line_prediction,provider_forecast_structure_only,18.40659600337155,9.00667411559515,6.218317022822452,3,4,5,coverage_validated_cumulative_scores_uncalibrated,,unavailable,,0,0
2026-10-09,平塚,10,103520261009,1791541800,1791541500,4,1,015173,格清洋介,逃,101.8,,,,,0.15970144047296672,0.1710557759152094,0.10654055725241647,0.10285046715784822,position_specialists,0.1710557759152094,False,,,C,0.483,0.58,0.0,0.0,0.21705587464857212,-0.1944615734983137,0.16262942364639238,0.04609665048320486,0.0006353795214179129,,0,,,0,,cumulative_place,,,False,2.0,1.0,1.0,3,verified,winticket_line_prediction,provider_forecast_structure_only,17.10557759152094,10.65405572524165,10.285046715784823,4,3,3,coverage_validated_cumulative_scores_uncalibrated,,unavailable,,0,0
2026-10-09,平塚,10,103520261009,1791541800,1791541500,5,2,012834,松田治之,追,97.64,,,,,0.03145590122925322,0.016040478014065582,0.03250234948596888,0.03872011277088707,position_specialists,0.016040478014065582,False,,,C,0.214,0.321,0.21,0.11,-0.03733540228867568,0.05892234428335354,-0.12105606339605052,-0.08066913834560852,0.002657041635020365,,0,,,0,,cumulative_place,,,False,1.0,2.0,3.0,3,verified,winticket_line_prediction,provider_forecast_structure_only,1.6040478014065582,3.250234948596889,3.872011277088707,5,7,7,coverage_validated_cumulative_scores_uncalibrated,,unavailable,,0,0
2026-10-09,平塚,10,103520261009,1791541800,1791541500,6,5,013118,山内卓也,追,101.72,,,,,0.016967960533666473,0.012985591887308358,0.04535683003194929,0.07790017318490676,position_specialists,0.012985591887308358,False,,,C,0.363,0.484,0.0,0.28,0.022808883372144532,-0.14183784508772992,0.10389014531338518,-0.03841387540267072,0.0010397119441384033,,0,,,0,,cumulative_place,,,False,1.0,3.0,3.0,3,verified,winticket_line_prediction,provider_forecast_structure_only,1.2985591887308359,4.53568300319493,7.790017318490676,6,5,4,coverage_validated_cumulative_scores_uncalibrated,,unavailable,,0,0
2026-10-09,平塚,10,103520261009,1791541800,1791541500,7,6,013514,山口貴嗣,追,100.32,,,,,0.008833665211460303,0.005998924994622385,0.03476742687703009,0.053701361716297864,position_specialists,0.005998924994622385,False,,,C,0.379,0.413,0.16,0.25,0.02064114890061876,-0.12217902861938951,0.0663991105284792,-0.05762081310400609,0.0009049344698982401,,0,,,0,,cumulative_place,,,False,3.0,3.0,3.0,3,verified,winticket_line_prediction,provider_forecast_structure_only,0.5998924994622385,3.4767426877030094,5.370136171629786,7,6,6,coverage_validated_cumulative_scores_uncalibrated,,unavailable,,0,0
2026-10-09,四日市,10,104820261009,1791542520,1791542220,1,5,015440,長田龍拳,逃,102.73,,,,,0.2847627760201922,0.31112612590740174,0.35910691986182824,0.1978318573904109,position_specialists,0.31112612590740174,False,,0.007186521571294513,C,0.346,0.478,0.23,0.16,-0.033514008469703406,0.28824663649678145,0.045639630493612804,0.09664647195081948,0.003378947165999682,,0,,,0,,cumulative_place,,,False,3.0,1.0,3.0,3,verified,winticket_line_prediction,provider_forecast_structure_only,31.112612590740174,35.91069198618283,19.78318573904109,1,1,1,coverage_validated_cumulative_scores_uncalibrated,,unavailable,,0,0
2026-10-09,四日市,10,104820261009,1791542520,1791542220,2,1,015385,立部楓真,逃,104.36,,,,,0.2805136731858005,0.3039396043361072,0.16670668376356396,0.053636326028053405,position_specialists,0.3039396043361072,False,,,C,0.4,0.48,0.19,0.07,0.048727366290279336,0.11437178525616681,0.18036404553160865,-0.0912772235091073,0.0016397831834998463,,0,,,0,,cumulative_place,,,False,1.0,1.0,3.0,3,verified,winticket_line_prediction,provider_forecast_structure_only,30.393960433610722,16.6706683763564,5.363632602805341,2,2,7,coverage_validated_cumulative_scores_uncalibrated,,unavailable,,0,0
2026-10-09,四日市,10,104820261009,1791542520,1791542220,3,3,014222,木暮安由,追,102.2,,,,,0.2009619191237245,0.23218706261428124,0.1443929323032339,0.15124954180816796,position_specialists,0.23218706261428124,False,,,C,0.31,0.4479999999999999,0.19,0.09,0.17419084064996954,0.14767608575112673,0.11116658224944949,0.05906173285883412,0.0007950463919999251,,0,,,0,,cumulative_place,,,False,3.0,2.0,3.0,3,verified,winticket_line_prediction,provider_forecast_structure_only,23.218706261428125,14.439293230323395,15.124954180816797,3,4,5,coverage_validated_cumulative_scores_uncalibrated,,unavailable,,0,0
2026-10-09,四日市,10,104820261009,1791542520,1791542220,4,4,014409,山本奨,両,101.26,,,,,0.17956244007204553,0.132045777925924,0.15837095363115816,0.17423938449085583,position_specialists,0.132045777925924,False,,,C,0.3329999999999999,0.518,0.21,0.17,-0.11311430304548825,0.1863149415823744,0.11116658224944949,-0.0912772235091073,0.0007950463919999251,,0,,,0,,cumulative_place,,,False,1.0,2.0,3.0,3,verified,winticket_line_prediction,provider_forecast_structure_only,13.204577792592401,15.83709536311582,17.423938449085583,4,3,3,coverage_validated_cumulative_scores_uncalibrated,,unavailable,,0,0
2026-10-09,四日市,10,104820261009,1791542520,1791542220,5,2,013798,木村直隆,追,97.37,,,,,0.021216823977411158,0.008762815501072857,0.04397303032949939,0.07363356402321489,position_specialists,0.008762815501072857,False,,,C,0.125,0.312,0.14,0.14,0.08246448108215895,-0.21924867965526773,-0.10601024754845854,0.05906173285883412,0.000944117590499911,,0,,,0,,cumulative_place,,,False,2.0,1.0,1.0,3,verified,winticket_line_prediction,provider_forecast_structure_only,0.8762815501072857,4.39730303294994,7.363356402321489,5,7,6,coverage_validated_cumulative_scores_uncalibrated,,unavailable,,0,0
2026-10-09,四日市,10,104820261009,1791542520,1791542220,6,7,014720,高橋広大,追,99.24,,,,,0.018968727320236398,0.008450538440610939,0.06332471974890352,0.15381440626947718,position_specialists,0.008450538440610939,False,,,C,0.12,0.4,0.0,0.33,0.004575162662281681,-0.10866666749781241,-0.14944561350804014,0.05906173285883412,0.0032298759674996964,,0,,,0,,cumulative_place,,,False,3.0,3.0,3.0,3,verified,winticket_line_prediction,provider_forecast_structure_only,0.8450538440610939,6.332471974890354,15.381440626947718,6,6,4,coverage_validated_cumulative_scores_uncalibrated,,unavailable,,0,0
2026-10-09,四日市,10,104820261009,1791542520,1791542220,7,6,015117,野崎将史,両,96.6,,,,,0.014013640300589684,0.003488075274602019,0.06412476036181275,0.1955949199898198,position_specialists,0.003488075274602019,False,,,C,0.086,0.26,0.05,0.27,-0.16332953916949894,-0.16662495124468396,-0.19288097946762173,-0.0912772235091073,0.0011428791884998929,,0,,,0,,cumulative_place,,,False,1.0,3.0,3.0,3,verified,winticket_line_prediction,provider_forecast_structure_only,0.3488075274602019,6.4124760361812765,19.55949199898198,7,5,2,coverage_validated_cumulative_scores_uncalibrated,,unavailable,,0,0
2026-10-09,平塚,11,113520261009,1791543240,1791542940,1,3,015814,岩井芯,逃,107.8,,,,,0.5656211961380199,0.7761525755039753,0.48074659090401867,0.6015010311282487,position_specialists,0.7761525755039753,False,,0.7101767658246824,S,0.37,0.518,0.2,0.07,0.002276952772040333,0.31467143297220296,0.2090390201737688,0.12925340968067783,0.0032047974706967113,,0,,,0,,cumulative_place,,,False,1.0,1.0,2.0,3,verified,winticket_line_prediction,provider_forecast_structure_only,77.61525755039753,48.07465909040187,60.15010311282488,1,1,1,coverage_validated_cumulative_scores_uncalibrated,,unavailable,,0,0
2026-10-09,平塚,11,113520261009,1791543240,1791542940,2,1,013442,濱田浩司,追,104.38,,,,,0.08990706405831679,0.06597580967929294,0.07848832039875239,0.04323782014814436,position_specialists,0.06597580967929294,False,,,S,0.384,0.5760000000000001,0.23,0.16,0.23379200357867788,0.003313052335261862,0.1022751580934626,-0.06204163664672535,0.0018132406742099817,,0,,,0,,cumulative_place,,,False,2.0,2.0,3.0,3,verified,winticket_line_prediction,provider_forecast_structure_only,6.597580967929294,7.84883203987524,4.323782014814437,2,4,6,coverage_validated_cumulative_scores_uncalibrated,,unavailable,,0,0
2026-10-09,平塚,11,113520261009,1791543240,1791542940,3,7,015282,宮本隼輔,両,101.4,,,,,0.14322813663243225,0.06176036104357767,0.08541339794428261,0.07395560060754894,position_specialists,0.06176036104357767,False,,,S,0.24,0.44,0.02,0.17,-0.19055988159145099,0.1933440632896947,-0.045546210857918476,-0.015510409161681327,0.001581314541462193,,0,,,0,,cumulative_place,,,False,2.0,1.0,3.0,3,verified,winticket_line_prediction,provider_forecast_structure_only,6.176036104357767,8.541339794428263,7.395560060754895,3,3,3,coverage_validated_cumulative_scores_uncalibrated,,unavailable,,0,0
2026-10-09,平塚,11,113520261009,1791543240,1791542940,4,5,014246,森川大輔,追,103.44,,,,,0.10075558710889036,0.06128155593951896,0.22491315495056266,0.12378362643588131,position_specialists,0.06128155593951896,False,,,S,0.36,0.52,0.16,0.2,0.10637259038903722,0.07071714660332201,0.06048359610464308,-0.08789231858286092,0.0006325258165848775,,0,,,0,,cumulative_place,,,False,1.0,2.0,2.0,3,verified,winticket_line_prediction,provider_forecast_structure_only,6.128155593951896,22.49131549505627,12.378362643588133,4,2,2,coverage_validated_cumulative_scores_uncalibrated,,unavailable,,0,0
2026-10-09,平塚,11,113520261009,1791543240,1791542940,5,2,015093,末木浩二,両,101.66,,,,,0.06412854251534779,0.021699444013736798,0.05775787557581953,0.06572192423868241,position_specialists,0.021699444013736798,False,,,S,0.055,0.222,0.03,0.1,-0.17179001156288787,0.018093418192738228,-0.19646938379032497,0.08272218219563383,0.0017289038986653311,,0,,,0,,cumulative_place,,,False,3.0,1.0,2.0,3,verified,winticket_line_prediction,provider_forecast_structure_only,2.1699444013736797,5.775787557581954,6.572192423868242,5,5,4,coverage_validated_cumulative_scores_uncalibrated,,unavailable,,0,0
2026-10-09,平塚,11,113520261009,1791543240,1791542940,6,6,014582,平原啓多,追,97.12,,,,,0.023891465952397162,0.009870165663278365,0.03282551310750028,0.039056654847413615,position_specialists,0.009870165663278365,False,,,S,0.32,0.32,0.13,0.13,0.06314046840181023,-0.03712940422557423,0.018692034115823535,0.04136109109781692,0.0016656513170068437,,0,,,0,,cumulative_place,,,False,3.0,2.0,2.0,3,verified,winticket_line_prediction,provider_forecast_structure_only,0.9870165663278365,3.2825513107500286,3.905665484741362,6,7,7,coverage_validated_cumulative_scores_uncalibrated,,unavailable,,0,0
2026-10-09,平塚,11,113520261009,1791543240,1791542940,7,4,014259,戸田洋平,追,100.55,,,,,0.012468007594595721,0.0032600881566198976,0.03985514711906383,0.05274334259408058,position_specialists,0.0032600881566198976,False,,,S,0.19,0.3329999999999999,0.03,0.23,-0.04323212198722699,-0.19464361029355906,-0.14847421383945464,-0.08789231858286092,0.002403598103022534,,0,,,0,,cumulative_place,,,False,2.0,3.0,3.0,3,verified,winticket_line_prediction,provider_forecast_structure_only,0.32600881566198975,3.9855147119063834,5.274334259408059,7,6,5,coverage_validated_cumulative_scores_uncalibrated,,unavailable,,0,0
2026-10-09,四日市,11,114820261009,1791543960,1791543660,1,2,013439,青井賢治,追,92.23,,,,,0.4021613479301892,0.5212804294635335,0.1389712122426914,0.06536447243739875,position_specialists,0.5212804294635335,False,,0.3398494087109405,A,0.428,0.642,0.21,0.14,0.0278811214160479,0.2510284887753231,0.15353555053040893,0.06836358860470669,0.00024002133617819903,,0,,,0,,cumulative_place,,,False,3.0,2.0,2.0,4,verified,winticket_line_prediction,provider_forecast_structure_only,52.12804294635335,13.897121224269142,6.536447243739876,1,4,7,coverage_validated_cumulative_scores_uncalibrated,,unavailable,,0,0
2026-10-09,四日市,11,114820261009,1791543960,1791543660,2,1,015603,小坂丈,逃,86.44,,,,,0.18981399129260373,0.18143102075259301,0.21331017398385496,0.2053405816547746,position_specialists,0.18143102075259301,False,,,A,0.315,0.526,0.17,0.12,0.18734873566528668,0.15041241804027122,0.06735306046221919,0.06836358860470669,0.0022935372123694597,,0,,,0,,cumulative_place,,,False,1.0,1.0,2.0,4,verified,winticket_line_prediction,provider_forecast_structure_only,18.1431020752593,21.331017398385498,20.53405816547746,2,2,2,coverage_validated_cumulative_scores_uncalibrated,,unavailable,,0,0
2026-10-09,四日市,11,114820261009,1791543960,1791543660,3,4,015847,寺師幸成,逃,86.33,,,,,0.1694965796739756,0.13527346030278348,0.09349670681542463,0.09260930150307962,position_specialists,0.13527346030278348,False,,,A,0.25,0.312,0.1,0.12,0.08359810754000677,0.18240731292325,0.0014124756574752685,0.06836358860470669,0.0028535869967852576,,0,,,0,,cumulative_place,,,False,4.0,1.0,2.0,4,verified,winticket_line_prediction,provider_forecast_structure_only,13.527346030278348,9.349670681542465,9.260930150307964,3,5,5,coverage_validated_cumulative_scores_uncalibrated,,unavailable,,0,0
2026-10-09,四日市,11,114820261009,1791543960,1791543660,4,7,015277,高井流星,逃,87.44,,,,,0.10857938354805698,0.10493086819227511,0.20295289374936398,0.1365086955640098,position_specialists,0.10493086819227511,False,,,A,0.481,0.5920000000000001,0.3,0.1,0.030573933290062305,0.1344149705987819,0.2468018938481733,-0.06310485101972925,0.0006133878591220644,,0,,,0,,cumulative_place,,,False,3.0,1.0,2.0,4,verified,winticket_line_prediction,provider_forecast_structure_only,10.49308681922751,20.295289374936402,13.650869556400982,4,3,3,coverage_validated_cumulative_scores_uncalibrated,,unavailable,,0,0
2026-10-09,四日市,11,114820261009,1791543960,1791543660,5,3,014475,高間悠平,追,91.05,,,,,0.08669081115476934,0.04569481727738889,0.2411034233411829,0.29758582557045743,position_specialists,0.04569481727738889,False,,,A,0.175,0.47,0.11,0.55,-0.04381066439743972,-0.24868245232370584,-0.04568794206019895,0.06836358860470669,0.0008800782326533978,,0,,,0,,cumulative_place,,,False,2.0,1.0,1.0,4,verified,winticket_line_prediction,provider_forecast_structure_only,4.569481727738889,24.110342334118293,29.758582557045745,5,1,1,coverage_validated_cumulative_scores_uncalibrated,,unavailable,,0,0
2026-10-09,四日市,11,114820261009,1791543960,1791543660,6,5,012421,小沼良,追,85.33,,,,,0.02818947207479564,0.007056525437069352,0.05798150369131984,0.1264844038847888,position_specialists,0.007056525437069352,False,,,A,0.0,0.0,0.03,0.03,-0.24178056911652535,-0.08491790749595342,-0.24491143465080684,-0.10517475169954875,0.002933594108844658,,0,,,0,,cumulative_place,,,False,1.0,2.0,2.0,4,verified,winticket_line_prediction,provider_forecast_structure_only,0.7056525437069352,5.798150369131985,12.648440388478882,6,6,4,coverage_validated_cumulative_scores_uncalibrated,,unavailable,,0,0
2026-10-09,四日市,11,114820261009,1791543960,1791543660,7,6,014625,藤野貴章,追,81.66,,,,,0.015068414325609536,0.0043328785743566856,0.05218408617616226,0.07610671938549099,position_specialists,0.0043328785743566856,False,,,A,0.055,0.3329999999999999,0.15,0.2,-0.04381066439743972,-0.06892046005446406,-0.17850360378727087,-0.10517475169954875,0.002186861062956927,,0,,,0,,cumulative_place,,,False,4.0,2.0,2.0,4,verified,winticket_line_prediction,provider_forecast_structure_only,0.43328785743566856,5.218408617616227,7.6106719385491,7,7,6,coverage_validated_cumulative_scores_uncalibrated,,unavailable,,0,0
2026-10-09,平塚,12,123520261009,1791544680,1791544380,1,5,015436,青野将大,逃,110.0,,,,,0.6315572366191886,0.8731317093088731,0.6360392637331758,0.45838188794239104,position_specialists,0.873131709308873,False,,0.7953340047153348,S,0.466,0.5329999999999999,0.17,0.09,0.1993333138382631,0.3255232194592994,0.36214806844438524,0.15818316947024583,0.0043208074122514355,,0,,,0,,cumulative_place,,,False,2.0,1.0,3.0,3,verified,winticket_line_prediction,provider_forecast_structure_only,87.31317093088731,63.60392637331759,45.8381887942391,1,1,1,coverage_validated_cumulative_scores_uncalibrated,,unavailable,,0,0
2026-10-09,平塚,12,123520261009,1791544680,1791544380,2,1,015337,佐藤礼文,追,108.77,,,,,0.2022617417661812,0.0777977045935382,0.1400404970085076,0.14196320327582393,position_specialists,0.07779770459353819,False,,,S,0.222,0.444,0.15,0.12,-0.08207653527994839,0.21863974811091855,-0.13285041392565594,-0.04917304519112511,0.0022384905870700207,,0,,,0,,cumulative_place,,,False,2.0,2.0,3.0,3,verified,winticket_line_prediction,provider_forecast_structure_only,7.77977045935382,14.004049700850763,14.196320327582393,2,2,2,coverage_validated_cumulative_scores_uncalibrated,,unavailable,,0,0
2026-10-09,平塚,12,123520261009,1791544680,1791544380,3,3,015570,松本憲斗,逃,99.95,,,,,0.08051111828380518,0.020810855153939028,0.08860676645532048,0.11372510654584413,position_specialists,0.020810855153939024,False,,,S,0.304,0.304,0.5,0.0,-0.05024373449392969,-0.08442393143111428,-0.02952231420570131,-0.04917304519112511,0.0015096796982565254,,0,,,0,,cumulative_place,,,False,3.0,2.0,2.0,3,verified,winticket_line_prediction,provider_forecast_structure_only,2.081085515393903,8.860676645532049,11.372510654584413,3,3,3,coverage_validated_cumulative_scores_uncalibrated,,unavailable,,0,0
2026-10-09,平塚,12,123520261009,1791544680,1791544380,4,7,015477,兼本将太,逃,102.3,,,,,0.03525317355402675,0.013573788247004654,0.06291557647154027,0.09239537873270129,position_specialists,0.013573788247004653,False,,,S,0.3,0.55,0.19,0.09,0.22110773859288055,0.006508819941370103,-0.05451633739563862,-0.04917304519112511,0.0004164633650362828,,0,,,0,,cumulative_place,,,False,3.0,1.0,2.0,3,verified,winticket_line_prediction,provider_forecast_structure_only,1.3573788247004654,6.291557647154028,9.239537873270129,4,4,4,coverage_validated_cumulative_scores_uncalibrated,,unavailable,,0,0
2026-10-09,平塚,12,123520261009,1791544680,1791544380,5,2,015540,徳田匠,逃,98.08,,,,,0.02940471492968809,0.010186083214749043,0.023401085188469672,0.036014746815266174,position_specialists,0.010186083214749042,False,,,S,0.26,0.478,0.14,0.12,-0.005037212292880039,0.07031169984495597,-0.03957833508631753,0.08768205648537972,0.0007808688094430306,,0,,,0,,cumulative_place,,,False,1.0,1.0,2.0,3,verified,winticket_line_prediction,provider_forecast_structure_only,1.0186083214749044,2.3401085188469675,3.6014746815266174,5,6,7,coverage_validated_cumulative_scores_uncalibrated,,unavailable,,0,0
2026-10-09,平塚,12,123520261009,1791544680,1791544380,6,4,013604,庄子信弘,追,98.57,,,,,0.012370211206776198,0.0026272171758475803,0.030148061910944934,0.08909387954080798,position_specialists,0.00262721717584758,False,,,S,0.23,0.346,0.03,0.18,-0.13568376082058442,-0.14757240552381484,-0.026170307245495912,-0.04917304519112511,0.0010411584125907076,,0,,,0,,cumulative_place,,,False,2.0,3.0,3.0,3,verified,winticket_line_prediction,provider_forecast_structure_only,0.26272171758475804,3.014806191094494,8.909387954080799,6,5,5,coverage_validated_cumulative_scores_uncalibrated,,unavailable,,0,0
2026-10-09,平塚,12,123520261009,1791544680,1791544380,7,6,013790,稲垣裕之,両,97.86,,,,,0.00864180364033394,0.0018726423060485217,0.01884874923204119,0.06842579714716544,position_specialists,0.0018726423060485215,False,,,S,0.172,0.31,0.19,0.11,-0.1473998095438006,-0.020621051527528418,-0.07951036058557591,-0.04917304519112511,0.0004164633650362828,,0,,,0,,cumulative_place,,,False,1.0,2.0,2.0,3,verified,winticket_line_prediction,provider_forecast_structure_only,0.18726423060485217,1.8848749232041193,6.842579714716544,7,7,6,coverage_validated_cumulative_scores_uncalibrated,,unavailable,,0,0
2026-10-09,四日市,12,124820261009,1791545400,1791545100,1,2,015917,猿樂楓樹,逃,106.9,,,,,0.3771863802814462,0.572662901283923,0.26371286507927305,0.1524857461588846,position_specialists,0.572662901283923,False,,0.46391503574895954,S,0.619,0.7140000000000001,0.17,0.04,0.1341840982140466,0.12896146258458274,0.025641413411764638,0.16900616740758376,0.004320948410701454,,0,,,0,,cumulative_place,,,False,3.0,1.0,2.0,4,verified,winticket_line_prediction,provider_forecast_structure_only,57.266290128392306,26.371286507927305,15.24857461588846,1,1,2,coverage_validated_cumulative_scores_uncalibrated,,unavailable,,0,0
2026-10-09,四日市,12,124820261009,1791545400,1791545100,2,1,015518,吉田有希,逃,104.96,,,,,0.15809492045807672,0.10874786553496352,0.11562317135354785,0.14610030570851754,position_specialists,0.10874786553496352,False,,,S,0.4,0.44,0.21,0.08,-0.14361324864883906,-0.04146618210732406,-0.01947352281372159,0.01993638435907155,0.0004126748482130601,,0,,,0,,cumulative_place,,,False,1.0,1.0,3.0,4,verified,winticket_line_prediction,provider_forecast_structure_only,10.874786553496351,11.562317135354785,14.610030570851753,2,4,3,coverage_validated_cumulative_scores_uncalibrated,,unavailable,,0,0
2026-10-09,四日市,12,124820261009,1791545400,1791545100,3,4,014472,坂口晃輔,追,104.5,,,,,0.19177723112629366,0.10405769181707969,0.16694695159825554,0.29028405014427583,position_specialists,0.10405769181707969,False,,,S,0.222,0.3329999999999999,0.17,0.15,-0.16759750522164696,-0.008319898804386758,-0.13410064904804614,-0.018123985780974124,0.0014564994642813896,,0,,,0,,cumulative_place,,,False,1.0,2.0,3.0,4,verified,winticket_line_prediction,provider_forecast_structure_only,10.405769181707969,16.694695159825553,29.028405014427584,3,2,1,coverage_validated_cumulative_scores_uncalibrated,,unavailable,,0,0
2026-10-09,四日市,12,124820261009,1791545400,1791545100,4,6,015744,橋本宇宙,逃,99.92,,,,,0.11132621186466082,0.07450867214804813,0.16218178895417598,0.12232783674818959,position_specialists,0.07450867214804813,False,,,S,0.36,0.48,0.0,0.0,-0.06234679588908308,0.28006488467599355,-0.04600054048468821,-0.06887114596770168,0.0006068747767839126,,0,,,0,,cumulative_place,,,False,4.0,1.0,1.0,4,verified,winticket_line_prediction,provider_forecast_structure_only,7.450867214804813,16.218178895417598,12.23278367481896,4,3,4,coverage_validated_cumulative_scores_uncalibrated,,unavailable,,0,0
2026-10-09,四日市,12,124820261009,1791545400,1791545100,5,3,014930,杉森輝大,追,107.7,,,,,0.08433762583823153,0.06657667484067878,0.08557429430611631,0.06994757329204233,position_specialists,0.06657667484067878,False,,,S,0.295,0.444,0.4,0.2,-0.004364550732657284,-0.20687124301516865,0.05797776631156375,-0.06887114596770168,0.0006068747767839126,,0,,,0,,cumulative_place,,,False,2.0,1.0,1.0,4,verified,winticket_line_prediction,provider_forecast_structure_only,6.657667484067878,8.55742943061163,6.9947573292042335,5,7,7,coverage_validated_cumulative_scores_uncalibrated,,unavailable,,0,0
2026-10-09,四日市,12,124820261009,1791545400,1791545100,6,5,014767,藤井栄二,両,102.54,,,,,0.04227714944948235,0.050697625302464494,0.1117254322756966,0.10698422919944561,position_specialists,0.050697625302464494,False,,,S,0.4539999999999999,0.59,0.0,0.16,0.1968231848911384,0.08922054924099623,0.1540169739913687,0.03579487191742391,0.0004126748482130601,,0,,,0,,cumulative_place,,,False,1.0,3.0,3.0,4,verified,winticket_line_prediction,provider_forecast_structure_only,5.069762530246449,11.17254322756966,10.698422919944562,6,5,6,coverage_validated_cumulative_scores_uncalibrated,,unavailable,,0,0
2026-10-09,四日市,12,124820261009,1791545400,1791545100,7,7,014188,原誠宏,追,103.35,,,,,0.03500048098180869,0.022748569072842343,0.09423549643293472,0.11187025874864451,position_specialists,0.022748569072842343,False,,,S,0.284,0.38,0.21,0.17,0.04691481738704201,-0.05214415029659134,-0.038061441368241196,-0.06887114596770168,0.0024760490892783626,,0,,,0,,cumulative_place,,,False,3.0,2.0,2.0,4,verified,winticket_line_prediction,provider_forecast_structure_only,2.274856907284234,9.423549643293471,11.187025874864451,7,6,5,coverage_validated_cumulative_scores_uncalibrated,,unavailable,,0,0
2026-10-09,川崎,1,013420261009,1791546000,1791545700,1,2,015889,大本隆也,逃,75.33,,,,,0.5864907097887387,0.7412078901479517,0.17569143767416828,0.13570750845792223,position_specialists,0.7412078901479517,False,,0.5867217581189281,S,0.421,0.631,0.23,0.13,0.12673544972805448,0.3926207016159053,0.09072548704294793,0.18485872820001625,0.004345991308026076,,0,,,0,,cumulative_place,,,False,1.0,1.0,3.0,3,verified,winticket_line_prediction,provider_forecast_structure_only,74.12078901479518,17.56914376741683,13.570750845792222,1,3,2,coverage_validated_cumulative_scores_uncalibrated,,unavailable,,0,0
2026-10-09,川崎,1,013420261009,1791546000,1791545700,2,1,014385,山本淳,追,75.46,,,,,0.2126757667358503,0.15448613202902367,0.21585203151198337,0.060524049827461034,position_specialists,0.15448613202902367,False,,,S,0.366,0.633,0.25,0.17,0.06986697869623519,0.005709603593987362,0.17494147027487975,-0.005580640851321245,0.0023319953360139917,,0,,,0,,cumulative_place,,,False,1.0,2.0,3.0,3,verified,winticket_line_prediction,provider_forecast_structure_only,15.448613202902367,21.585203151198336,6.052404982746103,2,1,6,coverage_validated_cumulative_scores_uncalibrated,,unavailable,,0,0
2026-10-09,川崎,1,013420261009,1791546000,1791545700,3,3,015425,藤野竜也,追,72.47,,,,,0.1280047243145918,0.08017274606320396,0.21176921679600355,0.11389986918273112,position_specialists,0.08017274606320396,False,,,S,0.38,0.523,0.17,0.11,0.14948283814078223,0.09989563782952342,0.07066312831098137,-0.059294309045288235,0.0010953311426732386,,0,,,0,,cumulative_place,,,False,2.0,2.0,3.0,3,verified,winticket_line_prediction,provider_forecast_structure_only,8.017274606320395,21.176921679600355,11.389986918273113,3,2,5,coverage_validated_cumulative_scores_uncalibrated,,unavailable,,0,0
2026-10-09,川崎,1,013420261009,1791546000,1791545700,4,5,013105,松本一成,逃,68.36,,,,,0.03499637975542565,0.012885285360118457,0.13005266784497085,0.12863951707302065,position_specialists,0.012885285360118457,False,,,S,0.2,0.233,0.14,0.11,-0.1007384343992227,0.00017889230117159832,0.007831686579038006,0.004185480638490937,0.0003886658893356652,,0,,,0,,cumulative_place,,,False,2.0,1.0,3.0,3,verified,winticket_line_prediction,provider_forecast_structure_only,1.2885285360118457,13.005266784497085,12.863951707302066,4,5,3,coverage_validated_cumulative_scores_uncalibrated,,unavailable,,0,0
2026-10-09,川崎,1,013420261009,1791546000,1791545700,5,6,014019,長崎達也,両,67.0,,,,,0.01691477684470461,0.005246230892458352,0.13314040989578182,0.401112927167315,position_specialists,0.005246230892458352,False,,,S,0.208,0.25,0.03,0.2,-0.1007384343992227,0.02104949136423354,-0.03361521365291698,-0.059294309045288235,0.0006359987280038157,,0,,,0,,cumulative_place,,,False,1.0,3.0,3.0,3,verified,winticket_line_prediction,provider_forecast_structure_only,0.5246230892458352,13.314040989578183,40.1112927167315,5,4,1,coverage_validated_cumulative_scores_uncalibrated,,unavailable,,0,0
2026-10-09,川崎,1,013420261009,1791546000,1791545700,6,4,014287,齋藤昌太,追,69.32,,,,,0.014955726711917847,0.00492376755608957,0.0993967622127901,0.11417631611838741,position_specialists,0.00492376755608957,False,,,S,0.12,0.28,0.16,0.26,0.012998507664415895,-0.08883421524389187,-0.10313410829551589,-0.005580640851321245,0.0008479983040050881,,0,,,0,,cumulative_place,,,False,2.0,3.0,3.0,3,verified,winticket_line_prediction,provider_forecast_structure_only,0.492376755608957,9.93967622127901,11.417631611838742,6,6,4,coverage_validated_cumulative_scores_uncalibrated,,unavailable,,0,0
2026-10-09,川崎,1,013420261009,1791546000,1791545700,7,7,014213,岡田哲夫,追,66.2,,,,,0.0059619158487711574,0.0010779479511543073,0.034097474064301955,0.045939812173162446,position_specialists,0.0010779479511543073,False,,,S,0.0,0.1,0.0,0.25,-0.157606905431042,-0.1885509607722437,-0.20741245025941424,-0.059294309045288235,0.0010953311426732386,,0,,,0,,cumulative_place,,,False,3.0,1.0,1.0,3,verified,winticket_line_prediction,provider_forecast_structure_only,0.10779479511543073,3.4097474064301956,4.593981217316244,7,7,7,coverage_validated_cumulative_scores_uncalibrated,,unavailable,,0,0
2026-10-09,奈良,1,015320261009,1791546600,1791546300,1,2,016020,飯田怜治,逃,76.33,,,,,0.6400186962382158,0.709381540897323,0.26811418029378886,0.2713296731992771,position_specialists,0.709381540897323,False,,0.5058515360095577,S,0.523,0.6659999999999999,0.17,0.05,0.14425133521435685,0.37187054835287237,0.11898060604757771,-0.06615864224931196,0.0016322397624327193,,0,,,0,,cumulative_place,,,False,1.0,1.0,2.0,3,verified,winticket_line_prediction,provider_forecast_structure_only,70.9381540897323,26.811418029378885,27.132967319927708,1,1,1,coverage_validated_cumulative_scores_uncalibrated,,unavailable,,0,0
2026-10-09,奈良,1,015320261009,1791546600,1791546300,2,1,013451,松本大地,追,76.37,,,,,0.20044281394674646,0.20353000488776535,0.20706142472676672,0.10967603246286162,position_specialists,0.20353000488776535,False,,,S,0.555,0.74,0.27,0.2,0.18286819407485752,-0.015794315590480012,0.19901619512227656,0.09149599460011229,0.0016322397624327193,,0,,,0,,cumulative_place,,,False,1.0,2.0,2.0,3,verified,winticket_line_prediction,provider_forecast_structure_only,20.353000488776534,20.70614247267667,10.967603246286162,2,2,5,coverage_validated_cumulative_scores_uncalibrated,,unavailable,,0,0
2026-10-09,奈良,1,015320261009,1791546600,1791546300,3,3,014780,古川大輔,両,72.22,,,,,0.08391556799327049,0.05718629235633524,0.17580206273955173,0.16395833137573612,position_specialists,0.05718629235633524,False,,,S,0.295,0.518,0.21,0.15,-0.010216100227645634,0.021897564686923113,0.15073560575821157,0.042228920584667214,0.000773166203257604,,0,,,0,,cumulative_place,,,False,2.0,1.0,3.0,3,verified,winticket_line_prediction,provider_forecast_structure_only,5.718629235633524,17.580206273955174,16.39583313757361,3,3,2,coverage_validated_cumulative_scores_uncalibrated,,unavailable,,0,0
2026-10-09,奈良,1,015320261009,1791546600,1791546300,4,4,015542,中嶋樹,逃,69.17,,,,,0.04496797356420676,0.021025230891410254,0.1553807062566981,0.15370599056160206,position_specialists,0.021025230891410254,False,,,S,0.208,0.3329999999999999,0.17,0.07,-0.035960672801312744,0.13479207554690675,-0.006281571752307105,-0.06615864224931196,0.003178572168947928,,0,,,0,,cumulative_place,,,False,3.0,1.0,2.0,3,verified,winticket_line_prediction,provider_forecast_structure_only,2.1025230891410254,15.538070625669809,15.370599056160206,4,4,3,coverage_validated_cumulative_scores_uncalibrated,,unavailable,,0,0
2026-10-09,奈良,1,015320261009,1791546600,1791546300,5,6,013492,坂本智哉,追,67.57,,,,,0.013441130414147007,0.003573834789461472,0.07652431853473649,0.12786099260125233,position_specialists,0.003573834789461472,False,,,S,0.0,0.142,0.33,0.25,-0.11319439052231396,-0.03837321776247674,-0.1704112197078127,-0.06615864224931196,0.0016322397624327193,,0,,,0,,cumulative_place,,,False,2.0,2.0,3.0,3,verified,winticket_line_prediction,provider_forecast_structure_only,0.3573834789461472,7.652431853473648,12.786099260125233,5,5,4,coverage_validated_cumulative_scores_uncalibrated,,unavailable,,0,0
2026-10-09,奈良,1,015320261009,1791546600,1791546300,6,5,014319,中野彰人,追,68.66,,,,,0.008534837584420436,0.0026674937832753317,0.05778998004402613,0.0696467521614923,position_specialists,0.0026674937832753317,False,,,S,0.0,0.25,0.11,0.15,-0.028809402641960802,-0.004504864504481655,-0.1704112197078127,-0.06615864224931196,0.0016322397624327193,,0,,,0,,cumulative_place,,,False,3.0,2.0,2.0,3,verified,winticket_line_prediction,provider_forecast_structure_only,0.26674937832753315,5.778998004402613,6.96467521614923,6,7,7,coverage_validated_cumulative_scores_uncalibrated,,unavailable,,0,0
2026-10-09,奈良,1,015320261009,1791546600,1791546300,7,7,013651,井山和裕,追,66.53,,,,,0.00867898025899306,0.002635602394429453,0.059327327404431904,0.10382222763777849,position_specialists,0.002635602394429453,False,,,S,0.133,0.266,0.1,0.2,-0.13893896309598108,-0.10152169185517729,-0.12162839576013328,0.13090965381246836,0.002577220677525347,,0,,,0,,cumulative_place,,,False,2.0,3.0,3.0,3,verified,winticket_line_prediction,provider_forecast_structure_only,0.2635602394429453,5.93273274044319,10.382222763777849,7,6,6,coverage_validated_cumulative_scores_uncalibrated,,unavailable,,0,0
2026-10-09,川崎,2,023420261009,1791547200,1791546900,1,1,015976,勝沼遼,逃,78.11,,,,,0.7522472198910055,0.8302577681210342,0.24211442210168063,0.3507692884480377,position_specialists,0.8302577681210342,False,,0.7003647093088118,S,0.611,0.833,0.17,0.17,0.13528703183388024,0.35955071835033836,0.1709413597693931,-0.06447057097645718,0.004464408589717573,,0,,,0,,cumulative_place,,0.0,False,1.0,1.0,3.0,3,verified,winticket_line_prediction,provider_forecast_structure_only,83.02577681210343,24.211442210168062,35.07692884480377,1,2,1,coverage_validated_cumulative_scores_uncalibrated,,unavailable,,0,0
2026-10-09,川崎,2,023420261009,1791547200,1791546900,2,2,012649,山本恵太郎,追,76.81,,,,,0.16690633790734585,0.1298930588122225,0.3380425398123892,0.10751623150553935,position_specialists,0.1298930588122225,False,,,S,0.591,0.777,0.25,0.09,0.11653437395591663,0.09550749929500263,0.18802468563537217,-0.06447057097645718,0.00029565619799454176,,0,,,0,,cumulative_place,,0.0,False,1.0,2.0,3.0,3,verified,winticket_line_prediction,provider_forecast_structure_only,12.989305881222249,33.804253981238915,10.751623150553936,2,1,3,coverage_validated_cumulative_scores_uncalibrated,,unavailable,,0,0
2026-10-09,川崎,2,023420261009,1791547200,1791546900,3,3,013082,小泉俊也,両,71.65,,,,,0.04542230738788586,0.024895016215704557,0.15556754104708398,0.09723638249127206,position_specialists,0.024895016215704557,False,,,S,0.416,0.541,0.2,0.14,0.06965272926100764,0.008955169370213175,0.08671712389614894,0.03722948464837669,0.00032522181779399506,,0,,,0,,cumulative_place,,0.0,False,2.0,1.0,2.0,3,verified,winticket_line_prediction,provider_forecast_structure_only,2.4895016215704557,15.556754104708398,9.723638249127205,3,3,5,coverage_validated_cumulative_scores_uncalibrated,,unavailable,,0,0
2026-10-09,川崎,2,023420261009,1791547200,1791546900,4,4,013768,旭啓介,追,70.85,,,,,0.018437063933557506,0.010464534271445785,0.10586064872828141,0.10721732509364397,position_specialists,0.010464534271445785,False,,,S,0.295,0.407,0.03,0.07,0.03214741350508046,0.16336470232341394,-0.014406992695897208,0.1452857937497627,0.0015374122295716156,,0,,,0,,cumulative_place,,0.0,False,2.0,2.0,2.0,3,verified,winticket_line_prediction,provider_forecast_structure_only,1.0464534271445785,10.58606487282814,10.721732509364397,4,4,4,coverage_validated_cumulative_scores_uncalibrated,,unavailable,,0,0
2026-10-09,川崎,2,023420261009,1791547200,1791546900,5,5,014357,佐藤康恭,両,69.03,,,,,0.008220898571144946,0.0025902015756587497,0.05540051374146995,0.06752573631262532,position_specialists,0.0025902015756587497,False,,,S,0.133,0.366,0.08,0.22,-0.06161587588473748,-0.07021156749626671,-0.10721875278892518,0.07536700550768939,0.0015374122295716156,,0,,,0,,cumulative_place,,0.0,False,3.0,1.0,2.0,3,verified,winticket_line_prediction,provider_forecast_structure_only,0.259020157565875,5.540051374146995,6.752573631262532,5,6,6,coverage_validated_cumulative_scores_uncalibrated,,unavailable,,0,0
2026-10-09,川崎,2,023420261009,1791547200,1791546900,6,6,014433,長田彰人,追,67.94,,,,,0.004233683436494564,0.0010103766520891042,0.0333449524921932,0.03483625723686391,position_specialists,0.0010103766520891042,False,,,S,0.0579999999999999,0.235,0.1,0.07,-0.09912119164066471,-0.006278305247614367,-0.1915347112357579,-0.06447057097645718,0.0017443715681677943,,0,,,0,,cumulative_place,,0.0,False,3.0,2.0,2.0,3,verified,winticket_line_prediction,provider_forecast_structure_only,0.10103766520891042,3.33449524921932,3.4836257236863912,6,7,7,coverage_validated_cumulative_scores_uncalibrated,,unavailable,,0,0
2026-10-09,川崎,2,023420261009,1791547200,1791546900,7,7,014443,堀内昇,両,67.55,,,,,0.004532488872565731,0.0008890443518451009,0.06966938207690164,0.2348987789120176,position_specialists,0.0008890443518451009,False,,,S,0.166,0.222,0.2,0.4,-0.1928844810304827,-0.18252211772100047,-0.13252271258033385,-0.06447057097645718,0.00032522181779399506,,0,,,0,,cumulative_place,,1.0,False,1.0,3.0,3.0,3,verified,winticket_line_prediction,provider_forecast_structure_only,0.08890443518451009,6.966938207690164,23.48987789120176,7,5,2,coverage_validated_cumulative_scores_uncalibrated,,unavailable,,0,0
2026-10-09,奈良,2,025320261009,1791547800,1791547500,1,1,015000,藤井準也,両,76.33,,,,,0.5984307083207958,0.7930268263607262,0.13300812161032374,0.1370399980685704,position_specialists,0.7930268263607262,False,,0.726414820846013,S,0.541,0.625,0.23,0.15,0.1336430305903523,0.19335754579388473,0.3184591366970616,-0.032659863237109045,0.0004483045520499377,,0,,,0,,cumulative_place,,,False,1.0,1.0,3.0,3,verified,winticket_line_prediction,provider_forecast_structure_only,79.30268263607262,13.300812161032376,13.70399980685704,1,2,3,coverage_validated_cumulative_scores_uncalibrated,,unavailable,,0,0
2026-10-09,奈良,2,025320261009,1791547800,1791547500,2,2,013366,加藤昌平,追,73.65,,,,,0.0887600334418888,0.06661200551471316,0.12613484981050127,0.08105596665374681,position_specialists,0.06661200551471316,False,,,S,0.307,0.5760000000000001,0.34,0.13,0.10797378995866876,0.20823183549671048,0.037961755830364305,-0.032659863237109045,0.002166805334908031,,0,,,0,,cumulative_place,,,False,2.0,2.0,2.0,3,verified,winticket_line_prediction,provider_forecast_structure_only,6.661200551471317,12.61348498105013,8.105596665374682,2,3,6,coverage_validated_cumulative_scores_uncalibrated,,unavailable,,0,0
2026-10-09,奈良,2,025320261009,1791547800,1791547500,3,3,015739,楠本政明,逃,70.57,,,,,0.08696758821662312,0.050029547446082456,0.11793503033534931,0.12030151198648872,position_specialists,0.050029547446082456,False,,,S,0.19,0.38,0.21,0.1,0.0823045493269852,0.06123451031673157,0.05715427529211034,-0.032659863237109045,0.0007098155407457344,,0,,,0,,cumulative_place,,,False,2.0,1.0,2.0,3,verified,winticket_line_prediction,provider_forecast_structure_only,5.002954744608246,11.793503033534932,12.030151198648872,3,4,4,coverage_validated_cumulative_scores_uncalibrated,,unavailable,,0,0
2026-10-09,奈良,2,025320261009,1791547800,1791547500,4,4,014979,黒川渉,両,70.2,,,,,0.15604297724120422,0.04862805202265134,0.3996563218440456,0.30789898404457006,position_specialists,0.04862805202265134,False,,,S,0.2,0.3,0.0,0.05,-0.020372413199748758,-0.11263839351923284,-0.14952814334707748,-0.032659863237109045,0.0020173704842247186,,0,,,0,,cumulative_place,,,False,1.0,2.0,3.0,3,verified,winticket_line_prediction,provider_forecast_structure_only,4.862805202265133,39.96563218440457,30.789898404457006,4,1,1,coverage_validated_cumulative_scores_uncalibrated,,unavailable,,0,0
2026-10-09,奈良,2,025320261009,1791547800,1791547500,5,5,015286,土居佑次,逃,69.79,,,,,0.052027260956337175,0.03731166387773852,0.11509044389145048,0.10294277282771774,position_specialists,0.03731166387773852,False,,,S,0.208,0.416,0.02,0.11,0.005296827431934677,0.23110698450164277,0.029104275004359956,0.19595917942265428,0.0037358712670828116,,0,,,0,,cumulative_place,,,False,3.0,1.0,2.0,3,verified,winticket_line_prediction,provider_forecast_structure_only,3.731166387773852,11.50904438914505,10.294277282771775,5,5,5,coverage_validated_cumulative_scores_uncalibrated,,unavailable,,0,0
2026-10-09,奈良,2,025320261009,1791547800,1791547500,6,6,012530,池上孝之,追,68.55,,,,,0.009988749466105161,0.0027124171741723917,0.0681934631200887,0.18305691671005178,position_specialists,0.0027124171741723917,False,,,S,0.237,0.38,0.07,0.35,-0.1087886864866588,-0.1757868676119334,-0.0727606875108999,-0.032659863237109045,0.0020173704842247186,,0,,,0,,cumulative_place,,,False,1.0,3.0,3.0,3,verified,winticket_line_prediction,provider_forecast_structure_only,0.2712417174172392,6.819346312008871,18.305691671005178,6,6,2,coverage_validated_cumulative_scores_uncalibrated,,unavailable,,0,0
2026-10-09,奈良,2,025320261009,1791547800,1791547500,7,7,012537,取鳥敬一,追,67.09,,,,,0.007782682357045789,0.0016794876039159894,0.03998176938824085,0.0677038497088544,position_specialists,0.0016794876039159894,False,,,S,0.047,0.142,0.08,0.0,-0.20005709762153348,-0.03713951610371676,-0.22039061196591883,-0.032659863237109045,0.0007098155407457344,,0,,,0,,cumulative_place,,,False,3.0,2.0,2.0,3,verified,winticket_line_prediction,provider_forecast_structure_only,0.16794876039159895,3.9981769388240855,6.7703849708854404,7,7,7,coverage_validated_cumulative_scores_uncalibrated,,unavailable,,0,0
2026-10-09,川崎,3,033420261009,1791548400,1791548100,1,1,015961,榊枝天旺,逃,78.55,,,,,0.7771971961531561,0.8518574984920788,0.2791171005283075,0.40193494508392236,position_specialists,0.8518574984920788,False,,0.7264960732504857,S,0.722,0.777,0.27,0.05,0.10178267156159648,0.38724707944780723,0.14691966819157487,0.0,0.0032915400933831657,,0,,,0,,cumulative_place,,,False,1.0,1.0,2.0,4,verified,winticket_line_prediction,provider_forecast_structure_only,85.18574984920788,27.911710052830752,40.193494508392234,1,1,1,coverage_validated_cumulative_scores_uncalibrated,,unavailable,,0,0
2026-10-09,川崎,3,033420261009,1791548400,1791548100,2,2,015166,内田淳,逃,76.66,,,,,0.16094284577455628,0.1253614252415931,0.15862903420104657,0.09071452086728768,position_specialists,0.1253614252415931,False,,,S,0.416,0.75,0.13,0.16,0.1685775497738942,0.07741651451142695,0.15012064875353165,0.0,0.001909093254162236,,0,,,0,,cumulative_place,,,False,2.0,1.0,2.0,4,verified,winticket_line_prediction,provider_forecast_structure_only,12.53614252415931,15.862903420104658,9.071452086728767,2,3,4,coverage_validated_cumulative_scores_uncalibrated,,unavailable,,0,0
2026-10-09,川崎,3,033420261009,1791548400,1791548100,3,3,013551,女屋文伸,追,71.79,,,,,0.018073824747075362,0.009264100817561812,0.12507151475657755,0.07578936914970853,position_specialists,0.009264100817561812,False,,,S,0.416,0.5,0.18,0.06,0.046120273051348394,-0.013809662227022927,0.12693775756470063,0.0,0.002468655070037375,,0,,,0,,cumulative_place,,,False,3.0,2.0,2.0,4,verified,winticket_line_prediction,provider_forecast_structure_only,0.9264100817561812,12.507151475657755,7.578936914970853,3,5,5,coverage_validated_cumulative_scores_uncalibrated,,unavailable,,0,0
2026-10-09,川崎,3,033420261009,1791548400,1791548100,4,5,013378,小田桐義継,追,70.5,,,,,0.015932044459272283,0.006181651920790773,0.18133483192311828,0.14690256722963746,position_specialists,0.006181651920790773,False,,,S,0.166,0.416,0.18,0.23,0.0015903542431499396,0.08577873364538499,-0.08490924369673541,0.0,0.00016457700466915868,,0,,,0,,cumulative_place,,,False,1.0,2.0,2.0,4,verified,winticket_line_prediction,provider_forecast_structure_only,0.6181651920790774,18.13348319231183,14.690256722963746,4,2,3,coverage_validated_cumulative_scores_uncalibrated,,unavailable,,0,0
2026-10-09,川崎,3,033420261009,1791548400,1791548100,5,6,014697,相川巧,両,67.5,,,,,0.009004309917596154,0.002601068315398957,0.062024350814708105,0.06495522397316902,position_specialists,0.002601068315398957,False,,,S,0.152,0.23,0.07,0.15,-0.10973444277734629,-0.011106504041824542,-0.08650973397771383,0.0,0.0008558004242796235,,0,,,0,,cumulative_place,,,False,3.0,1.0,2.0,4,verified,winticket_line_prediction,provider_forecast_structure_only,0.2601068315398957,6.202435081470811,6.495522397316902,5,6,6,coverage_validated_cumulative_scores_uncalibrated,,unavailable,,0,0
2026-10-09,川崎,3,033420261009,1791548400,1791548100,6,4,012439,河合康晴,追,71.71,,,,,0.007766736975711045,0.002557278141422129,0.14180894643345923,0.16410274501932282,position_specialists,0.002557278141422129,False,,,S,0.214,0.5,0.1,0.13,-0.020674605160949266,-0.04700579418449223,-0.1202170772403081,0.0,0.002468655070037375,,0,,,0,,cumulative_place,,,False,2.0,2.0,2.0,4,verified,winticket_line_prediction,provider_forecast_structure_only,0.2557278141422129,14.180894643345923,16.41027450193228,6,4,2,coverage_validated_cumulative_scores_uncalibrated,,unavailable,,0,0
2026-10-09,川崎,3,033420261009,1791548400,1791548100,7,7,014694,前島恭平,逃,65.24,,,,,0.011083041972632802,0.002176977071154335,0.05201422134278275,0.055600628676952035,position_specialists,0.002176977071154335,False,,,S,0.08,0.12,0.0,0.0,-0.18766180069169353,-0.1627779966877766,-0.13234201959504974,0.0,0.000757054221478128,,0,,,0,,cumulative_place,,,False,4.0,1.0,1.0,4,verified,winticket_line_prediction,provider_forecast_structure_only,0.21769770711543351,5.201422134278276,5.560062867695203,7,7,7,coverage_validated_cumulative_scores_uncalibrated,,unavailable,,0,0
2026-10-09,奈良,3,035320261009,1791549000,1791548700,1,1,016007,渡邊諒馬,逃,79.1,,,,,0.9253936244647148,0.9370531887470723,0.34968696186047316,0.46891090972379984,position_specialists,0.9370531887470723,False,,0.8903726187376532,S,0.7,0.75,0.2,0.06,0.21118699767596372,0.3823496776851445,0.27082389542481633,-0.04880961846424893,0.0047484336022852605,,0,,,0,,cumulative_place,0.0,0.0,False,1.0,1.0,4.0,3,verified,winticket_line_prediction,provider_forecast_structure_only,93.70531887470723,34.96869618604732,46.89109097237999,1,2,1,coverage_validated_cumulative_scores_uncalibrated,,unavailable,,0,0
2026-10-09,奈良,3,035320261009,1791549000,1791548700,2,3,015900,花田雄飛,逃,71.22,,,,,0.04445254877869353,0.04668057000941919,0.0800410538325411,0.0551782866778845,position_specialists,0.04668057000941919,False,,,S,0.406,0.555,0.15,0.14,0.12458142661926261,0.1327594603075409,0.1546747932391735,0.1614471995355926,4.202153630340928e-05,,0,,,0,,cumulative_place,0.0,0.0,False,2.0,1.0,2.0,3,verified,winticket_line_prediction,provider_forecast_structure_only,4.6680570009419196,8.00410538325411,5.517828667788451,2,3,5,coverage_validated_cumulative_scores_uncalibrated,,unavailable,,0,0
2026-10-09,奈良,3,035320261009,1791549000,1791548700,3,2,014776,川上修平,追,73.91,,,,,0.01641654117739898,0.011625129856800507,0.41429882942830126,0.09382294946430987,position_specialists,0.011625129856800507,False,,,S,0.346,0.521,0.27,0.12,-0.026978322729964446,0.009995468398727609,0.08000684684974244,0.08260089278565204,0.001355194545784953,,0,,,0,,cumulative_place,0.9925475516627941,0.0,False,1.0,2.0,4.0,3,verified,winticket_line_prediction,provider_forecast_structure_only,1.1625129856800507,41.429882942830126,9.382294946430989,3,1,3,coverage_validated_cumulative_scores_uncalibrated,,unavailable,,0,0
2026-10-09,奈良,3,035320261009,1791549000,1791548700,4,6,014395,竹田慎一,両,67.91,,,,,0.007631187157517126,0.0025734426232097924,0.049198627015527685,0.05187249696135935,position_specialists,0.0025734426232097924,False,,,S,0.166,0.25,0.25,0.5,-0.11358389378666559,-0.01024157625351053,-0.12115899321533996,-0.04880961846424893,0.00017859152928949,,0,,,0,,cumulative_place,0.0,0.0,False,2.0,2.0,2.0,3,verified,winticket_line_prediction,provider_forecast_structure_only,0.25734426232097923,4.919862701552768,5.187249696135936,4,5,6,coverage_validated_cumulative_scores_uncalibrated,,unavailable,,0,0
2026-10-09,奈良,3,035320261009,1791549000,1791548700,5,5,012307,尾崎勝弘,追,69.21,,,,,0.0027660486641194397,0.0009511584960519778,0.05872970640143382,0.2391224011898331,position_specialists,0.0009511584960519778,False,,,S,0.052,0.263,0.04,0.19,-0.04862971549413966,-0.07339005034621107,-0.13852163214692445,-0.04880961846424893,0.0009139684145991543,,0,,,0,,cumulative_place,0.007452448337205959,0.8438108558239223,False,1.0,3.0,4.0,3,verified,winticket_line_prediction,provider_forecast_structure_only,0.09511584960519778,5.872970640143382,23.912240118983313,5,4,2,coverage_validated_cumulative_scores_uncalibrated,,unavailable,,0,0
2026-10-09,奈良,3,035320261009,1791549000,1791548700,6,4,013663,中野功史,追,70.18,,,,,0.0018076069449128763,0.0006773211648007777,0.031949568782091306,0.06622708453471238,position_specialists,0.0006773211648007777,False,,,S,0.1169999999999999,0.294,0.02,0.14,-0.0438182948798785,-0.07339005034621107,-0.10730327800454345,-0.04880961846424893,0.0011345814801920536,,0,,,0,,cumulative_place,0.0,0.15618914417607765,False,1.0,4.0,4.0,3,verified,winticket_line_prediction,provider_forecast_structure_only,0.06773211648007776,3.1949568782091307,6.622708453471239,6,6,4,coverage_validated_cumulative_scores_uncalibrated,,unavailable,,0,0
2026-10-09,奈良,3,035320261009,1791549000,1791548700,7,7,012406,濱田昭一郎,追,67.31,,,,,0.0015324428126431565,0.0004391891026454082,0.016095252679631578,0.02486587144810088,position_specialists,0.0004391891026454082,False,,,S,0.034,0.206,0.0,0.15,-0.10275819740457788,-0.12601377875679487,-0.13852163214692445,-0.04880961846424893,0.00120811916872302,,0,,,0,,cumulative_place,0.0,0.0,False,3.0,1.0,1.0,3,verified,winticket_line_prediction,provider_forecast_structure_only,0.043918910264540825,1.6095252679631578,2.4865871448100885,7,7,7,coverage_validated_cumulative_scores_uncalibrated,,unavailable,,0,0
2026-10-09,川崎,4,043420261009,1791549600,1791549300,1,1,015979,福田海響,逃,80.66,,,,,0.8959769580380152,0.9046294296137074,0.573929467598211,0.6186434580152523,position_specialists,0.9046294296137073,False,,0.8300182223637322,S,0.866,1.0,0.33,0.13,0.2024833522999724,0.39123462655871,0.22869021062977374,0.11737150999845503,0.00413860469004806,,0,,,0,,cumulative_place,,0.0,False,1.0,1.0,4.0,3,verified,winticket_line_prediction,provider_forecast_structure_only,90.46294296137074,57.39294675982109,61.86434580152522,1,1,1,coverage_validated_cumulative_scores_uncalibrated,,unavailable,,0,0
2026-10-09,川崎,4,043420261009,1791549600,1791549300,2,2,014369,中川拓也,両,75.82,,,,,0.07412615816550282,0.07461120724997512,0.2761281703487333,0.04765659228004944,position_specialists,0.07461120724997511,False,,,S,0.391,0.608,0.08,0.13,0.050379403235207766,0.09756824015999574,0.20374733110524426,0.02363184765069564,0.0013274769760531519,,0,,,0,,cumulative_place,,0.0,False,1.0,2.0,4.0,3,verified,winticket_line_prediction,provider_forecast_structure_only,7.461120724997512,27.612817034873334,4.765659228004943,2,2,3,coverage_validated_cumulative_scores_uncalibrated,,unavailable,,0,0
2026-10-09,川崎,4,043420261009,1791549600,1791549300,3,3,014644,高橋明久,逃,72.45,,,,,0.02198469146433937,0.018054159333589746,0.051787110943197184,0.038287717693315994,position_specialists,0.018054159333589743,False,,,S,0.3329999999999999,0.523,0.09,0.18,0.08305358488615723,0.04494451174941195,0.07685568369681485,0.11737150999845503,0.0017699693014042017,,0,,,0,,cumulative_place,,0.0,False,2.0,1.0,2.0,3,verified,winticket_line_prediction,provider_forecast_structure_only,1.8054159333589745,5.178711094319718,3.8287717693315986,3,3,4,coverage_validated_cumulative_scores_uncalibrated,,unavailable,,0,0
2026-10-09,川崎,4,043420261009,1791549600,1791549300,4,4,014446,菅藤智,追,69.76,,,,,0.0029310809990876954,0.0009808331146509558,0.03934643996696353,0.2177863890342495,position_specialists,0.0009808331146509556,False,,,S,0.0,0.294,0.0,0.43,-0.04088296620365102,-0.11532731060699587,-0.16870713604085852,-0.06459371691190142,0.0009630715316464044,,0,,,0,,cumulative_place,,0.9045918754581886,False,1.0,3.0,4.0,3,verified,winticket_line_prediction,provider_forecast_structure_only,0.09808331146509558,3.934643996696353,21.778638903424945,4,4,2,coverage_validated_cumulative_scores_uncalibrated,,unavailable,,0,0
2026-10-09,川崎,4,043420261009,1791549600,1791549300,5,6,013324,市川博章,追,68.8,,,,,0.0021926586679403013,0.0007553584990400254,0.02172055985509621,0.02479594550362329,position_specialists,0.0007553584990400253,False,,,S,0.09,0.2269999999999999,0.0,0.0,-0.04088296620365102,-0.16795103901757968,-0.08593947667505789,-0.06459371691190142,0.0018740851426632733,,0,,,0,,cumulative_place,,0.0,False,3.0,1.0,1.0,3,verified,winticket_line_prediction,provider_forecast_structure_only,0.07553584990400254,2.172055985509621,2.4795945503623282,5,6,7,coverage_validated_cumulative_scores_uncalibrated,,unavailable,,0,0
2026-10-09,川崎,4,043420261009,1791549600,1791549300,6,5,012938,鈴木規純,追,69.29,,,,,0.0016939866424681579,0.0006329136442787662,0.02347204700668584,0.02761018584165874,position_specialists,0.0006329136442787661,False,,,S,0.0409999999999999,0.291,0.09,0.16,-0.09158428255857257,0.003976317238563821,-0.12732330635795822,-0.06459371691190142,0.0009630715316464044,,0,,,0,,cumulative_place,,0.035733007280448266,False,2.0,2.0,2.0,3,verified,winticket_line_prediction,provider_forecast_structure_only,0.06329136442787663,2.3472047006685837,2.761018584165874,6,5,5,coverage_validated_cumulative_scores_uncalibrated,,unavailable,,0,0
2026-10-09,川崎,4,043420261009,1791549600,1791549300,7,7,013320,村上順規,追,65.94,,,,,0.0010944660226464631,0.00033609854475801594,0.013616204281112933,0.02521971163185081,position_specialists,0.0003360985447580159,False,,,S,0.0579999999999999,0.176,0.05,0.14,-0.16256612545546276,-0.012376195393420766,-0.12732330635795822,-0.06459371691190142,0.0007808688094430308,,0,,,0,,cumulative_place,,0.05967511726136306,False,1.0,4.0,4.0,3,verified,winticket_line_prediction,provider_forecast_structure_only,0.033609854475801594,1.3616204281112934,2.5219711631850807,7,7,6,coverage_validated_cumulative_scores_uncalibrated,,unavailable,,0,0
2026-10-09,奈良,4,045320261009,1791550200,1791549900,1,1,015637,近藤雄太,逃,79.48,,,,,0.7926752395115622,0.8597254664015992,0.33954664733204115,0.4515957426249295,position_specialists,0.8597254664015992,False,,0.7479538344811698,S,0.851,0.888,0.27,0.05,0.10022514801165196,0.21346263086631417,0.29890720994059783,-0.04917304519112511,0.004032845853137848,,0,,,0,,cumulative_place,,,False,1.0,1.0,2.0,3,verified,winticket_line_prediction,provider_forecast_structure_only,85.97254664015992,33.95466473320412,45.15957426249295,1,1,1,coverage_validated_cumulative_scores_uncalibrated,,unavailable,,0,0
2026-10-09,奈良,4,045320261009,1791550200,1791549900,2,2,014778,宮崎一彰,追,76.59,,,,,0.13209871952151472,0.11177163192042941,0.1994100868930061,0.08066303524673728,position_specialists,0.11177163192042941,False,,,S,0.478,0.652,0.16,0.11,0.15590578579590306,0.22061426082190702,0.004068925664441794,0.15818316947024583,0.0010387633258082337,,0,,,0,,cumulative_place,,,False,1.0,2.0,2.0,3,verified,winticket_line_prediction,provider_forecast_structure_only,11.177163192042942,19.941008689300613,8.066303524673728,2,2,4,coverage_validated_cumulative_scores_uncalibrated,,unavailable,,0,0
2026-10-09,奈良,4,045320261009,1791550200,1791549900,3,6,016002,宮田龍一,逃,67.85,,,,,0.029904466825181917,0.010041978216356297,0.12371738909792966,0.07708533491076172,position_specialists,0.010041978216356297,False,,,S,0.284,0.428,0.0,0.16,-0.13363353068220266,0.16799053241132322,-0.06955357601272497,-0.04917304519112511,0.0002444149001901719,,0,,,0,,cumulative_place,,,False,3.0,1.0,2.0,3,verified,winticket_line_prediction,provider_forecast_structure_only,1.0041978216356298,12.371738909792969,7.708533491076172,3,4,5,coverage_validated_cumulative_scores_uncalibrated,,unavailable,,0,0
2026-10-09,奈良,4,045320261009,1791550200,1791549900,4,3,013897,加藤大輔,追,73.5,,,,,0.020021701163025818,0.00855835821057657,0.16166572594475992,0.14775398405425638,position_specialists,0.00855835821057657,False,,,S,0.266,0.5,0.26,0.13,0.05011257400582601,0.027357842388195355,-0.048568329471747156,-0.04917304519112511,0.0013850177677443105,,0,,,0,,cumulative_place,,,False,2.0,2.0,3.0,3,verified,winticket_line_prediction,provider_forecast_structure_only,0.855835821057657,16.166572594475994,14.775398405425639,4,3,2,coverage_validated_cumulative_scores_uncalibrated,,unavailable,,0,0
2026-10-09,奈良,4,045320261009,1791550200,1791549900,5,5,014559,田山誠,逃,68.5,,,,,0.018948138924247404,0.008299452886955681,0.10315350101971064,0.12280802287555975,position_specialists,0.008299452886955681,False,,,S,0.29,0.3329999999999999,0.15,0.05,-0.1503377220174779,0.07704633550134125,0.07019419423149377,0.08768205648537972,0.0006110372504754319,,0,,,0,,cumulative_place,,,False,2.0,1.0,3.0,3,verified,winticket_line_prediction,provider_forecast_structure_only,0.8299452886955682,10.315350101971067,12.280802287555975,5,5,3,coverage_validated_cumulative_scores_uncalibrated,,unavailable,,0,0
2026-10-09,奈良,4,045320261009,1791550200,1791549900,6,4,012847,古閑良介,追,68.66,,,,,0.0043350255761705,0.001133155097834125,0.043977606520140204,0.07297013350956369,position_specialists,0.001133155097834125,False,,,S,0.21,0.368,0.0,0.42,0.06310472282215122,-0.21767902552446908,-0.11875133631999911,-0.04917304519112511,0.0022404699184099142,,0,,,0,,cumulative_place,,,False,2.0,3.0,3.0,3,verified,winticket_line_prediction,provider_forecast_structure_only,0.1133155097834125,4.397760652014021,7.297013350956369,6,6,6,coverage_validated_cumulative_scores_uncalibrated,,unavailable,,0,0
2026-10-09,奈良,4,045320261009,1791550200,1791549900,7,7,013272,古田義明,追,67.47,,,,,0.0020167084782974735,0.00046995726624877597,0.028529043192412375,0.04712374677819164,position_specialists,0.00046995726624877597,False,,,S,0.13,0.173,0.22,0.06,-0.08537697793585157,-0.12042647759052534,-0.13629708803206209,-0.04917304519112511,0.0018127438430771126,,0,,,0,,cumulative_place,,,False,3.0,2.0,2.0,3,verified,winticket_line_prediction,provider_forecast_structure_only,0.046995726624877596,2.852904319241238,4.712374677819164,7,7,7,coverage_validated_cumulative_scores_uncalibrated,,unavailable,,0,0
2026-10-09,川崎,5,053420261009,1791550800,1791550500,1,1,015806,山本天平,逃,86.25,,,,,0.32080923754014046,0.35346549463267857,0.15442150163191046,0.08465636523280737,position_specialists,0.35346549463267857,False,,0.04240034510870633,C,0.237,0.428,0.14,0.14,0.011713862960138169,0.1972401274135196,0.014460781377114262,0.05771267354898786,0.00017237216543542863,,0,,,0,,cumulative_place,,,False,1.0,1.0,3.0,3,verified,winticket_line_prediction,provider_forecast_structure_only,35.346549463267856,15.442150163191046,8.465636523280736,1,3,7,coverage_validated_cumulative_scores_uncalibrated,,unavailable,,0,0
2026-10-09,川崎,5,053420261009,1791550800,1791550500,2,2,014581,佐山俊樹,追,86.08,,,,,0.20289322905918447,0.31106514952397224,0.21759367878159422,0.11741406891398481,position_specialists,0.31106514952397224,False,,,C,0.28,0.4,0.15,0.12,0.016683380579590727,0.36355613352706284,0.18152625905018177,0.03934955014703718,0.0016375355716365728,,0,,,0,,cumulative_place,,,False,2.0,2.0,3.0,3,verified,winticket_line_prediction,provider_forecast_structure_only,31.106514952397223,21.759367878159424,11.741406891398482,2,2,5,coverage_validated_cumulative_scores_uncalibrated,,unavailable,,0,0
2026-10-09,川崎,5,053420261009,1791550800,1791550500,3,3,013942,大西健士,追,84.92,,,,,0.24603203167304233,0.214450229723077,0.23264330961140353,0.19765023494072845,position_specialists,0.214450229723077,False,,,C,0.16,0.44,0.23,0.26,0.2403116734549566,-0.00025915512240715636,0.016788705534107162,-0.08919231366661762,0.00258558248153143,,0,,,0,,cumulative_place,,,False,1.0,2.0,3.0,3,verified,winticket_line_prediction,provider_forecast_structure_only,21.4450229723077,23.264330961140352,19.765023494072846,3,1,2,coverage_validated_cumulative_scores_uncalibrated,,unavailable,,0,0
2026-10-09,川崎,5,053420261009,1791550800,1791550500,4,5,014457,北野良栄,両,81.52,,,,,0.07631286759309179,0.05156176163921828,0.131307654952155,0.11679246443222305,position_specialists,0.05156176163921828,False,,,C,0.284,0.476,0.18,0.12,-0.028042277995482486,0.08354784971056028,0.09226947601407957,-0.08919231366661762,0.00012927912407657138,,0,,,0,,cumulative_place,,,False,2.0,1.0,3.0,3,verified,winticket_line_prediction,provider_forecast_structure_only,5.156176163921828,13.130765495215499,11.679246443222304,4,4,6,coverage_validated_cumulative_scores_uncalibrated,,unavailable,,0,0
2026-10-09,川崎,5,053420261009,1791550800,1791550500,5,6,015293,中里福太郎,逃,81.23,,,,,0.09758603399298414,0.03806728108087684,0.12056060448916987,0.1503519935165667,position_specialists,0.03806728108087684,False,,,C,0.047,0.238,0.33,0.0,-0.1622192537207019,-0.206985179788059,-0.11897256168893099,0.1128020437548399,0.00012927912407657138,,0,,,0,,cumulative_place,,,False,3.0,1.0,1.0,3,verified,winticket_line_prediction,provider_forecast_structure_only,3.8067281080876842,12.056060448916988,15.035199351656669,5,5,3,coverage_validated_cumulative_scores_uncalibrated,,unavailable,,0,0
2026-10-09,川崎,5,053420261009,1791550800,1791550500,6,4,014304,大竹哲也,追,84.9,,,,,0.039077264592973046,0.02561743067908,0.09507579864460826,0.20635353415089155,position_specialists,0.02561743067908,False,,,C,0.142,0.285,0.11,0.19,-0.028042277995482486,-0.08614608475569958,-0.038123812304584365,0.05771267354898786,0.0034474433087085736,,0,,,0,,cumulative_place,,,False,1.0,3.0,3.0,3,verified,winticket_line_prediction,provider_forecast_structure_only,2.561743067908,9.507579864460826,20.635353415089156,6,6,1,coverage_validated_cumulative_scores_uncalibrated,,unavailable,,0,0
2026-10-09,川崎,5,053420261009,1791550800,1791550500,7,7,013838,山田武,追,79.27,,,,,0.017289335548583865,0.005772652721097084,0.048397451889158734,0.12678133881279816,position_specialists,0.005772652721097084,False,,,C,0.045,0.136,0.02,0.14,-0.05040510728301899,-0.10888454029629144,-0.14794884798196742,-0.08919231366661762,0.00258558248153143,,0,,,0,,cumulative_place,,,False,2.0,3.0,3.0,3,verified,winticket_line_prediction,provider_forecast_structure_only,0.5772652721097083,4.839745188915874,12.678133881279816,7,7,4,coverage_validated_cumulative_scores_uncalibrated,,unavailable,,0,0
2026-10-09,奈良,5,055320261009,1791551400,1791551100,1,3,015903,谷澤優貴,逃,86.52,,,,,0.3751339700311528,0.5216996401454935,0.22074764676332387,0.20089378722714238,position_specialists,0.5216996401454935,False,,0.2572410847065587,A,0.428,0.5710000000000001,0.11,0.09,0.17867029734822362,0.32128333659868596,0.10271692070241165,0.15297626982782261,0.003575577021593075,,0,,,0,,cumulative_place,,,False,2.0,1.0,3.0,3,verified,winticket_line_prediction,provider_forecast_structure_only,52.16996401454935,22.074764676332386,20.08937872271424,1,2,1,coverage_validated_cumulative_scores_uncalibrated,,unavailable,,0,0
2026-10-09,奈良,5,055320261009,1791551400,1791551100,2,1,013640,西村豊,追,91.05,,,,,0.3528208387963077,0.2644585554389348,0.23142225213952955,0.1643670237701797,position_specialists,0.2644585554389348,False,,,A,0.2769999999999999,0.3329999999999999,0.16,0.13,0.022166582344806333,0.15701255197543557,-0.07082919026466693,-0.06857556923316184,0.0011842675485531202,,0,,,0,,cumulative_place,,,False,2.0,2.0,3.0,3,verified,winticket_line_prediction,provider_forecast_structure_only,26.445855543893483,23.142225213952955,16.436702377017973,2,1,3,coverage_validated_cumulative_scores_uncalibrated,,unavailable,,0,0
2026-10-09,奈良,5,055320261009,1791551400,1791551100,3,2,014321,石坂永伍,両,86.8,,,,,0.11755335772308224,0.11446165313828399,0.14239794231800829,0.09147327722063137,position_specialists,0.11446165313828399,False,,,A,0.423,0.461,0.22,0.02,0.023504220934579125,0.18954672893051075,0.19995390582088263,-0.03165026272299777,0.0002505181352708523,,0,,,0,,cumulative_place,,,False,1.0,2.0,2.0,3,verified,winticket_line_prediction,provider_forecast_structure_only,11.446165313828399,14.239794231800829,9.147327722063139,3,4,7,coverage_validated_cumulative_scores_uncalibrated,,unavailable,,0,0
2026-10-09,奈良,5,055320261009,1791551400,1791551100,4,4,015558,川野深,逃,85.8,,,,,0.0799947978982647,0.06601372603668697,0.14998419203105764,0.16764920950632373,position_specialists,0.06601372603668697,False,,,A,0.3329999999999999,0.523,0.15,0.16,0.08236031888458221,-0.014903158603757061,0.12288716680726819,0.07912565680749445,0.001024846917017123,,0,,,0,,cumulative_place,,,False,3.0,1.0,2.0,3,verified,winticket_line_prediction,provider_forecast_structure_only,6.601372603668697,14.998419203105765,16.764920950632376,4,3,2,coverage_validated_cumulative_scores_uncalibrated,,unavailable,,0,0
2026-10-09,奈良,5,055320261009,1791551400,1791551100,5,5,013667,田中洋輔,追,85.66,,,,,0.045969023415828876,0.025481706633782474,0.13305521665070966,0.15890184578507557,position_specialists,0.025481706633782474,False,,,A,0.284,0.428,0.15,0.15,-0.025988406887014363,0.005186392851751594,-0.024017820408337283,0.005275043787166304,0.0010476212929508369,,0,,,0,,cumulative_place,,,False,3.0,2.0,2.0,3,verified,winticket_line_prediction,provider_forecast_structure_only,2.5481706633782473,13.305521665070966,15.89018457850756,5,5,4,coverage_validated_cumulative_scores_uncalibrated,,unavailable,,0,0
2026-10-09,奈良,5,055320261009,1791551400,1791551100,6,6,015644,中野光太郎,逃,80.88,,,,,0.022918855038265063,0.006521562310867152,0.07800889754427211,0.10485183483971743,position_specialists,0.006521562310867152,False,,,A,0.166,0.222,0.1,0.06,-0.206569616506342,-0.07997151251390734,-0.11944768282390242,-0.06857556923316184,0.0013664625560228306,,0,,,0,,cumulative_place,,,False,1.0,1.0,2.0,3,verified,winticket_line_prediction,provider_forecast_structure_only,0.6521562310867152,7.800889754427211,10.485183483971744,6,6,6,coverage_validated_cumulative_scores_uncalibrated,,unavailable,,0,0
2026-10-09,奈良,5,055320261009,1791551400,1791551100,7,7,013575,渡会啓介,追,80.54,,,,,0.005609157097098581,0.0013631562959509342,0.044383852553098964,0.11186302165092979,position_specialists,0.0013631562959509342,False,,,A,0.083,0.25,0.08,0.31,-0.07414339611883511,-0.20978824036463298,-0.21126329983365583,-0.06857556923316184,0.0031200895029187973,,0,,,0,,cumulative_place,,,False,2.0,3.0,3.0,3,verified,winticket_line_prediction,provider_forecast_structure_only,0.1363156295950934,4.438385255309896,11.18630216509298,7,7,5,coverage_validated_cumulative_scores_uncalibrated,,unavailable,,0,0
2026-10-09,川崎,6,063420261009,1791552000,1791551700,1,1,015083,中村弘之輔,両,90.73,,,,,0.6527374899200854,0.6730082645035506,0.261576498505026,0.1115443136575475,position_specialists,0.6730082645035506,False,,0.5238138593565516,S,0.3,0.35,0.2,0.05,0.15686651176355562,-0.002035989545233368,0.12749235221016286,-0.004214175901562467,0.002714334762019413,,0,,,0,,cumulative_place,,,False,1.0,2.0,3.0,3,verified,winticket_line_prediction,provider_forecast_structure_only,67.30082645035506,26.1576498505026,11.15443136575475,1,1,5,coverage_validated_cumulative_scores_uncalibrated,,unavailable,,0,0
2026-10-09,川崎,6,063420261009,1791552000,1791551700,2,5,015871,三浦生誠,逃,80.44,,,,,0.13323457347487902,0.14919440514699897,0.15042551903589482,0.21654473769909235,position_specialists,0.14919440514699897,False,,,S,0.3329999999999999,0.3329999999999999,0.18,0.04,-0.09320389823031723,0.34285778193222294,0.010989681737835877,0.18015601979179502,0.002714334762019413,,0,,,0,,cumulative_place,,,False,1.0,1.0,3.0,3,verified,winticket_line_prediction,provider_forecast_structure_only,14.919440514699897,15.042551903589482,21.654473769909234,2,4,1,coverage_validated_cumulative_scores_uncalibrated,,unavailable,,0,0
2026-10-09,川崎,6,063420261009,1791552000,1791551700,3,2,012718,大橋徹,追,85.25,,,,,0.06431014662368008,0.0671917428361343,0.17725968401813152,0.10160764353675168,position_specialists,0.0671917428361343,False,,,S,0.29,0.4579999999999999,0.08,0.24,0.13763032637941156,0.09676711039052689,0.15717942578907412,-0.06321263852343686,0.00018095565080129418,,0,,,0,,cumulative_place,,,False,1.0,3.0,3.0,3,verified,winticket_line_prediction,provider_forecast_structure_only,6.71917428361343,17.72596840181315,10.160764353675168,3,2,6,coverage_validated_cumulative_scores_uncalibrated,,unavailable,,0,0
2026-10-09,川崎,6,063420261009,1791552000,1791551700,4,3,013899,山田和巧,追,84.8,,,,,0.07166914484434757,0.05347025748902981,0.15893487647027219,0.18403676658384732,position_specialists,0.05347025748902981,False,,,S,0.19,0.38,0.09,0.16,0.03664035311265522,0.012686880820990338,0.006039869525249195,-0.004214175901562467,0.0007690615159055004,,0,,,0,,cumulative_place,,,False,2.0,2.0,3.0,3,verified,winticket_line_prediction,provider_forecast_structure_only,5.347025748902981,15.893487647027218,18.403676658384732,4,3,3,coverage_validated_cumulative_scores_uncalibrated,,unavailable,,0,0
2026-10-09,川崎,6,063420261009,1791552000,1791551700,5,4,015707,池邉聖,逃,81.3,,,,,0.058824614975166035,0.05054013906862884,0.13923195693863935,0.18872201983989695,position_specialists,0.05054013906862884,False,,,S,0.2,0.366,0.1,0.12,-0.006641064001668888,0.12201472643886735,0.038877896302770956,0.01791024758164043,0.00018095565080129418,,0,,,0,,cumulative_place,,,False,2.0,1.0,3.0,3,verified,winticket_line_prediction,provider_forecast_structure_only,5.054013906862884,13.923195693863935,18.872201983989694,5,5,2,coverage_validated_cumulative_scores_uncalibrated,,unavailable,,0,0
2026-10-09,川崎,6,063420261009,1791552000,1791551700,6,6,013860,藤原清隆,追,78.77,,,,,0.010716672879557514,0.004664396633532475,0.07545010361336722,0.143505229348119,position_specialists,0.004664396633532475,False,,,S,0.111,0.111,0.1,0.15,-0.05152549656467166,-0.13879881546905248,-0.1450996867385757,-0.06321263852343686,0.002510759654867957,,0,,,0,,cumulative_place,,,False,2.0,3.0,3.0,3,verified,winticket_line_prediction,provider_forecast_structure_only,0.4664396633532475,7.545010361336722,14.350522934811899,6,6,4,coverage_validated_cumulative_scores_uncalibrated,,unavailable,,0,0
2026-10-09,川崎,6,063420261009,1791552000,1791551700,7,7,013613,宗景祐樹,追,0.0,,,,,0.008507357282284413,0.001930794322125022,0.03712136141866892,0.054039289334745284,position_specialists,0.001930794322125022,False,,,S,0.0,0.0,0.03,0.03,-0.17976673245896546,-0.19142254387963625,-0.19547953882651736,-0.06321263852343686,0.002510759654867957,,0,,,0,,cumulative_place,,,False,3.0,1.0,1.0,3,verified,winticket_line_prediction,provider_forecast_structure_only,0.1930794322125022,3.7121361418668917,5.403928933474528,7,7,7,coverage_validated_cumulative_scores_uncalibrated,,unavailable,,0,0
2026-10-09,奈良,6,065320261009,1791552600,1791552300,1,2,015556,上野恭哉,両,89.58,,,,,0.5321720162607869,0.6685994205636198,0.26281719798529796,0.31520078882456276,position_specialists,0.6685994205636198,False,,0.37565013946854525,A,0.4,0.64,0.21,0.12,0.11469660902290596,0.3725044655028979,0.26770313460152134,0.1495566607710532,0.0037111688868075024,,0,,,0,,cumulative_place,,,False,1.0,2.0,4.0,2,verified,winticket_line_prediction,provider_forecast_structure_only,66.85994205636197,26.281719798529796,31.520078882456275,1,2,1,coverage_validated_cumulative_scores_uncalibrated,,unavailable,,0,0
2026-10-09,奈良,6,065320261009,1791552600,1791552300,2,1,015741,堀川敬太郎,逃,91.85,,,,,0.386399103673304,0.2929492810950745,0.29870309236746995,0.1495186298978097,position_specialists,0.2929492810950745,False,,,A,0.38,0.5710000000000001,0.04,0.1,0.10586300710549389,-0.024121336826165456,0.24024687568217556,0.030908376559350983,0.0007632900547334578,,0,,,0,,cumulative_place,,,False,1.0,1.0,4.0,2,verified,winticket_line_prediction,provider_forecast_structure_only,29.294928109507453,29.870309236746994,14.95186298978097,2,1,3,coverage_validated_cumulative_scores_uncalibrated,,unavailable,,0,0
2026-10-09,奈良,6,065320261009,1791552600,1791552300,3,3,015114,谷口友真,逃,85.79,,,,,0.04709737582212227,0.02703005243737891,0.1255390503810554,0.10551693134098611,position_specialists,0.02703005243737891,False,,,A,0.28,0.36,0.19,0.09,-0.02565951033153028,0.22814685071405288,0.06793073060692961,0.030908376559350983,0.00039480520072420253,,0,,,0,,cumulative_place,,,False,2.0,1.0,3.0,2,verified,winticket_line_prediction,provider_forecast_structure_only,2.703005243737891,12.55390503810554,10.551693134098612,3,4,4,coverage_validated_cumulative_scores_uncalibrated,,unavailable,,0,0
2026-10-09,奈良,6,065320261009,1791552600,1791552300,4,4,014843,峰重祐之介,追,84.46,,,,,0.019155104660719343,0.008515028734543498,0.1422914220946591,0.22958870496715403,position_specialists,0.008515028734543498,False,,,A,0.214,0.357,0.07,0.17,0.13236381285773008,-0.03464608250828221,0.0030793790881508964,0.030908376559350983,0.0016318614963267033,,0,,,0,,cumulative_place,,,False,1.0,3.0,4.0,2,verified,winticket_line_prediction,provider_forecast_structure_only,0.8515028734543498,14.229142209465909,22.958870496715402,4,3,2,coverage_validated_cumulative_scores_uncalibrated,,unavailable,,0,0
2026-10-09,奈良,6,065320261009,1791552600,1791552300,5,7,015112,日浦崇道,逃,75.79,,,,,0.011106116424810833,0.0020647157027550403,0.0944318833524382,0.07805782448368333,position_specialists,0.0020647157027550403,False,,,A,0.0,0.0409999999999999,0.5,0.25,-0.14147784658204404,-0.040298023199277555,-0.18675419122635367,-0.08076059681636873,0.0011317749087427131,,0,,,0,,cumulative_place,,,False,2.0,2.0,3.0,2,verified,winticket_line_prediction,provider_forecast_structure_only,0.20647157027550403,9.44318833524382,7.8057824483683325,5,5,5,coverage_validated_cumulative_scores_uncalibrated,,unavailable,,0,0
2026-10-09,奈良,6,065320261009,1791552600,1791552300,6,5,013142,黒田大介,追,80.23,,,,,0.003001580381153967,0.0006633248622891187,0.05072455268742498,0.0777938318574971,position_specialists,0.0006633248622891187,False,,,A,0.038,0.192,0.06,0.22,-0.026641021655687172,-0.1034464972919781,-0.17799547860672438,-0.08076059681636873,0.0021845887773405863,,0,,,0,,cumulative_place,,,False,1.0,4.0,4.0,2,verified,winticket_line_prediction,provider_forecast_structure_only,0.06633248622891187,5.072455268742497,7.779383185749709,6,6,6,coverage_validated_cumulative_scores_uncalibrated,,unavailable,,0,0
2026-10-09,奈良,6,065320261009,1791552600,1791552300,7,6,013127,北浦弘幹,追,76.4,,,,,0.0010687027771027048,0.00017817660433911602,0.025492801131654506,0.04432328862830698,position_specialists,0.00017817660433911602,False,,,A,0.0,0.0,0.0,0.0,-0.1591450504168682,-0.1034464972919781,-0.21421045014569942,-0.08076059681636873,0.0021845887773405863,,0,,,0,,cumulative_place,,,False,2.0,3.0,3.0,2,verified,winticket_line_prediction,provider_forecast_structure_only,0.0178176604339116,2.549280113165451,4.432328862830698,7,7,7,coverage_validated_cumulative_scores_uncalibrated,,unavailable,,0,0
2026-10-09,川崎,7,073420261009,1791553200,1791552900,1,2,013916,白石大輔,両,86.29,,,,,0.17044981998837494,0.25339039545245556,0.1748405550814867,0.18097592637352358,position_specialists,0.22541764846397142,True,second_wheel+pace_conflict_consensus,0.018635732276894024,C,0.375,0.5,0.22,0.07,0.13577927167005768,0.1314599266764647,0.1651481095400293,-0.05059644256269407,0.0009474729115034304,,0,,,0,,cumulative_place,,,False,2.0,2.0,2.0,3,verified,winticket_line_prediction,provider_forecast_structure_only,25.339039545245555,17.484055508148668,18.09759263735236,1,3,2,coverage_validated_cumulative_scores_uncalibrated,,unavailable,,0,0
2026-10-09,川崎,7,073420261009,1791553200,1791552900,2,4,014161,藤田大輔,追,85.47,,,,,0.22079083958463752,0.2347546631755615,0.1390382322741899,0.14084244405511945,position_specialists,0.2171350340901255,True,second_wheel+pace_conflict_consensus,,C,0.284,0.38,0.15,0.15,0.06623379105856483,0.1314599266764647,0.03158837665922795,-0.05059644256269407,0.0016644794391276476,,0,,,0,,cumulative_place,,,False,3.0,2.0,3.0,3,verified,winticket_line_prediction,provider_forecast_structure_only,23.47546631755615,13.903823227418991,14.084244405511944,2,4,4,coverage_validated_cumulative_scores_uncalibrated,,unavailable,,0,0
2026-10-09,川崎,7,073420261009,1791553200,1791552900,3,5,014797,佐々木吉徳,逃,85.33,,,,,0.1606917045717173,0.1988313400649093,0.11245287227317431,0.0951790842783005,position_specialists,0.23580150153508986,True,second_wheel+pace_conflict_consensus,,C,0.37,0.444,0.17,0.09,0.13577927167005768,0.16589770577554266,0.09193553673074399,0.1264911064067352,0.002996062990429766,,0,,,0,,cumulative_place,,,False,2.0,1.0,2.0,3,verified,winticket_line_prediction,provider_forecast_structure_only,19.88313400649093,11.245287227317432,9.51790842783005,3,5,6,coverage_validated_cumulative_scores_uncalibrated,,unavailable,,0,0
2026-10-09,川崎,7,073420261009,1791553200,1791552900,4,1,015259,小林稜武,逃,90.41,,,,,0.26112651791649966,0.1717931526195391,0.18999651262692419,0.17149046049738428,position_specialists,0.1848022513959732,True,second_wheel+pace_conflict_consensus,,C,0.25,0.416,0.05,0.1,-0.09603899703491862,-0.1475237212592396,-0.0814657752056811,-0.05059644256269407,0.0010242950394631677,,0,,,0,,cumulative_place,,,False,1.0,1.0,2.0,3,verified,winticket_line_prediction,provider_forecast_structure_only,17.17931526195391,18.999651262692417,17.149046049738427,4,2,3,coverage_validated_cumulative_scores_uncalibrated,,unavailable,,0,0
2026-10-09,川崎,7,073420261009,1791553200,1791552900,5,3,012809,高峰賢治,追,86.28,,,,,0.10721282439881051,0.09654224886967305,0.2294117837975236,0.20092137676874836,position_specialists,0.0892962219190375,True,second_wheel+pace_conflict_consensus,,C,0.284,0.476,0.26,0.14,-0.003311689552928015,-0.007838485338994073,0.03158837665922795,-0.05059644256269407,0.0007682212795973761,,0,,,0,,cumulative_place,,,False,1.0,2.0,2.0,3,verified,winticket_line_prediction,provider_forecast_structure_only,9.654224886967306,22.941178379752362,20.092137676874835,5,1,1,coverage_validated_cumulative_scores_uncalibrated,,unavailable,,0,0
2026-10-09,川崎,7,073420261009,1791553200,1791552900,6,7,015897,森飛龍,逃,80.3,,,,,0.0590914266405606,0.035210423932962163,0.06840566008586058,0.08337074255143288,position_specialists,0.037906782636475136,True,second_wheel+pace_conflict_consensus,,C,0.1,0.15,0.17,0.08,-0.18876630451690923,0.287783816289069,-0.14766085015800137,0.1264911064067352,0.002279056462805548,,0,,,0,,cumulative_place,,,False,3.0,1.0,3.0,3,verified,winticket_line_prediction,provider_forecast_structure_only,3.5210423932962165,6.840566008586057,8.337074255143289,6,7,7,coverage_validated_cumulative_scores_uncalibrated,,unavailable,,0,0
2026-10-09,川崎,7,073420261009,1791553200,1791552900,7,6,014737,河上陽一,両,82.83,,,,,0.02063686689939944,0.00947777588489939,0.08585438386084075,0.12721996547549094,position_specialists,0.009640559959327485,True,second_wheel+pace_conflict_consensus,,C,0.125,0.3329999999999999,0.03,0.34,-0.04967534329392332,-0.19287306994522108,-0.09113377422554683,-0.05059644256269407,0.0029192408624700286,,0,,,0,,cumulative_place,,,False,3.0,3.0,3.0,3,verified,winticket_line_prediction,provider_forecast_structure_only,0.9477775884899391,8.585438386084075,12.721996547549095,7,6,5,coverage_validated_cumulative_scores_uncalibrated,,unavailable,,0,0
2026-10-09,奈良,7,075320261009,1791553800,1791553500,1,2,015812,森崎英登,逃,85.44,,,,,0.3582068646007766,0.4930017537337322,0.2281998471894723,0.11121157894332062,position_specialists,0.4930017537337323,False,,0.2830454037730388,A,0.518,0.555,0.24,0.12,0.12564162452547237,0.2333366588198659,0.2036829648289149,-0.032659863237109045,0.0020463135220915364,,0,,,0,,cumulative_place,,,False,2.0,1.0,3.0,3,verified,winticket_line_prediction,provider_forecast_structure_only,49.300175373373214,22.819984718947232,11.121157894332063,1,1,4,coverage_validated_cumulative_scores_uncalibrated,,unavailable,,0,0
2026-10-09,奈良,7,075320261009,1791553800,1791553500,2,1,012760,櫻井宏智,追,87.23,,,,,0.15206228582215844,0.20995634996069343,0.10710772226458565,0.04976950715190339,position_specialists,0.20995634996069348,False,,,A,0.237,0.476,0.17,0.21,0.21541957172892898,0.19949077789894296,0.11548343781417389,-0.032659863237109045,0.0011368408456064094,,0,,,0,,cumulative_place,,,False,1.0,2.0,2.0,3,verified,winticket_line_prediction,provider_forecast_structure_only,20.99563499606934,10.710772226458564,4.976950715190339,2,6,7,coverage_validated_cumulative_scores_uncalibrated,,unavailable,,0,0
2026-10-09,奈良,7,075320261009,1791553800,1791553500,3,3,015056,田村風起,追,84.06,,,,,0.2457166938363314,0.1820710278779053,0.21882742784629827,0.2637064997358006,position_specialists,0.18207102787790533,False,,,A,0.222,0.2769999999999999,0.25,0.13,-0.06721470650417521,0.1418443716779385,0.05205619274078125,-0.032659863237109045,0.0007389465496441661,,0,,,0,,cumulative_place,,,False,2.0,2.0,3.0,3,verified,winticket_line_prediction,provider_forecast_structure_only,18.20710278779053,21.882742784629826,26.37064997358006,3,2,1,coverage_validated_cumulative_scores_uncalibrated,,unavailable,,0,0
2026-10-09,奈良,7,075320261009,1791553800,1791553500,4,5,015933,山本康旗,逃,82.0,,,,,0.09573192913967175,0.05169493399003564,0.11747569047379279,0.08643130051518105,position_specialists,0.051694933990035656,False,,,A,0.23,0.307,0.17,0.15,-0.023988287480288584,0.08922064326735468,-0.08661257836063044,-0.032659863237109045,0.0036378907059405096,,0,,,0,,cumulative_place,,,False,3.0,1.0,2.0,3,verified,winticket_line_prediction,provider_forecast_structure_only,5.1694933990035645,11.74756904737928,8.643130051518105,4,4,5,coverage_validated_cumulative_scores_uncalibrated,,unavailable,,0,0
2026-10-09,奈良,7,075320261009,1791553800,1791553500,5,4,015126,高山雄丞,両,82.47,,,,,0.10795059852170638,0.046569074496125074,0.13637805312370138,0.1601549329357026,position_specialists,0.04656907449612508,False,,,A,0.142,0.285,0.07,0.07,-0.0988032434831691,-0.08371857539565863,-0.08340045809246516,-0.032659863237109045,0.0011368408456064094,,0,,,0,,cumulative_place,,,False,1.0,1.0,2.0,3,verified,winticket_line_prediction,provider_forecast_structure_only,4.656907449612508,13.637805312370139,16.01549329357026,5,3,3,coverage_validated_cumulative_scores_uncalibrated,,unavailable,,0,0
2026-10-09,奈良,7,075320261009,1791553800,1791553500,6,7,014789,茅野寛史,追,80.0,,,,,0.020775994392928283,0.00924957593794721,0.07519208962435792,0.07941068058962439,position_specialists,0.009249575937947212,False,,,A,0.0,0.222,0.0,0.04,-0.08384025228259305,0.08419796545693406,-0.2446635909850947,0.19595917942265423,0.0027284180294553824,,0,,,0,,cumulative_place,,,False,3.0,2.0,2.0,3,verified,winticket_line_prediction,provider_forecast_structure_only,0.9249575937947211,7.519208962435791,7.941068058962439,6,7,6,coverage_validated_cumulative_scores_uncalibrated,,unavailable,,0,0
2026-10-09,奈良,7,075320261009,1791553800,1791553500,7,6,014094,有馬雄二,追,80.62,,,,,0.019555633686427182,0.007457284003561011,0.11681916947779165,0.2493155001284673,position_specialists,0.007457284003561012,False,,,A,0.147,0.259,0.02,0.09,-0.06721470650417521,-0.29600574285129094,0.04345403205432019,-0.032659863237109045,5.68420422803206e-05,,0,,,0,,cumulative_place,,,False,2.0,3.0,3.0,3,verified,winticket_line_prediction,provider_forecast_structure_only,0.7457284003561011,11.681916947779165,24.931550012846728,7,5,2,coverage_validated_cumulative_scores_uncalibrated,,unavailable,,0,0
2026-10-09,川崎,8,083420261009,1791554400,1791554100,1,1,015878,椎名俊介,逃,94.05,,,,,0.8693599611419917,0.9025621783864421,0.347009665426882,0.4451727712462733,position_specialists,0.902562178386442,False,,0.8198921428621792,S,0.722,0.833,0.14,0.03,0.2053352179839831,0.40447084309198217,0.15900525850996394,0.1860392612277495,0.004752228950713549,,0,,,0,,cumulative_place,,0.0,False,1.0,1.0,4.0,4,verified,winticket_line_prediction,provider_forecast_structure_only,90.25621783864422,34.70096654268821,44.517277124627334,1,1,1,coverage_validated_cumulative_scores_uncalibrated,,unavailable,,0,0
2026-10-09,川崎,8,083420261009,1791554400,1791554100,2,2,014731,山崎輝夫,追,88.71,,,,,0.09492652726809808,0.08267003552426293,0.3194503116208178,0.05801586844497102,position_specialists,0.08267003552426291,False,,,S,0.475,0.619,0.25,0.06,0.12241137995198993,0.05902744454885391,0.18646428149304373,-0.05744555091735042,0.0013386560424545207,,0,,,0,,cumulative_place,,0.0,False,1.0,2.0,4.0,4,verified,winticket_line_prediction,provider_forecast_structure_only,8.267003552426292,31.94503116208178,5.801586844497103,2,2,4,coverage_validated_cumulative_scores_uncalibrated,,unavailable,,0,0
2026-10-09,川崎,8,083420261009,1791554400,1791554100,3,4,014572,赤塚悠人,両,83.79,,,,,0.012325397462128952,0.005980981035355139,0.09487566818383218,0.08239018124178599,position_specialists,0.005980981035355138,False,,,S,0.29,0.375,0.08,0.25,-0.04343629611199635,-0.08937321098342321,0.07787547656638916,-0.016864748893167098,0.0008031936254727124,,0,,,0,,cumulative_place,,0.0,False,2.0,1.0,1.0,4,verified,winticket_line_prediction,provider_forecast_structure_only,0.5980981035355138,9.48756681838322,8.239018124178601,3,3,3,coverage_validated_cumulative_scores_uncalibrated,,unavailable,,0,0
2026-10-09,川崎,8,083420261009,1791554400,1791554100,4,6,014438,緑川修平,逃,81.16,,,,,0.010893551296648811,0.00473957627580511,0.05287287098782667,0.051811662951799266,position_specialists,0.004739576275805109,False,,,S,0.25,0.3329999999999999,0.03,0.12,-0.04343629611199635,-0.017590614319639073,-0.01573549048203543,0.0015810702087344136,1.85775845048325e-19,,0,,,0,,cumulative_place,,0.0,False,4.0,1.0,1.0,4,verified,winticket_line_prediction,provider_forecast_structure_only,0.473957627580511,5.2872870987826674,5.181166295179928,4,6,5,coverage_validated_cumulative_scores_uncalibrated,,unavailable,,0,0
2026-10-09,川崎,8,083420261009,1791554400,1791554100,5,5,014086,齋藤友幸,両,83.27,,,,,0.007007122716641145,0.002158394740623423,0.07935761866659478,0.04837440585553514,position_specialists,0.0021583947406234225,False,,,S,0.25,0.25,0.0,0.25,-0.13741664588158872,-0.1415787358298117,-0.1436707559498225,0.0015810702087344136,0.00020079840636817793,,0,,,0,,cumulative_place,,0.0,False,3.0,1.0,1.0,4,verified,winticket_line_prediction,provider_forecast_structure_only,0.2158394740623423,7.93576186665948,4.837440585553515,5,5,6,coverage_validated_cumulative_scores_uncalibrated,,unavailable,,0,0
2026-10-09,川崎,8,083420261009,1791554400,1791554100,6,3,013246,山崎充央,追,83.86,,,,,0.0034843246835778645,0.0012943758520597944,0.08303406770928577,0.2700810626457151,position_specialists,0.0012943758520597942,False,,,S,0.266,0.3329999999999999,0.18,0.22,-0.01026676089919912,-0.08895500741922789,-0.10747448764093764,-0.05744555091735042,0.0013386560424545207,,0,,,0,,cumulative_place,,0.9683577360117459,False,1.0,3.0,4.0,4,verified,winticket_line_prediction,provider_forecast_structure_only,0.12943758520597945,8.303406770928579,27.008106264571513,6,4,2,coverage_validated_cumulative_scores_uncalibrated,,unavailable,,0,0
2026-10-09,川崎,8,083420261009,1791554400,1791554100,7,7,014087,高橋隆太,追,80.94,,,,,0.0020031154309134384,0.0005944581854514992,0.023399797404760773,0.0441540476139202,position_specialists,0.0005944581854514991,False,,,S,0.166,0.3329999999999999,0.04,0.28,-0.09319059893119236,-0.06285224499603367,-0.15646428249660121,-0.05744555091735042,0.0010709248339636165,,0,,,0,,cumulative_place,,0.03164226398825412,False,1.0,4.0,4.0,4,verified,winticket_line_prediction,provider_forecast_structure_only,0.059445818545149916,2.339979740476078,4.415404761392021,7,7,7,coverage_validated_cumulative_scores_uncalibrated,,unavailable,,0,0
2026-10-09,奈良,8,085320261009,1791555000,1791554700,1,1,015919,藤田楓,逃,94.45,,,,,0.9466646251980665,0.9635158039764041,0.5588306913238931,0.6291290667779313,position_specialists,0.963515803976404,False,,0.9507147536198151,S,0.833,0.916,0.11,0.09,0.1909013036549764,0.3935363456044408,0.265830189066298,0.17181595013479023,0.0045700884503564005,,0,,,0,,cumulative_place,,0.0,False,1.0,1.0,2.0,3,verified,winticket_line_prediction,provider_forecast_structure_only,96.35158039764042,55.88306913238931,62.91290667779312,1,1,1,coverage_validated_cumulative_scores_uncalibrated,,unavailable,,0,0
2026-10-09,奈良,8,085320261009,1791555000,1791554700,2,2,014671,山田裕哉,追,87.57,,,,,0.014061832564185224,0.012801050356589015,0.07178955307993931,0.0429175681508967,position_specialists,0.012801050356589013,False,,,S,0.38,0.428,0.3,0.01,0.02490017004195343,0.08419796545693406,0.17513121218364583,-0.05369248441712195,0.0003842109759149181,,0,,,0,,cumulative_place,,0.0,False,2.0,2.0,2.0,3,verified,winticket_line_prediction,provider_forecast_structure_only,1.2801050356589014,7.178955307993931,4.291756815089669,2,4,6,coverage_validated_cumulative_scores_uncalibrated,,unavailable,,0,0
2026-10-09,奈良,8,085320261009,1791555000,1791554700,3,3,013354,國村洋,追,87.33,,,,,0.015281167815033934,0.010607302254883079,0.18777216817018466,0.08512651233242455,position_specialists,0.010607302254883077,False,,,S,0.384,0.5379999999999999,0.32,0.15,0.02490017004195343,0.01838667299182671,0.03107240066393841,-0.05369248441712195,0.0006673138002732794,,0,,,0,,cumulative_place,,0.0,False,1.0,2.0,2.0,3,verified,winticket_line_prediction,provider_forecast_structure_only,1.060730225488308,18.777216817018466,8.512651233242453,3,2,3,coverage_validated_cumulative_scores_uncalibrated,,unavailable,,0,0
2026-10-09,奈良,8,085320261009,1791555000,1791554700,4,4,015746,峯口司,逃,84.78,,,,,0.011626815304653638,0.007085957567764382,0.09108036343413214,0.10208719409505602,position_specialists,0.007085957567764381,False,,,S,0.2,0.3329999999999999,0.13,0.13,-3.6859656130211025e-17,0.039800648604488696,-0.09227248834967844,0.05906173285883414,0.0003235460849809844,,0,,,0,,cumulative_place,,0.0,False,3.0,1.0,3.0,3,verified,winticket_line_prediction,provider_forecast_structure_only,0.7085957567764382,9.108036343413215,10.208719409505601,4,3,2,coverage_validated_cumulative_scores_uncalibrated,,unavailable,,0,0
2026-10-09,奈良,8,085320261009,1791555000,1791554700,5,5,013895,松尾大樹,追,83.14,,,,,0.007802531203269174,0.004084697868049023,0.046362331360178304,0.07507878886724903,position_specialists,0.004084697868049022,False,,,S,0.095,0.38,0.12,0.15,0.008300056680651119,0.03483949610810354,-0.11298641085576899,-0.01610774532513659,0.0005257623880940987,,0,,,0,,cumulative_place,,0.0,False,3.0,2.0,3.0,3,verified,winticket_line_prediction,provider_forecast_structure_only,0.4084697868049023,4.636233136017831,7.507878886724901,5,5,4,coverage_validated_cumulative_scores_uncalibrated,,unavailable,,0,0
2026-10-09,奈良,8,085320261009,1791555000,1791554700,6,6,015623,野崎翼,両,81.0,,,,,0.003700844660401632,0.0016966775002062236,0.031357021789540904,0.048330447600824555,position_specialists,0.0016966775002062234,False,,,S,0.142,0.285,0.16,0.07,-0.024900170041953468,-0.05068987853503393,-0.05774928417286084,-0.05369248441712195,0.001091968036810821,,0,,,0,,cumulative_place,,0.0,False,2.0,1.0,2.0,3,verified,winticket_line_prediction,provider_forecast_structure_only,0.16966775002062237,3.1357021789540904,4.833044760082455,6,6,5,coverage_validated_cumulative_scores_uncalibrated,,unavailable,,0,0
2026-10-09,奈良,8,085320261009,1791555000,1791554700,7,7,012242,穴井利久,追,76.87,,,,,0.0008621832543899633,0.0002085104761042928,0.012807870842131646,0.017330422175617838,position_specialists,0.00020851047610429278,False,,,S,0.0,0.0409999999999999,0.0,0.23,-0.22410153037758107,-0.1517051513566733,-0.20902561853557391,-0.05369248441712195,0.002224379334244265,,0,,,0,,cumulative_place,,1.0,False,3.0,3.0,3.0,3,verified,winticket_line_prediction,provider_forecast_structure_only,0.02085104761042928,1.2807870842131646,1.7330422175617834,7,7,7,coverage_validated_cumulative_scores_uncalibrated,,unavailable,,0,0
2026-10-09,川崎,9,093420261009,1791555600,1791555300,1,1,015262,内山雅貴,逃,96.78,,,,,0.6109881152008355,0.8003904011559855,0.21249497068008708,0.08800521936226909,position_specialists,0.8003904011559855,False,,0.7113658944268395,S,0.758,0.8959999999999999,0.08,0.15,0.06355105762393243,0.16557919631574128,0.3158574520532724,-0.0475885325453184,0.00407611893677162,,0,,,0,,cumulative_place,,,False,1.0,1.0,3.0,3,verified,winticket_line_prediction,provider_forecast_structure_only,80.03904011559855,21.249497068008708,8.80052193622691,1,2,7,coverage_validated_cumulative_scores_uncalibrated,,unavailable,,0,0
2026-10-09,川崎,9,093420261009,1791555600,1791555300,2,7,015348,寺沼伊織,両,91.0,,,,,0.11817923485839738,0.08902450672914596,0.14961594691376356,0.1573435040122847,position_specialists,0.08902450672914596,False,,,S,0.523,0.7140000000000001,0.24,0.08,0.1855280875795445,0.2894460676290393,0.005599560399043045,0.04254974674640232,0.0007744625979866081,,0,,,0,,cumulative_place,,,False,3.0,2.0,3.0,3,verified,winticket_line_prediction,provider_forecast_structure_only,8.902450672914595,14.961594691376357,15.73435040122847,2,3,2,coverage_validated_cumulative_scores_uncalibrated,,unavailable,,0,0
2026-10-09,川崎,9,093420261009,1791555600,1791555300,3,3,013853,長田祐弥,追,92.11,,,,,0.1517048232415249,0.045961120847296526,0.32201197453483804,0.32248850869316054,position_specialists,0.045961120847296526,False,,,S,0.222,0.3329999999999999,0.04,0.08,-0.2019283605147528,0.051968924619991905,-0.1704525912116882,-0.08677908875911002,0.0006521790298834592,,0,,,0,,cumulative_place,,,False,1.0,2.0,3.0,3,verified,winticket_line_prediction,provider_forecast_structure_only,4.596112084729652,32.20119745348381,32.24885086931605,3,1,1,coverage_validated_cumulative_scores_uncalibrated,,unavailable,,0,0
2026-10-09,川崎,9,093420261009,1791555600,1791555300,4,4,015338,土田栄二,逃,91.66,,,,,0.054991570171801556,0.03894713548723374,0.08655393324991231,0.09409205647956115,position_specialists,0.03894713548723374,False,,,S,0.5329999999999999,0.733,0.2,0.16,-0.05125085292252611,0.2130746249175507,0.027810399351944848,0.17187858225191466,0.0007744625979866081,,0,,,0,,cumulative_place,,,False,3.0,1.0,3.0,3,verified,winticket_line_prediction,provider_forecast_structure_only,3.894713548723374,8.65539332499123,9.409205647956115,4,4,6,coverage_validated_cumulative_scores_uncalibrated,,unavailable,,0,0
2026-10-09,川崎,9,093420261009,1791555600,1791555300,5,2,012785,小橋明紀,追,94.18,,,,,0.03634433289908901,0.01576890654306525,0.08286348064715858,0.09698642867220791,position_specialists,0.01576890654306525,False,,,S,0.47,0.588,0.0,0.33,0.06355105762393243,-0.20628956368872084,-0.05308449013786737,-0.05542664378807673,0.0006521790298834592,,0,,,0,,cumulative_place,,,False,2.0,1.0,1.0,3,verified,winticket_line_prediction,provider_forecast_structure_only,1.576890654306525,8.286348064715858,9.69864286722079,5,5,5,coverage_validated_cumulative_scores_uncalibrated,,unavailable,,0,0
2026-10-09,川崎,9,093420261009,1791555600,1791555300,6,6,013936,小埜正義,追,91.21,,,,,0.019946312973480786,0.007222689368837656,0.07016342879690918,0.13038408188281825,position_specialists,0.007222689368837656,False,,,S,0.346,0.434,0.1,0.21,-0.008200136467604147,-0.11804426382677995,-0.05308449013786737,-0.024074198817043424,0.000917126760773615,,0,,,0,,cumulative_place,,,False,1.0,3.0,3.0,3,verified,winticket_line_prediction,provider_forecast_structure_only,0.7222689368837656,7.016342879690917,13.038408188281824,6,7,3,coverage_validated_cumulative_scores_uncalibrated,,unavailable,,0,0
2026-10-09,川崎,9,093420261009,1791555600,1791555300,7,5,011477,川口満宏,追,91.57,,,,,0.007845610654870825,0.0026852398684353417,0.07629626517733129,0.11070020089769847,position_specialists,0.0026852398684353417,False,,,S,0.3329999999999999,0.428,0.02,0.12,-0.05125085292252611,-0.15366583527813707,-0.0726458403168375,-0.0005598650887684584,0.002914425039791709,,0,,,0,,cumulative_place,,,False,3.0,3.0,3.0,3,verified,winticket_line_prediction,provider_forecast_structure_only,0.2685239868435342,7.629626517733129,11.070020089769846,7,6,4,coverage_validated_cumulative_scores_uncalibrated,,unavailable,,0,0
2026-10-09,奈良,9,095320261009,1791556200,1791555900,1,2,015116,池野健太,逃,95.4,,,,,0.4057019843980045,0.5218297919252682,0.20101292413590824,0.12314057215699933,position_specialists,0.5218297919252682,False,,0.1766095424963905,B,0.6659999999999999,0.8,0.05,0.09,0.0640963773468335,0.20101702872962468,0.3547673097930561,-0.08816187683519702,0.002139746259775887,,0,,,0,,cumulative_place,,,False,2.0,1.0,3.0,4,verified,winticket_line_prediction,provider_forecast_structure_only,52.18297919252682,20.101292413590823,12.314057215699933,1,2,5,coverage_validated_cumulative_scores_uncalibrated,,unavailable,,0,0
2026-10-09,奈良,9,095320261009,1791556200,1791555900,2,1,015202,今野大輔,両,95.45,,,,,0.26553924714247074,0.34522024942887775,0.1464820513843289,0.12401145648662719,position_specialists,0.34522024942887775,False,,,B,0.652,0.782,0.22,0.15,0.0960926240612982,0.3408539587418939,0.12247448713915891,0.09772159841973647,0.0012470044427832982,,0,,,0,,cumulative_place,,,False,1.0,2.0,2.0,4,verified,winticket_line_prediction,provider_forecast_structure_only,34.522024942887775,14.64820513843289,12.40114564866272,2,3,4,coverage_validated_cumulative_scores_uncalibrated,,unavailable,,0,0
2026-10-09,奈良,9,095320261009,1791556200,1791555900,3,3,013199,北野武史,追,94.04,,,,,0.11057021017505875,0.04458342293401121,0.2896305222998448,0.2534763817311923,position_specialists,0.04458342293401121,False,,,B,0.428,0.5710000000000001,0.22,0.16,-0.04061861190050548,-0.04288412830552173,-0.08559590669390965,-0.08816187683519702,0.0028199305012940505,,0,,,0,,cumulative_place,,,False,2.0,2.0,3.0,4,verified,winticket_line_prediction,provider_forecast_structure_only,4.458342293401121,28.96305222998448,25.34763817311923,3,1,1,coverage_validated_cumulative_scores_uncalibrated,,unavailable,,0,0
2026-10-09,奈良,9,095320261009,1791556200,1791555900,4,5,015208,金ヶ江勇気,両,93.06,,,,,0.06153806487910527,0.034323267918629365,0.09541492111892336,0.12280240254803951,position_specialists,0.034323267918629365,False,,,B,0.5,0.6,0.0,0.05,0.03791763003499873,-0.0714431292071207,0.09797958971132713,0.03452121683305908,4.251151509488514e-05,,0,,,0,,cumulative_place,,,False,4.0,1.0,1.0,4,verified,winticket_line_prediction,provider_forecast_structure_only,3.4323267918629363,9.541492111892335,12.280240254803951,4,5,6,coverage_validated_cumulative_scores_uncalibrated,,unavailable,,0,0
2026-10-09,奈良,9,095320261009,1791556200,1791555900,5,4,014775,小原周祐,追,93.93,,,,,0.0844231408991781,0.03292109405068232,0.0629757647303007,0.08640439019898141,position_specialists,0.03292109405068232,False,,,B,0.3329999999999999,0.5329999999999999,0.5,0.0,0.09027512465866827,-0.24586953241049145,-0.1835754964052368,0.09772159841973647,0.002437326865440084,,0,,,0,,cumulative_place,,,False,3.0,1.0,1.0,4,verified,winticket_line_prediction,provider_forecast_structure_only,3.292109405068232,6.29757647303007,8.64043901989814,5,7,7,coverage_validated_cumulative_scores_uncalibrated,,unavailable,,0,0
2026-10-09,奈良,9,095320261009,1791556200,1791555900,6,6,015375,村上竜馬,逃,92.38,,,,,0.0460828120574853,0.011102278404338386,0.08905487536388287,0.13863855887504375,position_specialists,0.011102278404338386,False,,,B,0.356,0.5710000000000001,0.14,0.1,-0.2529573400964984,-0.07806521639576847,-0.14696938456699069,-0.08816187683519702,0.0028199305012940505,,0,,,0,,cumulative_place,,,False,1.0,1.0,2.0,4,verified,winticket_line_prediction,provider_forecast_structure_only,1.1102278404338386,8.905487536388287,13.863855887504375,6,6,3,coverage_validated_cumulative_scores_uncalibrated,,unavailable,,0,0
2026-10-09,奈良,9,095320261009,1791556200,1791555900,7,7,014594,太田剛司,両,91.91,,,,,0.02614454044869741,0.010019895338192721,0.11542894096681118,0.15152623800311651,position_specialists,0.010019895338192721,False,,,B,0.461,0.6920000000000001,0.0,0.16,0.00519419589520529,0.08583644112548548,-0.159080598977405,0.03452121683305908,0.000141705050316284,,0,,,0,,cumulative_place,,,False,2.0,3.0,3.0,4,verified,winticket_line_prediction,provider_forecast_structure_only,1.0019895338192721,11.542894096681119,15.152623800311652,7,4,2,coverage_validated_cumulative_scores_uncalibrated,,unavailable,,0,0
