date,venue,race_no,race_id,start_at,close_at,rank_in_race,car_no,player_id,player_name,style,score,odds_win,odds_move_pct,odds_move_last_pct,odds_snapshot_count,p_core,p_win,p_second,p_third,position_model_source,p_win_pre_override,top1_override_applied,top1_override_reason,top1_top2_margin,top1_confidence_class,place2_rate,place3_rate,line_role_place2_rate,line_role_place3_rate,nexus_form_adj,nexus_line_adj,nexus_style_adj,nexus_condition_adj,nexus_uncertainty,expected_value_win,stake_yen,win_return_yen,win_profit_yen,loss_amount_yen,expected_profit_yen,position_probability_semantics,p_second_exact_challenger,p_third_exact_challenger,fixed_axis_calibration_passed,line_id,line_position,line_size,number_of_lines,line_verification_status,line_source,line_verification_scope,score_first,score_second,score_third,rank_first,rank_second,rank_third,position_score_source,popularity_rank,popularity_source,rank_divergence,undervalued_points,overpopular_points
2026-10-10,武雄,1,018420261010,1791588600,1791588300,1,5,15855,大浦彩瑛,逃,56.88,,,,,0.9314671051727965,0.9559023399836669,0.5949247083264884,0.564289884731408,position_specialists,0.9559023399836669,False,,0.9310315665530007,S,0.777,0.8140000000000001,0.0,0.0,0.2596330059753007,-0.03155401244818636,0.40274491980293814,0.1571168809699145,0.00447213595499958,,0,,,0,,cumulative_place,,,False,5.0,1.0,1.0,6,verified,winticket_line_prediction,provider_forecast_structure_only,95.59023399836668,59.492470832648834,56.4289884731408,1,1,1,coverage_validated_cumulative_scores_uncalibrated,,unavailable,,0,0
2026-10-10,武雄,1,018420261010,1791588600,1791588300,2,4,15679,又多風緑,両,53.38,,,,,0.03142398755982798,0.02487077343066624,0.14273990239103418,0.12377810003201316,position_specialists,0.02487077343066624,False,,,S,0.281,0.5,0.0,0.0,0.042523563919726295,-0.03155401244818636,0.07651794576950022,0.052372293656638175,0.0008944271909999159,,0,,,0,,cumulative_place,,,False,4.0,1.0,1.0,6,verified,winticket_line_prediction,provider_forecast_structure_only,2.487077343066624,14.273990239103417,12.377810003201315,2,2,2,coverage_validated_cumulative_scores_uncalibrated,,unavailable,,0,0
2026-10-10,武雄,1,018420261010,1791588600,1791588300,3,2,15755,神戸暖稀羽,両,52.83,,,,,0.022749663459957836,0.013612933519020891,0.11389940533135536,0.10391890533750077,position_specialists,0.013612933519020891,False,,,S,0.222,0.555,0.0,0.0,0.08038979787141173,-0.03155401244818636,-0.053429008742285705,-0.052372293656638175,0.0008944271909999159,,0,,,0,,cumulative_place,,,False,1.0,1.0,1.0,6,verified,winticket_line_prediction,provider_forecast_structure_only,1.361293351902089,11.389940533135535,10.391890533750077,3,3,3,coverage_validated_cumulative_scores_uncalibrated,,unavailable,,0,0
2026-10-10,武雄,1,018420261010,1791588600,1791588300,4,1,15027,長澤彩,両,50.9,,,,,0.00838309133588064,0.0036818586264455253,0.08903633681309735,0.10010274941729075,position_specialists,0.0036818586264455253,False,,,S,0.142,0.428,0.0,0.0,-0.089759693644526,-0.03155401244818636,-0.09214117754502688,-0.052372293656638175,0.0008944271909999159,,0,,,0,,cumulative_place,,,False,2.0,1.0,1.0,6,verified,winticket_line_prediction,provider_forecast_structure_only,0.36818586264455255,8.903633681309735,10.010274941729074,4,4,4,coverage_validated_cumulative_scores_uncalibrated,,unavailable,,0,0
2026-10-10,武雄,1,018420261010,1791588600,1791588300,5,6,15856,野寺梓,追,48.22,,,,,0.003323849710706959,0.0011409071248170196,0.03077049759236262,0.06221718199706183,position_specialists,0.0011409071248170196,False,,,S,0.0,0.111,0.0,0.0,-0.1178693809638689,-0.03155401244818636,-0.16684633964256293,-0.052372293656638175,0.0008944271909999159,,0,,,0,,cumulative_place,,,False,6.0,1.0,1.0,6,verified,winticket_line_prediction,provider_forecast_structure_only,0.11409071248170197,3.077049759236262,6.221718199706183,5,5,5,coverage_validated_cumulative_scores_uncalibrated,,unavailable,,0,0
2026-10-10,武雄,1,018420261010,1791588600,1791588300,6,3,15078,三宅玲奈,追,46.29,,,,,0.0026523027608299863,0.0007911873153833553,0.028629149545662213,0.045693178484725504,position_specialists,0.0007911873153833553,False,,,S,0.0,0.111,0.0,0.0,-0.17491729315804377,-0.03155401244818636,-0.16684633964256293,-0.052372293656638175,0.0008944271909999159,,0,,,0,,cumulative_place,,,False,3.0,1.0,1.0,6,verified,winticket_line_prediction,provider_forecast_structure_only,0.07911873153833554,2.862914954566221,4.569317848472551,6,6,6,coverage_validated_cumulative_scores_uncalibrated,,unavailable,,0,0
2026-10-10,武雄,2,028420261010,1791589800,1791589500,1,2,15398,藤田まりあ,両,57.05,,,,,0.7746851804002307,0.8477647616992247,0.3581863445205346,0.45056296580577543,position_specialists,0.8477647616992247,False,,0.7257520025512461,S,0.833,0.888,0.0,0.0,0.23089155749470935,-0.03157423704635027,0.25658594243365385,-0.03265986323710905,0.004169038939662517,,0,,,0,,cumulative_place,,,False,3.0,1.0,1.0,7,verified,winticket_line_prediction,provider_forecast_structure_only,84.77647616992246,35.81863445205346,45.056296580577545,1,1,1,coverage_validated_cumulative_scores_uncalibrated,,unavailable,,0,0
2026-10-10,武雄,2,028420261010,1791589800,1791589500,2,4,15955,岩元杏奈,両,53.5,,,,,0.16445604797554816,0.12201275914797857,0.22248843863060738,0.11683456960327984,position_specialists,0.12201275914797857,False,,,S,0.5,0.555,0.0,0.0,0.15463763002693923,-0.03157423704635027,0.1360243800216937,-0.03265986323710905,0.0013945728847462647,,0,,,0,,cumulative_place,,,False,1.0,1.0,1.0,7,verified,winticket_line_prediction,provider_forecast_structure_only,12.201275914797858,22.24884386306074,11.683456960327984,2,2,2,coverage_validated_cumulative_scores_uncalibrated,,unavailable,,0,0
2026-10-10,武雄,2,028420261010,1791589800,1791589500,3,7,15584,西脇美唯奈,両,53.31,,,,,0.034271594699049314,0.01800947819877902,0.14485580092286576,0.10930923359090619,position_specialists,0.01800947819877902,False,,,S,0.315,0.526,0.0,0.0,0.002129775091398887,-0.03157423704635027,0.00761060194079337,-0.03265986323710905,0.00024955514779669984,,0,,,0,,cumulative_place,,,False,6.0,1.0,1.0,7,verified,winticket_line_prediction,provider_forecast_structure_only,1.800947819877902,14.485580092286575,10.930923359090619,3,3,3,coverage_validated_cumulative_scores_uncalibrated,,unavailable,,0,0
2026-10-10,武雄,2,028420261010,1791589800,1791589500,4,5,14896,野口諭実可,追,50.51,,,,,0.011257574733460134,0.005528113107365785,0.09572390988677797,0.09481179197369705,position_specialists,0.005528113107365785,False,,,S,0.2,0.314,0.0,0.0,0.020879775091398885,-0.03157423704635027,0.035274528662222304,-0.03265986323710905,0.00024955514779669984,,0,,,0,,cumulative_place,,,False,5.0,1.0,1.0,7,verified,winticket_line_prediction,provider_forecast_structure_only,0.5528113107365785,9.572390988677796,9.481179197369705,4,5,5,coverage_validated_cumulative_scores_uncalibrated,,unavailable,,0,0
2026-10-10,武雄,2,028420261010,1791589800,1791589500,5,1,15761,吉村美有紀,両,49.96,,,,,0.009003407339143609,0.005087286210136327,0.09634092875962477,0.10152463131894557,position_specialists,0.005087286210136327,False,,,S,0.185,0.296,0.0,0.0,-0.10736460219357347,-0.03157423704635027,0.07079067105259144,0.1959591794226543,0.001688167176271794,,0,,,0,,cumulative_place,,,False,4.0,1.0,1.0,7,verified,winticket_line_prediction,provider_forecast_structure_only,0.5087286210136327,9.634092875962477,10.152463131894557,5,4,4,coverage_validated_cumulative_scores_uncalibrated,,unavailable,,0,0
2026-10-10,武雄,2,028420261010,1791589800,1791589500,6,6,15309,黒沢夢姫,追,49.93,,,,,0.0038172530295929596,0.0010983622599012872,0.05830906203240258,0.08098083463791393,position_specialists,0.0010983622599012872,False,,,S,0.0579999999999999,0.176,0.0,0.0,-0.08329016446507626,-0.03157423704635027,-0.2393110986947629,-0.03265986323710905,0.001688167176271794,,0,,,0,,cumulative_place,,,False,7.0,1.0,1.0,7,verified,winticket_line_prediction,provider_forecast_structure_only,0.10983622599012872,5.830906203240258,8.098083463791394,6,6,6,coverage_validated_cumulative_scores_uncalibrated,,unavailable,,0,0
2026-10-10,武雄,2,028420261010,1791589800,1791589500,7,3,14904,渡辺ゆかり,追,45.52,,,,,0.0025089418229752173,0.000499239376614387,0.024095515247186915,0.045975973069482014,position_specialists,0.000499239376614387,False,,,S,0.0,0.0,0.0,0.0,-0.21788397104579663,-0.03157423704635027,-0.26697502541619184,-0.03265986323710905,0.001688167176271794,,0,,,0,,cumulative_place,,,False,2.0,1.0,1.0,7,verified,winticket_line_prediction,provider_forecast_structure_only,0.0499239376614387,2.4095515247186916,4.5975973069482015,7,7,7,coverage_validated_cumulative_scores_uncalibrated,,unavailable,,0,0
2026-10-10,武雄,3,038420261010,1791591060,1791590760,1,7,15923,右近陸人,逃,69.59,,,,,0.2461929946485192,0.365517198559074,0.17576734417967688,0.13222988074519185,position_specialists,0.365517198559074,False,,0.054428309804312736,C,0.304,0.347,0.25,0.13,0.11109720677118652,0.16163681629278037,0.25756569811331226,0.19595917942265428,0.0012159803042810005,,0,,,0,,cumulative_place,,,False,3.0,1.0,3.0,3,verified,winticket_line_prediction,provider_forecast_structure_only,36.5517198559074,17.57673441796769,13.222988074519185,1,3,4,coverage_validated_cumulative_scores_uncalibrated,,unavailable,,0,0
2026-10-10,武雄,3,038420261010,1791591060,1791590760,2,1,15571,吉田悟,逃,66.88,,,,,0.3333244245374233,0.31108888875476126,0.13288621922176888,0.15393147280211147,position_specialists,0.31108888875476126,False,,,C,0.2769999999999999,0.444,0.16,0.15,0.18604694295120616,0.2526806217652814,0.10694836165681365,-0.032659863237109045,0.004289708295657975,,0,,,0,,cumulative_place,,,False,1.0,1.0,3.0,3,verified,winticket_line_prediction,provider_forecast_structure_only,31.108888875476126,13.288621922176889,15.393147280211148,2,4,3,coverage_validated_cumulative_scores_uncalibrated,,unavailable,,0,0
2026-10-10,武雄,3,038420261010,1791591060,1791590760,3,5,13972,富永昌久,追,68.92,,,,,0.29006618836941755,0.2723183546600948,0.23081282902577416,0.12877282498703035,position_specialists,0.2723183546600948,False,,,C,0.147,0.3329999999999999,0.13,0.15,0.09351675009532466,0.21426054470336417,0.12482725740283529,-0.032659863237109045,0.00043910399876813914,,0,,,0,,cumulative_place,,,False,1.0,2.0,3.0,3,verified,winticket_line_prediction,provider_forecast_structure_only,27.23183546600948,23.081282902577417,12.877282498703035,3,2,5,coverage_validated_cumulative_scores_uncalibrated,,unavailable,,0,0
2026-10-10,武雄,3,038420261010,1791591060,1791590760,4,2,12906,太田良政,追,65.13,,,,,0.07952556403802229,0.030952308097661165,0.2618133846813491,0.22853594339967495,position_specialists,0.030952308097661165,False,,,C,0.0,0.0,0.19,0.11,-0.029718297466291326,0.1232167392308631,-0.17937284930002698,-0.032659863237109045,0.0002026633840468336,,0,,,0,,cumulative_place,,,False,3.0,2.0,3.0,3,verified,winticket_line_prediction,provider_forecast_structure_only,3.0952308097661163,26.181338468134914,22.853594339967493,4,1,1,coverage_validated_cumulative_scores_uncalibrated,,unavailable,,0,0
2026-10-10,武雄,3,038420261010,1791591060,1791590760,5,3,11715,黒木誠一,両,68.13,,,,,0.03130481033809181,0.01504924930543196,0.0965032041893081,0.12159239932505611,position_specialists,0.01504924930543196,False,,,C,0.2,0.4,0.14,0.21,0.0009435945317974107,-0.20499100937492376,0.048777230727119744,-0.032659863237109045,0.0016213070723746677,,0,,,0,,cumulative_place,,,False,2.0,1.0,1.0,3,verified,winticket_line_prediction,provider_forecast_structure_only,1.504924930543196,9.65032041893081,12.159239932505612,5,5,6,coverage_validated_cumulative_scores_uncalibrated,,unavailable,,0,0
2026-10-10,武雄,3,038420261010,1791591060,1791590760,6,4,13513,南和夫,追,65.65,,,,,0.015496345505594833,0.004237051091601379,0.07383595791363919,0.17858697490538314,position_specialists,0.004237051091601379,False,,,C,0.0,0.172,0.02,0.29,-0.13987190970568045,-0.15236728096433996,-0.17937284930002698,-0.032659863237109045,0.0016213070723746677,,0,,,0,,cumulative_place,,,False,1.0,3.0,3.0,3,verified,winticket_line_prediction,provider_forecast_structure_only,0.42370510916013787,7.383595791363919,17.858697490538315,6,6,2,coverage_validated_cumulative_scores_uncalibrated,,unavailable,,0,0
2026-10-10,武雄,3,038420261010,1791591060,1791590760,7,6,11431,梶應弘樹,追,62.48,,,,,0.004089672562931036,0.0008369495313755447,0.02838106078848369,0.05635050383555214,position_specialists,0.0008369495313755447,False,,,C,0.0,0.0,0.0,0.0,-0.22201428717754262,-0.15236728096433996,-0.17937284930002698,-0.032659863237109045,0.0016213070723746677,,0,,,0,,cumulative_place,,,False,3.0,3.0,3.0,3,verified,winticket_line_prediction,provider_forecast_structure_only,0.08369495313755447,2.838106078848369,5.635050383555214,7,7,7,coverage_validated_cumulative_scores_uncalibrated,,unavailable,,0,0
2026-10-10,武雄,4,048420261010,1791592320,1791592020,1,7,14842,川本琢也,両,72.19,,,,,0.500421504379844,0.6279668790662407,0.11437241111641853,0.06295414277075946,position_specialists,0.6279668790662407,False,,0.49653509872072266,S,0.237,0.5710000000000001,0.23,0.19,0.03851679967354237,0.34625002737456523,0.02617738200775492,-0.047067872433164175,0.003344686148821208,,0,,,0,,cumulative_place,,,False,1.0,1.0,3.0,3,verified,winticket_line_prediction,provider_forecast_structure_only,62.79668790662407,11.437241111641855,6.295414277075946,1,4,6,coverage_validated_cumulative_scores_uncalibrated,,unavailable,,0,0
2026-10-10,武雄,4,048420261010,1791592320,1791592020,2,2,12754,小野祐作,追,67.5,,,,,0.21601925170772035,0.13143178034551803,0.33275540250592606,0.3048529647874244,position_specialists,0.13143178034551803,False,,,S,0.05,0.2,0.07,0.15,0.03132797264183389,0.11767411336419098,-0.11971469451447392,-0.047067872433164175,0.0007683738449994668,,0,,,0,,cumulative_place,,,False,1.0,2.0,3.0,3,verified,winticket_line_prediction,provider_forecast_structure_only,13.143178034551802,33.27554025059261,30.48529647874244,2,1,1,coverage_validated_cumulative_scores_uncalibrated,,unavailable,,0,0
2026-10-10,武雄,4,048420261010,1791592320,1791592020,3,3,16005,清家大夢,逃,68.82,,,,,0.14157307456229087,0.11809585215991725,0.2009761847291724,0.18215633264522774,position_specialists,0.11809585215991725,False,,,S,0.294,0.47,0.16,0.16,0.0020539505804880714,0.15878359909392648,0.021026422702573405,-0.047067872433164175,0.002395518457939514,,0,,,0,,cumulative_place,,,False,3.0,1.0,2.0,3,verified,winticket_line_prediction,provider_forecast_structure_only,11.809585215991724,20.097618472917244,18.215633264522772,3,2,2,coverage_validated_cumulative_scores_uncalibrated,,unavailable,,0,0
2026-10-10,武雄,4,048420261010,1791592320,1791592020,4,5,13588,齋藤仁,追,69.27,,,,,0.05584933218723518,0.05031491523058953,0.14397449073874444,0.1480856273736076,position_specialists,0.05031491523058953,False,,,S,0.1369999999999999,0.413,0.19,0.11,0.0799451047659063,0.0005075956887918183,0.06407519477287318,0.0627571632442189,0.0014011523055872629,,0,,,0,,cumulative_place,,,False,3.0,2.0,2.0,3,verified,winticket_line_prediction,provider_forecast_structure_only,5.0314915230589525,14.397449073874446,14.80856273736076,4,3,3,coverage_validated_cumulative_scores_uncalibrated,,unavailable,,0,0
2026-10-10,武雄,4,048420261010,1791592320,1791592020,5,4,12597,塚本貴雄,追,69.6,,,,,0.04665804575209233,0.04752579852136206,0.09603579525481945,0.13770212430951892,position_specialists,0.04752579852136206,False,,,S,0.217,0.391,0.22,0.31,0.09928821482863283,-0.10950748547406838,0.1253384912019889,0.17258219892160198,0.0004971830761761253,,0,,,0,,cumulative_place,,,False,1.0,3.0,3.0,3,verified,winticket_line_prediction,provider_forecast_structure_only,4.752579852136206,9.603579525481948,13.770212430951892,5,5,4,coverage_validated_cumulative_scores_uncalibrated,,unavailable,,0,0
2026-10-10,武雄,4,048420261010,1791592320,1791592020,6,1,12671,滝川秀嗣,追,68.13,,,,,0.03397776504398916,0.023278500883035208,0.08150896534953612,0.11655950011500377,position_specialists,0.023278500883035208,False,,,S,0.166,0.3329999999999999,1.0,0.0,0.0799451047659063,-0.09898273979195164,0.06407519477287318,-0.047067872433164175,0.002033930766175059,,0,,,0,,cumulative_place,,,False,2.0,1.0,2.0,3,verified,winticket_line_prediction,provider_forecast_structure_only,2.3278500883035207,8.150896534953615,11.655950011500376,6,6,5,coverage_validated_cumulative_scores_uncalibrated,,unavailable,,0,0
2026-10-10,武雄,4,048420261010,1791592320,1791592020,7,6,11382,清水広幸,追,62.69,,,,,0.005501026366828103,0.0013862737933371685,0.030376750305383053,0.047689307998458164,position_specialists,0.0013862737933371685,False,,,S,0.0,0.0,0.0,0.0,-0.33107714725631,-0.046359011381367846,-0.18097799094358963,-0.047067872433164175,0.002033930766175059,,0,,,0,,cumulative_place,,,False,2.0,2.0,2.0,3,verified,winticket_line_prediction,provider_forecast_structure_only,0.13862737933371685,3.037675030538306,4.768930799845816,7,7,7,coverage_validated_cumulative_scores_uncalibrated,,unavailable,,0,0
2026-10-10,武雄,5,058420261010,1791593580,1791593280,1,3,13131,藤野一良,追,77.08,,,,,0.4025374934841201,0.4314274183483754,0.2592247527466903,0.1602004910574328,position_specialists,0.43142741834837534,False,,0.07265133908779114,C,0.5,0.6659999999999999,0.09,0.11,0.12328386834029473,0.26791553364223714,0.16481206118108144,-0.032659863237109045,0.000914439701593729,,0,,,0,,cumulative_place,,,False,3.0,2.0,3.0,3,verified,winticket_line_prediction,provider_forecast_structure_only,43.14274183483754,25.922475274669033,16.02004910574328,1,1,3,coverage_validated_cumulative_scores_uncalibrated,,unavailable,,0,0
2026-10-10,武雄,5,058420261010,1791593580,1791593280,2,7,15988,鴨下佳朋,逃,75.71,,,,,0.30345002198713783,0.35877607926058425,0.1967657372661241,0.10808095950023587,position_specialists,0.3587760792605842,False,,,C,0.523,0.619,0.28,0.09,0.15071218354059557,0.2572273371000378,0.07475514067292471,0.19595917942265423,0.0038012003281935394,,0,,,0,,cumulative_place,,,False,3.0,1.0,3.0,3,verified,winticket_line_prediction,provider_forecast_structure_only,35.877607926058424,19.67657372661241,10.808095950023587,2,3,6,coverage_validated_cumulative_scores_uncalibrated,,unavailable,,0,0
2026-10-10,武雄,5,058420261010,1791593580,1791593280,3,2,15215,照屋将貴,追,74.68,,,,,0.1517551513574434,0.10416554577211298,0.22563998659969575,0.19865541017801164,position_specialists,0.10416554577211297,False,,,C,0.4,0.55,0.18,0.09,0.12136379133591084,0.08619489554590473,0.044195090533301444,-0.032659863237109045,0.0015957869302321934,,0,,,0,,cumulative_place,,,False,1.0,2.0,3.0,3,verified,winticket_line_prediction,provider_forecast_structure_only,10.416554577211299,22.563998659969574,19.865541017801164,3,2,1,coverage_validated_cumulative_scores_uncalibrated,,unavailable,,0,0
2026-10-10,武雄,5,058420261010,1791593580,1791593280,4,4,15482,松本一志,逃,73.45,,,,,0.12392973372538607,0.10103611430442784,0.1683361235886202,0.18122459936824586,position_specialists,0.10103611430442783,False,,,C,0.516,0.58,0.13,0.08,0.08214139553984355,0.11744223087208974,0.18673728925168814,-0.032659863237109045,0.0010399510331850254,,0,,,0,,cumulative_place,,,False,1.0,1.0,3.0,3,verified,winticket_line_prediction,provider_forecast_structure_only,10.103611430442784,16.83361235886202,18.122459936824587,4,4,2,coverage_validated_cumulative_scores_uncalibrated,,unavailable,,0,0
2026-10-10,武雄,5,058420261010,1791593580,1791593280,5,1,14765,樫村伸平,追,69.62,,,,,0.009302445003952308,0.0025715894729281155,0.06465459558245862,0.1534395017258305,position_specialists,0.002571589472928115,False,,,C,0.175,0.235,0.02,0.02,-0.1502680518047644,-0.14469570602033346,-0.10657612277642356,-0.032659863237109045,3.5860380454656114e-05,,0,,,0,,cumulative_place,,,False,3.0,3.0,3.0,3,verified,winticket_line_prediction,provider_forecast_structure_only,0.2571589472928115,6.465459558245862,15.343950172583051,5,5,4,coverage_validated_cumulative_scores_uncalibrated,,unavailable,,0,0
2026-10-10,武雄,5,058420261010,1791593580,1791593280,6,5,12319,高尾剛文,追,69.17,,,,,0.004552675230709456,0.001207782350313148,0.04647343705576391,0.14333034160732852,position_specialists,0.0012077823503131478,False,,,C,0.04,0.24,0.06,0.34,-0.0881887266751131,-0.14469570602033346,-0.16688460810031355,-0.032659863237109045,0.0024743662513712662,,0,,,0,,cumulative_place,,,False,1.0,3.0,3.0,3,verified,winticket_line_prediction,provider_forecast_structure_only,0.1207782350313148,4.64734370557639,14.333034160732852,6,6,5,coverage_validated_cumulative_scores_uncalibrated,,unavailable,,0,0
2026-10-10,武雄,5,058420261010,1791593580,1791593280,7,6,13591,山本宏明,追,65.88,,,,,0.0044724792112508256,0.0008154704912582947,0.03890536716064705,0.055068696562914805,position_specialists,0.0008154704912582946,False,,,C,0.0,0.0,0.0,0.0,-0.23904446027676748,-0.19731943443091723,-0.19703885076225855,-0.032659863237109045,0.0017212982618234896,,0,,,0,,cumulative_place,,,False,2.0,1.0,1.0,3,verified,winticket_line_prediction,provider_forecast_structure_only,0.08154704912582947,3.890536716064705,5.506869656291481,7,7,7,coverage_validated_cumulative_scores_uncalibrated,,unavailable,,0,0
2026-10-10,武雄,6,068420261010,1791594840,1791594540,1,3,16008,久保田智之,逃,77.8,,,,,0.6314092491763902,0.6975759636068464,0.2735926626288627,0.16128785217606464,position_specialists,0.6975759636068465,False,,0.44123422779290045,S,0.59,0.6809999999999999,0.17,0.08,0.223324105550176,0.36077962611747416,0.05115244767771421,0.0,0.004342075588956489,,0,,,0,,cumulative_place,,0.0,False,1.0,1.0,3.0,4,verified,winticket_line_prediction,provider_forecast_structure_only,69.75759636068463,27.359266262886273,16.128785217606463,1,1,2,coverage_validated_cumulative_scores_uncalibrated,,unavailable,,0,0
2026-10-10,武雄,6,068420261010,1791594840,1791594540,2,1,14265,松永真太,追,77.62,,,,,0.2621868236364431,0.256341735813946,0.22229572559501587,0.11653029392196079,position_specialists,0.25634173581394604,False,,,S,0.555,0.74,0.12,0.12,0.12889281695429092,0.2130174655282434,0.1741285376858681,0.0,0.0013417572635402034,,0,,,0,,cumulative_place,,0.0,False,1.0,2.0,3.0,4,verified,winticket_line_prediction,provider_forecast_structure_only,25.6341735813946,22.229572559501587,11.653029392196078,2,2,6,coverage_validated_cumulative_scores_uncalibrated,,unavailable,,0,0
2026-10-10,武雄,6,068420261010,1791594840,1791594540,3,2,15110,小出慎也,逃,73.8,,,,,0.05415261266990624,0.028661872972612207,0.10977421279377457,0.12383220712852097,position_specialists,0.028661872972612214,False,,,S,0.433,0.5660000000000001,0.11,0.11,-0.011855636078140351,-0.006594503715519157,0.10748772622414261,0.0,0.001006317947655152,,0,,,0,,cumulative_place,,0.0,False,2.0,1.0,2.0,4,verified,winticket_line_prediction,provider_forecast_structure_only,2.8661872972612206,10.977421279377458,12.383220712852097,3,5,3,coverage_validated_cumulative_scores_uncalibrated,,unavailable,,0,0
2026-10-10,武雄,6,068420261010,1791594840,1791594540,4,5,15283,安本昇平,逃,71.5,,,,,0.026873224305659447,0.009704847114362047,0.12967791462433667,0.1183590539871808,position_specialists,0.009704847114362048,False,,,S,0.3329999999999999,0.5,0.04,0.19,0.005820430264931838,-0.1365382741414912,-0.009976672244618331,0.0,0.0004845234562784062,,0,,,0,,cumulative_place,,0.0,False,3.0,1.0,1.0,4,verified,winticket_line_prediction,provider_forecast_structure_only,0.9704847114362046,12.967791462433667,11.83590539871808,4,3,5,coverage_validated_cumulative_scores_uncalibrated,,unavailable,,0,0
2026-10-10,武雄,6,068420261010,1791594840,1791594540,5,4,15270,元砂海人,両,71.92,,,,,0.01337847352273555,0.004354687706512933,0.11627305427414246,0.12229456672258496,position_specialists,0.0043546877065129335,False,,,S,0.152,0.384,0.21,0.08,-0.03558265930173686,0.023764125917307467,-0.1839523686521702,0.0,0.001136766570499338,,0,,,0,,cumulative_place,,0.0,False,2.0,2.0,2.0,4,verified,winticket_line_prediction,provider_forecast_structure_only,0.43546877065129325,11.627305427414246,12.229456672258495,5,4,4,coverage_validated_cumulative_scores_uncalibrated,,unavailable,,0,0
2026-10-10,武雄,6,068420261010,1791594840,1791594540,6,7,14686,秋永昂人,追,70.57,,,,,0.008591504913455318,0.002622129424066339,0.09584701269706543,0.2963540253654457,position_specialists,0.0026221294240663393,False,,,S,0.23,0.346,0.04,0.31,-0.09711885264641638,-0.08391454573090741,-0.06506604245047037,0.0,0.0012672151933435245,,0,,,0,,cumulative_place,,1.0,False,1.0,3.0,3.0,4,verified,winticket_line_prediction,provider_forecast_structure_only,0.2622129424066339,9.584701269706542,29.635402536544568,6,6,1,coverage_validated_cumulative_scores_uncalibrated,,unavailable,,0,0
2026-10-10,武雄,6,068420261010,1791594840,1791594540,7,6,13505,住村実,追,68.0,,,,,0.003408111775410137,0.000738763361654105,0.05253941738680239,0.06134200069824204,position_specialists,0.0007387633616541052,False,,,S,0.23,0.307,0.09,0.0,-0.21348020474310517,-0.18106847169700555,-0.0737736282404661,0.0,0.0017890096847202701,,0,,,0,,cumulative_place,,0.0,False,4.0,1.0,1.0,4,verified,winticket_line_prediction,provider_forecast_structure_only,0.0738763361654105,5.253941738680239,6.134200069824204,7,7,7,coverage_validated_cumulative_scores_uncalibrated,,unavailable,,0,0
2026-10-10,武雄,7,078420261010,1791596100,1791595800,1,2,16023,滿田光紀,逃,79.5,,,,,0.8475353537160243,0.8935111936788772,0.22302657512782875,0.29340487709085805,position_specialists,0.8935111936788772,False,,0.8117415238513269,S,0.6659999999999999,0.857,0.11,0.16,0.2527452006481091,0.3858445433482381,0.1555178046598282,-0.05036015126000693,0.00432243304154801,,0,,,0,,cumulative_place,,,False,1.0,1.0,3.0,3,verified,winticket_line_prediction,provider_forecast_structure_only,89.35111936788772,22.30265751278288,29.340487709085807,1,2,1,coverage_validated_cumulative_scores_uncalibrated,,unavailable,,0,0
2026-10-10,武雄,7,078420261010,1791596100,1791595800,2,5,14829,桜井雄太,逃,75.53,,,,,0.08342666128825192,0.0817696698275503,0.19206413744274395,0.1181697149865111,position_specialists,0.0817696698275503,False,,,S,0.565,0.6659999999999999,0.18,0.1,0.12616032514127246,0.10033064517730876,0.23775860235303725,0.11145279377214648,0.001356057424799376,,0,,,0,,cumulative_place,,,False,3.0,1.0,2.0,3,verified,winticket_line_prediction,provider_forecast_structure_only,8.17696698275503,19.2064137442744,11.81697149865111,2,3,3,coverage_validated_cumulative_scores_uncalibrated,,unavailable,,0,0
2026-10-10,武雄,7,078420261010,1791596100,1791595800,3,7,12832,仙石淳,追,72.38,,,,,0.03170110868921837,0.012736072550220781,0.33471491756418315,0.27033120314275816,position_specialists,0.012736072550220781,False,,,S,0.095,0.428,0.14,0.14,-0.007536788199926581,0.03874881431952083,-0.1737393998745369,0.14034796252788814,0.0013560574247993755,,0,,,0,,cumulative_place,,,False,1.0,2.0,3.0,3,verified,winticket_line_prediction,provider_forecast_structure_only,1.273607255022078,33.471491756418324,27.033120314275816,3,1,2,coverage_validated_cumulative_scores_uncalibrated,,unavailable,,0,0
2026-10-10,武雄,7,078420261010,1791596100,1791595800,4,4,14652,原清孝,両,70.37,,,,,0.011318206297923659,0.00421328338963612,0.06807285356458066,0.11136819748657997,position_specialists,0.00421328338963612,False,,,S,0.4579999999999999,0.541,0.0,0.22,0.023884015696472007,-0.12229013914606972,0.07051311329143123,-0.05036015126000693,0.0015255646028992978,,0,,,0,,cumulative_place,,,False,1.0,3.0,3.0,3,verified,winticket_line_prediction,provider_forecast_structure_only,0.421328338963612,6.807285356458068,11.136819748657997,4,5,4,coverage_validated_cumulative_scores_uncalibrated,,unavailable,,0,0
2026-10-10,武雄,7,078420261010,1791596100,1791595800,5,3,13264,山中貴雄,追,71.66,,,,,0.009164930319542356,0.003214450046053066,0.08395916645217336,0.08499292912437328,position_specialists,0.003214450046053066,False,,,S,0.2,0.4,0.21,0.12,-0.03688739945861845,0.0061186545285575,-0.06518272735632885,-0.05036015126000693,0.0009322894795495707,,0,,,0,,cumulative_place,,,False,3.0,2.0,2.0,3,verified,winticket_line_prediction,provider_forecast_structure_only,0.3214450046053066,8.395916645217337,8.499292912437328,5,4,5,coverage_validated_cumulative_scores_uncalibrated,,unavailable,,0,0
2026-10-10,武雄,7,078420261010,1791596100,1791595800,6,6,15549,阿部龍也,逃,69.09,,,,,0.010661206256066848,0.0030754030032047095,0.047584820181328084,0.05530513417338468,position_specialists,0.0030754030032047095,False,,,S,0.284,0.428,0.13,0.13,-0.1462759467377813,-0.005717374143322116,-0.0511279931988941,-0.05036015126000693,0.00033901435619984377,,0,,,0,,cumulative_place,,,False,2.0,1.0,2.0,3,verified,winticket_line_prediction,provider_forecast_structure_only,0.30754030032047097,4.758482018132809,5.530513417338468,6,7,7,coverage_validated_cumulative_scores_uncalibrated,,unavailable,,0,0
2026-10-10,武雄,7,078420261010,1791596100,1791595800,7,1,13735,井上剛,追,71.27,,,,,0.006192533432972443,0.0014799275044579336,0.05057752966716196,0.06642794399553478,position_specialists,0.0014799275044579336,False,,,S,0.111,0.3879999999999999,0.15,0.21,-0.21208940708952745,-0.034669045210146694,-0.1737393998745369,-0.05036015126000693,0.0015255646028992978,,0,,,0,,cumulative_place,,,False,2.0,2.0,2.0,3,verified,winticket_line_prediction,provider_forecast_structure_only,0.14799275044579335,5.057752966716197,6.642794399553479,7,6,6,coverage_validated_cumulative_scores_uncalibrated,,unavailable,,0,0
2026-10-10,弥彦,1,012120261010,1791596700,1791596400,1,1,14744,和田真久留,両,111.15,,,,,0.2644644674982007,0.25206663712690813,0.10363725674123428,0.1322370163153195,position_specialists,0.25206663712690813,False,,0.03530823725274998,C,0.25,0.35,0.07,0.11,-0.05651632410722201,0.06540396892349276,-0.06361910411132027,0.1550715979205656,0.0,,0,,,0,,cumulative_place,,,False,2.0,1.0,2.0,4,verified,winticket_line_prediction,provider_forecast_structure_only,25.206663712690812,10.36372567412343,13.223701631531952,1,6,5,coverage_validated_cumulative_scores_uncalibrated,,unavailable,,0,0
2026-10-10,弥彦,1,012120261010,1791596700,1791596400,2,7,14020,松坂洋平,両,106.83,,,,,0.11805837732361057,0.21675839987415815,0.12613146542362402,0.1149543946857348,position_specialists,0.21675839987415815,False,,,C,0.419,0.516,0.2,0.2,0.15151187736404645,0.32869569103554724,0.22998004761389237,0.07557286734103513,0.0,,0,,,0,,cumulative_place,,,False,2.0,2.0,2.0,4,verified,winticket_line_prediction,provider_forecast_structure_only,21.675839987415817,12.613146542362404,11.495439468573482,2,4,6,coverage_validated_cumulative_scores_uncalibrated,,unavailable,,0,0
2026-10-10,弥彦,1,012120261010,1791596700,1791596400,3,9,15718,棚瀬義大,逃,106.91,,,,,0.16690517820854592,0.18507035793429225,0.14136381304314485,0.13382807715819256,position_specialists,0.18507035793429225,False,,,C,0.6,0.68,0.22,0.16,0.16167164320947566,0.11220956325459727,0.07963072750013167,-0.0657582092447968,0.0,,0,,,0,,cumulative_place,,,False,4.0,1.0,2.0,4,verified,winticket_line_prediction,provider_forecast_structure_only,18.507035793429225,14.136381304314487,13.382807715819258,3,3,4,coverage_validated_cumulative_scores_uncalibrated,,unavailable,,0,0
2026-10-10,弥彦,1,012120261010,1791596700,1791596400,4,2,13917,成田和也,追,108.37,,,,,0.16959902941565907,0.11688096895310271,0.19010672141395302,0.17162121528325386,position_specialists,0.11688096895310271,False,,,C,0.222,0.3879999999999999,0.21,0.15,0.06828837487400954,-0.02234626644773618,-0.10031899807697184,-0.0657582092447968,0.0,,0,,,0,,cumulative_place,,,False,1.0,2.0,3.0,4,verified,winticket_line_prediction,provider_forecast_structure_only,11.68809689531027,19.010672141395304,17.16212152832539,4,1,1,coverage_validated_cumulative_scores_uncalibrated,,unavailable,,0,0
2026-10-10,弥彦,1,012120261010,1791596700,1791596400,5,3,14038,橋本強,追,109.93,,,,,0.11065722705187452,0.10673746333825773,0.11113900664707431,0.14093542176366217,position_specialists,0.10673746333825773,False,,,C,0.294,0.47,0.17,0.11,0.045176393581188946,0.09466771938002498,-0.06361910411132027,0.07557286734103513,0.0,,0,,,0,,cumulative_place,,,False,3.0,2.0,2.0,4,verified,winticket_line_prediction,provider_forecast_structure_only,10.673746333825774,11.113900664707433,14.093542176366219,5,5,2,coverage_validated_cumulative_scores_uncalibrated,,unavailable,,0,0
2026-10-10,弥彦,1,012120261010,1791596700,1791596400,6,5,12596,志智俊夫,追,107.24,,,,,0.08246739902545103,0.06765563085763972,0.18148699268837792,0.13985186860309434,position_specialists,0.06765563085763972,False,,,C,0.28,0.4,0.24,0.1,-0.08282052713115497,0.18827890804223385,0.0097806838199829,-0.0657582092447968,0.0,,0,,,0,,cumulative_place,,,False,4.0,2.0,2.0,4,verified,winticket_line_prediction,provider_forecast_structure_only,6.765563085763972,18.148699268837795,13.985186860309437,6,2,3,coverage_validated_cumulative_scores_uncalibrated,,unavailable,,0,0
2026-10-10,弥彦,1,012120261010,1791596700,1791596400,7,4,14348,坂本貴史,両,101.57,,,,,0.04615527051370676,0.03134158576994061,0.05839367252387158,0.06253054989544107,position_specialists,0.03134158576994061,False,,,C,0.345,0.423,0.17,0.16,0.0627849550136152,-0.12181840840092505,0.05502166837505552,0.022573713621348156,0.0,,0,,,0,,cumulative_place,,,False,1.0,1.0,3.0,4,verified,winticket_line_prediction,provider_forecast_structure_only,3.1341585769940608,5.8393672523871585,6.2530549895441085,7,8,7,coverage_validated_cumulative_scores_uncalibrated,,unavailable,,0,0
2026-10-10,弥彦,1,012120261010,1791596700,1791596400,8,8,15730,黒瀬浩太郎,逃,100.09,,,,,0.03760727692966617,0.022477030002893344,0.061097940470584595,0.061619331839764854,position_specialists,0.022477030002893344,False,,,C,0.38,0.428,0.16,0.06,-0.20624937114728803,0.13561236042014946,0.06356275896447655,-0.0657582092447968,0.0,,0,,,0,,cumulative_place,,,False,3.0,1.0,2.0,4,verified,winticket_line_prediction,provider_forecast_structure_only,2.2477030002893343,6.10979404705846,6.161933183976486,8,7,8,coverage_validated_cumulative_scores_uncalibrated,,unavailable,,0,0
2026-10-10,弥彦,1,012120261010,1791596700,1791596400,9,6,14440,渡辺正光,追,96.45,,,,,0.004085774033285291,0.0010119261428073424,0.026643131048135458,0.04242212445553675,position_specialists,0.0010119261428073424,False,,,C,0.04,0.2,0.0,0.33,-0.14384702165667226,-0.2961712980842075,-0.2104186799739266,-0.0657582092447968,0.0,,0,,,0,,cumulative_place,,,False,1.0,3.0,3.0,4,verified,winticket_line_prediction,provider_forecast_structure_only,0.10119261428073424,2.664313104813546,4.242212445553676,9,9,9,coverage_validated_cumulative_scores_uncalibrated,,unavailable,,0,0
2026-10-10,富山,1,014620261010,1791597420,1791597120,1,5,15752,石川航大,逃,90.5,,,,,0.49632763463033047,0.5966362810053587,0.22550820763605367,0.1933506459860631,position_specialists,0.5966362810053588,False,,0.37522143505566324,A,0.541,0.708,0.14,0.14,0.21670174551135032,0.04464748986079613,0.16901358662459037,0.11345650838689599,0.0005763750338156004,,0,,,0,,cumulative_place,,,False,3.0,1.0,3.0,3,verified,winticket_line_prediction,provider_forecast_structure_only,59.663628100535874,22.550820763605362,19.335064598606312,1,2,1,coverage_validated_cumulative_scores_uncalibrated,,unavailable,,0,0
2026-10-10,富山,1,014620261010,1791597420,1791597120,2,3,15212,山口龍也,追,89.45,,,,,0.2873831252088082,0.22141484594969552,0.2784177747421969,0.17595013326832393,position_specialists,0.22141484594969557,False,,,A,0.4,0.5,0.08,0.08,0.009850079341424884,0.1277754748384202,0.12785127874418217,-0.07925270806437588,0.0020674321865124796,,0,,,0,,cumulative_place,,,False,3.0,2.0,3.0,3,verified,winticket_line_prediction,provider_forecast_structure_only,22.14148459496955,27.841777474219686,17.595013326832394,2,1,3,coverage_validated_cumulative_scores_uncalibrated,,unavailable,,0,0
2026-10-10,富山,1,014620261010,1791597420,1791597120,3,2,15888,水澤秀哉,逃,88.16,,,,,0.15366652965792896,0.1590889595265247,0.14346657398348273,0.1227828402060025,position_specialists,0.15908895952652471,False,,,A,0.3329999999999999,0.541,0.13,0.12,0.05581711626807492,0.3700262265758925,0.00423987218609681,0.11345650838689599,0.0034707800949330715,,0,,,0,,cumulative_place,,,False,1.0,1.0,2.0,3,verified,winticket_line_prediction,provider_forecast_structure_only,15.908895952652468,14.346657398348269,12.27828402060025,3,3,5,coverage_validated_cumulative_scores_uncalibrated,,unavailable,,0,0
2026-10-10,富山,1,014620261010,1791597420,1791597120,4,4,11800,三住博昭,追,82.34,,,,,0.019858967771245118,0.009152587875661566,0.08767062965575075,0.10838262253970583,position_specialists,0.009152587875661568,False,,,A,0.205,0.31,0.13,0.07,0.009850079341424884,0.04643079065964608,0.030856433520325036,-0.07925270806437588,0.0003884266532235568,,0,,,0,,cumulative_place,,,False,1.0,2.0,2.0,3,verified,winticket_line_prediction,provider_forecast_structure_only,0.9152587875661566,8.767062965575073,10.838262253970584,4,6,6,coverage_validated_cumulative_scores_uncalibrated,,unavailable,,0,0
2026-10-10,富山,1,014620261010,1791597420,1791597120,5,6,15831,三木健正,逃,81.9,,,,,0.02063767594610568,0.006424308040004767,0.07451683032119318,0.09092256909515903,position_specialists,0.006424308040004769,False,,,A,0.095,0.428,0.18,0.2,-0.17401806836517547,0.003975147771409067,-0.1511869250562017,0.014182063548361991,0.002318030027301871,,0,,,0,,cumulative_place,,,False,2.0,1.0,2.0,3,verified,winticket_line_prediction,provider_forecast_structure_only,0.6424308040004767,7.451683032119316,9.092256909515903,5,7,7,coverage_validated_cumulative_scores_uncalibrated,,unavailable,,0,0
2026-10-10,富山,1,014620261010,1791597420,1791597120,6,1,13349,三宅旬,追,83.29,,,,,0.011481318163849372,0.004153184075737717,0.09076666454589173,0.12331314110007226,position_specialists,0.004153184075737718,False,,,A,0.166,0.25,0.15,0.07,-0.036116957585225255,-0.05525006456382152,-0.0661384117035321,-0.07925270806437588,0.001791774561644149,,0,,,0,,cumulative_place,,,False,2.0,2.0,2.0,3,verified,winticket_line_prediction,provider_forecast_structure_only,0.4153184075737717,9.076666454589171,12.331314110007225,6,5,4,coverage_validated_cumulative_scores_uncalibrated,,unavailable,,0,0
2026-10-10,富山,1,014620261010,1791597420,1791597120,7,7,14687,井上将志,両,81.95,,,,,0.010644748621732127,0.003129833527016917,0.09965331911543113,0.18529804780467335,position_specialists,0.003129833527016918,False,,,A,0.125,0.291,0.0,0.09,-0.0820839945118754,-0.1692389662682559,-0.11463583431546066,-0.0033369561290263606,0.0016163560730915747,,0,,,0,,cumulative_place,,,False,3.0,3.0,3.0,3,verified,winticket_line_prediction,provider_forecast_structure_only,0.3129833527016917,9.96533191154311,18.529804780467334,7,4,2,coverage_validated_cumulative_scores_uncalibrated,,unavailable,,0,0
2026-10-10,弥彦,2,022120261010,1791598140,1791597840,1,7,13140,小倉竜二,追,110.28,,,,,0.19147550152712556,0.2584824413897747,0.15476648626173245,0.16560255363957946,position_specialists,0.2584824413897747,False,,0.04039478989257225,C,0.423,0.653,0.21,0.14,0.15919120666449552,0.11155511247792081,0.2013288329886776,-0.06820432963880536,0.0005840116665270975,,0,,,0,,cumulative_place,,,False,2.0,2.0,2.0,4,verified,winticket_line_prediction,provider_forecast_structure_only,25.84824413897747,15.476648626173247,16.560255363957946,1,3,1,coverage_validated_cumulative_scores_uncalibrated,,unavailable,,0,0
2026-10-10,弥彦,2,022120261010,1791598140,1791597840,2,3,13162,佐藤慎太郎,追,111.05,,,,,0.2770104372436039,0.21808765149720247,0.1860102924405433,0.10754822446935972,position_specialists,0.21808765149720247,False,,,C,0.2769999999999999,0.5,0.29,0.25,0.09119635928636965,-0.011243750793715137,-0.07104588291888299,-0.06820432963880536,0.0017969589739295312,,0,,,0,,cumulative_place,,,False,1.0,2.0,3.0,4,verified,winticket_line_prediction,provider_forecast_structure_only,21.808765149720248,18.60102924405433,10.754822446935972,2,2,4,coverage_validated_cumulative_scores_uncalibrated,,unavailable,,0,0
2026-10-10,弥彦,2,022120261010,1791598140,1791597840,3,9,15789,山崎歩夢,逃,108.4,,,,,0.13554247744725798,0.1691982642913514,0.18987415262875706,0.15734076485863108,position_specialists,0.1691982642913514,False,,,C,0.36,0.52,0.12,0.07,-0.13171782194005283,0.36588572303492645,0.022224200411617157,0.17278430175164022,0.0048742512167838535,,0,,,0,,cumulative_place,,,False,1.0,1.0,3.0,4,verified,winticket_line_prediction,provider_forecast_structure_only,16.91982642913514,18.98741526287571,15.734076485863108,3,1,2,coverage_validated_cumulative_scores_uncalibrated,,unavailable,,0,0
2026-10-10,弥彦,2,022120261010,1791598140,1791597840,4,1,15731,西田優大,逃,109.46,,,,,0.12367446482414975,0.13579015430448155,0.1196045466115216,0.15242057178313745,position_specialists,0.13579015430448155,False,,,C,0.344,0.517,0.16,0.15,0.130812369462729,-0.0025108667799815447,0.11657936397910498,-0.013640865927761084,0.00038185378196002503,,0,,,0,,cumulative_place,,,False,2.0,1.0,2.0,4,verified,winticket_line_prediction,provider_forecast_structure_only,13.579015430448155,11.960454661152163,15.242057178313745,4,4,3,coverage_validated_cumulative_scores_uncalibrated,,unavailable,,0,0
2026-10-10,弥彦,2,022120261010,1791598140,1791597840,5,5,13730,東口善朋,追,110.18,,,,,0.08737545537217375,0.07564975052845198,0.08173262545512534,0.08877439171153152,position_specialists,0.07564975052845198,False,,,C,0.312,0.5,0.16,0.21,0.1548869406515146,0.050155680842102854,-0.07104588291888299,-0.06820432963880536,0.0009883274356612419,,0,,,0,,cumulative_place,,,False,4.0,2.0,2.0,4,verified,winticket_line_prediction,provider_forecast_structure_only,7.564975052845198,8.173262545512536,8.877439171153153,5,6,7,coverage_validated_cumulative_scores_uncalibrated,,unavailable,,0,0
2026-10-10,弥彦,2,022120261010,1791598140,1791597840,6,2,14507,長島大介,両,108.5,,,,,0.08319903461447092,0.06929056962403579,0.06917406161784297,0.08646900524618666,position_specialists,0.06929056962403579,False,,,C,0.272,0.409,0.19,0.11,-0.08007804399062061,0.18830440202269336,-0.025650096934289546,-0.013640865927761084,0.00042677775630826415,,0,,,0,,cumulative_place,,,False,3.0,2.0,2.0,4,verified,winticket_line_prediction,provider_forecast_structure_only,6.929056962403579,6.917406161784298,8.646900524618665,6,7,8,coverage_validated_cumulative_scores_uncalibrated,,unavailable,,0,0
2026-10-10,弥彦,2,022120261010,1791598140,1791597840,7,8,15822,谷内健太,逃,106.45,,,,,0.06626959791245735,0.05717449161149399,0.09754640190609187,0.1026912557628998,position_specialists,0.05717449161149399,False,,,C,0.3329999999999999,0.583,0.24,0.17,-0.11278247574483838,0.12028799649165442,0.030590639288875676,0.08184519556656643,0.000628935640875336,,0,,,0,,cumulative_place,,,False,4.0,1.0,2.0,4,verified,winticket_line_prediction,provider_forecast_structure_only,5.717449161149399,9.754640190609189,10.26912557628998,7,5,6,coverage_validated_cumulative_scores_uncalibrated,,unavailable,,0,0
2026-10-10,弥彦,2,022120261010,1791598140,1791597840,8,4,13532,佐々木雄一,追,106.94,,,,,0.025066700226442182,0.013080131776198952,0.06443629047840431,0.10330697909258484,position_specialists,0.013080131776198952,False,,,C,0.315,0.421,0.0,0.14,-0.13516009332980367,-0.22794218702976143,-0.025650096934289546,0.04546955309253689,0.00042677775630826415,,0,,,0,,cumulative_place,,,False,1.0,3.0,3.0,4,verified,winticket_line_prediction,provider_forecast_structure_only,1.3080131776198953,6.443629047840432,10.330697909258484,8,8,5,coverage_validated_cumulative_scores_uncalibrated,,unavailable,,0,0
2026-10-10,弥彦,2,022120261010,1791598140,1791597840,9,6,15420,梁島邦友,逃,96.25,,,,,0.01038633083231854,0.0032465449770091295,0.03685514259998102,0.03584625343608947,position_specialists,0.0032465449770091295,False,,,C,0.095,0.142,0.14,0.14,-0.07634844105979309,-0.10995987214266302,-0.17733107696193023,-0.06820432963880536,0.0026055905121978203,,0,,,0,,cumulative_place,,,False,3.0,1.0,2.0,4,verified,winticket_line_prediction,provider_forecast_structure_only,0.3246544977009129,3.685514259998102,3.584625343608947,9,9,9,coverage_validated_cumulative_scores_uncalibrated,,unavailable,,0,0
2026-10-10,富山,2,024620261010,1791598860,1791598560,1,2,14845,表原周,追,85.85,,,,,0.35912018685053576,0.5410651558162962,0.25982875541998524,0.2051610356888798,position_specialists,0.5410651558162961,False,,0.22568882009180363,A,0.38,0.523,0.16,0.16,0.23814770171091032,0.2810805108254345,0.2208593336674284,0.0915257523912551,0.0009855951163663958,,0,,,0,,cumulative_place,,,False,2.0,1.0,2.0,3,verified,winticket_line_prediction,provider_forecast_structure_only,54.10651558162962,25.982875541998524,20.516103568887978,1,1,1,coverage_validated_cumulative_scores_uncalibrated,,unavailable,,0,0
2026-10-10,富山,2,024620261010,1791598860,1791598560,2,3,15526,梅田加津也,逃,86.4,,,,,0.3030101373320417,0.31537633572449253,0.11442221517960194,0.08691630043033194,position_specialists,0.3153763357244925,False,,,A,0.406,0.518,0.16,0.15,0.06267044781866069,0.07315861600953097,0.1360560924372538,0.15559377906513366,0.0028253726669170004,,0,,,0,,cumulative_place,,,False,1.0,1.0,2.0,3,verified,winticket_line_prediction,provider_forecast_structure_only,31.537633572449252,11.442221517960194,8.691630043033191,2,4,7,coverage_validated_cumulative_scores_uncalibrated,,unavailable,,0,0
2026-10-10,富山,2,024620261010,1791598860,1791598560,3,5,14479,金子浩貴,追,83.25,,,,,0.1443470772380799,0.07243583328878007,0.18085774379547429,0.18039413542282462,position_specialists,0.07243583328878006,False,,,A,0.166,0.416,0.07,0.15,-0.007520453738239245,0.04261358649375336,0.024587993360826357,-0.04942390629127776,0.0008541824341842092,,0,,,0,,cumulative_place,,,False,3.0,2.0,3.0,3,verified,winticket_line_prediction,provider_forecast_structure_only,7.243583328878008,18.085774379547427,18.039413542282457,3,2,2,coverage_validated_cumulative_scores_uncalibrated,,unavailable,,0,0
2026-10-10,富山,2,024620261010,1791598860,1791598560,4,4,14823,渡辺聖,追,81.58,,,,,0.07015633341607348,0.02934637236286298,0.16622196717527912,0.15405823821124362,position_specialists,0.029346372362862975,False,,,A,0.166,0.25,0.09,0.09,-0.09525908068436408,0.07033650580254054,0.024587993360826357,-0.04942390629127776,0.0010841546280030347,,0,,,0,,cumulative_place,,,False,1.0,2.0,2.0,3,verified,winticket_line_prediction,provider_forecast_structure_only,2.934637236286298,16.622196717527913,15.405823821124358,4,3,3,coverage_validated_cumulative_scores_uncalibrated,,unavailable,,0,0
2026-10-10,富山,2,024620261010,1791598860,1791598560,5,6,15906,林佳宗依,逃,80.38,,,,,0.07160608598794409,0.026064275998477545,0.09848296871497815,0.10120018588177478,position_specialists,0.02606427599847754,False,,,A,0.142,0.285,0.18,0.11,-0.11280680607358899,0.19791175289907312,-0.10580627592609332,-0.04942390629127776,0.0025954004730981755,,0,,,0,,cumulative_place,,,False,3.0,1.0,3.0,3,verified,winticket_line_prediction,provider_forecast_structure_only,2.6064275998477546,9.848296871497816,10.120018588177476,5,6,6,coverage_validated_cumulative_scores_uncalibrated,,unavailable,,0,0
2026-10-10,富山,2,024620261010,1791598860,1791598560,6,7,14192,野本翔太,追,82.38,,,,,0.03537515917472545,0.011340330093289587,0.10773078806704207,0.15384875962620875,position_specialists,0.011340330093289585,False,,,A,0.166,0.222,0.17,0.17,-0.07771135529513902,-0.10986246970457583,-0.09189904784647172,-0.04942390629127776,0.002693959984734814,,0,,,0,,cumulative_place,,,False,2.0,2.0,2.0,3,verified,winticket_line_prediction,provider_forecast_structure_only,1.1340330093289588,10.773078806704207,15.384875962620871,6,5,4,coverage_validated_cumulative_scores_uncalibrated,,unavailable,,0,0
2026-10-10,富山,2,024620261010,1791598860,1791598560,7,1,12684,四宮哲郎,追,82.14,,,,,0.016385020000599618,0.004371696715801162,0.07245556164763914,0.11842134473873653,position_specialists,0.004371696715801161,False,,,A,0.095,0.238,0.07,0.21,-0.007520453738239245,-0.18687240345166997,-0.20838608905376982,-0.04942390629127776,0.0017740712094595115,,0,,,0,,cumulative_place,,,False,3.0,3.0,3.0,3,verified,winticket_line_prediction,provider_forecast_structure_only,0.43716967158011616,7.245556164763914,11.842134473873651,7,7,5,coverage_validated_cumulative_scores_uncalibrated,,unavailable,,0,0
2026-10-10,弥彦,3,032120261010,1791599580,1791599280,1,2,15051,簗田一輝,両,112.31,,,,,0.29703094082716464,0.39732598525276286,0.1345418395881234,0.1038479000315292,position_specialists,0.39732598525276297,False,,0.2095621729898571,A,0.421,0.631,0.24,0.13,0.20611853023162927,0.112097995182366,0.056800566046477076,-0.020466617569939404,0.0010834726777719217,,0,,,0,,cumulative_place,,,False,1.0,2.0,2.0,5,verified,winticket_line_prediction,provider_forecast_structure_only,39.73259852527629,13.454183958812337,10.38479000315292,1,3,5,coverage_validated_cumulative_scores_uncalibrated,,unavailable,,0,0
2026-10-10,弥彦,3,032120261010,1791599580,1791599280,2,3,14861,金子幸央,両,110.11,,,,,0.1438332787931752,0.1877638122629058,0.12526041851788283,0.1426241671472498,position_specialists,0.18776381226290587,False,,,A,0.3329999999999999,0.5,0.21,0.25,0.08806278505332557,0.2005039966705819,-0.018434585495043912,0.18215289637246063,0.004333890711087692,,0,,,0,,cumulative_place,,,False,3.0,2.0,2.0,5,verified,winticket_line_prediction,provider_forecast_structure_only,18.77638122629058,12.52604185178828,14.26241671472498,2,4,2,coverage_validated_cumulative_scores_uncalibrated,,unavailable,,0,0
2026-10-10,弥彦,3,032120261010,1791599580,1791599280,3,5,15649,後藤大輝,逃,108.33,,,,,0.09689677147602965,0.07731015396429795,0.11675838574687412,0.0972305482770754,position_specialists,0.07731015396429797,False,,,A,0.57,0.619,0.2,0.07,0.010300321388854346,0.029962780397542924,-0.046616291515736374,0.007163316149478785,0.0014446302370292314,,0,,,0,,cumulative_place,,,False,5.0,1.0,2.0,5,verified,winticket_line_prediction,provider_forecast_structure_only,7.731015396429795,11.675838574687411,9.723054827707541,3,5,8,coverage_validated_cumulative_scores_uncalibrated,,unavailable,,0,0
2026-10-10,弥彦,3,032120261010,1791599580,1791599280,4,9,13894,園田匠,追,109.2,,,,,0.1121022344491073,0.07124558118190294,0.1518390235486541,0.1374520862975458,position_specialists,0.07124558118190295,False,,,A,0.147,0.3329999999999999,0.14,0.18,-0.028208446506113278,-0.07944834137543522,-0.10886387154455496,0.020978283009187877,0.002889260474058459,,0,,,0,,cumulative_place,,,False,5.0,2.0,2.0,5,verified,winticket_line_prediction,provider_forecast_structure_only,7.1245581181902935,15.183902354865408,13.745208629754579,4,1,3,coverage_validated_cumulative_scores_uncalibrated,,unavailable,,0,0
2026-10-10,弥彦,3,032120261010,1791599580,1791599280,5,8,15096,大石剣士,逃,105.44,,,,,0.06788417793661518,0.06931232532742895,0.10312064022167326,0.1032801581929481,position_specialists,0.06931232532742897,False,,,A,0.466,0.5660000000000001,0.19,0.13,-0.03580913450228123,0.1036344483043895,0.1783536421103974,0.0578181946350788,0.0014446302370292314,,0,,,0,,cumulative_place,,,False,1.0,1.0,2.0,5,verified,winticket_line_prediction,provider_forecast_structure_only,6.931232532742896,10.312064022167325,10.32801581929481,5,6,6,coverage_validated_cumulative_scores_uncalibrated,,unavailable,,0,0
2026-10-10,弥彦,3,032120261010,1791599580,1791599280,6,1,14103,村田雅一,追,109.35,,,,,0.12535006580386412,0.06808810251405358,0.14429907993217012,0.15969898081487224,position_specialists,0.06808810251405359,False,,,A,0.187,0.437,0.17,0.16,-0.03598469287256037,-0.06471400779406589,-0.15027998094231296,-0.09414644082172123,0.0010834726777719217,,0,,,0,,cumulative_place,,,False,2.0,2.0,2.0,5,verified,winticket_line_prediction,provider_forecast_structure_only,6.808810251405357,14.429907993217007,15.969898081487225,6,2,1,coverage_validated_cumulative_scores_uncalibrated,,unavailable,,0,0
2026-10-10,弥彦,3,032120261010,1791599580,1791599280,7,7,14873,三谷竜生,両,108.73,,,,,0.08582811095304788,0.06451957075227781,0.09834227849187344,0.09966562433853159,position_specialists,0.06451957075227782,False,,,A,0.428,0.523,0.14,0.04,-0.06622565096429921,-0.08791188825341165,0.07959176780846214,-0.011256639663466676,1.002413594512218e-18,,0,,,0,,cumulative_place,,,False,2.0,1.0,2.0,5,verified,winticket_line_prediction,provider_forecast_structure_only,6.451957075227781,9.834227849187341,9.96656243385316,7,7,7,coverage_validated_cumulative_scores_uncalibrated,,unavailable,,0,0
2026-10-10,弥彦,3,032120261010,1791599580,1791599280,8,4,13920,山崎芳仁,追,106.56,,,,,0.055622357963499555,0.05902586343353448,0.07954351089086863,0.11014436000738514,position_specialists,0.05902586343353449,False,,,A,0.32,0.4,0.0,0.0,0.08065900262414644,0.3203869292039053,0.056800566046477076,-0.09414644082172123,0.0010834726777719217,,0,,,0,,cumulative_place,,,False,4.0,1.0,1.0,5,verified,winticket_line_prediction,provider_forecast_structure_only,5.902586343353447,7.9543510890868605,11.014436000738515,8,8,4,coverage_validated_cumulative_scores_uncalibrated,,unavailable,,0,0
2026-10-10,弥彦,3,032120261010,1791599580,1791599280,9,6,15608,山口多聞,逃,99.0,,,,,0.01545206179749645,0.0054086053108354185,0.04629482306188011,0.04605617489286276,position_specialists,0.005408605310835419,False,,,A,0.178,0.178,0.13,0.08,-0.21891271445270177,-0.10264622183478093,-0.047351812514165564,-0.04809655128935758,0.0010834726777719217,,0,,,0,,cumulative_place,,,False,3.0,1.0,2.0,5,verified,winticket_line_prediction,provider_forecast_structure_only,0.5408605310835418,4.62948230618801,4.605617489286276,9,9,9,coverage_validated_cumulative_scores_uncalibrated,,unavailable,,0,0
2026-10-10,富山,3,034620261010,1791600300,1791600000,1,5,15922,中田拓也,逃,90.95,,,,,0.3831989794586537,0.5211779440706783,0.18040648881468366,0.16555956241298356,position_specialists,0.5211779440706783,False,,0.13134798920030943,B,0.541,0.833,0.28,0.15,0.15500755511635866,0.31075001650233486,0.06510285055067945,0.17385152083719368,0.004299544643609928,,0,,,0,,cumulative_place,,0.0,False,3.0,1.0,3.0,4,verified,winticket_line_prediction,provider_forecast_structure_only,52.117794407067834,18.040648881468368,16.555956241298357,1,3,2,coverage_validated_cumulative_scores_uncalibrated,,unavailable,,0,0
2026-10-10,富山,3,034620261010,1791600300,1791600000,2,2,15193,藏本徹二,両,91.0,,,,,0.44043556323830646,0.38982995487036887,0.2642716892041218,0.15583815292680997,position_specialists,0.38982995487036887,False,,,B,0.3329999999999999,0.541,0.2,0.22,0.05357201621585205,0.15210558748676814,0.12589968180648717,-0.046806178686936754,0.0013992600911156572,,0,,,0,,cumulative_place,,0.0,False,3.0,2.0,3.0,4,verified,winticket_line_prediction,provider_forecast_structure_only,38.98299548703689,26.427168920412186,15.583815292680997,2,1,3,coverage_validated_cumulative_scores_uncalibrated,,unavailable,,0,0
2026-10-10,富山,3,034620261010,1791600300,1791600000,3,7,14862,坂本将太郎,追,87.5,,,,,0.07610912763214471,0.04654230670581082,0.18081388433945347,0.15459033446194398,position_specialists,0.04654230670581082,False,,,B,0.25,0.4579999999999999,0.27,0.15,0.030518484647555046,0.06407718855920545,0.0326472955973534,-0.046806178686936754,0.0005597040364462626,,0,,,0,,cumulative_place,,0.0,False,1.0,2.0,2.0,4,verified,winticket_line_prediction,provider_forecast_structure_only,4.654230670581081,18.08138843394535,15.459033446194399,3,2,4,coverage_validated_cumulative_scores_uncalibrated,,unavailable,,0,0
2026-10-10,富山,3,034620261010,1791600300,1791600000,4,1,15351,宮下一歩,逃,82.75,,,,,0.03626660570495712,0.017153710053040977,0.09759728183410415,0.14505843298203638,position_specialists,0.017153710053040977,False,,,B,0.24,0.36,0.18,0.12,-0.05401113110286711,0.08187617929067184,-0.07604710727099041,0.06017937259749013,2.5441092565739032e-05,,0,,,0,,cumulative_place,,0.0,False,1.0,1.0,2.0,4,verified,winticket_line_prediction,provider_forecast_structure_only,1.7153710053040978,9.759728183410417,14.505843298203638,4,6,5,coverage_validated_cumulative_scores_uncalibrated,,unavailable,,0,0
2026-10-10,富山,3,034620261010,1791600300,1791600000,5,4,13155,四元慎也,追,84.16,,,,,0.03823026297513994,0.016855422007755666,0.10075495057190623,0.10582388412159241,position_specialists,0.016855422007755666,False,,,B,0.29,0.375,0.0,0.0,0.11351119829342414,-0.2805688511557419,0.07585223358673915,-0.046806178686936754,0.0013992600911156572,,0,,,0,,cumulative_place,,0.0,False,4.0,1.0,1.0,4,verified,winticket_line_prediction,provider_forecast_structure_only,1.6855422007755667,10.075495057190624,10.582388412159242,5,4,6,coverage_validated_cumulative_scores_uncalibrated,,unavailable,,0,0
2026-10-10,富山,3,034620261010,1791600300,1791600000,6,3,14334,高倉俊宏,両,82.77,,,,,0.020629095366669414,0.007197838696715194,0.07799340773967874,0.0926981553027863,position_specialists,0.007197838696715194,False,,,B,0.147,0.259,0.0,0.11,-0.13546694264418313,0.0011220254124587373,-0.08328249791007919,-0.046806178686936754,0.00020352874052591372,,0,,,0,,cumulative_place,,0.0,False,2.0,1.0,1.0,4,verified,winticket_line_prediction,provider_forecast_structure_only,0.7197838696715194,7.799340773967875,9.26981553027863,6,7,7,coverage_validated_cumulative_scores_uncalibrated,,unavailable,,0,0
2026-10-10,富山,3,034620261010,1791600300,1791600000,7,6,13587,船曳義之,追,79.72,,,,,0.005130365624128684,0.001242823595630154,0.09816229749605185,0.1804314777918474,position_specialists,0.001242823595630154,False,,,B,0.08,0.16,0.1,0.12,-0.16313118052613954,-0.13991672381759546,-0.14017245636018952,-0.046806178686936754,0.0022896983309165296,,0,,,0,,cumulative_place,,1.0,False,3.0,3.0,3.0,4,verified,winticket_line_prediction,provider_forecast_structure_only,0.12428235956301541,9.816229749605187,18.04314777918474,7,5,1,coverage_validated_cumulative_scores_uncalibrated,,unavailable,,0,0
2026-10-10,弥彦,4,042120261010,1791601020,1791600720,1,2,14501,守澤太志,追,115.71,,,,,0.3886686278204432,0.37197798696989354,0.20721038954414028,0.14776601730169484,position_specialists,0.37197798696989354,False,,0.010337325934078045,C,0.4539999999999999,0.727,0.24,0.15,0.08880192654839389,0.15301522934954997,0.05192909777684609,-0.06467038709384426,0.0011399527998065544,,0,,,0,,cumulative_place,,,False,2.0,2.0,3.0,4,verified,winticket_line_prediction,provider_forecast_structure_only,37.19779869698935,20.721038954414027,14.776601730169483,1,1,3,coverage_validated_cumulative_scores_uncalibrated,,unavailable,,0,0
2026-10-10,弥彦,4,042120261010,1791601020,1791600720,2,5,15356,杉浦侑吾,逃,111.1,,,,,0.2679284268855663,0.3616406610358155,0.19652823964718616,0.1579641336969841,position_specialists,0.3616406610358155,False,,,C,0.466,0.6659999999999999,0.19,0.13,-0.03633189449135306,0.2710352412827577,0.21313735361179992,0.16412898241748056,0.004631058249214126,,0,,,0,,cumulative_place,,,False,1.0,1.0,2.0,4,verified,winticket_line_prediction,provider_forecast_structure_only,36.16406610358155,19.652823964718618,15.796413369698408,2,2,2,coverage_validated_cumulative_scores_uncalibrated,,unavailable,,0,0
2026-10-10,弥彦,4,042120261010,1791601020,1791600720,3,1,14505,雨谷一樹,両,109.82,,,,,0.1463635008222608,0.17508129874601483,0.16211211221507743,0.14060033753397191,position_specialists,0.17508129874601483,False,,,C,0.481,0.586,0.24,0.06,0.29411937681348227,0.025000309683080847,0.19179426195629212,0.06779240578113328,0.0021017879746433343,,0,,,0,,cumulative_place,,,False,1.0,2.0,2.0,4,verified,winticket_line_prediction,provider_forecast_structure_only,17.508129874601483,16.211211221507742,14.06003375339719,3,3,4,coverage_validated_cumulative_scores_uncalibrated,,unavailable,,0,0
2026-10-10,弥彦,4,042120261010,1791601020,1791600720,4,9,14356,佐藤一伸,両,107.8,,,,,0.06363107215135602,0.0264701521117396,0.11852580892018554,0.16179064902987597,position_specialists,0.0264701521117396,False,,,C,0.284,0.476,0.15,0.16,-0.156100407145988,-0.04900205788341509,-0.059043461662015344,-0.06467038709384426,0.0011043292748125996,,0,,,0,,cumulative_place,,,False,2.0,1.0,3.0,4,verified,winticket_line_prediction,provider_forecast_structure_only,2.64701521117396,11.852580892018553,16.179064902987598,4,4,1,coverage_validated_cumulative_scores_uncalibrated,,unavailable,,0,0
2026-10-10,弥彦,4,042120261010,1791601020,1791600720,5,3,14318,椎木尾拓哉,追,105.39,,,,,0.0398609242663691,0.022819958668402227,0.07187716636503896,0.09456263840943904,position_specialists,0.022819958668402227,False,,,C,0.29,0.625,0.16,0.22,0.04921704311910045,0.046336129627492395,-0.05296977535773844,0.0236381414894741,0.0008193410748609608,,0,,,0,,cumulative_place,,,False,4.0,2.0,2.0,4,verified,winticket_line_prediction,provider_forecast_structure_only,2.281995866840223,7.187716636503897,9.456263840943905,5,5,6,coverage_validated_cumulative_scores_uncalibrated,,unavailable,,0,0
2026-10-10,弥彦,4,042120261010,1791601020,1791600720,6,8,14677,角令央奈,両,103.04,,,,,0.032469479845101,0.019175598743373146,0.06862413330275205,0.07942607251014937,position_specialists,0.019175598743373146,False,,,C,0.32,0.36,0.16,0.13,0.020869707643408408,0.21702268918278456,-0.018003484312876933,-0.06467038709384426,0.0007837175498670057,,0,,,0,,cumulative_place,,,False,3.0,2.0,2.0,4,verified,winticket_line_prediction,provider_forecast_structure_only,1.9175598743373146,6.862413330275205,7.942607251014937,6,7,7,coverage_validated_cumulative_scores_uncalibrated,,unavailable,,0,0
2026-10-10,弥彦,4,042120261010,1791601020,1791600720,7,4,15661,東矢圭吾,逃,103.27,,,,,0.025878811036617554,0.0095009138165151,0.053395562053202436,0.06633078530268942,position_specialists,0.0095009138165151,False,,,C,0.222,0.444,0.12,0.18,-0.156100407145988,-0.07033787782782658,-0.13504973005601525,0.06779240578113328,0.0011399527998065544,,0,,,0,,cumulative_place,,,False,3.0,1.0,2.0,4,verified,winticket_line_prediction,provider_forecast_structure_only,0.95009138165151,5.339556205320243,6.633078530268942,7,8,8,coverage_validated_cumulative_scores_uncalibrated,,unavailable,,0,0
2026-10-10,弥彦,4,042120261010,1791601020,1791600720,8,6,15724,村上翔馬,逃,97.58,,,,,0.0184668326235209,0.008101693399507115,0.051709568926620764,0.05572588010795506,position_specialists,0.008101693399507115,False,,,C,0.222,0.5,0.29,0.2,-0.03979611537401047,0.18569196150511166,-0.06889190450883062,-0.06467038709384426,0.0007837175498670057,,0,,,0,,cumulative_place,,,False,4.0,1.0,2.0,4,verified,winticket_line_prediction,provider_forecast_structure_only,0.8101693399507115,5.170956892662076,5.572588010795506,8,9,9,coverage_validated_cumulative_scores_uncalibrated,,unavailable,,0,0
2026-10-10,弥彦,4,042120261010,1791601020,1791600720,9,7,12339,内藤宣彦,追,106.56,,,,,0.016732324548765196,0.005231736508738981,0.0700170190257964,0.09583348610724036,position_specialists,0.005231736508738981,False,,,C,0.2,0.36,0.04,0.24,-0.0646792299670451,-0.2942293867963586,-0.12290235744746145,-0.06467038709384426,0.0021017879746433343,,0,,,0,,cumulative_place,,,False,2.0,3.0,3.0,4,verified,winticket_line_prediction,provider_forecast_structure_only,0.5231736508738981,7.001701902579641,9.583348610724036,9,6,5,coverage_validated_cumulative_scores_uncalibrated,,unavailable,,0,0
2026-10-10,富山,4,044620261010,1791601740,1791601440,1,7,13716,佐藤亙,追,91.79,,,,,0.7498386791159705,0.8626302652844065,0.24053645849904315,0.21107445768872907,position_specialists,0.8626302652844065,False,,0.7795216866993205,S,0.541,0.6659999999999999,0.22,0.19,0.2161730076368677,0.2935766403762937,0.134513261733118,-0.019284462850791887,0.001957099569973498,,0,,,0,,cumulative_place,,,False,1.0,2.0,3.0,3,incomplete,winticket_line_prediction,provider_forecast_structure_only,86.26302652844065,24.053645849904314,21.107445768872907,1,1,1,coverage_validated_cumulative_scores_uncalibrated,,unavailable,,0,0
2026-10-10,富山,4,044620261010,1791601740,1791601440,2,3,14280,井上公利,逃,84.6,,,,,0.14043617698106772,0.08310857858508591,0.20833477767726424,0.20112280432125307,position_specialists,0.08310857858508591,False,,,S,0.356,0.4639999999999999,0.1,0.11,0.013510812977304242,0.10771132415041552,0.10193401471937577,-0.02629699479653439,0.002266115291548261,,0,,,0,,cumulative_place,,,False,3.0,1.0,2.0,3,incomplete,winticket_line_prediction,provider_forecast_structure_only,8.31085785850859,20.833477767726425,20.112280432125306,2,2,2,coverage_validated_cumulative_scores_uncalibrated,,unavailable,,0,0
2026-10-10,富山,4,044620261010,1791601740,1791601440,3,1,13638,村上卓茂,追,86.18,,,,,0.056317227790347826,0.03052836002998316,0.18764966420068727,0.18578392339922276,position_specialists,0.03052836002998316,False,,,S,0.37,0.555,0.15,0.25,0.040532438931912725,-0.03608197547788094,0.05636720436153644,0.04032205868801945,0.0007210366836744467,,0,,,0,,cumulative_place,,,False,1.0,3.0,3.0,3,incomplete,winticket_line_prediction,provider_forecast_structure_only,3.052836002998316,18.764966420068728,18.578392339922274,3,3,3,coverage_validated_cumulative_scores_uncalibrated,,unavailable,,0,0
2026-10-10,富山,4,044620261010,1791601740,1791601440,4,2,13845,加賀美智史,両,81.76,,,,,0.03613481797719926,0.019638673746247056,0.15828586732187,0.16333019799769033,position_specialists,0.019638673746247056,False,,,S,0.23,0.307,0.12,0.07,-0.06755406488652109,0.18386863585264462,-0.01481860267919545,0.15602883579277083,0.0004120209620996839,,0,,,0,,cumulative_place,,,False,2.0,1.0,2.0,3,incomplete,winticket_line_prediction,provider_forecast_structure_only,1.9638673746247055,15.828586732187,16.333019799769033,4,4,4,coverage_validated_cumulative_scores_uncalibrated,,unavailable,,0,0
2026-10-10,富山,4,044620261010,1791601740,1791601440,5,6,13298,井手健,追,79.71,,,,,0.009215470993181664,0.0021005103523594757,0.11533165636605125,0.13528584312930614,position_specialists,0.0021005103523594757,False,,,S,0.0,0.2269999999999999,0.08,0.16,-0.06755406488652109,-0.08720991813485188,-0.20411965354373535,-0.07538471841673196,0.0026781362536479453,,0,,,0,,cumulative_place,,,False,3.0,2.0,2.0,3,incomplete,winticket_line_prediction,provider_forecast_structure_only,0.21005103523594756,11.533165636605125,13.528584312930613,5,5,5,coverage_validated_cumulative_scores_uncalibrated,,unavailable,,0,0
2026-10-10,富山,4,044620261010,1791601740,1791601440,6,4,13179,飯島淳,追,79.95,,,,,0.008057627142233048,0.0019936120019178947,0.08986157593508418,0.10340277346379863,position_specialists,0.0019936120019178947,False,,,S,0.208,0.25,0.2,0.11,-0.13510812977304223,-0.12528857398596646,-0.07387622459109947,-0.07538471841673196,0.0026781362536479453,,0,,,0,,cumulative_place,,,False,2.0,2.0,2.0,3,incomplete,winticket_line_prediction,provider_forecast_structure_only,0.19936120019178946,8.986157593508418,10.340277346379862,6,6,6,coverage_validated_cumulative_scores_uncalibrated,,unavailable,,0,0
2026-10-10,弥彦,5,052120261010,1791602520,1791602220,1,7,14129,菅田壱道,両,115.74,,,,,0.5681759917211923,0.811889667255731,0.17875258308577213,0.13314771173043352,position_specialists,0.811889667255731,False,,0.7303421662917362,S,0.555,0.6659999999999999,0.1,0.1,0.2133124444378616,0.3614425076024288,0.18168707697532344,0.13531169482389543,0.001189623754958925,,0,,,0,,cumulative_place,,,False,1.0,2.0,3.0,4,verified,winticket_line_prediction,provider_forecast_structure_only,81.1889667255731,17.875258308577212,13.314771173043352,1,2,4,coverage_validated_cumulative_scores_uncalibrated,,unavailable,,0,0
2026-10-10,弥彦,5,052120261010,1791602520,1791602220,2,3,15868,市田龍生都,逃,110.84,,,,,0.14802310245512632,0.0815475009639948,0.21505810967659614,0.1388430491811282,position_specialists,0.0815475009639948,False,,,S,0.45,0.5,0.13,0.05,0.03613220271849172,0.2902975578865381,-0.10811178352304805,0.019620195749464848,0.0044340521775741775,,0,,,0,,cumulative_place,,,False,3.0,1.0,2.0,4,verified,winticket_line_prediction,provider_forecast_structure_only,8.15475009639948,21.505810967659613,13.88430491811282,2,1,3,coverage_validated_cumulative_scores_uncalibrated,,unavailable,,0,0
2026-10-10,弥彦,5,052120261010,1791602520,1791602220,3,5,14252,三谷将太,追,109.47,,,,,0.07115372539406284,0.030774327223593346,0.10166993449158851,0.1410548683132776,position_specialists,0.030774327223593346,False,,,S,0.409,0.545,0.14,0.17,0.13315098824666774,0.010352867820110153,-0.005904854355870105,-0.08998227705789046,0.002054804667656325,,0,,,0,,cumulative_place,,,False,3.0,2.0,2.0,4,verified,winticket_line_prediction,provider_forecast_structure_only,3.0774327223593345,10.16699344915885,14.10548683132776,3,5,2,coverage_validated_cumulative_scores_uncalibrated,,unavailable,,0,0
2026-10-10,弥彦,5,052120261010,1791602520,1791602220,4,2,15692,松崎広太,逃,107.43,,,,,0.048813244590464884,0.023904780641850844,0.11203996440080591,0.09255504193840704,position_specialists,0.023904780641850844,False,,,S,0.466,0.6659999999999999,0.21,0.14,0.018132665765010166,0.013121526479444482,0.055954884783105466,0.11095558975559427,0.0007570332986102255,,0,,,0,,cumulative_place,,,False,2.0,1.0,2.0,4,verified,winticket_line_prediction,provider_forecast_structure_only,2.3904780641850842,11.20399644008059,9.255504193840704,4,4,5,coverage_validated_cumulative_scores_uncalibrated,,unavailable,,0,0
2026-10-10,弥彦,5,052120261010,1791602520,1791602220,5,1,13921,渡邉一成,両,106.65,,,,,0.04941623161317714,0.017374410885776626,0.07910295971664782,0.09055630071496673,position_specialists,0.017374410885776626,False,,,S,0.521,0.7390000000000001,0.23,0.14,0.033252846294339305,-0.04231367980197425,0.028285585571113395,-0.08998227705789046,0.0017303618253948008,,0,,,0,,cumulative_place,,,False,1.0,1.0,3.0,4,verified,winticket_line_prediction,provider_forecast_structure_only,1.7374410885776626,7.910295971664782,9.055630071496672,5,7,6,coverage_validated_cumulative_scores_uncalibrated,,unavailable,,0,0
2026-10-10,弥彦,5,052120261010,1791602520,1791602220,6,9,14210,和田圭,追,110.54,,,,,0.031231082934592213,0.011537552088093523,0.12400901082848823,0.19289835994078958,position_specialists,0.011537552088093523,False,,,S,0.416,0.541,0.07,0.18,-0.007426961453135931,-0.21915260817064733,0.024141549384161375,0.031798248283615445,0.00021629522817434967,,0,,,0,,cumulative_place,,,False,1.0,3.0,3.0,4,verified,winticket_line_prediction,provider_forecast_structure_only,1.1537552088093523,12.400901082848822,19.289835994078956,6,3,1,coverage_validated_cumulative_scores_uncalibrated,,unavailable,,0,0
2026-10-10,弥彦,5,052120261010,1791602520,1791602220,7,4,14939,長尾拳太,両,106.54,,,,,0.032303476274107554,0.010145260362620208,0.07925992218752245,0.07940610786038277,position_specialists,0.010145260362620208,False,,,S,0.375,0.5,0.18,0.18,-0.07654575284290983,0.028831269913916362,-0.005904854355870105,-0.08998227705789046,0.0007570332986102255,,0,,,0,,cumulative_place,,,False,4.0,2.0,2.0,4,verified,winticket_line_prediction,provider_forecast_structure_only,1.0145260362620208,7.925992218752246,7.940610786038277,7,6,7,coverage_validated_cumulative_scores_uncalibrated,,unavailable,,0,0
2026-10-10,弥彦,5,052120261010,1791602520,1791602220,8,6,15449,橋本優己,逃,103.86,,,,,0.034346020308689905,0.008715502528355321,0.050645101756505544,0.05928552462027195,position_specialists,0.008715502528355321,False,,,S,0.304,0.304,0.19,0.06,-0.24034296284060358,0.05007833066705695,-0.044057135162919335,0.007442143215314263,0.00151406659722045,,0,,,0,,cumulative_place,,,False,4.0,1.0,2.0,4,verified,winticket_line_prediction,provider_forecast_structure_only,0.8715502528355321,5.064510175650554,5.928552462027195,8,9,9,coverage_validated_cumulative_scores_uncalibrated,,unavailable,,0,0
2026-10-10,弥彦,5,052120261010,1791602520,1791602220,9,8,14140,神山拓弥,追,105.37,,,,,0.016537124708586853,0.004110998049984411,0.0594624138560733,0.07225303570034258,position_specialists,0.004110998049984411,False,,,S,0.208,0.25,0.13,0.09,-0.10966547032572053,-0.008125534273696092,-0.12609046931599607,-0.0351810406542128,0.002054804667656325,,0,,,0,,cumulative_place,,,False,2.0,2.0,2.0,4,verified,winticket_line_prediction,provider_forecast_structure_only,0.4110998049984411,5.94624138560733,7.225303570034258,9,8,8,coverage_validated_cumulative_scores_uncalibrated,,unavailable,,0,0
2026-10-10,富山,5,054620261010,1791603420,1791603120,1,3,15346,鈴木薫,逃,96.28,,,,,0.41784595348932363,0.5174645688108795,0.2510286512746678,0.19113221356791069,position_specialists,0.5174645688108795,False,,0.3053641755779874,A,0.7609999999999999,0.809,0.5,0.5,0.19424847182864366,-0.1908504007631946,0.15379163252040773,0.037081869080895315,0.0022543528769650755,,0,,,0,,cumulative_place,,,False,2.0,1.0,1.0,3,verified,winticket_line_prediction,provider_forecast_structure_only,51.74645688108795,25.10286512746678,19.11322135679107,1,2,2,coverage_validated_cumulative_scores_uncalibrated,,unavailable,,0,0
2026-10-10,富山,5,054620261010,1791603420,1791603120,2,7,13994,杉山悠也,追,94.75,,,,,0.21418602962966563,0.21210039323289215,0.16452784840140086,0.11268642721674332,position_specialists,0.21210039323289215,False,,,A,0.611,0.777,0.22,0.14,0.05506255894355247,0.16671453220180518,0.03802924485168685,-0.0657678432755502,0.00027831516999568843,,0,,,0,,cumulative_place,,,False,1.0,2.0,3.0,3,verified,winticket_line_prediction,provider_forecast_structure_only,21.210039323289216,16.45278484014009,11.268642721674333,2,3,5,coverage_validated_cumulative_scores_uncalibrated,,unavailable,,0,0
2026-10-10,富山,5,054620261010,1791603420,1791603120,3,1,15689,菊地圭,逃,94.04,,,,,0.11175872148779867,0.12453750343737621,0.1006365558091696,0.1389971143861092,position_specialists,0.12453750343737621,False,,,A,0.57,0.7140000000000001,0.19,0.17,0.022942732893146824,0.20812131008188856,0.010198338451084837,0.130136370736727,0.0010854291629831844,,0,,,0,,cumulative_place,,,False,1.0,1.0,3.0,3,verified,winticket_line_prediction,provider_forecast_structure_only,12.453750343737621,10.063655580916961,13.89971143861092,3,5,4,coverage_validated_cumulative_scores_uncalibrated,,unavailable,,0,0
2026-10-10,富山,5,054620261010,1791603420,1791603120,4,2,15821,志田愛希飛,逃,94.09,,,,,0.07103550823070644,0.06820492802203378,0.1047799834664328,0.1513940873581524,position_specialists,0.06820492802203378,False,,,A,0.545,0.636,0.28,0.13,-0.16977622340928716,0.28871888690246034,-0.0026831702423083803,0.09585313328457849,0.002838814733956021,,0,,,0,,cumulative_place,,,False,3.0,1.0,3.0,3,verified,winticket_line_prediction,provider_forecast_structure_only,6.820492802203377,10.477998346643282,15.139408735815241,4,4,3,coverage_validated_cumulative_scores_uncalibrated,,unavailable,,0,0
2026-10-10,富山,5,054620261010,1791603420,1791603120,5,6,15446,林敬宏,逃,92.14,,,,,0.14845791026880054,0.058132852484767066,0.25563484933939173,0.22067597845311512,position_specialists,0.058132852484767066,False,,,A,0.3329999999999999,0.6659999999999999,0.16,0.0,-0.12694978867541298,-0.07507819825991024,-0.1359370192425531,-0.0657678432755502,0.0028109832169564523,,0,,,0,,cumulative_place,,,False,3.0,2.0,3.0,3,verified,winticket_line_prediction,provider_forecast_structure_only,5.813285248476706,25.563484933939176,22.06759784531151,5,1,1,coverage_validated_cumulative_scores_uncalibrated,,unavailable,,0,0
2026-10-10,富山,5,054620261010,1791603420,1791603120,6,5,13959,鷲田佳史,追,93.08,,,,,0.019971078077061444,0.01018663034096282,0.05510893646360397,0.11139358963094463,position_specialists,0.01018663034096282,False,,,A,0.3329999999999999,0.583,0.0,0.18,-0.019883701840727436,-0.08449495447222957,-0.07312319017890333,-0.0657678432755502,0.0022265213599655066,,0,,,0,,cumulative_place,,,False,3.0,3.0,3.0,3,verified,winticket_line_prediction,provider_forecast_structure_only,1.0186630340962821,5.510893646360398,11.139358963094462,6,7,6,coverage_validated_cumulative_scores_uncalibrated,,unavailable,,0,0
2026-10-10,富山,5,054620261010,1791603420,1791603120,7,4,13993,佐藤朋也,追,92.15,,,,,0.016744798816643654,0.009373123671088317,0.06828317524533321,0.0737205893870247,position_specialists,0.009373123671088317,False,,,A,0.526,0.684,0.11,0.17,0.04435595026008395,-0.07106202500213427,0.009724163840585415,-0.0657678432755502,0.000862777026986634,,0,,,0,,cumulative_place,,,False,1.0,3.0,3.0,3,verified,winticket_line_prediction,provider_forecast_structure_only,0.9373123671088317,6.828317524533322,7.3720589387024695,7,6,7,coverage_validated_cumulative_scores_uncalibrated,,unavailable,,0,0
2026-10-10,弥彦,6,062120261010,1791604320,1791604020,1,7,14417,山田庸平,両,111.71,,,,,0.3064646394414608,0.5158764227915581,0.21364187055083567,0.20838004053233092,position_specialists,0.5158764227915581,False,,0.253434235619835,A,0.478,0.565,0.14,0.16,0.27695441203878424,0.3704686586621243,0.22623807592740172,-0.06385215507361572,0.003161657848782542,,0,,,0,,cumulative_place,,,False,2.0,2.0,2.0,5,verified,winticket_line_prediction,provider_forecast_structure_only,51.58764227915581,21.364187055083562,20.838004053233092,1,1,1,coverage_validated_cumulative_scores_uncalibrated,,unavailable,,0,0
2026-10-10,弥彦,6,062120261010,1791604320,1791604020,2,5,15009,清水裕友,両,114.46,,,,,0.3228794225275956,0.2624421871717231,0.12075780461250868,0.0951481414968791,position_specialists,0.2624421871717231,False,,,A,0.466,0.5329999999999999,0.2,0.14,0.0067804549676788225,0.2209049375020603,-0.07946333440033018,-0.06385215507361572,0.002598194073751989,,0,,,0,,cumulative_place,,,False,1.0,2.0,2.0,5,verified,winticket_line_prediction,provider_forecast_structure_only,26.24421871717231,12.075780461250865,9.51481414968791,2,5,5,coverage_validated_cumulative_scores_uncalibrated,,unavailable,,0,0
2026-10-10,弥彦,6,062120261010,1791604320,1791604020,3,3,15094,佐々木龍,追,111.3,,,,,0.08204260687415316,0.05855545505516751,0.12770417632883593,0.1257990179079701,position_specialists,0.05855545505516751,False,,,A,0.307,0.461,0.23,0.14,0.029615924527354325,0.08795940758200331,0.006456852290648678,-0.06385215507361572,0.0021912480140077024,,0,,,0,,cumulative_place,,,False,3.0,2.0,2.0,5,verified,winticket_line_prediction,provider_forecast_structure_only,5.8555455055167505,12.77041763288359,12.57990179079701,3,4,3,coverage_validated_cumulative_scores_uncalibrated,,unavailable,,0,0
2026-10-10,弥彦,6,062120261010,1791604320,1791604020,4,2,15475,伊藤旭,両,109.93,,,,,0.073581860130421,0.05169410963782558,0.1279230451933256,0.13592342340913716,position_specialists,0.05169410963782558,False,,,A,0.322,0.5479999999999999,0.09,0.27,-0.08677865783096568,-0.1475072436801594,0.15629817265468798,0.11338233143913072,0.0013460523514618743,,0,,,0,,cumulative_place,,,False,2.0,1.0,2.0,5,verified,winticket_line_prediction,provider_forecast_structure_only,5.169410963782558,12.792304519332555,13.592342340913715,4,3,2,coverage_validated_cumulative_scores_uncalibrated,,unavailable,,0,0
2026-10-10,弥彦,6,062120261010,1791604320,1791604020,5,1,15645,室井蓮太朗,両,109.06,,,,,0.06510554152385152,0.036768698715837746,0.12899532851915513,0.11098348586610113,position_specialists,0.036768698715837746,False,,,A,0.351,0.352,0.2,0.1,-0.2571303260735221,0.18485658111998293,-0.11744267083651369,0.15097752554789512,0.0017529984112061624,,0,,,0,,cumulative_place,,,False,1.0,1.0,2.0,5,verified,winticket_line_prediction,provider_forecast_structure_only,3.6768698715837744,12.89953285191551,11.098348586610113,5,2,4,coverage_validated_cumulative_scores_uncalibrated,,unavailable,,0,0
2026-10-10,弥彦,6,062120261010,1791604320,1791604020,6,4,15261,松井宏佑,逃,107.73,,,,,0.04531720815889233,0.02966705099849183,0.10654256514702196,0.08840220500289116,position_specialists,0.02966705099849183,False,,,A,0.266,0.5,0.1,0.15,-0.059702982976366704,-0.014561713760102448,0.09030101360093275,0.03282120120606416,0.00021912480140077087,,0,,,0,,cumulative_place,,,False,3.0,1.0,2.0,5,verified,winticket_line_prediction,provider_forecast_structure_only,2.9667050998491833,10.654256514702194,8.840220500289115,6,6,7,coverage_validated_cumulative_scores_uncalibrated,,unavailable,,0,0
2026-10-10,弥彦,6,062120261010,1791604320,1791604020,7,6,15334,朝倉智仁,逃,102.45,,,,,0.045354945817284956,0.020927712601081908,0.052274535771257645,0.06964670310964281,position_specialists,0.020927712601081908,False,,,A,0.32,0.56,0.1,0.13,0.06841411864679436,0.03529285995991891,-0.03754125374518813,-0.06385215507361572,0.00021912480140077087,,0,,,0,,cumulative_place,,,False,4.0,1.0,2.0,5,verified,winticket_line_prediction,provider_forecast_structure_only,2.092771260108191,5.227453577125764,6.964670310964281,7,8,9,coverage_validated_cumulative_scores_uncalibrated,,unavailable,,0,0
2026-10-10,弥彦,6,062120261010,1791604320,1791604020,8,9,13673,大槻寛徳,追,109.66,,,,,0.03488389948533584,0.014575269502802125,0.08001776895535034,0.09129690816467663,position_specialists,0.014575269502802125,False,,,A,0.284,0.5710000000000001,0.25,0.17,-0.04727376282903841,-0.061604313578060774,-0.16538352109130902,-0.06385215507361572,0.003036443676553531,,0,,,0,,cumulative_place,,,False,4.0,2.0,2.0,5,verified,winticket_line_prediction,provider_forecast_structure_only,1.4575269502802124,8.001776895535032,9.129690816467663,8,7,6,coverage_validated_cumulative_scores_uncalibrated,,unavailable,,0,0
2026-10-10,弥彦,6,062120261010,1791604320,1791604020,9,8,14886,山本伸一,両,104.85,,,,,0.024369876041004778,0.00949309352551215,0.04214290492170919,0.07442007451037103,position_specialists,0.00949309352551215,False,,,A,0.304,0.478,0.07,0.0,0.06912081952928154,-0.2439434833066749,-0.07946333440033018,0.022079717174988623,0.0005008566889160464,,0,,,0,,cumulative_place,,,False,5.0,1.0,1.0,5,verified,winticket_line_prediction,provider_forecast_structure_only,0.9493093525512151,4.214290492170918,7.442007451037103,9,9,8,coverage_validated_cumulative_scores_uncalibrated,,unavailable,,0,0
2026-10-10,富山,6,064620261010,1791605160,1791604860,1,1,15144,鈴木奈央,両,56.95,,,,,0.802338335268356,0.9032307335686549,0.48788728961317646,0.46363849754949865,position_specialists,0.9032307335686549,False,,0.8280230665576133,S,0.713,0.952,0.0,0.0,0.18800303847701572,-0.03157423704635027,0.31135155435875655,0.19595917942265428,0.0035539386836318113,,0,,,0,,cumulative_place,,,False,1.0,1.0,1.0,7,verified,winticket_line_prediction,provider_forecast_structure_only,90.32307335686549,48.78872896131765,46.36384975494987,1,1,1,coverage_validated_cumulative_scores_uncalibrated,,unavailable,,0,0
2026-10-10,富山,6,064620261010,1791605160,1791604860,2,5,15020,奥井迪,逃,54.18,,,,,0.13884873650272647,0.07520766701104162,0.15189683730391937,0.09279881926853224,position_specialists,0.07520766701104162,False,,,S,0.25,0.687,0.0,0.0,0.11017382362362747,-0.03157423704635027,0.0704397579113819,-0.032659863237109045,0.0026492997459800775,,0,,,0,,cumulative_place,,,False,4.0,1.0,1.0,7,verified,winticket_line_prediction,provider_forecast_structure_only,7.5207667011041615,15.18968373039194,9.279881926853225,2,2,4,coverage_validated_cumulative_scores_uncalibrated,,unavailable,,0,0
2026-10-10,富山,6,064620261010,1791605160,1791604860,3,4,15490,杉浦菜留,両,52.25,,,,,0.03555645915572246,0.015158161051222568,0.12645756949933662,0.12338908619462718,position_specialists,0.015158161051222568,False,,,S,0.295,0.555,0.0,0.0,0.03941999193872909,-0.03157423704635027,0.02670067635678676,-0.032659863237109045,0.0005169365358009909,,0,,,0,,cumulative_place,,,False,5.0,1.0,1.0,7,verified,winticket_line_prediction,provider_forecast_structure_only,1.5158161051222567,12.645756949933665,12.338908619462718,3,3,2,coverage_validated_cumulative_scores_uncalibrated,,unavailable,,0,0
2026-10-10,富山,6,064620261010,1791605160,1791604860,4,7,15957,成海綾香,両,50.11,,,,,0.010714340423504214,0.0031044550482969982,0.09364253867223407,0.11736783547827377,position_specialists,0.0031044550482969982,False,,,S,0.0579999999999999,0.235,0.0,0.0,-0.010107690240699796,-0.03157423704635027,-0.15887047815396738,-0.032659863237109045,0.0014215754734527247,,0,,,0,,cumulative_place,,,False,7.0,1.0,1.0,7,verified,winticket_line_prediction,provider_forecast_structure_only,0.31044550482969985,9.36425386722341,11.736783547827377,4,4,3,coverage_validated_cumulative_scores_uncalibrated,,unavailable,,0,0
2026-10-10,富山,6,064620261010,1791605160,1791604860,5,6,15397,新井美菜,追,47.44,,,,,0.0051437751899475305,0.00152484759834043,0.045341097425682195,0.07421966691442555,position_specialists,0.00152484759834043,False,,,S,0.055,0.166,0.0,0.0,-0.087936905094088,-0.03157423704635027,-0.03328058973264393,-0.032659863237109045,0.0014215754734527247,,0,,,0,,cumulative_place,,,False,6.0,1.0,1.0,7,verified,winticket_line_prediction,provider_forecast_structure_only,0.152484759834043,4.53410974256822,7.421966691442555,5,6,5,coverage_validated_cumulative_scores_uncalibrated,,unavailable,,0,0
2026-10-10,富山,6,064620261010,1791605160,1791604860,6,3,15075,溝口香奈,追,46.66,,,,,0.003798651510841054,0.0009005563082531741,0.03890140477654138,0.0691383624609347,position_specialists,0.0009005563082531741,False,,,S,0.066,0.066,0.0,0.0,-0.08086152192559817,-0.03157423704635027,-0.15887047815396738,-0.032659863237109045,0.0014215754734527247,,0,,,0,,cumulative_place,,,False,3.0,1.0,1.0,7,verified,winticket_line_prediction,provider_forecast_structure_only,0.09005563082531741,3.8901404776541386,6.91383624609347,6,7,6,coverage_validated_cumulative_scores_uncalibrated,,unavailable,,0,0
2026-10-10,富山,6,064620261010,1791605160,1791604860,7,2,16037,森この芽,両,45.14,,,,,0.003599701948902372,0.0008735794141902551,0.055873262709109965,0.05944773213370796,position_specialists,0.0008735794141902551,False,,,S,0.047,0.047,0.0,0.0,-0.1586907367789864,-0.03157423704635027,-0.05747044258634659,-0.032659863237109045,0.0014215754734527247,,0,,,0,,cumulative_place,,,False,2.0,1.0,1.0,7,verified,winticket_line_prediction,provider_forecast_structure_only,0.0873579414190255,5.587326270910998,5.944773213370795,7,5,7,coverage_validated_cumulative_scores_uncalibrated,,unavailable,,0,0
2026-10-10,弥彦,7,072120261010,1791606120,1791605820,1,3,14377,岩本俊介,両,112.93,,,,,0.3972501114977276,0.46353660012078785,0.21520115327307823,0.18127470599652687,position_specialists,0.46353660012078796,False,,0.21475879299357314,A,0.6,0.733,0.09,0.09,0.2614570071838153,0.2428123633124347,0.02742482936799728,-0.08363333975829068,0.0004093156080773216,,0,,,0,,cumulative_place,,,False,3.0,1.0,3.0,4,verified,winticket_line_prediction,provider_forecast_structure_only,46.353660012078784,21.520115327307828,18.12747059965269,1,2,2,coverage_validated_cumulative_scores_uncalibrated,,unavailable,,0,0
2026-10-10,弥彦,7,072120261010,1791606120,1791605820,2,5,15439,佐々木眞也,両,110.8,,,,,0.23680555835496067,0.24877780712721476,0.23633162475501504,0.18440307858517946,position_specialists,0.2487778071272148,False,,,A,0.4539999999999999,0.5,0.26,0.06,0.11636376752713913,0.27458976903723714,0.06355557884901897,-0.014635834457700883,0.0007163023141353124,,0,,,0,,cumulative_place,,,False,3.0,2.0,3.0,4,verified,winticket_line_prediction,provider_forecast_structure_only,24.877780712721474,23.633162475501507,18.44030785851795,2,1,1,coverage_validated_cumulative_scores_uncalibrated,,unavailable,,0,0
2026-10-10,弥彦,7,072120261010,1791606120,1791605820,3,9,14484,河端朋之,逃,109.9,,,,,0.10170538851361516,0.1299006609183423,0.12011496146199552,0.11406196794813542,position_specialists,0.12990066091834232,False,,,A,0.41,0.5,0.13,0.1,-0.03917363863570375,0.09658837003146112,0.34433277579013716,0.13590417710722233,0.002558222550483255,,0,,,0,,cumulative_place,,,False,1.0,1.0,2.0,4,verified,winticket_line_prediction,provider_forecast_structure_only,12.99006609183423,12.011496146199553,11.406196794813544,3,3,4,coverage_validated_cumulative_scores_uncalibrated,,unavailable,,0,0
2026-10-10,弥彦,7,072120261010,1791606120,1791605820,4,2,13791,村上博幸,追,110.0,,,,,0.07840120731924421,0.05544962622097431,0.07857457282643072,0.09447475573800448,position_specialists,0.055449626220974324,False,,,A,0.312,0.437,0.11,0.11,-0.06414404792825387,0.2119223433453913,-0.12254071068578698,0.12335917614347874,0.0019442491383672737,,0,,,0,,cumulative_place,,,False,2.0,2.0,2.0,4,verified,winticket_line_prediction,provider_forecast_structure_only,5.544962622097431,7.8574572826430735,9.44747557380045,4,6,5,coverage_validated_cumulative_scores_uncalibrated,,unavailable,,0,0
2026-10-10,弥彦,7,072120261010,1791606120,1791605820,5,1,13963,柏野智典,追,108.32,,,,,0.06670926173275354,0.050987095382250935,0.08649326531625766,0.08365774812517834,position_specialists,0.05098709538225095,False,,,A,0.3329999999999999,0.466,0.14,0.18,0.057820692244308934,0.08658749196169971,0.06355557884901897,0.01672666795165812,0.00010232890201933082,,0,,,0,,cumulative_place,,,False,1.0,2.0,2.0,4,verified,winticket_line_prediction,provider_forecast_structure_only,5.098709538225093,8.649326531625768,8.365774812517836,5,5,6,coverage_validated_cumulative_scores_uncalibrated,,unavailable,,0,0
2026-10-10,弥彦,7,072120261010,1791606120,1791605820,6,7,14935,嶋津拓弥,追,111.33,,,,,0.05523767987972705,0.026768446391381363,0.10135663243289128,0.14965836047688055,position_specialists,0.02676844639138137,False,,,A,0.3329999999999999,0.416,0.11,0.27,0.08582778133532479,-0.2272820679521848,-0.15975996859274816,0.029271668915401717,0.0010232890201933023,,0,,,0,,cumulative_place,,,False,3.0,3.0,3.0,4,verified,winticket_line_prediction,provider_forecast_structure_only,2.676844639138136,10.13566324328913,14.965836047688057,6,4,3,coverage_validated_cumulative_scores_uncalibrated,,unavailable,,0,0
2026-10-10,弥彦,7,072120261010,1791606120,1791605820,7,4,14554,山形一気,追,107.5,,,,,0.033501467320641944,0.01512027177476399,0.07098509370014766,0.07987138280739003,position_specialists,0.015120271774763994,False,,,A,0.23,0.423,0.18,0.23,-0.0026738188812821806,-0.08052564321655578,-0.08532145277882579,-0.03972583638518808,0.003888498276734546,,0,,,0,,cumulative_place,,,False,4.0,2.0,2.0,4,verified,winticket_line_prediction,provider_forecast_structure_only,1.512027177476399,7.098509370014767,7.987138280739004,7,7,7,coverage_validated_cumulative_scores_uncalibrated,,unavailable,,0,0
2026-10-10,弥彦,7,072120261010,1791606120,1791605820,8,6,15629,岸田剛,逃,101.64,,,,,0.015190325462460987,0.0057604836300183945,0.04623979455430775,0.05398456035073147,position_specialists,0.005760483630018395,False,,,A,0.2689999999999999,0.423,0.16,0.09,-0.23442674894612855,0.033920944339615317,0.05163931043254509,-0.08363333975829068,0.00010232890201933082,,0,,,0,,cumulative_place,,,False,2.0,1.0,2.0,4,verified,winticket_line_prediction,provider_forecast_structure_only,0.5760483630018395,4.623979455430776,5.398456035073148,8,8,9,coverage_validated_cumulative_scores_uncalibrated,,unavailable,,0,0
2026-10-10,弥彦,7,072120261010,1791606120,1791605820,9,8,15647,真鍋智寛,逃,102.92,,,,,0.015198999918868914,0.0036990084342659415,0.044702901679876096,0.05861343997197337,position_specialists,0.0036990084342659424,False,,,A,0.2,0.4,0.16,0.22,-0.18105099389921966,-0.15408133273592212,-0.18288594123135649,-0.08363333975829068,0.0029675381585605744,,0,,,0,,cumulative_place,,,False,4.0,1.0,2.0,4,verified,winticket_line_prediction,provider_forecast_structure_only,0.36990084342659413,4.470290167987611,5.861343997197338,9,9,8,coverage_validated_cumulative_scores_uncalibrated,,unavailable,,0,0
2026-10-10,富山,7,074620261010,1791606540,1791606240,1,6,15947,北岡マリア,両,56.14,,,,,0.739178145615611,0.8448674391497597,0.3337953282723632,0.42289039387254507,position_specialists,0.8448674391497597,False,,0.7091802188296152,S,0.6659999999999999,0.7140000000000001,0.0,0.0,0.19759747665805127,-0.03157423704635027,0.31374799716846413,0.17258219892160193,0.0047580988030314466,,0,,,0,,cumulative_place,,,False,4.0,1.0,1.0,7,verified,winticket_line_prediction,provider_forecast_structure_only,84.48674391497597,33.37953282723632,42.289039387254505,1,1,1,coverage_validated_cumulative_scores_uncalibrated,,unavailable,,0,0
2026-10-10,富山,7,074620261010,1791606540,1791606240,2,1,15863,磯村光舞,両,53.84,,,,,0.19997730435333136,0.1356872203201444,0.16612846256045996,0.07878982251907095,position_specialists,0.1356872203201444,False,,,S,0.36,0.64,0.0,0.0,0.12805199604655837,-0.03157423704635027,0.13774534707019842,0.06275716324421889,0.00024358867592311168,,0,,,0,,cumulative_place,,,False,1.0,1.0,1.0,7,verified,winticket_line_prediction,provider_forecast_structure_only,13.56872203201444,16.612846256045994,7.878982251907095,2,3,5,coverage_validated_cumulative_scores_uncalibrated,,unavailable,,0,0
2026-10-10,富山,7,074620261010,1791606540,1791606240,3,5,16042,露谷菜々花,両,48.85,,,,,0.019061018670410216,0.007686969025369519,0.18468094277814334,0.1474245155534407,position_specialists,0.007686969025369519,False,,,S,0.2,0.3,0.0,0.0,-0.04194806767042428,-0.03157423704635027,0.10389116009063937,-0.04706787243316416,1.623924506154081e-05,,0,,,0,,cumulative_place,,,False,6.0,1.0,1.0,7,verified,winticket_line_prediction,provider_forecast_structure_only,0.7686969025369519,18.468094277814334,14.742451555344068,3,2,2,coverage_validated_cumulative_scores_uncalibrated,,unavailable,,0,0
2026-10-10,富山,7,074620261010,1791606540,1791606240,4,3,15573,蛯原杏奈,追,50.5,,,,,0.020204677240405474,0.0065195071135683395,0.1266261930084139,0.13862237079291587,position_specialists,0.0065195071135683395,False,,,S,0.111,0.3879999999999999,0.0,0.0,0.019870137317569397,-0.03157423704635027,-0.12354638089929129,-0.04706787243316416,0.0006982875376462532,,0,,,0,,cumulative_place,,,False,3.0,1.0,1.0,7,verified,winticket_line_prediction,provider_forecast_structure_only,0.6519507113568339,12.66261930084139,13.862237079291587,4,4,3,coverage_validated_cumulative_scores_uncalibrated,,unavailable,,0,0
2026-10-10,富山,7,074620261010,1791606540,1791606240,5,4,15951,今西瑠花,両,47.06,,,,,0.01005091183537729,0.002621371965298943,0.0837039488254161,0.0807083588833226,position_specialists,0.002621371965298943,False,,,S,0.133,0.133,0.0,0.0,-0.0883117214114195,-0.03157423704635027,-0.09511668827554995,-0.04706787243316416,0.0012666611148001803,,0,,,0,,cumulative_place,,,False,5.0,1.0,1.0,7,verified,winticket_line_prediction,provider_forecast_structure_only,0.2621371965298943,8.37039488254161,8.07083588833226,5,5,4,coverage_validated_cumulative_scores_uncalibrated,,unavailable,,0,0
2026-10-10,富山,7,074620261010,1791606540,1791606240,6,2,15140,鈴木彩夏,追,46.87,,,,,0.005927037233925498,0.0013212620445896123,0.054227792799148127,0.0642431560312216,position_specialists,0.0013212620445896123,False,,,S,0.0,0.083,0.0,0.0,-0.11149354828191721,-0.03157423704635027,-0.18257556388910104,-0.04706787243316416,0.0012666611148001803,,0,,,0,,cumulative_place,,,False,2.0,1.0,1.0,7,verified,winticket_line_prediction,provider_forecast_structure_only,0.13212620445896123,5.4227792799148125,6.42431560312216,6,6,7,coverage_validated_cumulative_scores_uncalibrated,,unavailable,,0,0
2026-10-10,富山,7,074620261010,1791606540,1791606240,7,7,15775,羽田野愛花,追,46.53,,,,,0.005600905050939106,0.001296230381269516,0.050837331756055364,0.06732138234748317,position_specialists,0.001296230381269516,False,,,S,0.0,0.066,0.0,0.0,-0.10376627265841795,-0.03157423704635027,-0.15414587126535972,-0.04706787243316416,0.0012666611148001803,,0,,,0,,cumulative_place,,,False,7.0,1.0,1.0,7,verified,winticket_line_prediction,provider_forecast_structure_only,0.12962303812695158,5.083733175605536,6.732138234748317,7,7,6,coverage_validated_cumulative_scores_uncalibrated,,unavailable,,0,0
2026-10-10,富山,8,084620261010,1791607920,1791607620,1,7,15438,佐々木和紀,追,102.91,,,,,0.3249882613383063,0.4371520174207902,0.16163686084741,0.11832813749740435,position_specialists,0.4371520174207902,False,,0.23519975921498099,A,0.4579999999999999,0.541,0.17,0.17,0.2308306398919595,-0.023361259282821633,0.1673793161193026,-0.08610567718228916,0.002675974432022692,,0,,,0,,cumulative_place,,,False,3.0,2.0,2.0,4,verified,winticket_line_prediction,provider_forecast_structure_only,43.71520174207902,16.163686084741,11.832813749740437,1,2,6,coverage_validated_cumulative_scores_uncalibrated,,unavailable,,0,0
2026-10-10,富山,8,084620261010,1791607920,1791607620,2,3,15441,鈴木陸来,逃,102.52,,,,,0.2241634976565764,0.2019522582058092,0.14001075475306082,0.0983571614177879,position_specialists,0.2019522582058092,False,,,A,0.208,0.416,0.17,0.09,-0.0012655188590567914,0.007672187104182287,-0.019772463219287696,-0.014669856112538156,0.000250872603002127,,0,,,0,,cumulative_place,,,False,3.0,1.0,2.0,4,verified,winticket_line_prediction,provider_forecast_structure_only,20.19522582058092,14.001075475306083,9.835716141778791,2,4,7,coverage_validated_cumulative_scores_uncalibrated,,unavailable,,0,0
2026-10-10,富山,8,084620261010,1791607920,1791607620,3,1,15733,都築巧,両,97.52,,,,,0.1268126763181764,0.15362837188240708,0.1340515347388497,0.21861570567833172,position_specialists,0.15362837188240708,False,,,A,0.28,0.36,0.25,0.05,-0.03670004691264709,0.436753202103911,0.01496662101279373,0.15945495774497995,0.0031777196380269445,,0,,,0,,cumulative_place,,,False,1.0,2.0,2.0,4,verified,winticket_line_prediction,provider_forecast_structure_only,15.362837188240707,13.40515347388497,21.861570567833176,3,5,1,coverage_validated_cumulative_scores_uncalibrated,,unavailable,,0,0
2026-10-10,富山,8,084620261010,1791607920,1791607620,4,4,15546,山根将太,逃,98.3,,,,,0.11051315164693801,0.07535801452271701,0.13175512831069575,0.14051906665362263,position_specialists,0.07535801452271701,False,,,A,0.26,0.391,0.12,0.15,0.007593113154340748,0.007672187104182287,-0.013318831326852021,-0.08610567718228916,0.0015052356180127644,,0,,,0,,cumulative_place,,,False,1.0,1.0,2.0,4,verified,winticket_line_prediction,provider_forecast_structure_only,7.535801452271701,13.175512831069575,14.051906665362264,4,6,3,coverage_validated_cumulative_scores_uncalibrated,,unavailable,,0,0
2026-10-10,富山,8,084620261010,1791607920,1791607620,5,5,14309,水谷好宏,両,96.87,,,,,0.0796798521340381,0.059816080643257816,0.174130005541264,0.128324104955578,position_specialists,0.059816080643257816,False,,,A,0.24,0.32,0.05,0.1,-0.008352424469774824,0.10212450291356,-0.012769736933540225,0.0612307037740723,0.0009198662110078012,,0,,,0,,cumulative_place,,,False,2.0,2.0,2.0,4,verified,winticket_line_prediction,provider_forecast_structure_only,5.981608064325782,17.413000554126402,12.832410495557802,5,1,4,coverage_validated_cumulative_scores_uncalibrated,,unavailable,,0,0
2026-10-10,富山,8,084620261010,1791607920,1791607620,6,2,14606,稲毛健太,逃,98.89,,,,,0.07466660855572449,0.0494019180020762,0.14335877544521236,0.17116399551796163,position_specialists,0.0494019180020762,False,,,A,0.21,0.421,0.2,0.16,-0.008352424469774824,0.007672187104182287,-0.07524517911195562,-0.0191345949293976,0.0009198662110078012,,0,,,0,,cumulative_place,,,False,2.0,1.0,2.0,4,verified,winticket_line_prediction,provider_forecast_structure_only,4.940191800207621,14.335877544521235,17.116399551796167,6,3,2,coverage_validated_cumulative_scores_uncalibrated,,unavailable,,0,0
2026-10-10,富山,8,084620261010,1791607920,1791607620,7,6,15416,小笠原光,両,96.46,,,,,0.05917595235024032,0.022691339322942546,0.11505694036350747,0.12469182827931373,position_specialists,0.022691339322942546,False,,,A,0.192,0.307,0.06,0.06,-0.1837533383350468,-0.2227906365836938,-0.061239726540460684,-0.014669856112538156,0.00259235023102198,,0,,,0,,cumulative_place,,,False,4.0,1.0,1.0,4,verified,winticket_line_prediction,provider_forecast_structure_only,2.2691339322942548,11.505694036350747,12.469182827931375,7,7,5,coverage_validated_cumulative_scores_uncalibrated,,unavailable,,0,0
2026-10-10,弥彦,8,082120261010,1791608340,1791608040,1,9,15553,犬伏湧也,逃,120.84,,,,,0.5171354134917685,0.6009202846629053,0.20155858148878814,0.17680940631830588,position_specialists,0.6009202846629053,False,,0.2856837961245902,A,0.65,0.8,0.17,0.12,0.11628059082954895,0.21207962726887253,0.13347336064705734,0.1584236068762679,0.001267915607644845,,0,,,0,,cumulative_place,,,False,3.0,1.0,3.0,3,verified,winticket_line_prediction,provider_forecast_structure_only,60.09202846629053,20.155858148878814,17.680940631830588,1,2,2,coverage_validated_cumulative_scores_uncalibrated,,unavailable,,0,0
2026-10-10,弥彦,8,082120261010,1791608340,1791608040,2,5,14681,松浦悠士,両,115.23,,,,,0.28442499912456715,0.31523648853831504,0.2611415073598186,0.15224381285128846,position_specialists,0.31523648853831504,False,,,A,0.6659999999999999,0.6659999999999999,0.12,0.11,0.05228201880852773,0.405520339873542,0.22434989124232135,0.07525121326622725,0.0049985134532152505,,0,,,0,,cumulative_place,,,False,3.0,2.0,3.0,3,verified,winticket_line_prediction,provider_forecast_structure_only,31.523648853831503,26.114150735981863,15.224381285128846,2,1,3,coverage_validated_cumulative_scores_uncalibrated,,unavailable,,0,0
2026-10-10,弥彦,8,082120261010,1791608340,1791608040,3,1,14002,渡部幸訓,追,114.72,,,,,0.07983435311358231,0.04346812038124434,0.11904352440765088,0.12608293635020823,position_specialists,0.04346812038124434,False,,,A,0.5,0.772,0.25,0.22,0.18847946941227794,0.09148566414315991,-0.0011981095076097417,-0.13862065601673443,0.00048765984909417023,,0,,,0,,cumulative_place,,,False,2.0,2.0,3.0,3,verified,winticket_line_prediction,provider_forecast_structure_only,4.346812038124434,11.904352440765088,12.608293635020823,3,3,4,coverage_validated_cumulative_scores_uncalibrated,,unavailable,,0,0
2026-10-10,弥彦,8,082120261010,1791608340,1791608040,4,4,14545,岡崎智哉,両,107.46,,,,,0.036973630253288814,0.013628797102257716,0.07083883559770081,0.06595047556472379,position_specialists,0.013628797102257716,False,,,A,0.37,0.481,0.28,0.13,0.023225865678574306,0.08065688222142262,-0.03945737188053566,-0.0732709181802739,0.0018043414416484313,,0,,,0,,cumulative_place,,,False,1.0,2.0,3.0,3,verified,winticket_line_prediction,provider_forecast_structure_only,1.3628797102257717,7.083883559770081,6.595047556472379,4,5,7,coverage_validated_cumulative_scores_uncalibrated,,unavailable,,0,0
2026-10-10,弥彦,8,082120261010,1791608340,1791608040,5,3,15272,中釜章成,逃,109.69,,,,,0.024825562792797604,0.009289456685697198,0.06660783544461368,0.10811291120008298,position_specialists,0.009289456685697198,False,,,A,0.23,0.423,0.13,0.17,-0.05024593674553467,0.04964789844281283,-0.07633271495684232,0.009901475429766741,0.0011460006453713006,,0,,,0,,cumulative_place,,,False,1.0,1.0,3.0,3,verified,winticket_line_prediction,provider_forecast_structure_only,0.9289456685697198,6.660783544461369,10.811291120008299,5,7,5,coverage_validated_cumulative_scores_uncalibrated,,unavailable,,0,0
2026-10-10,弥彦,8,082120261010,1791608340,1791608040,6,2,13880,岩津裕介,追,111.3,,,,,0.018386520506957885,0.006646775836141323,0.10864450168341379,0.18130628413968503,position_specialists,0.006646775836141323,False,,,A,0.433,0.5660000000000001,0.16,0.16,-0.11402744156584177,-0.11248835798592642,0.03968480705632143,0.009901475429766741,0.0009265537132789242,,0,,,0,,cumulative_place,,,False,3.0,3.0,3.0,3,verified,winticket_line_prediction,provider_forecast_structure_only,0.6646775836141322,10.86445016834138,18.130628413968502,6,4,1,coverage_validated_cumulative_scores_uncalibrated,,unavailable,,0,0
2026-10-10,弥彦,8,082120261010,1791608340,1791608040,7,6,15696,荒川達郎,逃,104.04,,,,,0.01707266663428469,0.005680031849740772,0.07047850421200605,0.048940758648880374,position_specialists,0.005680031849740772,False,,,A,0.434,0.608,0.14,0.12,-0.03740280890118757,0.01716155267760088,0.009440691658644529,-0.04356649189097367,0.0009265537132789242,,0,,,0,,cumulative_place,,,False,2.0,1.0,3.0,3,verified,winticket_line_prediction,provider_forecast_structure_only,0.5680031849740772,7.047850421200605,4.894075864888038,7,6,9,coverage_validated_cumulative_scores_uncalibrated,,unavailable,,0,0
2026-10-10,弥彦,8,082120261010,1791608340,1791608040,8,7,13904,佐藤友和,両,109.46,,,,,0.01462306359850845,0.0034294049756500387,0.061795005859252176,0.0759156006495232,position_specialists,0.0034294049756500387,False,,,A,0.312,0.437,0.05,0.05,-0.12834582077083045,-0.16663226759461303,-0.17136100344196414,-0.007921180343813396,0.0006095748113677137,,0,,,0,,cumulative_place,,,False,2.0,3.0,3.0,3,verified,winticket_line_prediction,provider_forecast_structure_only,0.3429404975650039,6.179500585925218,7.59156006495232,8,8,6,coverage_validated_cumulative_scores_uncalibrated,,unavailable,,0,0
2026-10-10,弥彦,8,082120261010,1791608340,1791608040,9,8,14996,岡本総,追,106.47,,,,,0.006723790484244693,0.0017006399680483167,0.03989170394675588,0.06463781427730216,position_specialists,0.0017006399680483167,False,,,A,0.304,0.391,0.06,0.25,-0.05024593674553467,-0.16663226759461303,-0.11859955081739276,0.009901475429766741,0.0015848945095560548,,0,,,0,,cumulative_place,,,False,1.0,3.0,3.0,3,verified,winticket_line_prediction,provider_forecast_structure_only,0.17006399680483167,3.9891703946755883,6.463781427730216,9,9,8,coverage_validated_cumulative_scores_uncalibrated,,unavailable,,0,0
2026-10-10,富山,9,094620261010,1791609600,1791609300,1,1,14168,高橋和也,両,102.31,,,,,0.5278243939371697,0.6911317408692098,0.17319246484014816,0.1366528742390222,position_specialists,0.6911317408692097,False,,0.5109988422706663,S,0.4479999999999999,0.551,0.14,0.12,0.22265678632658512,0.008902009414550537,0.2955957448453052,-0.032659863237109045,0.0020662483857440783,,0,,,0,,cumulative_place,,,False,1.0,1.0,3.0,3,verified,winticket_line_prediction,provider_forecast_structure_only,69.11317408692098,17.319246484014812,13.66528742390222,1,2,3,coverage_validated_cumulative_scores_uncalibrated,,unavailable,,0,0
2026-10-10,富山,9,094620261010,1791609600,1791609300,2,4,14248,吉川起也,両,98.3,,,,,0.24097501785901287,0.18013289859854345,0.33479972822649073,0.22009778798070367,position_specialists,0.18013289859854342,False,,,S,0.192,0.307,0.18,0.1,0.038306543884143694,0.29958412795903183,-0.028056615125529184,-0.032659863237109045,0.0020662483857440783,,0,,,0,,cumulative_place,,,False,1.0,2.0,3.0,3,verified,winticket_line_prediction,provider_forecast_structure_only,18.013289859854346,33.47997282264907,22.009778798070368,2,1,1,coverage_validated_cumulative_scores_uncalibrated,,unavailable,,0,0
2026-10-10,富山,9,094620261010,1791609600,1791609300,3,7,15340,幸田望夢,逃,97.03,,,,,0.06799048624963984,0.04516151524150693,0.10104998567832969,0.11974758079045594,position_specialists,0.045161515241506925,False,,,S,0.192,0.307,0.11,0.11,0.021547430934830743,-0.09690171953384832,0.05490347889640064,0.19595917942265428,0.000724999433594414,,0,,,0,,cumulative_place,,,False,3.0,1.0,2.0,3,verified,winticket_line_prediction,provider_forecast_structure_only,4.516151524150693,10.104998567832968,11.974758079045595,3,5,6,coverage_validated_cumulative_scores_uncalibrated,,unavailable,,0,0
2026-10-10,富山,9,094620261010,1791609600,1791609300,4,2,15366,張野幸聖,逃,96.77,,,,,0.05516650188831445,0.034729680862573456,0.10932223030779899,0.1360694438022539,position_specialists,0.03472968086257345,False,,,S,0.185,0.222,0.13,0.04,-0.06224813381173356,0.24696039954844803,0.024946807183198104,-0.032659863237109045,0.0025737479892601685,,0,,,0,,cumulative_place,,,False,2.0,1.0,2.0,3,verified,winticket_line_prediction,provider_forecast_structure_only,3.4729680862573455,10.932223030779896,13.60694438022539,4,4,4,coverage_validated_cumulative_scores_uncalibrated,,unavailable,,0,0
2026-10-10,富山,9,094620261010,1791609600,1791609300,5,3,14576,中田雄喜,追,100.25,,,,,0.06880686888926507,0.034531972203158984,0.15930354479339706,0.16608685112467292,position_specialists,0.03453197220315898,False,,,S,0.147,0.259,0.12,0.16,-0.028729907913107807,-0.0046015927676149645,-0.11101670914745904,-0.032659863237109045,0.0025012480459007274,,0,,,0,,cumulative_place,,,False,3.0,2.0,2.0,3,verified,winticket_line_prediction,provider_forecast_structure_only,3.4531972203158983,15.930354479339703,16.608685112467292,5,3,2,coverage_validated_cumulative_scores_uncalibrated,,unavailable,,0,0
2026-10-10,富山,9,094620261010,1791609600,1791609300,6,5,14399,佐川翔吾,両,94.72,,,,,0.028348051996317986,0.011467135253923894,0.08463220740864681,0.09854390757852745,position_specialists,0.011467135253923892,False,,,S,0.166,0.3879999999999999,0.23,0.12,-0.011970794963795005,0.1276530684178836,-0.1496808430991886,-0.032659863237109045,0.0017399986406265932,,0,,,0,,cumulative_place,,,False,2.0,2.0,2.0,3,verified,winticket_line_prediction,provider_forecast_structure_only,1.1467135253923895,8.46322074086468,9.854390757852745,6,6,7,coverage_validated_cumulative_scores_uncalibrated,,unavailable,,0,0
2026-10-10,富山,9,094620261010,1791609600,1791609300,7,6,14978,谷口明正,両,94.37,,,,,0.010888679180279982,0.002845056971083525,0.03769983874518862,0.12280155448436392,position_specialists,0.0028450569710835247,False,,,S,0.16,0.16,0.0,0.0,-0.17956192445692362,-0.21323019416436395,-0.08669186355272715,-0.032659863237109045,0.0017399986406265932,,0,,,0,,cumulative_place,,,False,1.0,3.0,3.0,3,verified,winticket_line_prediction,provider_forecast_structure_only,0.2845056971083525,3.7699838745188607,12.280155448436393,7,7,5,coverage_validated_cumulative_scores_uncalibrated,,unavailable,,0,0
2026-10-10,弥彦,9,092120261010,1791610560,1791610260,1,2,15341,坂井洋,両,114.06,,,,,0.27621815292782453,0.37093396840071813,0.17982002220148186,0.17431230982223608,position_specialists,0.3709339684007181,False,,0.15750335082583253,B,0.466,0.6,0.11,0.14,0.012978897081096761,0.16763417453130333,0.18841288042653986,0.13195013239259612,0.000983058784964668,,0,,,0,,cumulative_place,,,False,2.0,2.0,3.0,4,verified,winticket_line_prediction,provider_forecast_structure_only,37.09339684007181,17.982002220148186,17.431230982223607,1,1,1,coverage_validated_cumulative_scores_uncalibrated,,unavailable,,0,0
2026-10-10,弥彦,9,092120261010,1791610560,1791610260,2,5,15061,取鳥雄吾,逃,112.18,,,,,0.21446777874517392,0.21343061757488557,0.1647993171479515,0.13839096781790686,position_specialists,0.21343061757488554,False,,,B,0.5,0.59,0.0,0.22,0.05703386312459466,0.4266695229323477,0.04046743453973395,-0.14598738051946805,0.00200392752319721,,0,,,0,,cumulative_place,,,False,4.0,2.0,2.0,4,verified,winticket_line_prediction,provider_forecast_structure_only,21.343061757488556,16.47993171479515,13.839096781790685,2,3,2,coverage_validated_cumulative_scores_uncalibrated,,unavailable,,0,0
2026-10-10,弥彦,9,092120261010,1791610560,1791610260,3,9,15343,佐々木悠葵,両,114.5,,,,,0.15501243792801825,0.15834658108524383,0.17848380906979558,0.12887514299672137,position_specialists,0.1583465810852438,False,,,B,0.4539999999999999,0.636,0.17,0.08,0.1531459653705013,0.03457734637096381,0.010679289466312933,0.06457134138361086,0.0016636379437863628,,0,,,0,,cumulative_place,,,False,2.0,1.0,3.0,4,verified,winticket_line_prediction,provider_forecast_structure_only,15.834658108524383,17.848380906979557,12.887514299672137,3,2,3,coverage_validated_cumulative_scores_uncalibrated,,unavailable,,0,0
2026-10-10,弥彦,9,092120261010,1791610560,1791610260,4,1,15034,新山響平,逃,114.96,,,,,0.13088587336449128,0.1190644855792101,0.13902891538740209,0.11328336951953787,position_specialists,0.11906448557921008,False,,,B,0.4639999999999999,0.535,0.2,0.14,-0.043090081743139524,-0.010083920594733502,0.056951612933738016,0.06457134138361086,0.0013989682709112607,,0,,,0,,cumulative_place,,,False,1.0,1.0,2.0,4,verified,winticket_line_prediction,provider_forecast_structure_only,11.90644855792101,13.902891538740208,11.328336951953787,4,4,5,coverage_validated_cumulative_scores_uncalibrated,,unavailable,,0,0
2026-10-10,弥彦,9,092120261010,1791610560,1791610260,5,7,14054,新田祐大,両,114.47,,,,,0.09447788873766043,0.07240959774529761,0.10784102234901402,0.11396411890494827,position_specialists,0.0724095977452976,False,,,B,0.478,0.565,0.14,0.14,-0.27804511951185196,0.1497696677450244,0.10341830967485263,-0.02807449625374385,0.0020795474297329542,,0,,,0,,cumulative_place,,,False,1.0,2.0,2.0,4,verified,winticket_line_prediction,provider_forecast_structure_only,7.2409597745297605,10.784102234901402,11.396411890494827,5,5,4,coverage_validated_cumulative_scores_uncalibrated,,unavailable,,0,0
2026-10-10,弥彦,9,092120261010,1791610560,1791610260,6,3,13962,南修二,追,114.41,,,,,0.045884041053507414,0.02543560553470236,0.06270910272461697,0.08052660500971189,position_specialists,0.025435605534702355,False,,,B,0.222,0.3879999999999999,0.16,0.1,-0.09114613286609281,0.015785866847932525,-0.19902737880162294,0.022459597002995088,0.0020795474297329542,,0,,,0,,cumulative_place,,,False,3.0,2.0,2.0,4,verified,winticket_line_prediction,provider_forecast_structure_only,2.5435605534702357,6.2709102724616965,8.05266050097119,6,7,7,coverage_validated_cumulative_scores_uncalibrated,,unavailable,,0,0
2026-10-10,弥彦,9,092120261010,1791610560,1791610260,7,8,15464,町田太我,逃,110.16,,,,,0.03680770562176813,0.017792107990461742,0.061773359592460844,0.0752386393480972,position_specialists,0.01779210799046174,False,,,B,0.36,0.52,0.21,0.11,-0.12317632858648016,0.06137410655038217,-0.06557555234822271,-0.061763891758236475,0.00200392752319721,,0,,,0,,cumulative_place,,,False,4.0,1.0,2.0,4,verified,winticket_line_prediction,provider_forecast_structure_only,1.779210799046174,6.177335959246085,7.52386393480972,7,8,8,coverage_validated_cumulative_scores_uncalibrated,,unavailable,,0,0
2026-10-10,弥彦,9,092120261010,1791610560,1791610260,8,4,14860,吉澤純平,両,110.78,,,,,0.024516526985631743,0.013085466691290001,0.07000206199743753,0.10715307170955543,position_specialists,0.01308546669129,False,,,B,0.38,0.428,0.33,0.0,0.1531459653705013,-0.226059058161358,-0.04889700068052911,0.022459597002995088,0.00200392752319721,,0,,,0,,cumulative_place,,,False,2.0,3.0,3.0,4,verified,winticket_line_prediction,provider_forecast_structure_only,1.3085466691290002,7.000206199743753,10.715307170955542,8,6,6,coverage_validated_cumulative_scores_uncalibrated,,unavailable,,0,0
2026-10-10,弥彦,9,092120261010,1791610560,1791610260,9,6,14317,山田久徳,両,108.56,,,,,0.021729594635924315,0.009501569398190742,0.03554238952983963,0.06825577487128497,position_specialists,0.00950156939819074,False,,,B,0.28,0.48,0.04,0.27,0.15915297176087043,-0.13513546809868596,-0.08642959521080257,-0.07018624063435965,0.0031004161679654956,,0,,,0,,cumulative_place,,,False,3.0,1.0,2.0,4,verified,winticket_line_prediction,provider_forecast_structure_only,0.9501569398190742,3.554238952983963,6.825577487128497,9,9,9,coverage_validated_cumulative_scores_uncalibrated,,unavailable,,0,0
2026-10-10,富山,10,104620261010,1791611700,1791611400,1,5,15725,青木瑞樹,逃,103.64,,,,,0.3536573830131688,0.500836820533106,0.17821112805448644,0.10653571840755345,position_specialists,0.500836820533106,False,,0.24104368795416709,A,0.48,0.56,0.16,0.06,0.07085697210072574,0.12607035771168254,0.27660687733339817,0.08418607504309289,0.00302829691852731,,0,,,0,,cumulative_place,,,False,3.0,1.0,3.0,4,verified,winticket_line_prediction,provider_forecast_structure_only,50.083682053310596,17.821112805448642,10.653571840755344,1,2,6,coverage_validated_cumulative_scores_uncalibrated,,unavailable,,0,0
2026-10-10,富山,10,104620261010,1791611700,1791611400,2,7,14955,市橋司優人,両,102.52,,,,,0.2731835309840388,0.2597931325789389,0.17804058661770658,0.15642013137518065,position_specialists,0.2597931325789389,False,,,A,0.36,0.48,0.1,0.15,0.17347741445350082,0.006135952733398661,0.14711721039362616,-0.02158617308797254,0.0004519846147055688,,0,,,0,,cumulative_place,,,False,1.0,2.0,2.0,4,verified,winticket_line_prediction,provider_forecast_structure_only,25.97931325789389,17.804058661770657,15.642013137518061,2,3,3,coverage_validated_cumulative_scores_uncalibrated,,unavailable,,0,0
2026-10-10,富山,10,104620261010,1791611700,1791611400,3,1,14499,佐藤博紀,両,103.3,,,,,0.1439662456501953,0.1056454293249452,0.17727482181087584,0.15967138986403634,position_specialists,0.1056454293249452,False,,,A,0.217,0.565,0.0,0.25,-0.014660063193253539,0.10606141696619895,-0.10973884073534215,0.12196187794704483,0.002079129227645616,,0,,,0,,cumulative_place,,,False,2.0,1.0,1.0,4,verified,winticket_line_prediction,provider_forecast_structure_only,10.56454293249452,17.727482181087584,15.967138986403631,3,4,2,coverage_validated_cumulative_scores_uncalibrated,,unavailable,,0,0
2026-10-10,富山,10,104620261010,1791611700,1791611400,4,4,14863,一戸康宏,両,98.39,,,,,0.09538205308908554,0.06708044535352978,0.10359444189582245,0.12324279281947034,position_specialists,0.06708044535352978,False,,,A,0.25,0.392,0.0,0.33,0.1050637862183174,0.2211001725587774,0.010711724224258838,-0.0518068154111341,0.00013559538441167046,,0,,,0,,cumulative_place,,,False,4.0,1.0,1.0,4,verified,winticket_line_prediction,provider_forecast_structure_only,6.708044535352978,10.359444189582245,12.32427928194703,4,6,5,coverage_validated_cumulative_scores_uncalibrated,,unavailable,,0,0
2026-10-10,富山,10,104620261010,1791611700,1791611400,5,2,15296,上田尭弥,逃,99.88,,,,,0.09958160145807189,0.055773509928881596,0.11869613082116896,0.15371939158897163,position_specialists,0.055773509928881596,False,,,A,0.384,0.423,0.16,0.06,-0.08307369142843703,0.011031602119104113,0.06069977060413344,-0.04425165483034371,0.0010847630752933645,,0,,,0,,cumulative_place,,,False,1.0,1.0,2.0,4,verified,winticket_line_prediction,provider_forecast_structure_only,5.577350992888159,11.869613082116896,15.37193915889716,5,5,4,coverage_validated_cumulative_scores_uncalibrated,,unavailable,,0,0
2026-10-10,富山,10,104620261010,1791611700,1791611400,6,3,14108,山中貴雄,追,98.12,,,,,0.027387673003229248,0.009369375094297833,0.1922007013124266,0.19832688731660164,position_specialists,0.009369375094297833,False,,,A,0.156,0.281,0.17,0.11,-0.08307369142843703,-0.08014311396103518,-0.07676735694052171,-0.12735842121903798,0.003615876917644549,,0,,,0,,cumulative_place,,,False,3.0,2.0,3.0,4,verified,winticket_line_prediction,provider_forecast_structure_only,0.9369375094297833,19.220070131242657,19.83268873166016,6,1,1,coverage_validated_cumulative_scores_uncalibrated,,unavailable,,0,0
2026-10-10,富山,10,104620261010,1791611700,1791611400,7,6,14186,網谷竜次,追,96.58,,,,,0.006841512802210438,0.0015012871863007672,0.05198218948751313,0.10208368862818594,position_specialists,0.0015012871863007672,False,,,A,0.0409999999999999,0.125,0.1,0.21,-0.1685907267224163,-0.20081096585002495,-0.3086293848795527,0.03885511155835055,0.00018079384588222787,,0,,,0,,cumulative_place,,,False,3.0,3.0,3.0,4,verified,winticket_line_prediction,provider_forecast_structure_only,0.1501287186300767,5.198218948751313,10.208368862818592,7,7,7,coverage_validated_cumulative_scores_uncalibrated,,unavailable,,0,0
2026-10-10,弥彦,10,102120261010,1791612780,1791612480,1,3,15203,松本貴治,両,117.83,,,,,0.400249834010882,0.3905431386215215,0.15715897282620533,0.10949800718700528,position_specialists,0.3905431386215215,False,,0.19059110664437154,B,0.5,0.642,0.23,0.06,0.1047647561320472,-0.006646134756130091,-0.08316983416209943,-0.05219086739723833,0.00035505386876834907,,0,,,0,,cumulative_place,,,False,2.0,2.0,3.0,4,verified,winticket_line_prediction,provider_forecast_structure_only,39.05431386215215,15.715897282620533,10.949800718700528,1,2,4,coverage_validated_cumulative_scores_uncalibrated,,unavailable,,0,0
2026-10-10,弥彦,10,102120261010,1791612780,1791612480,2,5,15465,石原颯,逃,115.33,,,,,0.16796183559453393,0.19995203197714997,0.2053678906199675,0.14270072590616473,position_specialists,0.19995203197714997,False,,,B,0.5,0.625,0.17,0.07,-0.11708254597160947,0.16257572401180215,0.02818759196486821,0.17456945301834886,0.0026524612549164877,,0,,,0,,cumulative_place,,,False,2.0,1.0,3.0,4,verified,winticket_line_prediction,provider_forecast_structure_only,19.995203197714996,20.53678906199675,14.270072590616472,2,1,2,coverage_validated_cumulative_scores_uncalibrated,,unavailable,,0,0
2026-10-10,弥彦,10,102120261010,1791612780,1791612480,3,1,15451,山口拳矢,両,115.26,,,,,0.11664347230270383,0.13789812654728215,0.14390662243506983,0.10068453466500488,position_specialists,0.13789812654728215,False,,,B,0.615,0.653,0.17,0.12,-0.003042831521253994,0.107103622414298,0.16900915661851879,-0.05219086739723833,0.0015246430835346738,,0,,,0,,cumulative_place,,,False,1.0,1.0,2.0,4,verified,winticket_line_prediction,provider_forecast_structure_only,13.789812654728214,14.390662243506982,10.068453466500488,3,3,6,coverage_validated_cumulative_scores_uncalibrated,,unavailable,,0,0
2026-10-10,弥彦,10,102120261010,1791612780,1791612480,4,7,14089,浅井康太,両,114.29,,,,,0.08343659532128335,0.09826777333697703,0.09834883795311372,0.11909997087465497,position_specialists,0.09826777333697703,False,,,B,0.354,0.483,0.06,0.18,0.06730969340687543,0.20137424623451045,0.02614806301069198,0.04499212706658474,0.0005847946073831623,,0,,,0,,cumulative_place,,,False,1.0,2.0,2.0,4,verified,winticket_line_prediction,provider_forecast_structure_only,9.826777333697704,9.834883795311372,11.909997087465497,4,5,3,coverage_validated_cumulative_scores_uncalibrated,,unavailable,,0,0
2026-10-10,弥彦,10,102120261010,1791612780,1791612480,5,4,14659,武藤龍生,追,113.25,,,,,0.06020626160907452,0.0643448572052436,0.059911320975529626,0.10314148724338851,position_specialists,0.0643448572052436,False,,,B,0.444,0.518,0.19,0.11,0.14075710090160895,0.021089916042621983,0.04794365814677773,0.09358362429849627,0.0011069326496895584,,0,,,0,,cumulative_place,,,False,4.0,2.0,2.0,4,verified,winticket_line_prediction,provider_forecast_structure_only,6.434485720524361,5.9911320975529625,10.314148724338851,5,8,5,coverage_validated_cumulative_scores_uncalibrated,,unavailable,,0,0
2026-10-10,弥彦,10,102120261010,1791612780,1791612480,6,8,14047,山田英明,両,112.92,,,,,0.05608090185298826,0.03928672904609405,0.08710068249323348,0.08934315022038772,position_specialists,0.03928672904609405,False,,,B,0.428,0.642,0.17,0.21,0.10325967651259119,0.07656201764012616,-0.14923646255508205,-0.05219086739723833,0.0035505386876834885,,0,,,0,,cumulative_place,,,False,3.0,2.0,2.0,4,verified,winticket_line_prediction,provider_forecast_structure_only,3.9286729046094053,8.710068249323347,8.934315022038772,6,6,8,coverage_validated_cumulative_scores_uncalibrated,,unavailable,,0,0
2026-10-10,弥彦,10,102120261010,1791612780,1791612480,7,2,15298,嘉永泰斗,逃,114.35,,,,,0.05579449759620234,0.034302499738267676,0.08211882311275445,0.09903133397970844,position_specialists,0.034302499738267676,False,,,B,0.4,0.45,0.12,0.09,-0.23150351539657904,0.0377634954174178,-0.04996655921942676,-0.05219086739723833,0.0005847946073831623,,0,,,0,,cumulative_place,,,False,3.0,1.0,2.0,4,verified,winticket_line_prediction,provider_forecast_structure_only,3.4302499738267676,8.211882311275446,9.903133397970844,7,7,7,coverage_validated_cumulative_scores_uncalibrated,,unavailable,,0,0
2026-10-10,弥彦,10,102120261010,1791612780,1791612480,8,9,15125,佐々木豪,逃,113.26,,,,,0.03911828446675241,0.022810192113728756,0.1166339372549869,0.17587540229802157,position_specialists,0.022810192113728756,False,,,B,0.423,0.5,0.0,0.0,0.008551767411088599,-0.34720649989015223,0.07041909626758888,-0.05219086739723833,0.002610690211531977,,0,,,0,,cumulative_place,,,False,2.0,3.0,3.0,4,verified,winticket_line_prediction,provider_forecast_structure_only,2.2810192113728753,11.66339372549869,17.58754022980216,8,4,1,coverage_validated_cumulative_scores_uncalibrated,,unavailable,,0,0
2026-10-10,弥彦,10,102120261010,1791612780,1791612480,9,6,15516,木村皆斗,逃,108.57,,,,,0.020508317245579413,0.012594651413735275,0.04945291232913922,0.060625387625663926,position_specialists,0.012594651413735275,False,,,B,0.284,0.535,0.1,0.12,-0.07301410147476936,0.23191585100868234,-0.05933471007183744,-0.05219086739723833,0.0022765218644558837,,0,,,0,,cumulative_place,,,False,4.0,1.0,2.0,4,verified,winticket_line_prediction,provider_forecast_structure_only,1.2594651413735276,4.945291232913922,6.062538762566392,9,9,9,coverage_validated_cumulative_scores_uncalibrated,,unavailable,,0,0
2026-10-10,富山,11,114620261010,1791613860,1791613560,1,3,15521,中島詩音,逃,104.0,,,,,0.45367908806264423,0.5406265036183074,0.13309704855948243,0.10330151993092354,position_specialists,0.5406265036183074,False,,0.2020987227559775,A,0.356,0.5,0.17,0.12,0.16074079567700963,0.0638816986999477,0.046180588990218215,0.11473690322657883,0.0011290648942424723,,0,,,0,,cumulative_place,,,False,1.0,1.0,3.0,3,verified,winticket_line_prediction,provider_forecast_structure_only,54.06265036183074,13.309704855948244,10.330151993092354,1,4,5,coverage_validated_cumulative_scores_uncalibrated,,unavailable,,0,0
2026-10-10,富山,11,114620261010,1791613860,1791613560,2,4,15174,菊池竣太朗,両,102.4,,,,,0.33613418951745516,0.33852778086232993,0.17037383435002523,0.10492206700266346,position_specialists,0.33852778086232993,False,,,A,0.35,0.45,0.22,0.08,0.054716242580277734,0.1829091890026752,0.09994230939279797,-0.0829636069484493,0.003763549647474907,,0,,,0,,cumulative_place,,,False,2.0,1.0,2.0,3,verified,winticket_line_prediction,provider_forecast_structure_only,33.852778086232995,17.03738343500253,10.492206700266346,2,3,4,coverage_validated_cumulative_scores_uncalibrated,,unavailable,,0,0
2026-10-10,富山,11,114620261010,1791613860,1791613560,3,1,13410,伊勢崎彰大,追,100.04,,,,,0.05788015922190981,0.0399119299150295,0.22856654575663987,0.15876310137508745,position_specialists,0.0399119299150295,False,,,A,0.28,0.4,0.25,0.11,0.018932955910130736,-0.06203580834355975,0.1261293690780389,-0.0829636069484493,0.0017688683343132056,,0,,,0,,cumulative_place,,,False,2.0,2.0,2.0,3,verified,winticket_line_prediction,provider_forecast_structure_only,3.9911929915029503,22.856654575663992,15.876310137508746,3,1,2,coverage_validated_cumulative_scores_uncalibrated,,unavailable,,0,0
2026-10-10,富山,11,114620261010,1791613860,1791613560,4,2,15448,長屋秀明,逃,94.57,,,,,0.052181658642498574,0.03418284441984971,0.09324195760317493,0.09552535537613573,position_specialists,0.03418284441984971,False,,,A,0.105,0.21,0.0,0.2,-0.13612795299383965,0.378365905776532,-0.09477047693754144,0.09002433945470031,0.0008656164189192287,,0,,,0,,cumulative_place,,,False,3.0,2.0,2.0,3,verified,winticket_line_prediction,provider_forecast_structure_only,3.4182844419849707,9.324195760317494,9.552535537613572,4,5,6,coverage_validated_cumulative_scores_uncalibrated,,unavailable,,0,0
2026-10-10,富山,11,114620261010,1791613860,1791613560,5,7,14147,柿沼信也,追,96.8,,,,,0.05939233527602155,0.027071937212432708,0.21891571259632467,0.3356260845366584,position_specialists,0.027071937212432708,False,,,A,0.12,0.36,0.2,0.22,-0.028778092983398663,-0.03823031028301423,-0.1151045722175211,-0.008825915632813758,0.0028226622356061796,,0,,,0,,cumulative_place,,,False,1.0,2.0,3.0,3,verified,winticket_line_prediction,provider_forecast_structure_only,2.7071937212432706,21.89157125963247,33.56260845366584,5,2,1,coverage_validated_cumulative_scores_uncalibrated,,unavailable,,0,0
2026-10-10,富山,11,114620261010,1791613860,1791613560,6,5,14163,内田英介,追,96.75,,,,,0.020227586492234398,0.01299578256690501,0.0752058437131803,0.12583081354673162,position_specialists,0.01299578256690501,False,,,A,0.187,0.3429999999999999,0.11,0.22,0.10242729147380708,-0.13708703146653306,0.06582088375414889,0.052955493796882525,0.0004516259576969884,,0,,,0,,cumulative_place,,,False,1.0,3.0,3.0,3,verified,winticket_line_prediction,provider_forecast_structure_only,1.299578256690501,7.520584371318031,12.583081354673162,6,7,3,coverage_validated_cumulative_scores_uncalibrated,,unavailable,,0,0
2026-10-10,富山,11,114620261010,1791613860,1791613560,7,6,15816,伊東佑晟,逃,93.32,,,,,0.020504982787236295,0.006683221405145749,0.0805990574211725,0.07603105823179983,position_specialists,0.006683221405145749,False,,,A,0.035,0.107,0.14,0.09,-0.17191123966398675,-0.01943754451196154,-0.12819810206014157,-0.0829636069484493,0.0007150744330202321,,0,,,0,,cumulative_place,,,False,3.0,1.0,2.0,3,verified,winticket_line_prediction,provider_forecast_structure_only,0.668322140514575,8.059905742117252,7.603105823179983,7,6,7,coverage_validated_cumulative_scores_uncalibrated,,unavailable,,0,0
2026-10-10,弥彦,11,112120261010,1791615000,1791614700,1,5,15242,眞杉匠,逃,120.75,,,,,0.5491352750182127,0.6295158597904262,0.19728614759021684,0.17028050585996007,position_specialists,0.6295158597904263,False,,0.5163567487587103,S,0.5379999999999999,0.6920000000000001,0.33,0.13,-0.030318486634148767,0.35349246508124355,-0.13539847681783784,0.08077880346566667,0.0026759744320226904,,0,,,0,,cumulative_place,,,False,2.0,2.0,2.0,4,verified,winticket_line_prediction,provider_forecast_structure_only,62.951585979042626,19.728614759021685,17.028050585996002,1,1,1,coverage_validated_cumulative_scores_uncalibrated,,unavailable,,0,0
2026-10-10,弥彦,11,112120261010,1791615000,1791614700,2,3,14794,阿部力也,追,113.04,,,,,0.10385784557203424,0.11315911103171604,0.13380448351329988,0.12062789976715915,position_specialists,0.11315911103171607,False,,,S,0.4579999999999999,0.75,0.22,0.18,0.21108050458284738,0.222517659677288,0.03145540096441907,-0.011833837450384304,0.00041812100500354535,,0,,,0,,cumulative_place,,,False,1.0,2.0,2.0,4,verified,winticket_line_prediction,provider_forecast_structure_only,11.315911103171604,13.380448351329989,12.062789976715912,2,3,4,coverage_validated_cumulative_scores_uncalibrated,,unavailable,,0,0
2026-10-10,弥彦,11,112120261010,1791615000,1791614700,3,9,14462,小原太樹,追,112.84,,,,,0.09506952498672849,0.09794567625229983,0.11896492972932873,0.1530541484088808,position_specialists,0.09794567625229986,False,,,S,0.5379999999999999,0.6920000000000001,0.18,0.17,0.07635333781136819,0.17340210765080466,0.1596273309910139,-0.05350952586260724,0.0013379872160113456,,0,,,0,,cumulative_place,,,False,3.0,2.0,3.0,4,verified,winticket_line_prediction,provider_forecast_structure_only,9.794567625229982,11.896492972932874,15.305414840888076,3,4,3,coverage_validated_cumulative_scores_uncalibrated,,unavailable,,0,0
2026-10-10,弥彦,11,112120261010,1791615000,1791614700,4,1,15412,菊池岳仁,逃,112.52,,,,,0.08358880111359306,0.05256455224489735,0.1493217607410122,0.15748161002899552,position_specialists,0.05256455224489737,False,,,S,0.421,0.526,0.2,0.1,0.07156708256745965,0.006132605300259268,-0.05522818151143592,-0.0859239501832251,0.001672484020014182,,0,,,0,,cumulative_place,,,False,2.0,1.0,2.0,4,verified,winticket_line_prediction,provider_forecast_structure_only,5.256455224489735,14.93217607410122,15.748161002899549,4,2,2,coverage_validated_cumulative_scores_uncalibrated,,unavailable,,0,0
2026-10-10,弥彦,11,112120261010,1791615000,1791614700,5,2,15213,山崎賢人,逃,112.04,,,,,0.06764683360271172,0.05167765325112486,0.08542932580440755,0.08054121140830632,position_specialists,0.051677653251124875,False,,,S,0.4579999999999999,0.583,0.15,0.12,-0.12573741234585056,0.1534792613797092,-0.04380369470059682,0.14560765210690238,0.002926847035024818,,0,,,0,,cumulative_place,,,False,4.0,1.0,2.0,4,verified,winticket_line_prediction,provider_forecast_structure_only,5.167765325112486,8.542932580440755,8.054121140830631,5,7,7,coverage_validated_cumulative_scores_uncalibrated,,unavailable,,0,0
2026-10-10,弥彦,11,112120261010,1791615000,1791614700,6,4,14380,根田空史,逃,111.27,,,,,0.038068001560999855,0.024994233818232767,0.11030558466651194,0.08636533596466704,position_specialists,0.024994233818232774,False,,,S,0.413,0.586,0.23,0.09,-0.1931009957315902,0.006132605300259268,0.10300760925505963,0.043733747099246295,0.0008362420100070907,,0,,,0,,cumulative_place,,,False,3.0,1.0,3.0,4,verified,winticket_line_prediction,provider_forecast_structure_only,2.4994233818232767,11.030558466651193,8.636533596466702,6,5,6,coverage_validated_cumulative_scores_uncalibrated,,unavailable,,0,0
2026-10-10,弥彦,11,112120261010,1791615000,1791614700,7,7,14524,松谷秀幸,追,111.43,,,,,0.025763987863748603,0.014474265093005815,0.10057559710208906,0.10279450686701527,position_specialists,0.014474265093005818,False,,,S,0.416,0.5,0.1,0.0,0.022610145945206182,-0.20086291233009088,-0.007928146740012465,0.05299501119085138,8.362420100070893e-05,,0,,,0,,cumulative_place,,,False,3.0,3.0,3.0,4,verified,winticket_line_prediction,provider_forecast_structure_only,1.4474265093005816,10.057559710208906,10.279450686701525,7,6,5,coverage_validated_cumulative_scores_uncalibrated,,unavailable,,0,0
2026-10-10,弥彦,11,112120261010,1791615000,1791614700,8,8,14112,小川勇介,追,107.64,,,,,0.018601364869186943,0.008524941873883413,0.0512567017656305,0.06931646925251495,position_specialists,0.008524941873883415,False,,,S,0.321,0.5710000000000001,0.19,0.23,0.03144428222087509,-0.08854750315710626,-0.03729040753114375,-0.0859239501832251,0.0025923502310219817,,0,,,0,,cumulative_place,,,False,4.0,2.0,2.0,4,verified,winticket_line_prediction,provider_forecast_structure_only,0.8524941873883413,5.12567017656305,6.931646925251493,8,9,8,coverage_validated_cumulative_scores_uncalibrated,,unavailable,,0,0
2026-10-10,弥彦,11,112120261010,1791615000,1791614700,9,6,15324,小原佑太,逃,105.66,,,,,0.018268365412784354,0.007143706644413545,0.05305546908750328,0.05953831244250099,position_specialists,0.0071437066444135465,False,,,S,0.36,0.44,0.13,0.11,-0.0638984584161677,-0.14121405077919064,-0.014441433909465548,-0.0859239501832251,0.0028432228340241087,,0,,,0,,cumulative_place,,,False,1.0,1.0,2.0,4,verified,winticket_line_prediction,provider_forecast_structure_only,0.7143706644413544,5.305546908750328,5.9538312442500985,9,8,9,coverage_validated_cumulative_scores_uncalibrated,,unavailable,,0,0
2026-10-10,平塚,1,013520261010,1791615300,1791615000,1,2,14630,利根正明,逃,87.54,,,,,0.37230707111386674,0.5074810271768051,0.13744721649609712,0.12536188319428657,position_specialists,0.5074810271768051,False,,0.06182367200939576,C,0.416,0.583,0.14,0.09,0.24105580306533136,0.2835687073947911,0.2991187397566782,0.0,0.00336605161495837,,0,,,0,,cumulative_place,,0.0,False,1.0,1.0,2.0,3,verified,winticket_line_prediction,provider_forecast_structure_only,50.74810271768051,13.744721649609712,12.536188319428659,1,4,5,coverage_validated_cumulative_scores_uncalibrated,,unavailable,,0,0
2026-10-10,平塚,1,013520261010,1791615300,1791615000,2,1,15785,福田健太,逃,89.14,,,,,0.5091320202560994,0.44565735516740934,0.17714499937928263,0.1500744937135501,position_specialists,0.44565735516740934,False,,,C,0.523,0.5710000000000001,0.24,0.08,0.10327925746883365,0.1138445250838124,0.14285498650663658,0.0,0.0014771881187946802,,0,,,0,,cumulative_place,,0.0,False,2.0,1.0,3.0,3,verified,winticket_line_prediction,provider_forecast_structure_only,44.565735516740936,17.714499937928263,15.007449371355014,2,3,4,coverage_validated_cumulative_scores_uncalibrated,,unavailable,,0,0
2026-10-10,平塚,1,013520261010,1791615300,1791615000,3,4,14037,橋本勝弘,追,81.59,,,,,0.06593487283670378,0.032816897053560896,0.21779024289102322,0.1965350409541708,position_specialists,0.032816897053560896,False,,,C,0.18,0.318,0.05,0.21,0.05691014491963753,0.13557560359242993,0.0006049804068774742,0.0,0.0009928641454193749,,0,,,0,,cumulative_place,,0.0,False,1.0,2.0,2.0,3,verified,winticket_line_prediction,provider_forecast_structure_only,3.2816897053560896,21.779024289102324,19.653504095417084,3,2,2,coverage_validated_cumulative_scores_uncalibrated,,unavailable,,0,0
2026-10-10,平塚,1,013520261010,1791615300,1791615000,4,5,15180,下岡将也,逃,80.45,,,,,0.025200489964192135,0.007131037406248995,0.0802962078878393,0.1236616198806289,position_specialists,0.007131037406248995,False,,,C,0.083,0.25,0.08,0.04,-0.14709308937292864,-0.026410855408459746,-0.11049343156582869,0.0,0.0004601077747065399,,0,,,0,,cumulative_place,,0.0,False,3.0,1.0,1.0,3,verified,winticket_line_prediction,provider_forecast_structure_only,0.7131037406248996,8.02962078878393,12.366161988062892,4,5,6,coverage_validated_cumulative_scores_uncalibrated,,unavailable,,0,0
2026-10-10,平塚,1,013520261010,1791615300,1791615000,5,6,14742,河野淳吾,追,79.9,,,,,0.02296682945857198,0.005952640147607943,0.3127131353961992,0.24252394030733662,position_specialists,0.005952640147607943,False,,,C,0.09,0.181,0.26,0.19,-0.12590472117496593,-0.11129593431444829,-0.11049343156582869,0.0,0.002155241681520107,,0,,,0,,cumulative_place,,0.0,False,2.0,2.0,3.0,3,verified,winticket_line_prediction,provider_forecast_structure_only,0.5952640147607943,31.27131353961992,24.252394030733665,5,1,1,coverage_validated_cumulative_scores_uncalibrated,,unavailable,,0,0
2026-10-10,平塚,1,013520261010,1791615300,1791615000,6,3,12882,鈴木愼二,追,80.73,,,,,0.004458716370565874,0.0009610430483677524,0.07460819794955846,0.16184302195002706,position_specialists,0.0009610430483677524,False,,,C,0.0,0.083,0.0,0.07,-0.1282473949059084,-0.17440395921082102,-0.22159184353853484,0.0,0.002155241681520107,,0,,,0,,cumulative_place,,1.0,False,2.0,3.0,3.0,3,verified,winticket_line_prediction,provider_forecast_structure_only,0.09610430483677523,7.460819794955846,16.184302195002708,6,6,3,coverage_validated_cumulative_scores_uncalibrated,,unavailable,,0,0
2026-10-10,富山,12,124620261010,1791616080,1791615780,1,4,15235,嵯峨昇喜郎,両,109.59,,,,,0.3648438694757614,0.44577917256774147,0.18685574256365647,0.08999794317373895,position_specialists,0.44577917256774147,False,,0.18809684172901103,B,0.478,0.608,0.28,0.1,0.15362434307181458,0.011489112736632381,0.1079502509154788,0.02476507219818455,0.0003314683161860166,,0,,,0,,cumulative_place,,,False,3.0,1.0,3.0,3,verified,winticket_line_prediction,provider_forecast_structure_only,44.57791725677415,18.685574256365648,8.999794317373896,1,2,6,coverage_validated_cumulative_scores_uncalibrated,,unavailable,,0,0
2026-10-10,富山,12,124620261010,1791616080,1791615780,2,2,14977,川口聖二,両,105.1,,,,,0.19579299206966225,0.25768233083873043,0.12219769941226621,0.15974520606543904,position_specialists,0.25768233083873043,False,,,B,0.344,0.517,0.22,0.0,0.10474387027623726,0.3980280327962762,0.1615790542054465,-0.05844557038771558,0.0014087403437905712,,0,,,0,,cumulative_place,,,False,2.0,2.0,2.0,3,verified,winticket_line_prediction,provider_forecast_structure_only,25.768233083873042,12.219769941226621,15.974520606543905,2,3,2,coverage_validated_cumulative_scores_uncalibrated,,unavailable,,0,0
2026-10-10,富山,12,124620261010,1791616080,1791615780,3,3,15043,大矢崇弘,追,106.17,,,,,0.22029325043284687,0.13004256798004227,0.3357472627611287,0.27132446415213,position_specialists,0.13004256798004227,False,,,B,0.222,0.3329999999999999,0.16,0.13,-0.009310566246776607,0.13441077623122877,-0.17579755548646941,-0.05844557038771558,0.002071676976162604,,0,,,0,,cumulative_place,,,False,3.0,2.0,3.0,3,verified,winticket_line_prediction,provider_forecast_structure_only,13.004256798004226,33.57472627611287,27.132446415213003,3,1,1,coverage_validated_cumulative_scores_uncalibrated,,unavailable,,0,0
2026-10-10,富山,12,124620261010,1791616080,1791615780,4,1,14421,松川高大,両,104.44,,,,,0.11356263846737803,0.11983994625536577,0.0801316132158017,0.0863557621947898,position_specialists,0.11983994625536577,False,,,B,0.379,0.551,0.17,0.13,0.03956990654880072,0.1695597437732351,0.09037753787853509,0.17038369672350978,0.0014916074228370744,,0,,,0,,cumulative_place,,,False,1.0,2.0,2.0,3,verified,winticket_line_prediction,provider_forecast_structure_only,11.983994625536578,8.01316132158017,8.63557621947898,4,6,7,coverage_validated_cumulative_scores_uncalibrated,,unavailable,,0,0
2026-10-10,富山,12,124620261010,1791616080,1791615780,5,7,15122,島川将貴,逃,103.04,,,,,0.05369399061669831,0.026431548160716443,0.10182581687254295,0.15704455092471375,position_specialists,0.026431548160716443,False,,,B,0.23,0.423,0.08,0.12,-0.05819103904235394,-0.09395778988938656,0.009479000854015325,-0.05844557038771558,0.0034389837804299234,,0,,,0,,cumulative_place,,,False,1.0,1.0,2.0,3,verified,winticket_line_prediction,provider_forecast_structure_only,2.6431548160716445,10.182581687254295,15.704455092471376,5,4,3,coverage_validated_cumulative_scores_uncalibrated,,unavailable,,0,0
2026-10-10,富山,12,124620261010,1791616080,1791615780,6,5,15628,村田祐樹,逃,101.65,,,,,0.03611676766596859,0.01478648134213035,0.0938881423649713,0.12162727562168901,position_specialists,0.01478648134213035,False,,,B,0.24,0.241,0.19,0.13,-0.22112594836094512,-0.07638330611838343,0.020234280457321008,-0.05844557038771558,0.0014087403437905712,,0,,,0,,cumulative_place,,,False,2.0,1.0,2.0,3,verified,winticket_line_prediction,provider_forecast_structure_only,1.478648134213035,9.38881423649713,12.162727562168902,6,5,4,coverage_validated_cumulative_scores_uncalibrated,,unavailable,,0,0
2026-10-10,富山,12,124620261010,1791616080,1791615780,7,6,14458,近藤保,追,101.46,,,,,0.015696491271684612,0.005437952855273259,0.07935372280963271,0.11390479786749935,position_specialists,0.005437952855273259,False,,,B,0.187,0.312,0.18,0.18,-0.009310566246776607,-0.17478047065551594,-0.2138225688243272,0.038633512629167914,0.0023617117528253683,,0,,,0,,cumulative_place,,,False,3.0,3.0,3.0,3,verified,winticket_line_prediction,provider_forecast_structure_only,0.5437952855273259,7.935372280963271,11.390479786749935,7,7,5,coverage_validated_cumulative_scores_uncalibrated,,unavailable,,0,0
2026-10-10,岐阜,1,014320261010,1791616380,1791616080,1,5,15841,中西勇,逃,76.16,,,,,0.7013275336132043,0.7846484590160597,0.18874138329416074,0.2720378168741,position_specialists,0.7846484590160595,False,,0.6513591822723044,S,0.5,0.625,0.16,0.06,0.11407932956116154,0.2644761383463321,0.2598826419696959,-0.05880834034919059,0.004494701996913224,,0,,,0,,cumulative_place,,0.0,False,1.0,1.0,4.0,2,ambiguous,winticket_line_prediction,provider_forecast_structure_only,78.46484590160597,18.874138329416073,27.20378168741,1,2,1,coverage_validated_cumulative_scores_uncalibrated,,unavailable,,0,0
2026-10-10,岐阜,1,014320261010,1791616380,1791616080,2,7,13767,松丸裕紀,追,72.23,,,,,0.1814598113648587,0.13328927674375513,0.39982713628195204,0.20318286309812514,position_specialists,0.1332892767437551,False,,,S,0.192,0.461,0.18,0.09,0.10020481650642567,0.1897316394834883,0.0983327547771124,0.016662363098937333,0.0004332242888591061,,0,,,0,,cumulative_place,,0.0,False,1.0,2.0,4.0,2,ambiguous,winticket_line_prediction,provider_forecast_structure_only,13.328927674375512,39.98271362819521,20.318286309812514,2,1,2,coverage_validated_cumulative_scores_uncalibrated,,unavailable,,0,0
2026-10-10,岐阜,1,014320261010,1791616380,1791616080,3,4,12208,鰐渕正利,追,73.1,,,,,0.05421869141771906,0.04544603851750283,0.16936728650599525,0.13349577786823558,position_specialists,0.045446038517502826,False,,,S,0.237,0.428,0.13,0.26,0.0739974029585913,0.16425799402880284,0.0983327547771124,0.16760376999519316,0.00032491821664432937,,0,,,0,,cumulative_place,,0.0,False,2.0,2.0,3.0,2,ambiguous,winticket_line_prediction,provider_forecast_structure_only,4.544603851750283,16.936728650599527,13.349577786823557,3,3,4,coverage_validated_cumulative_scores_uncalibrated,,unavailable,,0,0
2026-10-10,岐阜,1,014320261010,1791616380,1791616080,4,1,14027,臼井昌巨,両,71.54,,,,,0.05217958048591189,0.03425292089812788,0.14447511337199564,0.10087766743896583,position_specialists,0.03425292089812787,False,,,S,0.225,0.387,0.07,0.19,0.058581277342218116,0.13710791107290454,0.06694218852822277,0.05096722830263184,0.001570438047114259,,0,,,0,,cumulative_place,,0.0,False,2.0,1.0,3.0,2,ambiguous,winticket_line_prediction,provider_forecast_structure_only,3.4252920898127877,14.447511337199565,10.087766743896582,4,4,5,coverage_validated_cumulative_scores_uncalibrated,,unavailable,,0,0
2026-10-10,岐阜,1,014320261010,1791616380,1791616080,5,3,13794,川西亮介,追,67.24,,,,,0.005059655543158194,0.001281853901519095,0.038760800935693146,0.08253201610854004,position_specialists,0.0012818539015190947,False,,,S,0.04,0.2,0.0,0.15,-0.010791287931461186,-0.15362693461075289,-0.15350989272549703,-0.05880834034919059,0.001570438047114259,,0,,,0,,cumulative_place,,0.0,False,2.0,3.0,3.0,2,ambiguous,winticket_line_prediction,provider_forecast_structure_only,0.1281853901519095,3.8760800935693145,8.253201610854004,5,5,6,coverage_validated_cumulative_scores_uncalibrated,,unavailable,,0,0
2026-10-10,岐阜,1,014320261010,1791616380,1791616080,6,6,12913,増田鉄男,追,64.75,,,,,0.0037589992432676468,0.0006774215462840423,0.03729641726538876,0.14878059905689348,position_specialists,0.0006774215462840422,False,,,S,0.0,0.0,0.0,0.3,-0.1726606069033796,-0.15362693461075289,-0.21647055460114942,-0.05880834034919059,0.00032491821664432937,,0,,,0,,cumulative_place,,0.9779498644493673,False,1.0,3.0,4.0,2,ambiguous,winticket_line_prediction,provider_forecast_structure_only,0.06774215462840423,3.7296417265388757,14.878059905689348,6,6,3,coverage_validated_cumulative_scores_uncalibrated,,unavailable,,0,0
2026-10-10,岐阜,1,014320261010,1791616380,1791616080,7,2,11198,大竹慎吾,追,65.33,,,,,0.0019957283318802563,0.0004040293767513714,0.021531862344814363,0.05909325955514005,position_specialists,0.0004040293767513713,False,,,S,0.036,0.074,0.01,0.07,-0.1634109315335556,-0.15362693461075289,-0.15350989272549703,-0.05880834034919059,0.001570438047114259,,0,,,0,,cumulative_place,,0.02205013555063274,False,1.0,4.0,4.0,2,ambiguous,winticket_line_prediction,provider_forecast_structure_only,0.04040293767513714,2.1531862344814363,5.909325955514005,7,7,7,coverage_validated_cumulative_scores_uncalibrated,,unavailable,,0,0
2026-10-10,平塚,2,023520261010,1791616800,1791616500,1,5,15932,生野優翔,逃,89.14,,,,,0.6625709919940364,0.8966602387047076,0.16438541169794177,0.15400849314948087,position_specialists,0.8966602387047076,False,,0.853737618543048,S,0.475,0.7140000000000001,0.2,0.19,0.16804107115467726,0.2559916443543452,0.38022884248852756,0.05860956455560303,0.004175761144040145,,0,,,0,,cumulative_place,,,False,2.0,1.0,3.0,3,incomplete,winticket_line_prediction,provider_forecast_structure_only,89.66602387047075,16.43854116979418,15.400849314948086,1,2,4,coverage_validated_cumulative_scores_uncalibrated,,unavailable,,0,0
2026-10-10,平塚,2,023520261010,1791616800,1791616500,2,1,14992,楠野史尭,両,81.42,,,,,0.12729367933086574,0.04292262016165964,0.09171325303796561,0.10292233484106467,position_specialists,0.04292262016165964,False,,,S,0.25,0.375,0.21,0.15,-0.05432431885407519,0.15474158484780737,-0.1503767920391458,0.13229015999693255,0.0007692191581126585,,0,,,0,,cumulative_place,,,False,1.0,1.0,3.0,3,incomplete,winticket_line_prediction,provider_forecast_structure_only,4.292262016165964,9.171325303796563,10.292233484106466,2,6,5,coverage_validated_cumulative_scores_uncalibrated,,unavailable,,0,0
2026-10-10,平塚,2,023520261010,1791616800,1791616500,3,7,14513,樋口絢土,追,81.0,,,,,0.09248987215561828,0.030177000519699796,0.13209777402870557,0.19386295607857473,position_specialists,0.030177000519699796,False,,,S,0.125,0.312,0.18,0.16,-0.0024324926051694784,0.19720659964413087,-0.1358566924682453,0.021769266834938274,0.0005494422557947563,,0,,,0,,cumulative_place,,,False,1.0,2.0,3.0,3,incomplete,winticket_line_prediction,provider_forecast_structure_only,3.0177000519699795,13.209777402870559,19.386295607857473,3,3,2,coverage_validated_cumulative_scores_uncalibrated,,unavailable,,0,0
2026-10-10,平塚,2,023520261010,1791616800,1791616500,4,4,13857,浅沼聖士,追,82.92,,,,,0.05229302279222035,0.015742257343554503,0.11774553480509324,0.10230273249658701,position_specialists,0.015742257343554503,False,,,S,0.12,0.36,0.12,0.25,0.10439202864811276,-0.19186660666687125,-0.020081185130758083,-0.035165738733361825,0.0007692191581126585,,0,,,0,,cumulative_place,,,False,3.0,1.0,1.0,3,incomplete,winticket_line_prediction,provider_forecast_structure_only,1.5742257343554504,11.774553480509326,10.230273249658701,4,5,6,coverage_validated_cumulative_scores_uncalibrated,,unavailable,,0,0
2026-10-10,平塚,2,023520261010,1791616800,1791616500,5,3,13348,内藤敦,追,81.87,,,,,0.04793466645929539,0.010512404929856986,0.37591300657652854,0.25492077491947707,position_specialists,0.010512404929856986,False,,,S,0.125,0.3329999999999999,0.1,0.12,-0.19449379573837494,-0.07616856102352126,-0.0369570864251892,-0.08875162632705604,0.0015933825418047926,,0,,,0,,cumulative_place,,,False,2.0,2.0,3.0,3,incomplete,winticket_line_prediction,provider_forecast_structure_only,1.0512404929856987,37.59130065765286,25.492077491947708,5,1,1,coverage_validated_cumulative_scores_uncalibrated,,unavailable,,0,0
2026-10-10,平塚,2,023520261010,1791616800,1791616500,6,2,13036,深澤伸介,追,80.12,,,,,0.017417767267963805,0.0039854783405215725,0.11814501985376517,0.19198270851481564,position_specialists,0.0039854783405215725,False,,,S,0.125,0.291,0.1,0.21,-0.021182492605169478,-0.11902657401858642,-0.0369570864251892,-0.08875162632705604,0.0015933825418047926,,0,,,0,,cumulative_place,,,False,2.0,3.0,3.0,3,incomplete,winticket_line_prediction,provider_forecast_structure_only,0.39854783405215727,11.81450198537652,19.198270851481563,6,4,3,coverage_validated_cumulative_scores_uncalibrated,,unavailable,,0,0
2026-10-10,弥彦,12,122120261010,1791617400,1791617100,1,4,14534,深谷知広,逃,116.26,,,,,0.24989282978452282,0.43457674999542395,0.11561670842487566,0.1547741930912361,position_specialists,0.43457674999542395,False,,0.23231015329897425,A,0.615,0.73,0.18,0.0,0.13963213250918843,0.3986661653560067,0.2566432914398028,0.09439897379263046,0.0015896999721542906,,0,,,0,,cumulative_place,,,False,1.0,2.0,2.0,4,verified,winticket_line_prediction,provider_forecast_structure_only,43.4576749995424,11.561670842487565,15.477419309123611,1,3,2,coverage_validated_cumulative_scores_uncalibrated,,unavailable,,0,0
2026-10-10,弥彦,12,122120261010,1791617400,1791617100,2,3,15039,吉田拓矢,両,120.78,,,,,0.24104653701657539,0.2022665966964497,0.11220248635784247,0.13457743297488742,position_specialists,0.2022665966964497,False,,,A,0.6,0.733,0.11,0.11,-0.06164542695273615,0.12895665050084495,-0.051397480843988305,0.11553307240292089,0.0010725686559113282,,0,,,0,,cumulative_place,,,False,3.0,1.0,2.0,4,verified,winticket_line_prediction,provider_forecast_structure_only,20.22665966964497,11.220248635784246,13.457743297488742,2,4,3,coverage_validated_cumulative_scores_uncalibrated,,unavailable,,0,0
2026-10-10,弥彦,12,122120261010,1791617400,1791617100,3,9,15413,寺崎浩平,逃,115.75,,,,,0.19738041069266823,0.1561954800422711,0.2012721527727948,0.1592200063702065,position_specialists,0.1561954800422711,False,,,A,0.625,0.625,0.5,0.0,0.05004574518939449,0.22181634020312885,-0.02131604045390035,0.00986257935146885,0.0009001915504970074,,0,,,0,,cumulative_place,,,False,4.0,2.0,3.0,4,verified,winticket_line_prediction,provider_forecast_structure_only,15.61954800422711,20.127215277279483,15.92200063702065,3,1,1,coverage_validated_cumulative_scores_uncalibrated,,unavailable,,0,0
2026-10-10,弥彦,12,122120261010,1791617400,1791617100,4,1,14741,郡司浩平,両,116.66,,,,,0.0860033516993515,0.09249866962697681,0.15063731652400697,0.09617397155994445,position_specialists,0.09249866962697681,False,,,A,0.68,0.72,0.25,0.07,-0.006204254810605513,0.016415852676286376,0.3022816211951427,0.06481123573822392,0.0027963397100545353,,0,,,0,,cumulative_place,,,False,1.0,1.0,2.0,4,verified,winticket_line_prediction,provider_forecast_structure_only,9.24986696269768,15.063731652400698,9.617397155994444,4,2,7,coverage_validated_cumulative_scores_uncalibrated,,unavailable,,0,0
2026-10-10,弥彦,12,122120261010,1791617400,1791617100,5,2,14838,古性優作,両,119.5,,,,,0.09614310184513099,0.05417781531175716,0.10111819984717824,0.13125782899626087,position_specialists,0.05417781531175716,False,,,A,0.4,0.7,0.3,0.13,-0.0026638097385230965,0.03249310950836619,-0.0825112595744922,-0.14652975036468016,0.0011683337144748399,,0,,,0,,cumulative_place,,,False,2.0,1.0,2.0,4,verified,winticket_line_prediction,provider_forecast_structure_only,5.417781531175716,10.111819984717824,13.125782899626087,5,6,4,coverage_validated_cumulative_scores_uncalibrated,,unavailable,,0,0
2026-10-10,弥彦,12,122120261010,1791617400,1791617100,6,7,15035,阿部拓真,両,114.44,,,,,0.03674307410625605,0.027036210945624497,0.09711617151345649,0.10056908917475262,position_specialists,0.027036210945624497,False,,,A,0.461,0.5,0.25,0.1,0.22840969197111297,-0.0193425122780681,0.08448517008161543,-0.08735427425586702,0.0022025963469607633,,0,,,0,,cumulative_place,,,False,3.0,2.0,2.0,4,verified,winticket_line_prediction,provider_forecast_structure_only,2.7036210945624495,9.71161715134565,10.056908917475262,6,7,6,coverage_validated_cumulative_scores_uncalibrated,,unavailable,,0,0
2026-10-10,弥彦,12,122120261010,1791617400,1791617100,7,8,13516,荒井崇博,両,114.38,,,,,0.03702994155148232,0.016193585014840507,0.07809493693180573,0.07289552394935198,position_specialists,0.016193585014840507,False,,,A,0.3329999999999999,0.555,0.16,0.16,-0.04829247452227575,0.0369278866342112,-0.20386935947525994,0.0056357596294107646,0.002106831288397252,,0,,,0,,cumulative_place,,,False,2.0,2.0,2.0,4,verified,winticket_line_prediction,provider_forecast_structure_only,1.6193585014840508,7.809493693180573,7.289552394935198,7,8,8,coverage_validated_cumulative_scores_uncalibrated,,unavailable,,0,0
2026-10-10,弥彦,12,122120261010,1791617400,1791617100,8,5,14396,脇本雄太,逃,114.52,,,,,0.04782492858078848,0.014861744549455169,0.10371248783076968,0.11215324389773665,position_specialists,0.014861744549455169,False,,,A,0.315,0.368,0.0,0.0,-0.13079797169790483,-0.24331493774536736,-0.15823102971992004,-0.04085925731322813,0.002719727663203726,,0,,,0,,cumulative_place,,,False,4.0,3.0,3.0,4,verified,winticket_line_prediction,provider_forecast_structure_only,1.486174454945517,10.371248783076968,11.215324389773665,8,5,5,coverage_validated_cumulative_scores_uncalibrated,,unavailable,,0,0
2026-10-10,弥彦,12,122120261010,1791617400,1791617100,9,6,15362,脇本勇希,逃,106.33,,,,,0.007935824723224263,0.0021931478172010663,0.04022953979726992,0.03837870998562347,position_specialists,0.0021931478172010663,False,,,A,0.24,0.36,0.07,0.12,-0.16848363194765054,-0.08808631673223231,-0.1260849126490002,-0.015498338980879638,0.0023749734523750843,,0,,,0,,cumulative_place,,,False,4.0,1.0,3.0,4,verified,winticket_line_prediction,provider_forecast_structure_only,0.21931478172010663,4.022953979726992,3.8378709985623467,9,9,9,coverage_validated_cumulative_scores_uncalibrated,,unavailable,,0,0
2026-10-10,岐阜,2,024320261010,1791617820,1791617520,1,4,16025,高佐龍太郎,逃,79.11,,,,,0.8868300095761268,0.9544898352999077,0.21367262100858173,0.28838984449654786,position_specialists,0.9544898352999077,False,,0.9386645345770404,S,0.833,0.888,0.47,0.05,0.2423857730183116,0.32664767843513975,0.323503525001022,-0.06365294729932364,0.004560422333559847,,0,,,0,,cumulative_place,,0.0,False,1.0,1.0,3.0,3,verified,winticket_line_prediction,provider_forecast_structure_only,95.44898352999077,21.36726210085817,28.838984449654788,1,2,1,coverage_validated_cumulative_scores_uncalibrated,,unavailable,,0,0
2026-10-10,岐阜,2,024320261010,1791617820,1791617520,2,3,14120,永田修一,追,72.73,,,,,0.040520908737496815,0.015825300722867364,0.41844547847209185,0.1974999756559755,position_specialists,0.015825300722867364,False,,,S,0.304,0.521,0.23,0.16,-0.026603316550790297,-0.046740874159341285,-0.009376412604033067,-0.06365294729932364,0.0013953531020593564,,0,,,0,,cumulative_place,,0.0,False,1.0,2.0,3.0,3,verified,winticket_line_prediction,provider_forecast_structure_only,1.5825300722867364,41.84454784720918,19.74999756559755,2,1,3,coverage_validated_cumulative_scores_uncalibrated,,unavailable,,0,0
2026-10-10,岐阜,2,024320261010,1791617820,1791617520,3,1,13964,高田大輔,追,72.57,,,,,0.025237531135519693,0.011004889894806443,0.09326898196012066,0.08548061228283141,position_specialists,0.011004889894806443,False,,,S,0.284,0.428,0.15,0.15,0.045816822948583275,0.05653483032673505,-0.05224248310273868,-0.06365294729932364,0.0013953531020593564,,0,,,0,,cumulative_place,,0.0,False,2.0,2.0,2.0,3,verified,winticket_line_prediction,provider_forecast_structure_only,1.1004889894806442,9.326898196012065,8.54806122828314,3,4,5,coverage_validated_cumulative_scores_uncalibrated,,unavailable,,0,0
2026-10-10,岐阜,2,024320261010,1791617820,1791617520,4,2,14705,沢田勇治,両,71.78,,,,,0.020538799125472386,0.008148182630284944,0.09766968463910404,0.0858325507074017,position_specialists,0.008148182630284944,False,,,S,0.272,0.424,0.15,0.1,-0.026603316550790297,-0.12518352869144417,0.08063159468904291,-0.06365294729932364,0.0010380065759222042,,0,,,0,,cumulative_place,,0.0,False,3.0,1.0,2.0,3,verified,winticket_line_prediction,provider_forecast_structure_only,0.8148182630284945,9.766968463910402,8.58325507074017,4,3,4,coverage_validated_cumulative_scores_uncalibrated,,unavailable,,0,0
2026-10-10,岐阜,2,024320261010,1791617820,1791617520,5,5,12383,田村光昭,追,69.6,,,,,0.01323549273399256,0.006536816417825184,0.06258166867321464,0.06965940214090358,position_specialists,0.006536816417825184,False,,,S,0.3,0.35,0.13,0.11,-0.047294784979182776,0.2501767762381281,-0.05224248310273868,0.08050225687855635,0.0001531485112016367,,0,,,0,,cumulative_place,,0.0,False,3.0,2.0,2.0,3,verified,winticket_line_prediction,provider_forecast_structure_only,0.6536816417825184,6.258166867321463,6.965940214090358,5,6,6,coverage_validated_cumulative_scores_uncalibrated,,unavailable,,0,0
2026-10-10,岐阜,2,024320261010,1791617820,1791617520,6,6,14413,松本充生,両,66.66,,,,,0.006732060817094704,0.002137345451543594,0.05020084770227126,0.058869084100172296,position_specialists,0.002137345451543594,False,,,S,0.125,0.125,0.03,0.07,-0.15075212712114505,0.0168205649769108,-0.1094330462816989,0.14602734968668363,0.0013953531020593564,,0,,,0,,cumulative_place,,0.0,False,2.0,1.0,2.0,3,verified,winticket_line_prediction,provider_forecast_structure_only,0.21373454515435938,5.020084770227125,5.88690841001723,6,7,7,coverage_validated_cumulative_scores_uncalibrated,,unavailable,,0,0
2026-10-10,岐阜,2,024320261010,1791617820,1791617520,7,7,12547,横瀬聡,追,68.91,,,,,0.006905197874297117,0.0018576295827646588,0.06416071754461587,0.21426853061616763,position_specialists,0.0018576295827646588,False,,,S,0.125,0.3329999999999999,0.06,0.24,-0.036949050764986585,-0.10988934825204183,-0.18084069459885552,0.02808218263205454,0.000510495037338789,,0,,,0,,cumulative_place,,1.0,False,1.0,3.0,3.0,3,verified,winticket_line_prediction,provider_forecast_structure_only,0.18576295827646588,6.416071754461585,21.426853061616765,7,5,2,coverage_validated_cumulative_scores_uncalibrated,,unavailable,,0,0
2026-10-10,平塚,3,033520261010,1791618240,1791617940,1,2,14728,三好恵一郎,両,93.15,,,,,0.4643850468276549,0.5847095739359494,0.1576112993136656,0.15016474642623093,position_specialists,0.5847095739359494,False,,0.2715523312352184,A,0.55,0.8,0.2,0.04,0.09262257302243235,0.29684729333543197,0.12328311520754968,0.19595917942265428,0.0006579634650100374,,0,,,0,,cumulative_place,,,False,2.0,2.0,2.0,3,verified,winticket_line_prediction,provider_forecast_structure_only,58.47095739359494,15.761129931366561,15.016474642623093,1,4,4,coverage_validated_cumulative_scores_uncalibrated,,unavailable,,0,0
2026-10-10,平塚,3,033520261010,1791618240,1791617940,2,7,15189,山本隼人,追,89.81,,,,,0.30075401961511683,0.313157242700731,0.2548526541300341,0.15422792564432214,position_specialists,0.313157242700731,False,,,A,0.478,0.7390000000000001,0.25,0.17,0.29167787018022395,0.260541310526908,0.12328311520754968,-0.032659863237109045,0.0018542606741191957,,0,,,0,,cumulative_place,,,False,3.0,2.0,3.0,3,verified,winticket_line_prediction,provider_forecast_structure_only,31.315724270073098,25.48526541300341,15.422792564432214,2,1,3,coverage_validated_cumulative_scores_uncalibrated,,unavailable,,0,0
2026-10-10,平塚,3,033520261010,1791618240,1791617940,3,5,14460,矢口大樹,両,89.05,,,,,0.09521685168975745,0.041664361798941105,0.21771404822499024,0.16856581840809276,position_specialists,0.041664361798941105,False,,,A,0.2769999999999999,0.3329999999999999,0.12,0.07,-0.1311126614779715,0.06269365088222799,-0.05224278179080244,-0.032659863237109045,0.0018542606741191957,,0,,,0,,cumulative_place,,,False,2.0,1.0,2.0,3,verified,winticket_line_prediction,provider_forecast_structure_only,4.16643617989411,21.771404822499026,16.856581840809277,3,2,2,coverage_validated_cumulative_scores_uncalibrated,,unavailable,,0,0
2026-10-10,平塚,3,033520261010,1791618240,1791617940,4,4,15057,小林史也,逃,85.5,,,,,0.07970247667940697,0.040680137351595154,0.17328091808268675,0.19410733331368582,position_specialists,0.040680137351595154,False,,,A,0.3329999999999999,0.416,0.14,0.1,-0.09802654519705581,0.09899963369075208,0.08839743923666761,-0.032659863237109045,0.0001794445813663736,,0,,,0,,cumulative_place,,,False,3.0,1.0,3.0,3,verified,winticket_line_prediction,provider_forecast_structure_only,4.068013735159515,17.328091808268674,19.410733331368583,4,3,1,coverage_validated_cumulative_scores_uncalibrated,,unavailable,,0,0
2026-10-10,平塚,3,033520261010,1791618240,1791617940,5,1,14332,芳野匠,追,84.48,,,,,0.039021362970980494,0.014463135405315929,0.06493703059802948,0.11559170756699626,position_specialists,0.014463135405315929,False,,,A,0.222,0.3329999999999999,0.19,0.17,-0.06494042891614023,0.006399430867239655,-0.04491894252134604,-0.032659863237109045,0.002332779557762859,,0,,,0,,cumulative_place,,,False,1.0,2.0,2.0,3,verified,winticket_line_prediction,provider_forecast_structure_only,1.4463135405315928,6.493703059802948,11.559170756699626,5,6,6,coverage_validated_cumulative_scores_uncalibrated,,unavailable,,0,0
2026-10-10,平塚,3,033520261010,1791618240,1791617940,6,6,14615,藤原亮太,両,80.29,,,,,0.012884697828448286,0.003208291231875011,0.05085974933660065,0.07715750575777493,position_specialists,0.003208291231875011,False,,,A,0.166,0.25,0.07,0.17,-0.09802654519705581,-0.13698925456465422,-0.09586781579131186,-0.032659863237109045,0.0022729646973074003,,0,,,0,,cumulative_place,,,False,1.0,1.0,2.0,3,verified,winticket_line_prediction,provider_forecast_structure_only,0.3208291231875011,5.085974933660065,7.715750575777493,6,7,7,coverage_validated_cumulative_scores_uncalibrated,,unavailable,,0,0
2026-10-10,平塚,3,033520261010,1791618240,1791617940,7,3,13041,三浦稔希,追,83.19,,,,,0.00803554438863493,0.0021172575755925285,0.08074430031399316,0.1401849628828972,position_specialists,0.0021172575755925285,False,,,A,0.136,0.2269999999999999,0.2,0.16,0.007805737585567456,-0.22012596586381908,-0.14193412954830673,-0.032659863237109045,0.00317018760413927,,0,,,0,,cumulative_place,,,False,3.0,3.0,3.0,3,verified,winticket_line_prediction,provider_forecast_structure_only,0.21172575755925285,8.074430031399316,14.01849628828972,7,5,5,coverage_validated_cumulative_scores_uncalibrated,,unavailable,,0,0
2026-10-10,岐阜,3,034320261010,1791619200,1791618900,1,1,15994,林欣司,逃,70.05,,,,,0.3722346616598686,0.35977102473005546,0.20504054159234222,0.17201637540542156,position_specialists,0.35977102473005546,False,,0.10686921177102565,B,0.3329999999999999,0.444,0.11,0.11,0.04097008354101929,0.2992935536024765,-0.015196346002662287,-0.08548369836739145,0.001023989395744329,,0,,,0,,cumulative_place,,,False,1.0,1.0,3.0,3,verified,winticket_line_prediction,provider_forecast_structure_only,35.977102473005544,20.504054159234222,17.20163754054216,1,2,2,coverage_validated_cumulative_scores_uncalibrated,,unavailable,,0,0
2026-10-10,岐阜,3,034320261010,1791619200,1791618900,2,2,14274,吉成晃一,両,71.0,,,,,0.15819468450655855,0.2529018129590298,0.12921280313845723,0.10851664263654931,position_specialists,0.2529018129590298,False,,,B,0.289,0.387,0.1,0.15,0.18436537593458643,0.1243836001191407,0.18571427692239628,0.1022452078511937,0.001023989395744329,,0,,,0,,cumulative_place,,,False,2.0,1.0,2.0,3,verified,winticket_line_prediction,provider_forecast_structure_only,25.29018129590298,12.921280313845724,10.851664263654932,2,4,5,coverage_validated_cumulative_scores_uncalibrated,,unavailable,,0,0
2026-10-10,岐阜,3,034320261010,1791619200,1791618900,3,4,13480,林洋二,追,71.0,,,,,0.22195821223212164,0.1841985769292761,0.2454494557740511,0.2680510070351007,position_specialists,0.1841985769292761,False,,,B,0.222,0.407,0.12,0.22,-0.07374615037383428,0.077058783682104,0.013308774752681302,0.008380754741901126,0.001023989395744329,,0,,,0,,cumulative_place,,,False,1.0,2.0,3.0,3,verified,winticket_line_prediction,provider_forecast_structure_only,18.41985769292761,24.544945577405112,26.805100703510078,3,1,1,coverage_validated_cumulative_scores_uncalibrated,,unavailable,,0,0
2026-10-10,岐阜,3,034320261010,1791619200,1791618900,4,3,13802,大林亮介,追,73.25,,,,,0.11070585845831259,0.11726198608285282,0.14743330938836116,0.10339088057315848,position_specialists,0.11726198608285282,False,,,B,0.259,0.518,0.31,0.13,0.04097008354101929,0.002097375046388648,0.08282766939528022,-0.08548369836739145,0.00036335107590927803,,0,,,0,,cumulative_place,,,False,3.0,2.0,2.0,3,verified,winticket_line_prediction,provider_forecast_structure_only,11.726198608285282,14.743330938836117,10.33908805731585,4,3,6,coverage_validated_cumulative_scores_uncalibrated,,unavailable,,0,0
2026-10-10,岐阜,3,034320261010,1791619200,1791618900,5,7,14407,森佑樹,逃,68.77,,,,,0.07598610073394184,0.05418317075782149,0.11086442646109809,0.11036202410855969,position_specialists,0.05418317075782149,False,,,B,0.185,0.296,0.21,0.09,-0.07374615037383428,0.09939646390723562,-0.015196346002662287,0.04357992465788584,0.004756595902812367,,0,,,0,,cumulative_place,,,False,3.0,1.0,2.0,3,verified,winticket_line_prediction,provider_forecast_structure_only,5.418317075782149,11.08644264610981,11.03620241085597,5,5,4,coverage_validated_cumulative_scores_uncalibrated,,unavailable,,0,0
2026-10-10,岐阜,3,034320261010,1791619200,1791618900,6,5,11665,倉岡慎太郎,追,68.44,,,,,0.042627086388475705,0.025453493264137754,0.09390957125466312,0.08457899969317374,position_specialists,0.025453493264137754,False,,,B,0.111,0.222,0.23,0.02,0.06964914201973288,0.02708451125829376,-0.19524790917511542,0.1022452078511937,0.001023989395744329,,0,,,0,,cumulative_place,,,False,2.0,2.0,2.0,3,verified,winticket_line_prediction,provider_forecast_structure_only,2.5453493264137754,9.390957125466311,8.457899969317376,6,6,7,coverage_validated_cumulative_scores_uncalibrated,,unavailable,,0,0
2026-10-10,岐阜,3,034320261010,1791619200,1791618900,7,6,13861,岡田大門,両,68.23,,,,,0.018293396020721046,0.006229935276826647,0.06808989239102708,0.1530840705480364,position_specialists,0.006229935276826647,False,,,B,0.192,0.192,0.07,0.15,-0.18846238428868808,-0.2609481887415529,-0.05621011988991761,-0.08548369836739145,0.001023989395744329,,0,,,0,,cumulative_place,,,False,1.0,3.0,3.0,3,verified,winticket_line_prediction,provider_forecast_structure_only,0.6229935276826647,6.808989239102709,15.308407054803645,7,7,3,coverage_validated_cumulative_scores_uncalibrated,,unavailable,,0,0
2026-10-10,平塚,4,043520261010,1791619680,1791619380,1,7,15893,岩辺陸,逃,91.0,,,,,0.42702922608741717,0.5998853703193685,0.19244330815433647,0.15789442668276601,position_specialists,0.5998853703193685,False,,0.4474474071079947,S,0.475,0.6659999999999999,0.14,0.11,0.10215744861586726,0.3472672442260181,0.15176703239056105,-0.0492365963917331,0.004768530764635078,,0,,,0,,cumulative_place,,,False,1.0,1.0,3.0,3,verified,winticket_line_prediction,provider_forecast_structure_only,59.98853703193685,19.244330815433646,15.789442668276601,1,2,3,coverage_validated_cumulative_scores_uncalibrated,,unavailable,,0,0
2026-10-10,平塚,4,043520261010,1791619680,1791619380,2,3,14185,隅貴史,追,88.44,,,,,0.22914269624492517,0.15243796321137382,0.26989968221361804,0.17727956544967483,position_specialists,0.15243796321137382,False,,,S,0.2769999999999999,0.5,0.18,0.18,-0.16317677910735795,0.1375342269439099,0.058298836589511016,-0.0492365963917331,5.9114017743410396e-05,,0,,,0,,cumulative_place,,,False,2.0,2.0,3.0,3,verified,winticket_line_prediction,provider_forecast_structure_only,15.243796321137381,26.989968221361803,17.727956544967483,2,1,2,coverage_validated_cumulative_scores_uncalibrated,,unavailable,,0,0
2026-10-10,平塚,4,043520261010,1791619680,1791619380,3,1,14669,植木和広,追,86.9,,,,,0.15853572665124174,0.12415541588438322,0.17111044251333102,0.23349213668207028,position_specialists,0.12415541588438322,False,,,S,0.2269999999999999,0.59,0.19,0.23,0.14276079894807694,0.06689971848818516,0.058298836589511016,-0.0492365963917331,0.0014384410984229785,,0,,,0,,cumulative_place,,,False,1.0,2.0,3.0,3,verified,winticket_line_prediction,provider_forecast_structure_only,12.415541588438323,17.1110442513331,23.349213668207028,3,4,1,coverage_validated_cumulative_scores_uncalibrated,,unavailable,,0,0
2026-10-10,平塚,4,043520261010,1791619680,1791619380,4,4,15833,野村賢,逃,87.8,,,,,0.14197205777886304,0.10312988769180663,0.18784606865145978,0.14540418758032775,position_specialists,0.10312988769180663,False,,,S,0.3329999999999999,0.476,0.22,0.15,0.0979252527456787,0.04454792227291198,-0.10514214822941642,0.08862587350511955,0.0003349794338793239,,0,,,0,,cumulative_place,,,False,2.0,1.0,3.0,3,verified,winticket_line_prediction,provider_forecast_structure_only,10.312988769180663,18.784606865145978,14.540418758032775,4,3,4,coverage_validated_cumulative_scores_uncalibrated,,unavailable,,0,0
2026-10-10,平塚,4,043520261010,1791619680,1791619380,5,2,15214,境啓亨,逃,82.44,,,,,0.02084866360139833,0.01150084664303471,0.07155217826156325,0.1006150727476694,position_specialists,0.01150084664303471,False,,,S,0.185,0.407,0.2,0.2,0.0979252527456787,0.03402317659079523,0.006201963815750847,-0.0492365963917331,0.0011625756822870648,,0,,,0,,cumulative_place,,,False,2.0,3.0,3.0,3,verified,winticket_line_prediction,provider_forecast_structure_only,1.150084664303471,7.155217826156325,10.06150727476694,5,5,5,coverage_validated_cumulative_scores_uncalibrated,,unavailable,,0,0
2026-10-10,平塚,4,043520261010,1791619680,1791619380,6,5,13426,本村隆文,追,84.04,,,,,0.01690203959197295,0.007416082486440876,0.0637879663875906,0.08918678701644632,position_specialists,0.007416082486440876,False,,,S,0.166,0.3329999999999999,0.23,0.07,-0.12711178245115082,-0.22041343312185935,-0.013206711994223852,0.1575571084535459,0.0006108448500152376,,0,,,0,,cumulative_place,,,False,3.0,1.0,1.0,3,verified,winticket_line_prediction,provider_forecast_structure_only,0.7416082486440876,6.37879663875906,8.918678701644632,6,6,7,coverage_validated_cumulative_scores_uncalibrated,,unavailable,,0,0
2026-10-10,平塚,4,043520261010,1791619680,1791619380,7,6,13006,佐々木健司,追,81.2,,,,,0.00556959004418164,0.0014744337635922962,0.043360353818100876,0.09612782384104536,position_specialists,0.0014744337635922962,False,,,S,0.08,0.36,0.05,0.28,-0.1504801914967924,-0.16778970471127558,-0.1562178091616936,-0.0492365963917331,0.0011625756822870648,,0,,,0,,cumulative_place,,,False,1.0,3.0,3.0,3,verified,winticket_line_prediction,provider_forecast_structure_only,0.14744337635922963,4.336035381810087,9.612782384104536,7,7,6,coverage_validated_cumulative_scores_uncalibrated,,unavailable,,0,0
2026-10-10,岐阜,4,044320261010,1791620580,1791620280,1,3,16003,吉岡竜太,逃,79.42,,,,,0.931812637260808,0.9658081630615362,0.4371668868803164,0.49289613540997196,position_specialists,0.965808163061536,False,,0.9539978452830173,S,0.7609999999999999,0.857,0.05,0.1,0.20184985216817306,0.40958224650950664,0.30130693895081884,0.17181595013479023,0.0024828176658071043,,0,,,0,,cumulative_place,,0.0,False,3.0,1.0,2.0,3,verified,winticket_line_prediction,provider_forecast_structure_only,96.58081630615362,43.716688688031645,49.289613540997195,1,1,1,coverage_validated_cumulative_scores_uncalibrated,,unavailable,,0,0
2026-10-10,岐阜,4,044320261010,1791620580,1791620280,2,4,15912,安達豪太,逃,70.5,,,,,0.0258687108598106,0.011810317778518717,0.07727809787614857,0.0769511175476978,position_specialists,0.011810317778518716,False,,,S,0.5,0.5,0.27,0.08,0.04996934451068781,0.03339596239316064,-0.1886744664165478,0.05906173285883414,0.00388974767643113,,0,,,0,,cumulative_place,,0.0,False,1.0,1.0,3.0,3,verified,winticket_line_prediction,provider_forecast_structure_only,1.1810317778518717,7.727809787614858,7.695111754769781,2,4,5,coverage_validated_cumulative_scores_uncalibrated,,unavailable,,0,0
2026-10-10,岐阜,4,044320261010,1791620580,1791620280,3,5,11417,小川巧,追,73.58,,,,,0.015171192578035796,0.009546903360239688,0.23437880762451585,0.10885579959024677,position_specialists,0.009546903360239686,False,,,S,0.384,0.5379999999999999,0.21,0.12,0.060708370304651385,0.0222593036653807,0.014551990183479822,-0.01610774532513659,0.0001241408832903551,,0,,,0,,cumulative_place,,0.0,False,3.0,2.0,2.0,3,verified,winticket_line_prediction,provider_forecast_structure_only,0.9546903360239688,23.437880762451588,10.885579959024676,3,2,3,coverage_validated_cumulative_scores_uncalibrated,,unavailable,,0,0
2026-10-10,岐阜,4,044320261010,1791620580,1791620280,4,2,13796,陶器一馬,追,71.2,,,,,0.014386991143793484,0.007460739172581087,0.13554545629641415,0.14578533221941,position_specialists,0.007460739172581086,False,,,S,0.208,0.541,0.13,0.15,0.022354706754781368,0.00313118752387157,0.014551990183479822,-0.05369248441712195,0.0007034650053120129,,0,,,0,,cumulative_place,,0.0,False,1.0,2.0,3.0,3,verified,winticket_line_prediction,provider_forecast_structure_only,0.7460739172581087,13.554545629641417,14.578533221941,4,3,2,coverage_validated_cumulative_scores_uncalibrated,,unavailable,,0,0
2026-10-10,岐阜,4,044320261010,1791620580,1791620280,5,1,15295,篠田樹,逃,69.2,,,,,0.007525715786100905,0.0037279100105788755,0.051648599548195534,0.06180034562495734,position_specialists,0.003727910010578875,False,,,S,0.233,0.433,0.26,0.14,-0.12952580090270388,-0.02398838603136672,0.15863467376395884,-0.05369248441712195,0.0001241408832903551,,0,,,0,,cumulative_place,,0.0,False,2.0,1.0,2.0,3,verified,winticket_line_prediction,provider_forecast_structure_only,0.37279100105788754,5.164859954819554,6.1800345624957345,5,5,6,coverage_validated_cumulative_scores_uncalibrated,,unavailable,,0,0
2026-10-10,岐阜,4,044320261010,1791620580,1791620280,6,7,13128,梶原秀庸,追,69.84,,,,,0.002547144683595217,0.0008255683899313168,0.03454437951276104,0.08354463337347537,position_specialists,0.0008255683899313167,False,,,S,0.142,0.357,0.08,0.23,-0.06202335305493263,-0.0982735188518472,-0.15018556333259475,-0.05369248441712195,0.0024828176658071043,,0,,,0,,cumulative_place,,1.0,False,1.0,3.0,3.0,3,verified,winticket_line_prediction,provider_forecast_structure_only,0.08255683899313168,3.4544379512761045,8.354463337347537,6,6,4,coverage_validated_cumulative_scores_uncalibrated,,unavailable,,0,0
2026-10-10,岐阜,4,044320261010,1791620580,1791620280,7,6,11451,重一徳,追,67.37,,,,,0.0026876076878559535,0.0008203982266141694,0.02943777226164835,0.03016663623424076,position_specialists,0.0008203982266141693,False,,,S,0.083,0.25,0.0,0.14,-0.1433331197806572,0.0222593036653807,-0.15018556333259475,-0.05369248441712195,0.0001241408832903551,,0,,,0,,cumulative_place,,0.0,False,2.0,2.0,2.0,3,verified,winticket_line_prediction,provider_forecast_structure_only,0.08203982266141695,2.9437772261648356,3.016663623424076,7,7,7,coverage_validated_cumulative_scores_uncalibrated,,unavailable,,0,0
2026-10-10,平塚,5,053520261010,1791621120,1791620820,1,1,14966,田中まい,両,53.0,,,,,0.7501314670859912,0.9003817596048571,0.2881317150848057,0.20104808734788485,position_specialists,0.9003817596048571,False,,0.8339343033319515,S,0.36,0.6,0.0,0.0,0.2660365153863218,-0.03152419513485014,0.3467719496819085,0.0,0.002982404540317303,,0,,,0,,cumulative_place,,,False,1.0,1.0,1.0,7,incomplete,winticket_line_prediction,provider_forecast_structure_only,90.03817596048572,28.81317150848056,20.104808734788485,1,1,3,coverage_validated_cumulative_scores_uncalibrated,,unavailable,,0,0
2026-10-10,平塚,5,053520261010,1791621120,1791620820,2,7,14967,杉沢毛伊子,両,48.81,,,,,0.14105625921607728,0.06644745627290558,0.2818786929146282,0.24668645596224567,position_specialists,0.06644745627290558,False,,,S,0.147,0.259,0.0,0.0,0.024456236363816185,-0.03152419513485014,0.07446199161365141,0.0,0.0018353258709644944,,0,,,0,,cumulative_place,,,False,7.0,1.0,1.0,7,incomplete,winticket_line_prediction,provider_forecast_structure_only,6.644745627290558,28.18786929146281,24.668645596224568,2,2,1,coverage_validated_cumulative_scores_uncalibrated,,unavailable,,0,0
2026-10-10,平塚,5,053520261010,1791621120,1791620820,3,5,15851,片岡美奈,両,48.83,,,,,0.05084017055714726,0.018168993120943288,0.19685263126283042,0.20817365491716,position_specialists,0.018168993120943288,False,,,S,0.1,0.233,0.0,0.0,-0.03795479267048859,-0.03152419513485014,-0.06861549790341286,0.0,0.0016059101370939325,,0,,,0,,cumulative_place,,,False,6.0,1.0,1.0,7,incomplete,winticket_line_prediction,provider_forecast_structure_only,1.8168993120943289,19.68526312628304,20.817365491716,3,3,2,coverage_validated_cumulative_scores_uncalibrated,,unavailable,,0,0
2026-10-10,平塚,5,053520261010,1791621120,1791620820,4,2,15314,向井円,追,48.08,,,,,0.03376899174049552,0.009234965682366704,0.12143819535290251,0.17501475122299656,position_specialists,0.009234965682366704,False,,,S,0.0409999999999999,0.125,0.0,0.0,-0.13306237852977382,-0.03152419513485014,-0.15477047693754142,0.0,0.0016059101370939325,,0,,,0,,cumulative_place,,,False,2.0,1.0,1.0,7,incomplete,winticket_line_prediction,provider_forecast_structure_only,0.9234965682366705,12.143819535290248,17.501475122299656,4,4,4,coverage_validated_cumulative_scores_uncalibrated,,unavailable,,0,0
2026-10-10,平塚,5,053520261010,1791621120,1791620820,5,3,15593,中村鈴花,追,46.8,,,,,0.02420311140028868,0.005766825318927319,0.11169876538483331,0.1690770505497129,position_specialists,0.005766825318927319,False,,,S,0.0,0.133,0.0,0.0,-0.11947558054987596,-0.03152419513485014,-0.1978479664546057,0.0,0.0016059101370939325,,0,,,0,,cumulative_place,,,False,3.0,1.0,1.0,7,incomplete,winticket_line_prediction,provider_forecast_structure_only,0.5766825318927319,11.16987653848333,16.907705054971288,5,5,5,coverage_validated_cumulative_scores_uncalibrated,,unavailable,,0,0
2026-10-10,岐阜,5,054320261010,1791621960,1791621660,1,2,15765,竹野百香,両,57.26,,,,,0.8896176374662886,0.9298860316973993,0.5272398525808487,0.5156560952226862,position_specialists,0.9298860316973991,False,,0.8724125029527496,S,0.8420000000000001,0.947,0.0,0.0,0.19640811612906267,-0.03157423704635027,0.35833041970987817,0.0,0.004388035007720198,,0,,,0,,cumulative_place,,,False,3.0,1.0,1.0,7,verified,winticket_line_prediction,provider_forecast_structure_only,92.98860316973993,52.72398525808487,51.565609522268616,1,1,1,coverage_validated_cumulative_scores_uncalibrated,,unavailable,,0,0
2026-10-10,岐阜,5,054320261010,1791621960,1791621660,2,4,15408,高尾貴美歌,両,55.46,,,,,0.07915887501598509,0.057473528744649525,0.12707448037476077,0.07887199150241417,position_specialists,0.05747352874464952,False,,,S,0.6,0.733,0.0,0.0,0.07767476559730577,-0.03157423704635027,0.14373665130805996,0.0,0.001240878752183171,,0,,,0,,cumulative_place,,,False,6.0,1.0,1.0,7,verified,winticket_line_prediction,provider_forecast_structure_only,5.747352874464952,12.707448037476077,7.8871991502414165,2,2,5,coverage_validated_cumulative_scores_uncalibrated,,unavailable,,0,0
2026-10-10,岐阜,5,054320261010,1791621960,1791621660,3,7,14903,増茂るるこ,両,52.66,,,,,0.01313588690665741,0.006397688973041964,0.09940294082343963,0.10794293976101789,position_specialists,0.006397688973041963,False,,,S,0.3329999999999999,0.5329999999999999,0.0,0.0,0.03526999755024973,-0.03157423704635027,-0.029584946811895402,0.0,0.00039564250069608353,,0,,,0,,cumulative_place,,,False,5.0,1.0,1.0,7,verified,winticket_line_prediction,provider_forecast_structure_only,0.6397688973041964,9.940294082343963,10.79429397610179,3,3,2,coverage_validated_cumulative_scores_uncalibrated,,unavailable,,0,0
2026-10-10,岐阜,5,054320261010,1791621960,1791621660,4,5,15310,梶原百香,両,49.68,,,,,0.00639931952832317,0.0026134864959128693,0.09579379632490437,0.1037079472511361,position_specialists,0.002613486495912869,False,,,S,0.156,0.312,0.0,0.0,0.001346183112604911,-0.03157423704635027,-0.04834176405154993,0.0,0.001025073751803489,,0,,,0,,cumulative_place,,,False,7.0,1.0,1.0,7,verified,winticket_line_prediction,provider_forecast_structure_only,0.26134864959128695,9.579379632490436,10.37079472511361,4,4,3,coverage_validated_cumulative_scores_uncalibrated,,unavailable,,0,0
2026-10-10,岐阜,5,054320261010,1791621960,1791621660,5,1,15071,佐藤亜貴子,両,48.65,,,,,0.004639515086398015,0.0017005405827214292,0.06150103733934606,0.08320214098517344,position_specialists,0.001700540582721429,False,,,S,0.2,0.2,0.0,0.0,-0.04953953854386234,-0.03157423704635027,-0.058096026251632585,0.0,0.0011509600020249702,,0,,,0,,cumulative_place,,,False,4.0,1.0,1.0,7,verified,winticket_line_prediction,provider_forecast_structure_only,0.17005405827214293,6.150103733934606,8.320214098517344,5,5,4,coverage_validated_cumulative_scores_uncalibrated,,unavailable,,0,0
2026-10-10,岐阜,5,054320261010,1791621960,1791621660,6,3,15307,田中千尋,両,48.42,,,,,0.003653983054410497,0.0010990435917508743,0.05236052854739224,0.06327610512157923,position_specialists,0.001099043591750874,False,,,S,0.105,0.315,0.0,0.0,-0.07498239937209594,-0.03157423704635027,-0.1736437583316028,0.0,0.0015286187526894134,,0,,,0,,cumulative_place,,,False,2.0,1.0,1.0,7,verified,winticket_line_prediction,provider_forecast_structure_only,0.10990435917508742,5.236052854739224,6.327610512157923,6,6,6,coverage_validated_cumulative_scores_uncalibrated,,unavailable,,0,0
2026-10-10,岐阜,5,054320261010,1791621960,1791621660,7,6,16027,松下彩也香,両,46.55,,,,,0.0033947829419371965,0.0008296799145242601,0.03662736400930823,0.047342780155992976,position_specialists,0.00082967991452426,False,,,S,0.047,0.095,0.0,0.0,-0.1861771244732651,-0.03157423704635027,-0.19240057557125734,0.0,0.0015286187526894134,,0,,,0,,cumulative_place,,,False,1.0,1.0,1.0,7,verified,winticket_line_prediction,provider_forecast_structure_only,0.082967991452426,3.662736400930823,4.734278015599298,7,7,7,coverage_validated_cumulative_scores_uncalibrated,,unavailable,,0,0
2026-10-10,平塚,6,063520261010,1791622560,1791622260,1,1,15276,佐伯亮輔,逃,98.28,,,,,0.2985596579558685,0.5014238859463374,0.14141721160553225,0.1915055607776626,position_specialists,0.5014238859463374,False,,0.26470599334892075,A,0.64,0.76,0.09,0.1,0.034997002679115666,0.35448592599642026,0.2645532555454234,0.18382399341215497,0.0024244128727957583,,0,,,0,,cumulative_place,,,False,1.0,1.0,3.0,3,verified,winticket_line_prediction,provider_forecast_structure_only,50.142388594633736,14.141721160553224,19.150556077766264,1,3,2,coverage_validated_cumulative_scores_uncalibrated,,unavailable,,0,0
2026-10-10,平塚,6,063520261010,1791622560,1791622260,2,5,14259,戸田洋平,追,100.55,,,,,0.3273292649599201,0.23671789259741657,0.3327993328652413,0.2497951855762767,position_specialists,0.23671789259741657,False,,,A,0.19,0.3329999999999999,0.15,0.05,0.10583530755112887,0.04641042738830891,-0.11139207401631956,-0.057143788214265405,0.002740640638812595,,0,,,0,,cumulative_place,,,False,1.0,2.0,3.0,3,verified,winticket_line_prediction,provider_forecast_structure_only,23.671789259741658,33.279933286524134,24.979518557627678,2,1,1,coverage_validated_cumulative_scores_uncalibrated,,unavailable,,0,0
2026-10-10,平塚,6,063520261010,1791622560,1791622260,3,3,13685,岡田征陽,追,101.65,,,,,0.1001216616826232,0.10007690186586372,0.14811768023773692,0.13171144714471356,position_specialists,0.10007690186586372,False,,,A,0.3329999999999999,0.416,0.19,0.11,-0.030630627114223735,0.16664350306120723,0.013309221979914944,0.019965901906189115,0.0026703678019199648,,0,,,0,,cumulative_place,,,False,3.0,2.0,2.0,3,verified,winticket_line_prediction,provider_forecast_structure_only,10.007690186586373,14.811768023773691,13.171144714471358,3,2,4,coverage_validated_cumulative_scores_uncalibrated,,unavailable,,0,0
2026-10-10,平塚,6,063520261010,1791622560,1791622260,4,2,15168,染谷幸喜,逃,99.13,,,,,0.09646196995590141,0.06411765116399189,0.10309526827424849,0.09611829422635935,position_specialists,0.06411765116399189,False,,,A,0.272,0.5,0.16,0.14,0.025756383673460177,-0.0062133010222748825,-0.04055705442854787,-0.0041308762564529235,0.00028109134757052257,,0,,,0,,cumulative_place,,,False,2.0,1.0,2.0,3,verified,winticket_line_prediction,provider_forecast_structure_only,6.411765116399189,10.309526827424849,9.611829422635937,4,4,6,coverage_validated_cumulative_scores_uncalibrated,,unavailable,,0,0
2026-10-10,平塚,6,063520261010,1791622560,1791622260,5,4,15784,高橋舜,逃,99.1,,,,,0.08705419510135291,0.04278049823552652,0.09619128417825576,0.11099176425395467,position_specialists,0.04278049823552652,False,,,A,0.15,0.4,0.24,0.2,-0.16697784458060594,-0.05430653129143424,-0.05900582104312482,-0.057143788214265405,0.0005270462766947298,,0,,,0,,cumulative_place,,,False,3.0,1.0,2.0,3,verified,winticket_line_prediction,provider_forecast_structure_only,4.278049823552652,9.619128417825577,11.099176425395468,5,6,5,coverage_validated_cumulative_scores_uncalibrated,,unavailable,,0,0
2026-10-10,平塚,6,063520261010,1791622560,1791622260,6,7,13514,山口貴嗣,追,100.32,,,,,0.05360121430133971,0.04099817181216452,0.10069998799661697,0.13455251470230614,position_specialists,0.04099817181216452,False,,,A,0.379,0.413,0.15,0.25,0.10571659035215827,-0.20911096778102908,0.10683519397709082,-0.02822765441909496,0.0009486832980505144,,0,,,0,,cumulative_place,,,False,1.0,3.0,3.0,3,verified,winticket_line_prediction,provider_forecast_structure_only,4.099817181216452,10.069998799661697,13.455251470230618,6,5,3,coverage_validated_cumulative_scores_uncalibrated,,unavailable,,0,0
2026-10-10,平塚,6,063520261010,1791622560,1791622260,7,6,14710,花田将司,両,95.6,,,,,0.036872036042994216,0.01388499837869938,0.07767923484236831,0.08532523331872688,position_specialists,0.01388499837869938,False,,,A,0.06,0.181,0.11,0.07,-0.07469681256103372,0.07045704252288856,-0.1737427220144368,-0.057143788214265405,0.0024946857096883883,,0,,,0,,cumulative_place,,,False,2.0,2.0,2.0,3,verified,winticket_line_prediction,provider_forecast_structure_only,1.388499837869938,7.767923484236832,8.53252333187269,7,7,7,coverage_validated_cumulative_scores_uncalibrated,,unavailable,,0,0
2026-10-10,岐阜,6,064320261010,1791623340,1791623040,1,4,16030,川上いちご,両,58.0,,,,,0.9217178297687632,0.9373152392352921,0.5324297641728828,0.48905894137254785,position_specialists,0.9373152392352921,False,,0.8865989022689735,S,0.946,1.0,0.0,0.0,0.21139763546542759,-0.03157423704635027,0.27692872589629497,0.19117233521888705,0.004887473730242136,,0,,,0,,cumulative_place,,0.0,False,4.0,1.0,1.0,7,verified,winticket_line_prediction,provider_forecast_structure_only,93.73152392352921,53.242976417288276,48.90589413725479,1,1,1,coverage_validated_cumulative_scores_uncalibrated,,unavailable,,0,0
2026-10-10,岐阜,6,064320261010,1791623340,1791623040,2,6,15764,宇野紅音,両,53.83,,,,,0.056970615337698975,0.05071633696631863,0.17192002219305919,0.13156219273973174,position_specialists,0.05071633696631863,False,,,S,0.444,0.611,0.0,0.0,0.1088383865762597,-0.03157423704635027,0.10705342143870286,0.010583935513848418,0.0005726736896041291,,0,,,0,,cumulative_place,,0.0,False,5.0,1.0,1.0,7,verified,winticket_line_prediction,provider_forecast_structure_only,5.071633696631863,17.19200221930592,13.156219273973177,2,2,3,coverage_validated_cumulative_scores_uncalibrated,,unavailable,,0,0
2026-10-10,岐阜,6,064320261010,1791623340,1791623040,3,1,15684,安東莉奈,追,51.73,,,,,0.00969485447891633,0.006662904146391455,0.11351006070751951,0.13721776690046783,position_specialists,0.006662904146391455,False,,,S,0.266,0.433,0.0,0.0,-0.03034916548761092,-0.03157423704635027,0.1333590685180242,-0.0403512541465471,0.0009182526402273103,,0,,,0,,cumulative_place,,0.0,False,1.0,1.0,1.0,7,verified,winticket_line_prediction,provider_forecast_structure_only,0.6662904146391455,11.351006070751952,13.721776690046784,3,3,2,coverage_validated_cumulative_scores_uncalibrated,,unavailable,,0,0
2026-10-10,岐阜,6,064320261010,1791623340,1791623040,4,3,15940,千葉捺美,両,50.5,,,,,0.005355504189904678,0.0030717557579346927,0.08815412034635867,0.09153996463231953,position_specialists,0.0030717557579346927,False,,,S,0.2269999999999999,0.4539999999999999,0.0,0.0,0.0062791376870918875,-0.03157423704635027,0.012115511988202786,-0.0403512541465471,0.0009182526402273103,,0,,,0,,cumulative_place,,0.0,False,3.0,1.0,1.0,7,verified,winticket_line_prediction,provider_forecast_structure_only,0.30717557579346927,8.815412034635866,9.153996463231955,4,4,4,coverage_validated_cumulative_scores_uncalibrated,,unavailable,,0,0
2026-10-10,岐阜,6,064320261010,1791623340,1791623040,5,7,15948,西田美菜,両,48.5,,,,,0.0023070313290528663,0.0009000516346478618,0.039111533234093006,0.06760186328165962,position_specialists,0.0009000516346478618,False,,,S,0.071,0.214,0.0,0.0,-0.07430312929725433,-0.03157423704635027,-0.1495425633848924,-0.0403512541465471,0.0009182526402273103,,0,,,0,,cumulative_place,,0.7227374199360793,False,2.0,1.0,1.0,7,verified,winticket_line_prediction,provider_forecast_structure_only,0.09000516346478618,3.9111533234093008,6.760186328165964,5,5,5,coverage_validated_cumulative_scores_uncalibrated,,unavailable,,0,0
2026-10-10,岐阜,6,064320261010,1791623340,1791623040,6,2,15862,中原恭恵,両,47.1,,,,,0.0020814509437907997,0.0006837631729222187,0.02469955031215972,0.03826281413203723,position_specialists,0.0006837631729222187,False,,,S,0.0,0.0,0.0,0.0,-0.1329084143767788,-0.03157423704635027,-0.18995708222816624,-0.0403512541465471,0.0009182526402273103,,0,,,0,,cumulative_place,,0.0,False,6.0,1.0,1.0,7,verified,winticket_line_prediction,provider_forecast_structure_only,0.06837631729222188,2.4699550312159717,3.826281413203723,6,7,7,coverage_validated_cumulative_scores_uncalibrated,,unavailable,,0,0
2026-10-10,岐阜,6,064320261010,1791623340,1791623040,7,5,15938,牧田咲子,両,47.36,,,,,0.0018727139518732677,0.0006499490864929876,0.030174949033927076,0.04475645694123625,position_specialists,0.0006499490864929876,False,,,S,0.0,0.105,0.0,0.0,-0.08895445056713547,-0.03157423704635027,-0.18995708222816624,-0.0403512541465471,0.0006417894797287653,,0,,,0,,cumulative_place,,0.2772625800639207,False,7.0,1.0,1.0,7,verified,winticket_line_prediction,provider_forecast_structure_only,0.06499490864929876,3.0174949033927074,4.475645694123625,7,6,6,coverage_validated_cumulative_scores_uncalibrated,,unavailable,,0,0
2026-10-10,平塚,7,073520261010,1791624000,1791623700,1,7,15169,野口裕史,逃,100.32,,,,,0.41951262390605243,0.5097624981215949,0.2297025887476901,0.23653066164007644,position_specialists,0.5097624981215949,False,,0.2752764750907343,A,0.4589999999999999,0.486,0.16,0.07,0.0389558541365405,0.32980703494448266,0.05761285253592291,-0.05024594344170622,0.0017786464663307455,,0,,,0,,cumulative_place,,,False,3.0,1.0,2.0,3,verified,winticket_line_prediction,provider_forecast_structure_only,50.976249812159494,22.970258874769012,23.653066164007647,1,1,1,coverage_validated_cumulative_scores_uncalibrated,,unavailable,,0,0
2026-10-10,平塚,7,073520261010,1791624000,1791623700,2,2,14945,中井俊亮,両,100.32,,,,,0.21674664325309362,0.23448602303086066,0.19206514200728714,0.08219728374987618,position_specialists,0.23448602303086066,False,,,A,0.23,0.384,0.14,0.12,0.07609239536923451,0.018883479688982935,0.0880367256842069,0.10802877839966835,0.0037445188764857794,,0,,,0,,cumulative_place,,,False,1.0,1.0,3.0,3,verified,winticket_line_prediction,provider_forecast_structure_only,23.448602303086066,19.206514200728716,8.21972837498762,2,3,7,coverage_validated_cumulative_scores_uncalibrated,,unavailable,,0,0
2026-10-10,平塚,7,073520261010,1791624000,1791623700,3,4,13790,稲垣裕之,両,97.86,,,,,0.15739921995062117,0.102728961582499,0.15083625972584006,0.2101367615181599,position_specialists,0.102728961582499,False,,,A,0.172,0.31,0.19,0.11,0.03598658123407676,-0.03953691877739747,0.02017805989800968,-0.05024594344170622,0.00040565621161929284,,0,,,0,,cumulative_place,,,False,1.0,2.0,3.0,3,verified,winticket_line_prediction,provider_forecast_structure_only,10.2728961582499,15.083625972584008,21.013676151815993,3,4,2,coverage_validated_cumulative_scores_uncalibrated,,unavailable,,0,0
2026-10-10,平塚,7,073520261010,1791624000,1791623700,4,3,13855,近藤俊明,追,99.59,,,,,0.09258276438822158,0.08818443089238842,0.20343306605637074,0.16296881178011802,position_specialists,0.08818443089238842,False,,,A,0.18,0.272,0.14,0.09,0.14978970305678765,0.049298382724173896,0.06950455833724477,-0.05024594344170622,0.0019346680861843197,,0,,,0,,cumulative_place,,,False,3.0,2.0,2.0,3,verified,winticket_line_prediction,provider_forecast_structure_only,8.818443089238842,20.34330660563708,16.296881178011805,4,2,3,coverage_validated_cumulative_scores_uncalibrated,,unavailable,,0,0
2026-10-10,平塚,7,073520261010,1791624000,1791623700,5,5,14292,丸山直樹,追,96.36,,,,,0.04968921200998681,0.04183705291017025,0.07759354017770137,0.0961538438180985,position_specialists,0.04183705291017025,False,,,A,0.2,0.266,0.22,0.12,0.050706850278992924,0.22696898572731664,0.06950455833724477,-0.05024594344170622,0.0001872259438242891,,0,,,0,,cumulative_place,,,False,2.0,2.0,2.0,3,verified,winticket_line_prediction,provider_forecast_structure_only,4.183705291017025,7.759354017770138,9.615384381809852,5,6,6,coverage_validated_cumulative_scores_uncalibrated,,unavailable,,0,0
2026-10-10,平塚,7,073520261010,1791624000,1791623700,6,1,15694,浮島知稀,逃,95.4,,,,,0.05262832517910624,0.01915128738235022,0.0968593713160223,0.1045970054784296,position_specialists,0.01915128738235022,False,,,A,0.0,0.086,0.07,0.09,-0.14519145261937025,-0.025534171061802724,-0.17703531937293343,-0.05024594344170622,0.00040565621161929284,,0,,,0,,cumulative_place,,,False,2.0,1.0,2.0,3,verified,winticket_line_prediction,provider_forecast_structure_only,1.915128738235022,9.685937131602232,10.459700547842962,6,5,5,coverage_validated_cumulative_scores_uncalibrated,,unavailable,,0,0
2026-10-10,平塚,7,073520261010,1791624000,1791623700,7,6,13803,三ツ石康洋,両,93.8,,,,,0.011441211312918175,0.0038497460801365383,0.04951003196908825,0.10741563201524139,position_specialists,0.0038497460801365383,False,,,A,0.1,0.15,0.0,0.1,-0.20633993145626142,-0.19152069437166938,-0.12780143541969557,0.1432009388088627,0.0025899588895693312,,0,,,0,,cumulative_place,,,False,1.0,3.0,3.0,3,verified,winticket_line_prediction,provider_forecast_structure_only,0.38497460801365385,4.951003196908826,10.74156320152414,7,7,4,coverage_validated_cumulative_scores_uncalibrated,,unavailable,,0,0
2026-10-10,岐阜,7,074320261010,1791624720,1791624420,1,1,014340,古川貴之,両,86.71,,,,,0.6151382449841633,0.814157644242965,0.19982756648224756,0.18300384332464442,position_specialists,0.814157644242965,False,,0.7117143818240367,S,0.59,0.59,0.26,0.1,0.15917727958207442,0.36973980033728326,0.30194702123821937,0.08768205648537972,0.004342548918519919,,0,,,0,,cumulative_place,,,False,1.0,1.0,3.0,3,verified,winticket_line_prediction,provider_forecast_structure_only,81.4157644242965,19.982756648224758,18.300384332464443,1,3,2,coverage_validated_cumulative_scores_uncalibrated,,unavailable,,0,0
2026-10-10,岐阜,7,074320261010,1791624720,1791624420,2,7,014414,是永幸寛,追,85.52,,,,,0.17401945277671976,0.1024432624189283,0.31048277564849386,0.14172248995146453,position_specialists,0.1024432624189283,False,,,S,0.19,0.428,0.14,0.19,-0.015225652829589665,0.16826172130326772,-0.009784274667085674,0.15818316947024583,0.0013392907879547415,,0,,,0,,cumulative_place,,,False,1.0,2.0,3.0,3,verified,winticket_line_prediction,provider_forecast_structure_only,10.24432624189283,31.048277564849386,14.172248995146452,2,1,3,coverage_validated_cumulative_scores_uncalibrated,,unavailable,,0,0
2026-10-10,岐阜,7,074320261010,1791624720,1791624420,3,2,014747,猪俣康一,両,84.28,,,,,0.0940586616254087,0.03944574785127348,0.2059704398471956,0.13350602618957036,position_specialists,0.03944574785127348,False,,,S,0.136,0.363,0.08,0.23,0.08650939107721439,0.047897707250562735,-0.045732956038002356,-0.04917304519112511,0.0013392907879547415,,0,,,0,,cumulative_place,,,False,2.0,2.0,3.0,3,verified,winticket_line_prediction,provider_forecast_structure_only,3.944574785127348,20.59704398471956,13.350602618957035,3,2,4,coverage_validated_cumulative_scores_uncalibrated,,unavailable,,0,0
2026-10-10,岐阜,7,074320261010,1791624720,1791624420,4,5,015810,瀧川幸広,逃,81.66,,,,,0.07800920337732083,0.03356438288006805,0.12414951281233391,0.127778501060145,position_specialists,0.03356438288006805,False,,,S,0.208,0.416,0.15,0.13,0.05744223567527037,0.03539531685754726,0.07051248443545916,-0.04917304519112511,0.001359583072620722,,0,,,0,,cumulative_place,,,False,2.0,1.0,3.0,3,verified,winticket_line_prediction,provider_forecast_structure_only,3.356438288006805,12.41495128123339,12.7778501060145,4,4,5,coverage_validated_cumulative_scores_uncalibrated,,unavailable,,0,0
2026-10-10,岐阜,7,074320261010,1791624720,1791624420,5,3,013892,梶山裕次郎,追,82.8,,,,,0.024027676397355605,0.007809318695139313,0.09565802241505807,0.25879400391693924,position_specialists,0.007809318695139313,False,,,S,0.152,0.346,0.02,0.2,0.028375080273326327,-0.12224100155565332,-0.009784274667085674,-0.04917304519112511,0.0013392907879547415,,0,,,0,,cumulative_place,,,False,1.0,3.0,3.0,3,verified,winticket_line_prediction,provider_forecast_structure_only,0.7809318695139313,9.565802241505807,25.879400391693924,5,5,1,coverage_validated_cumulative_scores_uncalibrated,,unavailable,,0,0
2026-10-10,岐阜,7,074320261010,1791624720,1791624420,6,6,014335,中園朋亨,追,78.52,,,,,0.009353181691877339,0.001536313345644947,0.027538976510987676,0.05419184749346229,position_specialists,0.001536313345644947,False,,,S,0.0,0.105,0.0,0.11,-0.18478405934092978,-0.17486472996623711,-0.15357900015075243,-0.04917304519112511,0.000344968839321676,,0,,,0,,cumulative_place,,,False,3.0,1.0,1.0,3,verified,winticket_line_prediction,provider_forecast_structure_only,0.1536313345644947,2.7538976510987676,5.419184749346229,6,7,7,coverage_validated_cumulative_scores_uncalibrated,,unavailable,,0,0
2026-10-10,岐阜,7,074320261010,1791624720,1791624420,7,4,013119,松尾淳,追,78.88,,,,,0.005393579147154526,0.0010433305659808972,0.03637270628368332,0.1010032880637742,position_specialists,0.0010433305659808972,False,,,S,0.0,0.0,0.07,0.07,-0.1314942744373657,-0.08211966353808503,-0.15357900015075243,-0.04917304519112511,0.0013392907879547415,,0,,,0,,cumulative_place,,,False,2.0,3.0,3.0,3,verified,winticket_line_prediction,provider_forecast_structure_only,0.10433305659808972,3.6372706283683316,10.100328806377421,7,6,6,coverage_validated_cumulative_scores_uncalibrated,,unavailable,,0,0
2026-10-10,平塚,8,083520261010,1791625440,1791625140,1,3,015173,格清洋介,逃,101.8,,,,,0.32474350337891716,0.6176217127345974,0.22204853997689317,0.13658758113017747,position_specialists,0.6176217127345973,False,,0.43962718452442706,S,0.483,0.58,0.2,0.06,0.12862685229426718,0.30321024067353247,0.3426131089862946,0.11848721049845694,0.0012390091888150189,,0,,,0,,cumulative_place,,,False,4.0,1.0,2.0,4,verified,winticket_line_prediction,provider_forecast_structure_only,61.76217127345974,22.204853997689316,13.658758113017747,1,1,5,coverage_validated_cumulative_scores_uncalibrated,1.0,full_trifecta_market_proxy,0.0,0,0
2026-10-10,平塚,8,083520261010,1791625440,1791625140,2,2,015282,宮本隼輔,両,101.4,,,,,0.28536059750256787,0.1779945282101703,0.14570942435320855,0.19421302460570186,position_specialists,0.17799452821017028,False,,,S,0.24,0.44,0.23,0.09,-0.18932309434072422,0.20794325599820598,-0.04024936236524847,0.008285818915976012,0.003756995604793929,,0,,,0,,cumulative_place,,,False,2.0,2.0,2.0,4,verified,winticket_line_prediction,provider_forecast_structure_only,17.79945282101703,14.570942435320855,19.421302460570185,2,3,1,coverage_validated_cumulative_scores_uncalibrated,2.0,full_trifecta_market_proxy,0.0,0,0
2026-10-10,平塚,8,083520261010,1791625440,1791625140,3,4,015477,兼本将太,逃,102.3,,,,,0.14704864844379703,0.0949808529408765,0.10473890455270911,0.1112084263487529,position_specialists,0.09498085294087649,False,,,S,0.3,0.55,0.17,0.09,0.17364523089417574,-0.055952919677963994,-0.08204195814675921,-0.07291520646058888,0.00127897722716389,,0,,,0,,cumulative_place,,,False,2.0,1.0,2.0,4,verified,winticket_line_prediction,provider_forecast_structure_only,9.49808529408765,10.473890455270912,11.12084263487529,3,6,6,coverage_validated_cumulative_scores_uncalibrated,4.0,full_trifecta_market_proxy,1.0,0,0
2026-10-10,平塚,8,083520261010,1791625440,1791625140,4,7,015540,徳田匠,逃,98.08,,,,,0.07860002447466999,0.03744699005710319,0.10872976050853175,0.15423265961193625,position_specialists,0.03744699005710318,False,,,S,0.26,0.478,0.14,0.12,-0.11944784508811832,0.02855605922827049,-0.07560791379793025,0.11848721049845694,0.0015587534956059913,,0,,,0,,cumulative_place,,,False,1.0,1.0,2.0,4,verified,winticket_line_prediction,provider_forecast_structure_only,3.744699005710319,10.872976050853175,15.423265961193625,4,5,3,coverage_validated_cumulative_scores_uncalibrated,6.0,full_trifecta_market_proxy,2.0,3,0
2026-10-10,平塚,8,083520261010,1791625440,1791625140,5,5,014879,月森亮輔,両,99.66,,,,,0.06923997044139828,0.032442230788308365,0.18862295081121733,0.15593495882844302,position_specialists,0.03244223078830836,False,,,S,0.259,0.3329999999999999,0.0,0.0,0.13472266618671946,-0.30924659630969203,0.013526127206567831,-0.026514620531123235,0.0009592329203729175,,0,,,0,,cumulative_place,,,False,3.0,1.0,1.0,4,verified,winticket_line_prediction,provider_forecast_structure_only,3.2442230788308364,18.862295081121733,15.593495882844302,5,2,2,coverage_validated_cumulative_scores_uncalibrated,3.0,full_trifecta_market_proxy,-2.0,0,3
2026-10-10,平塚,8,083520261010,1791625440,1791625140,6,1,012834,松田治之,追,97.64,,,,,0.059100933477351215,0.02704179103132181,0.09503803923191795,0.10170738410710392,position_specialists,0.027041791031321805,False,,,S,0.214,0.321,0.2,0.11,0.017954972064350365,0.08117978763885428,-0.05223225615555403,-0.07291520646058888,0.0026778585693743953,,0,,,0,,cumulative_place,,,False,1.0,2.0,2.0,4,verified,winticket_line_prediction,provider_forecast_structure_only,2.704179103132181,9.503803923191795,10.170738410710392,6,7,7,coverage_validated_cumulative_scores_uncalibrated,5.0,full_trifecta_market_proxy,-1.0,0,0
2026-10-10,平塚,8,083520261010,1791625440,1791625140,7,6,015046,山本紳貴,追,97.4,,,,,0.035906322281298475,0.012471894237622542,0.1351123805655221,0.14611596536788465,position_specialists,0.01247189423762254,False,,,S,0.172,0.275,0.16,0.09,-0.1461787820106702,0.06005254291229564,-0.10600774572737034,-0.07291520646058888,0.0004396484218375871,,0,,,0,,cumulative_place,,,False,4.0,2.0,2.0,4,verified,winticket_line_prediction,provider_forecast_structure_only,1.2471894237622543,13.51123805655221,14.611596536788465,7,4,4,coverage_validated_cumulative_scores_uncalibrated,7.0,full_trifecta_market_proxy,0.0,0,0
2026-10-10,岐阜,8,084320261010,1791626160,1791625860,1,2,014258,片山智晴,追,89.54,,,,,0.352329960169069,0.34614917150088803,0.2212559872093806,0.15111384036547518,position_specialists,0.34614917150088803,False,,0.10323576265621126,B,0.25,0.416,0.11,0.15,-0.002451451689227216,0.03969771279195259,0.004663915888218947,0.024498085592585844,0.001368949942788826,,0,,,0,,cumulative_place,,,False,3.0,2.0,3.0,3,verified,winticket_line_prediction,provider_forecast_structure_only,34.6149171500888,22.12559872093806,15.111384036547518,1,2,3,coverage_validated_cumulative_scores_uncalibrated,1.0,full_trifecta_market_proxy,0.0,0,0
2026-10-10,岐阜,8,084320261010,1791626160,1791625860,2,5,015372,野上竜太,逃,86.69,,,,,0.20662660282672848,0.24291340884467677,0.25891069138446615,0.10944707830646037,position_specialists,0.24291340884467677,False,,,B,0.5,0.5760000000000001,0.24,0.08,0.11766968108291054,0.011035658893281909,0.19974915988987188,-0.04242351407496574,0.0004106849828366477,,0,,,0,,cumulative_place,,,False,3.0,1.0,3.0,3,verified,winticket_line_prediction,provider_forecast_structure_only,24.291340884467676,25.891069138446614,10.944707830646037,2,1,6,coverage_validated_cumulative_scores_uncalibrated,3.0,full_trifecta_market_proxy,1.0,0,0
2026-10-10,岐阜,8,084320261010,1791626160,1791625860,3,1,013641,竹内一暢,追,84.79,,,,,0.18806756503696084,0.19248250603237604,0.12476677575570759,0.1321115082704562,position_specialists,0.19248250603237604,False,,,B,0.375,0.4579999999999999,0.26,0.1,0.04902903378454607,0.17148692260747464,0.13259753269505495,-0.04242351407496574,0.0013461341104090126,,0,,,0,,cumulative_place,,,False,1.0,2.0,3.0,3,verified,winticket_line_prediction,provider_forecast_structure_only,19.248250603237604,12.47667757557076,13.21115082704562,3,4,4,coverage_validated_cumulative_scores_uncalibrated,2.0,full_trifecta_market_proxy,-1.0,0,0
2026-10-10,岐阜,8,084320261010,1791626160,1791625860,4,4,015910,土生智徳,逃,83.95,,,,,0.19832765740515154,0.1912636269019695,0.1531701923985753,0.2195197208664829,position_specialists,0.1912636269019695,False,,,B,0.29,0.416,0.23,0.08,-0.22553355540891157,0.37046077657197835,-0.0098460446529067,0.18761948478224283,0.004220928990265548,,0,,,0,,cumulative_place,,,False,1.0,1.0,3.0,3,verified,winticket_line_prediction,provider_forecast_structure_only,19.12636269019695,15.31701923985753,21.95197208664829,4,3,1,coverage_validated_cumulative_scores_uncalibrated,4.0,full_trifecta_market_proxy,0.0,0,0
2026-10-10,岐阜,8,084320261010,1791626160,1791625860,5,3,012971,小川将人,追,82.34,,,,,0.023783007087908974,0.01529397981692627,0.10200527361388378,0.13047564594803737,position_specialists,0.01529397981692627,False,,,B,0.2689999999999999,0.5379999999999999,0.06,0.19,0.1348298429075016,-0.13127829660435686,0.047308454823830955,-0.04242351407496574,0.0021675040760823078,,0,,,0,,cumulative_place,,,False,1.0,3.0,3.0,3,verified,winticket_line_prediction,provider_forecast_structure_only,1.529397981692627,10.200527361388378,13.047564594803736,5,5,5,coverage_validated_cumulative_scores_uncalibrated,5.0,full_trifecta_market_proxy,0.0,0,0
2026-10-10,岐阜,8,084320261010,1791626160,1791625860,6,7,014133,高橋紀史,追,82.73,,,,,0.016196930597004267,0.006572960727820298,0.09383227364776253,0.18130048416184785,position_specialists,0.006572960727820298,False,,,B,0.086,0.347,0.06,0.3,-0.0539319371630005,-0.13127829660435686,-0.16591423985422904,-0.04242351407496574,0.0012092391161301296,,0,,,0,,cumulative_place,,,False,3.0,3.0,3.0,3,verified,winticket_line_prediction,provider_forecast_structure_only,0.6572960727820298,9.383227364776253,18.130048416184785,6,6,2,coverage_validated_cumulative_scores_uncalibrated,7.0,full_trifecta_market_proxy,1.0,0,0
2026-10-10,岐阜,8,084320261010,1791626160,1791625860,7,6,012681,辻力,追,80.25,,,,,0.014668276877176974,0.005324346175343087,0.046058805990223994,0.07603172208124023,position_specialists,0.005324346175343087,False,,,B,0.036,0.148,0.12,0.08,-0.01961161351381826,-0.08805532696728827,-0.20855877878984105,-0.04242351407496574,0.0004106849828366477,,0,,,0,,cumulative_place,,,False,2.0,1.0,1.0,3,verified,winticket_line_prediction,provider_forecast_structure_only,0.5324346175343087,4.6058805990224,7.603172208124024,7,7,7,coverage_validated_cumulative_scores_uncalibrated,6.0,full_trifecta_market_proxy,-1.0,0,0
2026-10-10,平塚,9,093520261010,1791626940,1791626640,1,5,15555,林昌幸,逃,104.24,,,,,0.36716493056299543,0.49575250710304386,0.2146992984722547,0.17230972642450532,position_specialists,0.49575250710304386,False,,0.24641710983876128,A,0.48,0.64,0.22,0.13,-0.05869333238808949,0.3592355799321889,0.1366244080873208,-0.02502989293964193,0.0040745154588103715,,0,,,0,,cumulative_place,,,False,1.0,1.0,2.0,4,verified,winticket_line_prediction,provider_forecast_structure_only,49.57525071030439,21.46992984722547,17.23097264245053,1,1,2,coverage_validated_cumulative_scores_uncalibrated,,unavailable,,0,0
2026-10-10,平塚,9,093520261010,1791626940,1791626640,2,3,13442,濱田浩司,追,104.38,,,,,0.20989931640349127,0.24933539726428258,0.1719607642836657,0.12051480848465548,position_specialists,0.24933539726428258,False,,,A,0.384,0.5760000000000001,0.22,0.16,0.22151059264484407,0.0295877416426276,0.13105905456451888,-0.06007174305514063,0.0015121913043007564,,0,,,0,,cumulative_place,,,False,1.0,2.0,2.0,4,verified,winticket_line_prediction,provider_forecast_structure_only,24.933539726428258,17.19607642836657,12.051480848465548,2,3,5,coverage_validated_cumulative_scores_uncalibrated,,unavailable,,0,0
2026-10-10,平塚,9,093520261010,1791626940,1791626640,3,7,15093,末木浩二,両,101.66,,,,,0.1350199773739286,0.09070168408419961,0.15733189857853175,0.15503400345045446,position_specialists,0.09070168408419961,False,,,A,0.055,0.222,0.03,0.12,-0.004635934882004478,0.045226792999926865,-0.17243963644416113,0.10345689081718665,0.001869236473371769,,0,,,0,,cumulative_place,,,False,4.0,1.0,2.0,4,verified,winticket_line_prediction,provider_forecast_structure_only,9.070168408419962,15.733189857853175,15.503400345045446,3,4,3,coverage_validated_cumulative_scores_uncalibrated,,unavailable,,0,0
2026-10-10,平塚,9,093520261010,1791626940,1791626640,4,1,15570,松本憲斗,逃,99.95,,,,,0.15033285342738342,0.07426267002589089,0.1826779361848602,0.2468473973120555,position_specialists,0.07426267002589089,False,,,A,0.304,0.304,0.0,0.22,0.007981734287010524,-0.22271002039642288,-0.01843428894342165,-0.0892732848180562,0.001659209903329997,,0,,,0,,cumulative_place,,,False,2.0,1.0,1.0,4,verified,winticket_line_prediction,provider_forecast_structure_only,7.426267002589089,18.26779361848602,24.68473973120555,4,2,1,coverage_validated_cumulative_scores_uncalibrated,,unavailable,,0,0
2026-10-10,平塚,9,093520261010,1791626940,1791626640,5,4,14582,平原啓多,追,97.12,,,,,0.06211441973198409,0.04617509033390194,0.08178284570788792,0.0938178774291779,position_specialists,0.04617509033390194,False,,,A,0.32,0.32,0.13,0.1,0.0854597276281373,-0.01136992621810224,0.05405638081414913,0.056734423996521705,0.0013651727052715163,,0,,,0,,cumulative_place,,,False,4.0,2.0,2.0,4,verified,winticket_line_prediction,provider_forecast_structure_only,4.617509033390195,8.178284570788792,9.381787742917789,5,6,6,coverage_validated_cumulative_scores_uncalibrated,,unavailable,,0,0
2026-10-10,平塚,9,093520261010,1791626940,1791626640,6,2,13604,庄子信弘,追,98.57,,,,,0.05467393518642689,0.035650744559792294,0.12889390350174815,0.1307505370428505,position_specialists,0.035650744559792294,False,,,A,0.23,0.346,0.11,0.07,-0.04607566321907451,0.17976585713197032,-0.022946292936220622,-0.0892732848180562,0.0006300797101253152,,0,,,0,,cumulative_place,,,False,3.0,2.0,2.0,4,verified,winticket_line_prediction,provider_forecast_structure_only,3.5650744559792296,12.889390350174814,13.07505370428505,6,5,4,coverage_validated_cumulative_scores_uncalibrated,,unavailable,,0,0
2026-10-10,平塚,9,093520261010,1791626940,1791626640,7,6,14982,坂本周作,逃,93.65,,,,,0.020794567313790292,0.008121906628888833,0.06265335327105158,0.08072564985630089,position_specialists,0.008121906628888833,False,,,A,0.125,0.156,0.02,0.04,-0.205547124070823,-0.06399365462868603,-0.10791962514218537,0.10345689081718665,0.0007770983091545555,,0,,,0,,cumulative_place,,,False,3.0,1.0,2.0,4,verified,winticket_line_prediction,provider_forecast_structure_only,0.8121906628888833,6.2653353271051575,8.07256498563009,7,7,7,coverage_validated_cumulative_scores_uncalibrated,,unavailable,,0,0
2026-10-10,岐阜,9,094320261010,1791627660,1791627360,1,7,15820,岩元叶馬,逃,85.62,,,,,0.42192360567990456,0.6312468264915462,0.18101318003316022,0.09927382045258516,position_specialists,0.6312468264915462,False,,0.4507955672094973,S,0.29,0.4579999999999999,0.17,0.14,0.1425757246405416,0.1658709941564538,0.2507491718189654,0.16319376163028018,0.003015140633332659,,0,,,0,,cumulative_place,,,False,1.0,1.0,3.0,3,verified,winticket_line_prediction,provider_forecast_structure_only,63.124682649154614,18.10131800331602,9.927382045258517,1,3,7,coverage_validated_cumulative_scores_uncalibrated,,unavailable,,0,0
2026-10-10,岐阜,9,094320261010,1791627660,1791627360,2,3,14556,小川祐司,両,85.42,,,,,0.17760568835833085,0.1804512592820489,0.2080030109832543,0.14502393892438367,position_specialists,0.1804512592820489,False,,,S,0.428,0.523,0.18,0.11,0.10079772160633636,0.13554591997030135,0.18479389607214494,-0.04859140093485872,0.001741137548825902,,0,,,0,,cumulative_place,,,False,3.0,1.0,2.0,3,verified,winticket_line_prediction,provider_forecast_structure_only,18.04512592820489,20.80030109832543,14.502393892438366,2,1,2,coverage_validated_cumulative_scores_uncalibrated,,unavailable,,0,0
2026-10-10,岐阜,9,094320261010,1791627660,1791627360,3,1,14600,山田祥明,追,83.38,,,,,0.20038414405861713,0.10007579596684635,0.195635061798754,0.26121626688559757,position_specialists,0.10007579596684635,False,,,S,0.157,0.368,0.14,0.16,-0.08488229187902016,0.15784457419473277,-0.06900306986631746,-0.04859140093485872,0.001741137548825902,,0,,,0,,cumulative_place,,,False,1.0,2.0,3.0,3,verified,winticket_line_prediction,provider_forecast_structure_only,10.007579596684636,19.5635061798754,26.121626688559758,3,2,1,coverage_validated_cumulative_scores_uncalibrated,,unavailable,,0,0
2026-10-10,岐阜,9,094320261010,1791627660,1791627360,4,2,12766,立石拓也,追,83.61,,,,,0.07879092062984434,0.0420809831418901,0.11424116718483655,0.11935526759821331,position_specialists,0.0420809831418901,False,,,S,0.21,0.368,0.12,0.28,-0.08488229187902016,0.0971944258224279,0.010369469465620257,-0.04859140093485872,0.001741137548825902,,0,,,0,,cumulative_place,,,False,2.0,2.0,2.0,3,verified,winticket_line_prediction,provider_forecast_structure_only,4.20809831418901,11.424116718483655,11.93552675982133,4,5,5,coverage_validated_cumulative_scores_uncalibrated,,unavailable,,0,0
2026-10-10,岐阜,9,094320261010,1791627660,1791627360,5,5,13652,隅直幸,追,82.57,,,,,0.055478387764485576,0.026664592546851863,0.12819051282198005,0.1321324540606684,position_specialists,0.026664592546851863,False,,,S,0.1,0.3,0.22,0.02,-0.10809229356468963,0.18816964838088515,-0.14837560919825518,0.07976324304401336,0.0008493353896711718,,0,,,0,,cumulative_place,,,False,3.0,2.0,2.0,3,verified,winticket_line_prediction,provider_forecast_structure_only,2.6664592546851864,12.819051282198005,13.21324540606684,5,4,4,coverage_validated_cumulative_scores_uncalibrated,,unavailable,,0,0
2026-10-10,岐阜,9,094320261010,1791627660,1791627360,6,6,15563,久保光司,逃,80.57,,,,,0.044188310142067866,0.012731863503197273,0.0918237777583525,0.10293493175185951,position_specialists,0.012731863503197273,False,,,S,0.142,0.285,0.09,0.11,-0.10809229356468963,-0.046404525146613126,-0.1595307884258405,-0.04859140093485872,4.2466769483558255e-05,,0,,,0,,cumulative_place,,,False,2.0,1.0,2.0,3,verified,winticket_line_prediction,provider_forecast_structure_only,1.2731863503197274,9.182377775835251,10.29349317518595,6,6,6,coverage_validated_cumulative_scores_uncalibrated,,unavailable,,0,0
2026-10-10,岐阜,9,094320261010,1791627660,1791627360,7,4,14598,岡崎祥伍,追,80.8,,,,,0.02162894336674967,0.00674867906761944,0.08109328941966241,0.14006332032669233,position_specialists,0.00674867906761944,False,,,S,0.142,0.19,0.0,0.05,0.1425757246405416,-0.3298549385041016,-0.06900306986631746,-0.04859140093485872,0.003015140633332659,,0,,,0,,cumulative_place,,,False,1.0,3.0,3.0,3,verified,winticket_line_prediction,provider_forecast_structure_only,0.674867906761944,8.109328941966242,14.006332032669233,7,7,3,coverage_validated_cumulative_scores_uncalibrated,,unavailable,,0,0
2026-10-10,平塚,10,103520261010,1791628500,1791628200,1,3,15790,藤田祐大,逃,95.27,,,,,0.4744353154284716,0.6991667289607063,0.1253566491722871,0.08571698836632195,position_specialists,0.6991667289607063,False,,0.5484965462004794,S,0.695,0.782,0.14,0.11,0.22677786505257305,0.316231017114538,0.2966100897869912,0.0883989728811175,0.004353845182816523,,0,,,0,,cumulative_place,,,False,1.0,1.0,3.0,3,verified,winticket_line_prediction,provider_forecast_structure_only,69.91667289607064,12.53566491722871,8.571698836632196,1,5,7,coverage_validated_cumulative_scores_uncalibrated,,unavailable,,0,0
2026-10-10,平塚,10,103520261010,1791628500,1791628200,2,7,15817,梅澤忠秀,逃,95.38,,,,,0.19171788386832597,0.15067018276022692,0.1667858786707877,0.10703251221833752,position_specialists,0.15067018276022692,False,,,S,0.57,0.7609999999999999,0.21,0.12,0.16601783725999375,0.17065312045866113,0.12469954537019452,-0.08065267113380305,0.0010590434228472622,,0,,,0,,cumulative_place,,,False,2.0,1.0,3.0,3,verified,winticket_line_prediction,provider_forecast_structure_only,15.067018276022692,16.67858786707877,10.703251221833753,2,4,6,coverage_validated_cumulative_scores_uncalibrated,,unavailable,,0,0
2026-10-10,平塚,10,103520261010,1791628500,1791628200,3,4,15288,薦田将伍,逃,93.43,,,,,0.12547819191212814,0.07938312137699655,0.18803802196838512,0.1643934909267009,position_specialists,0.07938312137699655,False,,,S,0.5,0.541,0.0,0.28,-0.0754527431589002,0.04381431657901456,0.1415408762723922,0.1298644704696829,0.0012473178091312207,,0,,,0,,cumulative_place,,,False,3.0,1.0,1.0,3,verified,winticket_line_prediction,provider_forecast_structure_only,7.938312137699654,18.80380219683851,16.439349092670092,3,2,3,coverage_validated_cumulative_scores_uncalibrated,,unavailable,,0,0
2026-10-10,平塚,10,103520261010,1791628500,1791628200,4,5,13242,尾崎剛,追,93.0,,,,,0.13395833634782578,0.049871628644196433,0.189934559575521,0.19885135641152404,position_specialists,0.049871628644196433,False,,,S,0.2769999999999999,0.444,0.25,0.09,0.07177956431732005,0.004910003885429743,-0.14544859591153342,-0.08065267113380305,0.001906278161125073,,0,,,0,,cumulative_place,,,False,1.0,2.0,3.0,3,verified,winticket_line_prediction,provider_forecast_structure_only,4.987162864419643,18.9934559575521,19.885135641152406,4,1,1,coverage_validated_cumulative_scores_uncalibrated,,unavailable,,0,0
2026-10-10,平塚,10,103520261010,1791628500,1791628200,5,2,15005,野口正則,両,91.79,,,,,0.04091732783219556,0.013711109440604264,0.0862874089198683,0.13940914049415448,position_specialists,0.013711109440604264,False,,,S,0.3329999999999999,0.5,0.04,0.19,-0.1332753219203746,-0.1219287999942169,-0.023354196967433113,0.02460589966793993,0.0002588772811404423,,0,,,0,,cumulative_place,,,False,2.0,3.0,3.0,3,verified,winticket_line_prediction,provider_forecast_structure_only,1.3711109440604263,8.62874089198683,13.940914049415449,5,6,4,coverage_validated_cumulative_scores_uncalibrated,,unavailable,,0,0
2026-10-10,平塚,10,103520261010,1791628500,1791628200,6,6,15635,藤岡徹也,両,83.57,,,,,0.024009488749500298,0.005223411541369732,0.17412859588399035,0.12002347432399957,position_specialists,0.005223411541369732,False,,,S,0.3,0.4,0.36,0.0,-0.10945416522613564,-0.013287233196554862,-0.1265047236949775,-0.08065267113380305,0.0015767979851281466,,0,,,0,,cumulative_place,,,False,2.0,2.0,3.0,3,verified,winticket_line_prediction,provider_forecast_structure_only,0.5223411541369732,17.412859588399034,12.002347432399956,6,3,5,coverage_validated_cumulative_scores_uncalibrated,,unavailable,,0,0
2026-10-10,平塚,10,103520261010,1791628500,1791628200,7,1,14084,小菅誠,追,90.15,,,,,0.0094834558615526,0.001973817275899749,0.06946888580916052,0.18457303725896146,position_specialists,0.001973817275899749,False,,,S,0.105,0.421,0.05,0.15,-0.14639303632447598,-0.1583232741581861,-0.2675429948556337,-0.0009113296173311013,0.0004236173691389055,,0,,,0,,cumulative_place,,,False,1.0,3.0,3.0,3,verified,winticket_line_prediction,provider_forecast_structure_only,0.19738172758997488,6.9468885809160525,18.457303725896146,7,7,2,coverage_validated_cumulative_scores_uncalibrated,,unavailable,,0,0
2026-10-10,岐阜,10,104320261010,1791629280,1791628980,1,5,15734,岡崎陸登,逃,89.66,,,,,0.7257889847040498,0.8277101332296956,0.15557454623577346,0.19396450955078978,position_specialists,0.8277101332296956,False,,0.6962430085475775,S,0.57,0.619,0.24,0.09,0.2146407873952115,0.2237394531852151,0.2919773388829646,-0.03265986323710905,0.0025665002370546986,,0,,,0,,cumulative_place,,,False,1.0,1.0,3.0,3,verified,winticket_line_prediction,provider_forecast_structure_only,82.77101332296955,15.557454623577343,19.39645095507898,1,4,2,coverage_validated_cumulative_scores_uncalibrated,,unavailable,,0,0
2026-10-10,岐阜,10,104320261010,1791629280,1791628980,2,3,15929,鶴淳志,逃,85.33,,,,,0.15508010732867036,0.1314671246821181,0.19264139566749308,0.15503199875475004,position_specialists,0.1314671246821181,False,,,S,0.38,0.5710000000000001,0.19,0.13,0.04500532638931859,0.31427883386602645,0.271129900076432,-0.03265986323710905,0.0035120529559695877,,0,,,0,,cumulative_place,,,False,2.0,1.0,2.0,3,verified,winticket_line_prediction,provider_forecast_structure_only,13.14671246821181,19.264139566749304,15.503199875475005,2,2,3,coverage_validated_cumulative_scores_uncalibrated,,unavailable,,0,0
2026-10-10,岐阜,10,104320261010,1791629280,1791628980,3,1,14704,阿部充宏,両,83.38,,,,,0.0591090083399508,0.02328148424832765,0.3180697321998205,0.26354231392990135,position_specialists,0.02328148424832765,False,,,S,0.152,0.384,0.11,0.16,-0.02769558547034977,0.030613434033596742,-0.1058985798160825,0.1959591794226543,0.001215710638604857,,0,,,0,,cumulative_place,,,False,1.0,2.0,3.0,3,verified,winticket_line_prediction,provider_forecast_structure_only,2.328148424832765,31.80697321998204,26.354231392990137,3,1,1,coverage_validated_cumulative_scores_uncalibrated,,unavailable,,0,0
2026-10-10,岐阜,10,104320261010,1791629280,1791628980,4,7,14784,萱島大介,追,83.83,,,,,0.02686572826059441,0.01037338819068505,0.18495738793211206,0.1424958728167192,position_specialists,0.01037338819068505,False,,,S,0.208,0.375,0.17,0.17,0.00865487045948441,-0.008189157686750966,0.03324514303822414,-0.03265986323710905,0.0013733027584240053,,0,,,0,,cumulative_place,,,False,2.0,2.0,2.0,3,verified,winticket_line_prediction,provider_forecast_structure_only,1.0373388190685051,18.495738793211203,14.24958728167192,4,3,4,coverage_validated_cumulative_scores_uncalibrated,,unavailable,,0,0
2026-10-10,岐阜,10,104320261010,1791629280,1791628980,5,2,13581,薮謙治,追,79.63,,,,,0.013286274384807764,0.002927449005587307,0.04629591464102515,0.05449174907742693,position_specialists,0.002927449005587307,False,,,S,0.0,0.15,0.26,0.12,-0.11251331597329627,0.05648182851382855,-0.1986610617189536,-0.03265986323710905,0.00011256579987081993,,0,,,0,,cumulative_place,,,False,3.0,2.0,2.0,3,verified,winticket_line_prediction,provider_forecast_structure_only,0.2927449005587307,4.629591464102514,5.449174907742693,5,7,7,coverage_validated_cumulative_scores_uncalibrated,,unavailable,,0,0
2026-10-10,岐阜,10,104320261010,1791629280,1791628980,6,6,15722,竹澤雅也,逃,78.78,,,,,0.011637702665966062,0.0021564768543273923,0.056118821658427076,0.05983950658308707,position_specialists,0.0021564768543273923,False,,,S,0.043,0.086,0.06,0.08,-0.16098059054640856,-0.11254967505779837,-0.13951291969506657,-0.03265986323710905,0.0016884869980623018,,0,,,0,,cumulative_place,,,False,3.0,1.0,2.0,3,verified,winticket_line_prediction,provider_forecast_structure_only,0.21564768543273924,5.611882165842707,5.983950658308707,6,5,6,coverage_validated_cumulative_scores_uncalibrated,,unavailable,,0,0
2026-10-10,岐阜,10,104320261010,1791629280,1791628980,7,4,14408,守安政雄,追,82.41,,,,,0.008232194315960645,0.0020839437892589815,0.04634220166534873,0.13063404928732555,position_specialists,0.0020839437892589815,False,,,S,0.083,0.25,0.12,0.12,0.03288850774604057,-0.13600861798003105,-0.15227982076751806,-0.03265986323710905,0.0016884869980623018,,0,,,0,,cumulative_place,,,False,1.0,3.0,3.0,3,verified,winticket_line_prediction,provider_forecast_structure_only,0.20839437892589815,4.634220166534872,13.063404928732556,7,6,5,coverage_validated_cumulative_scores_uncalibrated,,unavailable,,0,0
2026-10-10,平塚,11,113520261010,1791630120,1791629820,1,1,15225,坂口楓華,両,58.07,,,,,0.6264325562639469,0.781697642042295,0.36448290061648786,0.377894466036561,position_specialists,0.7816976420422949,False,,0.6517469072858545,S,0.851,0.888,0.0,0.0,0.19260762981264462,-0.03157423704635027,0.34394988022395734,0.13216372009101796,0.0023802947525061458,,0,,,0,,cumulative_place,,,False,3.0,1.0,1.0,7,verified,winticket_line_prediction,provider_forecast_structure_only,78.1697642042295,36.448290061648784,37.7894466036561,1,1,1,coverage_validated_cumulative_scores_uncalibrated,,unavailable,,0,0
2026-10-10,平塚,11,113520261010,1791630120,1791629820,2,2,14900,小林莉子,両,57.62,,,,,0.20362962878392157,0.12995073475644037,0.1550898213824432,0.1539385358989306,position_specialists,0.12995073475644034,False,,,S,0.75,0.958,0.0,0.0,0.12463709566422852,-0.03157423704635027,0.09328241080200295,-0.07136840884914969,0.002071738025329423,,0,,,0,,cumulative_place,,,False,4.0,1.0,1.0,7,verified,winticket_line_prediction,provider_forecast_structure_only,12.995073475644038,15.50898213824432,15.39385358989306,2,2,2,coverage_validated_cumulative_scores_uncalibrated,,unavailable,,0,0
2026-10-10,平塚,11,113520261010,1791630120,1791629820,3,7,15495,下条未悠,両,55.85,,,,,0.08529617022090545,0.04179126923122964,0.14937290288413546,0.12946752534036773,position_specialists,0.04179126923122963,False,,,S,0.619,0.809,0.0,0.0,0.011494394812815712,-0.03157423704635027,-0.01107905323723766,-0.0035243658690938037,0.0015574768133682186,,0,,,0,,cumulative_place,,,False,7.0,1.0,1.0,7,verified,winticket_line_prediction,provider_forecast_structure_only,4.179126923122964,14.937290288413546,12.946752534036774,3,3,3,coverage_validated_cumulative_scores_uncalibrated,,unavailable,,0,0
2026-10-10,平塚,11,113520261010,1791630120,1791629820,4,4,15756,熊谷芽緯,逃,55.42,,,,,0.06315962516193246,0.04099773369370106,0.10938738763674907,0.10837693073598863,position_specialists,0.040997733693701056,False,,,S,0.428,0.6659999999999999,0.0,0.0,0.12033216308784986,-0.03157423704635027,0.0341422611440391,0.10749315900736127,0.000631806631838051,,0,,,0,,cumulative_place,,,False,1.0,1.0,1.0,7,verified,winticket_line_prediction,provider_forecast_structure_only,4.099773369370106,10.938738763674907,10.837693073598862,4,4,4,coverage_validated_cumulative_scores_uncalibrated,,unavailable,,0,0
2026-10-10,平塚,11,113520261010,1791630120,1791629820,5,3,15858,平子結菜,両,51.11,,,,,0.007736795013746112,0.0022819433569527823,0.08989029770421021,0.0757674777309827,position_specialists,0.002281943356952782,False,,,S,0.111,0.37,0.0,0.0,-0.056051571147758425,-0.03157423704635027,-0.11912316187701824,-0.07136840884914969,0.001630942700791247,,0,,,0,,cumulative_place,,,False,2.0,1.0,1.0,7,verified,winticket_line_prediction,provider_forecast_structure_only,0.22819433569527822,8.989029770421022,7.576747773098271,5,5,6,coverage_validated_cumulative_scores_uncalibrated,,unavailable,,0,0
2026-10-10,平塚,11,113520261010,1791630120,1791629820,6,6,15865,豊田美香,両,51.85,,,,,0.008164810412795842,0.0020615800161876523,0.07187167113566359,0.09031977354582195,position_specialists,0.002061580016187652,False,,,S,0.284,0.428,0.0,0.0,-0.18295820610399127,-0.03157423704635027,-0.1841931499985284,-0.022027286681836317,0.002556612882321415,,0,,,0,,cumulative_place,,,False,6.0,1.0,1.0,7,verified,winticket_line_prediction,provider_forecast_structure_only,0.20615800161876524,7.187167113566359,9.031977354582194,6,6,5,coverage_validated_cumulative_scores_uncalibrated,,unavailable,,0,0
2026-10-10,平塚,11,113520261010,1791630120,1791629820,7,5,15942,齊藤由莉,両,49.21,,,,,0.0055804141427517415,0.0012190969031935822,0.05990501864031069,0.06423529071134733,position_specialists,0.001219096903193582,False,,,S,0.25,0.35,0.0,0.0,-0.2100615061257893,-0.03157423704635027,-0.15697918705721506,-0.07136840884914969,0.002453760639929174,,0,,,0,,cumulative_place,,,False,5.0,1.0,1.0,7,verified,winticket_line_prediction,provider_forecast_structure_only,0.12190969031935822,5.990501864031069,6.423529071134733,7,7,7,coverage_validated_cumulative_scores_uncalibrated,,unavailable,,0,0
2026-10-10,岐阜,11,114320261010,1791630960,1791630660,1,2,15751,半田誠,逃,96.28,,,,,0.551250148855385,0.810510803774109,0.1725754590449548,0.14693048783757826,position_specialists,0.8105108037741089,False,,0.720431918541519,S,0.713,0.904,0.2,0.17,0.15047260820833427,0.3638978572001143,0.2399062972601073,0.11737150999845503,0.003897587578192552,,0,,,0,,cumulative_place,,,False,1.0,1.0,2.0,4,verified,winticket_line_prediction,provider_forecast_structure_only,81.0510803774109,17.25754590449548,14.693048783757822,1,1,4,coverage_validated_cumulative_scores_uncalibrated,,unavailable,,0,0
2026-10-10,岐阜,11,114320261010,1791630960,1791630660,2,1,14178,伊原克彦,両,90.71,,,,,0.16705909394886606,0.09007888523258994,0.14688853409524025,0.13084290984286281,position_specialists,0.09007888523258993,False,,,S,0.57,0.7140000000000001,0.3,0.1,0.11219626507054803,-0.06283006042927666,0.15940110253288123,0.11737150999845503,0.0007367391153900556,,0,,,0,,cumulative_place,,,False,2.0,2.0,2.0,4,verified,winticket_line_prediction,provider_forecast_structure_only,9.007888523258995,14.688853409524025,13.084290984286278,2,4,5,coverage_validated_cumulative_scores_uncalibrated,,unavailable,,0,0
2026-10-10,岐阜,11,114320261010,1791630960,1791630660,3,3,15535,佐藤竜太,逃,90.54,,,,,0.11012466697715491,0.04961131627026948,0.09664421379436713,0.09601473374306367,position_specialists,0.049611316270269476,False,,,S,0.5,0.5,0.03,0.06,0.09943748402461927,0.12422203418012692,0.020629200844797482,-0.06459371691190142,0.0010694600062113712,,0,,,0,,cumulative_place,,,False,3.0,1.0,2.0,4,verified,winticket_line_prediction,provider_forecast_structure_only,4.9611316270269485,9.664421379436714,9.601473374306366,3,7,7,coverage_validated_cumulative_scores_uncalibrated,,unavailable,,0,0
2026-10-10,岐阜,11,114320261010,1791630960,1791630660,4,5,15184,中野雄喜,両,91.36,,,,,0.06560760572756474,0.021576633020267803,0.1637817969268993,0.15701461748956128,position_specialists,0.0215766330202678,False,,,S,0.473,0.526,0.11,0.11,-0.05366788852652572,0.03963056723189606,-0.059875993882428605,-0.06459371691190142,0.0002614235570738906,,0,,,0,,cumulative_place,,,False,2.0,1.0,2.0,4,verified,winticket_line_prediction,provider_forecast_structure_only,2.1576633020267804,16.37817969268993,15.701461748956124,4,2,3,coverage_validated_cumulative_scores_uncalibrated,,unavailable,,0,0
2026-10-10,岐阜,11,114320261010,1791630960,1791630660,5,7,13824,上吹越直樹,両,90.38,,,,,0.05787673111805528,0.014782181637553158,0.1376236117638853,0.1902152036179676,position_specialists,0.014782181637553156,False,,,S,0.284,0.476,0.1,0.08,-0.16849691793988436,0.04995856216836444,-0.17269146891385043,0.02363184765069564,0.0009268653387165213,,0,,,0,,cumulative_place,,,False,1.0,2.0,2.0,4,verified,winticket_line_prediction,provider_forecast_structure_only,1.4782181637553158,13.762361176388529,19.021520361796757,5,5,1,coverage_validated_cumulative_scores_uncalibrated,,unavailable,,0,0
2026-10-10,岐阜,11,114320261010,1791630960,1791630660,6,4,13653,森安崇之,追,92.59,,,,,0.030950571086583865,0.00973292830784344,0.15237222231424777,0.17789582668651782,position_specialists,0.009732928307843438,False,,,S,0.391,0.521,0.0,0.0,-0.03523853812685087,-0.178602262932561,-0.001789624277079807,-0.06459371691190142,0.002257748902001783,,0,,,0,,cumulative_place,,,False,4.0,1.0,1.0,4,verified,winticket_line_prediction,provider_forecast_structure_only,0.973292830784344,15.237222231424777,17.78958266865178,6,3,2,coverage_validated_cumulative_scores_uncalibrated,,unavailable,,0,0
2026-10-10,岐阜,11,114320261010,1791630960,1791630660,7,6,13483,宮越孝治,追,89.7,,,,,0.017131182286389997,0.003707251757367213,0.13011416206040552,0.10108622078244872,position_specialists,0.0037072517573672127,False,,,S,0.25,0.4579999999999999,0.13,0.09,-0.10470301271024064,-0.020534326955161254,-0.18557951356442695,-0.06459371691190142,0.002257748902001783,,0,,,0,,cumulative_place,,,False,3.0,2.0,2.0,4,verified,winticket_line_prediction,provider_forecast_structure_only,0.3707251757367213,13.011416206040552,10.10862207824487,7,6,6,coverage_validated_cumulative_scores_uncalibrated,,unavailable,,0,0
2026-10-10,平塚,12,123520261010,1791631800,1791631500,1,1,15436,青野将大,逃,110.0,,,,,0.4203432694518621,0.6169706610567065,0.1401312853104142,0.10793405249441448,position_specialists,0.6169706610567064,False,,0.4727044172292799,S,0.466,0.5329999999999999,0.17,0.09,0.18597343338126787,0.101670012019552,0.20308178137395783,0.07660968660181512,0.00010266269529414737,,0,,,0,,cumulative_place,,,False,2.0,1.0,2.0,3,verified,winticket_line_prediction,provider_forecast_structure_only,61.69706610567065,14.013128531041419,10.793405249441449,1,5,6,coverage_validated_cumulative_scores_uncalibrated,,unavailable,,0,0
2026-10-10,平塚,12,123520261010,1791631800,1791631500,2,5,15814,岩井芯,逃,107.8,,,,,0.16245981653760083,0.14426624382742648,0.1737712844416729,0.1736932618118793,position_specialists,0.14426624382742645,False,,,S,0.37,0.518,0.21,0.07,-0.06910308335661411,0.1998040969820344,0.05670472015060365,0.049962839088140296,0.00225857929647125,,0,,,0,,cumulative_place,,,False,1.0,1.0,3.0,3,verified,winticket_line_prediction,provider_forecast_structure_only,14.426624382742649,17.37712844416729,17.36932618118793,2,2,2,coverage_validated_cumulative_scores_uncalibrated,,unavailable,,0,0
2026-10-10,平塚,12,123520261010,1791631800,1791631500,3,4,15363,田中大我,逃,103.91,,,,,0.09108104874651679,0.08679490298176641,0.08299437047084164,0.1049352989486986,position_specialists,0.0867949029817664,False,,,S,0.4579999999999999,0.583,0.05,0.09,0.16883766412312884,0.24887113946327563,-0.021200652813855844,0.1299033816291648,0.003408401483765704,,0,,,0,,cumulative_place,,,False,3.0,1.0,2.0,3,verified,winticket_line_prediction,provider_forecast_structure_only,8.679490298176642,8.299437047084163,10.49352989486986,3,6,7,coverage_validated_cumulative_scores_uncalibrated,,unavailable,,0,0
2026-10-10,平塚,12,123520261010,1791631800,1791631500,4,2,14246,森川大輔,追,103.44,,,,,0.12205601757965942,0.06285617727667389,0.17033686669133807,0.14386681684944708,position_specialists,0.06285617727667388,False,,,S,0.36,0.52,0.16,0.2,0.05084730145035897,-0.005174147633898076,0.0021301203908515864,-0.08993311035865251,0.0010471594920003072,,0,,,0,,cumulative_place,,,False,1.0,2.0,3.0,3,verified,winticket_line_prediction,provider_forecast_structure_only,6.285617727667389,17.033686669133807,14.386681684944708,4,3,4,coverage_validated_cumulative_scores_uncalibrated,,unavailable,,0,0
2026-10-10,平塚,12,123520261010,1791631800,1791631500,5,7,15337,佐藤礼文,追,108.77,,,,,0.1256836639405971,0.05337928465968246,0.21777025393869048,0.21477079890960157,position_specialists,0.053379284659682454,False,,,S,0.222,0.444,0.17,0.12,-0.15086188537890274,0.01935937360672252,-0.20379182150424166,-0.08993311035865251,0.002915620546353796,,0,,,0,,cumulative_place,,,False,2.0,2.0,2.0,3,verified,winticket_line_prediction,provider_forecast_structure_only,5.337928465968246,21.77702539386905,21.47707989096016,5,1,1,coverage_validated_cumulative_scores_uncalibrated,,unavailable,,0,0
2026-10-10,平塚,12,123520261010,1791631800,1791631500,6,3,14190,木村隆弘,追,108.47,,,,,0.06797537469609664,0.03107558832862251,0.1479432910204035,0.14413018413628878,position_specialists,0.031075588328622505,False,,,S,0.237,0.285,0.2,0.13,-0.2365407316695978,0.06842641608796374,-0.16260743312522302,-0.023315991574465452,0.0007597039451766936,,0,,,0,,cumulative_place,,,False,3.0,2.0,2.0,3,verified,winticket_line_prediction,provider_forecast_structure_only,3.1075588328622508,14.794329102040349,14.413018413628878,6,4,3,coverage_validated_cumulative_scores_uncalibrated,,unavailable,,0,0
2026-10-10,平塚,12,123520261010,1791631800,1791631500,7,6,13118,山内卓也,追,101.72,,,,,0.010400809047667084,0.004657141869121823,0.0670526481266392,0.11066958684967027,position_specialists,0.004657141869121822,False,,,S,0.363,0.484,0.03,0.26,0.05084730145035897,-0.26459079165156335,0.1256832855279075,-0.05329369502734964,0.0010471594920003072,,0,,,0,,cumulative_place,,,False,1.0,3.0,3.0,3,verified,winticket_line_prediction,provider_forecast_structure_only,0.4657141869121823,6.705264812663921,11.066958684967027,7,7,5,coverage_validated_cumulative_scores_uncalibrated,,unavailable,,0,0
2026-10-10,川崎,1,013420261010,1791632400,1791632100,1,5,13105,松本一成,逃,68.36,,,,,0.20445655522168776,0.2907729871930461,0.17092262328682975,0.17218675355776755,position_specialists,0.2907729871930461,False,,0.04021120661878519,C,0.2,0.233,,,-0.07664378141849008,0.0,0.3771961334331557,0.07744886286984876,0.00035103929841636766,,0,,,0,,cumulative_place,,,False,,,,0,missing,winticket_line_prediction,provider_forecast_structure_only,29.07729871930461,17.092262328682974,17.218675355776757,1,1,1,coverage_validated_cumulative_scores_uncalibrated,,unavailable,,0,0
2026-10-10,川崎,1,013420261010,1791632400,1791632100,2,1,12439,河合康晴,追,71.71,,,,,0.2225300923535988,0.25056178057426093,0.15378811634476952,0.10987582251805847,position_specialists,0.25056178057426093,False,,,C,0.214,0.5,,,0.09272358146977262,0.0,0.027735009811261452,-0.04840553929365545,0.003054041896222398,,0,,,0,,cumulative_place,,,False,,,,0,missing,winticket_line_prediction,provider_forecast_structure_only,25.05617805742609,15.378811634476952,10.987582251805847,2,3,7,coverage_validated_cumulative_scores_uncalibrated,,unavailable,,0,0
2026-10-10,川崎,1,013420261010,1791632400,1791632100,3,3,14357,佐藤康恭,両,69.03,,,,,0.1725973856612325,0.21315075681270446,0.1310929197365809,0.14220841300051681,position_specialists,0.21315075681270446,False,,,C,0.133,0.366,,,0.04796047317402041,0.0,0.10539303728279352,0.16457883359842856,0.00035103929841636766,,0,,,0,,cumulative_place,,,False,,,,0,missing,winticket_line_prediction,provider_forecast_structure_only,21.315075681270446,13.109291973658092,14.220841300051681,3,5,4,coverage_validated_cumulative_scores_uncalibrated,,unavailable,,0,0
2026-10-10,川崎,1,013420261010,1791632400,1791632100,4,4,13324,市川博章,追,68.8,,,,,0.10701547609838916,0.09179521805945207,0.11059850693076503,0.13141266258253362,position_specialists,0.09179521805945207,False,,,C,0.09,0.2269999999999999,,,0.194946281914407,0.0,-0.08875203139603663,-0.04840553929365545,0.00014041571936654698,,0,,,0,,cumulative_place,,,False,,,,0,missing,winticket_line_prediction,provider_forecast_structure_only,9.179521805945207,11.059850693076504,13.141266258253362,4,7,5,coverage_validated_cumulative_scores_uncalibrated,,unavailable,,0,0
2026-10-10,川崎,1,013420261010,1791632400,1791632100,5,2,12938,鈴木規純,追,69.29,,,,,0.10170383105524891,0.06134498951965983,0.16612278206823078,0.15376501542633678,position_specialists,0.06134498951965983,False,,,C,0.0409999999999999,0.291,,,-0.031880673122737686,0.0,-0.2052390726033347,-0.04840553929365545,0.0018254043517651113,,0,,,0,,cumulative_place,,,False,,,,0,missing,winticket_line_prediction,provider_forecast_structure_only,6.134498951965983,16.612278206823078,15.376501542633678,5,2,3,coverage_validated_cumulative_scores_uncalibrated,,unavailable,,0,0
2026-10-10,川崎,1,013420261010,1791632400,1791632100,6,7,14694,前島恭平,逃,65.24,,,,,0.12096146127678929,0.05711383239609595,0.13682098812279603,0.1212678266615735,position_specialists,0.05711383239609595,False,,,C,0.08,0.12,,,-0.2556962146014995,0.0,-0.011094003924504565,-0.04840553929365545,0.0023519632993896627,,0,,,0,,cumulative_place,,,False,,,,0,missing,winticket_line_prediction,provider_forecast_structure_only,5.711383239609595,13.682098812279603,12.12678266615735,6,4,6,coverage_validated_cumulative_scores_uncalibrated,,unavailable,,0,0
2026-10-10,川崎,1,013420261010,1791632400,1791632100,7,6,13320,村上順規,追,65.94,,,,,0.07073519833305354,0.035260435444780705,0.13065406351002798,0.1692835062532133,position_specialists,0.035260435444780705,False,,,C,0.0579999999999999,0.176,,,0.02859033258452702,0.0,-0.2052390726033347,-0.04840553929365545,0.003089145826064034,,0,,,0,,cumulative_place,,,False,,,,0,missing,winticket_line_prediction,provider_forecast_structure_only,3.5260435444780707,13.065406351002798,16.928350625321333,7,6,2,coverage_validated_cumulative_scores_uncalibrated,,unavailable,,0,0
2026-10-10,奈良,1,015320261010,1791633000,1791632700,1,1,15286,土居佑次,逃,69.79,,,,,0.3765624072093751,0.5755340866785313,0.21187385403603382,0.15080065583932786,position_specialists,0.5755340866785312,False,,0.387657158239271,A,0.208,0.416,,,0.04157132789693326,0.0,0.2918210687237921,0.1059034181723259,0.004393825521242845,,0,,,0,,cumulative_place,,,False,,,,0,missing,winticket_line_prediction,provider_forecast_structure_only,57.553408667853134,21.18738540360338,15.080065583932786,1,1,3,coverage_validated_cumulative_scores_uncalibrated,,unavailable,,0,0
2026-10-10,奈良,1,015320261010,1791633000,1791632700,2,4,16002,宮田龍一,逃,67.85,,,,,0.2582952743894599,0.18787692843926027,0.11533169648396374,0.11826728621915673,position_specialists,0.18787692843926024,False,,,A,0.284,0.428,,,-0.010124893852848014,0.0,0.09275622001584774,-0.05016477702899648,0.0013730704753883891,,0,,,0,,cumulative_place,,,False,,,,0,missing,winticket_line_prediction,provider_forecast_structure_only,18.787692843926028,11.533169648396372,11.826728621915674,2,6,7,coverage_validated_cumulative_scores_uncalibrated,,unavailable,,0,0
2026-10-10,奈良,1,015320261010,1791633000,1791632700,3,2,12847,古閑良介,追,68.66,,,,,0.10479349777573563,0.11161596992520934,0.1478586985077102,0.1363795302461005,position_specialists,0.11161596992520932,False,,,A,0.21,0.368,,,0.291833278694345,0.0,0.09346764000534097,-0.05016477702899648,2.496491773433416e-05,,0,,,0,,cumulative_place,,,False,,,,0,missing,winticket_line_prediction,provider_forecast_structure_only,11.161596992520934,14.785869850771016,13.63795302461005,3,2,5,coverage_validated_cumulative_scores_uncalibrated,,unavailable,,0,0
2026-10-10,奈良,1,015320261010,1791633000,1791632700,4,3,14319,中野彰人,追,68.66,,,,,0.0730631032775066,0.037027906702054164,0.14668808553081025,0.13469573055971476,position_specialists,0.03702790670205416,False,,,A,0.0,0.25,,,-0.059081396285464466,0.0,-0.19050418958344056,-0.05016477702899648,0.0013730704753883891,,0,,,0,,cumulative_place,,,False,,,,0,missing,winticket_line_prediction,provider_forecast_structure_only,3.7027906702054163,14.668808553081021,13.469573055971477,4,3,6,coverage_validated_cumulative_scores_uncalibrated,,unavailable,,0,0
2026-10-10,奈良,1,015320261010,1791633000,1791632700,5,7,13651,井山和裕,追,66.53,,,,,0.06008681242993169,0.030919396220616287,0.13239384796717008,0.15520163208968235,position_specialists,0.030919396220616284,False,,,A,0.133,0.266,,,-0.12703671130005975,0.0,-0.048518274789049805,0.1449204669726565,0.0010734914625763767,,0,,,0,,cumulative_place,,,False,,,,0,missing,winticket_line_prediction,provider_forecast_structure_only,3.091939622061629,13.239384796717005,15.520163208968235,5,5,2,coverage_validated_cumulative_scores_uncalibrated,,unavailable,,0,0
2026-10-10,奈良,1,015320261010,1791633000,1791632700,6,5,12406,濱田昭一郎,追,67.31,,,,,0.06203797070152279,0.029215746218497672,0.11255324237548499,0.14362227724280735,position_specialists,0.02921574621849767,False,,,A,0.034,0.206,,,-0.035243269238903877,0.0,-0.11951123218624518,-0.05016477702899648,0.0013730704753883891,,0,,,0,,cumulative_place,,,False,,,,0,missing,winticket_line_prediction,provider_forecast_structure_only,2.9215746218497674,11.255324237548496,14.362227724280736,6,7,4,coverage_validated_cumulative_scores_uncalibrated,,unavailable,,0,0
2026-10-10,奈良,1,015320261010,1791633000,1791632700,7,6,12537,取鳥敬一,追,67.09,,,,,0.06516093421646826,0.027809965815831148,0.13330057509882695,0.16103288780321048,position_specialists,0.027809965815831145,False,,,A,0.047,0.142,,,-0.10191833591400389,0.0,-0.11951123218624518,-0.05016477702899648,0.0013730704753883891,,0,,,0,,cumulative_place,,,False,,,,0,missing,winticket_line_prediction,provider_forecast_structure_only,2.780996581583115,13.33005750988269,16.103288780321048,7,4,1,coverage_validated_cumulative_scores_uncalibrated,,unavailable,,0,0
2026-10-10,川崎,2,023420261010,1791633600,1791633300,1,1,14644,高橋明久,逃,72.45,,,,,0.4885062653858993,0.6403796041811954,0.2388139291748966,0.1738243700968515,position_specialists,0.6403796041811954,False,,0.44638143918708495,S,0.3329999999999999,0.523,,,0.18196395094754142,0.0,0.11934191921061285,0.12220201853215575,0.0036689969285267137,,0,,,0,,cumulative_place,,,False,,,,0,missing,winticket_line_prediction,provider_forecast_structure_only,64.03796041811954,23.88139291748966,17.38243700968515,1,1,1,coverage_validated_cumulative_scores_uncalibrated,,unavailable,,0,0
2026-10-10,川崎,2,023420261010,1791633600,1791633300,2,2,13768,旭啓介,追,70.85,,,,,0.17405370636015996,0.19399816499411052,0.1620551456829654,0.1521769907171636,position_specialists,0.19399816499411052,False,,,S,0.295,0.407,,,0.09717347385202076,0.0,0.16845227129139975,0.12220201853215575,0.0022013981571160283,,0,,,0,,cumulative_place,,,False,,,,0,missing,winticket_line_prediction,provider_forecast_structure_only,19.399816499411052,16.20551456829654,15.217699071716359,2,3,3,coverage_validated_cumulative_scores_uncalibrated,,unavailable,,0,0
2026-10-10,川崎,2,023420261010,1791633600,1791633300,3,6,14697,相川巧,両,67.5,,,,,0.0877441399156928,0.04974612684709285,0.16227869886381066,0.15610512656071868,position_specialists,0.04974612684709285,False,,,S,0.152,0.23,,,-0.003862823256163748,0.0,0.045359016087643866,-0.06110100926607787,0.001100699078558014,,0,,,0,,cumulative_place,,,False,,,,0,missing,winticket_line_prediction,provider_forecast_structure_only,4.974612684709285,16.227869886381065,15.610512656071867,3,2,2,coverage_validated_cumulative_scores_uncalibrated,,unavailable,,0,0
2026-10-10,川崎,2,023420261010,1791633600,1791633300,4,3,14287,齋藤昌太,追,69.32,,,,,0.06987262636139034,0.03891248727483439,0.0950145492045173,0.11335935799769623,position_specialists,0.03891248727483439,False,,,S,0.12,0.28,,,-0.007479106130304555,0.0,-0.08344698914830848,0.0,0.001100699078558014,,0,,,0,,cumulative_place,,,False,,,,0,missing,winticket_line_prediction,provider_forecast_structure_only,3.891248727483439,9.50145492045173,11.335935799769622,4,6,7,coverage_validated_cumulative_scores_uncalibrated,,unavailable,,0,0
2026-10-10,川崎,2,023420261010,1791633600,1791633300,5,5,14443,堀内昇,両,67.55,,,,,0.09294995013916872,0.037959536162912415,0.10972049245724882,0.13416818277797776,position_specialists,0.037959536162912415,False,,,S,0.166,0.222,,,-0.1265419117672536,0.0,-0.08281223914473107,-0.06110100926607787,0.0007337993857053424,,0,,,0,,cumulative_place,,,False,,,,0,missing,winticket_line_prediction,provider_forecast_structure_only,3.7959536162912415,10.972049245724882,13.416818277797777,5,5,5,coverage_validated_cumulative_scores_uncalibrated,,unavailable,,0,0
2026-10-10,川崎,2,023420261010,1791633600,1791633300,6,7,14019,長崎達也,両,67.0,,,,,0.05609043156211759,0.02783208105801629,0.14111029673217784,0.14638303537012085,position_specialists,0.02783208105801629,False,,,S,0.208,0.25,,,-0.016492360394686885,0.0,0.017312715027574803,-0.06110100926607787,0.0003668996928526712,,0,,,0,,cumulative_place,,,False,,,,0,missing,winticket_line_prediction,provider_forecast_structure_only,2.783208105801629,14.111029673217784,14.638303537012085,6,4,4,coverage_validated_cumulative_scores_uncalibrated,,unavailable,,0,0
2026-10-10,川崎,2,023420261010,1791633600,1791633300,7,4,14433,長田彰人,追,67.94,,,,,0.030782880275571235,0.011171999481838099,0.0910068878843834,0.12398293647947148,position_specialists,0.011171999481838099,False,,,S,0.0579999999999999,0.235,,,-0.12476122325115288,0.0,-0.18420669332419173,-0.06110100926607787,0.0025682978499687,,0,,,0,,cumulative_place,,,False,,,,0,missing,winticket_line_prediction,provider_forecast_structure_only,1.11719994818381,9.10068878843834,12.398293647947147,7,7,6,coverage_validated_cumulative_scores_uncalibrated,,unavailable,,0,0
2026-10-10,奈良,2,025320261010,1791634200,1791633900,1,1,14033,藤縄洋介,両,70.88,,,,,0.30591892109765834,0.5339267901304345,0.30980095149251935,0.16615781398325874,position_specialists,0.5339267901304345,False,,0.3776455441803127,A,0.3329999999999999,0.407,,,0.22064349929441257,0.0,0.18887565727816347,0.12649110640673517,0.00045274960674272725,,0,,,0,,cumulative_place,,,False,,,,0,missing,winticket_line_prediction,provider_forecast_structure_only,53.392679013043455,30.980095149251934,16.615781398325876,1,1,2,coverage_validated_cumulative_scores_uncalibrated,,unavailable,,0,0
2026-10-10,奈良,2,025320261010,1791634200,1791633900,2,5,14559,田山誠,逃,68.5,,,,,0.193767032634558,0.15628124595012186,0.12234461217146919,0.14721687942123407,position_specialists,0.15628124595012186,False,,,A,0.29,0.3329999999999999,,,-0.11952708924046651,0.0,0.08038005116713004,0.12649110640673517,0.0027164976404563616,,0,,,0,,cumulative_place,,,False,,,,0,missing,winticket_line_prediction,provider_forecast_structure_only,15.628124595012185,12.234461217146919,14.721687942123406,2,5,5,coverage_validated_cumulative_scores_uncalibrated,,unavailable,,0,0
2026-10-10,奈良,2,025320261010,1791634200,1791633900,3,3,15542,中嶋樹,逃,69.17,,,,,0.1543948498416982,0.10255368319977441,0.1361045228599234,0.17640776032500877,position_specialists,0.10255368319977441,False,,,A,0.208,0.3329999999999999,,,-0.13996906049862526,0.0,0.020098809088432965,-0.05059644256269407,0.00218828976592318,,0,,,0,,cumulative_place,,,False,,,,0,missing,winticket_line_prediction,provider_forecast_structure_only,10.25536831997744,13.61045228599234,17.640776032500877,3,3,1,coverage_validated_cumulative_scores_uncalibrated,,unavailable,,0,0
2026-10-10,奈良,2,025320261010,1791634200,1791633900,4,2,13663,中野功史,追,70.18,,,,,0.08708611572483005,0.05856110251148139,0.14116115049432115,0.15639648424825814,position_specialists,0.05856110251148139,False,,,A,0.1169999999999999,0.294,,,-0.04911585490680828,0.0,-0.11118683621277585,-0.05059644256269407,0.0017732692930756808,,0,,,0,,cumulative_place,,,False,,,,0,missing,winticket_line_prediction,provider_forecast_structure_only,5.856110251148139,14.116115049432116,15.639648424825815,4,2,3,coverage_validated_cumulative_scores_uncalibrated,,unavailable,,0,0
2026-10-10,奈良,2,025320261010,1791634200,1791633900,5,6,14395,竹田慎一,両,67.91,,,,,0.11281981868644177,0.056158982572633666,0.13467241422319234,0.1560745673178513,position_specialists,0.056158982572633666,False,,,A,0.166,0.25,,,-0.03934600151113471,0.0,-0.12725829089022128,-0.05059644256269407,0.0016600818913899986,,0,,,0,,cumulative_place,,,False,,,,0,missing,winticket_line_prediction,provider_forecast_structure_only,5.615898257263367,13.467241422319235,15.60745673178513,5,4,4,coverage_validated_cumulative_scores_uncalibrated,,unavailable,,0,0
2026-10-10,奈良,2,025320261010,1791634200,1791633900,6,4,12530,池上孝之,追,68.55,,,,,0.06884124552604758,0.04728010108811699,0.07604114309205022,0.09171969243305102,position_specialists,0.04728010108811699,False,,,A,0.237,0.38,,,0.012552325285914066,0.0,0.017411375283340975,-0.05059644256269407,0.0025655811048754533,,0,,,0,,cumulative_place,,,False,,,,0,missing,winticket_line_prediction,provider_forecast_structure_only,4.7280101088116995,7.604114309205022,9.171969243305101,6,7,7,coverage_validated_cumulative_scores_uncalibrated,,unavailable,,0,0
2026-10-10,奈良,2,025320261010,1791634200,1791633900,7,7,13272,古田義明,追,67.47,,,,,0.0771720164887661,0.04523809454743724,0.07987520566652438,0.10602680227133804,position_specialists,0.04523809454743724,False,,,A,0.13,0.173,,,0.11476218157670812,0.0,-0.06832076571407024,-0.05059644256269407,0.0017732692930756808,,0,,,0,,cumulative_place,,,False,,,,0,missing,winticket_line_prediction,provider_forecast_structure_only,4.523809454743724,7.987520566652438,10.602680227133805,7,6,6,coverage_validated_cumulative_scores_uncalibrated,,unavailable,,0,0
2026-10-10,川崎,3,033420261010,1791634800,1791634500,1,1,15976,勝沼遼,逃,78.11,,,,,0.6434392557401151,0.6634724197135918,0.3186273205094432,0.3528156411768966,position_specialists,0.6634724197135919,False,,0.5108765688663908,S,0.611,0.833,,,0.08510564721540093,0.0,0.12798627899497333,-0.05167537931729391,0.002917245095864134,,0,,,0,,cumulative_place,,,False,,,,0,missing,winticket_line_prediction,provider_forecast_structure_only,66.34724197135918,31.862732050944324,35.28156411768967,1,1,1,coverage_validated_cumulative_scores_uncalibrated,,unavailable,,0,0
2026-10-10,川崎,3,033420261010,1791634800,1791634500,2,4,15889,大本隆也,逃,75.33,,,,,0.1348998699196298,0.1525958508472012,0.13732016711797748,0.1135628944224081,position_specialists,0.15259585084720123,False,,,S,0.421,0.631,,,0.14284335813247226,0.0,0.05626256508631189,0.18321270848858748,0.003241383439849038,,0,,,0,,cumulative_place,,,False,,,,0,missing,winticket_line_prediction,provider_forecast_structure_only,15.25958508472012,13.73201671179775,11.356289442240813,2,4,4,coverage_validated_cumulative_scores_uncalibrated,,unavailable,,0,0
2026-10-10,川崎,3,033420261010,1791634800,1791634500,3,2,14369,中川拓也,両,75.82,,,,,0.1363070804635874,0.1265522675959353,0.17789471040182583,0.11180723284246245,position_specialists,0.12655226759593532,False,,,S,0.391,0.608,,,0.11397450267393656,0.0,0.06134153382758008,0.02348880878058814,0.001458622547932067,,0,,,0,,cumulative_place,,,False,,,,0,missing,winticket_line_prediction,provider_forecast_structure_only,12.65522675959353,17.789471040182587,11.180723284246247,3,2,5,coverage_validated_cumulative_scores_uncalibrated,,unavailable,,0,0
2026-10-10,川崎,3,033420261010,1791634800,1791634500,4,3,14385,山本淳,追,75.46,,,,,0.03853223922009036,0.031942928638262376,0.14306336850600657,0.12420619119393728,position_specialists,0.03194292863826238,False,,,S,0.366,0.633,,,-0.041254741096342334,0.0,0.11910112361807251,0.0,0.001296553375939615,,0,,,0,,cumulative_place,,,False,,,,0,missing,winticket_line_prediction,provider_forecast_structure_only,3.1942928638262376,14.306336850600658,12.420619119393729,4,3,3,coverage_validated_cumulative_scores_uncalibrated,,unavailable,,0,0
2026-10-10,川崎,3,033420261010,1791634800,1791634500,5,5,15425,藤野竜也,追,72.47,,,,,0.030562319084216,0.019671167138912204,0.1166518353391228,0.1276535341008207,position_specialists,0.019671167138912208,False,,,S,0.38,0.523,,,-0.006943402399006336,0.0,0.03246173893233387,-0.05167537931729391,0.0003241383439849036,,0,,,0,,cumulative_place,,,False,,,,0,missing,winticket_line_prediction,provider_forecast_structure_only,1.9671167138912204,11.66518353391228,12.765353410082072,5,5,2,coverage_validated_cumulative_scores_uncalibrated,,unavailable,,0,0
2026-10-10,川崎,3,033420261010,1791634800,1791634500,6,6,14446,菅藤智,追,69.76,,,,,0.009912637691208877,0.003880439009383465,0.05079752260589923,0.09704489664528507,position_specialists,0.003880439009383466,False,,,S,0.0,0.294,,,-0.07916285758986528,0.0,-0.19857662022963585,-0.05167537931729391,0.001134484203947163,,0,,,0,,cumulative_place,,,False,,,,0,missing,winticket_line_prediction,provider_forecast_structure_only,0.3880439009383465,5.079752260589924,9.70448966452851,6,7,6,coverage_validated_cumulative_scores_uncalibrated,,unavailable,,0,0
2026-10-10,川崎,3,033420261010,1791634800,1791634500,7,7,14213,岡田哲夫,追,66.2,,,,,0.006346597881152556,0.001884927056713539,0.05564507551972486,0.07290960961818972,position_specialists,0.0018849270567135395,False,,,S,0.0,0.1,,,-0.21456250693659581,0.0,-0.19857662022963585,-0.05167537931729391,0.0019448300639094225,,0,,,0,,cumulative_place,,,False,,,,0,missing,winticket_line_prediction,provider_forecast_structure_only,0.1884927056713539,5.564507551972487,7.290960961818973,7,6,7,coverage_validated_cumulative_scores_uncalibrated,,unavailable,,0,0
2026-10-10,奈良,3,035320261010,1791635400,1791635100,1,1,16007,渡邊諒馬,逃,79.1,,,,,0.690913625518533,0.7456141520186224,0.3256988567723217,0.3709746207825423,position_specialists,0.7456141520186222,False,,0.5940025937951188,S,0.7,0.75,,,0.19186275857204482,0.0,0.1442293120036917,-0.05167537931729391,0.004728458637276605,,0,,,0,,cumulative_place,,,False,,,,0,missing,winticket_line_prediction,provider_forecast_structure_only,74.56141520186223,32.56988567723217,37.09746207825423,1,1,1,coverage_validated_cumulative_scores_uncalibrated,,unavailable,,0,0
2026-10-10,奈良,3,035320261010,1791635400,1791635100,2,2,14778,宮崎一彰,追,76.59,,,,,0.15161180184570872,0.15161155822350353,0.16524386866705665,0.1352205819978933,position_specialists,0.1516115582235035,False,,,S,0.478,0.652,,,0.15998569640691965,0.0,0.028401669444807404,0.18321270848858748,0.00034504968434180604,,0,,,0,,cumulative_place,,,False,,,,0,missing,winticket_line_prediction,provider_forecast_structure_only,15.161155822350352,16.524386866705665,13.52205819978933,2,2,2,coverage_validated_cumulative_scores_uncalibrated,,unavailable,,0,0
2026-10-10,奈良,3,035320261010,1791635400,1791635100,3,3,13451,松本大地,追,76.37,,,,,0.06948057879456497,0.05769260611051595,0.1129299247811859,0.07464551851487035,position_specialists,0.057692606110515944,False,,,S,0.555,0.74,,,-0.006586732056668557,0.0,0.13375730197097335,0.02348880878058814,0.001265182175919957,,0,,,0,,cumulative_place,,,False,,,,0,missing,winticket_line_prediction,provider_forecast_structure_only,5.769260611051595,11.29299247811859,7.464551851487035,3,5,6,coverage_validated_cumulative_scores_uncalibrated,,unavailable,,0,0
2026-10-10,奈良,3,035320261010,1791635400,1791635100,4,5,14780,古川大輔,両,72.22,,,,,0.030121696756829453,0.018001651582077702,0.143408793681981,0.1238845325373703,position_specialists,0.0180016515820777,False,,,S,0.295,0.518,,,-0.10949154001662831,0.0,0.08179327016087128,0.0,0.0006389808969292715,,0,,,0,,cumulative_place,,,False,,,,0,missing,winticket_line_prediction,provider_forecast_structure_only,1.8001651582077702,14.3408793681981,12.38845325373703,4,3,3,coverage_validated_cumulative_scores_uncalibrated,,unavailable,,0,0
2026-10-10,奈良,3,035320261010,1791635400,1791635100,5,4,13897,加藤大輔,追,73.5,,,,,0.03149778065294078,0.016521067447888876,0.11438445900822829,0.10137028048425191,position_specialists,0.016521067447888872,False,,,S,0.266,0.5,,,-0.018207225634678952,0.0,-0.04799705244163748,-0.05167537931729391,0.001175724850349859,,0,,,0,,cumulative_place,,,False,,,,0,missing,winticket_line_prediction,provider_forecast_structure_only,1.6521067447888875,11.43844590082283,10.137028048425192,5,4,5,coverage_validated_cumulative_scores_uncalibrated,,unavailable,,0,0
2026-10-10,奈良,3,035320261010,1791635400,1791635100,6,6,15739,楠本政明,逃,70.57,,,,,0.022143522436661324,0.00940168684529701,0.09770428148321471,0.12095090037101437,position_specialists,0.009401686845297009,False,,,S,0.19,0.38,,,-0.07036969099579288,0.0,-0.08845752366654906,-0.05167537931729391,0.001265182175919957,,0,,,0,,cumulative_place,,,False,,,,0,missing,winticket_line_prediction,provider_forecast_structure_only,0.940168684529701,9.770428148321471,12.095090037101437,6,6,4,coverage_validated_cumulative_scores_uncalibrated,,unavailable,,0,0
2026-10-10,奈良,3,035320261010,1791635400,1791635100,7,7,13492,坂本智哉,追,67.57,,,,,0.004230993994761784,0.0011572777720947375,0.04062981560601176,0.07295356531205743,position_specialists,0.0011572777720947373,False,,,S,0.0,0.142,,,-0.1471932662751957,0.0,-0.25172697747215717,-0.05167537931729391,0.0007284382224993693,,0,,,0,,cumulative_place,,,False,,,,0,missing,winticket_line_prediction,provider_forecast_structure_only,0.11572777720947375,4.062981560601176,7.295356531205743,7,7,7,coverage_validated_cumulative_scores_uncalibrated,,unavailable,,0,0
2026-10-10,川崎,4,043420261010,1791636000,1791635700,1,1,15979,福田海響,逃,80.66,,,,,0.5983032601086951,0.7240220626348622,0.3898012031862632,0.3947739914055955,position_specialists,0.7240220626348621,False,,0.5230461854909358,S,0.866,1.0,,,0.23987801490610433,0.0,0.023843240116360992,0.17385152083719368,0.003713685216324355,,0,,,0,,cumulative_place,,,False,,,,0,missing,winticket_line_prediction,provider_forecast_structure_only,72.40220626348622,38.98012031862632,39.47739914055955,1,1,1,coverage_validated_cumulative_scores_uncalibrated,,unavailable,,0,0
2026-10-10,川崎,4,043420261010,1791636000,1791635700,2,2,15961,榊枝天旺,逃,78.55,,,,,0.2822174192582322,0.2009758771439263,0.23461649660661232,0.18368591514533011,position_specialists,0.20097587714392628,False,,,S,0.722,0.777,,,0.06846933858335881,0.0,-0.009895372938850566,-0.046806178686936754,0.0018786878153170268,,0,,,0,,cumulative_place,,,False,,,,0,missing,winticket_line_prediction,provider_forecast_structure_only,20.09758771439263,23.461649660661234,18.368591514533012,2,2,2,coverage_validated_cumulative_scores_uncalibrated,,unavailable,,0,0
2026-10-10,川崎,4,043420261010,1791636000,1791635700,3,4,15166,内田淳,逃,76.66,,,,,0.06018339757250057,0.03767054085521341,0.09009232642629497,0.08881959942240347,position_specialists,0.0376705408552134,False,,,S,0.416,0.75,,,0.01389586951977883,0.0,0.012177389266970616,-0.046806178686936754,4.3690414309698396e-05,,0,,,0,,cumulative_place,,,False,,,,0,missing,winticket_line_prediction,provider_forecast_structure_only,3.767054085521341,9.009232642629497,8.881959942240346,3,5,4,coverage_validated_cumulative_scores_uncalibrated,,unavailable,,0,0
2026-10-10,川崎,4,043420261010,1791636000,1791635700,4,3,12649,山本恵太郎,追,76.81,,,,,0.029541905004910315,0.02308127943110842,0.09781405512429299,0.08532397349076569,position_specialists,0.023081279431108416,False,,,S,0.591,0.777,,,0.017808693643921684,0.0,0.16920460369363807,-0.046806178686936754,0.0011796411863618538,,0,,,0,,cumulative_place,,,False,,,,0,missing,winticket_line_prediction,provider_forecast_structure_only,2.308127943110842,9.781405512429298,8.532397349076568,4,4,5,coverage_validated_cumulative_scores_uncalibrated,,unavailable,,0,0
2026-10-10,川崎,4,043420261010,1791636000,1791635700,5,6,13082,小泉俊也,両,71.65,,,,,0.018037223427933104,0.010015771836004442,0.0990850798242834,0.10409027069945025,position_specialists,0.01001577183600444,False,,,S,0.416,0.541,,,0.02172151776806461,0.0,-0.012049504662575561,0.06017937259749013,0.00041505893594213374,,0,,,0,,cumulative_place,,,False,,,,0,missing,winticket_line_prediction,provider_forecast_structure_only,1.0015771836004443,9.90850798242834,10.409027069945024,5,3,3,coverage_validated_cumulative_scores_uncalibrated,,unavailable,,0,0
2026-10-10,川崎,4,043420261010,1791636000,1791635700,6,5,13551,女屋文伸,追,71.79,,,,,0.0067971298907027935,0.002664150052501434,0.0419522384193419,0.07193518947744125,position_specialists,0.0026641500525014334,False,,,S,0.416,0.5,,,-0.22375605868083523,0.0,-0.00469191726063517,-0.046806178686936754,0.0027088056872012945,,0,,,0,,cumulative_place,,,False,,,,0,missing,winticket_line_prediction,provider_forecast_structure_only,0.2664150052501434,4.195223841934189,7.193518947744125,6,7,6,coverage_validated_cumulative_scores_uncalibrated,,unavailable,,0,0
2026-10-10,川崎,4,043420261010,1791636000,1791635700,7,7,13378,小田桐義継,追,70.5,,,,,0.004919664737026022,0.0015703180463838553,0.046638600412911284,0.07137106035901371,position_specialists,0.001570318046383855,False,,,S,0.166,0.416,,,-0.1380173757403924,0.0,-0.1785884382149084,-0.046806178686936754,0.001332557636445798,,0,,,0,,cumulative_place,,,False,,,,0,missing,winticket_line_prediction,provider_forecast_structure_only,0.15703180463838554,4.663860041291128,7.137106035901371,7,6,7,coverage_validated_cumulative_scores_uncalibrated,,unavailable,,0,0
2026-10-10,奈良,4,045320261010,1791636600,1791636300,1,1,15637,近藤雄太,逃,79.48,,,,,0.6406424944799606,0.7617054176705869,0.2970304171507434,0.4013661411626177,position_specialists,0.7617054176705867,False,,0.6392333862798644,S,0.851,0.888,,,0.162712652708624,0.0,0.25596874809241843,-0.04880961846424893,0.003300334706999941,,0,,,0,,cumulative_place,,,False,,,,0,missing,winticket_line_prediction,provider_forecast_structure_only,76.17054176705868,29.70304171507434,40.13661411626177,1,1,1,coverage_validated_cumulative_scores_uncalibrated,,unavailable,,0,0
2026-10-10,奈良,4,045320261010,1791636600,1791636300,2,2,16020,飯田怜治,逃,76.33,,,,,0.17784523083948528,0.12247203139072235,0.21204433601534312,0.1137838686455216,position_specialists,0.12247203139072234,False,,,S,0.523,0.6659999999999999,,,0.12659867698035213,0.0,0.0,-0.04880961846424893,0.002322457756777736,,0,,,0,,cumulative_place,,,False,,,,0,missing,winticket_line_prediction,provider_forecast_structure_only,12.247203139072235,21.204433601534312,11.37838686455216,2,2,2,coverage_validated_cumulative_scores_uncalibrated,,unavailable,,0,0
2026-10-10,奈良,4,045320261010,1791636600,1791636300,3,3,15000,藤井準也,両,76.33,,,,,0.10206014659776443,0.07038459409703333,0.1829697374180072,0.11323912322237752,position_specialists,0.07038459409703332,False,,,S,0.541,0.625,,,0.07242771338794439,0.0,0.03937980739883361,-0.04880961846424893,0.0008556423314444292,,0,,,0,,cumulative_place,,,False,,,,0,missing,winticket_line_prediction,provider_forecast_structure_only,7.038459409703333,18.29697374180072,11.323912322237751,3,3,3,coverage_validated_cumulative_scores_uncalibrated,,unavailable,,0,0
2026-10-10,奈良,4,045320261010,1791636600,1791636300,4,6,15900,花田雄飛,逃,71.22,,,,,0.04130590952424919,0.030751483302654977,0.10032919381347431,0.09359945799024413,position_specialists,0.030751483302654974,False,,,S,0.406,0.555,,,0.12659867698035213,0.0,0.06493024710126649,0.1614471995355926,0.00024446923755555106,,0,,,0,,cumulative_place,,,False,,,,0,missing,winticket_line_prediction,provider_forecast_structure_only,3.0751483302654976,10.032919381347432,9.359945799024413,4,4,6,coverage_validated_cumulative_scores_uncalibrated,,unavailable,,0,0
2026-10-10,奈良,4,045320261010,1791636600,1791636300,5,5,13366,加藤昌平,追,73.65,,,,,0.015834758187262824,0.006334546281125967,0.08064897645584608,0.0945643514511186,position_specialists,0.006334546281125966,False,,,S,0.307,0.5760000000000001,,,-0.1539838016736571,0.0,-0.08507192844861941,-0.04880961846424893,0.00036670385633332675,,0,,,0,,cumulative_place,,,False,,,,0,missing,winticket_line_prediction,provider_forecast_structure_only,0.6334546281125967,8.064897645584608,9.456435145111861,5,5,5,coverage_validated_cumulative_scores_uncalibrated,,unavailable,,0,0
2026-10-10,奈良,4,045320261010,1791636600,1791636300,6,4,14776,川上修平,追,73.91,,,,,0.011921115335570097,0.005289968636041718,0.07654790599950274,0.10107769773658706,position_specialists,0.0052899686360417175,False,,,S,0.346,0.521,,,-0.19287421979265076,0.0,-0.08507192844861941,0.08260089278565204,0.002322457756777736,,0,,,0,,cumulative_place,,,False,,,,0,missing,winticket_line_prediction,provider_forecast_structure_only,0.5289968636041719,7.6547905999502746,10.107769773658706,6,6,4,coverage_validated_cumulative_scores_uncalibrated,,unavailable,,0,0
2026-10-10,奈良,4,045320261010,1791636600,1791636300,7,7,14979,黒川渉,両,70.2,,,,,0.010390345035707588,0.0030619586218348037,0.050429433147083196,0.0823693597915334,position_specialists,0.0030619586218348033,False,,,S,0.2,0.3,,,-0.14147969859096485,0.0,-0.19013494569527975,-0.04880961846424893,0.002322457756777736,,0,,,0,,cumulative_place,,,False,,,,0,missing,winticket_line_prediction,provider_forecast_structure_only,0.3061958621834804,5.042943314708319,8.23693597915334,7,7,7,coverage_validated_cumulative_scores_uncalibrated,,unavailable,,0,0
2026-10-10,川崎,5,053420261010,1791637200,1791636900,1,5,14438,緑川修平,逃,81.16,,,,,0.24492792779319675,0.29184935347964136,0.12437021516102012,0.1301138919182674,position_specialists,0.2918493534796414,False,,0.06774011208657985,C,0.25,0.3329999999999999,,,0.13539686981191162,0.0,0.1673883623564918,0.054053113975374094,0.0025311617216244695,,0,,,0,,cumulative_place,,,False,,,,0,missing,winticket_line_prediction,provider_forecast_structure_only,29.184935347964135,12.437021516102012,13.011389191826739,1,5,5,coverage_validated_cumulative_scores_uncalibrated,,unavailable,,0,0
2026-10-10,川崎,5,053420261010,1791637200,1791636900,2,1,13899,山田和巧,追,84.8,,,,,0.14693265799059313,0.22410924139306151,0.13349808580804387,0.12646495295883362,position_specialists,0.22410924139306157,False,,,C,0.19,0.38,,,0.2152736056094463,0.0,0.10704710673226063,0.054053113975374094,3.902991697774079e-19,,0,,,0,,cumulative_place,,,False,,,,0,missing,winticket_line_prediction,provider_forecast_structure_only,22.41092413930615,13.349808580804387,12.646495295883362,2,4,6,coverage_validated_cumulative_scores_uncalibrated,,unavailable,,0,0
2026-10-10,川崎,5,053420261010,1791637200,1791636900,3,2,14086,齋藤友幸,両,83.27,,,,,0.16680375146201468,0.156012281748158,0.2282399846884146,0.1542457349375311,position_specialists,0.15601228174815804,False,,,C,0.25,0.25,,,-0.021940420923296764,0.0,0.008614928761843825,0.054053113975374094,0.0016874411477496467,,0,,,0,,cumulative_place,,,False,,,,0,missing,winticket_line_prediction,provider_forecast_structure_only,15.601228174815802,22.82399846884146,15.42457349375311,3,1,2,coverage_validated_cumulative_scores_uncalibrated,,unavailable,,0,0
2026-10-10,川崎,5,053420261010,1791637200,1791636900,4,3,14457,北野良栄,両,81.52,,,,,0.177849623716239,0.14688950208544965,0.1683155829829098,0.15082509754881276,position_specialists,0.14688950208544968,False,,,C,0.284,0.476,,,-0.06733772088312662,0.0,0.13563367563756218,-0.09008852329229017,0.0002812401912916076,,0,,,0,,cumulative_place,,,False,,,,0,missing,winticket_line_prediction,provider_forecast_structure_only,14.688950208544965,16.83155829829098,15.082509754881276,4,2,3,coverage_validated_cumulative_scores_uncalibrated,,unavailable,,0,0
2026-10-10,川崎,5,053420261010,1791637200,1791636900,5,4,15707,池邉聖,逃,81.3,,,,,0.17685217183103422,0.14675625754260055,0.14128484460316537,0.1776760068996688,position_specialists,0.14675625754260058,False,,,C,0.2,0.366,,,-0.1349159177814728,0.0,0.05307884102661015,0.10810622795074819,0.0016874411477496467,,0,,,0,,cumulative_place,,,False,,,,0,missing,winticket_line_prediction,provider_forecast_structure_only,14.675625754260055,14.128484460316537,17.76760068996688,5,3,1,coverage_validated_cumulative_scores_uncalibrated,,unavailable,,0,0
2026-10-10,川崎,5,053420261010,1791637200,1791636900,6,6,13838,山田武,追,79.27,,,,,0.039148650631425676,0.01760566586939388,0.09449070263808677,0.12227791977105633,position_specialists,0.017605665869393883,False,,,C,0.045,0.136,,,0.03812908743078876,0.0,-0.23588145725738419,-0.09008852329229017,0.002812401912916077,,0,,,0,,cumulative_place,,,False,,,,0,missing,winticket_line_prediction,provider_forecast_structure_only,1.7605665869393878,9.449070263808677,12.227791977105634,6,7,7,coverage_validated_cumulative_scores_uncalibrated,,unavailable,,0,0
2026-10-10,川崎,5,053420261010,1791637200,1791636900,7,7,13860,藤原清隆,追,78.77,,,,,0.04748521657549649,0.01677769788169489,0.10980058411835944,0.13839639596583003,position_specialists,0.016777697881694892,False,,,C,0.111,0.111,,,-0.16460550326424978,0.0,-0.23588145725738419,-0.09008852329229017,0.002812401912916077,,0,,,0,,cumulative_place,,,False,,,,0,missing,winticket_line_prediction,provider_forecast_structure_only,1.6777697881694889,10.980058411835945,13.839639596583003,7,6,4,coverage_validated_cumulative_scores_uncalibrated,,unavailable,,0,0
2026-10-10,奈良,5,055320261010,1791637800,1791637500,1,2,15558,川野深,逃,85.8,,,,,0.3949728007138456,0.619324342246109,0.26836103903756164,0.22484480744464436,position_specialists,0.619324342246109,False,,0.3978150242243425,A,0.3329999999999999,0.523,,,0.1803871220284134,0.0,0.35487730696521114,0.1830769406903394,0.0029080245397869542,,0,,,0,,cumulative_place,,,False,,,,0,missing,winticket_line_prediction,provider_forecast_structure_only,61.9324342246109,26.836103903756165,22.484480744464435,1,1,1,coverage_validated_cumulative_scores_uncalibrated,,unavailable,,0,0
2026-10-10,奈良,5,055320261010,1791637800,1791637500,2,1,13354,國村洋,追,87.33,,,,,0.29457719498760637,0.2215093180217665,0.1543642782914791,0.16304622765334556,position_specialists,0.2215093180217665,False,,,A,0.384,0.5379999999999999,,,0.06469871759259457,0.0,0.053524457652594525,-0.044292808231533726,0.0001677706465261703,,0,,,0,,cumulative_place,,,False,,,,0,missing,winticket_line_prediction,provider_forecast_structure_only,22.15093180217665,15.436427829147911,16.304622765334557,2,4,3,coverage_validated_cumulative_scores_uncalibrated,,unavailable,,0,0
2026-10-10,奈良,5,055320261010,1791637800,1791637500,3,4,15827,藤原夏志,逃,81.83,,,,,0.12314715133791393,0.07529174121678858,0.17253709622259158,0.1384852745391292,position_specialists,0.07529174121678858,False,,,A,0.2769999999999999,0.2769999999999999,,,-0.0017047472594895698,0.0,0.054984927784068015,0.03838710046732923,0.0023208272769453583,,0,,,0,,cumulative_place,,,False,,,,0,missing,winticket_line_prediction,provider_forecast_structure_only,7.529174121678858,17.25370962225916,13.84852745391292,3,2,4,coverage_validated_cumulative_scores_uncalibrated,,unavailable,,0,0
2026-10-10,奈良,5,055320261010,1791637800,1791637500,4,3,15126,高山雄丞,両,82.47,,,,,0.11151813858768617,0.052812000660712795,0.16666519789193646,0.1653201360999359,position_specialists,0.052812000660712795,False,,,A,0.142,0.285,,,-0.039546590247777985,0.0,-0.06321945973062103,-0.044292808231533726,0.001985285983893017,,0,,,0,,cumulative_place,,,False,,,,0,missing,winticket_line_prediction,provider_forecast_structure_only,5.281200066071279,16.666519789193647,16.53201360999359,4,3,2,coverage_validated_cumulative_scores_uncalibrated,,unavailable,,0,0
2026-10-10,奈良,5,055320261010,1791637800,1791637500,5,5,14094,有馬雄二,追,80.62,,,,,0.03933776060049686,0.01825782504015802,0.10932141658572149,0.13048159927113367,position_specialists,0.01825782504015802,False,,,A,0.147,0.259,,,-0.04932757118780688,0.0,-0.00557773610475,-0.044292808231533726,0.0013980887210514204,,0,,,0,,cumulative_place,,,False,,,,0,missing,winticket_line_prediction,provider_forecast_structure_only,1.8257825040158022,10.93214165857215,13.048159927113367,5,5,5,coverage_validated_cumulative_scores_uncalibrated,,unavailable,,0,0
2026-10-10,奈良,5,055320261010,1791637800,1791637500,6,6,13142,黒田大介,追,80.23,,,,,0.02467489736906774,0.009992906451743852,0.07389246169524623,0.09381861887710524,position_specialists,0.009992906451743852,False,,,A,0.038,0.192,,,0.07614181418804078,0.0,-0.18288431737678357,-0.044292808231533726,0.0027682156676818127,,0,,,0,,cumulative_place,,,False,,,,0,missing,winticket_line_prediction,provider_forecast_structure_only,0.9992906451743852,7.389246169524623,9.381861887710524,6,6,6,coverage_validated_cumulative_scores_uncalibrated,,unavailable,,0,0
2026-10-10,奈良,5,055320261010,1791637800,1791637500,7,7,15112,日浦崇道,逃,75.79,,,,,0.011772056403383373,0.0028118663627212156,0.054858510275463505,0.0840033361147061,position_specialists,0.0028118663627212156,False,,,A,0.0,0.0409999999999999,,,-0.23064874511397443,0.0,-0.2117051791897191,-0.044292808231533726,0.0007549679093677668,,0,,,0,,cumulative_place,,,False,,,,0,missing,winticket_line_prediction,provider_forecast_structure_only,0.28118663627212154,5.48585102754635,8.40033361147061,7,7,7,coverage_validated_cumulative_scores_uncalibrated,,unavailable,,0,0
2026-10-10,川崎,6,063420261010,1791638400,1791638100,1,1,14797,佐々木吉徳,逃,85.33,,,,,0.4235413159046373,0.5193227978948994,0.28014625604826093,0.2352680325853333,position_specialists,0.5193227978948994,False,,0.30998208056702636,A,0.37,0.444,,,0.14338181195062646,0.0,0.15017604307211646,0.08097149006145125,0.0030011908942863363,,0,,,0,,cumulative_place,,,False,,,,0,missing,winticket_line_prediction,provider_forecast_structure_only,51.93227978948995,28.014625604826094,23.52680325853333,1,1,1,coverage_validated_cumulative_scores_uncalibrated,,unavailable,,0,0
2026-10-10,川崎,6,063420261010,1791638400,1791638100,2,3,14572,赤塚悠人,両,83.79,,,,,0.16991178881121669,0.20934071732787304,0.14966443744291189,0.14167046366387825,position_specialists,0.20934071732787304,False,,,A,0.29,0.375,,,0.12691456506208737,0.0,0.2368898511500911,0.02749975134162496,0.0009378721544644806,,0,,,0,,cumulative_place,,,False,,,,0,missing,winticket_line_prediction,provider_forecast_structure_only,20.934071732787306,14.966443744291189,14.167046366387826,2,3,4,coverage_validated_cumulative_scores_uncalibrated,,unavailable,,0,0
2026-10-10,川崎,6,063420261010,1791638400,1791638100,3,6,15897,森飛龍,逃,80.3,,,,,0.17268205236357823,0.10339469455249824,0.15297729276556346,0.14392586459724482,position_specialists,0.10339469455249824,False,,,A,0.1,0.15,,,-0.16267726131282403,0.0,-0.10342600605685767,0.08097149006145125,0.0025088080131924853,,0,,,0,,cumulative_place,,,False,,,,0,missing,winticket_line_prediction,provider_forecast_structure_only,10.339469455249823,15.297729276556346,14.392586459724482,3,2,3,coverage_validated_cumulative_scores_uncalibrated,,unavailable,,0,0
2026-10-10,川崎,6,063420261010,1791638400,1791638100,4,2,14304,大竹哲也,追,84.9,,,,,0.10551955459905345,0.08607199209571975,0.13229776560304096,0.17862212071149233,position_specialists,0.08607199209571975,False,,,A,0.142,0.285,,,0.0281110837308529,0.0,-0.0297251876399722,0.08097149006145125,0.001031659369910928,,0,,,0,,cumulative_place,,,False,,,,0,missing,winticket_line_prediction,provider_forecast_structure_only,8.607199209571975,13.229776560304096,17.862212071149234,4,4,2,coverage_validated_cumulative_scores_uncalibrated,,unavailable,,0,0
2026-10-10,川崎,6,063420261010,1791638400,1791638100,5,4,14737,河上陽一,両,82.83,,,,,0.06919193328261215,0.045378560071906354,0.09904985520296605,0.08817143003576966,position_specialists,0.045378560071906354,False,,,A,0.125,0.3329999999999999,,,-0.024120668585719235,0.0,-0.018887605643945628,-0.0901380738419929,0.0020867655436834693,,0,,,0,,cumulative_place,,,False,,,,0,missing,winticket_line_prediction,provider_forecast_structure_only,4.537856007190635,9.904985520296606,8.817143003576966,5,6,7,coverage_validated_cumulative_scores_uncalibrated,,unavailable,,0,0
2026-10-10,川崎,6,063420261010,1791638400,1791638100,6,5,14087,高橋隆太,追,80.94,,,,,0.04710146562841021,0.03309080423011164,0.11938346743671843,0.12169685451351696,position_specialists,0.03309080423011164,False,,,A,0.166,0.3329999999999999,,,0.07069420677767807,0.0,-0.0297251876399722,-0.0901380738419929,0.0014302550355583328,,0,,,0,,cumulative_place,,,False,,,,0,missing,winticket_line_prediction,provider_forecast_structure_only,3.309080423011164,11.938346743671843,12.169685451351695,6,5,5,coverage_validated_cumulative_scores_uncalibrated,,unavailable,,0,0
2026-10-10,川崎,6,063420261010,1791638400,1791638100,7,7,13613,宗景祐樹,追,0.0,,,,,0.012051889410492029,0.0034004338269914658,0.06648092550053822,0.09064523389276467,position_specialists,0.0034004338269914658,False,,,A,0.0,0.0,,,-0.182303737622702,0.0,-0.20530190724145986,-0.0901380738419929,0.0020867655436834693,,0,,,0,,cumulative_place,,,False,,,,0,missing,winticket_line_prediction,provider_forecast_structure_only,0.3400433826991466,6.648092550053822,9.064523389276467,7,7,6,coverage_validated_cumulative_scores_uncalibrated,,unavailable,,0,0
2026-10-10,奈良,6,065320261010,1791639000,1791638700,1,1,14321,石坂永伍,両,86.8,,,,,0.34544138497242305,0.44543676481373506,0.2678305995362632,0.19830804469771468,position_specialists,0.44543676481373506,False,,0.20542217643273028,A,0.423,0.461,,,0.19067071274809463,0.0,0.24708462953476334,0.016662363098937323,0.002434674742107307,,0,,,0,,cumulative_place,,,False,,,,0,missing,winticket_line_prediction,provider_forecast_structure_only,44.54367648137351,26.78305995362632,19.83080446977147,1,1,1,coverage_validated_cumulative_scores_uncalibrated,,unavailable,,0,0
2026-10-10,奈良,6,065320261010,1791639000,1791638700,2,3,15746,峯口司,逃,84.78,,,,,0.2440663594652218,0.24001458838100478,0.16285109045201265,0.16580177366826943,position_specialists,0.24001458838100478,False,,,A,0.2,0.3329999999999999,,,0.19792100594426176,0.0,-0.014237759026944664,0.16760376999519316,0.002700967292025293,,0,,,0,,cumulative_place,,,False,,,,0,missing,winticket_line_prediction,provider_forecast_structure_only,24.00145883810048,16.285109045201267,16.58017736682694,2,4,4,coverage_validated_cumulative_scores_uncalibrated,,unavailable,,0,0
2026-10-10,奈良,6,065320261010,1791639000,1791638700,3,2,15114,谷口友真,逃,85.79,,,,,0.2246373833274061,0.2115713994237943,0.17454131530488073,0.18135412769912274,position_specialists,0.2115713994237943,False,,,A,0.28,0.36,,,0.0006464702248428628,0.0,0.1420255055108484,0.05096722830263183,0.0005706268926813999,,0,,,0,,cumulative_place,,,False,,,,0,missing,winticket_line_prediction,provider_forecast_structure_only,21.15713994237943,17.454131530488073,18.135412769912275,3,2,3,coverage_validated_cumulative_scores_uncalibrated,,unavailable,,0,0
2026-10-10,奈良,6,065320261010,1791639000,1791638700,4,5,15644,中野光太郎,逃,80.88,,,,,0.09735072950125906,0.053803002924047535,0.1726313090602635,0.18397067946420592,position_specialists,0.053803002924047535,False,,,A,0.166,0.222,,,-0.1313754267290716,0.0,0.06659127865960293,-0.0588083403491906,0.0005706268926813999,,0,,,0,,cumulative_place,,,False,,,,0,missing,winticket_line_prediction,provider_forecast_structure_only,5.380300292404754,17.26313090602635,18.39706794642059,4,3,2,coverage_validated_cumulative_scores_uncalibrated,,unavailable,,0,0
2026-10-10,奈良,6,065320261010,1791639000,1791638700,5,4,15056,田村風起,追,84.06,,,,,0.07661579045063417,0.04544522565810138,0.1229782670329927,0.10764090203571612,position_specialists,0.04544522565810138,False,,,A,0.222,0.2769999999999999,,,-0.03228808638145383,0.0,-0.019632569862246832,-0.0588083403491906,0.001559713506662494,,0,,,0,,cumulative_place,,,False,,,,0,missing,winticket_line_prediction,provider_forecast_structure_only,4.544522565810138,12.29782670329927,10.764090203571612,5,5,5,coverage_validated_cumulative_scores_uncalibrated,,unavailable,,0,0
2026-10-10,奈良,6,065320261010,1791639000,1791638700,6,6,12242,穴井利久,追,76.87,,,,,0.0065198523416385035,0.0020109691663070736,0.048769662164316024,0.07917954611631482,position_specialists,0.0020109691663070736,False,,,A,0.0,0.0409999999999999,,,-0.1407342471004167,0.0,-0.21091554240801152,-0.0588083403491906,0.0018260060565804808,,0,,,0,,cumulative_place,,,False,,,,0,missing,winticket_line_prediction,provider_forecast_structure_only,0.20109691663070736,4.876966216431603,7.917954611631482,6,7,7,coverage_validated_cumulative_scores_uncalibrated,,unavailable,,0,0
2026-10-10,奈良,6,065320261010,1791639000,1791638700,7,7,13127,北浦弘幹,追,76.4,,,,,0.005368499941417364,0.0017180496330098998,0.05039775644927131,0.08374492631865633,position_specialists,0.0017180496330098998,False,,,A,0.0,0.0,,,-0.08484042870625744,0.0,-0.21091554240801152,-0.0588083403491906,0.0028911762562524273,,0,,,0,,cumulative_place,,,False,,,,0,missing,winticket_line_prediction,provider_forecast_structure_only,0.17180496330099,5.039775644927131,8.374492631865634,7,6,6,coverage_validated_cumulative_scores_uncalibrated,,unavailable,,0,0
2026-10-10,川崎,7,073420261010,1791639600,1791639300,1,2,15338,土田栄二,逃,91.66,,,,,0.2832092563341796,0.3320063483821652,0.3192514449137049,0.20288822332106352,position_specialists,0.3320063483821652,False,,0.12272128738009,B,0.5329999999999999,0.733,,,0.11378350469012607,0.0,-0.05863073428264645,0.18282753276175695,0.00040324569292524154,,0,,,0,,cumulative_place,,,False,,,,0,missing,winticket_line_prediction,provider_forecast_structure_only,33.20063483821652,31.92514449137049,20.288822332106353,1,1,1,coverage_validated_cumulative_scores_uncalibrated,,unavailable,,0,0
2026-10-10,川崎,7,073420261010,1791639600,1791639300,2,1,12785,小橋明紀,追,94.18,,,,,0.2015942004643905,0.2092850610020752,0.12020282646452979,0.14613293603980387,position_specialists,0.2092850610020752,False,,,B,0.47,0.588,,,-0.002882346922018747,0.0,0.03518430169662018,-0.03808906932536601,0.0011730783794188851,,0,,,0,,cumulative_place,,,False,,,,0,missing,winticket_line_prediction,provider_forecast_structure_only,20.92850610020752,12.020282646452978,14.613293603980388,2,4,3,coverage_validated_cumulative_scores_uncalibrated,,unavailable,,0,0
2026-10-10,川崎,7,073420261010,1791639600,1791639300,3,5,14731,山崎輝夫,追,88.71,,,,,0.19270152842881105,0.1996010887944281,0.1290955115656512,0.13057330999724787,position_specialists,0.1996010887944281,False,,,B,0.475,0.619,,,0.18344139192627243,0.0,0.12422412361715439,-0.06856032478565884,0.00241947415755145,,0,,,0,,cumulative_place,,,False,,,,0,missing,winticket_line_prediction,provider_forecast_structure_only,19.96010887944281,12.909551156565119,13.057330999724787,3,3,5,coverage_validated_cumulative_scores_uncalibrated,,unavailable,,0,0
2026-10-10,川崎,7,073420261010,1791639600,1791639300,4,4,15083,中村弘之輔,両,90.73,,,,,0.19287247309761518,0.1668406574383166,0.17364601775876182,0.1479489125278681,position_specialists,0.1668406574383166,False,,,B,0.3,0.35,,,0.02892316892856096,0.0,-0.02825095227992029,-0.0076178138650731895,0.003995798229895577,,0,,,0,,cumulative_place,,,False,,,,0,missing,winticket_line_prediction,provider_forecast_structure_only,16.68406574383166,17.36460177587618,14.79489125278681,4,2,2,coverage_validated_cumulative_scores_uncalibrated,,unavailable,,0,0
2026-10-10,川崎,7,073420261010,1791639600,1791639300,5,3,11477,川口満宏,追,91.57,,,,,0.07001902709762618,0.06014542276152977,0.10697492083946147,0.1446701532546839,position_specialists,0.06014542276152977,False,,,B,0.3329999999999999,0.428,,,-0.050819558645066015,0.0,-0.009335609263646953,0.015235627730146422,0.0015213360233088664,,0,,,0,,cumulative_place,,,False,,,,0,missing,winticket_line_prediction,provider_forecast_structure_only,6.0145422761529765,10.697492083946148,14.467015325468392,5,5,4,coverage_validated_cumulative_scores_uncalibrated,,unavailable,,0,0
2026-10-10,川崎,7,073420261010,1791639600,1791639300,6,6,14581,佐山俊樹,追,86.08,,,,,0.02834699790676412,0.017370112643891718,0.07218391674941493,0.10948562240550504,position_specialists,0.017370112643891718,False,,,B,0.28,0.4,,,-0.07920883718424099,0.0,-0.009335609263646953,-0.015235627730146391,0.00010997609807052072,,0,,,0,,cumulative_place,,,False,,,,0,missing,winticket_line_prediction,provider_forecast_structure_only,1.7370112643891717,7.218391674941493,10.948562240550503,6,7,7,coverage_validated_cumulative_scores_uncalibrated,,unavailable,,0,0
2026-10-10,川崎,7,073420261010,1791639600,1791639300,7,7,14161,藤田大輔,追,85.47,,,,,0.031256516670613396,0.014751308977593506,0.07864536170847596,0.11830084245382765,position_specialists,0.014751308977593506,False,,,B,0.284,0.38,,,-0.19323732279363445,0.0,-0.053855520223914065,-0.06856032478565884,0.0015213360233088664,,0,,,0,,cumulative_place,,,False,,,,0,missing,winticket_line_prediction,provider_forecast_structure_only,1.4751308977593505,7.864536170847596,11.830084245382764,7,6,6,coverage_validated_cumulative_scores_uncalibrated,,unavailable,,0,0
2026-10-10,奈良,7,075320261010,1791640200,1791639900,1,2,15208,金ヶ江勇気,両,93.06,,,,,0.3574695230599971,0.424550066878399,0.15699093082012788,0.16316390046934395,position_specialists,0.424550066878399,False,,0.18927006733435942,B,0.5,0.6,,,0.12155056026931346,0.0,0.20031478048356785,0.04759162653901876,0.0018226064587186879,,0,,,0,,cumulative_place,,,False,,,,0,missing,winticket_line_prediction,provider_forecast_structure_only,42.455006687839905,15.699093082012789,16.316390046934394,1,4,2,coverage_validated_cumulative_scores_uncalibrated,,unavailable,,0,0
2026-10-10,奈良,7,075320261010,1791640200,1791639900,2,4,15903,谷澤優貴,逃,86.52,,,,,0.21139605255921812,0.2352799995440396,0.1688234639664602,0.14907937421422665,position_specialists,0.2352799995440396,False,,,B,0.428,0.5710000000000001,,,0.20049024340239377,0.0,0.11279162491423445,0.17111596058973036,0.003678351216686806,,0,,,0,,cumulative_place,,,False,,,,0,missing,winticket_line_prediction,provider_forecast_structure_only,23.52799995440396,16.88234639664602,14.907937421422664,2,2,4,coverage_validated_cumulative_scores_uncalibrated,,unavailable,,0,0
2026-10-10,奈良,7,075320261010,1791640200,1791639900,3,3,15741,堀川敬太郎,逃,91.85,,,,,0.2345516720876839,0.20952337790994113,0.29167887014349214,0.27405451672031184,position_specialists,0.20952337790994113,False,,,B,0.38,0.5710000000000001,,,0.04261087713623314,0.0,0.11021614804998245,-0.016042121305287215,0.0008947340797346287,,0,,,0,,cumulative_place,,,False,,,,0,missing,winticket_line_prediction,provider_forecast_structure_only,20.952337790994115,29.167887014349215,27.405451672031184,3,1,1,coverage_validated_cumulative_scores_uncalibrated,,unavailable,,0,0
2026-10-10,奈良,7,075320261010,1791640200,1791639900,4,1,13199,北野武史,追,94.04,,,,,0.15697509985645403,0.1122097720579297,0.1670823647385987,0.15756906005054425,position_specialists,0.1122097720579297,False,,,B,0.428,0.5710000000000001,,,-0.04161378624980079,0.0,0.02500661587695238,-0.07593270751169284,0.001772899009844542,,0,,,0,,cumulative_place,,,False,,,,0,missing,winticket_line_prediction,provider_forecast_structure_only,11.22097720579297,16.70823647385987,15.756906005054425,4,3,3,coverage_validated_cumulative_scores_uncalibrated,,unavailable,,0,0
2026-10-10,奈良,7,075320261010,1791640200,1791639900,5,5,14843,峰重祐之介,追,84.46,,,,,0.024258505254075045,0.013467388203719805,0.07578013375693594,0.09303960765013962,position_specialists,0.013467388203719805,False,,,B,0.214,0.357,,,0.023299620340981302,0.0,-0.057627439431825675,-0.016042121305287215,0.0014249468677255198,,0,,,0,,cumulative_place,,,False,,,,0,missing,winticket_line_prediction,provider_forecast_structure_only,1.3467388203719806,7.578013375693595,9.303960765013962,5,5,5,coverage_validated_cumulative_scores_uncalibrated,,unavailable,,0,0
2026-10-10,奈良,7,075320261010,1791640200,1791639900,6,6,13575,渡会啓介,追,80.54,,,,,0.008398353918247344,0.0027586968110068356,0.07034885297426281,0.08679994412285436,position_specialists,0.0027586968110068356,False,,,B,0.083,0.25,,,-0.18194355580502755,0.0,-0.16780617984352975,-0.07593270751169284,0.0014249468677255198,,0,,,0,,cumulative_place,,,False,,,,0,missing,winticket_line_prediction,provider_forecast_structure_only,0.27586968110068355,7.034885297426281,8.679994412285435,6,6,6,coverage_validated_cumulative_scores_uncalibrated,,unavailable,,0,0
2026-10-10,奈良,7,075320261010,1791640200,1791639900,7,7,14789,茅野寛史,追,80.0,,,,,0.0069507932643245295,0.0022106985949639415,0.06929538360012233,0.0762935967725793,position_specialists,0.0022106985949639415,False,,,B,0.0,0.222,,,-0.16439395909409357,0.0,-0.22289555004938177,-0.034757929494788974,0.001772899009844542,,0,,,0,,cumulative_place,,,False,,,,0,missing,winticket_line_prediction,provider_forecast_structure_only,0.22106985949639416,6.9295383600122324,7.62935967725793,7,7,7,coverage_validated_cumulative_scores_uncalibrated,,unavailable,,0,0
2026-10-10,川崎,8,083420261010,1791640800,1791640500,1,1,15878,椎名俊介,逃,94.05,,,,,0.7559558510575889,0.8328346203360016,0.3458387265606868,0.3195095103056147,position_specialists,0.8328346203360016,False,,0.730075745876239,S,0.722,0.833,,,0.19505443674080442,0.0,0.0900936542705606,0.11603250935358048,0.00458149144658033,,0,,,0,,cumulative_place,,,False,,,,0,missing,winticket_line_prediction,provider_forecast_structure_only,83.28346203360016,34.58387265606868,31.95095103056147,1,1,1,coverage_validated_cumulative_scores_uncalibrated,,unavailable,,0,0
2026-10-10,川崎,8,083420261010,1791640800,1791640500,2,3,15348,寺沼伊織,両,91.0,,,,,0.11563337942086364,0.10275887445976256,0.17610891930683195,0.15239802627668608,position_specialists,0.10275887445976256,False,,,S,0.523,0.7140000000000001,,,0.19505443674080442,0.0,0.10278664683814022,0.014887189879327299,0.0001409689675870876,,0,,,0,,cumulative_place,,,False,,,,0,missing,winticket_line_prediction,provider_forecast_structure_only,10.275887445976256,17.610891930683195,15.239802627668608,2,2,3,coverage_validated_cumulative_scores_uncalibrated,,unavailable,,0,0
2026-10-10,川崎,8,083420261010,1791640800,1791640500,3,2,13936,小埜正義,追,91.21,,,,,0.05972716057164558,0.03377071989783237,0.10011448669704386,0.10385868795553324,position_specialists,0.03377071989783237,False,,,S,0.346,0.434,,,-0.08781809489615017,0.0,0.012556172709171698,-0.03721797469831828,0.0004229069027612618,,0,,,0,,cumulative_place,,,False,,,,0,missing,winticket_line_prediction,provider_forecast_structure_only,3.3770719897832366,10.011448669704386,10.385868795553325,3,5,5,coverage_validated_cumulative_scores_uncalibrated,,unavailable,,0,0
2026-10-10,川崎,8,083420261010,1791640800,1791640500,4,4,13916,白石大輔,両,86.29,,,,,0.022745155899581048,0.011403928543181851,0.1268075055296797,0.11197264354227854,position_specialists,0.011403928543181851,False,,,S,0.375,0.5,,,-0.03157095600226209,0.0,0.04263299741882787,-0.08625812959492589,0.0011277517406966973,,0,,,0,,cumulative_place,,,False,,,,0,missing,winticket_line_prediction,provider_forecast_structure_only,1.1403928543181852,12.68075055296797,11.197264354227855,4,4,4,coverage_validated_cumulative_scores_uncalibrated,,unavailable,,0,0
2026-10-10,川崎,8,083420261010,1791640800,1791640500,5,5,15806,山本天平,逃,86.25,,,,,0.02406881333114852,0.010765253635054435,0.1294380728799992,0.15290016489101677,position_specialists,0.010765253635054435,False,,,S,0.237,0.428,,,-0.05232931660839252,0.0,-0.08002787582952706,-0.03721797469831828,0.0013392051920773276,,0,,,0,,cumulative_place,,,False,,,,0,missing,winticket_line_prediction,provider_forecast_structure_only,1.0765253635054435,12.94380728799992,15.290016489101676,5,3,2,coverage_validated_cumulative_scores_uncalibrated,,unavailable,,0,0
2026-10-10,川崎,8,083420261010,1791640800,1791640500,6,7,15871,三浦生誠,逃,80.44,,,,,0.015933722787236336,0.006292283838491272,0.07460990428604206,0.08123671988446575,position_specialists,0.006292283838491272,False,,,S,0.3329999999999999,0.3329999999999999,,,-0.16346639429064486,0.0,-0.060290469277720304,0.11603250935358048,0.0003524224189677172,,0,,,0,,cumulative_place,,,False,,,,0,missing,winticket_line_prediction,provider_forecast_structure_only,0.6292283838491273,7.460990428604205,8.123671988446574,6,6,6,coverage_validated_cumulative_scores_uncalibrated,,unavailable,,0,0
2026-10-10,川崎,8,083420261010,1791640800,1791640500,7,6,13246,山崎充央,追,83.86,,,,,0.00593591693193609,0.002174319289675909,0.04708238473971636,0.0781242471444049,position_specialists,0.002174319289675909,False,,,S,0.266,0.3329999999999999,,,-0.05492411168415881,0.0,-0.10775112612945303,-0.08625812959492589,0.001903081062425676,,0,,,0,,cumulative_place,,,False,,,,0,missing,winticket_line_prediction,provider_forecast_structure_only,0.21743192896759092,4.708238473971636,7.81242471444049,7,7,7,coverage_validated_cumulative_scores_uncalibrated,,unavailable,,0,0
2026-10-10,奈良,8,085320261010,1791641400,1791641100,1,2,14594,太田剛司,両,91.91,,,,,0.27313409920293413,0.36729459553213617,0.2429065867164004,0.18651095097335008,position_specialists,0.3672945955321361,False,,0.14507662817955322,B,0.461,0.6920000000000001,,,0.026314866436434742,0.0,0.052344441156039395,0.18507255834361788,0.0032925432177635635,,0,,,0,,cumulative_place,,,False,,,,0,missing,winticket_line_prediction,provider_forecast_structure_only,36.729459553213616,24.29065867164004,18.651095097335013,1,1,2,coverage_validated_cumulative_scores_uncalibrated,,unavailable,,0,0
2026-10-10,奈良,8,085320261010,1791641400,1791641100,2,1,15375,村上竜馬,逃,92.38,,,,,0.28579396889122827,0.22221796735258292,0.14922382197660355,0.2141514839943471,position_specialists,0.2222179673525829,False,,,B,0.356,0.5710000000000001,,,-0.1907552648127314,0.0,-0.038146523816242645,-0.04354648431614539,0.003257884868102894,,0,,,0,,cumulative_place,,,False,,,,0,missing,winticket_line_prediction,provider_forecast_structure_only,22.22179673525829,14.922382197660355,21.415148399434713,2,3,1,coverage_validated_cumulative_scores_uncalibrated,,unavailable,,0,0
2026-10-10,奈良,8,085320261010,1791641400,1791641100,3,5,15812,森崎英登,逃,85.44,,,,,0.16209898472039952,0.1598342553789638,0.2352584048708648,0.16379122299180987,position_specialists,0.15983425537896379,False,,,B,0.518,0.555,,,0.06643454020006286,0.0,0.12132816375382316,-0.04354648431614539,0.0006238502938920436,,0,,,0,,cumulative_place,,,False,,,,0,missing,winticket_line_prediction,provider_forecast_structure_only,15.983425537896382,23.52584048708648,16.37912229918099,3,2,3,coverage_validated_cumulative_scores_uncalibrated,,unavailable,,0,0
2026-10-10,奈良,8,085320261010,1791641400,1791641100,4,3,14671,山田裕哉,追,87.57,,,,,0.11535420469165616,0.13668618557312995,0.12689318500642768,0.1260427949945578,position_specialists,0.13668618557312992,False,,,B,0.38,0.428,,,0.15392749529682423,0.0,0.15989542029967196,-0.04354648431614539,0.0006238502938920436,,0,,,0,,cumulative_place,,,False,,,,0,missing,winticket_line_prediction,provider_forecast_structure_only,13.668618557312994,12.689318500642768,12.604279499455783,4,4,4,coverage_validated_cumulative_scores_uncalibrated,,unavailable,,0,0
2026-10-10,奈良,8,085320261010,1791641400,1791641100,5,4,12760,櫻井宏智,追,87.23,,,,,0.07767584210984008,0.07090710670516291,0.09182359420557765,0.10588385110865693,position_specialists,0.0709071067051629,False,,,B,0.237,0.476,,,0.13035429940581,0.0,-0.0014310484157769102,-0.04354648431614539,0.0022874510776041595,,0,,,0,,cumulative_place,,,False,,,,0,missing,winticket_line_prediction,provider_forecast_structure_only,7.090710670516291,9.182359420557765,10.588385110865694,5,5,5,coverage_validated_cumulative_scores_uncalibrated,,unavailable,,0,0
2026-10-10,奈良,8,085320261010,1791641400,1791641100,6,7,15933,山本康旗,逃,82.0,,,,,0.057828998340354175,0.026601819459180515,0.09128979804245685,0.10418887156168266,position_specialists,0.026601819459180512,False,,,B,0.23,0.307,,,-0.18199088905342073,0.0,-0.13123293584628928,-0.04354648431614539,0.0006238502938920436,,0,,,0,,cumulative_place,,,False,,,,0,missing,winticket_line_prediction,provider_forecast_structure_only,2.6601819459180516,9.128979804245684,10.418887156168267,6,6,6,coverage_validated_cumulative_scores_uncalibrated,,unavailable,,0,0
2026-10-10,奈良,8,085320261010,1791641400,1791641100,7,6,13895,松尾大樹,追,83.14,,,,,0.028113902043587703,0.016458069998843774,0.0626046091816691,0.09943082437559546,position_specialists,0.01645806999884377,False,,,B,0.095,0.38,,,-0.004285047472979766,0.0,-0.16275751713122583,0.03265986323710904,0.0003812418462673598,,0,,,0,,cumulative_place,,,False,,,,0,missing,winticket_line_prediction,provider_forecast_structure_only,1.6458069998843774,6.26046091816691,9.943082437559548,7,7,7,coverage_validated_cumulative_scores_uncalibrated,,unavailable,,0,0
2026-10-10,川崎,9,093420261010,1791642000,1791641700,1,1,15262,内山雅貴,逃,96.78,,,,,0.777747704383395,0.9275407824591686,0.5170832018815761,0.49264599418377936,position_specialists,0.9275407824591686,False,,0.8910006466208199,S,0.758,0.8959999999999999,,,0.21119490196463725,0.0,0.4409255421948802,0.05491983238827424,0.004014013308288441,,0,,,0,,cumulative_place,,,False,,,,0,missing,winticket_line_prediction,provider_forecast_structure_only,92.75407824591686,51.708320188157614,49.264599418377934,1,1,1,coverage_validated_cumulative_scores_uncalibrated,,unavailable,,0,0
2026-10-10,川崎,9,093420261010,1791642000,1791641700,2,3,15259,小林稜武,逃,90.41,,,,,0.10263527616770902,0.03654013583834866,0.1932370084382398,0.13717683993431098,position_specialists,0.03654013583834866,False,,,S,0.25,0.416,,,-0.07650964695663927,0.0,-0.0026965949193457073,-0.046248279905915145,0.001154472854153755,,0,,,0,,cumulative_place,,,False,,,,0,missing,winticket_line_prediction,provider_forecast_structure_only,3.654013583834866,19.323700843823982,13.717683993431098,2,2,2,coverage_validated_cumulative_scores_uncalibrated,,unavailable,,0,0
2026-10-10,川崎,9,093420261010,1791642000,1791641700,3,2,13853,長田祐弥,追,92.11,,,,,0.06847313759738669,0.02079729446511265,0.11513585611221777,0.12503722487419205,position_specialists,0.02079729446511265,False,,,S,0.222,0.3329999999999999,,,-0.08344606209278527,0.0,-0.1338825549057748,-0.046248279905915145,0.0005328336249940407,,0,,,0,,cumulative_place,,,False,,,,0,missing,winticket_line_prediction,provider_forecast_structure_only,2.0797294465112652,11.51358561122178,12.503722487419205,3,3,3,coverage_validated_cumulative_scores_uncalibrated,,unavailable,,0,0
2026-10-10,川崎,9,093420261010,1791642000,1791641700,4,5,12718,大橋徹,追,85.25,,,,,0.01427442905278487,0.004310914239150906,0.05416712067808933,0.07339409201535231,position_specialists,0.004310914239150906,False,,,S,0.29,0.4579999999999999,,,-0.006339752069650272,0.0,-0.04015496794350994,-0.046248279905915145,0.0005861169874934451,,0,,,0,,cumulative_place,,,False,,,,0,missing,winticket_line_prediction,provider_forecast_structure_only,0.43109142391509053,5.416712067808934,7.339409201535231,4,4,4,coverage_validated_cumulative_scores_uncalibrated,,unavailable,,0,0
2026-10-10,川崎,9,093420261010,1791642000,1791641700,5,6,13942,大西健士,追,84.92,,,,,0.013407776776106895,0.003942123103609807,0.030160999855527712,0.04670116951587206,position_specialists,0.003942123103609807,False,,,S,0.16,0.44,,,0.05635948379449245,0.0,-0.09639152012086885,-0.046248279905915145,0.0025753625208045313,,0,,,0,,cumulative_place,,,False,,,,0,missing,winticket_line_prediction,provider_forecast_structure_only,0.3942123103609807,3.0160999855527715,4.6701169515872065,5,7,7,coverage_validated_cumulative_scores_uncalibrated,,unavailable,,0,0
2026-10-10,川崎,9,093420261010,1791642000,1791641700,6,4,12809,高峰賢治,追,86.28,,,,,0.011839965458240903,0.0037713075289422097,0.047465652288637,0.06258726999136274,position_specialists,0.0037713075289422097,False,,,S,0.284,0.476,,,0.04141816574879989,0.0,-0.058900485335962906,-0.046248279905915145,0.0010834283708212166,,0,,,0,,cumulative_place,,,False,,,,0,missing,winticket_line_prediction,provider_forecast_structure_only,0.377130752894221,4.746565228863701,6.258726999136274,6,5,5,coverage_validated_cumulative_scores_uncalibrated,,unavailable,,0,0
2026-10-10,川崎,9,093420261010,1791642000,1791641700,7,7,15293,中里福太郎,逃,81.23,,,,,0.01162171056437667,0.003097442365667203,0.0427501607457122,0.06245740948513054,position_specialists,0.003097442365667203,False,,,S,0.047,0.238,,,-0.14267709038885507,0.0,-0.10889941896941807,0.1763215671413015,0.0014564119083170452,,0,,,0,,cumulative_place,,,False,,,,0,missing,winticket_line_prediction,provider_forecast_structure_only,0.3097442365667203,4.275016074571221,6.2457409485130535,7,6,6,coverage_validated_cumulative_scores_uncalibrated,,unavailable,,0,0
2026-10-10,奈良,9,095320261010,1791642600,1791642300,1,2,15919,藤田楓,逃,94.45,,,,,0.5325634328075995,0.6175226910978983,0.372228683379241,0.3724495330737973,position_specialists,0.6175226910978981,False,,0.32949437936844267,A,0.833,0.916,,,0.2776644877045914,0.0,0.13885978430389792,0.11592183335418776,0.002958804144215072,,0,,,0,,cumulative_place,,,False,,,,0,missing,winticket_line_prediction,provider_forecast_structure_only,61.75226910978983,37.2228683379241,37.24495330737974,1,1,1,coverage_validated_cumulative_scores_uncalibrated,,unavailable,,0,0
2026-10-10,奈良,9,095320261010,1791642600,1791642300,2,1,15202,今野大輔,両,95.45,,,,,0.28806782997062363,0.28802831172945553,0.16040363210065722,0.16892740784802196,position_specialists,0.2880283117294555,False,,,A,0.652,0.782,,,0.06991900637924048,0.0,0.22807128526404238,0.062049446069254006,0.0006724554873216064,,0,,,0,,cumulative_place,,,False,,,,0,missing,winticket_line_prediction,provider_forecast_structure_only,28.802831172945552,16.04036321006572,16.8927407848022,2,3,2,coverage_validated_cumulative_scores_uncalibrated,,unavailable,,0,0
2026-10-10,奈良,9,095320261010,1791642600,1791642300,3,3,14775,小原周祐,追,93.93,,,,,0.08221248811011209,0.04690440583796132,0.08491646168174122,0.09236618885769478,position_specialists,0.046904405837961315,False,,,A,0.3329999999999999,0.5329999999999999,,,0.01219551823239481,0.0,-0.10083151214035178,0.062049446069254006,0.0022863486568934638,,0,,,0,,cumulative_place,,,False,,,,0,missing,winticket_line_prediction,provider_forecast_structure_only,4.690440583796132,8.491646168174121,9.236618885769479,3,5,5,coverage_validated_cumulative_scores_uncalibrated,,unavailable,,0,0
2026-10-10,奈良,9,095320261010,1791642600,1791642300,4,5,15556,上野恭哉,両,89.58,,,,,0.05102895586296634,0.0301467829720751,0.17917455983511515,0.11418888414135016,position_specialists,0.030146782972075098,False,,,A,0.4,0.64,,,0.02937252173640121,0.0,0.042957688764589934,0.004810034579011924,0.00026898219492864394,,0,,,0,,cumulative_place,,,False,,,,0,missing,winticket_line_prediction,provider_forecast_structure_only,3.01467829720751,17.917455983511516,11.418888414135017,4,2,3,coverage_validated_cumulative_scores_uncalibrated,,unavailable,,0,0
2026-10-10,奈良,9,095320261010,1791642600,1791642300,5,4,13640,西村豊,追,91.05,,,,,0.029710002718812047,0.01241787216548609,0.09498936304015923,0.10472000450137009,position_specialists,0.012417872165486088,False,,,A,0.2769999999999999,0.3329999999999999,,,-0.043611150620709464,0.0,-0.10083151214035178,-0.1063017641961639,0.0005379643898572871,,0,,,0,,cumulative_place,,,False,,,,0,missing,winticket_line_prediction,provider_forecast_structure_only,1.241787216548609,9.498936304015922,10.472000450137012,5,4,4,coverage_validated_cumulative_scores_uncalibrated,,unavailable,,0,0
2026-10-10,奈良,9,095320261010,1791642600,1791642300,6,6,13667,田中洋輔,追,85.66,,,,,0.008288513980684808,0.0028525768041559913,0.048700698727480035,0.07921284427170193,position_specialists,0.002852576804155991,False,,,A,0.284,0.428,,,-0.18744066616438826,0.0,-0.0693511812025256,-0.032227231679380026,0.002286348656893466,,0,,,0,,cumulative_place,,,False,,,,0,missing,winticket_line_prediction,provider_forecast_structure_only,0.2852576804155991,4.870069872748004,7.921284427170193,6,7,6,coverage_validated_cumulative_scores_uncalibrated,,unavailable,,0,0
2026-10-10,奈良,9,095320261010,1791642600,1791642300,7,7,15623,野崎翼,両,81.0,,,,,0.008128776549201511,0.0021273593929677904,0.05958660123560607,0.06813513730606371,position_specialists,0.00212735939296779,False,,,A,0.142,0.285,,,-0.1580997172675301,0.0,-0.138874552849301,-0.1063017641961639,0.002824313046750752,,0,,,0,,cumulative_place,,,False,,,,0,missing,winticket_line_prediction,provider_forecast_structure_only,0.21273593929677903,5.958660123560607,6.813513730606372,7,6,7,coverage_validated_cumulative_scores_uncalibrated,,unavailable,,0,0
