date,venue,race_no,race_id,start_at,close_at,rank_in_race,car_no,player_id,player_name,style,score,odds_win,odds_move_pct,odds_move_last_pct,odds_snapshot_count,p_core,p_win,p_second,p_third,position_model_source,p_win_pre_override,top1_override_applied,top1_override_reason,top1_top2_margin,top1_confidence_class,place2_rate,place3_rate,line_role_place2_rate,line_role_place3_rate,nexus_form_adj,nexus_line_adj,nexus_style_adj,nexus_condition_adj,nexus_uncertainty,expected_value_win,stake_yen,win_return_yen,win_profit_yen,loss_amount_yen,expected_profit_yen,position_probability_semantics,p_second_exact_challenger,p_third_exact_challenger,fixed_axis_calibration_passed,score_first,score_second,score_third,rank_first,rank_second,rank_third,position_score_source,popularity_rank,popularity_source,rank_divergence,undervalued_points,overpopular_points
2026-10-07,高知,1,017420261007,1791329400,1791329100,1,1,15964,柳沼鼓太朗,逃,77.9,,,,,0.5626921355799845,0.5552226469246779,0.3605301210366819,0.2861313328361953,position_specialists,0.555222646924678,False,,0.3135406717465734,A,0.65,0.7,0.35,0.05,0.17366512162229092,0.2524158779576621,0.30075146327340985,-0.032659863237109045,0.009828002419172185,,0,,,0,,cumulative_place,0.21630525749058116,0.07282067214930339,False,55.52226469246779,36.053012103668195,28.613133283619533,1,1,1,coverage_validated_cumulative_scores_uncalibrated,1.0,full_trifecta_market_proxy,0.0,0,0
2026-10-07,高知,1,017420261007,1791329400,1791329100,2,5,15848,與古田龍門,逃,73.83,,,,,0.1976869016763293,0.2416819751781046,0.20040715635129633,0.18783764978550493,position_specialists,0.24168197517810466,False,,,A,0.444,0.5,0.16,0.2,0.119394771115325,0.2870253888467484,0.07605338986922,-0.032659863237109045,0.009794584586295601,,0,,,0,,cumulative_place,0.20234781943874164,0.15179929734847358,False,24.168197517810462,20.040715635129633,18.783764978550497,2,3,3,coverage_validated_cumulative_scores_uncalibrated,2.0,full_trifecta_market_proxy,0.0,0,0
2026-10-07,高知,1,017420261007,1791329400,1791329100,3,4,14430,橋本祐司,追,72.8,,,,,0.1667823963539069,0.16779727469890837,0.29178936866796007,0.23424854709730245,position_specialists,0.1677972746989084,False,,,A,0.38,0.476,0.22,0.06,-0.032562210304179634,0.039700022885251825,0.11226087755002576,0.19595917942265423,0.005008210560265785,,0,,,0,,cumulative_place,0.3809708776919698,0.06927179192989413,False,16.779727469890837,29.178936866796008,23.424854709730248,3,2,2,coverage_validated_cumulative_scores_uncalibrated,3.0,full_trifecta_market_proxy,0.0,0,0
2026-10-07,高知,1,017420261007,1791329400,1791329100,4,2,14872,玉村元気,両,71.0,,,,,0.04625017608017353,0.023538509977704743,0.06206166212612327,0.08114769813981904,position_specialists,0.02353850997770475,False,,,A,0.3329999999999999,0.5,0.16,0.18,0.04341628040557269,-0.05906972004411355,-0.14702585340364735,-0.032659863237109045,0.005612534207070188,,0,,,0,,cumulative_place,0.07334177042238146,0.1358697581417134,False,2.3538509977704742,6.2061662126123265,8.114769813981905,4,4,5,coverage_validated_cumulative_scores_uncalibrated,4.0,full_trifecta_market_proxy,0.0,0,0
2026-10-07,高知,1,017420261007,1791329400,1791329100,5,3,12507,爲田学,追,69.79,,,,,0.010648791167704149,0.0058286840193576325,0.048718596407474675,0.07878894847374623,position_specialists,0.005828684019357633,False,,,A,0.208,0.375,0.15,0.1,-0.02170814020278639,-0.04105550252261596,-0.015018343063552778,-0.032659863237109045,0.006374921459581102,,0,,,0,,cumulative_place,0.07587806292909692,0.1650044208152955,False,0.5828684019357633,4.871859640747467,7.8788948473746245,5,5,6,coverage_validated_cumulative_scores_uncalibrated,5.0,full_trifecta_market_proxy,0.0,0,0
2026-10-07,高知,1,017420261007,1791329400,1791329100,6,6,12982,上原直樹,追,67.66,,,,,0.010689048162111891,0.00426021966863295,0.02069316378787347,0.034041143857032774,position_specialists,0.004260219668632951,False,,,A,0.111,0.166,0.13,0.09,-0.16281105152089778,0.051236526514947235,-0.1422975636771313,-0.032659863237109045,0.005098429090744146,,0,,,0,,cumulative_place,0.02783022271699205,0.07231147750433825,False,0.426021966863295,2.069316378787347,3.4041143857032776,6,6,7,coverage_validated_cumulative_scores_uncalibrated,6.0,full_trifecta_market_proxy,0.0,0,0
2026-10-07,高知,1,017420261007,1791329400,1791329100,7,7,14006,青木亮太,追,67.8,,,,,0.0052505509797897264,0.0016706895326136337,0.015799931622590205,0.0978046798103992,position_specialists,0.0016706895326136341,False,,,A,0.05,0.2,0.07,0.18,-0.1193947711153251,-0.1618864947637935,-0.18472397054832418,-0.032659863237109045,0.008477453208774629,,0,,,0,,cumulative_place,0.023325989310236953,0.3329225821109818,False,0.16706895326136337,1.5799931622590204,9.780467981039921,7,7,4,coverage_validated_cumulative_scores_uncalibrated,7.0,full_trifecta_market_proxy,0.0,0,0
2026-10-07,高知,2,027420261007,1791330600,1791330300,1,7,16014,森田瑞基,逃,76.88,,,,,0.5196846275693852,0.5297258037633907,0.3506200480886407,0.285239959233712,position_specialists,0.5297258037633907,False,,0.36836981732023555,A,0.555,0.833,0.35,0.29,0.18081721347735033,0.02070061140518671,-0.005768307644230905,-0.10493136757095814,0.009170569635023978,,0,,,0,,cumulative_place,0.18165345067892014,0.1406152931086596,False,52.972580376339074,35.062004808864074,28.5239959233712,1,1,1,coverage_validated_cumulative_scores_uncalibrated,1.0,full_trifecta_market_proxy,0.0,0,0
2026-10-07,高知,2,027420261007,1791330600,1791330300,2,5,14739,里見恒平,逃,78.33,,,,,0.1399425966281643,0.16135598644315516,0.14187357012183238,0.13545123967094339,position_specialists,0.16135598644315516,False,,,A,0.57,0.7140000000000001,0.26,0.09,0.11194712775583011,0.03453977131212215,-0.04332044456983715,0.0904195826941235,0.00656172938201717,,0,,,0,,cumulative_place,0.14380342451188582,0.12124466067308447,False,16.135598644315515,14.187357012183238,13.545123967094339,2,3,3,coverage_validated_cumulative_scores_uncalibrated,3.0,full_trifecta_market_proxy,1.0,0,0
2026-10-07,高知,2,027420261007,1791330600,1791330300,3,1,14266,宮本龍一,追,73.0,,,,,0.17474959861184197,0.1521482718472261,0.2590449079001642,0.2354019434924023,position_specialists,0.1521482718472261,False,,,A,0.428,0.428,0.28,0.04,-0.12072208076281937,0.017967700188028724,0.1700397687904829,-0.018976949454322215,0.005326308153811144,,0,,,0,,cumulative_place,0.3432913634959682,0.18310229242789783,False,15.21482718472261,25.90449079001642,23.540194349240227,3,2,2,coverage_validated_cumulative_scores_uncalibrated,2.0,full_trifecta_market_proxy,-1.0,0,0
2026-10-07,高知,2,027420261007,1791330600,1791330300,4,3,14880,野見泰要,逃,70.36,,,,,0.08231302673380417,0.08353752104667919,0.08097074343877582,0.09235956243155055,position_specialists,0.08353752104667919,False,,,A,0.3879999999999999,0.5,0.16,0.11,0.08030411539729382,0.062218091125993025,0.06255222880060576,0.10604765871533005,0.007014229535179191,,0,,,0,,cumulative_place,0.07962923806954096,0.1175523110685774,False,8.353752104667919,8.097074343877582,9.235956243155055,4,5,5,coverage_validated_cumulative_scores_uncalibrated,5.0,full_trifecta_market_proxy,1.0,0,0
2026-10-07,高知,2,027420261007,1791330600,1791330300,5,6,12299,増成富夫,逃,67.88,,,,,0.05237766093982085,0.05934747274996699,0.09869903974023446,0.09347510073506887,position_specialists,0.05934747274996699,False,,,A,0.2689999999999999,0.384,0.0,0.25,-0.07046553172279112,0.43314249739609195,0.11649785712297361,0.05134939264110718,0.005695880664025406,,0,,,0,,cumulative_place,0.14499357279542163,0.08191943527618417,False,5.934747274996699,9.869903974023446,9.347510073506887,5,4,4,coverage_validated_cumulative_scores_uncalibrated,4.0,full_trifecta_market_proxy,-1.0,0,0
2026-10-07,高知,2,027420261007,1791330600,1791330300,6,2,11341,黒崎直行,追,71.33,,,,,0.021653318137382107,0.010173942672297554,0.04784327092643107,0.06837078788260856,position_specialists,0.010173942672297554,False,,,A,0.142,0.38,0.02,0.17,-0.07046553172279112,-0.051228099346648494,-0.15000055124999717,-0.10493136757095814,0.009264791377003253,,0,,,0,,cumulative_place,0.07401804522083513,0.11377888288766322,False,1.0173942672297553,4.784327092643107,6.837078788260856,6,6,7,coverage_validated_cumulative_scores_uncalibrated,6.0,full_trifecta_market_proxy,0.0,0,0
2026-10-07,高知,2,027420261007,1791330600,1791330300,7,4,14275,喜納隆志,追,68.68,,,,,0.009279171379601336,0.0037110014772843503,0.020948419783921358,0.08970140655371443,position_specialists,0.0037110014772843503,False,,,A,0.13,0.26,0.04,0.19,-0.11141531242207342,-0.1489744732066877,-0.15000055124999717,-0.018976949454322215,0.009851309685431348,,0,,,0,,cumulative_place,0.03261090522742806,0.2417871245579333,False,0.371100147728435,2.094841978392136,8.970140655371443,7,7,6,coverage_validated_cumulative_scores_uncalibrated,7.0,full_trifecta_market_proxy,0.0,0,0
2026-10-07,高知,3,037420261007,1791331860,1791331560,1,3,15970,田沼龍弥,逃,76.38,,,,,0.493781315161943,0.4728848613636029,0.3727205800496787,0.2802159119568964,position_specialists,0.4728848613636028,False,,0.1317690151901953,B,0.523,0.7140000000000001,0.25,0.2,0.16662649226886803,0.3362044435344316,0.15108010889500068,0.16542757253612927,0.012794641972064185,,0,,,0,,cumulative_place,0.27108772965236944,0.07846396647897907,False,47.28848613636029,37.27205800496787,28.02159119568964,1,1,1,coverage_validated_cumulative_scores_uncalibrated,1.0,full_trifecta_market_proxy,0.0,0,0
2026-10-07,高知,3,037420261007,1791331860,1791331560,2,4,14578,大越啓介,追,73.93,,,,,0.2803481938957906,0.34111584617340757,0.32410476651505205,0.25473837240787167,position_specialists,0.3411158461734075,False,,,B,0.424,0.575,0.21,0.24,-0.0034945498855243886,0.17558702740335846,0.16944822129788678,0.043155018922468494,0.005125768164303643,,0,,,0,,cumulative_place,0.3608392634168626,0.10345081848816273,False,34.11158461734075,32.410476651505206,25.47383724078717,2,2,2,coverage_validated_cumulative_scores_uncalibrated,2.0,full_trifecta_market_proxy,0.0,0,0
2026-10-07,高知,3,037420261007,1791331860,1791331560,3,5,15732,宮道良輔,逃,73.25,,,,,0.11369604178500896,0.11294989671419105,0.12051852837785222,0.1234022915929942,position_specialists,0.11294989671419102,False,,,B,0.444,0.555,0.09,0.03,0.04654105074812044,0.09250027834396655,0.12566491602073251,-0.0719250315374475,0.005482659524672064,,0,,,0,,cumulative_place,0.1262461390567819,0.12969175623243273,False,11.294989671419104,12.051852837785223,12.340229159299422,3,3,4,coverage_validated_cumulative_scores_uncalibrated,3.0,full_trifecta_market_proxy,0.0,0,0
2026-10-07,高知,3,037420261007,1791331860,1791331560,4,1,13061,小磯知也,追,69.96,,,,,0.06217427467819366,0.049623326305526155,0.08479376796092923,0.08330793401855871,position_specialists,0.04962332630552614,False,,,B,0.3329999999999999,0.444,0.15,0.1,0.056548170874849375,0.08419796545693406,0.026126838010816875,0.0,0.006546587578547298,,0,,,0,,cumulative_place,0.10378327413512649,0.08006734200616744,False,4.962332630552615,8.479376796092923,8.330793401855873,4,4,5,coverage_validated_cumulative_scores_uncalibrated,4.0,full_trifecta_market_proxy,0.0,0,0
2026-10-07,高知,3,037420261007,1791331860,1791331560,5,2,12883,大沼孝行,逃,68.57,,,,,0.04324155856012781,0.021134360186291976,0.07549843580578235,0.20483022593955183,position_specialists,0.021134360186291973,False,,,B,0.19,0.285,0.0,1.0,-0.0034945498855243886,-0.13126561187980715,-0.10590207783055695,0.007192503153744746,0.005422456472290001,,0,,,0,,cumulative_place,0.10257871395172143,0.4869018317255265,False,2.113436018629198,7.5498435805782345,20.483022593955187,5,5,3,coverage_validated_cumulative_scores_uncalibrated,5.0,full_trifecta_market_proxy,0.0,0,0
2026-10-07,高知,3,037420261007,1791331860,1791331560,6,7,12509,岡嵜浩一,追,67.92,,,,,0.0046506952048889424,0.0017131204688099423,0.012846599053286816,0.03938253893918511,position_specialists,0.0017131204688099419,False,,,B,0.0,0.142,0.04,0.25,-0.02906830132049841,-0.13126561187980715,-0.20897797831906761,-0.0719250315374475,0.008316280405517427,,0,,,0,,cumulative_place,0.019727220329231517,0.09725721280640337,False,0.17131204688099422,1.2846599053286816,3.9382538939185117,6,6,6,coverage_validated_cumulative_scores_uncalibrated,7.0,full_trifecta_market_proxy,1.0,0,0
2026-10-07,高知,3,037420261007,1791331860,1791331560,7,6,14777,竹村達也,両,63.33,,,,,0.002107920714046948,0.0005785887881705608,0.009517322237418678,0.014122725144942049,position_specialists,0.0005785887881705607,False,,,B,0.055,0.055,0.0,0.27,-0.2336583128002906,-0.13126561187980715,-0.15744002807481228,-0.0719250315374475,0.004375492384012162,,0,,,0,,cumulative_place,0.015737659457906495,0.024167072262328164,False,0.057858878817056085,0.9517322237418678,1.4122725144942052,7,7,7,coverage_validated_cumulative_scores_uncalibrated,6.0,full_trifecta_market_proxy,-1.0,0,0
2026-10-07,高知,4,047420261007,1791333120,1791332820,1,2,14487,才迫勇馬,逃,78.91,,,,,0.6968714079302009,0.6340110276214492,0.4362376237302645,0.3128629928413018,position_specialists,0.6340110276214492,False,,0.3185792777724954,A,0.75,0.7909999999999999,0.21,0.08,0.1616596720197159,0.19197152163917447,0.34207724823243224,-0.032659863237109045,0.00961712808683264,,0,,,0,,cumulative_place,0.16549777097282833,0.06882240382643441,False,63.40110276214492,43.623762373026445,31.28629928413018,1,1,1,coverage_validated_cumulative_scores_uncalibrated,1.0,full_trifecta_market_proxy,0.0,0,0
2026-10-07,高知,4,047420261007,1791333120,1791332820,2,5,15886,中川飛隆,逃,73.53,,,,,0.2084424276986179,0.31543174984895384,0.1679729519077181,0.1644653991400293,position_specialists,0.31543174984895384,False,,,A,0.375,0.437,0.19,0.16,0.08487132781035088,0.3323191456578956,0.1464545782979383,0.19595917942265423,0.00978355174501716,,0,,,0,,cumulative_place,0.12593427319063444,0.15752730143501661,False,31.543174984895384,16.79729519077181,16.44653991400293,2,3,3,coverage_validated_cumulative_scores_uncalibrated,2.0,full_trifecta_market_proxy,0.0,0,0
2026-10-07,高知,4,047420261007,1791333120,1791332820,3,3,14447,三木翔太,両,71.61,,,,,0.03675322948382328,0.022824842919633728,0.06777392009961415,0.09949406826521302,position_specialists,0.022824842919633728,False,,,A,0.111,0.444,0.16,0.05,0.004041491800492884,0.10424762603103707,-0.06305061143177863,-0.032659863237109045,0.0047369702855196896,,0,,,0,,cumulative_place,0.09999743722934493,0.16223795318056913,False,2.2824842919633728,6.7773920099614156,9.949406826521303,3,4,4,coverage_validated_cumulative_scores_uncalibrated,4.0,full_trifecta_market_proxy,1.0,0,0
2026-10-07,高知,4,047420261007,1791333120,1791332820,4,7,13887,沖本尚織,追,70.37,,,,,0.03479942687165835,0.017982974832866056,0.2590442275134226,0.23216402201158237,position_specialists,0.017982974832866056,False,,,A,0.2,0.3,0.17,0.25,0.004041491800492884,-0.036099997987684054,-0.06305061143177863,-0.032659863237109045,0.007294006691133217,,0,,,0,,cumulative_place,0.491984114772239,0.17899376215959015,False,1.7982974832866057,25.90442275134226,23.21640220115824,4,2,2,coverage_validated_cumulative_scores_uncalibrated,3.0,full_trifecta_market_proxy,-1.0,0,0
2026-10-07,高知,4,047420261007,1791333120,1791332820,5,1,13029,藤田晃英,追,68.5,,,,,0.013610705077154768,0.007047005993665246,0.03215415717000286,0.06662217714602423,position_specialists,0.007047005993665246,False,,,A,0.1,0.3,0.0,0.07,0.06466386880788635,-0.1518722004909684,0.023588773253960006,-0.032659863237109045,0.00768051703239518,,0,,,0,,cumulative_place,0.051416631160638694,0.13480147654101016,False,0.7047005993665246,3.215415717000286,6.662217714602423,5,5,6,coverage_validated_cumulative_scores_uncalibrated,5.0,full_trifecta_market_proxy,0.0,0,0
2026-10-07,高知,4,047420261007,1791333120,1791332820,6,6,14463,久保将史,両,64.4,,,,,0.006575241957904599,0.0018857729885968229,0.018247270886815915,0.029723362183806983,position_specialists,0.0018857729885968229,False,,,A,0.05,0.1,0.01,0.02,-0.15357668841873012,-0.1518722004909684,-0.14968999611751727,-0.032659863237109045,0.006686633297721562,,0,,,0,,cumulative_place,0.030371882449719955,0.05242358879868267,False,0.18857729885968227,1.8247270886815916,2.9723362183806983,6,7,7,coverage_validated_cumulative_scores_uncalibrated,6.0,full_trifecta_market_proxy,0.0,0,0
2026-10-07,高知,4,047420261007,1791333120,1791332820,7,4,13062,藤原義浩,追,65.76,,,,,0.0029475609806403277,0.0008166257948350606,0.01856984869216192,0.0946679784120423,position_specialists,0.0008166257948350606,False,,,A,0.0,0.0579999999999999,0.02,0.21,-0.16570116382020889,-0.09924847208038459,-0.2363293808032559,-0.032659863237109045,0.0074872618617641985,,0,,,0,,cumulative_place,0.03479789022459459,0.24519351405869685,False,0.08166257948350605,1.856984869216192,9.46679784120423,7,6,5,coverage_validated_cumulative_scores_uncalibrated,7.0,full_trifecta_market_proxy,0.0,0,0
2026-10-07,高知,5,057420261007,1791334380,1791334080,1,3,15959,中野楚樂,逃,80.88,,,,,0.7135737581275743,0.6442430006660229,0.4576011419945849,0.33160283585346045,position_specialists,0.6442430006660228,False,,0.3423602423412357,A,0.888,0.944,0.14,0.07,0.22240174623571946,0.37773031610063795,0.08791941571889628,0.14685477915607478,0.013224771629312279,,0,,,0,,cumulative_place,0.19429479927765264,0.04402910124583088,False,64.42430006660229,45.76011419945849,33.16028358534604,1,1,1,coverage_validated_cumulative_scores_uncalibrated,1.0,full_trifecta_market_proxy,0.0,0,0
2026-10-07,高知,5,057420261007,1791334380,1791334080,2,4,12586,佐藤和典,追,77.4,,,,,0.22235508752739952,0.30188275832478717,0.36128170939373255,0.28842217643620605,position_specialists,0.3018827583247871,False,,,A,0.6659999999999999,0.777,0.16,0.09,0.07427222495558543,0.12746747533872,0.18257388305896272,-0.0755940994344385,0.006094659765166072,,0,,,0,,cumulative_place,0.5041886392921918,0.12213035366443226,False,30.188275832478716,36.128170939373256,28.842217643620604,2,2,2,coverage_validated_cumulative_scores_uncalibrated,2.0,full_trifecta_market_proxy,0.0,0,0
2026-10-07,高知,5,057420261007,1791334380,1791334080,3,1,14257,岡崎克政,逃,72.82,,,,,0.03265130594180839,0.03456617846459804,0.06866968361502224,0.08616685004527923,position_specialists,0.03456617846459803,False,,,A,0.41,0.647,0.12,0.17,-0.021576288813913082,0.01921151993726858,0.12761533868596747,0.06596427785043359,0.0050453921319694745,,0,,,0,,cumulative_place,0.10572000344612421,0.126101716231214,False,3.4566178464598036,6.866968361502224,8.616685004527923,3,3,4,coverage_validated_cumulative_scores_uncalibrated,3.0,full_trifecta_market_proxy,0.0,0,0
2026-10-07,高知,5,057420261007,1791334380,1791334080,4,5,11935,高嶋一朗,追,69.96,,,,,0.011664387207823505,0.008920039039878189,0.030158846036259658,0.06252663522629788,position_specialists,0.008920039039878187,False,,,A,0.366,0.5,0.22,0.1,-0.06514379507277608,0.10274204112055663,0.024518503871244428,-0.021667098564011028,0.005305173874463611,,0,,,0,,cumulative_place,0.049183179139588064,0.13640164437083496,False,0.8920039039878189,3.015884603625966,6.252663522629788,4,5,6,coverage_validated_cumulative_scores_uncalibrated,4.0,full_trifecta_market_proxy,0.0,0,0
2026-10-07,高知,5,057420261007,1791334380,1791334080,5,7,14272,松田直也,追,70.43,,,,,0.011639354163382909,0.007299519640599319,0.03999731348363098,0.07183542099759545,position_specialists,0.007299519640599318,False,,,A,0.29,0.291,0.0,0.18,0.021991217444949872,-0.16756412524624903,-0.04265669128232439,0.03563033986081815,0.005367503694245225,,0,,,0,,cumulative_place,0.06916774065014752,0.14450150486046126,False,0.7299519640599319,3.999731348363098,7.183542099759545,5,4,5,coverage_validated_cumulative_scores_uncalibrated,5.0,full_trifecta_market_proxy,0.0,0,0
2026-10-07,高知,5,057420261007,1791334380,1791334080,6,2,14855,東隆之,追,69.13,,,,,0.004353887961465708,0.0015856844517392,0.014291518816636851,0.032057628238024126,position_specialists,0.0015856844517391998,False,,,A,0.045,0.2269999999999999,0.0,0.33,-0.14356530633872933,-0.16756412524624903,-0.2012748949683531,-0.0755940994344385,0.006414381666676021,,0,,,0,,cumulative_place,0.024513867110278503,0.07260631966276217,False,0.15856844517392,1.4291518816636852,3.2057628238024125,6,7,7,coverage_validated_cumulative_scores_uncalibrated,6.0,full_trifecta_market_proxy,0.0,0,0
2026-10-07,高知,5,057420261007,1791334380,1791334080,7,6,11142,小林宏年,追,67.38,,,,,0.0037622190705457656,0.001502819412375331,0.027999786660132822,0.12738845320313688,position_specialists,0.0015028194123753308,False,,,A,0.073,0.259,0.0,0.2,-0.0883797984108363,-0.1025776797265835,-0.17869555508439336,-0.0755940994344385,0.007088444760730824,,0,,,0,,cumulative_place,0.05293177108401717,0.35422935996446453,False,0.1502819412375331,2.799978666013282,12.738845320313688,7,6,3,coverage_validated_cumulative_scores_uncalibrated,7.0,full_trifecta_market_proxy,0.0,0,0
2026-10-07,高知,6,067420261007,1791335640,1791335340,1,2,16019,沢田桂太郎,逃,81.33,,,,,0.8601744395759715,0.8702204569695826,0.46958294538249695,0.31837044342200993,position_specialists,0.8702204569695824,False,,0.8027095041002421,S,0.916,1.0,0.15,0.05,0.235715605380852,0.408471587645673,0.21789439498448834,-0.032659863237109045,0.017096549594293055,,0,,,0,,cumulative_place,0.07642822084514017,0.025197210395371008,False,87.02204569695826,46.958294538249696,31.837044342200993,1,1,1,coverage_validated_cumulative_scores_uncalibrated,1.0,full_trifecta_market_proxy,0.0,0,0
2026-10-07,高知,6,067420261007,1791335640,1791335340,2,5,14787,瀬口匠,両,74.44,,,,,0.054274255687599825,0.06751095286934031,0.12987122165214152,0.227853306557439,position_specialists,0.0675109528693403,False,,,S,0.518,0.555,0.05,0.05,0.05733622833588289,-0.08725434501488222,0.24042688052367164,-0.032659863237109045,0.009514726209958288,,0,,,0,,cumulative_place,0.20596428760848118,0.4178225500918322,False,6.751095286934031,12.987122165214151,22.7853306557439,2,3,3,coverage_validated_cumulative_scores_uncalibrated,2.0,full_trifecta_market_proxy,0.0,0,0
2026-10-07,高知,6,067420261007,1791335640,1791335340,3,4,15160,牧田賢也,逃,70.95,,,,,0.03303688380707709,0.026106907155797717,0.045389275978163154,0.06318640738342306,position_specialists,0.02610690715579771,False,,,S,0.237,0.428,0.11,0.16,-0.014015522482104746,0.03244066773738319,-0.04564649134257944,-0.032659863237109045,0.009253573266183753,,0,,,0,,cumulative_place,0.057822729889976165,0.09769177225096146,False,2.610690715579772,4.538927597816316,6.318640738342306,3,4,5,coverage_validated_cumulative_scores_uncalibrated,3.0,full_trifecta_market_proxy,0.0,0,0
2026-10-07,高知,6,067420261007,1791335640,1791335340,4,1,13023,吉田英二,追,68.93,,,,,0.02901791282673361,0.02155445021799277,0.29107467152042454,0.2283932760542396,position_specialists,0.021554450217992766,False,,,S,0.068,0.275,0.11,0.09,-0.07644830444784395,0.030479262612892653,-0.1553078670233443,0.19595917942265428,0.011127932754804018,,0,,,0,,cumulative_place,0.5548511600231072,0.1068655774764813,False,2.155445021799277,29.107467152042453,22.83932760542396,4,2,2,coverage_validated_cumulative_scores_uncalibrated,5.0,full_trifecta_market_proxy,1.0,0,0
2026-10-07,高知,6,067420261007,1791335640,1791335340,5,3,14503,真船拓磨,追,69.3,,,,,0.008794560191366796,0.006225791724432202,0.019399217119844044,0.043832501728080786,position_specialists,0.0062257917244322005,False,,,S,0.25,0.3,0.3,0.07,-0.040772429038850096,0.018349232938431694,-0.05102952505944595,-0.032659863237109045,0.0096183497539789,,0,,,0,,cumulative_place,0.030073466394364725,0.09120414725464293,False,0.6225791724432203,1.9399217119844043,4.383250172808078,5,6,6,coverage_validated_cumulative_scores_uncalibrated,4.0,full_trifecta_market_proxy,-1.0,0,0
2026-10-07,高知,6,067420261007,1791335640,1791335340,6,7,13145,瓦田勝也,追,71.2,,,,,0.0071839227341321124,0.004992582310528924,0.029393392030757623,0.09591973971755907,position_specialists,0.0049925823105289235,False,,,S,0.166,0.4,0.07,0.18,-0.014015522482104746,-0.08725434501488222,-0.05102952505944595,-0.032659863237109045,0.01125936642821348,,0,,,0,,cumulative_place,0.05174860947210446,0.22490209355686203,False,0.49925823105289246,2.9393392030757624,9.591973971755907,6,5,4,coverage_validated_cumulative_scores_uncalibrated,6.0,full_trifecta_market_proxy,0.0,0,0
2026-10-07,高知,6,067420261007,1791335640,1791335340,7,6,14373,鈴木雄一朗,両,65.93,,,,,0.0075180251771190965,0.003388858752325689,0.015289276316172136,0.022444325137248665,position_specialists,0.003388858752325688,False,,,S,0.133,0.133,0.05,0.05,-0.1478000552658316,-0.07316291021593073,-0.1553078670233443,-0.032659863237109045,0.009055062582224062,,0,,,0,,cumulative_place,0.0231115257668261,0.03631664897384904,False,0.3388858752325689,1.5289276316172136,2.2444325137248664,7,7,7,coverage_validated_cumulative_scores_uncalibrated,7.0,full_trifecta_market_proxy,0.0,0,0
2026-10-07,高知,7,077420261007,1791336900,1791336600,1,1,16004,松本悠平,逃,80.88,,,,,0.8831421818887253,0.9028884414601227,0.4908370204973855,0.3651232100739583,position_specialists,0.9028884414601227,False,,0.8704506336668354,S,0.888,0.944,0.13,0.06,0.23147344041798254,0.4066081181829909,0.39605272772481104,-0.039140916333739034,0.017401677477808908,,0,,,0,,cumulative_place,0.03689042180041473,0.04949367916495219,False,90.28884414601227,49.08370204973855,36.51232100739583,1,1,1,coverage_validated_cumulative_scores_uncalibrated,1.0,full_trifecta_market_proxy,0.0,0,0
2026-10-07,高知,7,077420261007,1791336900,1791336600,2,4,14183,隅田幸助,両,70.14,,,,,0.036144119291485005,0.03243780779328731,0.12908918355089136,0.19609971222428974,position_specialists,0.03243780779328731,False,,,S,0.356,0.357,0.12,0.0,0.056379465762184465,-0.08123247621848667,0.05472855364963072,-0.039140916333739034,0.008704031178022797,,0,,,0,,cumulative_place,0.23663835684392537,0.3643429757122905,False,3.243780779328731,12.908918355089135,19.609971222428975,2,3,3,coverage_validated_cumulative_scores_uncalibrated,3.0,full_trifecta_market_proxy,1.0,0,0
2026-10-07,高知,7,077420261007,1791336900,1791336600,3,7,13063,赤松秀展,追,72.66,,,,,0.03845978291546737,0.027187233899496024,0.2718667338893392,0.2313040866305108,position_specialists,0.027187233899496024,False,,,S,0.0,0.444,0.22,0.12,-0.06868765899195702,0.04158047896413398,-0.17018196409904057,-0.039140916333739034,0.009863973512985215,,0,,,0,,cumulative_place,0.5419480428658636,0.12946349104590937,False,2.7187233899496026,27.18667338893392,23.13040866305108,3,2,2,coverage_validated_cumulative_scores_uncalibrated,2.0,full_trifecta_market_proxy,-1.0,0,0
2026-10-07,高知,7,077420261007,1791336900,1791336600,4,5,14868,小林寛弥,逃,68.54,,,,,0.019402965607026923,0.02103056419929179,0.0448167227977533,0.0733643015610401,position_specialists,0.02103056419929179,False,,,S,0.29,0.375,0.1,0.12,0.014690424177470645,0.006856094880526216,0.012305710150368486,0.19269374195071526,0.00853292047636677,,0,,,0,,cumulative_place,0.07422364825324793,0.14503867737778797,False,2.103056419929179,4.48167227977533,7.33643015610401,4,4,4,coverage_validated_cumulative_scores_uncalibrated,4.0,full_trifecta_market_proxy,0.0,0,0
2026-10-07,高知,7,077420261007,1791336900,1791336600,5,3,13470,畠山裕行,追,68.9,,,,,0.012905933840548584,0.011496078764242211,0.027271548151483298,0.0701799654208386,position_specialists,0.011496078764242211,False,,,S,0.136,0.2269999999999999,0.17,0.06,-0.0019851924564149,0.08334561572707805,-0.024689696263254873,0.0030108397179799224,0.010302408559646651,,0,,,0,,cumulative_place,0.043894377510937395,0.17791008329061483,False,1.149607876424221,2.72715481514833,7.01799654208386,5,5,5,coverage_validated_cumulative_scores_uncalibrated,5.0,full_trifecta_market_proxy,0.0,0,0
2026-10-07,高知,7,077420261007,1791336900,1791336600,6,2,14416,矢田晋,両,66.66,,,,,0.006494336608475703,0.003393090092619653,0.024079749845111936,0.038292122339659826,position_specialists,0.003393090092619653,False,,,S,0.12,0.16,0.06,0.06,-0.11871450889361364,-0.13385620462907047,-0.09803336706347414,-0.039140916333739034,0.009485647746687429,,0,,,0,,cumulative_place,0.04442829304841818,0.07397511093454105,False,0.3393090092619653,2.4079749845111937,3.8292122339659826,6,6,6,coverage_validated_cumulative_scores_uncalibrated,6.0,full_trifecta_market_proxy,0.0,0,0
2026-10-07,高知,7,077420261007,1791336900,1791336600,7,6,11328,川添輝彦,追,65.66,,,,,0.0034506798482711993,0.001566783790940286,0.012039041268035467,0.02563660174970266,position_specialists,0.001566783790940286,False,,,S,0.0,0.1,0.0,0.0,-0.11315597001565175,-0.13385620462907047,-0.17018196409904057,-0.039140916333739034,0.011007015808884132,,0,,,0,,cumulative_place,0.02197685967719275,0.05977598247390404,False,0.1566783790940286,1.2039041268035466,2.563660174970266,7,7,7,coverage_validated_cumulative_scores_uncalibrated,7.0,full_trifecta_market_proxy,0.0,0,0
2026-10-07,大宮,1,012520261007,1791337500,1791337200,1,7,15513,菊池翔,逃,83.5,,,,,0.3654155027646064,0.4497211626124386,0.26343518193230786,0.23110631691409733,position_specialists,0.4497211626124386,False,,0.18045046810576898,B,0.351,0.529,0.16,0.09,0.1299244219076273,0.11380382712793931,0.2415964589129031,-0.03265986323710903,0.014905531033559865,,0,,,0,,cumulative_place,0.16501328929899647,0.16093204301709566,False,44.97211626124386,26.343518193230786,23.110631691409733,1,1,1,coverage_validated_cumulative_scores_uncalibrated,2.0,full_trifecta_market_proxy,1.0,0,0
2026-10-07,大宮,1,012520261007,1791337500,1791337200,2,1,15883,吉田夢希斗,逃,80.38,,,,,0.23280784408382682,0.26927069450666963,0.18735125787742302,0.17820494234460568,position_specialists,0.26927069450666963,False,,,B,0.142,0.238,0.24,0.14,0.0442999301160868,0.3754434319329954,0.06342136358721757,0.19595917942265423,0.0196505656348783,,0,,,0,,cumulative_place,0.14348080119940687,0.15835159917939454,False,26.927069450666963,18.7351257877423,17.82049423446057,2,3,3,coverage_validated_cumulative_scores_uncalibrated,5.0,full_trifecta_market_proxy,3.0,5,0
2026-10-07,大宮,1,012520261007,1791337500,1791337200,3,3,14575,鈴木達也,追,83.81,,,,,0.18456752235155638,0.17258707704484091,0.20364342795885718,0.1847861138404755,position_specialists,0.17258707704484091,False,,,B,0.147,0.3329999999999999,0.08,0.1,0.06512750920051551,0.09665699425717485,0.10373398901605044,-0.03265986323710903,0.015101635848214156,,0,,,0,,cumulative_place,0.22205371259261875,0.14385370482581591,False,17.25870770448409,20.36434279588572,18.47861138404755,3,2,2,coverage_validated_cumulative_scores_uncalibrated,1.0,full_trifecta_market_proxy,-2.0,0,3
2026-10-07,大宮,1,012520261007,1791337500,1791337200,4,2,14707,飯塚直人,両,81.75,,,,,0.09789671176913922,0.06288415773222615,0.14055763489482254,0.14163378414333974,position_specialists,0.06288415773222615,False,,,B,0.15,0.35,0.4,0.0,0.14524779441310148,-0.09550785671610552,0.021365212258013168,-0.03265986323710903,0.013504428376977651,,0,,,0,,cumulative_place,0.18172997835526933,0.14396971496172636,False,6.288415773222615,14.055763489482253,14.163378414333975,4,4,4,coverage_validated_cumulative_scores_uncalibrated,4.0,full_trifecta_market_proxy,0.0,0,0
2026-10-07,大宮,1,012520261007,1791337500,1791337200,5,5,13172,金子周一郎,追,80.13,,,,,0.06305032032345279,0.029730425800184437,0.11428020114310229,0.13519088362361453,position_specialists,0.029730425800184437,False,,,B,0.086,0.13,0.12,0.25,-0.01818280713719947,-0.007998847664847588,-0.06100356450002413,-0.03265986323710903,0.014091930023849689,,0,,,0,,cumulative_place,0.1637225032313692,0.18058041273124434,False,2.973042580018444,11.428020114310229,13.519088362361453,5,5,5,coverage_validated_cumulative_scores_uncalibrated,3.0,full_trifecta_market_proxy,-2.0,0,3
2026-10-07,大宮,1,012520261007,1791337500,1791337200,6,4,14828,川口聖翔,追,78.91,,,,,0.030342135162130548,0.00942918726629706,0.05208497909771973,0.07490537768578433,position_specialists,0.00942918726629706,False,,,B,0.043,0.086,0.04,0.08,-0.08066554439048593,-0.15865633080880606,-0.14337234125806142,-0.03265986323710903,0.014758452422569148,,0,,,0,,cumulative_place,0.07306914382583898,0.12444020979497036,False,0.9429187266297059,5.208497909771973,7.490537768578433,6,6,6,coverage_validated_cumulative_scores_uncalibrated,6.0,full_trifecta_market_proxy,0.0,0,0
2026-10-07,大宮,1,012520261007,1791337500,1791337200,7,6,12132,甲斐下智,追,78.03,,,,,0.02591996354528799,0.006377295037343155,0.03864731709576748,0.05417258144808291,position_specialists,0.006377295037343155,False,,,B,0.0,0.0,0.02,0.19,-0.2857513041096443,-0.007998847664847588,-0.2257411180160987,-0.03265986323710903,0.015768158246933613,,0,,,0,,cumulative_place,0.050930571496500404,0.08787231548975279,False,0.6377295037343156,3.864731709576748,5.417258144808291,7,7,7,coverage_validated_cumulative_scores_uncalibrated,7.0,full_trifecta_market_proxy,0.0,0,0
2026-10-07,奈良,1,015320261007,1791337980,1791337680,1,3,15795,今井希,逃,88.62,,,,,0.3920607491332598,0.4777083718135718,0.3058104302648041,0.2577245338832863,position_specialists,0.4777083718135718,False,,0.2616032123816167,A,0.3329999999999999,0.5,0.23,0.15,0.16516650013384368,0.2602620055835222,0.034085446882245074,-0.05059644256269407,0.011492217862087473,,0,,,0,,cumulative_place,0.22165857127664923,0.1546008667145782,False,47.77083718135718,30.58104302648041,25.772453388328632,1,1,1,coverage_validated_cumulative_scores_uncalibrated,1.0,full_trifecta_market_proxy,0.0,0,0
2026-10-07,奈良,1,015320261007,1791337980,1791337680,2,5,12924,太田黒大心,追,87.53,,,,,0.23026577449251168,0.21610515943195507,0.23054660420614653,0.21880824448474548,position_specialists,0.21610515943195507,False,,,A,0.4,0.5329999999999999,0.15,0.17,0.03179925568085165,-0.003942112000100903,0.19538881340666328,-0.05059644256269407,0.010204091872399092,,0,,,0,,cumulative_place,0.2308206013666385,0.19363448685294227,False,21.61051594319551,23.054660420614653,21.88082444847455,2,2,2,coverage_validated_cumulative_scores_uncalibrated,3.0,full_trifecta_market_proxy,1.0,0,0
2026-10-07,奈良,1,015320261007,1791337980,1791337680,3,1,15742,堀越翔己,逃,83.38,,,,,0.1934526132670996,0.21185310772752214,0.16159696840419394,0.152542240188104,position_specialists,0.21185310772752214,False,,,A,0.3329999999999999,0.619,0.15,0.12,0.0604505286880562,0.276937155372691,0.06255271781315191,0.1264911064067352,0.009727405413944484,,0,,,0,,cumulative_place,0.1305163675478834,0.13312372355173602,False,21.185310772752214,16.159696840419393,15.2542240188104,3,3,4,coverage_validated_cumulative_scores_uncalibrated,2.0,full_trifecta_market_proxy,-1.0,0,0
2026-10-07,奈良,1,015320261007,1791337980,1791337680,4,2,12603,大川栄二,追,83.09,,,,,0.0649415829373195,0.04141442281187999,0.07569499805674626,0.1061479539118705,position_specialists,0.04141442281187999,False,,,A,0.142,0.3329999999999999,0.1,0.2,0.03179925568085165,-0.06968886513587892,-0.03659599030371425,0.1264911064067352,0.008460667803406383,,0,,,0,,cumulative_place,0.08618678388018454,0.17145651047886912,False,4.141442281188,7.569499805674626,10.61479539118705,4,5,5,coverage_validated_cumulative_scores_uncalibrated,6.0,full_trifecta_market_proxy,2.0,3,0
2026-10-07,奈良,1,015320261007,1791337980,1791337680,5,7,14070,秋葉大輔,追,84.57,,,,,0.0782301855269943,0.03835209950177074,0.15327263490975992,0.15401228110968998,position_specialists,0.03835209950177074,False,,,A,0.142,0.238,0.15,0.12,-0.21253801102598574,0.029408187578236624,-0.03659599030371425,-0.05059644256269407,0.009285270358251574,,0,,,0,,cumulative_place,0.22648931052826382,0.15559850564295044,False,3.835209950177074,15.327263490975993,15.401228110968997,5,4,3,coverage_validated_cumulative_scores_uncalibrated,4.0,full_trifecta_market_proxy,-1.0,0,0
2026-10-07,奈良,1,015320261007,1791337980,1791337680,6,4,14323,連佛康浩,追,79.7,,,,,0.023393879917776424,0.009802655482275168,0.0414044790588734,0.06496105019223697,position_specialists,0.009802655482275168,False,,,A,0.175,0.235,0.23,0.15,0.09535585250331871,-0.23644036302756674,-0.03659599030371425,-0.05059644256269407,0.010330020078527173,,0,,,0,,cumulative_place,0.05897688248993,0.11547981315589625,False,0.9802655482275168,4.14044790588734,6.496105019223696,6,6,6,coverage_validated_cumulative_scores_uncalibrated,7.0,full_trifecta_market_proxy,1.0,0,0
2026-10-07,奈良,1,015320261007,1791337980,1791337680,7,6,14755,奥出健士郎,追,77.41,,,,,0.01765521472503872,0.004764183231025085,0.031673885099475815,0.04580369623006681,position_specialists,0.004764183231025085,False,,,A,0.0409999999999999,0.083,0.0,0.12,-0.1720333816609366,-0.11971431450338524,-0.1822390071909175,-0.05059644256269407,0.008088521171929576,,0,,,0,,cumulative_place,0.04535148291045047,0.07610609360302764,False,0.47641832310250853,3.1673885099475814,4.580369623006681,7,7,7,coverage_validated_cumulative_scores_uncalibrated,5.0,full_trifecta_market_proxy,-2.0,0,3
2026-10-07,静岡,1,013820261007,1791338460,1791338160,1,7,15698,佐藤譲士郎,逃,77.21,,,,,0.6570118003403861,0.7481530252146432,0.38622736204555896,0.2955269674186004,position_specialists,0.7481530252146431,False,,0.6540383858620291,S,0.6659999999999999,0.8,0.14,0.14,0.20678708524324624,0.3679747491956011,0.17428964205739775,0.015011732500816029,0.0099714033635594,,0,,,0,,cumulative_place,0.14567297237638044,0.09491048205559485,False,74.81530252146432,38.6227362045559,29.55269674186004,1,1,1,coverage_validated_cumulative_scores_uncalibrated,1.0,full_trifecta_market_proxy,0.0,0,0
2026-10-07,静岡,1,013820261007,1791338460,1791338160,2,2,14994,野口修平,逃,76.66,,,,,0.1410998571294614,0.09411463935261397,0.14428192799831327,0.23723669783226253,position_specialists,0.09411463935261395,False,,,S,0.3329999999999999,0.6659999999999999,0.0,0.0,-0.028995334370799434,-0.1191173886979543,-0.16178165923954665,0.19014861167700303,0.0127354177620236,,0,,,0,,cumulative_place,0.14710875630706305,0.44283954331614833,False,9.411463935261397,14.428192799831328,23.723669783226253,2,3,3,coverage_validated_cumulative_scores_uncalibrated,3.0,full_trifecta_market_proxy,1.0,0,0
2026-10-07,静岡,1,013820261007,1791338460,1791338160,3,3,13926,早坂道義,追,71.18,,,,,0.11005787659027017,0.08907430346379237,0.3445884618983852,0.25640925545873616,position_specialists,0.08907430346379236,False,,,S,0.222,0.407,0.21,0.21,0.04757318333891642,0.11223134146937164,0.05481680247479994,-0.04103206883556381,0.007946612443362953,,0,,,0,,cumulative_place,0.5529363350731437,0.06136928291198724,False,8.907430346379238,34.458846189838525,25.640925545873618,3,2,2,coverage_validated_cumulative_scores_uncalibrated,2.0,full_trifecta_market_proxy,-1.0,0,0
2026-10-07,静岡,1,013820261007,1791338460,1791338160,4,1,12893,吉野猛,追,70.9,,,,,0.05481465167640253,0.049588339491233674,0.05997156926284178,0.08401453796045247,position_specialists,0.04958833949123367,False,,,S,0.266,0.433,0.19,0.08,-0.007118615025166401,0.1682980934942468,0.14145618716053862,-0.04103206883556381,0.007616995316819346,,0,,,0,,cumulative_place,0.06455277477964287,0.1371941949800898,False,4.958833949123368,5.997156926284178,8.401453796045248,4,4,4,coverage_validated_cumulative_scores_uncalibrated,4.0,full_trifecta_market_proxy,0.0,0,0
2026-10-07,静岡,1,013820261007,1791338460,1791338160,5,4,15355,磯村蓮太,逃,68.09,,,,,0.023996960791829152,0.012925720877968564,0.034447903855449324,0.05663077806005951,position_specialists,0.012925720877968562,False,,,S,0.237,0.285,0.2,0.11,-0.028995334370799434,-0.052525890990962415,-0.015176731002704308,-0.04103206883556381,0.008323317730841362,,0,,,0,,cumulative_place,0.0437321162199695,0.10569616830981526,False,1.2925720877968565,3.444790385544932,5.663077806005951,5,5,6,coverage_validated_cumulative_scores_uncalibrated,5.0,full_trifecta_market_proxy,0.0,0,0
2026-10-07,静岡,1,013820261007,1791338460,1791338160,6,5,14483,竜門孝宗,追,68.66,,,,,0.009690387721701412,0.005185589142786042,0.0243090807718285,0.05948524219917111,position_specialists,0.005185589142786041,False,,,S,0.166,0.416,0.11,0.25,0.014758104320466729,-0.06305063667307917,-0.0318225822109387,-0.04103206883556381,0.008935463822993777,,0,,,0,,cumulative_place,0.037295760532965884,0.13728995190456522,False,0.5185589142786041,2.43090807718285,5.948524219917111,6,6,5,coverage_validated_cumulative_scores_uncalibrated,6.0,full_trifecta_market_proxy,0.0,0,0
2026-10-07,静岡,1,013820261007,1791338460,1791338160,7,6,12277,井上典善,追,63.77,,,,,0.0033284657499492282,0.0009583824569622505,0.006173694167622906,0.010696521070717791,position_specialists,0.0009583824569622504,False,,,S,0.036,0.037,0.04,0.08,-0.20400908913586438,-0.1191173886979543,-0.16178165923954665,-0.04103206883556381,0.009265080949537385,,0,,,0,,cumulative_place,0.008701284710834594,0.020700376521799294,False,0.09583824569622505,0.6173694167622906,1.069652107071779,7,7,7,coverage_validated_cumulative_scores_uncalibrated,7.0,full_trifecta_market_proxy,0.0,0,0
2026-10-07,大宮,2,022520261007,1791339000,1791338700,1,2,15798,橋谷成海,逃,84.76,,,,,0.3091057239634173,0.3240459797591391,0.24988292109620266,0.22496001455408432,position_specialists,0.3240459797591391,False,,0.06913634524628598,C,0.3329999999999999,0.38,0.2,0.05,0.03272255871984133,0.05826696540950853,0.12304474624564463,-0.04946474960410216,0.019653347414278554,,0,,,0,,cumulative_place,0.20373172837667078,0.15884391142843124,False,32.404597975913916,24.98829210962027,22.496001455408436,1,1,1,coverage_validated_cumulative_scores_uncalibrated,2.0,full_trifecta_market_proxy,1.0,0,0
2026-10-07,大宮,2,022520261007,1791339000,1791338700,2,7,15735,岡本翔,逃,82.19,,,,,0.20624288141854336,0.25490963451285314,0.24380774978766176,0.20868750840814354,position_specialists,0.25490963451285314,False,,,C,0.284,0.38,0.16,0.08,0.22299530037301724,0.11432169497214083,0.219941718459684,-0.04946474960410216,0.014114265594820355,,0,,,0,,cumulative_place,0.27308133015963665,0.1155196631200356,False,25.490963451285314,24.38077497876618,20.868750840814357,2,2,2,coverage_validated_cumulative_scores_uncalibrated,5.0,full_trifecta_market_proxy,3.0,5,0
2026-10-07,大宮,2,022520261007,1791339000,1791338700,3,5,13553,小島雅章,追,82.07,,,,,0.2146854321007632,0.2098221650422672,0.1911346046768878,0.17091689516089983,position_specialists,0.2098221650422672,False,,,C,0.147,0.259,0.12,0.02,-0.19178284277740743,0.372479431779043,0.0857205608542745,0.09218430608037219,0.014550030660232414,,0,,,0,,cumulative_place,0.1727818972310636,0.11728285512369224,False,20.98221650422672,19.113460467688785,17.091689516089986,3,3,3,coverage_validated_cumulative_scores_uncalibrated,1.0,full_trifecta_market_proxy,-2.0,0,3
2026-10-07,大宮,2,022520261007,1791339000,1791338700,4,1,14329,阿部功,追,81.4,,,,,0.1843311796269111,0.17520079477505068,0.16090680886194672,0.16305081664592494,position_specialists,0.17520079477505068,False,,,C,0.15,0.2,0.13,0.08,0.09362626970235598,0.16694542338272464,-1.1580143136721843e-05,0.1551394419401386,0.01356061994791425,,0,,,0,,cumulative_place,0.1426526466614253,0.16873849354300569,False,17.520079477505067,16.090680886194676,16.305081664592496,4,4,4,coverage_validated_cumulative_scores_uncalibrated,4.0,full_trifecta_market_proxy,0.0,0,0
2026-10-07,大宮,2,022520261007,1791339000,1791338700,5,3,15156,門脇翼,両,80.57,,,,,0.05570852820994984,0.026985177162916197,0.09028029182665041,0.107862295629192,position_specialists,0.026985177162916197,False,,,C,0.142,0.142,0.0,0.0,-0.001510101124231548,-0.13910687881471595,-1.1580143136721843e-05,-0.04946474960410216,0.015132292617355868,,0,,,0,,cumulative_place,0.11722140315678849,0.15450427033627448,False,2.6985177162916196,9.028029182665042,10.786229562919202,5,5,5,coverage_validated_cumulative_scores_uncalibrated,3.0,full_trifecta_market_proxy,-2.0,0,3
2026-10-07,大宮,2,022520261007,1791339000,1791338700,6,4,13989,大泉英則,追,79.42,,,,,0.019172481071894454,0.0063415845978690094,0.03427092797715148,0.058305663452096076,position_specialists,0.0063415845978690094,False,,,C,0.047,0.19,0.0,0.0,-0.001510101124231548,-0.19173060722529972,-0.17147586213795918,-0.04946474960410216,0.015859454776309803,,0,,,0,,cumulative_place,0.04603685763861111,0.12206560439533105,False,0.634158459786901,3.427092797715148,5.830566345209609,6,6,7,coverage_validated_cumulative_scores_uncalibrated,6.0,full_trifecta_market_proxy,0.0,0,0
2026-10-07,大宮,2,022520261007,1791339000,1791338700,7,6,12602,吉村文隆,追,78.66,,,,,0.010753773608520712,0.0026946641499045578,0.029716695773499092,0.06621680614965919,position_specialists,0.0026946641499045578,False,,,C,0.0,0.125,0.0,0.27,-0.15454108376934483,-0.13910687881471595,-0.2572080031353704,-0.04946474960410216,0.014150271070662445,,0,,,0,,cumulative_place,0.04449413677580404,0.1630452020532297,False,0.26946641499045576,2.9716695773499096,6.62168061496592,7,7,6,coverage_validated_cumulative_scores_uncalibrated,7.0,full_trifecta_market_proxy,0.0,0,0
2026-10-07,奈良,2,025320261007,1791339540,1791339240,1,7,14305,大谷靖茂,逃,88.1,,,,,0.5825906917024115,0.5815057451648015,0.3981701068486003,0.29520050758501903,position_specialists,0.5815057451648015,False,,0.3003053831221341,A,0.551,0.586,0.19,0.08,0.2359651907233357,0.3127982019442619,0.41093378739780373,0.14320093880886273,0.008662456415866987,,0,,,0,,cumulative_place,0.22975079884494537,0.07764045488089262,False,58.15057451648015,39.81701068486004,29.520050758501906,1,1,1,coverage_validated_cumulative_scores_uncalibrated,1.0,full_trifecta_market_proxy,0.0,0,0
2026-10-07,奈良,2,025320261007,1791339540,1791339240,2,1,13117,鳥越靖弘,追,85.04,,,,,0.23681423928805698,0.28120036204266735,0.3633822728444463,0.26707490993174016,position_specialists,0.28120036204266735,False,,,A,0.29,0.4579999999999999,0.18,0.13,0.04660409003110268,0.19121239457737835,0.06636029376510152,0.10802877839966835,0.005365685502951319,,0,,,0,,cumulative_place,0.4789686139454025,0.06359121085033188,False,28.120036204266736,36.338227284444635,26.70749099317402,2,2,2,coverage_validated_cumulative_scores_uncalibrated,2.0,full_trifecta_market_proxy,0.0,0,0
2026-10-07,奈良,2,025320261007,1791339540,1791339240,3,4,15102,奥出良,逃,82.23,,,,,0.13607009482763624,0.11901069059084812,0.10336268568754912,0.12048240389102097,position_specialists,0.11901069059084812,False,,,A,0.351,0.411,0.12,0.16,0.060666416424225586,0.13858866616679452,0.07152360919208672,-0.050245943441706215,0.008989544935328185,,0,,,0,,cumulative_place,0.07349313930078062,0.1566539226816593,False,11.901069059084811,10.336268568754914,12.048240389102098,3,3,4,coverage_validated_cumulative_scores_uncalibrated,3.0,full_trifecta_market_proxy,0.0,0,0
2026-10-07,奈良,2,025320261007,1791339540,1791339240,4,2,14742,河野淳吾,追,80.38,,,,,0.019188737488741357,0.008900343553310205,0.054311260307446825,0.08753040648296075,position_specialists,0.008900343553310205,False,,,A,0.105,0.21,0.27,0.2,-0.023911376595182908,-0.07010190908882276,-0.10663148287474017,-0.050245943441706215,0.006854244961232901,,0,,,0,,cumulative_place,0.08638637270966582,0.1577177165668898,False,0.8900343553310205,5.431126030744683,8.753040648296077,4,4,5,coverage_validated_cumulative_scores_uncalibrated,4.0,full_trifecta_market_proxy,0.0,0,0
2026-10-07,奈良,2,025320261007,1791339540,1791339240,5,5,12216,武田哲二,追,79.92,,,,,0.011881929811341053,0.004900526811840051,0.049591610341220636,0.1685768715108266,position_specialists,0.004900526811840051,False,,,A,0.04,0.08,0.03,0.03,-0.015788403801682258,-0.1332503831815233,-0.13784983701712117,-0.050245943441706215,0.005872979402849306,,0,,,0,,cumulative_place,0.08402940536782053,0.4199757297778156,False,0.4900526811840051,4.959161034122064,16.85768715108266,5,5,3,coverage_validated_cumulative_scores_uncalibrated,5.0,full_trifecta_market_proxy,0.0,0,0
2026-10-07,奈良,2,025320261007,1791339540,1791339240,6,6,13646,日浅保幸,追,78.19,,,,,0.006986400857127881,0.002316708291482463,0.015324497780120292,0.028865854562844146,position_specialists,0.002316708291482463,False,,,A,0.0,0.076,0.0,0.07,-0.23743756100724692,-0.0639274365478799,-0.13526817930362856,-0.050245943441706215,0.004580232549360991,,0,,,0,,cumulative_place,0.022939138602081476,0.057476806886679756,False,0.2316708291482463,1.5324497780120294,2.886585456284415,6,7,7,coverage_validated_cumulative_scores_uncalibrated,7.0,full_trifecta_market_proxy,1.0,0,0
2026-10-07,奈良,2,025320261007,1791339540,1791339240,7,3,12992,吉良勝信,追,78.55,,,,,0.0064679060246850195,0.002165623545050298,0.015857566190616512,0.03226904603558828,position_specialists,0.002165623545050298,False,,,A,0.0,0.05,0.0,0.0,-0.06609835577455164,-0.18587411159210707,-0.16906819115950214,-0.050245943441706215,0.007508422000155298,,0,,,0,,cumulative_place,0.024432531229303653,0.06694415835573102,False,0.2165623545050298,1.5857566190616514,3.2269046035588285,7,6,6,coverage_validated_cumulative_scores_uncalibrated,6.0,full_trifecta_market_proxy,-1.0,0,0
2026-10-07,静岡,2,023820261007,1791340080,1791339780,1,4,15998,木曽田晃大,逃,74.57,,,,,0.4822997352721299,0.5618294899635176,0.3302599974775594,0.24583655155249914,position_specialists,0.5618294899635174,False,,0.3967321823752471,A,0.523,0.7140000000000001,0.15,0.21,0.10578169613783843,0.39287594835303236,0.1847798530993181,0.18692246033732915,0.010766911173265484,,0,,,0,,cumulative_place,0.18330505052312726,0.08902032474288805,False,56.182948996351755,33.02599974775594,24.583655155249915,1,1,1,coverage_validated_cumulative_scores_uncalibrated,1.0,full_trifecta_market_proxy,0.0,0,0
2026-10-07,静岡,2,023820261007,1791340080,1791339780,2,3,14434,山崎功也,追,74.38,,,,,0.17041523776252493,0.16509730758827038,0.1809847962047448,0.19157756339203041,position_specialists,0.16509730758827035,False,,,A,0.284,0.428,0.36,0.07,0.05236087965139494,0.1156155055705586,0.09520566349726331,-0.042753541460133805,0.005994196391372787,,0,,,0,,cumulative_place,0.19120086815237522,0.21125358779000752,False,16.509730758827036,18.098479620474482,19.15775633920304,2,3,3,coverage_validated_cumulative_scores_uncalibrated,2.0,full_trifecta_market_proxy,0.0,0,0
2026-10-07,静岡,2,023820261007,1791340080,1791339780,3,5,15241,山田祐太,逃,72.03,,,,,0.1404426424321522,0.13291124141541366,0.13492637603603488,0.13599641876135637,position_specialists,0.13291124141541363,False,,,A,0.406,0.5920000000000001,0.19,0.1,0.1324921043810602,0.008011081961131903,0.1740541665402048,-0.042753541460133805,0.008311814303183507,,0,,,0,,cumulative_place,0.1295945947044777,0.13798401901708326,False,13.291124141541367,13.49263760360349,13.599641876135637,3,4,4,coverage_validated_cumulative_scores_uncalibrated,3.0,full_trifecta_market_proxy,0.0,0,0
2026-10-07,静岡,2,023820261007,1791340080,1791339780,4,2,13049,南大輔,追,72.95,,,,,0.17050785104687538,0.12690553088285192,0.278867730181165,0.22564328294993125,position_specialists,0.1269055308828519,False,,,A,0.237,0.38,0.22,0.11,0.05236087965139494,0.06063481037171569,0.0024431815943922464,-0.042753541460133805,0.005427667568485721,,0,,,0,,cumulative_place,0.3836036401554643,0.12677907648010553,False,12.690553088285192,27.8867730181165,22.564328294993125,4,2,2,coverage_validated_cumulative_scores_uncalibrated,4.0,full_trifecta_market_proxy,0.0,0,0
2026-10-07,静岡,2,023820261007,1791340080,1791339780,5,7,13728,伊狩知人,追,69.72,,,,,0.01521865017498402,0.007057484871920463,0.03350428334073238,0.11293875428296397,position_specialists,0.007057484871920462,False,,,A,0.217,0.347,0.16,0.2,-0.060416399597763557,-0.11247505411867069,0.0024431815943922464,-0.042753541460133805,0.008157306442396126,,0,,,0,,cumulative_place,0.05117837493599371,0.26048797920841604,False,0.7057484871920463,3.3504283340732384,11.293875428296397,5,5,5,coverage_validated_cumulative_scores_uncalibrated,7.0,full_trifecta_market_proxy,2.0,3,0
2026-10-07,静岡,2,023820261007,1791340080,1791339780,6,1,11792,木下章,両,68.48,,,,,0.010908114409522844,0.0033793803900865737,0.026834203529682743,0.06064155051813568,position_specialists,0.0033793803900865733,False,,,A,0.073,0.296,0.0,0.27,-0.06783595744310289,-0.05749435891982777,-0.27584426411422097,-0.042753541460133805,0.005633678049535564,,0,,,0,,cumulative_place,0.042227663264577366,0.12343856780499758,False,0.3379380390086574,2.683420352968274,6.064155051813568,6,6,6,coverage_validated_cumulative_scores_uncalibrated,6.0,full_trifecta_market_proxy,0.0,0,0
2026-10-07,静岡,2,023820261007,1791340080,1791339780,7,6,11990,茂木和臣,追,67.5,,,,,0.010207768901810863,0.0028195648879395484,0.01462261323008088,0.02736587854308314,position_specialists,0.002819564887939548,False,,,A,0.111,0.37,0.0,0.25,-0.21474320278082246,-0.1650987825292545,-0.1830817822113499,0.026845246963339828,0.007049562922811068,,0,,,0,,cumulative_place,0.018889808263984474,0.05103644495650198,False,0.28195648879395485,1.4622613230080879,2.736587854308314,7,7,7,coverage_validated_cumulative_scores_uncalibrated,5.0,full_trifecta_market_proxy,-2.0,0,3
2026-10-07,大宮,3,032520261007,1791340620,1791340320,1,2,15559,神開一輝,逃,93.19,,,,,0.4663244897946384,0.5629504813524937,0.31482509402628267,0.2673449601781183,position_specialists,0.5629504813524937,False,,0.34711873433885454,A,0.523,0.5710000000000001,0.15,0.09,0.12595093105787739,0.3924590490183491,0.11527076753300272,0.07620634755325442,0.016701095956019357,,0,,,0,,cumulative_place,0.1710704036267196,0.16773608065892878,False,56.295048135249374,31.48250940262827,26.734496017811832,1,1,1,coverage_validated_cumulative_scores_uncalibrated,1.0,full_trifecta_market_proxy,0.0,0,0
2026-10-07,大宮,3,032520261007,1791340620,1791340320,2,4,15429,山田雄大,逃,89.0,,,,,0.25021483965690594,0.21583174701363916,0.2696313054335874,0.23185988638529603,position_specialists,0.21583174701363916,False,,,A,0.5,0.583,0.18,0.14,-0.009572691690548266,0.14366917652322844,0.14428808603884832,-0.07620634755325442,0.015933556402646924,,0,,,0,,cumulative_place,0.2880551942697406,0.15261898236253854,False,21.583174701363916,26.96313054335874,23.185988638529604,2,2,2,coverage_validated_cumulative_scores_uncalibrated,2.0,full_trifecta_market_proxy,0.0,0,0
2026-10-07,大宮,3,032520261007,1791340620,1791340320,3,5,15650,田代匠,逃,87.76,,,,,0.13543700070368664,0.14764179418150142,0.16118211648819591,0.14815489090436074,position_specialists,0.14764179418150142,False,,,A,0.3329999999999999,0.523,0.15,0.1,0.12364702583964779,0.0619332831546714,0.11918344933586325,0.1415260740274725,0.014900798718841817,,0,,,0,,cumulative_place,0.18561113239372387,0.12082499019685232,False,14.764179418150142,16.118211648819596,14.815489090436074,3,4,4,coverage_validated_cumulative_scores_uncalibrated,3.0,full_trifecta_market_proxy,0.0,0,0
2026-10-07,大宮,3,032520261007,1791340620,1791340320,4,1,13275,渡辺航平,追,85.52,,,,,0.10432461124595512,0.057678800159559965,0.17641385388528977,0.19629536409772774,position_specialists,0.057678800159559965,False,,,A,0.284,0.3329999999999999,0.25,0.13,-0.04583279954992167,0.00012676084927540544,-0.04460396152078099,0.03265986323710903,0.01378558918357454,,0,,,0,,cumulative_place,0.24481786767160174,0.23800491280589403,False,5.767880015955996,17.64138538852898,19.629536409772776,4,3,3,coverage_validated_cumulative_scores_uncalibrated,4.0,full_trifecta_market_proxy,0.0,0,0
2026-10-07,大宮,3,032520261007,1791340620,1791340320,5,3,14079,江本博明,追,80.66,,,,,0.01540519207970516,0.006115038706071437,0.019901351981482726,0.03263172790459013,position_specialists,0.006115038706071437,False,,,A,0.095,0.238,0.13,0.15,0.012863984859447803,-0.016220417824436024,-0.1606732355441634,-0.021773242158072696,0.014921303242600659,,0,,,0,,cumulative_place,0.024167666519497335,0.05933886579122477,False,0.6115038706071437,1.9901351981482729,3.2631727904590133,5,7,6,coverage_validated_cumulative_scores_uncalibrated,5.0,full_trifecta_market_proxy,0.0,0,0
2026-10-07,大宮,3,032520261007,1791340620,1791340320,6,7,12800,豊田一馬,追,82.11,,,,,0.014396441336830596,0.00534712533500739,0.03711698508268735,0.09525017421701631,position_specialists,0.00534712533500739,False,,,A,0.222,0.444,0.06,0.3,0.03099403878913448,-0.1937991426331164,-0.08785046200791649,-0.07620634755325442,0.017707552645909785,,0,,,0,,cumulative_place,0.05867604619530988,0.21720816723921782,False,0.534712533500739,3.7116985082687353,9.525017421701632,6,5,5,coverage_validated_cumulative_scores_uncalibrated,6.0,full_trifecta_market_proxy,0.0,0,0
2026-10-07,大宮,3,032520261007,1791340620,1791340320,7,6,13468,勝俣亮,両,79.44,,,,,0.013897425182278154,0.00443501325172692,0.020929293102474107,0.02846299631289077,position_specialists,0.00443501325172692,False,,,A,0.111,0.185,0.12,0.09,-0.23805048930563702,-0.01980261021388559,-0.08561464383485337,-0.07620634755325442,0.01257810929139248,,0,,,0,,cumulative_place,0.027601689323406974,0.04426800094534371,False,0.44350132517269203,2.092929310247411,2.846299631289077,7,6,7,coverage_validated_cumulative_scores_uncalibrated,7.0,full_trifecta_market_proxy,0.0,0,0
2026-10-07,奈良,3,035320261007,1791341160,1791340860,1,1,14066,池田勇人,追,92.7,,,,,0.3945665730124306,0.44324927419247984,0.34252588687145513,0.26418353245904924,position_specialists,0.44324927419247984,False,,0.11204557178635,B,0.416,0.583,0.08,0.11,0.04784543294053176,0.09595976254825839,0.15872218708957422,-0.02399538594631899,0.005576144388685545,,0,,,0,,cumulative_place,0.28822653243215557,0.09375177747200977,False,44.324927419247985,34.25258868714551,26.418353245904925,1,1,1,coverage_validated_cumulative_scores_uncalibrated,1.0,full_trifecta_market_proxy,0.0,0,0
2026-10-07,奈良,3,035320261007,1791341160,1791340860,2,2,14422,前田義和,逃,88.91,,,,,0.2585063935511716,0.33120370240612984,0.21349214656836338,0.20388694387500567,position_specialists,0.33120370240612984,False,,,B,0.416,0.541,0.09,0.05,0.11935429818200013,0.3561998367669002,0.06279837648557977,0.02768698378421422,0.010787551302076367,,0,,,0,,cumulative_place,0.16652419258873388,0.1829910751675424,False,33.120370240612985,21.349214656836338,20.388694387500568,2,2,2,coverage_validated_cumulative_scores_uncalibrated,2.0,full_trifecta_market_proxy,0.0,0,0
2026-10-07,奈良,3,035320261007,1791341160,1791340860,3,7,14044,八尋英輔,追,87.66,,,,,0.1124224880384078,0.10278649437897502,0.1555708481525701,0.17191448226355463,position_specialists,0.10278649437897502,False,,,B,0.3329999999999999,0.4579999999999999,0.18,0.16,0.09932591841430506,0.06302673069255044,0.06268297940976927,0.08582964973106406,0.007190341643925548,,0,,,0,,cumulative_place,0.20059193209766965,0.20746963330915616,False,10.278649437897503,15.55708481525701,17.19144822635546,3,3,3,coverage_validated_cumulative_scores_uncalibrated,3.0,full_trifecta_market_proxy,0.0,0,0
2026-10-07,奈良,3,035320261007,1791341160,1791340860,4,3,15548,白井優太朗,逃,85.3,,,,,0.13030383785822736,0.07571608836945112,0.13170061795257587,0.14724541443562802,position_specialists,0.07571608836945112,False,,,B,0.391,0.478,0.17,0.23,0.056376368018794726,-0.1707286729244272,0.09708985086580936,-0.07567775567685221,0.009058701211879041,,0,,,0,,cumulative_place,0.1331580210546666,0.18106271499282706,False,7.571608836945113,13.170061795257586,14.724541443562803,4,4,4,coverage_validated_cumulative_scores_uncalibrated,5.0,full_trifecta_market_proxy,1.0,0,0
2026-10-07,奈良,3,035320261007,1791341160,1791340860,5,5,14951,後藤祐貴,逃,82.23,,,,,0.05015076445068837,0.02859639648251833,0.06880953089680998,0.0878391461733365,position_specialists,0.02859639648251833,False,,,B,0.237,0.285,0.0,0.12,-0.04087273995956041,0.029587107828535998,-0.04019144373091948,0.13751201946159727,0.007461189945170376,,0,,,0,,cumulative_place,0.08827812456433914,0.12923757940440378,False,2.859639648251833,6.8809530896809985,8.78391461733365,5,5,5,coverage_validated_cumulative_scores_uncalibrated,4.0,full_trifecta_market_proxy,-1.0,0,0
2026-10-07,奈良,3,035320261007,1791341160,1791340860,6,6,14816,齋藤宗徳,逃,81.13,,,,,0.03033165169864939,0.011856009000274566,0.04108992378586108,0.054726812526027076,position_specialists,0.011856009000274566,False,,,B,0.18,0.318,0.12,0.09,-0.03516087699036874,0.010403002281966644,-0.11566730649016772,-0.07567775567685221,0.0056811313025969985,,0,,,0,,cumulative_place,0.05231512607538226,0.08439350939748909,False,1.1856009000274566,4.108992378586108,5.472681252602707,6,7,7,coverage_validated_cumulative_scores_uncalibrated,6.0,full_trifecta_market_proxy,0.0,0,0
2026-10-07,奈良,3,035320261007,1791341160,1791340860,7,4,14530,栗田雄矢,追,83.8,,,,,0.023718291390424882,0.006592035170171249,0.046811045772364474,0.07020366826739882,position_specialists,0.006592035170171249,False,,,B,0.095,0.3329999999999999,0.26,0.08,-0.2468684006057025,-0.06870539673028146,-0.22543464362964555,-0.07567775567685221,0.008689962108609277,,0,,,0,,cumulative_place,0.07090607118705287,0.12109371025657178,False,0.6592035170171249,4.6811045772364475,7.020366826739882,7,6,6,coverage_validated_cumulative_scores_uncalibrated,7.0,full_trifecta_market_proxy,0.0,0,0
2026-10-07,静岡,3,033820261007,1791341700,1791341400,1,3,15997,片岡遼真,逃,75.75,,,,,0.5845443284669398,0.5310773585806993,0.3947392874811435,0.29304673597234754,position_specialists,0.5310773585806992,False,,0.1493060506028525,B,0.713,0.7140000000000001,0.2,0.0,0.18057777098378228,0.32665674779684606,0.24689785988806762,-0.06294995500670575,0.010201635951022952,,0,,,0,,cumulative_place,0.22279481910480445,0.07633003262317026,False,53.10773585806993,39.47392874811435,29.304673597234753,1,1,1,coverage_validated_cumulative_scores_uncalibrated,1.0,full_trifecta_market_proxy,0.0,0,0
2026-10-07,静岡,3,033820261007,1791341700,1791341400,2,4,14392,北村篤,追,75.55,,,,,0.27588479502200636,0.3817713079778467,0.3848137376553405,0.275866247290368,position_specialists,0.38177130797784664,False,,,B,0.444,0.5920000000000001,0.23,0.15,0.14434719909850116,0.14296439768266836,0.20110353672329945,0.015387766779416953,0.005107559379677586,,0,,,0,,cumulative_place,0.48349251370158347,0.04368856466018177,False,38.17713079778467,38.48137376553405,27.586624729036803,2,2,2,coverage_validated_cumulative_scores_uncalibrated,2.0,full_trifecta_market_proxy,0.0,0,0
2026-10-07,静岡,3,033820261007,1791341700,1791341400,3,2,14382,伊藤翼,両,69.16,,,,,0.06959267449973768,0.05922783000472679,0.06369698701479394,0.07105976752060905,position_specialists,0.059227830004726784,False,,,B,0.3329999999999999,0.4,0.05,0.04,0.023578626147563998,0.1691126954470051,0.06994878411792456,0.13779045707023366,0.009303654679495753,,0,,,0,,cumulative_place,0.058356081182964384,0.08675056783026425,False,5.922783000472679,6.369698701479394,7.105976752060905,3,3,4,coverage_validated_cumulative_scores_uncalibrated,3.0,full_trifecta_market_proxy,0.0,0,0
2026-10-07,静岡,3,033820261007,1791341700,1791341400,4,7,13998,桂馬将人,両,69.94,,,,,0.022281233290444003,0.00906196315964536,0.04341255204599889,0.061622650650254435,position_specialists,0.009061963159645359,False,,,B,0.222,0.3329999999999999,0.22,0.04,-0.08108747040991493,-0.09534206775938117,-0.07169245810864579,-0.06294995500670575,0.005997222826108319,,0,,,0,,cumulative_place,0.062555422807723,0.10043013928757481,False,0.9061963159645361,4.341255204599889,6.162265065025443,4,4,7,coverage_validated_cumulative_scores_uncalibrated,4.0,full_trifecta_market_proxy,0.0,0,0
2026-10-07,静岡,3,033820261007,1791341700,1791341400,5,1,14432,相澤恵一,追,70.57,,,,,0.02086212698556697,0.008411593172350884,0.03807393557012299,0.06836889150961967,position_specialists,0.008411593172350882,False,,,B,0.095,0.3329999999999999,0.06,0.2,-0.10926680409846694,-0.17411409393430163,-0.14230812519579114,0.09862159617717234,0.006802358454107372,,0,,,0,,cumulative_place,0.053666120379841815,0.13293038477442798,False,0.8411593172350884,3.8073935570122988,6.836889150961967,5,6,6,coverage_validated_cumulative_scores_uncalibrated,5.0,full_trifecta_market_proxy,0.0,0,0
2026-10-07,静岡,3,033820261007,1791341700,1791341400,6,5,12092,高木隆弘,追,71.76,,,,,0.01667203547176136,0.007256526762496338,0.03652556963259758,0.06989616492768966,position_specialists,0.007256526762496337,False,,,B,0.152,0.384,0.09,0.09,-0.03680566032790458,-0.0583418914310173,-0.1519747987124273,-0.06294995500670575,0.0072526457187392455,,0,,,0,,cumulative_place,0.05451089477963584,0.14101214435639334,False,0.7256526762496338,3.652556963259758,6.989616492768966,6,7,5,coverage_validated_cumulative_scores_uncalibrated,6.0,full_trifecta_market_proxy,0.0,0,0
2026-10-07,静岡,3,033820261007,1791341700,1791341400,7,6,14496,天沼雅貴,追,68.51,,,,,0.010162806263543971,0.003193420342234767,0.03873793060000267,0.16013954212911163,position_specialists,0.0031934203422347668,False,,,B,0.073,0.222,0.04,0.08,-0.12134366139356062,-0.12149036552371784,-0.1519747987124273,-0.06294995500670575,0.006802358454107372,,0,,,0,,cumulative_place,0.06462414804344695,0.41885816646798757,False,0.31934203422347673,3.873793060000267,16.013954212911163,7,5,3,coverage_validated_cumulative_scores_uncalibrated,7.0,full_trifecta_market_proxy,0.0,0,0
2026-10-07,大宮,4,042520261007,1791342300,1791342000,1,2,13748,佐々木省司,追,91.87,,,,,0.28221157084096343,0.3717812491140888,0.2353030450053608,0.2181944865592198,position_specialists,0.32247969916382824,True,second_wheel+pace_conflict_consensus,0.07056781775693255,C,0.3329999999999999,0.5,0.25,0.1,-0.006276861138896209,0.12132005009823991,0.19244186324893967,-0.07402902333744717,0.013524386943870769,,0,,,0,,cumulative_place,0.1841777428030526,0.18620419487337797,False,37.17812491140888,23.530304500536083,21.81944865592198,1,1,1,coverage_validated_cumulative_scores_uncalibrated,1.0,full_trifecta_market_proxy,0.0,0,0
2026-10-07,大宮,4,042520261007,1791342300,1791342000,2,7,15618,高本和也,逃,89.8,,,,,0.26110290968956895,0.3012134313571562,0.22809341061763708,0.21593295177051744,position_specialists,0.3293027471725617,True,second_wheel+pace_conflict_consensus,,C,0.38,0.523,0.21,0.17,0.15948835525250926,0.13365996980994138,0.10619931073695237,0.052981555917976896,0.016494537009809913,,0,,,0,,cumulative_place,0.1921165687634755,0.1931948218002054,False,30.121343135715623,22.809341061763707,21.593295177051743,2,2,2,coverage_validated_cumulative_scores_uncalibrated,2.0,full_trifecta_market_proxy,0.0,0,0
2026-10-07,大宮,4,042520261007,1791342300,1791342000,3,1,14267,一ノ瀬匠,逃,86.34,,,,,0.19348462451577034,0.20351302938740867,0.14483938664201096,0.13387257859568782,position_specialists,0.22603008003872502,True,second_wheel+pace_conflict_consensus,,C,0.434,0.521,0.18,0.06,-0.04690011269181757,0.32855091417679705,0.13425195885614732,0.13934874981166523,0.017157628319383778,,0,,,0,,cumulative_place,0.0918212531002501,0.1133663863662866,False,20.35130293874087,14.483938664201096,13.387257859568782,3,4,4,coverage_validated_cumulative_scores_uncalibrated,3.0,full_trifecta_market_proxy,0.0,0,0
2026-10-07,大宮,4,042520261007,1791342300,1791342000,4,5,13817,吉川裕二,追,85.61,,,,,0.09727022275651445,0.054968681817192555,0.1621788174703758,0.14750384804874322,position_specialists,0.052640884808208326,True,second_wheel+pace_conflict_consensus,,C,0.222,0.3879999999999999,0.11,0.08,-0.011715906835890397,0.056356401975954686,-0.14696939172060314,0.0682228254286278,0.013928872964600969,,0,,,0,,cumulative_place,0.23292227958434952,0.120063981986578,False,5.496868181719256,16.21788174703758,14.750384804874322,4,3,3,coverage_validated_cumulative_scores_uncalibrated,5.0,full_trifecta_market_proxy,1.0,0,0
2026-10-07,大宮,4,042520261007,1791342300,1791342000,5,3,15185,布居大地,逃,85.13,,,,,0.07545772506038056,0.030380048075044536,0.09229290137988366,0.09961649313963787,position_specialists,0.03302329915628825,True,second_wheel+pace_conflict_consensus,,C,0.25,0.625,0.21,0.24,-0.03126268786696111,0.0037326735653708887,-0.1616905851650014,-0.038466061145928425,0.013335990809157386,,0,,,0,,cumulative_place,0.11064145234437558,0.1133104485549995,False,3.0380048075044535,9.229290137988366,9.961649313963788,5,5,6,coverage_validated_cumulative_scores_uncalibrated,4.0,full_trifecta_market_proxy,-1.0,0,0
2026-10-07,大宮,4,042520261007,1791342300,1791342000,6,4,13645,川木敬大,追,86.5,,,,,0.052139929059949915,0.02340656945683926,0.07480308196810295,0.10215073915097327,position_specialists,0.021867411859385937,True,second_wheel+pace_conflict_consensus,,C,0.208,0.583,0.24,0.24,-0.14229691737136857,-0.08981180629918709,-0.06211657797821743,-0.07402902333744717,0.016598402535413323,,0,,,0,,cumulative_place,0.09950350733101312,0.15328652203756465,False,2.340656945683926,7.480308196810295,10.215073915097326,6,6,5,coverage_validated_cumulative_scores_uncalibrated,6.0,full_trifecta_market_proxy,0.0,0,0
2026-10-07,大宮,4,042520261007,1791342300,1791342000,7,6,14410,桶谷明誉,追,83.52,,,,,0.03833301807685245,0.014736990792269923,0.06248935691662869,0.08272890273522061,position_specialists,0.014655877801002548,True,second_wheel+pace_conflict_consensus,,C,0.294,0.47,0.05,0.0,0.07896413065242455,-0.23806583286361407,-0.06211657797821743,-0.07402902333744717,0.014511223402042712,,0,,,0,,cumulative_place,0.08881719607348357,0.12057364438098776,False,1.4736990792269924,6.2489356916628696,8.272890273522062,7,7,7,coverage_validated_cumulative_scores_uncalibrated,7.0,full_trifecta_market_proxy,0.0,0,0
2026-10-07,奈良,4,045320261007,1791342900,1791342600,1,1,15899,加藤駿,逃,89.14,,,,,0.2535100596843769,0.3609862204871489,0.19882136151142807,0.1871288376630811,position_specialists,0.36098622048714896,False,,0.14692435669239648,B,0.57,0.5710000000000001,0.27,0.11,0.026671325323969715,0.2649712364571329,0.03797627767625082,0.18614725599732004,0.012421975103610282,,0,,,0,,cumulative_place,0.14421495969882303,0.16163974833648379,False,36.09862204871489,19.882136151142806,18.71288376630811,1,2,2,coverage_validated_cumulative_scores_uncalibrated,3.0,full_trifecta_market_proxy,2.0,3,0
2026-10-07,奈良,4,045320261007,1791342900,1791342600,2,7,15003,小笹隼人,両,91.0,,,,,0.24555089931806606,0.21406186379475242,0.2700055676720882,0.22425401102688447,position_specialists,0.21406186379475248,False,,,B,0.375,0.541,0.25,0.15,-0.2010264569265183,0.17428101786109573,0.04653676441980615,-0.0501165689223554,0.006561112484898017,,0,,,0,,cumulative_place,0.2944234362801631,0.12451801482232332,False,21.40618637947524,27.00055676720882,22.425401102688447,2,1,1,coverage_validated_cumulative_scores_uncalibrated,1.0,full_trifecta_market_proxy,-1.0,0,0
2026-10-07,奈良,4,045320261007,1791342900,1791342600,3,4,15665,福田要,両,89.47,,,,,0.17343118139073394,0.1706815345345911,0.17910976622655098,0.17182285120643978,position_specialists,0.17068153453459112,False,,,B,0.5,0.636,0.09,0.18,0.10554112602012344,-0.12197642046074354,0.13226890541721736,0.007159509846050768,0.0075236243129502625,,0,,,0,,cumulative_place,0.18477980584407785,0.15593775828108333,False,17.068153453459107,17.9109766226551,17.18228512064398,3,3,3,coverage_validated_cumulative_scores_uncalibrated,2.0,full_trifecta_market_proxy,-1.0,0,0
2026-10-07,奈良,4,045320261007,1791342900,1791342600,4,2,13924,阿久津修,追,88.14,,,,,0.18007802651563298,0.15527032312758646,0.15823701064639153,0.16467069211609683,position_specialists,0.15527032312758648,False,,,B,0.284,0.476,0.17,0.13,0.15548887387264443,0.05962986025579904,-0.09063533103690369,0.007159509846050768,0.008237955833210176,,0,,,0,,cumulative_place,0.13642886146025462,0.1786957806091492,False,15.527032312758646,15.823701064639154,16.467069211609683,4,4,4,coverage_validated_cumulative_scores_uncalibrated,4.0,full_trifecta_market_proxy,0.0,0,0
2026-10-07,奈良,4,045320261007,1791342900,1791342600,5,3,13589,佐竹和也,追,87.79,,,,,0.0770003940165025,0.06545218172869594,0.09748430057918404,0.13108798078043915,position_specialists,0.06545218172869595,False,,,B,0.375,0.541,0.3,0.18,0.12488725870091302,-0.026358507948173498,0.037962880459213144,-0.0501165689223554,0.010994115815432762,,0,,,0,,cumulative_place,0.11793738265687967,0.20434224285947614,False,6.5452181728695935,9.748430057918405,13.108798078043915,5,5,5,coverage_validated_cumulative_scores_uncalibrated,5.0,full_trifecta_market_proxy,0.0,0,0
2026-10-07,奈良,4,045320261007,1791342900,1791342600,6,6,15924,利川寛太,逃,80.66,,,,,0.05028356948888276,0.02538567002302479,0.06317723588504616,0.06190892818481219,position_specialists,0.025385670023024796,False,,,B,0.375,0.4579999999999999,0.23,0.07,-0.2188873196343123,0.2076456576544845,-0.07347416589868003,-0.0501165689223554,0.00962563234389668,,0,,,0,,cumulative_place,0.07605149970167592,0.059144083854864936,False,2.538567002302479,6.317723588504616,6.190892818481219,6,6,6,coverage_validated_cumulative_scores_uncalibrated,6.0,full_trifecta_market_proxy,0.0,0,0
2026-10-07,奈良,4,045320261007,1791342900,1791342600,7,5,12708,野木義規,追,82.16,,,,,0.020145869585804808,0.008162206304200266,0.033164757479311,0.059126699022246564,position_specialists,0.008162206304200267,False,,,B,0.3329999999999999,0.444,0.0,0.33,0.0073251926431801475,-0.24245047335609246,-0.09063533103690369,-0.0501165689223554,0.008776860440567929,,0,,,0,,cumulative_place,0.04616405435812578,0.11572237123661928,False,0.8162206304200266,3.3164757479311,5.912669902224656,7,7,7,coverage_validated_cumulative_scores_uncalibrated,7.0,full_trifecta_market_proxy,0.0,0,0
2026-10-07,静岡,4,043820261007,1791343500,1791343200,1,5,15967,田崎隼翔,逃,79.71,,,,,0.8280174338418831,0.8574699295532275,0.45923150525909634,0.32700646712101866,position_specialists,0.8574699295532274,False,,0.7996113424882543,S,0.809,0.904,0.14,0.09,0.22949511139880677,0.39828812096517086,0.2848247603737274,0.06017937259749013,0.010925377097293153,,0,,,0,,cumulative_place,0.08837932967473332,0.03581957415285294,False,85.74699295532275,45.923150525909634,32.70064671210187,1,1,1,coverage_validated_cumulative_scores_uncalibrated,1.0,full_trifecta_market_proxy,0.0,0,0
2026-10-07,静岡,4,043820261007,1791343500,1791343200,2,4,13549,堀勝政,追,74.07,,,,,0.06542673593763804,0.057858587064973106,0.3369240220265898,0.27696673327531257,position_specialists,0.0578585870649731,False,,,S,0.259,0.5920000000000001,0.17,0.19,-0.01765347010760055,0.06243453020952628,0.005537716091917708,-0.046806178686936754,0.0069788921720417545,,0,,,0,,cumulative_place,0.6099424628284482,0.1449283775438663,False,5.785858706497311,33.692402202658975,27.696673327531265,2,2,2,coverage_validated_cumulative_scores_uncalibrated,2.0,full_trifecta_market_proxy,0.0,0,0
2026-10-07,静岡,4,043820261007,1791343500,1791343200,3,2,14276,坂本敏也,両,70.9,,,,,0.0392037118784541,0.03617043841067718,0.06420881928996094,0.07766862468843949,position_specialists,0.03617043841067717,False,,,S,0.284,0.38,0.11,0.07,-0.06914275792143545,0.06313121815509148,-0.02177372556341381,0.17385152083719368,0.004766316755595186,,0,,,0,,cumulative_place,0.08935402621234574,0.10730990117532023,False,3.617043841067718,6.420881928996095,7.766862468843951,3,3,5,coverage_validated_cumulative_scores_uncalibrated,3.0,full_trifecta_market_proxy,0.0,0,0
2026-10-07,静岡,4,043820261007,1791343500,1791343200,4,7,13521,中野良,追,72.54,,,,,0.03307467865563278,0.029070243535414042,0.060759248561673015,0.08823829531018279,position_specialists,0.02907024353541404,False,,,S,0.2689999999999999,0.423,0.34,0.15,0.09562296308283613,0.0014969115167845974,0.005537716091917708,-0.046806178686936754,0.004951715272787909,,0,,,0,,cumulative_place,0.08859893056696852,0.14875284200344852,False,2.907024353541404,6.075924856167301,8.823829531018282,4,4,4,coverage_validated_cumulative_scores_uncalibrated,5.0,full_trifecta_market_proxy,1.0,0,0
2026-10-07,静岡,4,043820261007,1791343500,1791343200,5,6,15905,上野幸星,逃,67.79,,,,,0.01808562315307905,0.01030841761154259,0.03898122154378702,0.049625716850142665,position_specialists,0.010308417611542588,False,,,S,0.125,0.208,0.11,0.13,-0.06914275792143545,-0.028275209884021067,-0.046736410115763426,-0.046806178686936754,0.005981402216160879,,0,,,0,,cumulative_place,0.05999389454112887,0.07306709799185347,False,1.0308417611542589,3.8981221543787017,4.962571685014267,5,5,6,coverage_validated_cumulative_scores_uncalibrated,4.0,full_trifecta_market_proxy,-1.0,0,0
2026-10-07,静岡,4,043820261007,1791343500,1791343200,6,3,13261,柴田昌樹,追,69.59,,,,,0.010294241849924802,0.006845868941523915,0.01903771038760234,0.04468892548872227,position_specialists,0.006845868941523914,False,,,S,0.259,0.37,0.34,0.07,-0.04854704279590149,-0.01373749315640085,0.005537716091917708,-0.046806178686936754,0.007803057481039441,,0,,,0,,cumulative_place,0.027830167143780456,0.10117820869356657,False,0.6845868941523915,1.9037710387602338,4.468892548872228,6,7,7,coverage_validated_cumulative_scores_uncalibrated,7.0,full_trifecta_market_proxy,1.0,0,0
2026-10-07,静岡,4,043820261007,1791343500,1791343200,7,1,12885,田中智也,追,68.52,,,,,0.005897574683388153,0.0022765148826417655,0.020857472931290574,0.13580523726618146,position_specialists,0.002276514882641765,False,,,S,0.0,0.176,0.0,0.22,-0.12063204573527031,-0.11497197893206496,-0.2329277729703032,-0.046806178686936754,0.00824638635031983,,0,,,0,,cumulative_place,0.03590118903259484,0.38894399843909194,False,0.22765148826417655,2.0857472931290575,13.58052372661815,7,6,3,coverage_validated_cumulative_scores_uncalibrated,6.0,full_trifecta_market_proxy,-1.0,0,0
2026-10-07,大宮,5,052520261007,1791344100,1791343800,1,1,15365,古賀勝大,両,96.0,,,,,0.6323552154621871,0.6856645115925614,0.40254035051214476,0.2755101843540431,position_specialists,0.6856645115925614,False,,0.46346732318317296,S,0.7609999999999999,0.7609999999999999,0.1,0.05,0.23185480491451774,0.34749295065147745,0.20584050055839717,-0.08137614969090085,0.017623495564454084,,0,,,0,,cumulative_place,0.16849860393619068,0.06839939686275846,False,68.56645115925613,40.25403505121447,27.551018435404306,1,1,1,coverage_validated_cumulative_scores_uncalibrated,1.0,full_trifecta_market_proxy,0.0,0,0
2026-10-07,大宮,5,052520261007,1791344100,1791343800,2,3,15285,久樹克門,逃,92.33,,,,,0.20445322022198317,0.22219718840938837,0.17319324015534068,0.16732797150350245,position_specialists,0.22219718840938837,False,,,S,0.416,0.583,0.25,0.06,0.044369182272238974,0.16978867424859342,0.03770376441548525,0.09280916245739103,0.015693340486236124,,0,,,0,,cumulative_place,0.1413583093108241,0.1577652003439475,False,22.21971884093884,17.319324015534068,16.73279715035024,2,2,2,coverage_validated_cumulative_scores_uncalibrated,2.0,full_trifecta_market_proxy,0.0,0,0
2026-10-07,大宮,5,052520261007,1791344100,1791343800,3,5,15507,上遠野拓馬,逃,87.45,,,,,0.047954491870620765,0.03411677023680484,0.10349638542557556,0.13268594867833727,position_specialists,0.03411677023680484,False,,,S,0.416,0.541,0.09,0.07,-0.039347598729477615,-0.08689528055557245,0.17448798653114175,-0.015468193742898496,0.015358394043314426,,0,,,0,,cumulative_place,0.1600598360908018,0.1802767974872883,False,3.411677023680484,10.349638542557555,13.268594867833723,3,5,5,coverage_validated_cumulative_scores_uncalibrated,5.0,full_trifecta_market_proxy,2.0,3,0
2026-10-07,大宮,5,052520261007,1791344100,1791343800,4,4,13332,吉村和之,追,88.5,,,,,0.04462314577863389,0.028242423412634582,0.12917077346329606,0.13470415167373676,position_specialists,0.028242423412634582,False,,,S,0.0,0.4,0.23,0.16,0.042934248919625245,0.0940704252570943,-0.1993159477374169,0.11634771815310617,0.014488233786530098,,0,,,0,,cumulative_place,0.21527344770272486,0.1437258065555004,False,2.8242423412634583,12.917077346329606,13.470415167373671,4,3,4,coverage_validated_cumulative_scores_uncalibrated,3.0,full_trifecta_market_proxy,-1.0,0,0
2026-10-07,大宮,5,052520261007,1791344100,1791343800,5,2,12886,中井達郎,追,89.07,,,,,0.04672434353204247,0.01735727207560992,0.12020942082256104,0.1459016695787242,position_specialists,0.01735727207560992,False,,,S,0.142,0.285,0.1,0.15,-0.2728251012508892,-0.01452663254466821,-0.1519120053068365,-0.08137614969090085,0.014575198710923528,,0,,,0,,cumulative_place,0.1950460761454472,0.18779047468103532,False,1.7357272075609922,12.020942082256104,14.590166957872416,5,4,3,coverage_validated_cumulative_scores_uncalibrated,4.0,full_trifecta_market_proxy,-1.0,0,0
2026-10-07,大宮,5,052520261007,1791344100,1791343800,6,7,14528,落合達彦,追,87.0,,,,,0.013865432176449803,0.008156069741771833,0.03961957030604613,0.08932565379823289,position_specialists,0.008156069741771833,False,,,S,0.423,0.5760000000000001,0.0,1.0,-0.03889395847710414,-0.1270374056381699,0.061405735630775456,0.05043976220510384,0.013765169766706484,,0,,,0,,cumulative_place,0.06584739273484935,0.17036676715363547,False,0.8156069741771833,3.9619570306046135,8.932565379823288,6,6,6,coverage_validated_cumulative_scores_uncalibrated,6.0,full_trifecta_market_proxy,0.0,0,0
2026-10-07,大宮,5,052520261007,1791344100,1791343800,7,6,12989,森岡正臣,追,84.38,,,,,0.01002415095808281,0.004265764531229102,0.03177025931503578,0.05454442041342339,position_specialists,0.004265764531229102,False,,,S,0.142,0.38,0.28,0.12,0.03190842235108885,-0.01452663254466821,-0.12821003409154624,-0.08137614969090085,0.017226433450276784,,0,,,0,,cumulative_place,0.05391633407916207,0.09167555691583448,False,0.42657645312291026,3.177025931503578,5.454442041342338,7,7,7,coverage_validated_cumulative_scores_uncalibrated,7.0,full_trifecta_market_proxy,0.0,0,0
2026-10-07,奈良,5,055320261007,1791344700,1791344400,1,7,13800,中村一将,両,97.73,,,,,0.19226700646931838,0.3486508954838607,0.19142933918478686,0.17092372378898046,position_specialists,0.3486508954838607,False,,0.06820592019720112,C,0.23,0.346,0.25,0.16,0.07085789370739223,0.24426650514800588,0.2479900593203379,0.19595917942265428,0.008855229134756632,,0,,,0,,cumulative_place,0.19076237504346455,0.11448384252576034,False,34.86508954838607,19.142933918478686,17.092372378898048,1,3,3,coverage_validated_cumulative_scores_uncalibrated,3.0,full_trifecta_market_proxy,2.0,3,0
2026-10-07,奈良,5,055320261007,1791344700,1791344400,2,2,14394,不破将登,両,99.07,,,,,0.27569159383400377,0.28044497528665957,0.19507799059024497,0.18186257164067507,position_specialists,0.28044497528665957,False,,,C,0.25,0.357,0.16,0.11,0.16676315191627833,-0.22099783132436585,0.22750873372175034,-0.032659863237109045,0.009611906659674051,,0,,,0,,cumulative_place,0.13089214537552796,0.14548830722771947,False,28.044497528665957,19.507799059024496,18.186257164067506,2,2,2,coverage_validated_cumulative_scores_uncalibrated,2.0,full_trifecta_market_proxy,0.0,0,0
2026-10-07,奈良,5,055320261007,1791344700,1791344400,3,3,14882,山本直,両,99.14,,,,,0.2792044063030889,0.22121766993655223,0.21682627097312746,0.20368384619147464,position_specialists,0.22121766993655223,False,,,C,0.284,0.285,0.18,0.05,0.10958769380625168,0.020939623641267467,-0.08491326235689167,-0.032659863237109045,0.008102207800064555,,0,,,0,,cumulative_place,0.16715979809552967,0.16751049172882418,False,22.12176699365522,21.682627097312746,20.368384619147463,3,1,1,coverage_validated_cumulative_scores_uncalibrated,1.0,full_trifecta_market_proxy,-2.0,0,3
2026-10-07,奈良,5,055320261007,1791344700,1791344400,4,4,13306,齋藤登志信,追,97.61,,,,,0.06734301152007416,0.06468915694208957,0.09656875385933478,0.11179000362165957,position_specialists,0.06468915694208957,False,,,C,0.192,0.2689999999999999,0.0,0.0,0.023711501925363823,0.18111803105530536,0.06788418141599808,-0.032659863237109045,0.007087486468819062,,0,,,0,,cumulative_place,0.11983875915113043,0.1536851388166325,False,6.468915694208957,9.656875385933478,11.179000362165956,4,5,5,coverage_validated_cumulative_scores_uncalibrated,5.0,full_trifecta_market_proxy,1.0,0,0
2026-10-07,奈良,5,055320261007,1791344700,1791344400,5,1,14478,内山貴裕,追,94.52,,,,,0.10984080897041144,0.057139431334489954,0.1481332005306623,0.1619670164678852,position_specialists,0.057139431334489954,False,,,C,0.0579999999999999,0.1169999999999999,0.25,0.13,-0.05184550968216646,0.11078449896964099,-0.1358457436145216,-0.032659863237109045,0.006936494825986234,,0,,,0,,cumulative_place,0.17862221750408344,0.20004336354858665,False,5.713943133448995,14.813320053066231,16.19670164678852,5,4,4,coverage_validated_cumulative_scores_uncalibrated,4.0,full_trifecta_market_proxy,-1.0,0,0
2026-10-07,奈良,5,055320261007,1791344700,1791344400,6,6,12478,加倉正義,追,93.0,,,,,0.03806062602834994,0.01532342814470109,0.09051437427817184,0.09615363525938138,position_specialists,0.01532342814470109,False,,,C,0.0,0.156,0.16,0.05,-0.05103927235975192,0.017731631675166646,-0.18677822487215154,-0.032659863237109045,0.00870214824036647,,0,,,0,,cumulative_place,0.132278890819063,0.11167519918459119,False,1.532342814470109,9.051437427817184,9.615363525938138,6,6,6,coverage_validated_cumulative_scores_uncalibrated,6.0,full_trifecta_market_proxy,0.0,0,0
2026-10-07,奈良,5,055320261007,1791344700,1791344400,7,5,13722,宝満大作,追,93.26,,,,,0.03759254687475337,0.012534442871646824,0.06145007058367175,0.07361920302994374,position_specialists,0.012534442871646824,False,,,C,0.038,0.115,0.18,0.13,-0.2680354593133674,-0.03810008870151796,-0.1358457436145216,-0.032659863237109045,0.010208190909750624,,0,,,0,,cumulative_place,0.08044581401120093,0.1071136569678856,False,1.2534442871646825,6.145007058367176,7.361920302994374,7,7,7,coverage_validated_cumulative_scores_uncalibrated,7.0,full_trifecta_market_proxy,0.0,0,0
2026-10-07,静岡,5,053820261007,1791345300,1791345000,1,1,15986,鈴木那樹,逃,79.55,,,,,0.8724413065856534,0.8865716201087788,0.4639507331899981,0.33630846115871255,position_specialists,0.8865716201087787,False,,0.8297733405808051,S,0.809,0.809,0.2,0.0,0.24572676339531704,0.4067575344554178,0.09928930283232804,0.18961954010664772,0.015623244931771788,,0,,,0,,cumulative_place,0.07004655807305184,0.025240384763205677,False,88.65716201087788,46.395073318999806,33.63084611587126,1,1,1,coverage_validated_cumulative_scores_uncalibrated,1.0,full_trifecta_market_proxy,0.0,0,0
2026-10-07,静岡,5,053820261007,1791345300,1791345000,2,4,12878,安藤宜明,追,73.6,,,,,0.04878187849214216,0.05679827952797361,0.3531564643269353,0.2742612903807133,position_specialists,0.0567982795279736,False,,,S,0.35,0.6,0.19,0.22,0.01859767774489516,-0.014704221825685483,0.187275339993571,-0.017330818181790386,0.007548947818652513,,0,,,0,,cumulative_place,0.6466624298702065,0.081991365960025,False,5.6798279527973605,35.31564643269353,27.426129038071327,2,2,2,coverage_validated_cumulative_scores_uncalibrated,2.0,full_trifecta_market_proxy,0.0,0,0
2026-10-07,静岡,5,053820261007,1791345300,1791345000,3,7,14179,肥後公允,両,71.21,,,,,0.03463330450386107,0.027274128632721186,0.08254303641322264,0.10349204064131101,position_specialists,0.027274128632721183,False,,,S,0.214,0.357,0.0,0.33,0.043526479828478064,0.03802437969521676,-0.05747926775225663,-0.0458756951870922,0.007550784289871261,,0,,,0,,cumulative_place,0.12874200563534033,0.1545453973696804,False,2.7274128632721184,8.254303641322263,10.3492040641311,3,3,4,coverage_validated_cumulative_scores_uncalibrated,3.0,full_trifecta_market_proxy,0.0,0,0
2026-10-07,静岡,5,053820261007,1791345300,1791345000,4,3,12529,木本賢二,追,70.55,,,,,0.013784804218583049,0.011136997490765172,0.030470249345883316,0.055723840573124274,position_specialists,0.01113699749076517,False,,,S,0.185,0.3329999999999999,0.16,0.08,-0.05618872850585351,0.030446776716379964,0.06135401624226625,-0.0458756951870922,0.00776620453693199,,0,,,0,,cumulative_place,0.0465598899089284,0.1172676059740634,False,1.1136997490765173,3.0470249345883316,5.572384057312427,4,4,5,coverage_validated_cumulative_scores_uncalibrated,5.0,full_trifecta_market_proxy,1.0,0,0
2026-10-07,静岡,5,053820261007,1791345300,1791345000,5,5,14810,小川辰徳,両,69.28,,,,,0.014486087949448567,0.008130722535871902,0.02449530335597541,0.043696140719482725,position_specialists,0.0081307225358719,False,,,S,0.214,0.285,0.11,0.03,-0.08111753058943641,-0.052277617388914115,-0.09834411442217927,-0.0458756951870922,0.00629406134428554,,0,,,0,,cumulative_place,0.03414710928506106,0.09048916194042472,False,0.8130722535871903,2.4495303355975406,4.369614071948273,5,6,7,coverage_validated_cumulative_scores_uncalibrated,6.0,full_trifecta_market_proxy,1.0,0,0
2026-10-07,静岡,5,053820261007,1791345300,1791345000,6,2,13402,沼川夢久,追,70.9,,,,,0.00927853537928345,0.006928100747573734,0.02045760345509675,0.05210701951874865,position_specialists,0.006928100747573733,False,,,S,0.142,0.285,0.11,0.05,-0.05618872850585351,0.05302227598741269,-0.06456730750903847,0.01121405882351142,0.00847926098075652,,0,,,0,,cumulative_place,0.031237488906001153,0.12923760343336418,False,0.6928100747573734,2.045760345509675,5.210701951874865,6,7,6,coverage_validated_cumulative_scores_uncalibrated,7.0,full_trifecta_market_proxy,1.0,0,0
2026-10-07,静岡,5,053820261007,1791345300,1791345000,7,6,14381,吉澤賢,追,68.71,,,,,0.006594082871028167,0.0031601509563157016,0.024926609912888482,0.13441120700790754,position_specialists,0.003160150956315701,False,,,S,0.133,0.266,0.05,0.19,-0.11435593336754694,-0.09290302876574115,-0.12752796938469083,-0.0458756951870922,0.00801502263531389,,0,,,0,,cumulative_place,0.04260451832141064,0.4012284805592366,False,0.31601509563157015,2.492660991288848,13.441120700790755,7,5,3,coverage_validated_cumulative_scores_uncalibrated,4.0,full_trifecta_market_proxy,-3.0,0,5
2026-10-07,大宮,6,062520261007,1791345900,1791345600,1,3,15311,柳原真緒,両,58.08,,,,,0.7994305204531724,0.7789099290998915,0.4820716176415386,0.3280906354800921,position_specialists,0.7789099290998913,False,,0.5935535827814667,S,0.769,0.769,0.0,0.0,0.19357015925565385,-0.03157423704635027,0.34617019055420695,0.19561022235318015,0.01721536436621126,,0,,,0,,cumulative_place,0.09426797211993619,0.03847271434614926,False,77.89099290998915,48.207161764153845,32.809063548009206,1,1,1,coverage_validated_cumulative_scores_uncalibrated,1.0,full_trifecta_market_proxy,0.0,0,0
2026-10-07,大宮,6,062520261007,1791345900,1791345600,2,5,15492,永禮美瑠,両,54.04,,,,,0.14119529842191017,0.18535634631842463,0.23996400491050454,0.24797149183038902,position_specialists,0.1853563463184246,False,,,S,0.475,0.7609999999999999,0.0,0.0,0.1850642919177097,-0.03157423704635027,0.17344155258367772,-0.03490687469602205,0.008483798598411266,,0,,,0,,cumulative_place,0.3606565838814636,0.2630325187357287,False,18.535634631842463,23.99640049105045,24.797149183038904,2,2,2,coverage_validated_cumulative_scores_uncalibrated,2.0,full_trifecta_market_proxy,0.0,0,0
2026-10-07,大宮,6,062520261007,1791345900,1791345600,3,7,14902,中村由香里,追,51.16,,,,,0.016988262859333147,0.01112447813050592,0.07042834930469868,0.11719130086514454,position_specialists,0.011124478130505919,False,,,S,0.142,0.285,0.0,0.0,0.0007317237615754176,-0.03157423704635027,-0.11108280076542525,-0.03490687469602205,0.008389363388251025,,0,,,0,,cumulative_place,0.1357306305922133,0.205146245864934,False,1.1124478130505921,7.0428349304698665,11.719130086514454,3,4,4,coverage_validated_cumulative_scores_uncalibrated,3.0,full_trifecta_market_proxy,0.0,0,0
2026-10-07,大宮,6,062520261007,1791345900,1791345600,4,2,15944,赤池七虹,両,49.83,,,,,0.013525830334790963,0.008855714255497214,0.09668258157521341,0.1429420150133421,position_specialists,0.008855714255497213,False,,,S,0.0409999999999999,0.291,0.0,0.0,0.005884699973039129,-0.03157423704635027,-0.07737476190140988,-0.03490687469602205,0.010934084302235298,,0,,,0,,cumulative_place,0.19829779071245235,0.22994990882673336,False,0.8855714255497215,9.66825815752134,14.29420150133421,4,3,3,coverage_validated_cumulative_scores_uncalibrated,4.0,full_trifecta_market_proxy,0.0,0,0
2026-10-07,大宮,6,062520261007,1791345900,1791345600,5,4,15151,山本知佳,両,49.75,,,,,0.01387457641061534,0.008292929231389128,0.057656463999320735,0.08542170441417107,position_specialists,0.008292929231389126,False,,,S,0.0,0.083,0.0,0.0,0.01265230198687145,-0.03157423704635027,-0.14269661780421444,-0.03490687469602205,0.00934569730605937,,0,,,0,,cumulative_place,0.11115669816415395,0.137644460080854,False,0.8292929231389128,5.765646399932073,8.542170441417108,5,5,5,coverage_validated_cumulative_scores_uncalibrated,5.0,full_trifecta_market_proxy,0.0,0,0
2026-10-07,大宮,6,062520261007,1791345900,1791345600,6,6,15864,田野口佳奈,両,49.14,,,,,0.008774565000236104,0.004976964984225849,0.04184272650862451,0.06256359194872999,position_specialists,0.004976964984225848,False,,,S,0.095,0.285,0.0,0.0,-0.16652728995779914,-0.03157423704635027,-0.045760944862620646,-0.02107584887306992,0.010558355365731228,,0,,,0,,cumulative_place,0.08225108899676219,0.10153680726805701,False,0.4976964984225849,4.18427265086245,6.256359194872998,6,6,6,coverage_validated_cumulative_scores_uncalibrated,6.0,full_trifecta_market_proxy,0.0,0,0
2026-10-07,大宮,6,062520261007,1791345900,1791345600,7,1,14908,藤原亜衣里,追,46.0,,,,,0.006210946519941936,0.0024836379800658023,0.011354256060099568,0.015819260448131256,position_specialists,0.002483637980065802,False,,,S,0.0,0.0,0.0,0.0,-0.23137588693705063,-0.03157423704635027,-0.14269661780421444,-0.03490687469602205,0.010934084302235298,,0,,,0,,cumulative_place,0.017639235533018414,0.02421734487754364,False,0.24836379800658023,1.1354256060099566,1.5819260448131256,7,7,7,coverage_validated_cumulative_scores_uncalibrated,7.0,full_trifecta_market_proxy,0.0,0,0
2026-10-07,奈良,6,065320261007,1791346500,1791346200,1,4,15653,坂田康季,逃,103.23,,,,,0.48814001922960937,0.5702258166513209,0.3239706383783256,0.2600156249309751,position_specialists,0.5702258166513208,False,,0.3398364366925203,A,0.423,0.615,0.15,0.15,-0.09245410880507665,0.10198913110107291,0.38620475709816693,0.15798627465864262,0.01076864997659224,,0,,,0,,cumulative_place,0.17789205404240066,0.12225060019994627,False,57.02258166513209,32.39706383783256,26.00156249309751,1,1,1,coverage_validated_cumulative_scores_uncalibrated,1.0,full_trifecta_market_proxy,0.0,0,0
2026-10-07,奈良,6,065320261007,1791346500,1791346200,2,2,15646,塩崎隼秀,両,97.53,,,,,0.17138063566718031,0.2303893799588005,0.11138398071721861,0.11631574191215231,position_specialists,0.23038937995880046,False,,,A,0.275,0.31,0.19,0.11,0.2318937549297998,0.34844126029260214,0.14255837962832668,0.04464829501222509,0.013238426128125638,,0,,,0,,cumulative_place,0.05799871255981092,0.1269392124794268,False,23.038937995880048,11.138398071721861,11.63157419121523,2,3,4,coverage_validated_cumulative_scores_uncalibrated,2.0,full_trifecta_market_proxy,0.0,0,0
2026-10-07,奈良,6,065320261007,1791346500,1791346200,3,1,13744,菅原晃,追,99.1,,,,,0.19614280242485163,0.13053131972891835,0.32253511378391103,0.25901756552880134,position_specialists,0.13053131972891832,False,,,A,0.205,0.31,0.2,0.1,0.11700403137957907,0.02190786687006404,-0.020691532651493646,-0.06868968463419245,0.010886585409970671,,0,,,0,,cumulative_place,0.4349995076832956,0.12219488135529022,False,13.053131972891835,32.2535113783911,25.901756552880133,3,2,2,coverage_validated_cumulative_scores_uncalibrated,3.0,full_trifecta_market_proxy,0.0,0,0
2026-10-07,奈良,6,065320261007,1791346500,1791346200,4,5,14330,坂田章,追,98.61,,,,,0.057317908521234945,0.030890006664347373,0.07825321307201263,0.09000850931367399,position_specialists,0.03089000666434737,False,,,A,0.152,0.23,0.24,0.2,-0.13752445229374552,0.17357071560331278,-0.09801980055495281,-0.04121381078051547,0.009808440837794804,,0,,,0,,cumulative_place,0.09688153240635541,0.1153305066076975,False,3.089000666434737,7.825321307201263,9.000850931367399,4,5,5,coverage_validated_cumulative_scores_uncalibrated,4.0,full_trifecta_market_proxy,0.0,0,0
2026-10-07,奈良,6,065320261007,1791346500,1791346200,5,3,15041,伊藤慶太郎,両,97.52,,,,,0.04774266014021187,0.022382624241349045,0.10079854499069929,0.16581612734462428,position_specialists,0.02238262424134904,False,,,A,0.315,0.315,0.5,0.0,-0.11028819527901892,-0.11707203158926087,-0.020691532651493646,0.04464829501222509,0.010520294134951057,,0,,,0,,cumulative_place,0.14800788761878564,0.30587002395296353,False,2.2382624241349047,10.07985449906993,16.58161273446243,5,4,3,coverage_validated_cumulative_scores_uncalibrated,5.0,full_trifecta_market_proxy,0.0,0,0
2026-10-07,奈良,6,065320261007,1791346500,1791346200,6,7,13115,望月永悟,追,98.39,,,,,0.03369678838426755,0.014100955721122835,0.04564224724006357,0.06980276149844467,position_specialists,0.014100955721122833,False,,,A,0.083,0.5,0.0,0.25,0.10165716534748051,-0.16969575999984465,-0.17534806845841197,-0.06868968463419245,0.011291154668091975,,0,,,0,,cumulative_place,0.05627136522692156,0.12184674780860832,False,1.4100955721122834,4.564224724006357,6.9802761498444665,6,6,6,coverage_validated_cumulative_scores_uncalibrated,6.0,full_trifecta_market_proxy,0.0,0,0
2026-10-07,奈良,6,065320261007,1791346500,1791346200,7,6,14307,谷田泰平,追,94.43,,,,,0.005579185632644466,0.0014798970341411072,0.017416261817769268,0.03902366947132833,position_specialists,0.001479897034141107,False,,,A,0.043,0.086,0.05,0.07,-0.11028819527901892,-0.11707203158926087,-0.21401220241014154,-0.06868968463419245,0.009741189323811489,,0,,,0,,cumulative_place,0.027948940462430193,0.08556802759606737,False,0.14798970341411072,1.7416261817769267,3.902366947132833,7,7,7,coverage_validated_cumulative_scores_uncalibrated,7.0,full_trifecta_market_proxy,0.0,0,0
2026-10-07,静岡,6,063820261007,1791347100,1791346800,1,3,15796,川田真也,逃,86.52,,,,,0.38902893584130377,0.4824316577590562,0.24644147015747417,0.20448583308987425,position_specialists,0.48243165775905633,False,,0.23899289425614903,A,0.428,0.428,0.29,0.09,0.10961705560612901,0.1578330062350485,0.1608935114498965,0.1264911064067352,0.012474195063101443,,0,,,0,,cumulative_place,0.0862907547021348,0.13200923299361628,False,48.243165775905624,24.644147015747418,20.448583308987427,1,1,2,coverage_validated_cumulative_scores_uncalibrated,1.0,full_trifecta_market_proxy,0.0,0,0
2026-10-07,静岡,6,063820261007,1791347100,1791346800,2,7,14314,中川繁樹,逃,86.78,,,,,0.22486440373169217,0.24343876350290725,0.2167760827464349,0.20647032950129998,position_specialists,0.2434387635029073,False,,,A,0.4,0.55,0.18,0.09,0.15740857465932018,0.11250934550064406,0.014693138590545468,0.1264911064067352,0.008083904907325608,,0,,,0,,cumulative_place,0.2076914806293479,0.18866757380878385,False,24.343876350290724,21.67760827464349,20.647032950129997,2,2,1,coverage_validated_cumulative_scores_uncalibrated,2.0,full_trifecta_market_proxy,0.0,0,0
2026-10-07,静岡,6,063820261007,1791347100,1791346800,3,2,14078,植草亮介,追,85.38,,,,,0.1518106894099746,0.13031999412991865,0.131463671493375,0.14527502734897166,position_specialists,0.13031999412991868,False,,,A,0.3329999999999999,0.444,0.22,0.07,-0.009861742026849162,0.16513307391122786,0.13166492103109165,-0.05059644256269407,0.009058636412101712,,0,,,0,,cumulative_place,0.10861040412447767,0.16913356424880124,False,13.031999412991865,13.1463671493375,14.527502734897165,3,4,4,coverage_validated_cumulative_scores_uncalibrated,5.0,full_trifecta_market_proxy,2.0,3,0
2026-10-07,静岡,6,063820261007,1791347100,1791346800,4,1,14400,志水祐彦,追,86.64,,,,,0.11030751593776468,0.08783370980961672,0.1743143199393933,0.1817007108318498,position_specialists,0.08783370980961673,False,,,A,0.2769999999999999,0.3879999999999999,0.25,0.08,0.0591704521610939,0.07448575244241883,0.045025536345353015,-0.05059644256269407,0.009500387288556672,,0,,,0,,cumulative_place,0.2462051793898324,0.1944603907290864,False,8.783370980961672,17.43143199393933,18.17007108318498,4,3,3,coverage_validated_cumulative_scores_uncalibrated,3.0,full_trifecta_market_proxy,-1.0,0,0
2026-10-07,静岡,6,063820261007,1791347100,1791346800,5,5,12417,須藤直道,追,82.24,,,,,0.07047410564660718,0.03779336478695255,0.12210799129641849,0.12688340421242036,position_specialists,0.037793364786952555,False,,,A,0.1369999999999999,0.31,0.09,0.05,-0.009861742026849162,0.09714758280962109,-0.04161384834038563,-0.05059644256269407,0.008807351056585505,,0,,,0,,cumulative_place,0.18010189482011543,0.13513272936627083,False,3.779336478695255,12.210799129641849,12.688340421242037,5,5,5,coverage_validated_cumulative_scores_uncalibrated,4.0,full_trifecta_market_proxy,-1.0,0,0
2026-10-07,静岡,6,063820261007,1791347100,1791346800,6,6,15892,山本和瑳,逃,79.33,,,,,0.041020277869773525,0.015394600401893006,0.07435841588399353,0.0747055177503637,position_specialists,0.01539460040189301,False,,,A,0.19,0.238,0.15,0.13,-0.1771320587130183,0.11250934550064406,-0.09577064136463813,-0.05059644256269407,0.009276311293174572,,0,,,0,,cumulative_place,0.11180298809320191,0.07530512163961087,False,1.5394600401893006,7.435841588399353,7.47055177503637,6,6,6,coverage_validated_cumulative_scores_uncalibrated,6.0,full_trifecta_market_proxy,0.0,0,0
2026-10-07,静岡,6,063820261007,1791347100,1791346800,7,4,14456,亀井久幸,追,80.91,,,,,0.012494071562884155,0.002787909609655512,0.034538048482910665,0.06047917726522027,position_specialists,0.0027879096096555126,False,,,A,0.083,0.291,0.0,0.27,-0.12934053965982725,-0.3512520075255177,-0.2148926177118629,-0.05059644256269407,0.009853647784146699,,0,,,0,,cumulative_place,0.05929729824088992,0.1052913872138305,False,0.2787909609655512,3.4538048482910666,6.047917726522027,7,7,7,coverage_validated_cumulative_scores_uncalibrated,7.0,full_trifecta_market_proxy,0.0,0,0
2026-10-07,大宮,7,072520261007,1791347700,1791347400,1,5,15218,太田りゆ,逃,58.71,,,,,0.7422996575553393,0.6604514242979495,0.4684783575850703,0.31616646579124236,position_specialists,0.6604514242979493,False,,0.3476557202903085,A,0.857,0.952,0.0,0.0,0.2607196925138881,-0.03157423704635027,0.3330319112733288,0.18368109006807395,0.021658594863351394,,0,,,0,,cumulative_place,0.18060919953191767,0.006927915031994335,False,66.04514242979495,46.84783575850703,31.616646579124236,1,1,1,coverage_validated_cumulative_scores_uncalibrated,1.0,full_trifecta_market_proxy,0.0,0,0
2026-10-07,大宮,7,072520261007,1791347700,1791347400,2,4,15392,加藤舞,逃,54.8,,,,,0.21053350577457247,0.3127957040076409,0.26785830877988304,0.250990351761042,position_specialists,0.31279570400764084,False,,,A,0.6,0.72,0.0,0.0,0.1479962479746769,-0.03157423704635027,0.2637475612026262,0.01418253237813754,0.012863989095333029,,0,,,0,,cumulative_place,0.3281240469766315,0.21674336998343757,False,31.27957040076409,26.785830877988303,25.099035176104202,2,2,2,coverage_validated_cumulative_scores_uncalibrated,2.0,full_trifecta_market_proxy,0.0,0,0
2026-10-07,大宮,7,072520261007,1791347700,1791347400,3,6,15399,高木佑真,両,50.3,,,,,0.01976442911927621,0.013055993884142145,0.10305911922889752,0.1497355525196483,position_specialists,0.013055993884142143,False,,,A,0.166,0.266,0.0,0.0,0.028044076932449428,-0.03157423704635027,-0.07183836645890754,0.0020754925431420834,0.012917428172200046,,0,,,0,,cumulative_place,0.19062707802084838,0.24450262825777133,False,1.3055993884142145,10.305911922889752,14.973555251964829,3,3,3,coverage_validated_cumulative_scores_uncalibrated,3.0,full_trifecta_market_proxy,0.0,0,0
2026-10-07,大宮,7,072520261007,1791347700,1791347400,4,7,15402,鈴木樹里,両,50.2,,,,,0.010652992641805565,0.005761969776682978,0.058431426897484436,0.09885979183493958,position_specialists,0.005761969776682977,False,,,A,0.125,0.375,0.0,0.0,-0.019620829079615522,-0.03157423704635027,-0.1330086339973524,-0.05845970663183521,0.013683322107762033,,0,,,0,,cumulative_place,0.10866103885160762,0.18094142601060575,False,0.5761969776682978,5.8431426897484435,9.885979183493959,4,4,5,coverage_validated_cumulative_scores_uncalibrated,4.0,full_trifecta_market_proxy,0.0,0,0
2026-10-07,大宮,7,072520261007,1791347700,1791347400,5,1,15498,國村美留莉,追,48.83,,,,,0.007663924758068733,0.0038780546835613726,0.052424914425917964,0.09929199271146395,position_specialists,0.003878054683561372,False,,,A,0.111,0.166,0.0,0.0,-0.08174318809771304,-0.03157423704635027,-0.12557498650502505,-0.024559995093847924,0.013235071740398894,,0,,,0,,cumulative_place,0.09948227778920882,0.19444613462810822,False,0.3878054683561373,5.242491442591796,9.929199271146395,5,5,4,coverage_validated_cumulative_scores_uncalibrated,6.0,full_trifecta_market_proxy,1.0,0,0
2026-10-07,大宮,7,072520261007,1791347700,1791347400,6,3,15677,浜地晴帆,両,48.12,,,,,0.005722463513717733,0.00280658042294655,0.03370526031205683,0.054057185075257766,position_specialists,0.0028065804229465497,False,,,A,0.166,0.208,0.0,0.0,-0.13663682061279428,-0.03157423704635027,-0.06440471896658019,-0.05845970663183521,0.014255266690147126,,0,,,0,,cumulative_place,0.06312365893621415,0.09537766008749539,False,0.280658042294655,3.3705260312056833,5.405718507525776,6,6,6,coverage_validated_cumulative_scores_uncalibrated,5.0,full_trifecta_market_proxy,-1.0,0,0
2026-10-07,大宮,7,072520261007,1791347700,1791347400,7,2,15774,金田舞夏,両,47.7,,,,,0.003363026637219929,0.0012502729270767376,0.01604261277068999,0.030898660306406055,position_specialists,0.0012502729270767374,False,,,A,0.0,0.083,0.0,0.0,-0.19875917963089174,-0.03157423704635027,-0.20195276654808986,-0.05845970663183521,0.014703517057510267,,0,,,0,,cumulative_place,0.029372699893571847,0.06106086600058744,False,0.12502729270767377,1.6042612770689988,3.0898660306406054,7,7,7,coverage_validated_cumulative_scores_uncalibrated,7.0,full_trifecta_market_proxy,0.0,0,0
2026-10-07,奈良,7,075320261007,1791348300,1791348000,1,4,14141,中川貴徳,追,101.8,,,,,0.29299832511373786,0.5356707406886215,0.24776726110919334,0.21324134107596288,position_specialists,0.5356707406886216,False,,0.3162334515712102,A,0.38,0.476,0.18,0.06,0.23388720312273603,0.33188665903561754,0.1764172342772897,0.06166437320788687,0.008414708091408468,,0,,,0,,cumulative_place,0.2077608831305447,0.12795836398598623,False,53.567074068862155,24.776726110919334,21.324134107596286,1,2,2,coverage_validated_cumulative_scores_uncalibrated,2.0,full_trifecta_market_proxy,1.0,0,0
2026-10-07,奈良,7,075320261007,1791348300,1791348000,2,2,14114,坂本亮馬,追,99.14,,,,,0.3055217691208936,0.21943728911741137,0.26527614267964494,0.2318037056303405,position_specialists,0.21943728911741142,False,,,A,0.284,0.357,0.04,0.16,0.1353497100520158,0.11515905215426948,-0.07542541322531972,-0.059737361545140394,0.006879791928976305,,0,,,0,,cumulative_place,0.2296793293207038,0.1491229521768773,False,21.943728911741136,26.527614267964495,23.18037056303405,2,1,1,coverage_validated_cumulative_scores_uncalibrated,1.0,full_trifecta_market_proxy,-1.0,0,0
2026-10-07,奈良,7,075320261007,1791348300,1791348000,3,1,14096,伊藤成紀,両,97.0,,,,,0.12730561782175603,0.11717097543283864,0.10240761546950188,0.1102952495718273,position_specialists,0.11717097543283866,False,,,A,0.3,0.4,0.04,0.09,-0.050280501720523556,0.2173407572303629,0.09070156740857832,0.16283248550207627,0.010963034834693167,,0,,,0,,cumulative_place,0.0803856065926494,0.12977860925624107,False,11.717097543283863,10.240761546950187,11.02952495718273,3,4,5,coverage_validated_cumulative_scores_uncalibrated,3.0,full_trifecta_market_proxy,0.0,0,0
2026-10-07,奈良,7,075320261007,1791348300,1791348000,4,5,15660,河崎正晴,逃,98.95,,,,,0.15142966334346883,0.07533316395597785,0.1858732215412152,0.1673893241805151,position_specialists,0.07533316395597786,False,,,A,0.13,0.347,0.08,0.16,-0.11910277670275393,-0.06130902304565602,-0.04052410944625108,-0.059737361545140394,0.010428170551084298,,0,,,0,,cumulative_place,0.2163381694374259,0.12173198054915496,False,7.533316395597785,18.58732215412152,16.73893241805151,4,3,3,coverage_validated_cumulative_scores_uncalibrated,4.0,full_trifecta_market_proxy,0.0,0,0
2026-10-07,奈良,7,075320261007,1791348300,1791348000,5,6,15191,奥村諭志,両,93.89,,,,,0.055224770394370584,0.027861268214904505,0.07726764485942188,0.09055293545992185,position_specialists,0.027861268214904512,False,,,A,0.178,0.25,0.06,0.06,-0.06069880830759948,0.03157423704635027,0.06264220931199461,-0.059737361545140394,0.006241730199318084,,0,,,0,,cumulative_place,0.09676432456379808,0.12336912494381168,False,2.7861268214904507,7.726764485942188,9.055293545992185,5,5,6,coverage_validated_cumulative_scores_uncalibrated,5.0,full_trifecta_market_proxy,0.0,0,0
2026-10-07,奈良,7,075320261007,1791348300,1791348000,6,3,13274,八日市屋浩之,追,96.58,,,,,0.029133877567879714,0.013056332005466924,0.06714297637002273,0.11812687534017831,position_specialists,0.013056332005466928,False,,,A,0.166,0.25,0.11,0.29,0.018798390207162983,-0.1647170288197791,-0.07542541322531972,0.014452587470598488,0.009172286431218198,,0,,,0,,cumulative_place,0.10076160566323487,0.24406294550556543,False,1.3056332005466924,6.7142976370022724,11.812687534017831,6,6,4,coverage_validated_cumulative_scores_uncalibrated,7.0,full_trifecta_market_proxy,1.0,0,0
2026-10-07,奈良,7,075320261007,1791348300,1791348000,7,7,14313,小谷実,追,94.28,,,,,0.03838597663789331,0.011470230584779037,0.05426513797100004,0.06859056874125413,position_specialists,0.011470230584779039,False,,,A,0.093,0.187,0.16,0.05,-0.1579532166510382,-0.10156855472707853,-0.13838607510097206,-0.059737361545140394,0.007917362024627377,,0,,,0,,cumulative_place,0.06831008129164319,0.10397602358236331,False,1.1470230584779038,5.426513797100005,6.859056874125413,7,7,7,coverage_validated_cumulative_scores_uncalibrated,6.0,full_trifecta_market_proxy,-1.0,0,0
2026-10-07,静岡,7,073820261007,1791348900,1791348600,1,1,13980,森田康嗣,両,88.52,,,,,0.41672747230754076,0.5288736286373293,0.326402007339468,0.270735820400011,position_specialists,0.5288736286373292,False,,0.19820142520590361,B,0.523,0.5710000000000001,0.22,0.1,0.1766136540941838,0.23725225609932676,0.17960103902799063,-0.06281077333408441,0.010470432016257695,,0,,,0,,cumulative_place,0.2224811154181577,0.17323567743664375,False,52.88736286373293,32.6402007339468,27.0735820400011,1,2,1,coverage_validated_cumulative_scores_uncalibrated,1.0,full_trifecta_market_proxy,0.0,0,0
2026-10-07,静岡,7,073820261007,1791348900,1791348600,2,5,14439,山崎司,追,86.91,,,,,0.3215286455303414,0.33067220343142567,0.3573259129202455,0.26932627361218764,position_specialists,0.3306722034314256,False,,,B,0.3329999999999999,0.5,0.17,0.14,0.10868532559642081,0.23228613917507712,0.07076527464418314,0.054124177021923806,0.009638077490858616,,0,,,0,,cumulative_place,0.39851124151854733,0.11519361454229221,False,33.067220343142566,35.73259129202455,26.932627361218763,2,1,2,coverage_validated_cumulative_scores_uncalibrated,2.0,full_trifecta_market_proxy,0.0,0,0
2026-10-07,静岡,7,073820261007,1791348900,1791348600,3,3,14597,上田隼,追,85.14,,,,,0.11828389703693679,0.0714150460721793,0.08594646726772247,0.0952894730781668,position_specialists,0.07141504607217929,False,,,B,0.237,0.38,0.22,0.14,0.013585665699552671,0.15549967872863257,-0.0433097653693902,-0.06281077333408441,0.010872482860174157,,0,,,0,,cumulative_place,0.048741737181391596,0.11165388480294765,False,7.1415046072179305,8.594646726772247,9.528947307816681,3,3,5,coverage_validated_cumulative_scores_uncalibrated,3.0,full_trifecta_market_proxy,0.0,0,0
2026-10-07,静岡,7,073820261007,1791348900,1791348600,4,7,12963,荻野哲,追,85.5,,,,,0.053062024099591376,0.03261908968395136,0.08378019053037827,0.10071486362788316,position_specialists,0.03261908968395135,False,,,B,0.307,0.461,0.25,0.13,0.013585665699552671,-0.03646647238747879,0.07076527464418314,-0.02539158922016178,0.012596249023444138,,0,,,0,,cumulative_place,0.11912193225075572,0.13037619196424646,False,3.2619089683951357,8.378019053037827,10.071486362788317,4,4,4,coverage_validated_cumulative_scores_uncalibrated,4.0,full_trifecta_market_proxy,0.0,0,0
2026-10-07,静岡,7,073820261007,1791348900,1791348600,5,2,13183,坂木田雄介,逃,81.67,,,,,0.04628979317575831,0.02013405660007422,0.06157543336641149,0.07325669993202369,position_specialists,0.020134056600074217,False,,,B,0.161,0.322,0.11,0.11,-0.13585665699552596,-0.06989358568645146,0.048220283427367866,-0.011359395177440796,0.011789775179621088,,0,,,0,,cumulative_place,0.07916180685214325,0.09371660966823563,False,2.013405660007422,6.157543336641149,7.325669993202369,5,5,6,coverage_validated_cumulative_scores_uncalibrated,6.0,full_trifecta_market_proxy,1.0,0,0
2026-10-07,静岡,7,073820261007,1791348900,1791348600,6,6,14941,江端隆司,逃,79.95,,,,,0.029805585544715022,0.012690447150073163,0.04426105985755316,0.04870092466614079,position_specialists,0.012690447150073161,False,,,B,0.047,0.095,0.08,0.08,-0.1630279883946312,0.1028759503180488,-0.1306322876535134,0.17105912737793202,0.012656176535179062,,0,,,0,,cumulative_place,0.06089231422493139,0.05647741300449471,False,1.2690447150073163,4.426105985755316,4.870092466614079,6,6,7,coverage_validated_cumulative_scores_uncalibrated,5.0,full_trifecta_market_proxy,-1.0,0,0
2026-10-07,静岡,7,073820261007,1791348900,1791348600,7,4,13548,手島志誠,追,80.41,,,,,0.014302582305116407,0.0035955284249670335,0.0407089287182211,0.14197594468358699,position_specialists,0.003595528424967033,False,,,B,0.083,0.3329999999999999,0.03,0.31,-0.01358566569955255,-0.25318786737306853,-0.19540981872082133,-0.06281077333408441,0.012998299867360601,,0,,,0,,cumulative_place,0.07108985255407306,0.31934660858113956,False,0.35955284249670333,4.07089287182211,14.197594468358698,7,7,3,coverage_validated_cumulative_scores_uncalibrated,7.0,full_trifecta_market_proxy,0.0,0,0
2026-10-07,大宮,8,082520261007,1791349500,1791349200,1,5,15211,平尾一晃,逃,101.69,,,,,0.5582052312043188,0.6865560116773295,0.340858528412062,0.26052601295089306,position_specialists,0.6865560116773295,False,,0.5923278286542757,S,0.5,0.5760000000000001,0.09,0.08,0.2383570307515748,0.14129635521172634,0.29003837424190165,-0.04706787243316416,0.011593988244452088,,0,,,0,,cumulative_place,0.10636521368490957,0.10682291771314899,False,68.65560116773295,34.0858528412062,26.05260129508931,1,1,1,coverage_validated_cumulative_scores_uncalibrated,1.0,full_trifecta_market_proxy,0.0,0,0
2026-10-07,大宮,8,082520261007,1791349500,1791349200,2,2,14268,山口貴弘,追,99.19,,,,,0.11967313471825973,0.09422818302305382,0.22960301192007412,0.18901030010102857,position_specialists,0.09422818302305382,False,,,S,0.3329999999999999,0.428,0.2,0.21,0.051777531628782944,-0.03325106243839811,0.02946556431480632,-0.04706787243316416,0.011414494398022201,,0,,,0,,cumulative_place,0.34820532316489256,0.11134280251473713,False,9.422818302305382,22.960301192007414,18.90103001010286,2,2,2,coverage_validated_cumulative_scores_uncalibrated,2.0,full_trifecta_market_proxy,0.0,0,0
2026-10-07,大宮,8,082520261007,1791349500,1791349200,3,4,14604,菱田浩二,逃,97.45,,,,,0.09904121279667334,0.07715749939997969,0.11744819186336604,0.12256387671059782,position_specialists,0.07715749939997969,False,,,S,0.2269999999999999,0.409,0.13,0.13,-0.02956785349099188,-0.04260409636122795,0.058983317245583894,0.0627571632442189,0.008980718604962204,,0,,,0,,cumulative_place,0.13730730856497836,0.13235190078486483,False,7.715749939997969,11.744819186336604,12.256387671059784,3,3,4,coverage_validated_cumulative_scores_uncalibrated,3.0,full_trifecta_market_proxy,0.0,0,0
2026-10-07,大宮,8,082520261007,1791349500,1791349200,4,1,15786,角田光,逃,95.57,,,,,0.07954510578934529,0.04862991080808568,0.0954321709016941,0.10318711414603449,position_specialists,0.04862991080808568,False,,,S,0.157,0.315,0.12,0.11,-0.19400525051508702,0.2711084386749882,-0.04467920918868175,-0.04706787243316416,0.015188261827714263,,0,,,0,,cumulative_place,0.11257257612349118,0.11802492637194838,False,4.862991080808568,9.54321709016941,10.31871141460345,4,5,5,coverage_validated_cumulative_scores_uncalibrated,5.0,full_trifecta_market_proxy,1.0,0,0
2026-10-07,大宮,8,082520261007,1791349500,1791349200,5,3,14310,三谷政史,追,98.68,,,,,0.08088338943475618,0.048443023865258394,0.11638906782448948,0.17253355565278297,position_specialists,0.048443023865258394,False,,,S,0.12,0.36,0.27,0.21,0.04804776192286173,-0.07652175692615204,-0.11126934887120335,-0.04706787243316416,0.011853761503080757,,0,,,0,,cumulative_place,0.15469581050925316,0.2799568264193746,False,4.84430238652584,11.638906782448947,17.2533555652783,5,4,3,coverage_validated_cumulative_scores_uncalibrated,4.0,full_trifecta_market_proxy,-1.0,0,0
2026-10-07,大宮,8,082520261007,1791349500,1791349200,6,7,13976,明田春喜,追,96.39,,,,,0.05496027868381701,0.04192654267593853,0.08307634294603247,0.0988800732142948,position_specialists,0.04192654267593853,False,,,S,0.178,0.25,0.28,0.1,0.001780414804092717,0.25882612535394106,-0.040901892278198515,-0.04706787243316416,0.009268051428655067,,0,,,0,,cumulative_place,0.1134105004061079,0.1291179195532223,False,4.192654267593853,8.307634294603247,9.888007321429482,6,6,6,coverage_validated_cumulative_scores_uncalibrated,6.0,full_trifecta_market_proxy,0.0,0,0
2026-10-07,大宮,8,082520261007,1791349500,1791349200,7,6,12688,佐藤成人,追,94.07,,,,,0.007691647372829555,0.0030588285503543424,0.01719268613228174,0.053299067224368266,position_specialists,0.0030588285503543424,False,,,S,0.038,0.115,0.0,0.16,-0.1163896351012334,-0.1504879046407911,-0.18163680546420818,0.17258219892160195,0.010922792784639151,,0,,,0,,cumulative_place,0.02744326754636734,0.12238270664270375,False,0.3058828550354342,1.719268613228174,5.329906722436827,7,7,7,coverage_validated_cumulative_scores_uncalibrated,7.0,full_trifecta_market_proxy,0.0,0,0
2026-10-07,奈良,8,085320261007,1791350100,1791349800,1,5,14052,飯野祐太,両,104.38,,,,,0.3477996066809524,0.5140464797717272,0.27498308373049174,0.23116919752339082,position_specialists,0.5140464797717272,False,,0.2054573877551537,A,0.284,0.38,0.17,0.17,0.16494042535277992,0.372255913555113,0.062461141449170775,0.10498677165349081,0.007934799365862881,,0,,,0,,cumulative_place,0.21119418813025398,0.14049249368695313,False,51.40464797717272,27.498308373049174,23.116919752339083,1,1,1,coverage_validated_cumulative_scores_uncalibrated,1.0,full_trifecta_market_proxy,0.0,0,0
2026-10-07,奈良,8,085320261007,1791350100,1791349800,2,1,14682,原田研太朗,逃,103.87,,,,,0.2930944045686948,0.30858909201657353,0.1802419103539077,0.16137086234446874,position_specialists,0.30858909201657353,False,,,A,0.25,0.437,0.11,0.08,-0.11521252374379243,0.17988129943353148,0.18768094818915898,0.03386670053338414,0.012866340142528632,,0,,,0,,cumulative_place,0.08138061239559934,0.12231556322430609,False,30.858909201657355,18.02419103539077,16.137086234446873,2,2,2,coverage_validated_cumulative_scores_uncalibrated,2.0,full_trifecta_market_proxy,0.0,0,0
2026-10-07,奈良,8,085320261007,1791350100,1791349800,3,3,14791,木村弘,逃,99.6,,,,,0.11804681610091944,0.06773229334933747,0.1542287886957211,0.15929215091067347,position_specialists,0.06773229334933747,False,,,A,0.15,0.3,0.18,0.09,-0.0872475909531588,-0.01976282301075095,-0.0050832379029950026,0.10498677165349081,0.006564091250951506,,0,,,0,,cumulative_place,0.18592500239752993,0.16977122582796386,False,6.773229334933747,15.42287886957211,15.929215091067347,3,3,3,coverage_validated_cumulative_scores_uncalibrated,4.0,full_trifecta_market_proxy,1.0,0,0
2026-10-07,奈良,8,085320261007,1791350100,1791349800,4,2,15630,原田翔真,逃,99.0,,,,,0.08218803830451828,0.0364055023882414,0.10113275908914111,0.1006612375913487,position_specialists,0.0364055023882414,False,,,A,0.217,0.26,0.18,0.1,-0.15029459502964354,0.00020158923367730853,0.01180285693504643,-0.08466675133346031,0.007616764763859808,,0,,,0,,cumulative_place,0.11772875636201444,0.09968538224252767,False,3.6405502388241398,10.113275908914112,10.066123759134872,4,5,6,coverage_validated_cumulative_scores_uncalibrated,3.0,full_trifecta_market_proxy,-1.0,0,0
2026-10-07,奈良,8,085320261007,1791350100,1791349800,5,7,13295,佐々木則幸,追,99.65,,,,,0.06965442690281652,0.031591079950893164,0.12128990824175581,0.1276853013914956,position_specialists,0.031591079950893164,False,,,A,0.15,0.25,0.26,0.08,0.015273221308796449,-0.02703233133345188,-0.14823047292678787,0.010160010160015245,0.01003729283598169,,0,,,0,,cumulative_place,0.1665237397258337,0.14092113187262162,False,3.1591079950893164,12.128990824175581,12.768530139149558,5,4,5,coverage_validated_cumulative_scores_uncalibrated,6.0,full_trifecta_market_proxy,1.0,0,0
2026-10-07,奈良,8,085320261007,1791350100,1791349800,6,6,14946,元砂勇雪,追,98.4,,,,,0.05930946614250943,0.028603410124419484,0.08570018650178267,0.09044212587675801,position_specialists,0.028603410124419484,False,,,A,0.185,0.37,0.16,0.11,-0.02036429507839522,0.07278972988868933,-0.023010666186799658,-0.08466675133346031,0.0075854935036144475,,0,,,0,,cumulative_place,0.10881904521133745,0.10025598786294476,False,2.8603410124419484,8.570018650178266,9.044212587675801,6,6,7,coverage_validated_cumulative_scores_uncalibrated,5.0,full_trifecta_market_proxy,-1.0,0,0
2026-10-07,奈良,8,085320261007,1791350100,1791349800,7,4,13533,佐藤愼太郎,追,99.25,,,,,0.02990724129958924,0.013032142398807768,0.0824233633871998,0.12937912436186466,position_specialists,0.013032142398807768,False,,,A,0.2,0.35,0.06,0.17,0.19290535814341353,-0.2099672788927219,-0.08562056955679377,-0.08466675133346031,0.009588049415200472,,0,,,0,,cumulative_place,0.12842865577743115,0.2265582152826828,False,1.303214239880777,8.24233633871998,12.937912436186465,7,7,4,coverage_validated_cumulative_scores_uncalibrated,7.0,full_trifecta_market_proxy,0.0,0,0
2026-10-07,静岡,8,083820261007,1791350700,1791350400,1,7,15704,坪内恒,逃,89.83,,,,,0.5087892890539498,0.6317453884625894,0.3410778745478947,0.285646553487257,position_specialists,0.6317453884625893,False,,0.5169059743611379,S,0.4579999999999999,0.4579999999999999,0.21,0.05,0.1881949997354985,0.18948397916846327,0.2164748801921072,0.1486769918162896,0.007885939315336736,,0,,,0,,cumulative_place,0.196154479240456,0.1385511878342072,False,63.17453884625894,34.10778745478946,28.564655348725697,1,1,1,coverage_validated_cumulative_scores_uncalibrated,1.0,full_trifecta_market_proxy,0.0,0,0
2026-10-07,静岡,8,083820261007,1791350700,1791350400,2,5,15885,五輪拓巳,逃,81.66,,,,,0.13613425470246712,0.11483941410145133,0.10813021655929289,0.11262567994180156,position_specialists,0.11483941410145132,False,,,S,0.237,0.285,0.09,0.09,0.014405806168678344,0.25856949134688767,0.0091450446616171,-0.056670602261814425,0.007477697737740353,,0,,,0,,cumulative_place,0.08393126562932321,0.12455506963299509,False,11.483941410145134,10.813021655929287,11.262567994180156,2,4,4,coverage_validated_cumulative_scores_uncalibrated,4.0,full_trifecta_market_proxy,2.0,3,0
2026-10-07,静岡,8,083820261007,1791350700,1791350400,3,4,13601,工藤政志,追,84.82,,,,,0.08727929420580818,0.09755109747897359,0.1350107654289209,0.17340732097863645,position_specialists,0.09755109747897357,False,,,S,0.346,0.478,0.0,0.28,0.13026526854655845,0.05805958717410372,0.1744987130549469,-0.019334676065795517,0.0040411332872064935,,0,,,0,,cumulative_place,0.17625665732629706,0.2752983686811549,False,9.75510974789736,13.501076542892086,17.340732097863647,3,3,3,coverage_validated_cumulative_scores_uncalibrated,3.0,full_trifecta_market_proxy,0.0,0,0
2026-10-07,静岡,8,083820261007,1791350700,1791350400,4,1,13775,鈴木良太,追,84.73,,,,,0.13545451342681206,0.08950663341263143,0.27287553626584693,0.22604696244929215,position_specialists,0.08950663341263142,False,,,S,0.133,0.4,0.26,0.09,-0.12076356660551521,0.03485117104377374,-0.09039780588378196,0.0973400932967636,0.0040411332872064935,,0,,,0,,cumulative_place,0.3916242885502954,0.10178028330914116,False,8.950663341263143,27.287553626584685,22.604696244929215,4,2,2,coverage_validated_cumulative_scores_uncalibrated,2.0,full_trifecta_market_proxy,-2.0,0,3
2026-10-07,静岡,8,083820261007,1791350700,1791350400,5,2,15266,福田真平,追,83.22,,,,,0.07519064007832207,0.04387613533907828,0.06966127457291724,0.09811739285469011,position_specialists,0.043876135339078276,False,,,S,0.0,0.222,0.09,0.19,-0.009195195426815855,0.13847943931141038,-0.1786966455300249,-0.056670602261814425,0.004544364883417943,,0,,,0,,cumulative_place,0.06488321921336286,0.1736299919346382,False,4.387613533907828,6.966127457291722,9.811739285469011,5,5,5,coverage_validated_cumulative_scores_uncalibrated,6.0,full_trifecta_market_proxy,1.0,0,0
2026-10-07,静岡,8,083820261007,1791350700,1791350400,6,6,15534,牛田樹希斗,逃,77.63,,,,,0.03099774497180274,0.012058221774300222,0.03465344470322524,0.04171393873798964,position_specialists,0.01205822177430022,False,,,S,0.133,0.133,0.1,0.08,-0.12076356660551521,-0.19048633781287114,0.0035230392120390516,-0.056670602261814425,0.0022196395552107574,,0,,,0,,cumulative_place,0.03781242120379676,0.060450023894587916,False,1.2058221774300222,3.465344470322523,4.171393873798964,6,7,7,coverage_validated_cumulative_scores_uncalibrated,5.0,full_trifecta_market_proxy,-1.0,0,0
2026-10-07,静岡,8,083820261007,1791350700,1791350400,7,3,12944,渡邊恭典,追,80.66,,,,,0.026154263560837956,0.010423109430975802,0.0385908879219022,0.062442151550333114,position_specialists,0.0104231094309758,False,,,S,0.066,0.4,0.17,0.14,-0.08214374581288847,-0.1205912313576812,-0.13454722570690342,-0.056670602261814425,0.006727819496741267,,0,,,0,,cumulative_place,0.04933766883646874,0.12573507471327558,False,1.04231094309758,3.859088792190219,6.244215155033311,7,6,6,coverage_validated_cumulative_scores_uncalibrated,7.0,full_trifecta_market_proxy,0.0,0,0
2026-10-07,大宮,9,092520261007,1791351300,1791351000,1,2,15706,山田駿斗,逃,102.0,,,,,0.4080154399101552,0.6182442389176566,0.31045232097001535,0.25526247380666706,position_specialists,0.6182442389176566,False,,0.48112601288705426,S,0.3329999999999999,0.4579999999999999,0.16,0.12,-0.10416548841885977,0.24439652212929516,0.32067416059346965,0.1176080680274246,0.01982645565475879,,0,,,0,,cumulative_place,0.21390497843078263,0.13518923692982704,False,61.824423891765655,31.045232097001527,25.526247380666707,1,1,1,coverage_validated_cumulative_scores_uncalibrated,1.0,full_trifecta_market_proxy,0.0,0,0
2026-10-07,大宮,9,092520261007,1791351300,1791351000,2,1,14831,伊藤裕貴,両,99.04,,,,,0.17595998801838297,0.1371182260306023,0.15096490457557207,0.16897028420097074,position_specialists,0.1371182260306023,False,,,S,0.16,0.44,0.15,0.17,0.1546703329037919,-0.08666036577750802,0.08000887743650914,-0.06802819621194169,0.013709004818284728,,0,,,0,,cumulative_place,0.12623005692857955,0.2081435076095996,False,13.71182260306023,15.096490457557204,16.897028420097072,2,3,3,coverage_validated_cumulative_scores_uncalibrated,3.0,full_trifecta_market_proxy,1.0,0,0
2026-10-07,大宮,9,092520261007,1791351300,1791351000,3,5,15097,長谷部翔,両,98.3,,,,,0.16974916691027747,0.09821999402652203,0.24405485072226957,0.2177106789529086,position_specialists,0.09821999402652203,False,,,S,0.13,0.347,0.13,0.08,0.012424584773940702,-0.05768355793169588,-0.012524669657957968,-0.06802819621194169,0.014533091414187472,,0,,,0,,cumulative_place,0.3175869024395783,0.16039524613744427,False,9.821999402652203,24.40548507222695,21.77106789529086,3,2,2,coverage_validated_cumulative_scores_uncalibrated,2.0,full_trifecta_market_proxy,-1.0,0,0
2026-10-07,大宮,9,092520261007,1791351300,1791351000,4,3,13438,前反祐一郎,追,95.78,,,,,0.07045043587151967,0.05691959882122263,0.09103686559545866,0.09583556266642529,position_specialists,0.05691959882122263,False,,,S,0.107,0.25,0.21,0.15,0.12505235312857627,0.297020250539879,-0.012524669657957968,-0.06802819621194169,0.015135715874759911,,0,,,0,,cumulative_place,0.11140896013085838,0.10627579977012631,False,5.691959882122263,9.103686559545865,9.583556266642528,4,4,5,coverage_validated_cumulative_scores_uncalibrated,5.0,full_trifecta_market_proxy,1.0,0,0
2026-10-07,大宮,9,092520261007,1791351300,1791351000,5,7,15130,瀬戸栄作,両,95.45,,,,,0.10642744131817775,0.05353670090248282,0.08792018718435525,0.08683447773289628,position_specialists,0.05353670090248282,False,,,S,0.2,0.3,0.07,0.19,-0.10416548841885977,-0.039366524647964696,0.05687549066289236,-0.06802819621194169,0.014393367484337685,,0,,,0,,cumulative_place,0.06960562094529205,0.08447236486531379,False,5.353670090248282,8.792018718435523,8.683447773289627,5,5,6,coverage_validated_cumulative_scores_uncalibrated,4.0,full_trifecta_market_proxy,-1.0,0,0
2026-10-07,大宮,9,092520261007,1791351300,1791351000,6,4,14481,徳丸泰教,追,94.23,,,,,0.054990545372516575,0.03198764713506162,0.08575889723996664,0.09802603711027852,position_specialists,0.03198764713506162,False,,,S,0.0579999999999999,0.147,0.25,0.05,-0.02511800467760471,0.17878564771602065,-0.11438963217321782,0.09339464225707249,0.01489523527095293,,0,,,0,,cumulative_place,0.116206905046451,0.12471491680747543,False,3.1987647135061623,8.575889723996662,9.802603711027851,6,6,4,coverage_validated_cumulative_scores_uncalibrated,6.0,full_trifecta_market_proxy,0.0,0,0
2026-10-07,大宮,9,092520261007,1791351300,1791351000,7,6,13394,飯嶋則之,追,93.21,,,,,0.014406982598970369,0.003973594166451996,0.02981197371236252,0.07736048552985347,position_specialists,0.003973594166451996,False,,,S,0.0,0.1,0.0,0.16,-0.058698289290984904,-0.16812587315393973,-0.3181195572037375,0.06111007456326964,0.014433292531815644,,0,,,0,,cumulative_place,0.04505657607845796,0.18080892788021355,False,0.3973594166451996,2.981197371236252,7.7360485529853475,7,7,7,coverage_validated_cumulative_scores_uncalibrated,7.0,full_trifecta_market_proxy,0.0,0,0
2026-10-07,奈良,9,095320261007,1791351900,1791351600,1,7,15297,上野優太,追,109.45,,,,,0.45801877837807486,0.35850420703244357,0.3591548761190986,0.27203904494770814,position_specialists,0.35850420703244357,False,,0.02137267084792166,C,0.136,0.272,0.23,0.08,-0.07476734270623339,0.17289185452590147,-0.13410443672963862,-0.0577207977069365,0.0077869990367548094,,0,,,0,,cumulative_place,0.257422733479024,0.10808106229471101,False,35.85042070324435,35.91548761190987,27.203904494770814,1,1,1,coverage_validated_cumulative_scores_uncalibrated,1.0,full_trifecta_market_proxy,0.0,0,0
2026-10-07,奈良,9,095320261007,1791351900,1791351600,2,5,15663,松本秀之慎,逃,104.45,,,,,0.22766952361446222,0.3371315361845219,0.23975811212294887,0.1921387258949985,position_specialists,0.3371315361845219,False,,,C,0.428,0.5710000000000001,0.16,0.16,-0.09046094706065244,0.1742557107659935,0.34194580821875287,0.09768134996558483,0.012780815299452587,,0,,,0,,cumulative_place,0.25219741486502606,0.10251576763212962,False,33.71315361845219,23.97581121229489,19.21387258949985,2,2,2,coverage_validated_cumulative_scores_uncalibrated,2.0,full_trifecta_market_proxy,0.0,0,0
2026-10-07,奈良,9,095320261007,1791351900,1791351600,3,2,15370,城戸俊潔,逃,101.95,,,,,0.15735962093705827,0.2213358146666263,0.13885336455546596,0.13896711916961588,position_specialists,0.2213358146666263,False,,,C,0.409,0.59,0.2,0.1,-0.027686529642976108,0.22824329541666938,0.2517450092855964,0.14741003722079168,0.008517411892620976,,0,,,0,,cumulative_place,0.119810204504852,0.13918121317299856,False,22.13358146666263,13.885336455546598,13.896711916961587,3,3,4,coverage_validated_cumulative_scores_uncalibrated,3.0,full_trifecta_market_proxy,0.0,0,0
2026-10-07,奈良,9,095320261007,1791351900,1791351600,4,1,12948,小林潤二,追,98.08,,,,,0.04525030889041621,0.03098107267533412,0.04109387915950812,0.06810415834685679,position_specialists,0.03098107267533412,False,,,C,0.152,0.307,0.14,0.16,0.2195819591127486,0.037922892899211885,-0.06311147933244325,-0.01420819635863052,0.01211205423091668,,0,,,0,,cumulative_place,0.03681686305356338,0.11893936047836441,False,3.098107267533412,4.109387915950813,6.81041583468568,4,6,6,coverage_validated_cumulative_scores_uncalibrated,7.0,full_trifecta_market_proxy,3.0,5,0
2026-10-07,奈良,9,095320261007,1791351900,1791351600,5,6,15118,木村幸希,両,96.96,,,,,0.04725108168888094,0.026637198589102344,0.090137823615333,0.10846709165599688,position_specialists,0.026637198589102344,False,,,C,0.111,0.259,0.07,0.1,0.09658591155404976,0.14589806220056353,-0.13410443672963862,-0.0577207977069365,0.007935429735803794,,0,,,0,,cumulative_place,0.13426879606674422,0.14296403407213312,False,2.6637198589102344,9.013782361533302,10.846709165599687,5,5,5,coverage_validated_cumulative_scores_uncalibrated,5.0,full_trifecta_market_proxy,0.0,0,0
2026-10-07,奈良,9,095320261007,1791351900,1791351600,6,3,15291,山口敦也,追,101.27,,,,,0.03472663436186082,0.01469974629848565,0.09177951187079701,0.16084700299538102,position_specialists,0.01469974629848565,False,,,C,0.25,0.3329999999999999,0.14,0.28,0.03381149413637336,-0.241175919796192,-0.13410443672963862,-0.0577207977069365,0.007613612763730074,,0,,,0,,cumulative_place,0.15048760795182972,0.290836769027821,False,1.469974629848565,9.177951187079703,16.084700299538103,6,4,3,coverage_validated_cumulative_scores_uncalibrated,6.0,full_trifecta_market_proxy,0.0,0,0
2026-10-07,奈良,9,095320261007,1791351900,1791351600,7,4,15426,太田龍希,逃,99.11,,,,,0.029724052129246777,0.010710424553486074,0.03922243255684846,0.05943685698944273,position_specialists,0.010710424553486074,False,,,C,0.175,0.294,0.12,0.12,-0.15706454539330983,-0.14966979713806153,-0.12826602798299006,-0.0577207977069365,0.010042221438965389,,0,,,0,,cumulative_place,0.0489963800789607,0.09748179332184226,False,1.0710424553486075,3.922243255684846,5.9436856989442735,7,7,7,coverage_validated_cumulative_scores_uncalibrated,4.0,full_trifecta_market_proxy,-3.0,0,5
2026-10-07,静岡,9,093820261007,1791352500,1791352200,1,4,15462,溝口葵,逃,90.12,,,,,0.3863185574933838,0.42383563484426184,0.30918374227767387,0.25516847041078505,position_specialists,0.42383563484426184,False,,0.06645604137093031,C,0.583,0.708,0.13,0.12,0.11474450904068659,0.12498290158844975,0.17998176885195213,-0.049935793846349254,0.008631070276656525,,0,,,0,,cumulative_place,0.2434417029102668,0.1401248144965875,False,42.38356348442618,30.918374227767387,25.51684704107851,1,1,1,coverage_validated_cumulative_scores_uncalibrated,1.0,full_trifecta_market_proxy,0.0,0,0
2026-10-07,静岡,9,093820261007,1791352500,1791352200,2,2,14455,小野裕次,追,90.73,,,,,0.25519899685972447,0.35737959347333154,0.1949344412543418,0.20786974722716586,position_specialists,0.35737959347333154,False,,,C,0.583,0.6659999999999999,0.27,0.09,0.12522687854521916,0.3410717929477077,0.20943585476864907,-0.049935793846349254,0.0074179623720322385,,0,,,0,,cumulative_place,0.14357093210495525,0.23541982404895173,False,35.73795934733315,19.49344412543418,20.78697472271659,2,3,3,coverage_validated_cumulative_scores_uncalibrated,3.0,full_trifecta_market_proxy,1.0,0,0
2026-10-07,静岡,9,093820261007,1791352500,1791352200,3,1,14390,愛敬博之,追,88.72,,,,,0.2217942084686503,0.13023759746969196,0.29804253862900076,0.23710718182590776,position_specialists,0.13023759746969196,False,,,C,0.2,0.56,0.17,0.21,-0.03856014496310182,0.0686298546999175,-0.056524017139401285,-0.049935793846349254,0.0083001245548147,,0,,,0,,cumulative_place,0.3630290263658623,0.10732488176937256,False,13.023759746969196,29.804253862900076,23.710718182590778,3,2,2,coverage_validated_cumulative_scores_uncalibrated,2.0,full_trifecta_market_proxy,-1.0,0,0
2026-10-07,静岡,9,093820261007,1791352500,1791352200,4,5,14459,根藤浩二,両,86.0,,,,,0.06462207929390329,0.05550324769343209,0.08632886587933115,0.09357060123228828,position_specialists,0.05550324769343209,False,,,C,0.29,0.5,0.16,0.12,0.10295184334808753,0.16130849335482175,-0.001945758833704338,0.10073254965556659,0.008391290898816814,,0,,,0,,cumulative_place,0.10482957031802484,0.10899430792435763,False,5.5503247693432085,8.632886587933115,9.357060123228829,4,4,5,coverage_validated_cumulative_scores_uncalibrated,4.0,full_trifecta_market_proxy,0.0,0,0
2026-10-07,静岡,9,093820261007,1791352500,1791352200,5,3,15088,神山尚,両,81.64,,,,,0.03782600592810531,0.02172420742418333,0.04518732659198209,0.05283533961921838,position_specialists,0.02172420742418333,False,,,C,0.25,0.285,0.04,0.09,-0.026767479270502752,-0.038482261360224326,0.018508961660685098,0.14894641957617966,0.012071502789508125,,0,,,0,,cumulative_place,0.05146138366371186,0.06912435101771548,False,2.172420742418333,4.518732659198209,5.283533961921839,5,6,6,coverage_validated_cumulative_scores_uncalibrated,5.0,full_trifecta_market_proxy,0.0,0,0
2026-10-07,静岡,9,093820261007,1791352500,1791352200,6,7,13985,高橋陽介,追,85.0,,,,,0.02923002658313838,0.010167227612077454,0.05414793782326736,0.1345715588959987,position_specialists,0.010167227612077454,False,,,C,0.222,0.3329999999999999,0.0,0.2,-0.07393814204089914,-0.17614657822464316,-0.14517730777541807,-0.049935793846349254,0.0071092056080583775,,0,,,0,,cumulative_place,0.07538548531879145,0.3058606604831499,False,1.0167227612077454,5.414793782326735,13.457155889599871,6,5,4,coverage_validated_cumulative_scores_uncalibrated,6.0,full_trifecta_market_proxy,0.0,0,0
2026-10-07,静岡,9,093820261007,1791352500,1791352200,7,6,13175,峠祐介,追,77.12,,,,,0.005010125373094394,0.0011524914830218322,0.012175147544402947,0.018877100788635963,position_specialists,0.0011524914830218322,False,,,C,0.0,0.04,0.0,0.1,-0.20365746465948942,-0.11299810413194263,-0.2042795015327626,-0.049935793846349254,0.012707652521467381,,0,,,0,,cumulative_place,0.018281899318387553,0.03315116025986513,False,0.11524914830218322,1.2175147544402947,1.8877100788635965,7,7,7,coverage_validated_cumulative_scores_uncalibrated,7.0,full_trifecta_market_proxy,0.0,0,0
2026-10-07,大宮,10,102520261007,1791353100,1791352800,1,2,15794,福田稔希,逃,104.42,,,,,0.26779578736775916,0.38112480484697236,0.24987603947988282,0.20891374242823826,position_specialists,0.38112480484697236,False,,0.1269912170774728,B,0.5329999999999999,0.5329999999999999,0.17,0.1,0.2085476955793677,0.1588178220140024,-0.0008773883490754905,0.12724259088665732,0.015020332306805093,,0,,,0,,cumulative_place,0.23164007664241953,0.1347386935361379,False,38.11248048469724,24.987603947988276,20.891374242823826,1,2,2,coverage_validated_cumulative_scores_uncalibrated,3.0,full_trifecta_market_proxy,2.0,3,0
2026-10-07,大宮,10,102520261007,1791353100,1791352800,2,7,15474,阿部将大,逃,108.63,,,,,0.3722793344285184,0.25413358776949957,0.26161197622585697,0.21431221955431798,position_specialists,0.25413358776949957,False,,,B,0.18,0.318,0.21,0.1,-0.2248128030409182,0.04117752647787112,-0.1563785270334727,-0.013690658513121366,0.009569368687767652,,0,,,0,,cumulative_place,0.1489917628092754,0.12866121811578912,False,25.413358776949956,26.16119762258569,21.4312219554318,2,1,1,coverage_validated_cumulative_scores_uncalibrated,1.0,full_trifecta_market_proxy,-1.0,0,0
2026-10-07,大宮,10,102520261007,1791353100,1791352800,3,4,15509,木村佑来,逃,103.23,,,,,0.12499992700813355,0.1391764077504666,0.13028264638218265,0.1367817517548251,position_specialists,0.1391764077504666,False,,,B,0.5,0.615,0.16,0.13,0.07743642047812554,-0.026045499542775272,0.21313917474296368,-0.08133861822501513,0.01018273721572403,,0,,,0,,cumulative_place,0.13565858552980212,0.1485504144878471,False,13.91764077504666,13.02826463821826,13.67817517548251,3,4,4,coverage_validated_cumulative_scores_uncalibrated,4.0,full_trifecta_market_proxy,1.0,0,0
2026-10-07,大宮,10,102520261007,1791353100,1791352800,4,3,13619,竹内智彦,追,103.82,,,,,0.12762482737201486,0.1291161296710473,0.17878344146556296,0.1950947988061278,position_specialists,0.1291161296710473,False,,,B,0.275,0.413,0.28,0.13,0.12849434894624898,0.009772472362646894,0.0961083259276798,-0.08133861822501513,0.010535785995642432,,0,,,0,,cumulative_place,0.23084480925172707,0.22463161229848394,False,12.91161296710473,17.878344146556294,19.50947988061278,4,3,3,coverage_validated_cumulative_scores_uncalibrated,2.0,full_trifecta_market_proxy,-2.0,0,3
2026-10-07,大宮,10,102520261007,1791353100,1791352800,5,1,13804,湊聖二,追,102.18,,,,,0.062338412792248096,0.06121316920828685,0.0753071265716085,0.0891395530680995,position_specialists,0.06121316920828685,False,,,B,0.363,0.4539999999999999,0.25,0.08,-0.0026169261549931835,0.02657822886780852,0.0961083259276798,0.07086929112674586,0.011545813543603834,,0,,,0,,cumulative_place,0.08850468850215981,0.11418748703479123,False,6.1213169208286855,7.530712657160848,8.91395530680995,5,6,5,coverage_validated_cumulative_scores_uncalibrated,6.0,full_trifecta_market_proxy,1.0,0,0
2026-10-07,大宮,10,102520261007,1791353100,1791352800,6,6,14811,笠松将太,逃,96.28,,,,,0.03695859415107997,0.03262200967668592,0.0774289992631197,0.0859639246172076,position_specialists,0.03262200967668592,False,,,B,0.214,0.285,0.23,0.0,-0.04780490697581341,0.3794991154762022,-0.031158720293484495,0.05959463117476355,0.01091517762339501,,0,,,0,,cumulative_place,0.11861355209600569,0.10141907608568414,False,3.2622009676685924,7.742899926311969,8.596392461720761,6,5,6,coverage_validated_cumulative_scores_uncalibrated,5.0,full_trifecta_market_proxy,-1.0,0,0
2026-10-07,大宮,10,102520261007,1791353100,1791352800,7,5,13862,鈴木伸之,追,98.92,,,,,0.008003116880245879,0.0026138910770414775,0.026709770611786424,0.06979400977118382,position_specialists,0.0026138910770414775,False,,,B,0.115,0.23,0.04,0.26,-0.13924382883201744,-0.2214335667816697,-0.2169411909222907,-0.08133861822501513,0.012395242401376712,,0,,,0,,cumulative_place,0.04574652516861041,0.14781149844126662,False,0.26138910770414775,2.670977061178642,6.979400977118382,7,7,7,coverage_validated_cumulative_scores_uncalibrated,7.0,full_trifecta_market_proxy,0.0,0,0
2026-10-07,奈良,10,105320261007,1791353700,1791353400,1,1,14757,藤井昭吾,両,103.75,,,,,0.4206751640378229,0.37021880142575403,0.27324057743263563,0.23955088515235698,position_specialists,0.37021880142575403,False,,0.04852716167380233,C,0.172,0.4479999999999999,0.17,0.17,-0.10467781134632326,0.07832159085248365,-0.02595542738092201,0.032659863237109045,0.010287878029143303,,0,,,0,,cumulative_place,0.1299354285472675,0.1666469531045619,False,37.021880142575405,27.324057743263566,23.9550885152357,1,1,1,coverage_validated_cumulative_scores_uncalibrated,1.0,full_trifecta_market_proxy,0.0,0,0
2026-10-07,奈良,10,105320261007,1791353700,1791353400,2,7,15610,永井哉多,逃,96.4,,,,,0.1898044156403659,0.3216916397519517,0.18862755799036135,0.14787050917941968,position_specialists,0.3216916397519517,False,,,C,0.37,0.407,0.13,0.03,0.22376351256283378,0.3753421514066982,0.13382454955340614,0.09797958971132714,0.014555106783649387,,0,,,0,,cumulative_place,0.18748366248636808,0.059672935504312734,False,32.16916397519517,18.86275579903614,14.787050917941972,2,2,4,coverage_validated_cumulative_scores_uncalibrated,4.0,full_trifecta_market_proxy,2.0,3,0
2026-10-07,奈良,10,105320261007,1791353700,1791353400,3,3,14864,土屋壮登,追,102.96,,,,,0.11728499202855806,0.11658404708983462,0.17595276931163198,0.15214851447686653,position_specialists,0.11658404708983462,False,,,C,0.345,0.423,0.31,0.06,-0.005031523862241205,0.006336001947966364,0.13954291369034774,-0.06531972647421808,0.00974384388098492,,0,,,0,,cumulative_place,0.23297734374774148,0.10063650414194208,False,11.658404708983463,17.595276931163202,15.214851447686657,3,3,3,coverage_validated_cumulative_scores_uncalibrated,2.0,full_trifecta_market_proxy,-1.0,0,0
2026-10-07,奈良,10,105320261007,1791353700,1791353400,4,5,15641,富武大,逃,97.31,,,,,0.10864447408541618,0.08281531671287903,0.11761010472666653,0.12136273237165744,position_specialists,0.08281531671287903,False,,,C,0.21,0.421,0.12,0.17,0.1114239684703928,0.03598151799968806,-0.00893030104166493,-0.06531972647421808,0.011445662611306032,,0,,,0,,cumulative_place,0.12632462052299187,0.12948335599015348,False,8.281531671287903,11.761010472666655,12.136273237165748,4,4,5,coverage_validated_cumulative_scores_uncalibrated,3.0,full_trifecta_market_proxy,-1.0,0,0
2026-10-07,奈良,10,105320261007,1791353700,1791353400,5,4,14700,川口公太朗,追,103.85,,,,,0.07216312328447773,0.05347619856775023,0.10639892287994525,0.17397988061004094,position_specialists,0.05347619856775023,False,,,C,0.284,0.392,0.0,0.13,-0.05888426287253018,-0.20078364995376885,0.0916794715772998,-0.06531972647421808,0.011746231185978756,,0,,,0,,cumulative_place,0.13967582534365447,0.32022394568165746,False,5.347619856775023,10.639892287994527,17.397988061004096,5,5,2,coverage_validated_cumulative_scores_uncalibrated,5.0,full_trifecta_market_proxy,0.0,0,0
2026-10-07,奈良,10,105320261007,1791353700,1791353400,6,2,15201,門田凌,両,96.66,,,,,0.06064152564749704,0.04422379736310638,0.09594587796622758,0.11309219240458014,position_specialists,0.04422379736310638,False,,,C,0.147,0.296,0.15,0.15,0.00337307856203478,0.0680379352946955,-0.09977429687489195,0.13063945294843618,0.008088955151270468,,0,,,0,,cumulative_place,0.13026140447755688,0.15019653079640125,False,4.422379736310638,9.59458779662276,11.309219240458017,6,6,6,coverage_validated_cumulative_scores_uncalibrated,6.0,full_trifecta_market_proxy,0.0,0,0
2026-10-07,奈良,10,105320261007,1791353700,1791353400,7,6,15058,中西大,逃,94.0,,,,,0.030786305275862257,0.010990199088723989,0.04222418969253156,0.05199528580507823,position_specialists,0.010990199088723989,False,,,C,0.166,0.166,0.16,0.14,-0.16996696151416693,0.0051305513263235035,-0.23038690952357477,-0.06531972647421808,0.008200176131713737,,0,,,0,,cumulative_place,0.05334171487441965,0.07313977478097114,False,1.0990199088723989,4.222418969253157,5.199528580507824,7,7,7,coverage_validated_cumulative_scores_uncalibrated,7.0,full_trifecta_market_proxy,0.0,0,0
2026-10-07,静岡,10,103820261007,1791354300,1791354000,1,2,15913,一守大葵,逃,92.35,,,,,0.6010518623172403,0.61873802998479,0.41972624536610353,0.31797537670552856,position_specialists,0.6187380299847901,False,,0.39384284382345247,A,0.7,0.8,0.2,0.07,0.1906970350901377,0.35708560201951545,0.2717025067937636,0.1723842525708513,0.014518837967442725,,0,,,0,,cumulative_place,0.2417255632870438,0.07387547899145495,False,61.873802998479,41.97262453661036,31.797537670552856,1,1,1,coverage_validated_cumulative_scores_uncalibrated,1.0,full_trifecta_market_proxy,0.0,0,0
2026-10-07,静岡,10,103820261007,1791354300,1791354000,2,4,14032,藤田真,両,87.33,,,,,0.20149668588528166,0.22489518616133755,0.3303732506018452,0.2525998601725984,position_specialists,0.2248951861613376,False,,,A,0.2769999999999999,0.5,0.13,0.18,0.03712685638923028,0.15761116691896707,0.062308855966019205,0.05662622250147149,0.007907524683122325,,0,,,0,,cumulative_place,0.4568866291816422,0.06602182994481627,False,22.489518616133754,33.03732506018453,25.259986017259838,2,2,2,coverage_validated_cumulative_scores_uncalibrated,2.0,full_trifecta_market_proxy,0.0,0,0
2026-10-07,静岡,10,103820261007,1791354300,1791354000,3,3,13482,松崎貴久,追,86.75,,,,,0.10971025146696847,0.1105239785782485,0.08507032970148637,0.15722431722351968,position_specialists,0.11052397857824853,False,,,A,0.25,0.625,0.15,0.27,0.10800540040503369,0.0994346676471673,0.08392604318411084,-0.0591318075679083,0.007861685972436715,,0,,,0,,cumulative_place,0.06088222570174983,0.3303214239670931,False,11.05239785782485,8.50703297014864,15.722431722351967,3,3,3,coverage_validated_cumulative_scores_uncalibrated,3.0,full_trifecta_market_proxy,0.0,0,0
2026-10-07,静岡,10,103820261007,1791354300,1791354000,4,1,15247,小玉勇一,両,83.61,,,,,0.035619883737595684,0.021301404129529498,0.0714850671966898,0.08649881175722182,position_specialists,0.0213014041295295,False,,,A,0.237,0.285,0.08,0.17,-0.1400695036502782,-0.08893422573094921,0.08435029289525545,-0.031069254823816228,0.007474063678985843,,0,,,0,,cumulative_place,0.10669259730717456,0.12251672059450626,False,2.13014041295295,7.148506719668982,8.649881175722182,4,4,4,coverage_validated_cumulative_scores_uncalibrated,4.0,full_trifecta_market_proxy,0.0,0,0
2026-10-07,静岡,10,103820261007,1791354300,1791354000,5,6,15101,松岡晋乃介,逃,81.19,,,,,0.02664347629002238,0.013422945057028015,0.045740022526316294,0.07327228230264947,position_specialists,0.013422945057028018,False,,,A,0.19,0.3329999999999999,0.08,0.18,0.001687584381328594,-0.10832639215488245,-0.06866701647596447,-0.0205457975447817,0.0075699737906346825,,0,,,0,,cumulative_place,0.06448639886612839,0.13932205547617563,False,1.3422945057028015,4.57400225263163,7.3272282302649465,5,5,5,coverage_validated_cumulative_scores_uncalibrated,5.0,full_trifecta_market_proxy,0.0,0,0
2026-10-07,静岡,10,103820261007,1791354300,1791354000,6,5,14224,矢島一弥,追,81.93,,,,,0.02048915640846386,0.009457766268101023,0.029062290922609924,0.05634864882890351,position_specialists,0.009457766268101025,False,,,A,0.066,0.133,0.11,0.25,-0.10463023164237649,0.0994346676471673,-0.18947066987561925,-0.0591318075679083,0.008731845209273417,,0,,,0,,cumulative_place,0.03747822142781129,0.12180850447037794,False,0.9457766268101023,2.906229092260993,5.634864882890351,6,6,6,coverage_validated_cumulative_scores_uncalibrated,6.0,full_trifecta_market_proxy,0.0,0,0
2026-10-07,静岡,10,103820261007,1791354300,1791354000,7,7,13723,高谷進太郎,両,81.55,,,,,0.004988683894427603,0.0016606898209652573,0.01854279368494872,0.0560807030095785,position_specialists,0.0016606898209652577,False,,,A,0.0,0.111,0.05,0.2,-0.09281714097307597,-0.1479393874728991,-0.24415001248756524,-0.0591318075679083,0.009806378563767015,,0,,,0,,cumulative_place,0.0318483642284499,0.14613398655557583,False,0.16606898209652574,1.8542793684948726,5.60807030095785,7,7,7,coverage_validated_cumulative_scores_uncalibrated,7.0,full_trifecta_market_proxy,0.0,0,0
2026-10-07,大宮,11,112520261007,1791354960,1791354660,1,1,15444,渡邉雅也,両,110.72,,,,,0.44501365095685763,0.4494461489187812,0.39278248758687717,0.29625082344908465,position_specialists,0.4494461489187812,False,,0.04803360774188342,C,0.434,0.652,0.22,0.15,0.1787524170659479,0.0997263196379886,0.2368457838683873,0.046792638892243485,0.0062077244701827985,,0,,,0,,cumulative_place,0.309087018610674,0.14572531165062239,False,44.94461489187812,39.27824875868772,29.62508234490846,1,1,1,coverage_validated_cumulative_scores_uncalibrated,1.0,full_trifecta_market_proxy,0.0,0,0
2026-10-07,大宮,11,112520261007,1791354960,1791354660,2,4,15527,北井佑季,逃,105.44,,,,,0.29826504394146086,0.4014125411768978,0.23359353664718338,0.22168453331649912,position_specialists,0.4014125411768978,False,,,C,0.5,0.611,0.0,0.0,0.10563821944373371,0.30734422773368925,0.14208161909414782,-0.05044831380569999,0.010905854955069207,,0,,,0,,cumulative_place,0.12996360035701413,0.20311436944983238,False,40.141254117689776,23.359353664718338,22.168453331649907,2,2,2,coverage_validated_cumulative_scores_uncalibrated,2.0,full_trifecta_market_proxy,0.0,0,0
2026-10-07,大宮,11,112520261007,1791354960,1791354660,3,7,15197,川口雄太,両,102.16,,,,,0.10957998625102496,0.061335101127686434,0.09668832186256808,0.11024529631208314,position_specialists,0.061335101127686434,False,,,C,0.166,0.291,0.21,0.14,-0.10707361944083427,0.10077549906030553,-0.0938280940062034,-0.03765345160860216,0.004741124441703795,,0,,,0,,cumulative_place,0.07603065645249893,0.13138520450364824,False,6.1335101127686436,9.668832186256807,11.024529631208313,3,4,4,coverage_validated_cumulative_scores_uncalibrated,3.0,full_trifecta_market_proxy,0.0,0,0
2026-10-07,大宮,11,112520261007,1791354960,1791354660,4,5,13669,荒澤貴史,追,102.66,,,,,0.06992951332656522,0.04558728944291102,0.18643785424462575,0.2011324458000915,position_specialists,0.04558728944291102,False,,,C,0.3329999999999999,0.6659999999999999,0.26,0.08,0.12247944381606213,-0.04105451065742834,-0.20912015140349638,0.1747412608632217,0.008631747314883882,,0,,,0,,cumulative_place,0.37313138361718584,0.22404628380663913,False,4.5587289442911025,18.643785424462575,20.113244580009148,4,3,3,coverage_validated_cumulative_scores_uncalibrated,4.0,full_trifecta_market_proxy,0.0,0,0
2026-10-07,大宮,11,112520261007,1791354960,1791354660,5,2,15468,和泉尚吾,両,100.14,,,,,0.037936698159033,0.027182087611942282,0.045904611467969876,0.08947349386303131,position_specialists,0.027182087611942282,False,,,C,0.259,0.407,0.12,0.14,0.013892939245101392,-0.016316415585611834,0.10635143215380612,-0.017181672093245642,0.00406996294386288,,0,,,0,,cumulative_place,0.05867243431789104,0.15741211669296823,False,2.7182087611942283,4.590461146796987,8.947349386303129,5,5,5,coverage_validated_cumulative_scores_uncalibrated,6.0,full_trifecta_market_proxy,1.0,0,0
2026-10-07,大宮,11,112520261007,1791354960,1791354660,6,3,15289,橋本瑠偉,逃,97.62,,,,,0.025031843281203656,0.009379049550366564,0.024184607186235156,0.038948115772127305,position_specialists,0.009379049550366564,False,,,C,0.147,0.222,0.1,0.06,-0.26680752826523524,-0.04210369007974529,-0.0715250019478948,-0.035094479169182596,0.005783327151006048,,0,,,0,,cumulative_place,0.022826991967143356,0.06196941873713412,False,0.9379049550366564,2.4184607186235154,3.8948115772127294,6,6,7,coverage_validated_cumulative_scores_uncalibrated,5.0,full_trifecta_market_proxy,-1.0,0,0
2026-10-07,大宮,11,112520261007,1791354960,1791354660,7,6,14071,朝倉佳弘,追,98.4,,,,,0.01424326408385466,0.005657782171414617,0.020408581004540613,0.042265291487083,position_specialists,0.005657782171414617,False,,,C,0.18,0.318,0.15,0.13,-0.046881871864775236,-0.09262905964569523,-0.11080558775874672,-0.08115598307873477,0.009642110285965726,,0,,,0,,cumulative_place,0.03028791467759268,0.07634729515915543,False,0.5657782171414617,2.040858100454061,4.226529148708299,7,7,6,coverage_validated_cumulative_scores_uncalibrated,7.0,full_trifecta_market_proxy,0.0,0,0
2026-10-07,奈良,11,115320261007,1791355620,1791355320,1,4,15048,志佐明,両,90.0,,,,,0.2209760511792999,0.36019445673887956,0.17637492595282353,0.16183923743542217,position_specialists,0.3601944567388796,False,,0.14934260828843723,B,0.47,0.647,0.0,0.33,0.31760139841404145,0.3992724828363201,0.05094341848796654,-0.0019544194270745044,0.00878053736682543,,0,,,0,,cumulative_place,0.1348667021876315,0.1316475702614462,False,36.01944567388796,17.637492595282353,16.183923743542216,1,2,3,coverage_validated_cumulative_scores_uncalibrated,2.0,full_trifecta_market_proxy,1.0,0,0
2026-10-07,奈良,11,115320261007,1791355620,1791355320,2,5,14980,田原宥明,両,88.81,,,,,0.23140611250552168,0.21085184845044233,0.2254330985902403,0.1712304586651288,position_specialists,0.2108518484504424,False,,,B,0.5,0.6809999999999999,0.41,0.08,-0.13081836989200965,0.207820953178707,0.10018359791295078,0.039088388541490396,0.010899510420962004,,0,,,0,,cumulative_place,0.21987428820397392,0.058647689530337714,False,21.085184845044232,22.54330985902403,17.12304586651288,2,1,2,coverage_validated_cumulative_scores_uncalibrated,3.0,full_trifecta_market_proxy,1.0,0,0
2026-10-07,奈良,11,115320261007,1791355620,1791355320,3,2,14080,近藤隆司,両,95.05,,,,,0.1711658324425725,0.15620322005135082,0.15607176458683178,0.14338325915117572,position_specialists,0.15620322005135084,False,,,B,0.611,0.611,0.1,0.08,-0.07810450830398907,-0.013280121330576234,0.06398431860727996,-0.11140190734324756,0.010908382018602307,,0,,,0,,cumulative_place,0.14202440719614529,0.11702832367014214,False,15.620322005135082,15.607176458683178,14.338325915117572,3,3,5,coverage_validated_cumulative_scores_uncalibrated,4.0,full_trifecta_market_proxy,1.0,0,0
2026-10-07,奈良,11,115320261007,1791355620,1791355320,4,1,15457,村田瑞季,逃,93.28,,,,,0.14389820761797786,0.11718634123090892,0.14795426183847873,0.15369374645097836,position_specialists,0.11718634123090894,False,,,B,0.38,0.6659999999999999,0.28,0.28,0.014171266991252355,-0.11471890135479937,0.0719664791930714,-0.11140190734324756,0.007305593753934265,,0,,,0,,cumulative_place,0.1517290456658688,0.16561506747841354,False,11.718634123090892,14.795426183847873,15.369374645097835,4,4,4,coverage_validated_cumulative_scores_uncalibrated,1.0,full_trifecta_market_proxy,-3.0,0,5
2026-10-07,奈良,11,115320261007,1791355620,1791355320,5,3,15685,小笠原一真,逃,92.77,,,,,0.08637180604704478,0.07375632294223619,0.10953080171828473,0.1183133159743473,position_specialists,0.0737563229422362,False,,,B,0.444,0.722,0.24,0.14,-0.08888447840006555,0.03266824578725089,-0.08823584586197607,0.11433353648385937,0.009179682311474088,,0,,,0,,cumulative_place,0.13108381791726384,0.13655522773878187,False,7.375632294223619,10.953080171828473,11.83133159743473,5,6,6,coverage_validated_cumulative_scores_uncalibrated,5.0,full_trifecta_market_proxy,0.0,0,0
2026-10-07,奈良,11,115320261007,1791355620,1791355320,6,6,14954,日野博幸,逃,88.64,,,,,0.1006636181301715,0.04511761232708338,0.06286052874922861,0.07113132840282867,position_specialists,0.04511761232708339,False,,,B,0.294,0.352,0.0,0.66,-0.05891654589655945,-0.22193175796306266,-0.1584990859920652,0.07329072851529449,0.008297194510733779,,0,,,0,,cumulative_place,0.027678925480882112,0.08831037225102277,False,4.511761232708338,6.286052874922861,7.113132840282867,6,7,7,coverage_validated_cumulative_scores_uncalibrated,6.0,full_trifecta_market_proxy,0.0,0,0
2026-10-07,奈良,11,115320261007,1791355620,1791355320,7,7,14646,三浦雄大,追,93.68,,,,,0.04551837207741183,0.036690198259098694,0.12177461856411231,0.180408653920119,position_specialists,0.0366901982590987,False,,,B,0.35,0.55,0.0,0.18,0.024951237087328843,-0.10038547887573818,-0.04034288234722744,-0.0019544194270745044,0.010779244939003771,,0,,,0,,cumulative_place,0.19274281334823454,0.3021957490698558,False,3.6690198259098694,12.177461856411231,18.040865392011902,7,5,1,coverage_validated_cumulative_scores_uncalibrated,7.0,full_trifecta_market_proxy,0.0,0,0
2026-10-07,静岡,11,113820261007,1791356160,1791355860,1,2,14826,菅原裕太,追,95.91,,,,,0.34441767114060223,0.5418070109391557,0.22630110480423046,0.21582640928904662,position_specialists,0.5418070109391557,False,,0.33409783664279974,A,0.6659999999999999,0.833,0.17,0.14,0.16421511500012184,0.30357839578231777,0.15814637464957895,0.10404450870740979,0.0069668243043788484,,0,,,0,,cumulative_place,0.13141173654407615,0.19103186481783202,False,54.18070109391557,22.63011048042305,21.582640928904663,1,2,1,coverage_validated_cumulative_scores_uncalibrated,2.0,full_trifecta_market_proxy,1.0,0,0
2026-10-07,静岡,11,113820261007,1791356160,1791355860,2,5,15442,仁藤秀,両,95.18,,,,,0.17556425343573892,0.207709174296356,0.20385804273670038,0.185440351007155,position_specialists,0.207709174296356,False,,,A,0.608,0.695,0.15,0.09,0.15827067644808118,0.196109559790388,0.10502010995875022,-0.06220052150986452,0.008392109760973298,,0,,,0,,cumulative_place,0.2265879601033164,0.14184402154980957,False,20.7709174296356,20.385804273670043,18.5440351007155,2,3,3,coverage_validated_cumulative_scores_uncalibrated,3.0,full_trifecta_market_proxy,1.0,0,0
2026-10-07,静岡,11,113820261007,1791356160,1791355860,3,4,15332,鈴木涼介,逃,91.4,,,,,0.30572934389797995,0.15647938762568944,0.23619300650784408,0.20015926161012412,position_specialists,0.15647938762568944,False,,,A,0.475,0.476,0.0,0.0,-0.0899096330996142,-0.1717458699226802,0.07485172270036097,0.009047348583253033,0.00567580595291481,,0,,,0,,cumulative_place,0.18033073984421238,0.11486415312359957,False,15.647938762568945,23.61930065078441,20.015926161012413,3,1,2,coverage_validated_cumulative_scores_uncalibrated,1.0,full_trifecta_market_proxy,-2.0,0,3
2026-10-07,静岡,11,113820261007,1791356160,1791355860,4,1,14477,白上翔,両,92.09,,,,,0.07170392980162713,0.04251889724687195,0.07712579696151403,0.09056310290837775,position_specialists,0.04251889724687195,False,,,A,0.3329999999999999,0.476,0.0,0.42,-0.07653464635752287,0.03157423704635027,-0.08092181645915049,0.13571022874879535,0.006148922149427565,,0,,,0,,cumulative_place,0.08148147343899492,0.12237041218909823,False,4.251889724687195,7.712579696151404,9.056310290837775,4,5,6,coverage_validated_cumulative_scores_uncalibrated,4.0,full_trifecta_market_proxy,0.0,0,0
2026-10-07,静岡,11,113820261007,1791356160,1791355860,5,3,15327,阿部架惟都,逃,90.84,,,,,0.052797612643170476,0.030311777350563972,0.15389990850787566,0.13349376714820035,position_specialists,0.030311777350563972,False,,,A,0.526,0.526,0.21,0.1,-0.009659712647066016,0.10470104715481146,-0.015563360894995451,-0.06220052150986452,0.00719932130450243,,0,,,0,,cumulative_place,0.23512080140898384,0.085190598937255,False,3.031177735056397,15.389990850787568,13.349376714820036,5,4,4,coverage_validated_cumulative_scores_uncalibrated,5.0,full_trifecta_market_proxy,0.0,0,0
2026-10-07,静岡,11,113820261007,1791356160,1791355860,6,7,12519,藤原誠,追,91.47,,,,,0.0329677613748841,0.01563156602357155,0.048836803669819843,0.07741275795231412,position_specialists,0.01563156602357155,False,,,A,0.208,0.5,0.07,0.19,0.0037152740950253675,0.047634560402703426,-0.13404808114997926,-0.06220052150986452,0.00781324102926119,,0,,,0,,cumulative_place,0.06158525585536596,0.14505460665690276,False,1.563156602357155,4.883680366981985,7.741275795231411,6,7,7,coverage_validated_cumulative_scores_uncalibrated,6.0,full_trifecta_market_proxy,0.0,0,0
2026-10-07,静岡,11,113820261007,1791356160,1791355860,7,6,14796,保科千春,追,90.76,,,,,0.016819427705997078,0.005542186517791386,0.05378533681201553,0.09710435008478203,position_specialists,0.005542186517791386,False,,,A,0.26,0.391,0.0,0.05,-0.1500970734390254,-0.14348583137980428,-0.10748494880456487,-0.06220052150986452,0.009114953567231415,,0,,,0,,cumulative_place,0.08348203280505045,0.1996443427255029,False,0.5542186517791386,5.378533681201554,9.710435008478203,7,6,5,coverage_validated_cumulative_scores_uncalibrated,7.0,full_trifecta_market_proxy,0.0,0,0
2026-10-07,四日市,1,014820261007,1791356640,1791356340,1,5,15603,小坂丈,逃,86.44,,,,,0.361090969434384,0.5460088942198487,0.28743491384908987,0.22428994100179203,position_specialists,0.5460088942198487,False,,0.31519092343577343,A,0.315,0.526,0.17,0.12,0.13357140052670988,0.30482702505285403,0.11185688050070605,0.18165919842049197,0.009839944016498015,,0,,,0,,cumulative_place,0.21767824964065172,0.10016921872989641,False,54.60088942198487,28.74349138490899,22.428994100179207,1,1,1,coverage_validated_cumulative_scores_uncalibrated,2.0,full_trifecta_market_proxy,1.0,0,0
2026-10-07,四日市,1,014820261007,1791356640,1791356340,2,2,14950,市村昌樹,両,84.87,,,,,0.2619130891895377,0.23081797078407523,0.17928806192654728,0.17894098832567457,position_specialists,0.23081797078407523,False,,,A,0.29,0.375,0.12,0.1,0.02586308980786792,0.1889015998379737,0.13410761312193883,-0.05277250456908145,0.004815436156883861,,0,,,0,,cumulative_place,0.10103724824669806,0.17825876416626274,False,23.081797078407522,17.928806192654733,17.89409883256746,2,3,3,coverage_validated_cumulative_scores_uncalibrated,1.0,full_trifecta_market_proxy,-1.0,0,0
2026-10-07,四日市,1,014820261007,1791356640,1791356340,3,3,14058,佐藤謙,追,85.7,,,,,0.14141345637390174,0.12157982649031183,0.20423367692479988,0.1820264361220583,position_specialists,0.12157982649031183,False,,,A,0.222,0.481,0.18,0.06,0.14961306382526077,0.009674477818796596,0.08240918691061908,0.004059423428390881,0.006683757639787496,,0,,,0,,cumulative_place,0.26372816105984154,0.13837484132657257,False,12.157982649031183,20.423367692479992,18.202643612205833,3,2,2,coverage_validated_cumulative_scores_uncalibrated,3.0,full_trifecta_market_proxy,0.0,0,0
2026-10-07,四日市,1,014820261007,1791356640,1791356340,4,7,14092,山出裕幸,追,81.14,,,,,0.09127881764987734,0.03955857840894361,0.13596277799866405,0.15852978354337977,position_specialists,0.03955857840894361,False,,,A,0.142,0.3329999999999999,0.15,0.07,-0.036011897200828494,0.038655834122516726,-0.07268609172334015,-0.05277250456908145,0.0074944248701012545,,0,,,0,,cumulative_place,0.17828114534517467,0.2028885488008718,False,3.955857840894361,13.596277799866407,15.852978354337978,4,4,4,coverage_validated_cumulative_scores_uncalibrated,4.0,full_trifecta_market_proxy,0.0,0,0
2026-10-07,四日市,1,014820261007,1791356640,1791356340,5,1,14532,柴田竜史,追,81.41,,,,,0.06749057073813955,0.038169821448272655,0.08715055297442206,0.10247457443751906,position_specialists,0.038169821448272655,False,,,A,0.166,0.208,0.19,0.04,0.005238094138302327,0.09661854672995691,-0.020987665512020394,0.02537139642744301,0.004988246294706262,,0,,,0,,cumulative_place,0.10576972512941364,0.13259619024230002,False,3.8169821448272656,8.715055297442207,10.247457443751907,5,5,5,coverage_validated_cumulative_scores_uncalibrated,5.0,full_trifecta_market_proxy,0.0,0,0
2026-10-07,四日市,1,014820261007,1791356640,1791356340,6,6,15045,大関祐也,逃,79.62,,,,,0.058305804734738335,0.019103889566068795,0.061023617970534655,0.06887921209495909,position_specialists,0.019103889566068795,False,,,A,0.0409999999999999,0.3329999999999999,0.1,0.15,-0.2010118625573525,-0.0429492505917872,-0.05861697915192374,-0.05277250456908145,0.005800540257865583,,0,,,0,,cumulative_place,0.06359754870527448,0.08432053660002055,False,1.9103889566068795,6.102361797053466,6.88792120949591,6,6,7,coverage_validated_cumulative_scores_uncalibrated,6.0,full_trifecta_market_proxy,0.0,0,0
2026-10-07,四日市,1,014820261007,1791356640,1791356340,7,4,14533,加藤正法,追,79.85,,,,,0.018507291879421368,0.004761019082479226,0.04490639835594215,0.0848590644746171,position_specialists,0.004761019082479226,False,,,A,0.047,0.19,0.0,0.18,-0.0772618885399595,-0.22736213409622458,-0.17608294414597964,-0.05277250456908145,0.0067837630997,,0,,,0,,cumulative_place,0.06990792187294591,0.16339190013407587,False,0.4761019082479226,4.490639835594216,8.48590644746171,7,7,6,coverage_validated_cumulative_scores_uncalibrated,7.0,full_trifecta_market_proxy,0.0,0,0
2026-10-07,大宮,12,122520261007,1791357060,1791356760,1,5,15799,森田一郎,逃,108.55,,,,,0.43427816891511517,0.5307562369416405,0.33612102247401626,0.2720998535168934,position_specialists,0.5307562369416404,False,,0.35431052676945113,A,0.35,0.45,0.11,0.11,0.1084226303988103,0.15931368210597993,0.10515426382911308,0.0617394906513032,0.010781061271161468,,0,,,0,,cumulative_place,0.25464924818252066,0.10667171344781631,False,53.07562369416405,33.61210224740163,27.209985351689333,1,1,1,coverage_validated_cumulative_scores_uncalibrated,1.0,full_trifecta_market_proxy,0.0,0,0
2026-10-07,大宮,12,122520261007,1791357060,1791356760,2,3,15815,栗山和樹,逃,105.8,,,,,0.20656795674984435,0.17644571017218932,0.1796223897094979,0.18780986883251466,position_specialists,0.1764457101721893,False,,,A,0.272,0.4539999999999999,0.16,0.0,-0.1250984510327682,0.32856907774492117,-0.09843673323030484,0.013719886811400739,0.013983951079933488,,0,,,0,,cumulative_place,0.15725720046283614,0.20896598742950828,False,17.644571017218933,17.962238970949794,18.78098688325146,2,3,3,coverage_validated_cumulative_scores_uncalibrated,2.0,full_trifecta_market_proxy,0.0,0,0
2026-10-07,大宮,12,122520261007,1791357060,1791356760,3,7,15186,南潤,逃,104.44,,,,,0.1428017774439209,0.1520041530986847,0.13541443570555717,0.15484349498669606,position_specialists,0.15200415309868467,False,,,A,0.24,0.4,0.15,0.1,0.23405514201374514,0.062120626082348696,0.03212388471171157,-0.03429971702850176,0.009992970966218257,,0,,,0,,cumulative_place,0.12928284100722034,0.20504740710712677,False,15.20041530986847,13.541443570555721,15.484349498669602,3,4,4,coverage_validated_cumulative_scores_uncalibrated,4.0,full_trifecta_market_proxy,1.0,0,0
2026-10-07,大宮,12,122520261007,1791357060,1791356760,4,1,14580,久木原洋,追,100.07,,,,,0.15402923764364,0.10621772024106922,0.22782095373887257,0.20234847868782135,position_specialists,0.10621772024106921,False,,,A,0.3329999999999999,0.407,0.17,0.04,-0.10480263396152995,-0.13795759116850861,0.1937500699034635,0.013719886811400739,0.011010134431962987,,0,,,0,,cumulative_place,0.2890690875352283,0.13652862192335735,False,10.621772024106923,22.78209537388726,20.234847868782133,4,2,2,coverage_validated_cumulative_scores_uncalibrated,3.0,full_trifecta_market_proxy,-1.0,0,0
2026-10-07,大宮,12,122520261007,1791357060,1791356760,5,2,14622,高市訓但,追,96.75,,,,,0.02758814420161069,0.017717417701296697,0.04622178802406044,0.065841188224644,position_specialists,0.017717417701296694,False,,,A,0.102,0.413,0.2,0.09,0.1084226303988103,0.036989909674027516,-0.09843673323030484,0.0617394906513032,0.013571747035465636,,0,,,0,,cumulative_place,0.06168796729651638,0.11653693366826605,False,1.7717417701296696,4.622178802406045,6.584118822464399,5,5,6,coverage_validated_cumulative_scores_uncalibrated,5.0,full_trifecta_market_proxy,0.0,0,0
2026-10-07,大宮,12,122520261007,1791357060,1791356760,6,6,15727,中原航大,逃,95.2,,,,,0.023554509550750172,0.013055769836262452,0.042834529552166656,0.047101856746887716,position_specialists,0.01305576983626245,False,,,A,0.16,0.36,0.12,0.15,-0.11049965890853396,0.10099784849180114,-0.08267544628086924,0.0617394906513032,0.009745738913420494,,0,,,0,,cumulative_place,0.05883720989529887,0.05812845954699727,False,1.3055769836262452,4.283452955216666,4.710185674688771,6,6,7,coverage_validated_cumulative_scores_uncalibrated,6.0,full_trifecta_market_proxy,0.0,0,0
2026-10-07,大宮,12,122520261007,1791357060,1791356760,7,4,14065,鰐淵圭佑,追,95.96,,,,,0.011180205495118646,0.0038029920088572208,0.031964880795828945,0.06995525900454283,position_specialists,0.0038029920088572203,False,,,A,0.1369999999999999,0.206,0.13,0.23,-0.11049965890853396,-0.18166745405648294,-0.05147930570280926,-0.1783585285482092,0.011921840763305082,,0,,,0,,cumulative_place,0.049216445620379225,0.1681208768769281,False,0.38029920088572206,3.1964880795828954,6.995525900454282,7,7,5,coverage_validated_cumulative_scores_uncalibrated,7.0,full_trifecta_market_proxy,0.0,0,0
2026-10-07,奈良,12,125320261007,1791357600,1791357300,1,4,13851,和田健太郎,追,113.06,,,,,0.45509162609229487,0.5716481978963412,0.37463107283953395,0.27911011093880345,position_specialists,0.5716481978963412,False,,0.4523491929551854,S,0.611,0.7090000000000001,0.23,0.1,0.04001928036497239,0.07802235244590913,0.2157113810570766,-0.06072843866271672,0.006569458831014724,,0,,,0,,cumulative_place,0.2743478874731628,0.11533991267243814,False,57.16481978963412,37.463107283953406,27.911011093880344,1,1,1,coverage_validated_cumulative_scores_uncalibrated,1.0,full_trifecta_market_proxy,0.0,0,0
2026-10-07,奈良,12,125320261007,1791357600,1791357300,2,1,15715,平野想真,逃,103.04,,,,,0.1406372903708734,0.11929900494115585,0.18612029407006556,0.1640741905498878,position_specialists,0.11929900494115585,False,,,S,0.346,0.391,0.11,0.06,0.008336897542034642,0.21993043388261022,0.05903191907845745,-0.06072843866271672,0.010517083294939358,,0,,,0,,cumulative_place,0.24280869983651396,0.12627625936644232,False,11.929900494115584,18.61202940700656,16.407419054988782,2,2,3,coverage_validated_cumulative_scores_uncalibrated,2.0,full_trifecta_market_proxy,0.0,0,0
2026-10-07,奈良,12,125320261007,1791357600,1791357300,3,7,15418,原大智,両,104.3,,,,,0.1221086899726104,0.10323328798232011,0.08136078142604332,0.10902554188410414,position_specialists,0.10323328798232011,False,,,S,0.391,0.652,0.13,0.23,0.2018482633503002,0.09024256065108696,0.00573083064271779,-0.06072843866271672,0.008024711916073114,,0,,,0,,cumulative_place,0.03057403064109129,0.15645663151149483,False,10.32332879823201,8.136078142604333,10.902554188410415,3,6,6,coverage_validated_cumulative_scores_uncalibrated,3.0,full_trifecta_market_proxy,0.0,0,0
2026-10-07,奈良,12,125320261007,1791357600,1791357300,4,2,14730,中田健太,追,103.5,,,,,0.09367241779238944,0.08203106524445689,0.12297939179201788,0.17036101786330457,position_specialists,0.08203106524445689,False,,,S,0.31,0.517,0.28,0.19,0.06542048230962152,0.20771022567743241,-0.029655238834457524,0.07661126108219647,0.009739244574583467,,0,,,0,,cumulative_place,0.1595065667531385,0.2515965722533621,False,8.203106524445689,12.29793917920179,17.036101786330455,4,3,2,coverage_validated_cumulative_scores_uncalibrated,5.0,full_trifecta_market_proxy,1.0,0,0
2026-10-07,奈良,12,125320261007,1791357600,1791357300,5,3,14497,川津悠揮,追,106.4,,,,,0.10327895949328651,0.0811042944064294,0.11179811376094112,0.12279404704063836,position_specialists,0.0811042944064294,False,,,S,0.363,0.4539999999999999,0.18,0.16,-0.14104488558871647,0.164480934600258,-0.05419190082361094,0.15509108950786116,0.00860809095634003,,0,,,0,,cumulative_place,0.12241608607221909,0.14164651813710002,False,8.110429440642939,11.179811376094113,12.279404704063836,5,4,4,coverage_validated_cumulative_scores_uncalibrated,6.0,full_trifecta_market_proxy,1.0,0,0
2026-10-07,奈良,12,125320261007,1791357600,1791357300,6,5,15349,寺沼拓摩,両,104.61,,,,,0.07577242705965871,0.04016955539754731,0.09687441425610524,0.11531739401538409,position_specialists,0.04016955539754731,False,,,S,0.428,0.428,0.12,0.14,-0.014299969421134259,-0.10428924919619789,-0.0442884423399589,-0.06072843866271672,0.009833279899019047,,0,,,0,,cumulative_place,0.1231751841125122,0.14693778802836102,False,4.016955539754731,9.687441425610526,11.531739401538408,6,5,5,coverage_validated_cumulative_scores_uncalibrated,4.0,full_trifecta_market_proxy,-2.0,0,3
2026-10-07,奈良,12,125320261007,1791357600,1791357300,7,6,14143,天田裕輝,追,96.3,,,,,0.009438589218886672,0.0025145941317492866,0.026235931855292823,0.039317697707877595,position_specialists,0.0025145941317492866,False,,,S,0.2,0.3,0.08,0.16,-0.16028006855707758,-0.2877311591870123,-0.15233854878022457,0.011211404060809239,0.009058280748093294,,0,,,0,,cumulative_place,0.04717154511136211,0.061746318030801606,False,0.25145941317492865,2.6235931855292827,3.9317697707877595,7,7,7,coverage_validated_cumulative_scores_uncalibrated,7.0,full_trifecta_market_proxy,0.0,0,0
2026-10-07,四日市,2,024820261007,1791358020,1791357720,1,4,15187,鮫島康治,逃,85.8,,,,,0.33800692102113816,0.42599176496960633,0.2753421759366827,0.24328849908696115,position_specialists,0.42599176496960633,False,,0.1055647034661008,B,0.19,0.5710000000000001,0.11,0.17,0.16550453867410597,0.1611629984000173,0.06831701779299681,0.1568929081105472,0.010164292719362755,,0,,,0,,cumulative_place,0.218804410698974,0.17450284841082744,False,42.59917649696063,27.534217593668274,24.328849908696114,1,1,1,coverage_validated_cumulative_scores_uncalibrated,2.0,full_trifecta_market_proxy,1.0,0,0
2026-10-07,四日市,2,024820261007,1791358020,1791357720,2,5,15847,寺師幸成,逃,86.33,,,,,0.3157206063951247,0.32042706150350553,0.23170468788555781,0.19749814440615043,position_specialists,0.32042706150350553,False,,,B,0.25,0.312,0.11,0.12,0.041265206693543915,0.22595737907685082,0.02123990640156659,0.04706787243316416,0.013089149679008774,,0,,,0,,cumulative_place,0.15590333785177846,0.12409254536539842,False,32.042706150350554,23.170468788555784,19.749814440615044,2,2,2,coverage_validated_cumulative_scores_uncalibrated,1.0,full_trifecta_market_proxy,-1.0,0,0
2026-10-07,四日市,2,024820261007,1791358020,1791357720,3,3,13493,立花成泰,追,84.2,,,,,0.13165532710336347,0.15971228683581315,0.15133415410215298,0.13784317506851282,position_specialists,0.15971228683581315,False,,,B,0.29,0.375,0.19,0.03,0.10959683928285303,0.25698298059515673,0.17607911542267196,0.04706787243316416,0.007557616903076595,,0,,,0,,cumulative_place,0.16908890439295143,0.10889218216252809,False,15.971228683581314,15.1334154102153,13.784317506851282,3,4,4,coverage_validated_cumulative_scores_uncalibrated,3.0,full_trifecta_market_proxy,0.0,0,0
2026-10-07,四日市,2,024820261007,1791358020,1791357720,4,7,13333,小西誠也,追,81.94,,,,,0.11225205275990444,0.05717734873741773,0.18738125552044763,0.17921601464683387,position_specialists,0.05717734873741773,False,,,B,0.2769999999999999,0.2769999999999999,0.14,0.14,-0.030172409195279238,-0.04539079589673293,0.03981312167283149,-0.06275716324421889,0.0115024679262165,,0,,,0,,cumulative_place,0.255164779134038,0.16169379998634126,False,5.717734873741772,18.738125552044767,17.921601464683388,4,3,3,coverage_validated_cumulative_scores_uncalibrated,4.0,full_trifecta_market_proxy,0.0,0,0
2026-10-07,四日市,2,024820261007,1791358020,1791357720,5,2,13385,鎌田聡,追,80.11,,,,,0.04162476483248095,0.017012421897763176,0.051619094258195504,0.07212827726406008,position_specialists,0.017012421897763176,False,,,B,0.1169999999999999,0.176,0.02,0.05,-0.0022185594996526367,0.08419796545693406,-0.16458586895192928,-0.06275716324421889,0.007349490364310737,,0,,,0,,cumulative_place,0.0606362385874005,0.11613999874326235,False,1.7012421897763177,5.161909425819552,7.212827726406008,5,6,6,coverage_validated_cumulative_scores_uncalibrated,5.0,full_trifecta_market_proxy,0.0,0,0
2026-10-07,四日市,2,024820261007,1791358020,1791357720,6,6,15506,佐藤啓斗,逃,78.43,,,,,0.03394842495167,0.011627439886281126,0.04297223336023247,0.05052974507865593,position_specialists,0.011627439886281126,False,,,B,0.086,0.13,0.07,0.02,-0.19789550736903785,-0.09801452430731672,0.02372257661379168,-0.06275716324421889,0.007868695998669602,,0,,,0,,cumulative_place,0.05111374834869642,0.06674780216712935,False,1.1627439886281126,4.297223336023247,5.052974507865593,6,7,7,coverage_validated_cumulative_scores_uncalibrated,7.0,full_trifecta_market_proxy,1.0,0,0
2026-10-07,四日市,2,024820261007,1791358020,1791357720,7,1,13270,中川貴史,追,81.52,,,,,0.026791902936318248,0.008051676169612994,0.05964639893673095,0.11949614444882574,position_specialists,0.008051676169612994,False,,,B,0.095,0.285,0.08,0.13,-0.0860801085865322,-0.21652990445082268,-0.16458586895192928,-0.06275716324421889,0.007900868672678085,,0,,,0,,cumulative_place,0.08928858098616128,0.2479308231645131,False,0.8051676169612995,5.964639893673096,11.949614444882574,7,5,5,coverage_validated_cumulative_scores_uncalibrated,6.0,full_trifecta_market_proxy,-1.0,0,0
2026-10-07,四日市,3,034820261007,1791359400,1791359100,1,4,13435,中石昌芳,追,88.95,,,,,0.4459167965608973,0.45586406346875397,0.18123541588048464,0.119573577003972,position_specialists,0.4558640634687541,False,,0.09340437278420727,B,0.375,0.6659999999999999,0.36,0.15,0.10047080928253525,0.04929838272417387,0.16529101466528273,-0.058690595390242434,0.00301715933918172,,0,,,0,,cumulative_place,,,False,45.5864063468754,18.123541588048464,11.957357700397198,1,2,5,coverage_validated_cumulative_scores_uncalibrated,1.0,full_trifecta_market_proxy,0.0,0,0
2026-10-07,四日市,3,034820261007,1791359400,1791359100,2,2,15277,高井流星,逃,87.44,,,,,0.2923281363184575,0.36245969068454675,0.2518887234367889,0.12681298780378558,position_specialists,0.3624596906845468,False,,,B,0.481,0.5920000000000001,0.29,0.11,0.04531036497055518,0.19655408269212565,0.21078744778766145,0.0045146611838648015,0.0018802587186204929,,0,,,0,,cumulative_place,,,False,36.24596906845468,25.18887234367889,12.681298780378555,2,1,4,coverage_validated_cumulative_scores_uncalibrated,2.0,full_trifecta_market_proxy,0.0,0,0
2026-10-07,四日市,3,034820261007,1791359400,1791359100,3,5,15531,深瀬泰我,逃,83.5,,,,,0.10825538866421422,0.08888549041875364,0.13486466982998507,0.15105445947586943,position_specialists,0.08888549041875365,False,,,B,0.25,0.375,0.21,0.16,0.10047080928253525,0.1299276065659471,0.03198083111087041,0.06771991775797204,0.0018802587186204929,,0,,,0,,cumulative_place,,,False,8.888549041875365,13.486466982998508,15.10544594758694,3,4,2,coverage_validated_cumulative_scores_uncalibrated,3.0,full_trifecta_market_proxy,0.0,0,0
2026-10-07,四日市,3,034820261007,1791359400,1791359100,4,3,15109,大利航平,両,83.17,,,,,0.07788398175542748,0.06629493821804945,0.10672254330444184,0.11548885117860727,position_specialists,0.06629493821804947,False,,,B,0.25,0.3329999999999999,0.26,0.0,0.06369717974121515,0.3158042872288879,0.05947728212376553,-0.058690595390242434,0.0015741700900078544,,0,,,0,,cumulative_place,,,False,6.629493821804945,10.672254330444183,11.548885117860726,4,6,6,coverage_validated_cumulative_scores_uncalibrated,4.0,full_trifecta_market_proxy,0.0,0,0
2026-10-07,四日市,3,034820261007,1791359400,1791359100,5,1,12421,小沼良,追,85.33,,,,,0.04215171176981499,0.014436056861034918,0.13888418168847008,0.13052651735507154,position_specialists,0.014436056861034921,False,,,B,0.0,0.0,0.0,0.0,-0.23508856028201047,-0.061745744152790355,-0.18195128573873404,-0.058690595390242434,0.00301715933918172,,0,,,0,,cumulative_place,,,False,1.4436056861034918,13.888418168847009,13.05265173550715,5,3,3,coverage_validated_cumulative_scores_uncalibrated,5.0,full_trifecta_market_proxy,0.0,0,0
2026-10-07,四日市,3,034820261007,1791359400,1791359100,6,6,15459,中村泰輔,逃,78.71,,,,,0.019474278191134526,0.0064947278605506625,0.07578789501984634,0.08474843892232571,position_specialists,0.006494727860550664,False,,,B,0.047,0.19,0.14,0.14,-0.08339733842406512,-0.04774299643719558,-0.10363400421011196,-0.058690595390242434,0.00034981557555730127,,0,,,0,,cumulative_place,,,False,0.6494727860550662,7.578789501984634,8.474843892232569,6,7,7,coverage_validated_cumulative_scores_uncalibrated,7.0,full_trifecta_market_proxy,1.0,0,0
2026-10-07,四日市,3,034820261007,1791359400,1791359100,7,7,12042,山原利秀,追,81.79,,,,,0.01398970674005414,0.005565032488310424,0.11061657083998305,0.2717951682603686,position_specialists,0.005565032488310425,False,,,B,0.0,0.166,0.04,0.29,0.008536735429235068,-0.21372951974706225,-0.18195128573873404,0.1625278026191329,0.00034981557555730127,,0,,,0,,cumulative_place,,,False,0.5565032488310424,11.061657083998305,27.179516826036853,7,5,1,coverage_validated_cumulative_scores_uncalibrated,6.0,full_trifecta_market_proxy,-1.0,0,0
2026-10-07,四日市,4,044820261007,1791360780,1791360480,1,7,15783,吉田優斗,逃,88.0,,,,,0.458182182003694,0.561968079416375,0.16707026485956114,0.08933405295614762,position_specialists,0.561968079416375,False,,0.33549747129047325,A,0.578,0.578,0.25,0.1,0.1420202215185461,0.2506854044597468,0.17314415968247965,-0.009217480159390863,0.003586807325378406,,0,,,0,,cumulative_place,,,False,56.1968079416375,16.707026485956114,8.933405295614762,1,3,6,coverage_validated_cumulative_scores_uncalibrated,,unavailable,,0,0
2026-10-07,四日市,4,044820261007,1791360780,1791360480,2,5,15754,成海大聖,逃,86.14,,,,,0.20328785445157102,0.22647060812590178,0.20489988860499533,0.18697179612375864,position_specialists,0.22647060812590178,False,,,A,0.3329999999999999,0.476,0.12,0.12,-0.06259519118904726,0.2816708220737625,0.16233808554248585,0.19151875442289906,0.0024350802025504777,,0,,,0,,cumulative_place,,,False,22.647060812590176,20.489988860499533,18.697179612375862,2,2,1,coverage_validated_cumulative_scores_uncalibrated,,unavailable,,0,0
2026-10-07,四日市,4,044820261007,1791360780,1791360480,3,2,12721,梅山英樹,追,87.27,,,,,0.22017102125208654,0.16318231103761918,0.2377040343356307,0.1281673245656074,position_specialists,0.16318231103761918,False,,,A,0.222,0.444,0.31,0.16,0.1420202215185461,0.055425791958205226,0.030465858963163686,-0.04745295341316038,0.0003290648922365512,,0,,,0,,cumulative_place,,,False,16.318231103761917,23.770403433563068,12.81673245656074,3,1,5,coverage_validated_cumulative_scores_uncalibrated,,unavailable,,0,0
2026-10-07,四日市,4,044820261007,1791360780,1791360480,4,3,14782,山口幸太郎,追,80.86,,,,,0.06095564253514421,0.026911631328055626,0.14875475431831467,0.1760656436649528,position_specialists,0.026911631328055626,False,,,A,0.217,0.26,0.16,0.06,-0.15560219696522606,0.00894766553718174,0.12755524293352447,-0.03550436802135741,0.0007897557413677228,,0,,,0,,cumulative_place,,,False,2.6911631328055625,14.875475431831466,17.60656436649528,4,4,3,coverage_validated_cumulative_scores_uncalibrated,,unavailable,,0,0
2026-10-07,四日市,4,044820261007,1791360780,1791360480,5,4,13932,井上雄三,追,82.54,,,,,0.030612509515202953,0.01496312953857024,0.11252966941499365,0.18228768898488815,position_specialists,0.01496312953857024,False,,,A,0.125,0.375,0.03,0.24,0.08621601805283878,-0.0077226821344953175,-0.042646756538229406,-0.004438046002669676,0.00148079201506448,,0,,,0,,cumulative_place,,,False,1.4963129538570241,11.252966941499364,18.228768898488816,5,5,2,coverage_validated_cumulative_scores_uncalibrated,,unavailable,,0,0
2026-10-07,四日市,4,044820261007,1791360780,1791360480,6,1,14625,藤野貴章,追,81.66,,,,,0.012853207839223281,0.003401031058959575,0.07728769894262308,0.16540823866175616,position_specialists,0.003401031058959575,False,,,A,0.055,0.3329999999999999,0.05,0.15,-0.0997979934995188,-0.14715706139756582,-0.18887198754101558,-0.04745295341316038,0.0012504465904988942,,0,,,0,,cumulative_place,,,False,0.3401031058959575,7.7287698942623075,16.540823866175618,6,6,4,coverage_validated_cumulative_scores_uncalibrated,,unavailable,,0,0
2026-10-07,四日市,4,044820261007,1791360780,1791360480,7,6,14328,藤田洋平,追,80.35,,,,,0.013937582403077988,0.003103209494518514,0.05175368952388147,0.07176525504288926,position_specialists,0.003103209494518514,False,,,A,0.0,0.2,0.0,0.0,-0.05226107943613854,-0.1997807898081496,-0.2619846030424087,-0.04745295341316038,0.0021718282887612374,,0,,,0,,cumulative_place,,,False,0.3103209494518514,5.175368952388147,7.176525504288926,7,7,7,coverage_validated_cumulative_scores_uncalibrated,,unavailable,,0,0
2026-10-07,四日市,5,054820261007,1791362160,1791361860,1,4,14036,篠原龍馬,両,90.8,,,,,0.23432778446017116,0.37051620859351975,0.10037807035947038,0.11399689548239798,position_specialists,0.37051620859351975,False,,0.013559845560445316,C,0.475,0.619,0.13,0.02,0.18170658704939038,0.35457902925434126,0.231495192910458,0.08624055904009736,0.003645701474408777,,0,,,0,,cumulative_place,,,False,37.05162085935198,10.037807035947038,11.3996895482398,1,5,6,coverage_validated_cumulative_scores_uncalibrated,,unavailable,,0,0
2026-10-07,四日市,5,054820261007,1791362160,1791361860,2,2,15445,内藤久文,逃,93.0,,,,,0.356715945341731,0.35695636303307443,0.24483142416351983,0.1832762345446797,position_specialists,0.35695636303307443,False,,,C,0.475,0.5710000000000001,0.11,0.06,0.08469374820098702,-0.00372683314031541,0.14060020798283943,-0.09994233010254272,0.0,,0,,,0,,cumulative_place,,,False,35.695636303307445,24.48314241635198,18.327623454467975,2,1,2,coverage_validated_cumulative_scores_uncalibrated,,unavailable,,0,0
2026-10-07,四日市,5,054820261007,1791362160,1791361860,3,1,13439,青井賢治,追,92.23,,,,,0.17126672336043985,0.16669150014244957,0.19746303720966618,0.1745244197067931,position_specialists,0.16669150014244957,False,,,C,0.428,0.642,0.19,0.14,0.02540812446029611,0.20951676461959726,-0.02459974124518273,0.08624055904009736,0.0014582805897635105,,0,,,0,,cumulative_place,,,False,16.669150014244956,19.74630372096662,17.452441970679313,3,2,3,coverage_validated_cumulative_scores_uncalibrated,,unavailable,,0,0
2026-10-07,四日市,5,054820261007,1791362160,1791361860,4,3,15421,秋本耀太郎,逃,89.58,,,,,0.07776865806673688,0.036588006847888356,0.11542589796313728,0.12024212675755082,position_specialists,0.036588006847888356,False,,,C,0.25,0.4579999999999999,0.05,0.12,-0.036572300359517085,-0.02843758227098139,0.02784599070688336,-0.09994233010254272,0.0017013273547240955,,0,,,0,,cumulative_place,,,False,3.6588006847888357,11.542589796313727,12.024212675755084,4,4,5,coverage_validated_cumulative_scores_uncalibrated,,unavailable,,0,0
2026-10-07,四日市,5,054820261007,1791362160,1791361860,5,7,14475,高間悠平,追,91.05,,,,,0.0735386891013232,0.03289505236632456,0.17649713800796554,0.1872282934798852,position_specialists,0.03289505236632456,False,,,C,0.175,0.47,0.24,0.22,-0.1820915586321219,0.0365415207049354,-0.20552519721685275,0.08624055904009736,0.0009721870598423402,,0,,,0,,cumulative_place,,,False,3.289505236632456,17.649713800796555,18.722829347988522,5,3,1,coverage_validated_cumulative_scores_uncalibrated,,unavailable,,0,0
2026-10-07,四日市,5,054820261007,1791362160,1791361860,6,5,14711,相澤政宏,追,91.38,,,,,0.05533352790254756,0.022184266839717106,0.09337941953695664,0.12669287636096382,position_specialists,0.022184266839717106,False,,,C,0.142,0.3329999999999999,0.17,0.17,-0.1093319294958195,-0.04994610125239554,-0.20552519721685275,-0.049165178518186345,0.002916561179527021,,0,,,0,,cumulative_place,,,False,2.2184266839717104,9.337941953695664,12.669287636096383,6,6,4,coverage_validated_cumulative_scores_uncalibrated,,unavailable,,0,0
2026-10-07,四日市,5,054820261007,1791362160,1791361860,7,6,14561,高橋義秋,両,89.5,,,,,0.031048671767050208,0.014168602177026184,0.07202501275928415,0.09403915366772929,position_specialists,0.014168602177026184,False,,,C,0.29,0.4579999999999999,0.5,0.0,0.03618732877678544,-0.20278442745167882,0.03570874407870727,-0.009671838397020256,0.0004860935299211707,,0,,,0,,cumulative_place,,,False,1.4168602177026184,7.202501275928415,9.40391536677293,7,7,7,coverage_validated_cumulative_scores_uncalibrated,,unavailable,,0,0
2026-10-07,四日市,6,064820261007,1791363600,1791363300,1,5,15837,小川三士郎,逃,100.6,,,,,0.3377652069846024,0.4406122601441071,0.24476240351961076,0.14167114180930512,position_specialists,0.4406122601441071,False,,0.0963426507732007,B,0.26,0.391,0.1,0.09,0.07456761057520689,0.36805054068290927,0.12596839705410862,0.11737150999845503,0.004448138594826014,,0,,,0,,cumulative_place,,,False,44.06122601441071,24.476240351961074,14.167114180930513,1,1,4,coverage_validated_cumulative_scores_uncalibrated,,unavailable,,0,0
2026-10-07,四日市,6,064820261007,1791363600,1791363300,2,3,14188,原誠宏,追,103.35,,,,,0.3673382438388515,0.3442696093709064,0.18495332872265052,0.11635885694365777,position_specialists,0.3442696093709064,False,,,B,0.284,0.38,0.21,0.18,0.10608297806359632,0.08700193465390539,0.15150424646384889,-0.06459371691190142,0.0010791342153128197,,0,,,0,,cumulative_place,,,False,34.42696093709064,18.495332872265053,11.635885694365777,2,3,6,coverage_validated_cumulative_scores_uncalibrated,,unavailable,,0,0
2026-10-07,四日市,6,064820261007,1791363600,1791363300,3,2,15050,堀内俊介,両,102.13,,,,,0.16795919435879386,0.14061354305451773,0.1820647100591982,0.14152104158431167,position_specialists,0.14061354305451773,False,,,B,0.13,0.434,0.1,0.23,0.16320458163630208,0.11288934375851871,0.025837044600307425,-0.06459371691190142,0.0003421645072943085,,0,,,0,,cumulative_place,,,False,14.061354305451774,18.20647100591982,14.152104158431166,3,4,5,coverage_validated_cumulative_scores_uncalibrated,,unavailable,,0,0
2026-10-07,四日市,6,064820261007,1791363600,1791363300,4,7,12813,成清貴之,追,97.92,,,,,0.09948300200417956,0.06525676910231754,0.20505059757625008,0.22090299722565454,position_specialists,0.06525676910231754,False,,,B,0.192,0.384,0.24,0.18,-0.03179675469810718,0.06737415027510608,0.09088246819893817,0.02363184765069564,0.0018161039233313306,,0,,,0,,cumulative_place,,,False,6.525676910231754,20.50505975762501,22.090299722565454,4,2,1,coverage_validated_cumulative_scores_uncalibrated,,unavailable,,0,0
2026-10-07,四日市,6,064820261007,1791363600,1791363300,5,4,13420,土屋裕二,追,95.63,,,,,0.010654556685010306,0.004894754740888722,0.07731042097648477,0.14839685151810036,position_specialists,0.004894754740888722,False,,,B,0.157,0.315,0.0,0.15,-0.04952414891032614,-0.11354103009039013,-0.030361088330883225,0.11737150999845503,0.0005790476277288305,,0,,,0,,cumulative_place,,,False,0.4894754740888722,7.731042097648477,14.839685151810036,5,5,3,coverage_validated_cumulative_scores_uncalibrated,,unavailable,,0,0
2026-10-07,四日市,6,064820261007,1791363600,1791363300,6,1,14028,山口泰生,追,94.11,,,,,0.009007095810776453,0.0027005512895402215,0.06489890274246583,0.16550569102934296,position_specialists,0.0027005512895402215,False,,,B,0.111,0.111,0.07,0.0,-0.07119096405859392,-0.11354103009039013,-0.15160464486070463,-0.06459371691190142,2.6320346714947143e-05,,0,,,0,,cumulative_place,,,False,0.27005512895402217,6.489890274246584,16.550569102934297,6,6,2,coverage_validated_cumulative_scores_uncalibrated,,unavailable,,0,0
2026-10-07,四日市,6,064820261007,1791363600,1791363300,7,6,14026,高橋成英,両,91.75,,,,,0.007792700317785969,0.0016525122977222165,0.040959636403339876,0.06564341988962764,position_specialists,0.0016525122977222165,False,,,B,0.0,0.0,0.0,0.0,-0.19134330260807844,-0.16616475850097392,-0.21222642312561535,-0.06459371691190142,0.0018161039233313306,,0,,,0,,cumulative_place,,,False,0.16525122977222165,4.095963640333988,6.564341988962765,7,7,7,coverage_validated_cumulative_scores_uncalibrated,,unavailable,,0,0
2026-10-07,四日市,7,074820261007,1791365040,1791364740,1,2,14222,木暮安由,追,102.2,,,,,0.4284990563289085,0.5751431530776411,0.16441490308646212,0.12383851815972498,position_specialists,0.5751431530776411,False,,0.37557976350748923,A,0.31,0.4479999999999999,0.2,0.1,0.14608154404157533,0.16329190445585443,0.2242536969053731,0.06017937259749013,0.0,,0,,,0,,cumulative_place,,,False,57.51431530776411,16.441490308646213,12.383851815972498,1,4,5,coverage_validated_cumulative_scores_uncalibrated,,unavailable,,0,0
2026-10-07,四日市,7,074820261007,1791365040,1791364740,2,1,15744,橋本宇宙,逃,99.92,,,,,0.21003046700602496,0.19956338957015185,0.18812660328688954,0.1370844290561239,position_specialists,0.19956338957015185,False,,,A,0.36,0.48,0.15,0.12,0.08168641442324823,0.06637557020587524,0.20065985620422827,-0.046806178686936754,0.001123902973898033,,0,,,0,,cumulative_place,,,False,19.956338957015184,18.812660328688953,13.708442905612388,2,3,3,coverage_validated_cumulative_scores_uncalibrated,,unavailable,,0,0
2026-10-07,四日市,7,074820261007,1791365040,1791364740,3,4,15517,橋本壮史,逃,100.15,,,,,0.2129993012033199,0.12548703849561937,0.19225417994561023,0.16626081459784212,position_specialists,0.12548703849561937,False,,,A,0.133,0.2,0.2,0.15,-0.009540019202715086,0.06637557020587524,-0.06818148106650765,-0.046806178686936754,0.0,,0,,,0,,cumulative_place,,,False,12.548703849561937,19.225417994561024,16.62608145978421,3,2,2,coverage_validated_cumulative_scores_uncalibrated,,unavailable,,0,0
2026-10-07,四日市,7,074820261007,1791365040,1791364740,4,3,14929,小酒大勇,追,95.6,,,,,0.103072680058058,0.07253578515481077,0.27831560093737034,0.2738369860798857,position_specialists,0.07253578515481077,False,,,A,0.08,0.16,0.15,0.1,0.03875632801103023,0.38475493365283164,-0.06828723701636366,-0.046806178686936754,0.0011239029738980327,,0,,,0,,cumulative_place,,,False,7.253578515481077,27.831560093737036,27.38369860798857,4,1,1,coverage_validated_cumulative_scores_uncalibrated,,unavailable,,0,0
2026-10-07,四日市,7,074820261007,1791365040,1791364740,5,7,14729,高橋昇平,追,98.65,,,,,0.03596919724276872,0.024885359063566034,0.11300852760605384,0.13026896047575923,position_specialists,0.024885359063566034,False,,,A,0.15,0.3,0.1,0.3,0.07095389282019375,-0.054880690074730114,-0.02649567502754413,0.17385152083719368,0.004120977570959454,,0,,,0,,cumulative_place,,,False,2.4885359063566033,11.300852760605384,13.026896047575923,5,5,4,coverage_validated_cumulative_scores_uncalibrated,,unavailable,,0,0
2026-10-07,四日市,7,074820261007,1791365040,1791364740,6,6,13204,佐野梅一,追,90.67,,,,,0.00519597214428169,0.0011960969004775838,0.03140487954373451,0.05379651792255296,position_specialists,0.0011960969004775838,False,,,A,0.0,0.0,0.0,0.0,-0.1735090992493812,-0.2182359330838025,-0.15187036099400275,-0.046806178686936754,0.0020604887854797265,,0,,,0,,cumulative_place,,,False,0.11960969004775837,3.140487954373451,5.379651792255296,6,7,7,coverage_validated_cumulative_scores_uncalibrated,,unavailable,,0,0
2026-10-07,四日市,7,074820261007,1791365040,1791364740,7,5,13074,島田竜二,追,92.52,,,,,0.004233326016638195,0.0011891777377333636,0.03247530559387936,0.1149137737081112,position_specialists,0.0011891777377333636,False,,,A,0.04,0.08,0.03,0.19,-0.15442906084395097,-0.16561220467321874,-0.1100787990051832,-0.046806178686936754,0.0020604887854797265,,0,,,0,,cumulative_place,,,False,0.11891777377333636,3.2475305593879358,11.49137737081112,7,6,6,coverage_validated_cumulative_scores_uncalibrated,,unavailable,,0,0
2026-10-07,四日市,8,084820261007,1791366480,1791366180,1,1,14767,藤井栄二,両,102.54,,,,,0.6123406303761354,0.7544712531825517,0.24978568455235498,0.17993997188102132,position_specialists,0.7544712531825516,False,,0.5746692774220985,S,0.4539999999999999,0.59,0.18,0.1,0.21832023141760454,0.38632888018820577,0.2130108245734062,0.03374089382348729,0.0032829526005987023,,0,,,0,,cumulative_place,,,False,75.44712531825517,24.978568455235497,17.993997188102128,1,1,2,coverage_validated_cumulative_scores_uncalibrated,,unavailable,,0,0
2026-10-07,四日市,8,084820261007,1791366480,1791366180,2,7,15458,貴志修己,逃,101.53,,,,,0.21422333280742561,0.17980197576045315,0.17922914815087457,0.09486961462514379,position_specialists,0.17980197576045312,False,,,S,0.481,0.517,0.17,0.14,0.08095019816607821,0.02583757410841474,0.22398628522778816,0.13766284679982815,0.0007445871877646538,,0,,,0,,cumulative_place,,,False,17.980197576045313,17.922914815087456,9.486961462514378,2,2,5,coverage_validated_cumulative_scores_uncalibrated,,unavailable,,0,0
2026-10-07,四日市,8,084820261007,1791366480,1791366180,3,2,15572,田村大,逃,98.34,,,,,0.0875050012281962,0.043844768513338316,0.1459663104064569,0.13274049786864556,position_specialists,0.04384476851333831,False,,,S,0.23,0.346,0.13,0.15,0.012265181540314998,0.012452027253231803,0.06568522758824018,0.0872764453567538,0.001861467969411635,,0,,,0,,cumulative_place,,,False,4.384476851333831,14.596631040645692,13.274049786864552,3,3,3,coverage_validated_cumulative_scores_uncalibrated,,unavailable,,0,0
2026-10-07,四日市,8,084820261007,1791366480,1791366180,4,4,15117,野崎将史,両,96.6,,,,,0.02958446346016819,0.009142359395593505,0.14171677073136044,0.12848337589949044,position_specialists,0.009142359395593503,False,,,S,0.086,0.26,0.1,0.13,-0.1251048517112114,0.17216013050527898,-0.11030532617278424,-0.07018105915285357,0.0007445871877646538,,0,,,0,,cumulative_place,,,False,0.9142359395593505,14.171677073136044,12.84833758994904,4,4,4,coverage_validated_cumulative_scores_uncalibrated,,unavailable,,0,0
2026-10-07,四日市,8,084820261007,1791366480,1791366180,5,6,14571,根本哲吏,両,93.68,,,,,0.023183945038483453,0.00544950175777341,0.08706196966943214,0.07064498382501237,position_specialists,0.005449501757773409,False,,,S,0.111,0.166,0.16,0.0,-0.12853910254249962,-0.01053980627391997,-0.09093732118453415,-0.04813700852150854,0.0031137282397430983,,0,,,0,,cumulative_place,,,False,0.544950175777341,8.706196966943214,7.0644983825012355,5,6,7,coverage_validated_cumulative_scores_uncalibrated,,unavailable,,0,0
2026-10-07,四日市,8,084820261007,1791366480,1791366180,6,5,14830,大洞翔平,追,98.0,,,,,0.01909172184087348,0.00458459140758728,0.11246460163847971,0.3047656864816836,position_specialists,0.004584591407587279,False,,,S,0.066,0.133,0.0,0.27,-0.042682831760295616,-0.17208482754626298,-0.15071984501605806,-0.07018105915285357,0.001455329503358187,,0,,,0,,cumulative_place,,,False,0.45845914075872796,11.24646016384797,30.476568648168353,6,5,1,coverage_validated_cumulative_scores_uncalibrated,,unavailable,,0,0
2026-10-07,四日市,8,084820261007,1791366480,1791366180,7,3,15612,小榑佑弥,逃,93.8,,,,,0.014070905248717694,0.00270554998270275,0.08377551485104129,0.08855586941900292,position_specialists,0.0027055499827027497,False,,,S,0.038,0.115,0.0,0.14,-0.015208825109990309,-0.22470855595684677,-0.15071984501605806,-0.07018105915285357,0.0009138115486202576,,0,,,0,,cumulative_place,,,False,0.270554998270275,8.377551485104128,8.85558694190029,7,7,6,coverage_validated_cumulative_scores_uncalibrated,,unavailable,,0,0
2026-10-07,四日市,9,094820261007,1791367980,1791367680,1,3,15440,長田龍拳,逃,102.73,,,,,0.3880969772966281,0.5070526911894817,0.19867007796108357,0.15127429637254994,position_specialists,0.5070526911894816,False,,0.3166121296292511,A,0.346,0.478,0.24,0.16,-0.034517509652256126,0.35005827144352164,0.1479336012827243,0.002180152173119524,0.003575976876249205,,0,,,0,,cumulative_place,,,False,50.70526911894817,19.86700779610836,15.127429637254993,1,2,2,coverage_validated_cumulative_scores_uncalibrated,,unavailable,,0,0
2026-10-07,四日市,9,094820261007,1791367980,1791367680,2,1,14883,才迫開,両,101.85,,,,,0.15858987431281046,0.1904405615602305,0.1577902124673421,0.14635900001999408,position_specialists,0.19044056156023048,False,,,A,0.356,0.4639999999999999,0.11,0.2,-0.06053840154395668,0.06342264048606744,0.2914119153045798,0.10137707605005666,0.0006310547428675065,,0,,,0,,cumulative_place,,,False,19.04405615602305,15.779021246734212,14.635900001999408,2,4,4,coverage_validated_cumulative_scores_uncalibrated,,unavailable,,0,0
2026-10-07,四日市,9,094820261007,1791367980,1791367680,3,4,14592,小島歩,追,99.81,,,,,0.18548415267505544,0.14391897126505354,0.2812504845722851,0.21560533474382712,position_specialists,0.1439189712650535,False,,,A,0.156,0.3429999999999999,0.13,0.15,0.032393355212117,0.11604636889665124,0.03000910327862264,0.002180152173119524,0.002313867390514192,,0,,,0,,cumulative_place,,,False,14.391897126505354,28.125048457228512,21.560533474382712,3,1,1,coverage_validated_cumulative_scores_uncalibrated,,unavailable,,0,0
2026-10-07,四日市,9,094820261007,1791367980,1791367680,4,7,15124,山本拳也,追,100.17,,,,,0.15505002688152653,0.10161077260661833,0.1604036063385095,0.14932835931525013,position_specialists,0.10161077260661831,False,,,A,0.235,0.294,0.16,0.18,0.1996705173730497,0.020501158577499814,-0.05198795195999241,-0.1504304999452453,0.0018090235962201862,,0,,,0,,cumulative_place,,,False,10.161077260661832,16.040360633850955,14.932835931525013,4,3,3,coverage_validated_cumulative_scores_uncalibrated,,unavailable,,0,0
2026-10-07,四日市,9,094820261007,1791367980,1791367680,5,5,14720,高橋広大,追,99.24,,,,,0.053353236919618865,0.028504104038509816,0.07857386174909127,0.10098464516429016,position_specialists,0.028504104038509812,False,,,A,0.12,0.4,0.26,0.24,0.032393355212117,-0.04319564830193446,-0.08274511399733343,-0.028341978250553446,0.0014303907504996825,,0,,,0,,cumulative_place,,,False,2.8504104038509817,7.857386174909128,10.098464516429017,5,5,7,coverage_validated_cumulative_scores_uncalibrated,,unavailable,,0,0
2026-10-07,四日市,9,094820261007,1791367980,1791367680,6,2,15604,安彦統賀,両,96.93,,,,,0.051411162696022375,0.026493731811802236,0.07244865544239756,0.11297053306003108,position_specialists,0.026493731811802233,False,,,A,0.062,0.187,0.13,0.16,0.032393355212117,0.06342264048606744,-0.1954993312732895,0.10137707605005666,0.00025242189714700286,,0,,,0,,cumulative_place,,,False,2.6493731811802235,7.244865544239757,11.297053306003107,6,6,6,coverage_validated_cumulative_scores_uncalibrated,,unavailable,,0,0
2026-10-07,四日市,9,094820261007,1791367980,1791367680,7,6,13852,五十嵐力,追,93.38,,,,,0.008014569218338163,0.0019791675283039934,0.050863101469290885,0.12347783132405757,position_specialists,0.001979167528303993,False,,,A,0.152,0.23,0.11,0.23,-0.2017946718131888,-0.20188933271378645,-0.1391222226353115,-0.028341978250553446,0.002019375177176022,,0,,,0,,cumulative_place,,,False,0.19791675283039933,5.0863101469290894,12.347783132405757,7,7,5,coverage_validated_cumulative_scores_uncalibrated,,unavailable,,0,0
2026-10-07,四日市,10,104820261007,1791369480,1791369180,1,4,15004,畑段嵐士,追,103.27,,,,,0.410537255425837,0.4321170156462986,0.28177903402308546,0.11803332659921008,position_specialists,0.39074873364093327,True,second_wheel+pace_conflict_consensus,0.062127198560652575,C,0.363,0.545,0.18,0.13,0.08320950562818238,0.18687060040312517,0.14589908222220097,-0.042753541460133805,0.001761634384512856,,0,,,0,,cumulative_place,,,False,43.21170156462986,28.177903402308544,11.803332659921008,1,1,3,coverage_validated_cumulative_scores_uncalibrated,,unavailable,,0,0
2026-10-07,四日市,10,104820261007,1791369480,1791369180,2,1,15825,南部翔大,逃,102.36,,,,,0.3276336601356225,0.36998981708564604,0.19206704527528093,0.09330803947579823,position_specialists,0.4234246755427107,True,second_wheel+pace_conflict_consensus,,C,0.4539999999999999,0.545,0.21,0.1,0.11675957829746547,0.3233806732092094,0.2422189317578756,-0.042753541460133805,0.0032123921129352064,,0,,,0,,cumulative_place,,,False,36.99898170856461,19.206704527528093,9.330803947579822,2,2,7,coverage_validated_cumulative_scores_uncalibrated,,unavailable,,0,0
2026-10-07,四日市,10,104820261007,1791369480,1791369180,3,5,14212,山崎将幸,追,102.34,,,,,0.15790406699587553,0.16306354800595288,0.15764034144942776,0.12464368429168092,position_specialists,0.14946110013058564,True,second_wheel+pace_conflict_consensus,,C,0.2689999999999999,0.5379999999999999,0.13,0.17,0.15030965096674856,0.14904384015979166,0.09951784127076543,0.026845246963339828,0.0022279493686486115,,0,,,0,,cumulative_place,,,False,16.306354800595287,15.764034144942777,12.464368429168092,3,3,2,coverage_validated_cumulative_scores_uncalibrated,,unavailable,,0,0
2026-10-07,四日市,10,104820261007,1791369480,1791369180,4,3,15325,後藤悠,逃,95.43,,,,,0.031958475498056964,0.012407152640354377,0.09088923702577857,0.10766582240341477,position_specialists,0.01316898763238616,True,second_wheel+pace_conflict_consensus,,C,0.1169999999999999,0.294,0.12,0.12,-0.1050436799050175,-0.017060168980792913,-0.10295541693766469,0.18692246033732915,0.0010362555203016794,,0,,,0,,cumulative_place,,,False,1.2407152640354377,9.088923702577857,10.766582240341476,4,6,5,coverage_validated_cumulative_scores_uncalibrated,,unavailable,,0,0
2026-10-07,四日市,10,104820261007,1791369480,1791369180,5,2,14723,石川裕二,追,96.84,,,,,0.028410256512688754,0.009800868178146627,0.10754259543565593,0.11201710131837372,position_specialists,0.009742856134584251,True,second_wheel+pace_conflict_consensus,,C,0.066,0.266,0.11,0.17,-0.004859435128685908,-0.021176580935209507,-0.1787696044378479,-0.042753541460133805,0.0022279493686486115,,0,,,0,,cumulative_place,,,False,0.9800868178146627,10.754259543565594,11.201710131837373,5,4,4,coverage_validated_cumulative_scores_uncalibrated,,unavailable,,0,0
2026-10-07,四日市,10,104820261007,1791369480,1791369180,6,6,15244,植原琢也,両,95.0,,,,,0.028808014858335677,0.009159189975019796,0.0789719413371239,0.10131304639307007,position_specialists,0.009883881391170853,True,second_wheel+pace_conflict_consensus,,C,0.107,0.285,0.06,0.12,-0.06776582138359177,-0.03597354910245973,-0.07352247038891704,-0.042753541460133805,0.0003108766560905041,,0,,,0,,cumulative_place,,,False,0.9159189975019796,7.89719413371239,10.131304639307007,6,7,6,coverage_validated_cumulative_scores_uncalibrated,,unavailable,,0,0
2026-10-07,四日市,10,104820261007,1791369480,1791369180,7,7,13783,上田裕和,追,95.7,,,,,0.014748270573583452,0.003462408468581674,0.09110980545364739,0.3430189795184522,position_specialists,0.00356976552762924,True,second_wheel+pace_conflict_consensus,,C,0.105,0.263,0.0,0.33,-0.17260979847510158,-0.21671871587957767,-0.13238836348641236,-0.042753541460133805,0.0018652599365430234,,0,,,0,,cumulative_place,,,False,0.3462408468581674,9.110980545364738,34.30189795184522,7,5,1,coverage_validated_cumulative_scores_uncalibrated,,unavailable,,0,0
2026-10-07,四日市,11,114820261007,1791371040,1791370740,1,3,15917,猿樂楓樹,逃,106.9,,,,,0.6967106736185993,0.8516189760200511,0.19428545181275877,0.21911929667711347,position_specialists,0.8516189760200513,False,,0.7977133957540713,S,0.619,0.7140000000000001,0.18,0.04,0.11899007902406365,0.3690846364546288,0.13299333946357395,0.15598531518411007,0.004572490263569783,,0,,,0,,cumulative_place,,,False,85.16189760200511,19.42854518127588,21.911929667711348,1,2,2,coverage_validated_cumulative_scores_uncalibrated,,unavailable,,0,0
2026-10-07,四日市,11,114820261007,1791371040,1791370740,2,7,15326,照井拓成,両,102.27,,,,,0.09226564256621891,0.05390558026598003,0.1548918568026668,0.1490177581023209,position_specialists,0.053905580265980045,False,,,S,0.363,0.59,0.17,0.12,0.14675443079634512,-0.07631843161695187,0.10113700082248861,0.08489825748301824,0.00204357106751722,,0,,,0,,cumulative_place,,,False,5.390558026598003,15.489185680266681,14.90177581023209,2,3,3,coverage_validated_cumulative_scores_uncalibrated,,unavailable,,0,0
2026-10-07,四日市,11,114820261007,1791371040,1791370740,3,5,14409,山本奨,両,101.26,,,,,0.10008378184430101,0.05100675314139407,0.3790931888460221,0.2501456246623313,position_specialists,0.051006753141394086,False,,,S,0.3329999999999999,0.518,0.19,0.17,0.021814847821078367,0.03440134915079462,0.14091215362256038,-0.057275857919165424,0.0009706962570706793,,0,,,0,,cumulative_place,,,False,5.100675314139407,37.90931888460222,25.01456246623313,3,1,1,coverage_validated_cumulative_scores_uncalibrated,,unavailable,,0,0
2026-10-07,四日市,11,114820261007,1791371040,1791370740,4,1,15036,尾形鉄馬,追,101.47,,,,,0.07139716534171889,0.0318251279941133,0.1280536633221301,0.11913727948796905,position_specialists,0.03182512799411331,False,,,S,0.315,0.473,0.15,0.17,0.06346137547950059,0.015035998365073733,0.021586695222345048,-0.057275857919165424,0.0006130713202551657,,0,,,0,,cumulative_place,,,False,3.18251279941133,12.805366332213014,11.913727948796906,4,4,4,coverage_validated_cumulative_scores_uncalibrated,,unavailable,,0,0
2026-10-07,四日市,11,114820261007,1791371040,1791370740,5,4,13798,木村直隆,追,97.37,,,,,0.01945033217805344,0.007065334370935052,0.06131662205297604,0.10024325114344684,position_specialists,0.007065334370935054,False,,,S,0.125,0.312,0.22,0.14,-0.04759603160962538,0.13122810307939908,-0.05796361037779851,-0.011780140990466655,0.0004598034901913753,,0,,,0,,cumulative_place,,,False,0.7065334370935052,6.131662205297605,10.024325114344684,5,5,6,coverage_validated_cumulative_scores_uncalibrated,,unavailable,,0,0
2026-10-07,四日市,11,114820261007,1791371040,1791370740,6,2,15113,酒井拳蔵,両,94.86,,,,,0.015675913327382114,0.003845364980426122,0.044423889610094296,0.05923937664725065,position_specialists,0.0038453649804261227,False,,,S,0.09,0.136,0.14,0.01,-0.15865343869875134,0.06892169927595485,-0.12160135717508386,-0.057275857919165424,0.0002554463834396522,,0,,,0,,cumulative_place,,,False,0.3845364980426122,4.4423889610094305,5.923937664725065,6,6,7,coverage_validated_cumulative_scores_uncalibrated,,unavailable,,0,0
2026-10-07,四日市,11,114820261007,1791371040,1791370740,7,6,14325,蓮井祐輝,追,94.11,,,,,0.004416491123726274,0.0007328632271001537,0.03793532755335175,0.10309741327956783,position_specialists,0.0007328632271001539,False,,,S,0.0,0.115,0.0,0.28,-0.14477126281261066,-0.17398725583481267,-0.21706422157808566,-0.057275857919165424,0.0011495087254784363,,0,,,0,,cumulative_place,,,False,0.07328632271001537,3.7935327553351756,10.309741327956782,7,7,5,coverage_validated_cumulative_scores_uncalibrated,,unavailable,,0,0
2026-10-07,四日市,12,124820261007,1791372600,1791372300,1,1,14930,杉森輝大,追,107.7,,,,,0.20356310654137005,0.25226601198066123,0.18201839182549026,0.13976606429575553,position_specialists,0.25226601198066123,False,,0.00957174171639455,C,0.295,0.444,0.14,0.16,0.04066707823619226,0.07811924891063689,0.10961815225237034,-0.09003181033527372,0.0013326728422176897,,0,,,0,,cumulative_place,,,False,25.226601198066124,18.20183918254903,13.976606429575554,1,3,4,coverage_validated_cumulative_scores_uncalibrated,,unavailable,,0,0
2026-10-07,四日市,12,124820261007,1791372600,1791372300,2,4,14045,吉本卓仁,両,101.9,,,,,0.21354221631998146,0.24269427026426668,0.20624308729706964,0.14787342598226155,position_specialists,0.24269427026426668,False,,,C,0.318,0.409,0.22,0.05,0.13555692745397488,0.20577229638287706,0.027249375494333053,0.15109686430180713,0.0034454468603676847,,0,,,0,,cumulative_place,,,False,24.26942702642667,20.624308729706968,14.787342598226157,2,1,3,coverage_validated_cumulative_scores_uncalibrated,,unavailable,,0,0
2026-10-07,四日市,12,124820261007,1791372600,1791372300,3,2,15518,吉田有希,逃,104.96,,,,,0.23905775160427323,0.20885564279727456,0.15602347032973765,0.20268092676596183,position_specialists,0.20885564279727456,False,,,C,0.4,0.44,0.2,0.07,-0.10166769559048144,0.13187306006025323,-0.06378875957845642,0.06341370988832322,0.0011701517638984592,,0,,,0,,cumulative_place,,,False,20.885564279727458,15.602347032973768,20.268092676596186,3,4,1,coverage_validated_cumulative_scores_uncalibrated,,unavailable,,0,0
2026-10-07,四日市,12,124820261007,1791372600,1791372300,4,7,15807,塩島嵩一朗,逃,102.68,,,,,0.12444843243686131,0.14523417448701728,0.07610000780055526,0.11486120777795754,position_specialists,0.14523417448701728,False,,,C,0.375,0.5,0.14,0.08,0.11183446514952922,0.19569958379637328,0.1399658427379487,-0.040710035977689,0.001397681273545382,,0,,,0,,cumulative_place,,,False,14.523417448701728,7.610000780055526,11.486120777795756,4,7,5,coverage_validated_cumulative_scores_uncalibrated,,unavailable,,0,0
2026-10-07,四日市,12,124820261007,1791372600,1791372300,5,3,15385,立部楓真,逃,104.36,,,,,0.08445920541266994,0.08142550089004423,0.11132201526675198,0.10366032790209175,position_specialists,0.08142550089004423,False,,,C,0.4,0.48,0.19,0.08,0.06438954054063792,-0.017055495324026927,0.14430052189532483,-0.09003181033527372,0.00019502529398307693,,0,,,0,,cumulative_place,,,False,8.142550089004423,11.1322015266752,10.366032790209177,5,5,6,coverage_validated_cumulative_scores_uncalibrated,,unavailable,,0,0
2026-10-07,四日市,12,124820261007,1791372600,1791372300,6,5,14472,坂口晃輔,追,104.5,,,,,0.112320828813207,0.06121748715849972,0.18222562247078739,0.1876402238322969,position_specialists,0.06121748715849972,False,,,C,0.222,0.3329999999999999,0.16,0.14,-0.19655754480826407,0.09939475682267694,-0.2198569547797788,-0.0023486559217897615,0.0015602023518646124,,0,,,0,,cumulative_place,,,False,6.121748715849972,18.22256224707874,18.764022383229694,6,2,2,coverage_validated_cumulative_scores_uncalibrated,,unavailable,,0,0
2026-10-07,四日市,12,124820261007,1791372600,1791372300,7,6,12987,堤洋,追,101.37,,,,,0.022608458871637097,0.00830691242223632,0.08606740500960773,0.1035178234436749,position_specialists,0.00830691242223632,False,,,C,0.208,0.3329999999999999,0.04,0.33,-0.05422277098159014,-0.3254373517747041,-0.13748817802174151,0.008611738379895727,0.002925379409746148,,0,,,0,,cumulative_place,,,False,0.830691242223632,8.606740500960775,10.351782344367491,7,6,7,coverage_validated_cumulative_scores_uncalibrated,,unavailable,,0,0
2026-10-07,大垣,1,014420261007,1791373200,1791372900,1,1,14033,藤縄洋介,両,71.08,,,,,0.5123210521260241,0.6470981129530877,0.22030772976090265,0.19039200861672378,position_specialists,0.6470981129530877,False,,0.47097806655594293,S,0.3329999999999999,0.416,0.36,0.0,0.14383789950485665,-0.040602989685201075,0.19207701363930949,0.09797958971132711,0.002927459047444486,,0,,,0,,cumulative_place,,,False,64.70981129530877,22.030772976090265,19.039200861672377,1,3,3,coverage_validated_cumulative_scores_uncalibrated,,unavailable,,0,0
2026-10-07,大垣,1,014420261007,1791373200,1791372900,2,3,13266,伊藤嘉浩,両,68.36,,,,,0.16365178635829725,0.1761200463971448,0.23894919372611895,0.1896662262674535,position_specialists,0.1761200463971448,False,,,S,0.2,0.28,0.05,0.11,0.08180591841783746,0.30105209630451524,0.10198074659017262,-0.06531972647421808,0.0028126567318584278,,0,,,0,,cumulative_place,,,False,17.612004639714478,23.894919372611895,18.966622626745348,2,2,4,coverage_validated_cumulative_scores_uncalibrated,,unavailable,,0,0
2026-10-07,大垣,1,014420261007,1791373200,1791372900,3,2,13109,志村正洋,追,69.4,,,,,0.13285100229485847,0.08421540589599164,0.2597893475514851,0.2921947211974919,position_specialists,0.08421540589599164,False,,,S,0.095,0.238,0.18,0.06,-0.07242535596797373,0.1637840404238675,-0.0980192534098274,-0.06531972647421808,0.0008036162091024079,,0,,,0,,cumulative_place,,,False,8.421540589599164,25.978934755148508,29.21947211974919,3,1,1,coverage_validated_cumulative_scores_uncalibrated,,unavailable,,0,0
2026-10-07,大垣,1,014420261007,1791373200,1791372900,4,4,13027,戸ノ下太郎,追,68.2,,,,,0.11752801496726144,0.07101405311434393,0.20863917703544066,0.19990329913172578,position_specialists,0.07101405311434393,False,,,S,0.12,0.28,0.15,0.09,0.08685597665581207,-0.02602434068153043,-0.04966987556830457,-0.06531972647421808,0.0008036162091024079,,0,,,0,,cumulative_place,,,False,7.101405311434393,20.863917703544065,19.990329913172577,4,4,2,coverage_validated_cumulative_scores_uncalibrated,,unavailable,,0,0
2026-10-07,大垣,1,014420261007,1791373200,1791372900,5,5,15824,中嶋響,逃,64.55,,,,,0.0736481442535589,0.02155238163943196,0.07231455192605273,0.1278437447866051,position_specialists,0.02155238163943196,False,,,S,0.1,0.1,0.33,0.16,-0.240074438610532,-0.19855557050760034,-0.1463686312513502,0.09797958971132711,0.0014924301026187571,,0,,,0,,cumulative_place,,,False,2.155238163943196,7.231455192605273,12.78437447866051,5,5,5,coverage_validated_cumulative_scores_uncalibrated,,unavailable,,0,0
2026-10-07,前橋,1,012220261007,1791373800,1791373500,1,2,15939,半田水晶,逃,55.87,,,,,0.42892965093174695,0.49445757261033274,0.26139320976571306,0.24334955358056426,position_specialists,0.4944575726103327,False,,0.03894422159383304,C,0.583,0.7909999999999999,0.0,0.0,0.2290419541007695,-0.03157423704635027,0.17563442169045876,0.17674071137491557,0.002338573615192029,,0,,,0,,cumulative_place,,,False,49.44575726103327,26.139320976571312,24.33495535805643,1,2,2,coverage_validated_cumulative_scores_uncalibrated,,unavailable,,0,0
2026-10-07,前橋,1,012220261007,1791373800,1791373500,2,1,15320,那須萌美,両,56.36,,,,,0.45568685946699095,0.4555133510164997,0.29049949563657823,0.26680290901863063,position_specialists,0.45551335101649965,False,,,C,0.833,0.833,0.0,0.0,0.15959251846641198,-0.03157423704635027,0.2338117419261633,0.04844004682127315,0.0034015616220974968,,0,,,0,,cumulative_place,,,False,45.55133510164997,29.04994956365783,26.680290901863067,2,1,1,coverage_validated_cumulative_scores_uncalibrated,,unavailable,,0,0
2026-10-07,前橋,1,012220261007,1791373800,1791373500,3,3,15667,戸田瑞姫,両,53.18,,,,,0.04141313772560878,0.020539370726688704,0.149221982517507,0.1489391538156899,position_specialists,0.0205393707266887,False,,,C,0.26,0.565,0.0,0.0,0.06841475327447266,-0.03157423704635027,-0.046392096202984144,-0.052367618185160156,0.0017007808110487484,,0,,,0,,cumulative_place,,,False,2.0539370726688704,14.922198251750705,14.893915381568991,3,3,3,coverage_validated_cumulative_scores_uncalibrated,,unavailable,,0,0
2026-10-07,前橋,1,012220261007,1791373800,1791373500,4,5,14962,石井貴子,逃,51.19,,,,,0.03650591458464296,0.015309984278372494,0.0911575618820291,0.1089875064275907,position_specialists,0.015309984278372492,False,,,C,0.142,0.38,0.0,0.0,-0.07048411799424238,-0.03157423704635027,-0.04508464989700647,-0.015710285455548045,0.0011692868075960144,,0,,,0,,cumulative_place,,,False,1.5309984278372495,9.115756188202912,10.89875064275907,4,5,5,coverage_validated_cumulative_scores_uncalibrated,,unavailable,,0,0
2026-10-07,前橋,1,012220261007,1791373800,1791373500,5,4,15149,中野咲,両,51.62,,,,,0.025381142497257342,0.011107948734990474,0.13064437772557885,0.12626243524304967,position_specialists,0.011107948734990472,False,,,C,0.29,0.4579999999999999,0.0,0.0,-0.01552023539827272,-0.03157423704635027,-0.03117710152693756,-0.052367618185160156,0.001488183209667655,,0,,,0,,cumulative_place,,,False,1.1107948734990474,13.06443777255789,12.626243524304968,5,4,4,coverage_validated_cumulative_scores_uncalibrated,,unavailable,,0,0
2026-10-07,前橋,1,012220261007,1791373800,1791373500,6,7,15581,刈込奈那,逃,45.33,,,,,0.007846736671239004,0.0019396380309021435,0.04032761128196788,0.05762065340242632,position_specialists,0.0019396380309021433,False,,,C,0.0,0.0,0.0,0.0,-0.17614743622456958,-0.03157423704635027,-0.14656312497500137,-0.052367618185160156,0.0006377928041432806,,0,,,0,,cumulative_place,,,False,0.19396380309021435,4.032761128196789,5.762065340242633,6,6,6,coverage_validated_cumulative_scores_uncalibrated,,unavailable,,0,0
2026-10-07,前橋,1,012220261007,1791373800,1791373500,7,6,15849,佐藤乃愛,両,47.61,,,,,0.004236558122514097,0.0011321346022138848,0.03675576119062582,0.04803778851204845,position_specialists,0.0011321346022138846,False,,,C,0.047,0.19,0.0,0.0,-0.19489743622456956,-0.03157423704635027,-0.1402291910146925,-0.052367618185160156,0.0020196772131203886,,0,,,0,,cumulative_place,,,False,0.11321346022138848,3.675576119062583,4.803778851204846,7,7,7,coverage_validated_cumulative_scores_uncalibrated,,unavailable,,0,0
2026-10-07,大垣,2,024420261007,1791374400,1791374100,1,2,13210,川本恵二,追,71.96,,,,,0.6343842508110014,0.7072510567149443,0.36829335531939367,0.22884969591500268,position_specialists,0.7072510567149443,False,,0.42688910541399877,S,0.259,0.444,0.2,0.1,0.1139331787969125,0.39143074072506906,0.079175247958741,0.16,0.000852802865422442,,0,,,0,,cumulative_place,,,False,70.72510567149443,36.82933553193937,22.88496959150027,1,1,3,coverage_validated_cumulative_scores_uncalibrated,,unavailable,,0,0
2026-10-07,大垣,2,024420261007,1791374400,1791374100,2,1,14316,山崎光展,両,72.45,,,,,0.3219243138835391,0.2803619513009455,0.334494799291842,0.1441610663352908,position_specialists,0.2803619513009455,False,,,S,0.272,0.424,0.23,0.17,0.1139331787969125,-0.06791781733633089,0.3288316012748831,-0.04,0.0004264014327112207,,0,,,0,,cumulative_place,,,False,28.036195130094548,33.44947992918421,14.416106633529079,2,2,4,coverage_validated_cumulative_scores_uncalibrated,,unavailable,,0,0
2026-10-07,大垣,2,024420261007,1791374400,1791374100,3,4,13525,亀井道佳,追,67.82,,,,,0.02005982385154308,0.006425363062101856,0.11686658909271247,0.30457539002539236,position_specialists,0.006425363062101856,False,,,S,0.13,0.217,0.07,0.4,0.07441122737641273,-0.07842588238128091,-0.11945016530582729,-0.04,0.002132007163556104,,0,,,0,,cumulative_place,,,False,0.6425363062101855,11.686658909271248,30.457539002539235,3,3,1,coverage_validated_cumulative_scores_uncalibrated,,unavailable,,0,0
2026-10-07,大垣,2,024420261007,1791374400,1791374100,4,3,14429,千澤大輔,追,68.28,,,,,0.013413549354804086,0.0037843759403093473,0.08628045963328738,0.22947285860486624,position_specialists,0.0037843759403093473,False,,,S,0.142,0.238,0.04,0.11,-0.17089976819536873,0.011975947137974554,-0.11945016530582729,-0.04,0.0034112114616897675,,0,,,0,,cumulative_place,,,False,0.37843759403093474,8.62804596332874,22.947285860486623,4,5,2,coverage_validated_cumulative_scores_uncalibrated,,unavailable,,0,0
2026-10-07,大垣,2,024420261007,1791374400,1791374100,5,5,11364,遠澤健二,追,66.54,,,,,0.010218062099112349,0.0021772529816989836,0.09406479666276447,0.092940989119448,position_specialists,0.0021772529816989836,False,,,S,0.083,0.125,0.0,0.12,-0.1313778167748689,-0.13096620760603117,-0.16910651862196935,-0.04,0.0017056057308448833,,0,,,0,,cumulative_place,,,False,0.21772529816989836,9.40647966627645,9.294098911944799,5,4,5,coverage_validated_cumulative_scores_uncalibrated,,unavailable,,0,0
2026-10-07,前橋,2,022220261007,1791375000,1791374700,1,1,15587,吉川美穂,両,56.96,,,,,0.8149263466681769,0.8865217636709449,0.42309121651539927,0.462564431755355,position_specialists,0.8865217636709449,False,,0.8201998667100681,S,0.777,0.8140000000000001,0.0,0.0,0.26276126787095344,-0.03157423704635027,0.2467924313941409,0.1949376016156885,0.004742165779543487,,0,,,0,,cumulative_place,,,False,88.6521763670945,42.309121651539925,46.2564431755355,1,1,1,coverage_validated_cumulative_scores_uncalibrated,,unavailable,,0,0
2026-10-07,前橋,2,022220261007,1791375000,1791374700,2,2,15504,西島叶子,両,54.83,,,,,0.10002543034487953,0.06632189696087683,0.17935884082250186,0.14468841825180676,position_specialists,0.06632189696087683,False,,,S,0.625,0.708,0.0,0.0,0.08149056593700785,-0.03157423704635027,0.10493053984204692,-0.038720482512705254,0.000142407380767072,,0,,,0,,cumulative_place,,,False,6.632189696087683,17.935884082250187,14.468841825180675,2,2,2,coverage_validated_cumulative_scores_uncalibrated,,unavailable,,0,0
2026-10-07,前橋,2,022220261007,1791375000,1791374700,3,3,15315,渡口まりあ,両,53.15,,,,,0.051067804596405045,0.03535279950638538,0.13121793708949725,0.09257914978356713,position_specialists,0.03535279950638538,False,,,S,0.3329999999999999,0.606,0.0,0.0,0.0884017294002624,-0.03157423704635027,0.15385499478767742,-0.02002783578243375,0.00024209254730402197,,0,,,0,,cumulative_place,,,False,3.535279950638538,13.121793708949724,9.257914978356713,3,3,5,coverage_validated_cumulative_scores_uncalibrated,,unavailable,,0,0
2026-10-07,前橋,2,022220261007,1791375000,1791374700,4,5,15857,伊藤優里,両,50.66,,,,,0.017978168444452942,0.006605921198465953,0.12207484125818299,0.10363114629063966,position_specialists,0.006605921198465953,False,,,S,0.266,0.4,0.0,0.0,-0.06720780907042868,-0.03157423704635027,-0.08043169536910488,-0.038720482512705254,0.0007405183799887729,,0,,,0,,cumulative_place,,,False,0.6605921198465953,12.207484125818299,10.363114629063967,4,4,4,coverage_validated_cumulative_scores_uncalibrated,,unavailable,,0,0
2026-10-07,前橋,2,022220261007,1791375000,1791374700,5,4,15674,野寺楓,追,51.05,,,,,0.00961064925760794,0.0035850906341300223,0.08350675560999063,0.10432960446571868,position_specialists,0.0035850906341300223,False,,,S,0.222,0.3329999999999999,0.0,0.0,-0.008974318680664919,-0.03157423704635027,-0.12144943904414479,-0.02002783578243375,0.001338629379210474,,0,,,0,,cumulative_place,,,False,0.35850906341300226,8.350675560999063,10.432960446571867,5,5,3,coverage_validated_cumulative_scores_uncalibrated,,unavailable,,0,0
2026-10-07,前橋,2,022220261007,1791375000,1791374700,6,7,15217,南彩乃,追,47.6,,,,,0.003582815905387305,0.0008565729791723491,0.029239631320583947,0.04874138945859273,position_specialists,0.0008565729791723491,False,,,S,0.0,0.066,0.0,0.0,-0.16458385715135604,-0.03157423704635027,-0.20251337707391276,-0.038720482512705254,0.0006408332134518227,,0,,,0,,cumulative_place,,,False,0.0856572979172349,2.9239631320583945,4.874138945859273,6,7,6,coverage_validated_cumulative_scores_uncalibrated,,unavailable,,0,0
2026-10-07,前橋,2,022220261007,1791375000,1791374700,7,6,15147,佐々木恵理,両,47.76,,,,,0.002808784783090311,0.0007559550500245904,0.03151077738384399,0.043465859994320115,position_specialists,0.0007559550500245904,False,,,S,0.166,0.2,0.0,0.0,-0.1918875783057742,-0.03157423704635027,-0.10118345453670279,-0.038720482512705254,0.0016376848788213242,,0,,,0,,cumulative_place,,,False,0.07559550500245904,3.151077738384399,4.346585999432011,7,6,7,coverage_validated_cumulative_scores_uncalibrated,,unavailable,,0,0
2026-10-07,大垣,3,034420261007,1791375600,1791375300,1,2,015963,福地晶,逃,74.0,,,,,0.4861905510218273,0.5204897575814018,0.3947063405371387,0.19204329964696074,position_specialists,0.5204897575814018,False,,0.24475841146416505,A,0.3879999999999999,0.444,0.05,0.05,0.13664378677875488,0.2644520201737626,0.10270514903170205,-0.032659863237109045,0.004059336041448668,,0,,,0,,cumulative_place,,0.0,False,52.04897575814018,39.47063405371387,19.204329964696072,1,1,2,coverage_validated_cumulative_scores_uncalibrated,,unavailable,,0,0
2026-10-07,大垣,3,034420261007,1791375600,1791375300,2,3,015990,児玉東次郎,逃,73.83,,,,,0.2536855333580896,0.27573134611723676,0.13727312090622304,0.1099992819185865,position_specialists,0.27573134611723676,False,,,A,0.5,0.611,0.22,0.11,0.035971659325995026,0.2644520201737626,0.18042298246317373,-0.032659863237109045,0.0014622339504143053,,0,,,0,,cumulative_place,,0.0,False,27.573134611723678,13.727312090622304,10.99992819185865,2,4,4,coverage_validated_cumulative_scores_uncalibrated,,unavailable,,0,0
2026-10-07,大垣,3,034420261007,1791375600,1791375300,3,1,015087,本馬鎌,両,76.0,,,,,0.1330260341025269,0.11862652400746394,0.24654779431465118,0.41851907890192613,position_specialists,0.11862652400746394,False,,,A,0.3329999999999999,0.611,0.17,0.14,0.05452290894361214,0.08593585936086998,0.10427793929265217,-0.032659863237109045,0.0014404095630946893,,0,,,0,,cumulative_place,,0.0,False,11.862652400746395,24.65477943146512,41.851907890192614,3,2,1,coverage_validated_cumulative_scores_uncalibrated,,unavailable,,0,0
2026-10-07,大垣,3,034420261007,1791375600,1791375300,4,4,013331,橋本大祐,追,71.4,,,,,0.061506630338859496,0.04143238213968343,0.13732187321084766,0.14137317211317715,position_specialists,0.04143238213968343,False,,,A,0.16,0.48,0.18,0.15,0.02533628907305224,0.0007790580680102243,-0.021643384458652562,0.19595917942265423,0.001287638851857374,,0,,,0,,cumulative_place,,0.0,False,4.143238213968343,13.732187321084766,14.137317211317715,4,3,3,coverage_validated_cumulative_scores_uncalibrated,,unavailable,,0,0
2026-10-07,大垣,3,034420261007,1791375600,1791375300,5,5,014667,藤本龍也,両,71.05,,,,,0.05519005743416486,0.04134549222157005,0.05408058670473396,0.044248232708916806,position_specialists,0.04134549222157005,False,,,A,0.444,0.5,0.1,0.1,0.17374628601398912,-0.015348898359919403,0.11824871571799639,-0.032659863237109045,0.00039283897175309656,,0,,,0,,cumulative_place,,0.0,False,4.1345492221570055,5.4080586704733955,4.424823270891681,5,5,6,coverage_validated_cumulative_scores_uncalibrated,,unavailable,,0,0
2026-10-07,大垣,3,034420261007,1791375600,1791375300,6,6,013244,小林高志,追,67.29,,,,,0.005894490684994305,0.001375189055780858,0.017200884024529,0.0370212736626286,position_specialists,0.001375189055780858,False,,,A,0.0,0.074,0.1,0.13,-0.17600796583246747,-0.08437774322484955,-0.27348603196126203,-0.032659863237109045,0.0020514924080439513,,0,,,0,,cumulative_place,,0.0,False,0.1375189055780858,1.7200884024529,3.70212736626286,6,6,7,coverage_validated_cumulative_scores_uncalibrated,,unavailable,,0,0
2026-10-07,大垣,3,034420261007,1791375600,1791375300,7,7,013788,白崎芳典,追,67.27,,,,,0.004506703059537569,0.0009993088768630695,0.012869400301876392,0.05679566104780408,position_specialists,0.0009993088768630695,False,,,A,0.055,0.166,0.06,0.3,-0.25021296430293594,-0.14752621731755008,-0.21052537008560968,-0.032659863237109045,0.0011348681406200584,,0,,,0,,cumulative_place,,1.0,False,0.09993088768630695,1.2869400301876393,5.679566104780408,7,7,5,coverage_validated_cumulative_scores_uncalibrated,,unavailable,,0,0
2026-10-07,前橋,3,032220261007,1791376200,1791375900,1,3,013615,山口貴弘,追,83.54,,,,,0.3126705988721217,0.4618351610905738,0.24779881352698885,0.18815343776855878,position_specialists,0.4618351610905738,False,,0.22699137710086587,A,0.3329999999999999,0.3329999999999999,0.2,0.0,-0.1894037416704824,0.22238291798867024,0.267074306443295,0.15559377906513366,0.0023655922070522275,,0,,,0,,cumulative_place,,,False,46.18351610905738,24.779881352698887,18.815343776855883,1,2,3,coverage_validated_cumulative_scores_uncalibrated,,unavailable,,0,0
2026-10-07,前橋,3,032220261007,1791376200,1791375900,2,2,015414,大森光明,両,83.55,,,,,0.24243920300552427,0.23484378398970795,0.25395442305126076,0.2166376839461067,position_specialists,0.23484378398970795,False,,,A,0.2769999999999999,0.444,0.13,0.16,-0.0876826383806526,0.0466380802786387,0.14685444130465491,-0.04942390629127776,0.0018560800393794396,,0,,,0,,cumulative_place,,,False,23.484378398970797,25.395442305126075,21.663768394610674,2,1,1,coverage_validated_cumulative_scores_uncalibrated,,unavailable,,0,0
2026-10-07,前橋,3,032220261007,1791376200,1791375900,3,5,012875,中曽直彦,追,80.92,,,,,0.2167376979090261,0.14426996753280288,0.11635378845699655,0.13517990317930512,position_specialists,0.14426996753280288,False,,,A,0.2,0.3329999999999999,0.06,0.2,0.031019801313909957,0.11683629246022564,-0.07865399324725725,-0.04942390629127776,0.001965261218166465,,0,,,0,,cumulative_place,,,False,14.426996753280289,11.635378845699655,13.517990317930513,3,3,4,coverage_validated_cumulative_scores_uncalibrated,,unavailable,,0,0
2026-10-07,前橋,3,032220261007,1791376200,1791375900,4,1,014383,河野要,追,83.56,,,,,0.06214474794785393,0.06833994963394488,0.09430794825339262,0.06640628686971922,position_specialists,0.06833994963394488,False,,,A,0.217,0.391,0.06,0.23,0.274604795946022,-0.13963150311350966,0.03783304796004086,0.0915257523912551,0.0005822996201974715,,0,,,0,,cumulative_place,,,False,6.833994963394488,9.430794825339262,6.640628686971923,4,6,7,coverage_validated_cumulative_scores_uncalibrated,,unavailable,,0,0
2026-10-07,前橋,3,032220261007,1791376200,1791375900,5,7,013629,福森慎太郎,逃,78.39,,,,,0.08357584698793794,0.04849773790926656,0.0653541587578088,0.07626375685084197,position_specialists,0.04849773790926656,False,,,A,0.086,0.26,0.12,0.17,0.019049323158993194,0.2751063693016797,-0.13689751385090632,-0.04942390629127776,0.0018560800393794396,,0,,,0,,cumulative_place,,,False,4.849773790926656,6.535415875780879,7.626375685084198,5,7,6,coverage_validated_cumulative_scores_uncalibrated,,unavailable,,0,0
2026-10-07,前橋,3,032220261007,1791376200,1791375900,6,4,014282,石川恭規,追,81.0,,,,,0.05149717870696733,0.029779136390176722,0.11459240744629952,0.19661285743661439,position_specialists,0.029779136390176722,False,,,A,0.166,0.25,0.28,0.16,-0.06162600527696801,-0.0764830290208091,0.01717426644837717,-0.04942390629127776,0.001965261218166465,,0,,,0,,cumulative_place,,,False,2.977913639017672,11.459240744629952,19.66128574366144,6,4,2,coverage_validated_cumulative_scores_uncalibrated,,unavailable,,0,0
2026-10-07,前橋,3,032220261007,1791376200,1791375900,7,6,013171,岩橋則明,追,80.26,,,,,0.03093472657056889,0.012434263453527184,0.10763846050725298,0.12074607394885385,position_specialists,0.012434263453527184,False,,,A,0.0,0.3329999999999999,0.05,0.2,0.014038464909177428,-0.0764830290208091,-0.2533845550582044,-0.04942390629127776,0.002729529469675646,,0,,,0,,cumulative_place,,,False,1.2434263453527183,10.763846050725299,12.074607394885387,7,5,5,coverage_validated_cumulative_scores_uncalibrated,,unavailable,,0,0
2026-10-07,大垣,4,044420261007,1791376800,1791376500,1,1,015965,篠原輝利,逃,79.88,,,,,0.9043089696084504,0.9390435900355876,0.6657393721134648,0.7184963248766814,position_specialists,0.9390435900355876,False,,0.9080577633827625,S,0.722,0.833,0.05,0.11,0.24413277385984178,0.4053428724714603,0.09478500643845515,-0.049492644830317456,0.00480288190423553,,0,,,0,,cumulative_place,,0.0,False,93.90435900355875,66.57393721134648,71.84963248766813,1,1,1,coverage_validated_cumulative_scores_uncalibrated,,unavailable,,0,0
2026-10-07,大垣,4,044420261007,1791376800,1791376500,2,2,015720,山元大夢,両,76.68,,,,,0.04496653078366265,0.03098582665282507,0.120321435220036,0.05049278754443921,position_specialists,0.03098582665282507,False,,,S,0.351,0.764,0.14,0.25,0.09900382027815735,0.011479149120269101,-0.06957194896684404,0.09264007878495319,0.0006439618195623059,,0,,,0,,cumulative_place,,0.0,False,3.098582665282507,12.032143522003599,5.049278754443922,2,3,4,coverage_validated_cumulative_scores_uncalibrated,,unavailable,,0,0
2026-10-07,大垣,4,044420261007,1791376800,1791376500,3,3,014389,村本慎吾,追,76.33,,,,,0.028646154175072307,0.018394831346189595,0.13015182630929711,0.1111682497971167,position_specialists,0.018394831346189595,False,,,S,0.368,0.684,0.31,0.23,0.08813114495771696,0.03596975443433923,-0.007918525849350683,-0.049492644830317456,0.0010196062143069844,,0,,,0,,cumulative_place,,0.0,False,1.8394831346189595,13.015182630929711,11.11682497971167,3,2,2,coverage_validated_cumulative_scores_uncalibrated,,unavailable,,0,0
2026-10-07,大垣,4,044420261007,1791376800,1791376500,4,4,014743,鈴木広人,両,71.29,,,,,0.00944555091931165,0.007080074714561049,0.04192655051935656,0.06683356528180322,position_specialists,0.007080074714561049,False,,,S,0.441,0.47,0.16,0.08,-0.09340000900124817,-0.04124528120661815,0.2639873253434848,0.1548231453666341,0.00045613962218996664,,0,,,0,,cumulative_place,,0.8859192786414722,False,0.7080074714561049,4.192655051935656,6.6833565281803216,4,4,3,coverage_validated_cumulative_scores_uncalibrated,,unavailable,,0,0
2026-10-07,大垣,4,044420261007,1791376800,1791376500,5,5,014202,島田茂希,逃,70.45,,,,,0.008205884336940545,0.003167739061599945,0.020116586002309294,0.025226291398128955,position_specialists,0.003167739061599945,False,,,S,0.416,0.4579999999999999,0.0,0.0,-0.013507107342205994,-0.15013525581022927,-0.040301172951106995,-0.049492644830317456,0.0008317840169346451,,0,,,0,,cumulative_place,,0.0,False,0.3167739061599945,2.0116586002309296,2.5226291398128953,5,5,5,coverage_validated_cumulative_scores_uncalibrated,,unavailable,,0,0
2026-10-07,大垣,4,044420261007,1791376800,1791376500,6,7,014482,松本琢也,両,67.65,,,,,0.002619813130093031,0.0007496187501814987,0.009675084714117628,0.015475957594090442,position_specialists,0.0007496187501814987,False,,,S,0.217,0.304,0.03,0.12,-0.20921526311013283,-0.037602763424174616,-0.09797597877572545,-0.049492644830317456,0.0002683174248176275,,0,,,0,,cumulative_place,,0.0,False,0.07496187501814987,0.9675084714117629,1.5475957594090441,6,7,6,coverage_validated_cumulative_scores_uncalibrated,,unavailable,,0,0
2026-10-07,大垣,4,044420261007,1791376800,1791376500,7,6,011712,金田健一郎,追,69.8,,,,,0.0018070970464693276,0.0005783194390553,0.012069145121418653,0.012306823507740204,position_specialists,0.0005783194390553,False,,,S,0.19,0.285,0.12,0.12,-0.1151453596421289,-0.034363053306944925,-0.14300470523891284,-0.049492644830317456,0.001583072806424002,,0,,,0,,cumulative_place,,0.1140807213585278,False,0.05783194390553,1.2069145121418652,1.2306823507740203,7,6,7,coverage_validated_cumulative_scores_uncalibrated,,unavailable,,0,0
2026-10-07,前橋,4,042220261007,1791377400,1791377100,1,1,13859,荒木伸哉,追,86.59,,,,,0.43440159483034696,0.49090412368014147,0.24720112918415751,0.10530115393931692,position_specialists,0.49090412368014147,False,,0.3334527184396962,A,0.26,0.608,0.18,0.13,0.16625812185684402,0.12658835603629137,0.10783461031507838,-0.07431769331552238,0.0008285679348701804,,0,,,0,,cumulative_place,,,False,49.09041236801415,24.72011291841575,10.530115393931693,1,1,4,coverage_validated_cumulative_scores_uncalibrated,,unavailable,,0,0
2026-10-07,前橋,4,042220261007,1791377400,1791377100,2,4,14988,伊早坂駿一,逃,82.64,,,,,0.14185952183972841,0.15745140524044526,0.1269257062099361,0.10258010971726754,position_specialists,0.15745140524044526,False,,,A,0.284,0.392,0.08,0.07,0.04129815835865672,0.30222057689917015,0.10552501674404918,0.01816654725490546,0.0031259608451920445,,0,,,0,,cumulative_place,,,False,15.745140524044526,12.69257062099361,10.258010971726755,2,4,5,coverage_validated_cumulative_scores_uncalibrated,,unavailable,,0,0
2026-10-07,前橋,4,042220261007,1791377400,1791377100,3,5,15705,鳥海創,逃,81.0,,,,,0.18008138580549915,0.14815605889980432,0.19291143059506363,0.33495796675727135,position_specialists,0.14815605889980432,False,,,A,0.28,0.32,0.14,0.05,-0.10625006364248997,0.16526700733509264,0.07534540862875833,0.11643105286098504,0.002146744194890922,,0,,,0,,cumulative_place,,,False,14.815605889980432,19.291143059506364,33.495796675727135,3,3,1,coverage_validated_cumulative_scores_uncalibrated,,unavailable,,0,0
2026-10-07,前橋,4,042220261007,1791377400,1791377100,4,2,13416,飯尾主税,追,84.7,,,,,0.14260582812952663,0.13784518503473367,0.11886116769608886,0.12782047365012728,position_specialists,0.13784518503473367,False,,,A,0.25,0.416,0.37,0.12,0.17855380702360618,-0.14199047240252544,0.10783461031507838,0.11643105286098504,0.0023350550891795994,,0,,,0,,cumulative_place,,,False,13.784518503473366,11.886116769608886,12.782047365012728,4,5,3,coverage_validated_cumulative_scores_uncalibrated,,unavailable,,0,0
2026-10-07,前橋,4,042220261007,1791377400,1791377100,5,3,14056,橋本紀彰,追,83.41,,,,,0.08852714751828433,0.061328064247947664,0.21882103278275236,0.18233435885152133,position_specialists,0.061328064247947664,False,,,A,0.166,0.3329999999999999,0.07,0.15,-0.020180267475154397,0.12658835603629137,-0.002941309215413822,-0.07431769331552238,0.0013558384388784772,,0,,,0,,cumulative_place,,,False,6.132806424794766,21.882103278275235,18.233435885152133,5,2,2,coverage_validated_cumulative_scores_uncalibrated,,unavailable,,0,0
2026-10-07,前橋,4,042220261007,1791377400,1791377100,6,6,12717,伊藤一貴,追,79.5,,,,,0.010806267078453165,0.003926587165952714,0.0689348025039278,0.10178196284429106,position_specialists,0.003926587165952714,False,,,A,0.0409999999999999,0.125,0.0,0.2,-0.03047284081135159,-0.14199047240252544,-0.16910518851115214,-0.028075573030308453,0.0010168788291588576,,0,,,0,,cumulative_place,,,False,0.3926587165952714,6.893480250392781,10.178196284429106,6,6,6,coverage_validated_cumulative_scores_uncalibrated,,unavailable,,0,0
2026-10-07,前橋,4,042220261007,1791377400,1791377100,7,7,11372,黒瀬浩一,追,76.28,,,,,0.0017182547981614204,0.000388575730974907,0.026344731028073755,0.045223974240204544,position_specialists,0.000388575730974907,False,,,A,0.0,0.047,0.02,0.04,-0.22920691531011217,-0.14199047240252544,-0.22449314827639824,-0.07431769331552238,0.002146744194890922,,0,,,0,,cumulative_place,,,False,0.0388575730974907,2.6344731028073753,4.522397424020454,7,7,7,coverage_validated_cumulative_scores_uncalibrated,,unavailable,,0,0
2026-10-07,大垣,5,054420261007,1791378000,1791377700,1,1,13828,引地正人,逃,83.93,,,,,0.3986040223936047,0.364201691003439,0.1990746825675886,0.15649015824221627,position_specialists,0.364201691003439,False,,0.10571993380563172,B,0.266,0.4,0.11,0.14,-0.04224874477840012,0.22208142877986406,-0.02507516368185355,0.0,0.0024784954067474103,,0,,,0,,cumulative_place,,,False,36.420169100343905,19.907468256758857,15.649015824221626,1,2,2,coverage_validated_cumulative_scores_uncalibrated,,unavailable,,0,0
2026-10-07,大垣,5,054420261007,1791378000,1791377700,2,2,13547,土屋宏,追,83.79,,,,,0.24194920863326555,0.2584817571978073,0.3255729040691518,0.23887030677008825,position_specialists,0.2584817571978073,False,,,B,0.166,0.375,0.03,0.19,0.047788012421417,0.2595511760298274,0.06037656413798725,-0.06110100926607787,0.0006111358537185396,,0,,,0,,cumulative_place,,,False,25.84817571978073,32.55729040691518,23.887030677008823,2,1,1,coverage_validated_cumulative_scores_uncalibrated,,unavailable,,0,0
2026-10-07,大垣,5,054420261007,1791378000,1791377700,3,3,13285,吉川悟,追,83.66,,,,,0.1681586503908269,0.2342031266162734,0.14388870401976353,0.11738379213386323,position_specialists,0.2342031266162734,False,,,B,0.237,0.3329999999999999,0.22,0.15,0.0796624593695576,0.21408923254796622,0.14120560182453487,0.12220201853215575,0.002240831463634645,,0,,,0,,cumulative_place,,,False,23.420312661627342,14.388870401976353,11.738379213386322,3,3,6,coverage_validated_cumulative_scores_uncalibrated,,unavailable,,0,0
2026-10-07,大垣,5,054420261007,1791378000,1791377700,4,5,15455,枠元一葵,逃,82.14,,,,,0.12240993905698681,0.10545174203346577,0.1285815039066462,0.12503260954173379,position_specialists,0.10545174203346577,False,,,B,0.237,0.428,0.11,0.17,0.00901313892029932,0.05538763601303951,0.0465084937381077,0.12220201853215575,0.0017655035774091139,,0,,,0,,cumulative_place,,,False,10.545174203346578,12.858150390664619,12.503260954173378,4,4,5,coverage_validated_cumulative_scores_uncalibrated,,unavailable,,0,0
2026-10-07,大垣,5,054420261007,1791378000,1791377700,5,4,14220,山崎悟,追,83.23,,,,,0.03646715155413034,0.027784838305878683,0.068849268692177,0.12663128381099717,position_specialists,0.027784838305878683,False,,,B,0.19,0.238,0.14,0.22,0.18218622676695637,-0.15213886475714264,0.06037656413798725,-0.06110100926607787,0.0008487997968313048,,0,,,0,,cumulative_place,,,False,2.7784838305878683,6.884926869217701,12.663128381099718,5,6,4,coverage_validated_cumulative_scores_uncalibrated,,unavailable,,0,0
2026-10-07,大垣,5,054420261007,1791378000,1791377700,6,7,12532,西郷剛,追,80.4,,,,,0.014909826539641397,0.005415027512997333,0.07295689207206174,0.15049886947184393,position_specialists,0.005415027512997333,False,,,B,0.09,0.136,0.07,0.23,-0.029104813126632045,-0.15213886475714264,-0.10128151123510798,-0.06110100926607787,0.0025124473986206626,,0,,,0,,cumulative_place,,,False,0.5415027512997334,7.295689207206174,15.049886947184394,6,5,3,coverage_validated_cumulative_scores_uncalibrated,,unavailable,,0,0
2026-10-07,大垣,5,054420261007,1791378000,1791377700,7,6,14362,岩崎大和,追,80.66,,,,,0.01750120143154435,0.004461817330138504,0.06107604467261112,0.08509298002925737,position_specialists,0.004461817330138504,False,,,B,0.0409999999999999,0.291,0.0,0.15,-0.24729627957319764,-0.2047625931677264,-0.18211054892165557,-0.06110100926607787,0.0025124473986206626,,0,,,0,,cumulative_place,,,False,0.4461817330138504,6.107604467261112,8.509298002925737,7,7,7,coverage_validated_cumulative_scores_uncalibrated,,unavailable,,0,0
2026-10-07,前橋,5,052220261007,1791378600,1791378300,1,3,15895,鈴木小次廊,逃,84.09,,,,,0.312786628384026,0.3932252487608314,0.23275384766481164,0.22358102507494293,position_specialists,0.3932252487608314,False,,0.07658415444841243,C,0.284,0.476,0.31,0.14,-0.01675681022441406,0.31307233333920026,0.16587690778395964,0.0,0.0010627121376596052,,0,,,0,,cumulative_place,,,False,39.32252487608314,23.275384766481164,22.358102507494294,1,1,1,coverage_validated_cumulative_scores_uncalibrated,,unavailable,,0,0
2026-10-07,前橋,5,052220261007,1791378600,1791378300,2,1,14347,外崎一成,追,86.0,,,,,0.2383450129841599,0.316641094312419,0.16811897847172244,0.14033640423359647,position_specialists,0.316641094312419,False,,,C,0.2769999999999999,0.3879999999999999,0.1,0.18,0.23376228790289708,0.14262209864978972,0.08953229173952919,0.0,0.0007871941760441521,,0,,,0,,cumulative_place,,,False,31.6641094312419,16.811897847172244,14.033640423359648,2,3,4,coverage_validated_cumulative_scores_uncalibrated,,unavailable,,0,0
2026-10-07,前橋,5,052220261007,1791378600,1791378300,3,4,13106,赤井学,追,82.46,,,,,0.1999995176696148,0.12905661254594308,0.1730111388357967,0.14418375539087627,position_specialists,0.12905661254594308,False,,,C,0.187,0.375,0.2,0.1,0.10647528044247459,-0.024683373675206007,-0.056692939263257004,0.0,0.00196798544011038,,0,,,0,,cumulative_place,,,False,12.905661254594309,17.30111388357967,14.418375539087627,3,2,3,coverage_validated_cumulative_scores_uncalibrated,,unavailable,,0,0
2026-10-07,前橋,5,052220261007,1791378600,1791378300,4,2,13014,江連和洋,追,86.0,,,,,0.1201855212154163,0.08738532598100977,0.15804494942780384,0.11089546787010064,position_specialists,0.08738532598100977,False,,,C,0.25,0.437,0.0,1.0,0.010261658340298262,-0.13307559286078838,0.01641967623813609,0.0,0.0038178917538141365,,0,,,0,,cumulative_place,,,False,8.738532598100978,15.804494942780384,11.089546787010065,4,4,6,coverage_validated_cumulative_scores_uncalibrated,,unavailable,,0,0
2026-10-07,前橋,5,052220261007,1791378600,1791378300,5,7,15515,平山優太,両,80.19,,,,,0.0662226080079267,0.05103195798274741,0.11255778734187545,0.12528818090108723,position_specialists,0.05103195798274741,False,,,C,0.192,0.2689999999999999,0.1,0.13,-0.14006717195611176,0.18294585486420362,0.19070040403371857,0.0,0.00023615825281324572,,0,,,0,,cumulative_place,,,False,5.103195798274741,11.255778734187546,12.528818090108723,5,5,5,coverage_validated_cumulative_scores_uncalibrated,,unavailable,,0,0
2026-10-07,前橋,5,052220261007,1791378600,1791378300,6,5,14062,齋藤昌弘,追,80.77,,,,,0.04197948911339364,0.014549984252475756,0.08580885159736402,0.09842004777852101,position_specialists,0.014549984252475756,False,,,C,0.0,0.272,0.24,0.2,-0.16168194680788173,0.03108511709979257,-0.2760307857674363,0.0,0.00196798544011038,,0,,,0,,cumulative_place,,,False,1.4549984252475756,8.580885159736402,9.8420047778521,6,6,7,coverage_validated_cumulative_scores_uncalibrated,,unavailable,,0,0
2026-10-07,前橋,5,052220261007,1791378600,1791378300,7,6,14083,成清謙二郎,追,80.41,,,,,0.020481222625462585,0.008109776164573564,0.06970444666062586,0.1572951187508755,position_specialists,0.008109776164573564,False,,,C,0.083,0.25,0.03,0.18,-0.0319932976972625,-0.14360033854290516,-0.1298055547646501,0.0,0.00196798544011038,,0,,,0,,cumulative_place,,,False,0.8109776164573564,6.970444666062586,15.729511875087551,7,7,2,coverage_validated_cumulative_scores_uncalibrated,,unavailable,,0,0
2026-10-07,大垣,6,064420261007,1791379200,1791378900,1,1,15828,秋末蓮,逃,86.71,,,,,0.6105191217322903,0.794584826822953,0.1447120194135851,0.10739856179777359,position_specialists,0.794584826822953,False,,0.7076445241518206,S,0.38,0.5710000000000001,0.2,0.14,0.16069154508170258,0.4117214183762392,0.1771229771080191,-0.049888765156985884,0.004751558125640517,,0,,,0,,cumulative_place,,,False,79.4584826822953,14.47120194135851,10.73985617977736,1,3,5,coverage_validated_cumulative_scores_uncalibrated,,unavailable,,0,0
2026-10-07,大垣,6,064420261007,1791379200,1791378900,2,3,13196,竹田和幸,追,83.29,,,,,0.15773798374869533,0.08694030267113236,0.3534588758915763,0.2857088226560885,position_specialists,0.08694030267113236,False,,,S,0.125,0.3329999999999999,0.12,0.22,-0.0001669062328388208,0.04130956551202353,0.11269310461579046,-0.049888765156985884,0.0012538833942662478,,0,,,0,,cumulative_place,,,False,8.694030267113236,35.345887589157634,28.570882265608855,2,1,1,coverage_validated_cumulative_scores_uncalibrated,,unavailable,,0,0
2026-10-07,大垣,6,064420261007,1791379200,1791378900,3,2,13417,梅原大治,追,83.55,,,,,0.13385252995030392,0.08482888418822657,0.1897336629529589,0.11630844775149649,position_specialists,0.08482888418822657,False,,,S,0.166,0.3879999999999999,0.09,0.12,0.11020803852887506,0.05495587458540415,0.11269310461579046,-0.049888765156985884,0.000945912034271029,,0,,,0,,cumulative_place,,,False,8.482888418822657,18.97336629529589,11.63084477514965,3,2,3,coverage_validated_cumulative_scores_uncalibrated,,unavailable,,0,0
2026-10-07,大垣,6,064420261007,1791379200,1791378900,4,7,14366,阿久津浩之,逃,78.75,,,,,0.03738695013142483,0.013433769288348881,0.08689823230842408,0.08444232218239094,position_specialists,0.013433769288348881,False,,,S,0.093,0.125,0.11,0.06,-0.20917217684046385,0.0023321461748203503,0.05313689313240572,0.09977753031397174,0.0006379406742758102,,0,,,0,,cumulative_place,,,False,1.343376928834888,8.689823230842409,8.444232218239096,4,4,6,coverage_validated_cumulative_scores_uncalibrated,,unavailable,,0,0
2026-10-07,大垣,6,064420261007,1791379200,1791378900,5,5,12891,朝日勇,追,81.04,,,,,0.024129284998757206,0.00926021840571706,0.08591211143349305,0.22177810443415438,position_specialists,0.00926021840571706,False,,,S,0.0409999999999999,0.208,0.05,0.15,0.11020803852887506,-0.0627778358008189,-0.20479705271196041,0.14966629547095764,0.000285973405709846,,0,,,0,,cumulative_place,,,False,0.926021840571706,8.591211143349305,22.177810443415442,5,5,2,coverage_validated_cumulative_scores_uncalibrated,,unavailable,,0,0
2026-10-07,大垣,6,064420261007,1791379200,1791378900,6,4,13112,佐藤明,追,82.0,,,,,0.021922842164686537,0.008116834444638895,0.08423819748067751,0.11427535959084636,position_specialists,0.008116834444638895,False,,,S,0.09,0.2269999999999999,0.06,0.28,-0.0001669062328388208,-0.0627778358008189,-0.04605197404808497,-0.049888765156985884,0.000945912034271029,,0,,,0,,cumulative_place,,,False,0.8116834444638895,8.423819748067752,11.427535959084638,6,6,4,coverage_validated_cumulative_scores_uncalibrated,,unavailable,,0,0
2026-10-07,大垣,6,064420261007,1791379200,1791378900,7,6,13453,阿部宏之,追,79.19,,,,,0.014451287273841828,0.002835164178983283,0.05504690051928501,0.07008838158724967,position_specialists,0.002835164178983283,False,,,S,0.047,0.095,0.05,0.17,-0.17160163283331126,-0.14269418235816397,-0.20479705271196041,-0.049888765156985884,0.0012538833942662478,,0,,,0,,cumulative_place,,,False,0.28351641789832827,5.504690051928501,7.008838158724969,7,7,7,coverage_validated_cumulative_scores_uncalibrated,,unavailable,,0,0
2026-10-07,前橋,6,062220261007,1791379800,1791379500,1,1,15780,小田恭介,逃,85.6,,,,,0.3765212706753283,0.4258489506686377,0.288939131223919,0.17069283469737037,position_specialists,0.4258489506686378,False,,0.16792984947659595,B,0.3329999999999999,0.3329999999999999,0.14,0.12,0.03840750619921182,0.33545589661121944,0.0795109844061299,-0.032659863237109045,0.004377778940696782,,0,,,0,,cumulative_place,,,False,42.58489506686377,28.8939131223919,17.069283469737037,1,1,2,coverage_validated_cumulative_scores_uncalibrated,,unavailable,,0,0
2026-10-07,前橋,6,062220261007,1791379800,1791379500,2,2,13826,田原大広,追,85.0,,,,,0.2957675930586063,0.2579191011920418,0.2270648046601932,0.1114982677708776,position_specialists,0.25791910119204187,False,,,B,0.284,0.428,0.14,0.14,0.06454161159346063,0.11994874893515399,0.08013130279520589,-0.032659863237109045,0.0005204352586842323,,0,,,0,,cumulative_place,,,False,25.791910119204182,22.70648046601932,11.14982677708776,2,2,4,coverage_validated_cumulative_scores_uncalibrated,,unavailable,,0,0
2026-10-07,前橋,6,062220261007,1791379800,1791379500,3,3,14937,田中誇士,両,84.44,,,,,0.18936414151490857,0.2454589247515563,0.16551593943881027,0.15952985076063417,position_specialists,0.24545892475155637,False,,,B,0.3879999999999999,0.611,0.13,0.13,0.09599646439978296,0.17457737095922993,0.14970341415056954,0.19595917942265428,0.000734732129907152,,0,,,0,,cumulative_place,,,False,24.545892475155632,16.551593943881027,15.952985076063417,3,3,3,coverage_validated_cumulative_scores_uncalibrated,,unavailable,,0,0
2026-10-07,前橋,6,062220261007,1791379800,1791379500,4,4,14587,鈴木謙二,追,84.08,,,,,0.06946761969264616,0.04654511422161408,0.07521010925915748,0.10767748363204051,position_specialists,0.04654511422161409,False,,,B,0.25,0.291,0.0,0.0,0.09599646439978296,-0.11142889686652936,0.08013130279520589,-0.032659863237109045,0.001193939711099123,,0,,,0,,cumulative_place,,,False,4.654511422161408,7.521010925915748,10.767748363204051,4,6,5,coverage_validated_cumulative_scores_uncalibrated,,unavailable,,0,0
2026-10-07,前橋,6,062220261007,1791379800,1791379500,5,5,13983,大崎智久,追,81.85,,,,,0.023248473799030875,0.010547229956959748,0.0968662202795787,0.2508813399598182,position_specialists,0.01054722995695975,False,,,B,0.284,0.3329999999999999,0.03,0.16,-0.08960264706599613,-0.12195364254864612,0.05396422123831001,-0.032659863237109045,0.0016225334535449618,,0,,,0,,cumulative_place,,,False,1.0547229956959747,9.68662202795787,25.08813399598182,5,4,1,coverage_validated_cumulative_scores_uncalibrated,,unavailable,,0,0
2026-10-07,前橋,6,062220261007,1791379800,1791379500,6,6,13761,新井剛央,追,80.38,,,,,0.020966873236765805,0.006863704766217132,0.06753697175202662,0.09789781362891439,position_specialists,0.006863704766217134,False,,,B,0.047,0.095,0.09,0.15,-0.011200330883249256,-0.005178993238615705,-0.25235226090726853,-0.032659863237109045,0.0014082365823220426,,0,,,0,,cumulative_place,,,False,0.6863704766217132,6.753697175202662,9.78978136289144,6,7,7,coverage_validated_cumulative_scores_uncalibrated,,unavailable,,0,0
2026-10-07,前橋,6,062220261007,1791379800,1791379500,7,7,13036,深澤伸介,追,79.61,,,,,0.024664028022713908,0.006816974442973041,0.07886682338631476,0.10182240955034479,position_specialists,0.006816974442973043,False,,,B,0.095,0.285,0.15,0.07,-0.19413906864299157,-0.023054384977725655,-0.1910889644781528,-0.032659863237109045,0.0014082365823220426,,0,,,0,,cumulative_place,,,False,0.6816974442973041,7.886682338631476,10.182240955034478,7,5,6,coverage_validated_cumulative_scores_uncalibrated,,unavailable,,0,0
2026-10-07,大垣,7,074420261007,1791380400,1791380100,1,1,15712,松本京太,逃,92.8,,,,,0.34541751789490616,0.34513873292087677,0.12232574980547865,0.09302017643488497,position_specialists,0.34513873292087677,False,,0.07522544065964881,C,0.3329999999999999,0.6,0.13,0.09,-0.10447923836720382,0.2137076389164935,-0.06311220638539816,-0.032659863237109045,0.004180859606388873,,0,,,0,,cumulative_place,,,False,34.51387329208767,12.232574980547867,9.302017643488497,1,3,6,coverage_validated_cumulative_scores_uncalibrated,,unavailable,,0,0
2026-10-07,大垣,7,074420261007,1791380400,1791380100,2,3,15339,土田武志,逃,88.54,,,,,0.13233835682372727,0.26991329226122796,0.19810227167419903,0.19502326398679615,position_specialists,0.26991329226122796,False,,,C,0.521,0.565,0.22,0.1,0.21766705578264095,0.07204832635082657,0.2935665223292946,0.19595917942265423,0.0006715370352230832,,0,,,0,,cumulative_place,,,False,26.991329226122794,19.810227167419907,19.502326398679614,2,2,2,coverage_validated_cumulative_scores_uncalibrated,,unavailable,,0,0
2026-10-07,大垣,7,074420261007,1791380400,1791380100,3,2,14991,中島将尊,追,92.73,,,,,0.3391098684771307,0.22998991905054897,0.3025088656722149,0.21704880535502113,position_specialists,0.22998991905054897,False,,,C,0.25,0.437,0.1,0.03,-0.10102054151768869,0.003249786847981567,-0.18602032046215428,-0.032659863237109045,0.0005198996401727099,,0,,,0,,cumulative_place,,,False,22.998991905054897,30.250886567221496,21.704880535502113,3,1,1,coverage_validated_cumulative_scores_uncalibrated,,unavailable,,0,0
2026-10-07,大垣,7,074420261007,1791380400,1791380100,4,4,13382,成田直喜,追,87.91,,,,,0.07801565949107478,0.07090419272554396,0.10624495618324344,0.16542973636143543,position_specialists,0.07090419272554396,False,,,C,0.3329999999999999,0.4579999999999999,0.21,0.15,-0.11620644754320714,0.1651461440658866,0.0963264589251174,-0.032659863237109045,0.0002166248500719624,,0,,,0,,cumulative_place,,,False,7.090419272554397,10.624495618324346,16.542973636143543,4,5,3,coverage_validated_cumulative_scores_uncalibrated,,unavailable,,0,0
2026-10-07,大垣,7,074420261007,1791380400,1791380100,5,5,15811,水谷亮太,逃,87.52,,,,,0.06370060966625962,0.05967915817306746,0.09803601320546831,0.10154908224416144,position_specialists,0.05967915817306746,False,,,C,0.428,0.523,0.3,0.15,0.12790273825698784,0.11252241565530281,-0.030304480932540706,-0.032659863237109045,0.0009964743103310265,,0,,,0,,cumulative_place,,,False,5.967915817306746,9.803601320546834,10.154908224416143,5,6,5,coverage_validated_cumulative_scores_uncalibrated,,unavailable,,0,0
2026-10-07,大垣,7,074420261007,1791380400,1791380100,6,7,14091,伊原弘幸,追,83.7,,,,,0.0262893796700526,0.017588636875469608,0.05525389907590954,0.07850605393932122,position_specialists,0.017588636875469608,False,,,C,0.25,0.416,0.09,0.2,-0.004338830293005302,0.12467205476141036,-0.024917097604704015,-0.032659863237109045,0.002794460565928314,,0,,,0,,cumulative_place,,,False,1.7588636875469608,5.525389907590955,7.850605393932122,6,7,7,coverage_validated_cumulative_scores_uncalibrated,,unavailable,,0,0
2026-10-07,大垣,7,074420261007,1791380400,1791380100,7,6,13550,安部達也,追,86.62,,,,,0.015128607976848885,0.006786067993265266,0.11752824438348611,0.1494228816783797,position_specialists,0.006786067993265266,False,,,C,0.294,0.411,0.07,0.14,-0.019524736318523736,-0.3229802677238147,-0.08553887586961473,-0.032659863237109045,0.0009748118253238308,,0,,,0,,cumulative_place,,,False,0.6786067993265266,11.752824438348613,14.942288167837969,7,4,4,coverage_validated_cumulative_scores_uncalibrated,,unavailable,,0,0
2026-10-07,前橋,7,072220261007,1791381000,1791380700,1,1,13747,伊藤大志,追,94.66,,,,,0.33449158236184806,0.34078746698930074,0.15271433896681874,0.11753643217881002,position_specialists,0.34078746698930074,False,,0.1222352617568972,B,0.5,0.722,0.12,0.2,0.10759637490783587,0.03798029965550161,0.03678277645592663,-0.0820023312099971,0.001856673417945256,,0,,,0,,cumulative_place,,,False,34.078746698930075,15.271433896681875,11.753643217881002,1,4,6,coverage_validated_cumulative_scores_uncalibrated,,unavailable,,0,0
2026-10-07,前橋,7,072220261007,1791381000,1791380700,2,2,14082,高橋雅之,追,93.57,,,,,0.22754084510926337,0.21855220523240354,0.2298758060515304,0.19256087792086654,position_specialists,0.21855220523240354,False,,,B,0.523,0.6659999999999999,0.21,0.18,-0.05216534054328323,0.03798029965550161,0.11895426244740571,-0.04906696867483433,0.001591434358238792,,0,,,0,,cumulative_place,,,False,21.855220523240355,22.987580605153045,19.256087792086653,2,1,1,coverage_validated_cumulative_scores_uncalibrated,,unavailable,,0,0
2026-10-07,前橋,7,072220261007,1791381000,1791380700,3,3,15691,岡部伶音,逃,92.8,,,,,0.2053126349289288,0.21063646896447166,0.17758732358470275,0.1720967041556834,position_specialists,0.21063646896447166,False,,,B,0.3329999999999999,0.6659999999999999,0.19,0.22,-0.03565321883891673,0.21372621402846625,-0.05521912940940043,0.07326437788434167,7.3618627779011075e-19,,0,,,0,,cumulative_place,,,False,21.063646896447167,17.75873235847028,17.20967041556834,3,2,2,coverage_validated_cumulative_scores_uncalibrated,,unavailable,,0,0
2026-10-07,前橋,7,072220261007,1791381000,1791380700,4,4,15803,西村剛,逃,89.9,,,,,0.11997877776279184,0.1534483312471118,0.16908731097299093,0.1385444983873429,position_specialists,0.1534483312471118,False,,,B,0.57,0.619,0.18,0.09,0.05168708401655321,0.2708186247243535,0.0171219367082307,0.15325025832687983,0.003978585895596978,,0,,,0,,cumulative_place,,,False,15.34483312471118,16.908731097299096,13.85444983873429,4,3,4,coverage_validated_cumulative_scores_uncalibrated,,unavailable,,0,0
2026-10-07,前橋,7,072220261007,1791381000,1791380700,5,6,14813,新井僚太郎,両,85.5,,,,,0.07523332328965586,0.060009209736650346,0.12371629242728871,0.12230178398684768,position_specialists,0.060009209736650346,False,,,B,0.461,0.5760000000000001,0.22,0.11,0.14221384976111467,0.018949496090205915,0.10912384257355776,-0.0820023312099971,0.001591434358238792,,0,,,0,,cumulative_place,,,False,6.000920973665035,12.371629242728872,12.23017839868477,5,5,5,coverage_validated_cumulative_scores_uncalibrated,,unavailable,,0,0
2026-10-07,前橋,7,072220261007,1791381000,1791380700,6,5,14818,田口裕一,追,87.82,,,,,0.016421516143705187,0.008326628937343143,0.08309695486890742,0.14474957803575775,position_specialists,0.008326628937343143,False,,,B,0.29,0.5,0.12,0.33,0.023523201340467363,-0.2535378172207474,-0.045388709535552456,-0.006721502558196486,0.001591434358238792,,0,,,0,,cumulative_place,,,False,0.8326628937343143,8.309695486890744,14.474957803575775,6,6,3,coverage_validated_cumulative_scores_uncalibrated,,unavailable,,0,0
2026-10-07,前橋,7,072220261007,1791381000,1791380700,7,7,15107,田頭寛之,両,85.14,,,,,0.02102132040380687,0.00823968889271872,0.06392197312776107,0.11221012533469175,position_specialists,0.00823968889271872,False,,,B,0.19,0.285,0.16,0.15,-0.23720195064377073,0.04244898194080493,-0.181374979240168,-0.006721502558196486,0.001060956238825861,,0,,,0,,cumulative_place,,,False,0.8239688892718721,6.3921973127761085,11.221012533469175,7,7,7,coverage_validated_cumulative_scores_uncalibrated,,unavailable,,0,0
2026-10-07,大垣,8,084420261007,1791381600,1791381300,1,1,15536,疋田力也,両,94.22,,,,,0.6275034065820126,0.6949974428280348,0.15312209902551394,0.15015146756981945,position_specialists,0.6949974428280347,False,,0.5743815606583027,S,0.555,0.6659999999999999,0.09,0.09,0.09110401694651245,-0.08240794918770979,0.13459086498571854,0.09598903045188673,0.003448419153508968,,0,,,0,,cumulative_place,,,False,69.49974428280348,15.312209902551393,15.015146756981942,1,3,3,coverage_validated_cumulative_scores_uncalibrated,,unavailable,,0,0
2026-10-07,大垣,8,084420261007,1791381600,1791381300,2,6,15447,小浦凪,両,84.52,,,,,0.13806912210267114,0.12061588216973194,0.3166512834114785,0.24964056766760484,position_specialists,0.12061588216973193,False,,,S,0.272,0.318,0.05,0.1,0.1227777452699587,0.3447286768490714,-0.03638168134185243,-0.01279853739358489,0.0007134660317604758,,0,,,0,,cumulative_place,,,False,12.061588216973194,31.665128341147852,24.96405676676048,2,1,1,coverage_validated_cumulative_scores_uncalibrated,,unavailable,,0,0
2026-10-07,大垣,8,084420261007,1791381600,1791381300,3,3,15594,金田涼馬,逃,89.83,,,,,0.10492757073002665,0.08985377306850922,0.14208828736607707,0.12727549448112846,position_specialists,0.08985377306850921,False,,,S,0.5,0.6659999999999999,0.22,0.1,0.06825632460232711,0.12927325381840177,0.005835306334120022,-0.038395612180754685,0.0021007610935169577,,0,,,0,,cumulative_place,,,False,8.985377306850923,14.208828736607707,12.727549448112843,3,4,4,coverage_validated_cumulative_scores_uncalibrated,,unavailable,,0,0
2026-10-07,大垣,8,084420261007,1791381600,1791381300,4,2,14819,太刀川一成,追,91.22,,,,,0.06513769309863611,0.04847116892033663,0.16888149171288042,0.21107187453375115,position_specialists,0.04847116892033662,False,,,S,0.3329999999999999,0.555,0.16,0.11,-0.033525685545741216,-0.06235055970114314,0.123669241923451,-0.06399268696792447,0.001506206067049894,,0,,,0,,cumulative_place,,,False,4.847116892033663,16.888149171288042,21.10718745337511,4,2,2,coverage_validated_cumulative_scores_uncalibrated,,unavailable,,0,0
2026-10-07,大垣,8,084420261007,1791381600,1791381300,5,5,14674,丹波孝佑,逃,86.29,,,,,0.0372260926127656,0.03568864414514009,0.09104870085166879,0.08567235188189944,position_specialists,0.035688644145140086,False,,,S,0.375,0.5,0.16,0.08,0.0807127761751855,0.1944059316664361,-0.013803682930768502,0.14718318002622632,0.0029331381305708467,,0,,,0,,cumulative_place,,,False,3.5688644145140094,9.104870085166878,8.567235188189942,5,6,6,coverage_validated_cumulative_scores_uncalibrated,,unavailable,,0,0
2026-10-07,大垣,8,084420261007,1791381600,1791381300,6,4,14098,菊谷信一,追,88.18,,,,,0.021511532050451445,0.008426017578419204,0.0940146161308465,0.09945022191886738,position_specialists,0.008426017578419202,False,,,S,0.25,0.25,0.13,0.08,-0.20490872853522502,-0.07863372916315173,-0.12732876603677168,-0.06399268696792447,0.00039637001764470915,,0,,,0,,cumulative_place,,,False,0.8426017578419204,9.40146161308465,9.945022191886736,6,5,5,coverage_validated_cumulative_scores_uncalibrated,,unavailable,,0,0
2026-10-07,大垣,8,084420261007,1791381600,1791381300,7,7,13952,東鉄也,両,80.73,,,,,0.005624582823436282,0.001947071289828207,0.03419352150153478,0.07673802194692929,position_specialists,0.0019470712898282069,False,,,S,0.217,0.26,0.0,0.18,-0.1244164489130172,-0.07664952540781797,-0.08658128293389697,-0.06399268696792447,0.00039637001764470915,,0,,,0,,cumulative_place,,,False,0.19470712898282072,3.4193521501534776,7.673802194692927,7,7,7,coverage_validated_cumulative_scores_uncalibrated,,unavailable,,0,0
2026-10-07,前橋,8,082220261007,1791382200,1791381900,1,3,15700,吉田晏生,逃,90.95,,,,,0.45605726190971596,0.6586999369364499,0.27768607426521746,0.21246897934107292,position_specialists,0.6586999369364499,False,,0.5245316941368208,S,0.583,0.75,0.0,0.0,0.09290875753604946,0.4263736899547926,0.2084539051726473,-0.03228537249085049,0.0014329320977589047,,0,,,0,,cumulative_place,,,False,65.86999369364499,27.768607426521747,21.24689793410729,1,1,1,coverage_validated_cumulative_scores_uncalibrated,,unavailable,,0,0
2026-10-07,前橋,8,082220261007,1791382200,1791381900,2,5,15882,木村優駿,逃,88.07,,,,,0.15167675356497967,0.13416824279962913,0.186860329705234,0.18286230594854877,position_specialists,0.13416824279962913,False,,,S,0.518,0.5920000000000001,0.23,0.05,0.09290875753604946,0.13522082579466427,0.02972630981443644,0.14528417620882708,0.0033052967054972068,,0,,,0,,cumulative_place,,,False,13.416824279962913,18.6860329705234,18.286230594854878,2,3,2,coverage_validated_cumulative_scores_uncalibrated,,unavailable,,0,0
2026-10-07,前橋,8,082220261007,1791382200,1791381900,3,2,15423,上川直紀,両,91.45,,,,,0.1278280728109377,0.10497952300805065,0.10599238861527926,0.1369639759571348,position_specialists,0.10497952300805065,False,,,S,0.375,0.583,0.19,0.18,0.07095929955166222,-0.008890527054018889,0.03439086398366056,0.0774848939780411,0.0011654514395105762,,0,,,0,,cumulative_place,,,False,10.497952300805064,10.599238861527926,13.69639759571348,3,4,4,coverage_validated_cumulative_scores_uncalibrated,,unavailable,,0,0
2026-10-07,前橋,8,082220261007,1791382200,1791381900,4,1,14378,加賀山淳,逃,91.66,,,,,0.17782645774862332,0.06459747513652891,0.2056739919539764,0.15864453902910802,position_specialists,0.06459747513652891,False,,,S,0.3329999999999999,0.5,0.06,0.13,-0.3091354800638161,-0.12173257109454122,-0.16096360193702708,0.022599760743595314,0.0025792777759660276,,0,,,0,,cumulative_place,,,False,6.459747513652891,20.56739919539764,15.864453902910803,4,2,3,coverage_validated_cumulative_scores_uncalibrated,,unavailable,,0,0
2026-10-07,前橋,8,082220261007,1791382200,1791381900,5,4,13538,小林圭介,追,90.16,,,,,0.052768712337393595,0.022495660754458004,0.08014019236512207,0.12833131366059045,position_specialists,0.022495660754458004,False,,,S,0.166,0.3329999999999999,0.16,0.19,-0.06058209459156108,0.00894770239308965,-0.182255026668728,-0.08394196847621124,0.00017195185173106837,,0,,,0,,cumulative_place,,,False,2.2495660754458005,8.014019236512206,12.833131366059044,5,5,5,coverage_validated_cumulative_scores_uncalibrated,,unavailable,,0,0
2026-10-07,前橋,8,082220261007,1791382200,1791381900,6,6,13188,山田幸司,追,87.56,,,,,0.014545761688776387,0.008055121831685623,0.07167482409991664,0.09728296508187276,position_specialists,0.008055121831685623,False,,,S,0.47,0.647,0.07,0.3,0.09859360391114612,-0.13371048361612575,0.07267530437136324,-0.04519952148719068,0.0025792777759660276,,0,,,0,,cumulative_place,,,False,0.8055121831685623,7.167482409991664,9.728296508187276,6,7,6,coverage_validated_cumulative_scores_uncalibrated,,unavailable,,0,0
2026-10-07,前橋,8,082220261007,1791382200,1791381900,7,7,13908,菅田和宏,逃,83.36,,,,,0.019296979939573307,0.007004039533197676,0.07197219899525416,0.0834459209816722,position_specialists,0.007004039533197676,False,,,S,0.28,0.4,0.14,0.0,0.014347156120470144,-0.11676321409975901,-0.0020277547363524743,-0.08394196847621124,0.0005731728391035616,,0,,,0,,cumulative_place,,,False,0.7004039533197676,7.1972198995254155,8.344592098167219,7,6,7,coverage_validated_cumulative_scores_uncalibrated,,unavailable,,0,0
2026-10-07,大垣,9,094420261007,1791382800,1791382500,1,2,15875,邊見竜馬,逃,95.04,,,,,0.7987969864217838,0.8865057207039966,0.4059582191194553,0.43816556293667674,position_specialists,0.8865057207039965,False,,0.8408630992162431,S,0.809,0.904,0.1,0.05,0.22124398761012806,0.3917312325014352,0.02154011112122836,0.1928332652845938,0.004726096683995115,,0,,,0,,cumulative_place,,,False,88.65057207039966,40.59582191194553,43.81655629366768,1,1,1,coverage_validated_cumulative_scores_uncalibrated,,unavailable,,0,0
2026-10-07,大垣,9,094420261007,1791382800,1791382500,2,3,15434,片桐善也,逃,92.14,,,,,0.08049914574364904,0.04564262148775338,0.18982627800769603,0.15898657012095171,position_specialists,0.045642621487753374,False,,,S,0.428,0.476,0.1,0.08,0.02081983032436374,0.038243811036259276,0.00846537334217453,-0.016826637459388644,0.00026712720387798473,,0,,,0,,cumulative_place,,,False,4.564262148775338,18.982627800769603,15.898657012095173,2,2,2,coverage_validated_cumulative_scores_uncalibrated,,unavailable,,0,0
2026-10-07,大垣,9,094420261007,1791382800,1791382500,3,1,13901,山田敦也,追,95.28,,,,,0.06252417616404403,0.03865464496973446,0.10934574449167933,0.08701705114586399,position_specialists,0.038654644969734454,False,,,S,0.57,0.809,0.2,0.15,-0.02603795149375574,-0.02918479237151857,0.0951341739336724,-0.042739659146847145,0.000955493460025099,,0,,,0,,cumulative_place,,,False,3.865464496973446,10.934574449167933,8.7017051145864,3,3,4,coverage_validated_cumulative_scores_uncalibrated,,unavailable,,0,0
2026-10-07,大垣,9,094420261007,1791382800,1791382500,4,4,14444,星野辰也,追,90.2,,,,,0.030100178971035316,0.019680931830213293,0.10682403235531063,0.10117771931584102,position_specialists,0.01968093183021329,False,,,S,0.5,0.75,0.17,0.2,0.11654732376597075,0.06418924348720714,0.0951341739336724,-0.042739659146847145,0.0008835745974425649,,0,,,0,,cumulative_place,,,False,1.9680931830213293,10.682403235531062,10.117771931584103,4,4,3,coverage_validated_cumulative_scores_uncalibrated,,unavailable,,0,0
2026-10-07,大垣,9,094420261007,1791382800,1791382500,5,5,14024,櫻井丈,追,86.66,,,,,0.011988175375529826,0.004812423412604806,0.057788159766876325,0.07791288398027564,position_specialists,0.004812423412604805,False,,,S,0.3329999999999999,0.5,0.22,0.2,-0.017068781091205458,0.024171799547753274,-0.04203725166218557,-0.042739659146847145,0.0010274123226076334,,0,,,0,,cumulative_place,,,False,0.4812423412604806,5.778815976687633,7.791288398027565,5,7,5,coverage_validated_cumulative_scores_uncalibrated,,unavailable,,0,0
2026-10-07,大垣,9,094420261007,1791382800,1791382500,6,7,15234,八嶋稔真,逃,84.66,,,,,0.01163773580613702,0.0035419429543316937,0.06480488636275868,0.06493267596488884,position_specialists,0.0035419429543316933,False,,,S,0.428,0.428,0.11,0.1,-0.17818113365283716,0.024904663056441307,-0.11624292202463435,-0.005047991237816594,0.000523980284529893,,0,,,0,,cumulative_place,,,False,0.3541942954331694,6.480488636275868,6.493267596488885,6,6,7,coverage_validated_cumulative_scores_uncalibrated,,unavailable,,0,0
2026-10-07,大垣,9,094420261007,1791382800,1791382500,7,6,14673,松田大,両,84.7,,,,,0.004453601517821041,0.0011617146413658763,0.06545267989622379,0.071807536535502,position_specialists,0.001161714641365876,False,,,S,0.3329999999999999,0.4579999999999999,0.14,0.0,-0.1373232754626641,-0.19831358679407474,-0.06199365864392771,-0.042739659146847145,0.0016027632232679084,,0,,,0,,cumulative_place,,,False,0.11617146413658763,6.545267989622379,7.180753653550201,7,5,6,coverage_validated_cumulative_scores_uncalibrated,,unavailable,,0,0
2026-10-07,前橋,9,092220261007,1791383400,1791383100,1,1,15162,蕗澤鴻太郎,逃,94.94,,,,,0.6153018448684974,0.7421204671153733,0.19690058355176412,0.1419949554426451,position_specialists,0.7421204671153732,False,,0.5706059411896234,S,0.722,0.777,0.17,0.1,0.21926163718161049,0.11595993510079874,0.13366477342274521,-0.04960833142815026,0.0034668762264076806,,0,,,0,,cumulative_place,,,False,74.21204671153733,19.69005835517641,14.19949554426451,1,2,3,coverage_validated_cumulative_scores_uncalibrated,,unavailable,,0,0
2026-10-07,前橋,9,092220261007,1791383400,1791383100,2,2,14136,金澤竜二,両,93.23,,,,,0.24049403238554076,0.17151452592574987,0.2321702278817198,0.138761284987807,position_specialists,0.17151452592574984,False,,,S,0.475,0.619,0.06,0.06,-0.04052071685313572,0.010477812532738122,0.09299158878196259,-0.04960833142815026,0.0004160251471689221,,0,,,0,,cumulative_place,,,False,17.151452592574987,23.217022788171978,13.876128498780698,2,1,4,coverage_validated_cumulative_scores_uncalibrated,,unavailable,,0,0
2026-10-07,前橋,9,092220261007,1791383400,1791383100,3,3,13827,佐藤雅彦,追,89.52,,,,,0.04772247666134928,0.04080446167056625,0.1607815336272105,0.18324761505873172,position_specialists,0.04080446167056624,False,,,S,0.428,0.7609999999999999,0.28,0.17,-0.007480105247776127,0.21077651253860683,0.02441444494578298,0.18425951673312954,6.933752452815312e-05,,0,,,0,,cumulative_place,,,False,4.080446167056625,16.07815336272105,18.324761505873173,3,4,2,coverage_validated_cumulative_scores_uncalibrated,,unavailable,,0,0
2026-10-07,前橋,9,092220261007,1791383400,1791383100,4,6,14164,田中孝彦,追,87.83,,,,,0.0290299234990788,0.01718795562715242,0.08719011343851663,0.08937222224374942,position_specialists,0.017187955627152418,False,,,S,0.29,0.583,0.15,0.22,-0.0524984838476847,0.27406578607944315,-0.049977205439585025,-0.014173808979471497,0.0004160251471689221,,0,,,0,,cumulative_place,,,False,1.7187955627152423,8.719011343851662,8.937222224374942,4,5,6,coverage_validated_cumulative_scores_uncalibrated,,unavailable,,0,0
2026-10-07,前橋,9,092220261007,1791383400,1791383100,5,4,14225,伊藤亮,追,89.28,,,,,0.02447596541850535,0.01291682943958742,0.07473292366551257,0.1162811808319066,position_specialists,0.012916829439587418,False,,,S,0.434,0.434,0.06,0.2,0.1274821605000559,-0.21101117828549992,0.061610270138466976,-0.04960833142815026,0.0010400628679223044,,0,,,0,,cumulative_place,,,False,1.291682943958742,7.473292366551257,11.62811808319066,5,6,5,coverage_validated_cumulative_scores_uncalibrated,,unavailable,,0,0
2026-10-07,前橋,9,092220261007,1791383400,1791383100,6,7,15617,添田龍児,逃,85.4,,,,,0.016681982025343416,0.009005682773862616,0.06533309425360109,0.08273526237869817,position_specialists,0.009005682773862614,False,,,S,0.259,0.518,0.19,0.17,0.021017967549452607,0.11595993510079874,-0.02674754044636754,0.028347617958943014,6.933752452815312e-05,,0,,,0,,cumulative_place,,,False,0.9005682773862616,6.533309425360109,8.273526237869817,6,7,7,coverage_validated_cumulative_scores_uncalibrated,,unavailable,,0,0
2026-10-07,前橋,9,092220261007,1791383400,1791383100,7,5,12501,金子真也,追,88.83,,,,,0.026293775141685023,0.006450077447708322,0.18289152358167537,0.24760747905646213,position_specialists,0.006450077447708321,False,,,S,0.166,0.166,0.09,0.15,-0.2672624592825224,-0.1478627041927994,-0.235956331403005,-0.04960833142815026,0.0038135638490484508,,0,,,0,,cumulative_place,,,False,0.6450077447708322,18.289152358167538,24.760747905646213,7,3,1,coverage_validated_cumulative_scores_uncalibrated,,unavailable,,0,0
