date,venue,race_no,race_id,start_at,close_at,rank_in_race,car_no,player_id,player_name,style,score,odds_win,odds_move_pct,odds_move_last_pct,odds_snapshot_count,p_core,p_win,p_second,p_third,position_model_source,p_win_pre_override,top1_override_applied,top1_override_reason,top1_top2_margin,top1_confidence_class,place2_rate,place3_rate,line_role_place2_rate,line_role_place3_rate,nexus_form_adj,nexus_line_adj,nexus_style_adj,nexus_condition_adj,nexus_uncertainty,expected_value_win,stake_yen,win_return_yen,win_profit_yen,loss_amount_yen,expected_profit_yen,score_first,score_second,score_third,rank_first,rank_second,rank_third,position_score_source,popularity_rank,popularity_source,rank_divergence,undervalued_points,overpopular_points
2026-10-06,防府,1,016320261006,1791243000,1791242700,1,5,12920,山崎岳志,追,85.5,,,,,0.3149307050855763,0.4462989787052371,0.2617619934977232,0.24132583635438112,position_specialists,0.4462989787052371,False,,0.127937488012559,B,0.5,0.555,0.2,0.09,0.17145152260173377,0.16588874370397064,0.1084878034839137,0.12577782104527113,0.010889859345587208,,0,,,0,,44.62989787052371,26.17619934977232,24.132583635438117,1,2,1,validated_position_specialists,1.0,full_trifecta_market_proxy,0.0,0,0
2026-10-06,防府,1,016320261006,1791243000,1791242700,2,2,14715,高橋幸司,逃,86.54,,,,,0.320851347989193,0.3183614906926781,0.27077473496366355,0.23883764187869844,position_specialists,0.3183614906926781,False,,,B,0.29,0.416,0.17,0.16,-0.004653087612831067,0.18512525998799403,0.03746820485103322,-0.053904780447973345,0.011630007094282992,,0,,,0,,31.83614906926781,27.077473496366355,23.883764187869847,2,1,2,validated_position_specialists,2.0,full_trifecta_market_proxy,0.0,0,0
2026-10-06,防府,1,016320261006,1791243000,1791242700,3,4,14166,倉野隆太郎,追,82.37,,,,,0.16184413470610645,0.13662719295739656,0.19751795657870153,0.19007110866899216,position_specialists,0.13662719295739656,False,,,B,0.166,0.3329999999999999,0.03,0.15,0.24848032216203902,-0.052009540971538364,-0.04285383648907304,0.12577782104527113,0.01166739062147884,,0,,,0,,13.662719295739656,19.751795657870154,19.007110866899218,3,3,3,validated_position_specialists,3.0,full_trifecta_market_proxy,0.0,0,0
2026-10-06,防府,1,016320261006,1791243000,1791242700,4,1,15533,岩城佑典,逃,80.9,,,,,0.13084245034980846,0.06827226360528862,0.1423791038839121,0.16264960867525424,position_specialists,0.06827226360528862,False,,,B,0.19,0.285,0.08,0.14,0.03858567168745468,-0.08305724422801701,-0.009316051410668049,-0.11140321292581157,0.008488632527891584,,0,,,0,,6.827226360528862,14.237910388391208,16.264960867525428,4,4,4,validated_position_specialists,4.0,full_trifecta_market_proxy,0.0,0,0
2026-10-06,防府,1,016320261006,1791243000,1791242700,5,3,13742,葛西雄太郎,両,80.54,,,,,0.044194802786048974,0.019937219295898236,0.0811568666185791,0.10793057448481928,position_specialists,0.019937219295898236,False,,,B,0.29,0.291,0.12,0.05,-0.19292835843727268,-0.1501028702820198,0.09026369907929961,-0.11140321292581157,0.012423163101587066,,0,,,0,,1.9937219295898236,8.115686661857909,10.79305744848193,5,5,5,validated_position_specialists,5.0,full_trifecta_market_proxy,0.0,0,0
2026-10-06,防府,1,016320261006,1791243000,1791242700,6,6,13738,眞鍋伸也,追,76.76,,,,,0.027336559083266765,0.01050285474350139,0.04640934445742056,0.05918522993785468,position_specialists,0.01050285474350139,False,,,B,0.0,0.038,0.14,0.16,-0.26093607040112327,0.2496957762714741,-0.18404981951450544,0.025155564209054227,0.009601226817695626,,0,,,0,,1.0502854743501389,4.640934445742055,5.918522993785469,6,6,6,validated_position_specialists,6.0,full_trifecta_market_proxy,0.0,0,0
2026-10-06,防府,2,026320261006,1791244200,1791243900,1,3,12679,坂上忠克,追,86.9,,,,,0.37854870001649843,0.3545816579457153,0.33147016840020616,0.2561707515678539,position_specialists,0.35458165794571533,False,,0.06890640157670175,C,0.19,0.476,0.25,0.15,0.17482276363199914,0.021416330447080786,-0.03004262374870346,0.13416407864998742,0.004899385872805749,,0,,,0,,35.45816579457153,33.14701684002061,25.61707515678539,1,1,1,validated_position_specialists,1.0,full_trifecta_market_proxy,0.0,0,0
2026-10-06,防府,2,026320261006,1791244200,1791243900,2,1,14783,魚屋周成,逃,86.66,,,,,0.24452626229858124,0.28567525636901353,0.18404251577161063,0.17596366738071104,position_specialists,0.2856752563690136,False,,,C,0.5,0.611,0.2,0.12,0.13467501020465084,0.123645269078475,0.12377201567296894,0.05590169943749475,0.007476276299876095,,0,,,0,,28.567525636901355,18.404251577161062,17.596366738071104,2,3,3,validated_position_specialists,2.0,full_trifecta_market_proxy,0.0,0,0
2026-10-06,防府,2,026320261006,1791244200,1791243900,3,7,15273,中武三四郎,逃,83.96,,,,,0.18831891792146846,0.22610942141032805,0.2147474923421503,0.19846146099000286,position_specialists,0.2261094214103281,False,,,C,0.307,0.5379999999999999,0.14,0.15,0.02064951458062183,0.2737139608104,0.11437186095320387,0.13416407864998742,0.00845170251988436,,0,,,0,,22.610942141032805,21.47474923421503,19.846146099000286,3,2,2,validated_position_specialists,3.0,full_trifecta_market_proxy,0.0,0,0
2026-10-06,防府,2,026320261006,1791244200,1791243900,4,5,13374,川野正芳,追,84.14,,,,,0.12483085534696015,0.10030947131939019,0.15352965910415958,0.15190862727626658,position_specialists,0.10030947131939022,False,,,C,0.237,0.285,0.16,0.11,0.15314444575382094,0.19292340671213787,-0.0007323711211516294,-0.10062305898749056,0.0069398061720114266,,0,,,0,,10.030947131939019,15.352965910415959,15.190862727626659,4,4,4,validated_position_specialists,4.0,full_trifecta_market_proxy,0.0,0,0
2026-10-06,防府,2,026320261006,1791244200,1791243900,5,2,14181,藤原悠斗,追,84.0,,,,,0.044670908293240476,0.02917686389748253,0.06401642695584518,0.10709555616477624,position_specialists,0.029176863897482537,False,,,C,0.275,0.344,0.18,0.22,0.03270118547177603,-0.10526951090721894,0.08719838676150386,-0.022360679774997904,0.004918549869058954,,0,,,0,,2.917686389748253,6.401642695584518,10.709555616477624,5,5,5,validated_position_specialists,5.0,full_trifecta_market_proxy,0.0,0,0
2026-10-06,防府,2,026320261006,1791244200,1791243900,6,6,15119,佐伯辰哉,両,77.33,,,,,0.014859838744492454,0.0031332118074052086,0.025956982388764212,0.03412765699486322,position_specialists,0.0031332118074052094,False,,,C,0.0,0.0,0.0,0.19,-0.2965397720842789,-0.19102304903974748,-0.14728363425891078,-0.10062305898749056,0.007172050510108633,,0,,,0,,0.31332118074052084,2.5956982388764214,3.412765699486322,6,7,7,validated_position_specialists,6.0,full_trifecta_market_proxy,0.0,0,0
2026-10-06,防府,2,026320261006,1791244200,1791243900,7,4,10900,三浦靖,追,77.35,,,,,0.004244517378758765,0.0010141172506650965,0.026236755037264067,0.07627227962552613,position_specialists,0.0010141172506650967,False,,,C,0.0,0.066,0.0,0.09,-0.21945314755859022,-0.14318329593921678,-0.14728363425891078,-0.10062305898749056,0.007915232392019692,,0,,,0,,0.10141172506650964,2.623675503726407,7.627227962552613,7,6,6,validated_position_specialists,7.0,full_trifecta_market_proxy,0.0,0,0
2026-10-06,防府,3,036320261006,1791245460,1791245160,1,4,15633,中釜健次,逃,87.95,,,,,0.6108513073776626,0.6917456064641003,0.3852852903047894,0.29272914296597846,position_specialists,0.6917456064641003,False,,0.5502982642529956,S,0.4579999999999999,0.4579999999999999,0.1,0.07,0.30950250344799113,0.22918118927150344,0.2618428155296137,-0.0750183172551272,0.010067935892666075,,0,,,0,,69.17456064641003,38.528529030478936,29.272914296597847,1,1,1,validated_position_specialists,1.0,full_trifecta_market_proxy,0.0,0,0
2026-10-06,防府,3,036320261006,1791245460,1791245160,2,3,11634,中澤央治,追,83.33,,,,,0.18032246174880176,0.14144734221110478,0.3259715152127336,0.24998967553711746,position_specialists,0.14144734221110478,False,,,S,0.125,0.312,0.14,0.17,0.20627773703839558,-0.053177025128741194,-0.0503522666474281,-0.0750183172551272,0.0060953587203456065,,0,,,0,,14.144734221110477,32.597151521273354,24.998967553711747,2,2,2,validated_position_specialists,2.0,full_trifecta_market_proxy,0.0,0,0
2026-10-06,防府,3,036320261006,1791245460,1791245160,3,1,15281,増田仁,逃,80.37,,,,,0.10568619998313172,0.1138012643581681,0.10844649006215602,0.11957639518657313,position_specialists,0.1138012643581681,False,,,S,0.205,0.344,0.07,0.11,0.02079455943199844,0.05032395687525013,0.14854102477041084,0.08908425174046353,0.0047693538488030075,,0,,,0,,11.38012643581681,10.844649006215601,11.957639518657313,3,3,4,validated_position_specialists,3.0,full_trifecta_market_proxy,0.0,0,0
2026-10-06,防府,3,036320261006,1791245460,1791245160,4,5,13893,片山直人,両,77.5,,,,,0.04407393099757433,0.023063767705839077,0.04192311255714294,0.0451430379085358,position_specialists,0.023063767705839077,False,,,S,0.0409999999999999,0.0409999999999999,0.0,0.0,-0.21791338458399417,0.20822969914270598,-0.06262930796373456,-0.0750183172551272,0.004142234032121491,,0,,,0,,2.3063767705839076,4.192311255714293,4.51430379085358,4,6,7,validated_position_specialists,7.0,full_trifecta_market_proxy,3.0,5,0
2026-10-06,防府,3,036320261006,1791245460,1791245160,5,2,15209,中野真吾,逃,77.5,,,,,0.025772395801600304,0.014185890288180753,0.033941905818043766,0.05089247566139687,position_specialists,0.014185890288180753,False,,,S,0.047,0.095,0.19,0.06,-0.2642841789855934,0.09159870281284704,-0.09567298295110925,0.1984859644041907,0.0035152289247590025,,0,,,0,,1.4185890288180754,3.394190581804376,5.0892475661396865,5,7,6,validated_position_specialists,6.0,full_trifecta_market_proxy,1.0,0,0
2026-10-06,防府,3,036320261006,1791245460,1791245160,6,6,14351,田口守,両,77.43,,,,,0.019261658550614725,0.009610633547780535,0.046461384829700296,0.058755713763498356,position_specialists,0.009610633547780535,False,,,S,0.0,0.086,0.16,0.1,-0.08243020697759705,0.04313071539231829,-0.11770209960935904,0.012503052875854528,0.005838284107133676,,0,,,0,,0.9610633547780535,4.646138482970029,5.875571376349836,6,5,5,validated_position_specialists,4.0,full_trifecta_market_proxy,-2.0,0,3
2026-10-06,防府,3,036320261006,1791245460,1791245160,7,7,14841,井上将志,両,79.13,,,,,0.01403204554061454,0.006145495424826458,0.057970301215434034,0.18291355897689998,position_specialists,0.006145495424826458,False,,,S,0.066,0.133,0.0,0.0,0.028052970628800074,-0.2344089666621688,-0.08402718312839358,-0.0750183172551272,0.004049751408583851,,0,,,0,,0.6145495424826458,5.797030121543402,18.291355897689996,7,4,3,validated_position_specialists,5.0,full_trifecta_market_proxy,-2.0,0,3
2026-10-06,防府,4,046320261006,1791246720,1791246420,1,1,14688,西田大志,追,89.2,,,,,0.24810166011351883,0.47776149909956706,0.23609445390248912,0.23533215146509798,position_specialists,0.47776149909956706,False,,0.2900674909789467,A,0.541,0.6659999999999999,0.27,0.13,0.34216003454182553,0.08777250774683701,0.13010520488037625,0.21360269839036194,0.004611983748382774,,0,,,0,,47.77614990995671,23.60944539024891,23.533215146509797,1,1,1,validated_position_specialists,2.0,full_trifecta_market_proxy,1.0,0,0
2026-10-06,防府,4,046320261006,1791246720,1791246420,2,2,15192,藤原俊太郎,逃,87.0,,,,,0.24811361574192015,0.18769400812062037,0.16546278562294736,0.13684612864618056,position_specialists,0.18769400812062037,False,,,A,0.444,0.5,0.17,0.05,-0.1650183326884081,0.24429878535128438,-0.028330584762353082,0.008613012031869434,0.007583138228860684,,0,,,0,,18.769400812062038,16.546278562294738,13.684612864618057,2,2,4,validated_position_specialists,1.0,full_trifecta_market_proxy,-1.0,0,0
2026-10-06,防府,4,046320261006,1791246720,1791246420,3,7,14997,下岡優季,逃,89.21,,,,,0.21689198867049972,0.1519939509597394,0.16421161800135398,0.15499869946207637,position_specialists,0.1519939509597394,False,,,A,0.478,0.478,0.21,0.11,-0.19420820150716714,0.03993275464630629,0.01924133954024533,-0.08785272272506821,0.0033243019257451012,,0,,,0,,15.199395095973939,16.421161800135398,15.499869946207637,3,3,3,validated_position_specialists,3.0,full_trifecta_market_proxy,0.0,0,0
2026-10-06,防府,4,046320261006,1791246720,1791246420,4,5,14403,櫻井太士,追,86.61,,,,,0.09770573335765886,0.07380849240800548,0.11635040775940508,0.12842236451717712,position_specialists,0.07380849240800548,False,,,A,0.263,0.368,0.22,0.11,-0.04735684997963374,0.2135362189499005,-0.06911828771023161,0.032729445721103846,0.004020212427236855,,0,,,0,,7.380849240800548,11.635040775940508,12.842236451717712,4,5,5,validated_position_specialists,4.0,full_trifecta_market_proxy,0.0,0,0
2026-10-06,防府,4,046320261006,1791246720,1791246420,5,4,13447,坂本晃輝,追,88.04,,,,,0.07120717882357717,0.056033399830564386,0.14493431794056574,0.16326989161375133,position_specialists,0.056033399830564386,False,,,A,0.428,0.5710000000000001,0.16,0.25,0.21384550344198142,-0.2368830822803098,0.030493458585072332,0.008613012031869434,0.005185708604011435,,0,,,0,,5.603339983056439,14.493431794056574,16.32698916137513,5,4,2,validated_position_specialists,6.0,full_trifecta_market_proxy,1.0,0,0
2026-10-06,防府,4,046320261006,1791246720,1791246420,6,6,14494,山崎翼,逃,82.88,,,,,0.06848250955545702,0.02821322962015519,0.08217947300302997,0.07828723731507946,position_specialists,0.02821322962015519,False,,,A,0.222,0.2769999999999999,0.06,0.09,-0.054338614582514835,0.024212290745923334,-0.08798165254435555,-0.08785272272506821,0.003916677562594026,,0,,,0,,2.821322962015519,8.217947300302997,7.828723731507946,6,7,7,validated_position_specialists,5.0,full_trifecta_market_proxy,-1.0,0,0
2026-10-06,防府,4,046320261006,1791246720,1791246420,7,3,13121,山田晃久,追,84.95,,,,,0.049497313737368154,0.02449541996134811,0.09076694377020869,0.10284352698063721,position_specialists,0.02449541996134811,False,,,A,0.38,0.428,0.21,0.19,-0.0950835392260821,-0.037991203456226516,0.005590522011246345,-0.08785272272506821,0.006809096897023526,,0,,,0,,2.449541996134811,9.07669437702087,10.28435269806372,7,6,6,validated_position_specialists,7.0,full_trifecta_market_proxy,0.0,0,0
2026-10-06,防府,5,056320261006,1791247980,1791247680,1,7,12705,那須久幸,追,91.47,,,,,0.5216937526978899,0.5042892037895905,0.35942967562176537,0.26570622846795444,position_specialists,0.5042892037895905,False,,0.21136402940216115,A,0.3329999999999999,0.523,0.15,0.15,0.21699419285558547,0.04711987331124011,0.03270459113945105,-0.05850772335867094,0.0024044529973129675,,0,,,0,,50.42892037895905,35.942967562176534,26.570622846795445,1,1,1,validated_position_specialists,1.0,full_trifecta_market_proxy,0.0,0,0
2026-10-06,防府,5,056320261006,1791247980,1791247680,2,2,14495,下沖功児,逃,88.11,,,,,0.18109839237901396,0.2929251743874294,0.22028258336998655,0.18569865778524652,position_specialists,0.2929251743874294,False,,,A,0.481,0.5920000000000001,0.21,0.06,0.018399710425413236,0.30822930253160385,0.20200011159174966,0.21731440104649213,0.006709784107324083,,0,,,0,,29.292517438742937,22.028258336998654,18.56986577852465,2,2,2,validated_position_specialists,3.0,full_trifecta_market_proxy,1.0,0,0
2026-10-06,防府,5,056320261006,1791247980,1791247680,3,1,13792,辰己豊,追,85.42,,,,,0.15840306396293077,0.11035368606976316,0.16790931082795787,0.18162542876999496,position_specialists,0.11035368606976316,False,,,A,0.3329999999999999,0.619,0.2,0.2,0.02264137123483149,0.13293909062259965,0.03270459113945105,-0.05850772335867094,0.003485627662332652,,0,,,0,,11.035368606976316,16.790931082795787,18.162542876999495,3,3,3,validated_position_specialists,2.0,full_trifecta_market_proxy,-1.0,0,0
2026-10-06,防府,5,056320261006,1791247980,1791247680,4,3,15108,吉田篤史,両,85.76,,,,,0.09036894320494206,0.0625942114034391,0.1444983073916978,0.14923129538121924,position_specialists,0.0625942114034391,False,,,A,0.3329999999999999,0.428,0.16,0.12,-0.050240936872951183,0.10226318098434087,0.06691301069069083,-0.05850772335867094,0.006404653194795772,,0,,,0,,6.2594211403439095,14.44983073916978,14.923129538121923,4,4,4,validated_position_specialists,4.0,full_trifecta_market_proxy,0.0,0,0
2026-10-06,防府,5,056320261006,1791247980,1791247680,5,4,14115,原田礼,追,84.29,,,,,0.03628169748395072,0.02682847589622098,0.06760627068895746,0.1299841474646737,position_specialists,0.02682847589622098,False,,,A,0.25,0.416,0.07,0.23,0.23280497393934313,-0.06177936079621249,0.0018162998551870674,0.07522421574686267,0.004311606000924772,,0,,,0,,2.682847589622098,6.7606270688957455,12.998414746467372,5,5,5,validated_position_specialists,5.0,full_trifecta_market_proxy,0.0,0,0
2026-10-06,防府,5,056320261006,1791247980,1791247680,6,5,14393,柴田祐也,追,79.47,,,,,0.006965271872253111,0.0019561212818491893,0.028446642640617092,0.06566399745647196,position_specialists,0.0019561212818491893,False,,,A,0.047,0.238,0.06,0.17,-0.1717114503859225,-0.07894320425848442,-0.15262515656613285,-0.05850772335867094,0.003175641719578409,,0,,,0,,0.19561212818491894,2.8446642640617092,6.566399745647196,6,6,6,validated_position_specialists,6.0,full_trifecta_market_proxy,0.0,0,0
2026-10-06,防府,5,056320261006,1791247980,1791247680,7,6,12298,星島太,追,78.8,,,,,0.0051888783990196126,0.0010531271717076167,0.011827209459017949,0.02209024467443912,position_specialists,0.0010531271717076167,False,,,A,0.0,0.095,0.0,0.2,-0.2688878611962993,-0.22976601813264658,-0.1835134478503968,-0.05850772335867094,0.007776651517456006,,0,,,0,,0.10531271717076167,1.1827209459017949,2.209024467443912,7,7,7,validated_position_specialists,7.0,full_trifecta_market_proxy,0.0,0,0
2026-10-06,防府,6,066320261006,1791249240,1791248940,1,1,14104,池田憲昭,追,92.66,,,,,0.5243345192857795,0.5993995606329936,0.37566550503267804,0.2968869801772883,position_specialists,0.5993995606329936,False,,0.4106426500164792,S,0.3329999999999999,0.444,0.12,0.04,0.12105653685693392,0.07838814877656261,0.01599989246522019,-0.040824829046386304,0.005679263263266104,,0,,,0,,59.93995606329936,37.56655050326781,29.688698017728832,1,1,1,validated_position_specialists,1.0,full_trifecta_market_proxy,0.0,0,0
2026-10-06,防府,6,066320261006,1791249240,1791248940,2,5,15920,吉野太晟,逃,88.57,,,,,0.20517613289584857,0.1887569106165144,0.2695387509981639,0.1995100226266828,position_specialists,0.1887569106165144,False,,,S,0.3329999999999999,0.619,0.23,0.14,-0.16143300512910552,0.34043175671589565,-0.0012154292481004608,-0.040824829046386304,0.012163232956269683,,0,,,0,,18.87569106165144,26.95387509981639,19.95100226266828,2,2,2,validated_position_specialists,3.0,full_trifecta_market_proxy,1.0,0,0
2026-10-06,防府,6,066320261006,1791249240,1791248940,3,7,14612,工藤文彦,追,88.85,,,,,0.07248138428120522,0.09210343442023453,0.11073498179459494,0.13679717535435243,position_specialists,0.09210343442023453,False,,,S,0.38,0.523,0.33,0.16,0.1111650772671304,-0.0010356946246163332,0.07884298064000105,0.24494897427831785,0.005605998711434626,,0,,,0,,9.210343442023452,11.073498179459495,13.679717535435243,3,3,4,validated_position_specialists,4.0,full_trifecta_market_proxy,1.0,0,0
2026-10-06,防府,6,066320261006,1791249240,1791248940,4,4,14601,小竹洋平,両,86.61,,,,,0.07302906384137466,0.051368293448972,0.07584756328442585,0.09593141485818722,position_specialists,0.051368293448972,False,,,S,0.38,0.523,0.12,0.12,0.044251989116796835,-0.13015376172455956,0.07884298064000105,-0.040824829046386304,0.004393532485653803,,0,,,0,,5.1368293448972,7.584756328442586,9.593141485818721,4,4,5,validated_position_specialists,2.0,full_trifecta_market_proxy,-2.0,0,3
2026-10-06,防府,6,066320261006,1791249240,1791248940,5,6,15538,村瀬大和,逃,83.41,,,,,0.06648899348886604,0.03969027941975472,0.05777170137501787,0.07146196752083582,position_specialists,0.03969027941975472,False,,,S,0.3329999999999999,0.4579999999999999,0.12,0.12,-0.057354075557428955,0.03054839567603189,0.015480599184170857,-0.040824829046386304,0.005464879255716571,,0,,,0,,3.969027941975472,5.7771701375017885,7.146196752083582,5,6,6,validated_position_specialists,5.0,full_trifecta_market_proxy,0.0,0,0
2026-10-06,防府,6,066320261006,1791249240,1791248940,6,2,14638,川又裕樹,追,84.5,,,,,0.03153926121282121,0.018216646917904318,0.06814061773442873,0.1384768049468882,position_specialists,0.018216646917904318,False,,,S,0.166,0.375,0.05,0.25,0.17807816541746396,-0.15978484888399483,-0.04684319570956068,-0.040824829046386304,0.0057432668078104335,,0,,,0,,1.8216646917904318,6.814061773442874,13.847680494688818,6,5,3,validated_position_specialists,6.0,full_trifecta_market_proxy,0.0,0,0
2026-10-06,防府,6,066320261006,1791249240,1791248940,7,3,11619,疋田敏,追,84.33,,,,,0.026950644994104836,0.01046487454362646,0.042300879780690706,0.06093563451576527,position_specialists,0.01046487454362646,False,,,S,0.047,0.238,0.11,0.14,-0.23576468797179184,0.01382911522659097,-0.141107827971732,-0.040824829046386304,0.007555123329324518,,0,,,0,,1.0464874543626461,4.230087978069071,6.093563451576527,7,7,7,validated_position_specialists,7.0,full_trifecta_market_proxy,0.0,0,0
2026-10-06,防府,7,076320261006,1791250500,1791250200,1,2,15625,真鍋顕汰,逃,94.72,,,,,0.367257692900352,0.4736956591957766,0.25961930543898915,0.23194174066991033,position_specialists,0.4736956591957766,False,,0.2804468235262936,A,0.611,0.722,0.23,0.13,0.1755737875586725,0.1555275259512676,0.013572535306991047,-0.08128261975706111,0.008018202783933347,,0,,,0,,47.36956591957766,25.961930543898916,23.19417406699103,1,1,2,validated_position_specialists,1.0,full_trifecta_market_proxy,0.0,0,0
2026-10-06,防府,7,076320261006,1791250500,1791250200,2,1,13884,守谷陽介,両,92.66,,,,,0.20686734878858096,0.19324883566948306,0.25934896204400804,0.23560895481391045,position_specialists,0.19324883566948306,False,,,A,0.4579999999999999,0.583,0.17,0.11,0.17646330390086504,0.004385307633240146,0.009964836307775365,-0.08128261975706111,0.005959207472302249,,0,,,0,,19.324883566948305,25.934896204400804,23.560895481391047,2,2,1,validated_position_specialists,2.0,full_trifecta_market_proxy,0.0,0,0
2026-10-06,防府,7,076320261006,1791250500,1791250200,3,3,15634,末廣快理,逃,91.95,,,,,0.13331398063340436,0.15035726689372964,0.11572464161067163,0.11981892464354757,position_specialists,0.15035726689372964,False,,,A,0.5,0.708,0.29,0.11,-0.008445241243124464,0.1096086094700619,0.029822823190207924,0.16256523951412225,0.004466099909650965,,0,,,0,,15.035726689372964,11.572464161067163,11.981892464354758,3,4,4,validated_position_specialists,3.0,full_trifecta_market_proxy,0.0,0,0
2026-10-06,防府,7,076320261006,1791250500,1791250200,4,4,14952,多田晃紀,逃,90.7,,,,,0.08229026366840944,0.06451502579042516,0.08912529270188174,0.09034216992727716,position_specialists,0.06451502579042516,False,,,A,0.625,0.6659999999999999,0.2,0.16,-0.1853529590479054,0.12491491496379716,0.11559170754868504,-0.08128261975706111,0.00518790968137214,,0,,,0,,6.451502579042516,8.912529270188173,9.034216992727716,4,5,6,validated_position_specialists,5.0,full_trifecta_market_proxy,1.0,0,0
2026-10-06,防府,7,076320261006,1791250500,1791250200,5,5,14672,吉田茂生,両,91.78,,,,,0.12193438710587269,0.058744425524752876,0.14368995062756826,0.14231409170412815,position_specialists,0.058744425524752876,False,,,A,0.2,0.4,0.17,0.21,-0.33114688383804475,0.1574483625705926,-0.2265740839420464,0.03694664534411869,0.006235392334167962,,0,,,0,,5.874442552475288,14.368995062756825,14.231409170412816,5,3,3,validated_position_specialists,4.0,full_trifecta_market_proxy,-1.0,0,0
2026-10-06,防府,7,076320261006,1791250500,1791250200,6,6,14850,岡田啓渡,両,87.2,,,,,0.057164347007911516,0.04169082981344943,0.0720079315097712,0.0815663747080376,position_specialists,0.04169082981344943,False,,,A,0.4579999999999999,0.625,0.2,0.23,0.2124670269273036,0.08091683510191637,0.009964836307775365,-0.08128261975706111,0.00838823605511372,,0,,,0,,4.1690829813449435,7.20079315097712,8.15663747080376,6,6,7,validated_position_specialists,6.0,full_trifecta_market_proxy,0.0,0,0
2026-10-06,防府,7,076320261006,1791250500,1791250200,7,7,14486,大瀬戸潤一郎,追,88.95,,,,,0.031171979895469035,0.017747957112383313,0.06048391606710998,0.09840774353318878,position_specialists,0.017747957112383313,False,,,A,0.5,0.583,0.25,0.25,-0.03955903425776609,-0.29792328398716067,0.04765734528061153,0.12561859417000357,0.007546474254611732,,0,,,0,,1.7747957112383312,6.048391606710998,9.840774353318878,7,7,5,validated_position_specialists,7.0,full_trifecta_market_proxy,0.0,0,0
2026-10-06,大宮,1,012520261006,1791251100,1791250800,1,7,15650,田代匠,逃,87.76,,,,,0.45419552592060763,0.5862561570980602,0.31937447968166655,0.25654242356793816,position_specialists,0.5862561570980601,False,,0.42055687993756763,S,0.3329999999999999,0.523,0.14,0.1,0.1258881491124422,0.17927114627298996,0.1638930190521152,0.16843213200620413,0.010282059111372546,,0,,,0,,58.62561570980602,31.937447968166655,25.654242356793816,1,1,1,validated_position_specialists,1.0,full_trifecta_market_proxy,0.0,0,0
2026-10-06,大宮,1,012520261006,1791251100,1791250800,2,1,13817,吉川裕二,追,85.61,,,,,0.21626088021726245,0.16569927716049254,0.28456917412051524,0.22588582161156484,position_specialists,0.16569927716049251,False,,,S,0.222,0.3879999999999999,0.12,0.09,0.07693164667982581,0.046430146078314825,0.0025136303848687924,-0.002618116041547212,0.011844884348893346,,0,,,0,,16.569927716049254,28.456917412051524,22.588582161156484,2,2,2,validated_position_specialists,2.0,full_trifecta_market_proxy,0.0,0,0
2026-10-06,大宮,1,012520261006,1791251100,1791250800,3,3,13275,渡辺航平,追,85.52,,,,,0.14515556555992068,0.13716633218325475,0.14379833069666972,0.14708468005503203,position_specialists,0.13716633218325472,False,,,S,0.284,0.3329999999999999,0.25,0.13,0.027975144247209306,0.12171379328465062,0.09803398387581061,0.03403550854011379,0.009436577529359837,,0,,,0,,13.716633218325475,14.379833069666972,14.708468005503203,3,3,4,validated_position_specialists,3.0,full_trifecta_market_proxy,0.0,0,0
2026-10-06,大宮,1,012520261006,1791251100,1791250800,4,2,15883,吉田夢希斗,逃,80.38,,,,,0.09389163724856557,0.06399264445666576,0.09930632718783292,0.09493222803810025,position_specialists,0.06399264445666575,False,,,S,0.142,0.238,0.24,0.14,-0.06993786061802369,0.2696115229205929,-0.043939266651196116,0.10123382027315897,0.01515826486077583,,0,,,0,,6.399264445666576,9.930632718783292,9.493222803810026,4,4,6,validated_position_specialists,5.0,full_trifecta_market_proxy,1.0,0,0
2026-10-06,大宮,1,012520261006,1791251100,1791250800,5,5,12800,豊田一馬,追,82.11,,,,,0.06248606932595969,0.03734623863074591,0.06969155204253462,0.09830235176864423,position_specialists,0.037346238630745904,False,,,S,0.222,0.444,0.06,0.28,0.17484465154505868,-0.05614774596612349,0.013272256296018546,-0.10036111492597655,0.011228568714465412,,0,,,0,,3.734623863074591,6.969155204253462,9.830235176864424,5,6,5,validated_position_specialists,6.0,full_trifecta_market_proxy,1.0,0,0
2026-10-06,大宮,1,012520261006,1791251100,1791250800,6,4,14707,飯塚直人,両,81.75,,,,,0.019822706275906713,0.007973487480807378,0.07333121212120595,0.1574113561841586,position_specialists,0.007973487480807376,False,,,S,0.15,0.35,0.15,0.4,-0.020981358185407195,-0.14648812261372646,-0.04524654636060212,-0.10036111492597655,0.009930525407485395,,0,,,0,,0.7973487480807377,7.333121212120595,15.74113561841586,6,5,3,validated_position_specialists,4.0,full_trifecta_market_proxy,-2.0,0,3
2026-10-06,大宮,1,012520261006,1791251100,1791250800,7,6,12132,甲斐下智,追,78.03,,,,,0.008187615451777267,0.001565862989973542,0.009928924149575056,0.0198411387745619,position_specialists,0.0015658629899735418,False,,,S,0.0,0.0,0.0,0.0,-0.31472037278110604,-0.19432787571425716,-0.18852707659701487,-0.10036111492597655,0.012162095387110685,,0,,,0,,0.1565862989973542,0.9928924149575056,1.98411387745619,7,7,7,validated_position_specialists,7.0,full_trifecta_market_proxy,0.0,0,0
2026-10-06,奈良,1,015320261006,1791251820,1791251520,1,5,13924,阿久津修,追,88.14,,,,,0.43964610890058897,0.5310777277464047,0.31515234595120456,0.25222916433506526,position_specialists,0.5310777277464046,False,,0.2666601003726667,A,0.284,0.476,0.17,0.13,0.20141100710824347,0.11388984638124593,0.047349164604743976,0.14285974549393224,0.005452429727632312,,0,,,0,,53.10777277464047,31.515234595120457,25.222916433506526,1,1,1,validated_position_specialists,1.0,full_trifecta_market_proxy,0.0,0,0
2026-10-06,奈良,1,015320261006,1791251820,1791251520,2,3,15742,堀越翔己,逃,83.38,,,,,0.23324433677732875,0.264417627373738,0.25641069112142334,0.21332602391872285,position_specialists,0.2644176273737379,False,,,A,0.3329999999999999,0.619,0.13,0.12,-0.001584465561823018,0.3120959191092118,0.11681560073460562,0.14285974549393224,0.010171784664456306,,0,,,0,,26.441762737373796,25.641069112142333,21.332602391872285,2,2,2,validated_position_specialists,3.0,full_trifecta_market_proxy,1.0,0,0
2026-10-06,奈良,1,015320261006,1791251820,1791251520,3,2,15102,奥出良,逃,82.23,,,,,0.13647902388944463,0.0973676022338118,0.13903335726535584,0.15424809509669218,position_specialists,0.09736760223381179,False,,,A,0.351,0.411,0.12,0.16,0.05737096662637258,0.12756154973783934,0.09173138853490717,-0.0824964727500172,0.005901972494257255,,0,,,0,,9.73676022338118,13.903335726535584,15.424809509669219,3,4,4,validated_position_specialists,2.0,full_trifecta_market_proxy,-1.0,0,0
2026-10-06,奈良,1,015320261006,1791251820,1791251520,4,4,13117,鳥越靖弘,追,85.04,,,,,0.12365376177825683,0.08320353997145485,0.14453141143359544,0.17006210835177954,position_specialists,0.08320353997145484,False,,,A,0.29,0.4579999999999999,0.5,0.0,0.04052655742974521,-0.16051411569701304,0.09848729416552264,0.04426640001220435,0.00346094791095085,,0,,,0,,8.320353997145485,14.453141143359543,17.006210835177953,4,3,3,validated_position_specialists,4.0,full_trifecta_market_proxy,0.0,0,0
2026-10-06,奈良,1,015320261006,1791251820,1791251520,5,1,14323,連佛康浩,追,79.7,,,,,0.030141386717114114,0.014504698279240122,0.059668141988199384,0.09038492584055717,position_specialists,0.01450469827924012,False,,,A,0.175,0.235,0.08,0.11,0.2159525152831601,-0.055266658875845476,-0.05830504733212108,-0.0824964727500172,0.00791898533543379,,0,,,0,,1.4504698279240122,5.966814198819939,9.038492584055717,5,6,5,validated_position_specialists,5.0,full_trifecta_market_proxy,0.0,0,0
2026-10-06,奈良,1,015320261006,1791251820,1791251520,6,7,12992,吉良勝信,追,78.55,,,,,0.01790826219196776,0.005050218399671653,0.061677621849199366,0.0836910667184344,position_specialists,0.005050218399671652,False,,,A,0.0,0.05,0.07,0.21,-0.21382402143932697,0.05237838992412179,-0.16395925926898614,-0.0824964727500172,0.004938650286526483,,0,,,0,,0.5050218399671653,6.167762184919937,8.36910667184344,6,5,6,validated_position_specialists,6.0,full_trifecta_market_proxy,0.0,0,0
2026-10-06,奈良,1,015320261006,1791251820,1791251520,7,6,13646,日浅保幸,追,78.19,,,,,0.018927119745298916,0.004378585995679026,0.02352643039102208,0.03605861573874867,position_specialists,0.004378585995679025,False,,,A,0.0,0.076,0.08,0.16,-0.29985255944637157,-0.1031064119763762,-0.13211914143867218,-0.0824964727500172,0.0039036030014609102,,0,,,0,,0.43785859956790263,2.352643039102208,3.6058615738748667,7,7,7,validated_position_specialists,7.0,full_trifecta_market_proxy,0.0,0,0
2026-10-06,大宮,2,022520261006,1791252600,1791252300,1,1,13610,土屋仁,追,88.28,,,,,0.4084172202160129,0.6105182736054825,0.33784134740707455,0.27795364517021043,position_specialists,0.6105182736054825,False,,0.4476143520548752,S,0.318,0.59,0.26,0.14,0.2300594699672632,0.2829363312693916,0.0721910607692234,0.1482064155568187,0.009865658727029842,,0,,,0,,61.05182736054825,33.784134740707465,27.795364517021042,1,1,1,validated_position_specialists,1.0,full_trifecta_market_proxy,0.0,0,0
2026-10-06,大宮,2,022520261006,1791252600,1791252300,2,3,13950,松山桂輔,追,88.44,,,,,0.14462198450831376,0.16290392155060726,0.16613025807967147,0.17207333145552023,position_specialists,0.16290392155060726,False,,,S,0.295,0.444,0.19,0.11,0.04940379643527771,0.12240865525163633,0.10530312563656448,0.1482064155568187,0.010341330127856745,,0,,,0,,16.290392155060726,16.61302580796715,17.207333145552024,2,3,3,validated_position_specialists,3.0,full_trifecta_market_proxy,1.0,0,0
2026-10-06,大宮,2,022520261006,1791252600,1791252300,3,5,15798,橋谷成海,逃,84.76,,,,,0.2311354374294339,0.11569369050501378,0.23230823499704698,0.19979776443233743,position_specialists,0.11569369050501378,False,,,S,0.3329999999999999,0.38,0.21,0.05,-0.18286778382013225,-0.032449548527397884,0.06786283458199986,-0.09288993651096383,0.014854637687315715,,0,,,0,,11.569369050501379,23.2308234997047,19.979776443233742,3,2,2,validated_position_specialists,4.0,full_trifecta_market_proxy,1.0,0,0
2026-10-06,大宮,2,022520261006,1791252600,1791252300,4,4,15185,布居大地,逃,85.13,,,,,0.11983952734596934,0.07279900413427899,0.14506162157425445,0.14439818488906073,position_specialists,0.07279900413427899,False,,,S,0.25,0.625,0.21,0.24,0.1268276565204144,-0.032449548527397884,-0.0026743065038974684,-0.09288993651096383,0.009007542396708808,,0,,,0,,7.2799004134278995,14.506162157425447,14.439818488906072,4,4,4,validated_position_specialists,2.0,full_trifecta_market_proxy,-2.0,0,3
2026-10-06,大宮,2,022520261006,1791252600,1791252300,5,2,14079,江本博明,追,80.66,,,,,0.03615004698991657,0.016700496871754126,0.0446055105302379,0.05380179640243137,position_specialists,0.016700496871754126,False,,,S,0.095,0.238,0.1,0.16,0.002949480384195672,0.09565404258201045,-0.09336926356748217,-0.012524485821702985,0.01000867811541668,,0,,,0,,1.6700496871754127,4.460551053023791,5.380179640243137,5,5,6,validated_position_specialists,7.0,full_trifecta_market_proxy,2.0,3,0
2026-10-06,大宮,2,022520261006,1791252600,1791252300,6,6,13468,勝俣亮,両,79.44,,,,,0.036415886984237575,0.01348227175675208,0.039391177275772044,0.04096626151648238,position_specialists,0.01348227175675208,False,,,S,0.111,0.185,0.12,0.08,-0.2293220998712143,0.15483274015998325,-0.05594418734892594,-0.09288993651096383,0.010279783748596696,,0,,,0,,1.348227175675208,3.9391177275772047,4.0966261516482385,6,6,7,validated_position_specialists,5.0,full_trifecta_market_proxy,-1.0,0,0
2026-10-06,大宮,2,022520261006,1791252600,1791252300,7,7,12794,宇賀神浩幸,追,81.43,,,,,0.023419896526115896,0.007902341576111199,0.034661850135942536,0.11100901613395737,position_specialists,0.007902341576111199,False,,,S,0.086,0.26,0.02,0.24,0.002949480384195672,-0.256054400504511,-0.09336926356748217,-0.005218535759042913,0.014297139979430057,,0,,,0,,0.7902341576111199,3.466185013594254,11.100901613395738,7,7,5,validated_position_specialists,6.0,full_trifecta_market_proxy,-1.0,0,0
2026-10-06,奈良,2,025320261006,1791253380,1791253080,1,1,14422,前田義和,逃,88.91,,,,,0.5825072724741518,0.6756096609677974,0.38445539413510343,0.3026172512035602,position_specialists,0.6756096609677975,False,,0.452682925080917,S,0.416,0.541,0.09,0.05,0.10280565098851828,0.3418375218091935,0.199605890905844,0.24494897427831785,0.011532208239343976,,0,,,0,,67.56096609677974,38.445539413510346,30.261725120356026,1,1,1,validated_position_specialists,1.0,full_trifecta_market_proxy,0.0,0,0
2026-10-06,奈良,2,025320261006,1791253380,1791253080,2,7,12924,太田黒大心,追,87.53,,,,,0.22688662213942196,0.22292673588688047,0.33300286461431317,0.27386181109618984,position_specialists,0.22292673588688053,False,,,S,0.4,0.5329999999999999,0.15,0.15,0.1364153319709035,0.033094435446411934,0.13117587651287063,-0.040824829046386304,0.005784289197251919,,0,,,0,,22.292673588688046,33.30028646143132,27.38618110961899,2,2,2,validated_position_specialists,2.0,full_trifecta_market_proxy,0.0,0,0
2026-10-06,奈良,2,025320261006,1791253380,1791253080,3,2,14816,齋藤宗徳,逃,81.13,,,,,0.08512259729226054,0.05786787325015459,0.0850568704196794,0.11732136274131096,position_specialists,0.057867873250154606,False,,,S,0.18,0.318,0.11,0.09,0.0636248615005454,0.12159517978773593,0.03718068688056085,-0.040824829046386304,0.00359277556490576,,0,,,0,,5.786787325015459,8.50568704196794,11.732136274131097,3,3,4,validated_position_specialists,3.0,full_trifecta_market_proxy,0.0,0,0
2026-10-06,奈良,2,025320261006,1791253380,1791253080,4,4,14070,秋葉大輔,追,84.57,,,,,0.0380115868087034,0.018324732913760827,0.08422575456962236,0.1205217727961668,position_specialists,0.01832473291376083,False,,,S,0.142,0.238,0.09,0.09,-0.03720418144661012,-0.14556713538190816,-0.02855827763081901,-0.040824829046386304,0.004450183910464461,,0,,,0,,1.8324732913760826,8.422575456962237,12.052177279616684,4,4,3,validated_position_specialists,4.0,full_trifecta_market_proxy,0.0,0,0
2026-10-06,奈良,2,025320261006,1791253380,1791253080,5,3,12216,武田哲二,追,79.92,,,,,0.025664206480170496,0.01040693231708684,0.03154169305556308,0.050709566405598164,position_specialists,0.010406932317086842,False,,,S,0.04,0.08,0.33,0.11,-0.02318489520821118,0.012118974301511213,-0.1350477137266121,-0.040824829046386304,0.006587244265798885,,0,,,0,,1.040693231708684,3.154169305556308,5.070956640559817,5,6,6,validated_position_specialists,7.0,full_trifecta_market_proxy,2.0,3,0
2026-10-06,奈良,2,025320261006,1791253380,1791253080,6,5,14742,河野淳吾,追,80.38,,,,,0.01904284302054287,0.00826098011879612,0.05444962892796164,0.08881428305043708,position_specialists,0.008260980118796122,False,,,S,0.105,0.21,0.28,0.2,-0.003594500464224746,-0.04031967856074059,-0.08180299567871556,-0.040824829046386304,0.006587244265798885,,0,,,0,,0.826098011879612,5.4449628927961635,8.881428305043709,6,5,5,validated_position_specialists,5.0,full_trifecta_market_proxy,-1.0,0,0
2026-10-06,奈良,2,025320261006,1791253380,1791253080,7,6,14755,奥出健士郎,追,77.41,,,,,0.02276487178474897,0.006603084545523647,0.02726779427775695,0.04615395270673682,position_specialists,0.006603084545523648,False,,,S,0.0409999999999999,0.083,0.0,0.0,-0.23886226734092117,-0.035720778799019505,-0.12255346726312878,-0.040824829046386304,0.005542809302805537,,0,,,0,,0.6603084545523646,2.726779427775695,4.615395270673683,7,7,7,validated_position_specialists,6.0,full_trifecta_market_proxy,-1.0,0,0
2026-10-06,大宮,3,032520261006,1791254220,1791253920,1,3,14267,一ノ瀬匠,逃,86.34,,,,,0.35352966711270645,0.4343960221830548,0.2367637271635707,0.19863970423684923,position_specialists,0.4343960221830548,False,,0.15947727429114228,B,0.434,0.521,0.19,0.06,0.05474081420045305,0.3283800533703017,0.11756622279734807,0.14079314778548588,0.01509167596626472,,0,,,0,,43.43960221830548,23.676372716357072,19.863970423684922,1,2,4,validated_position_specialists,1.0,full_trifecta_market_proxy,0.0,0,0
2026-10-06,大宮,3,032520261006,1791254220,1791253920,2,5,14528,落合達彦,追,87.0,,,,,0.2202196384109471,0.2749187478919125,0.25127750057860276,0.21989080114673182,position_specialists,0.2749187478919125,False,,,B,0.423,0.5760000000000001,0.32,0.08,0.16893522792987495,0.19319608608554062,0.1436358120163532,0.14079314778548588,0.010214773315748644,,0,,,0,,27.49187478919125,25.12775005786028,21.989080114673182,2,1,1,validated_position_specialists,2.0,full_trifecta_market_proxy,0.0,0,0
2026-10-06,大宮,3,032520261006,1791254220,1791253920,3,2,15507,上遠野拓馬,逃,87.45,,,,,0.24124216004724008,0.20077001322506538,0.21943018387007254,0.21352580455501624,position_specialists,0.20077001322506538,False,,,B,0.416,0.541,0.08,0.07,0.07757969694633744,-0.051746135122227414,0.1440470979550276,0.016686595293094617,0.012139996348098103,,0,,,0,,20.07700132250654,21.943018387007257,21.352580455501624,3,3,2,validated_position_specialists,3.0,full_trifecta_market_proxy,0.0,0,0
2026-10-06,大宮,3,032520261006,1791254220,1791253920,4,7,12989,森岡正臣,追,84.38,,,,,0.1428633463587396,0.07767130373819646,0.2031724440708912,0.20217367820641202,position_specialists,0.07767130373819646,False,,,B,0.142,0.38,0.28,0.1,0.19177411067575934,0.024251113422194336,-0.06821118924508285,-0.10011957175856773,0.012510353316765992,,0,,,0,,7.767130373819646,20.317244407089124,20.2173678206412,4,4,3,validated_position_specialists,4.0,full_trifecta_market_proxy,0.0,0,0
2026-10-06,大宮,3,032520261006,1791254220,1791253920,5,4,14329,阿部功,追,81.4,,,,,0.019480857083010648,0.007198778725322885,0.056729187864281765,0.10771020800597211,position_specialists,0.007198778725322885,False,,,B,0.15,0.2,0.03,0.19,-0.12797024776662194,-0.019077842576497007,-0.06821118924508285,0.0020858244116368323,0.009917854536090766,,0,,,0,,0.7198778725322885,5.672918786428177,10.771020800597212,5,5,5,validated_position_specialists,5.0,full_trifecta_market_proxy,0.0,0,0
2026-10-06,大宮,3,032520261006,1791254220,1791253920,6,6,12602,吉村文隆,追,78.66,,,,,0.01236616320695441,0.0026674687101957656,0.015035879289719544,0.02790044323328692,position_specialists,0.0026674687101957656,False,,,B,0.0,0.125,0.0,0.0,-0.19141158872741185,-0.15139008200870085,-0.14765381471812136,-0.10011957175856773,0.009147814677866366,,0,,,0,,0.26674687101957656,1.5035879289719547,2.7900443233286922,6,7,7,validated_position_specialists,7.0,full_trifecta_market_proxy,1.0,0,0
2026-10-06,大宮,3,032520261006,1791254220,1791253920,7,1,14828,川口聖翔,追,78.91,,,,,0.010298167780401771,0.002377665526252202,0.01759107716286151,0.03015936061573165,position_specialists,0.002377665526252202,False,,,B,0.043,0.086,0.04,0.09,-0.17364801325839077,-0.15139008200870085,-0.12117293956044187,-0.10011957175856773,0.010841793785586206,,0,,,0,,0.2377665526252202,1.759107716286151,3.0159360615731647,7,6,6,validated_position_specialists,6.0,full_trifecta_market_proxy,-1.0,0,0
2026-10-06,奈良,3,035320261006,1791255060,1791254760,1,7,14980,田原宥明,両,88.81,,,,,0.2213499241322675,0.2849348889329843,0.2241998548944119,0.18385798622396232,position_specialists,0.28493488893298424,False,,0.06423333164977768,C,0.5,0.6809999999999999,0.36,0.09,0.021927629304678332,0.2447935722556628,0.06402918172118542,0.06957343780106907,0.006817198710727496,,0,,,0,,28.49348889329843,22.419985489441192,18.385798622396234,1,2,3,validated_position_specialists,4.0,full_trifecta_market_proxy,3.0,5,0
2026-10-06,奈良,3,035320261006,1791255060,1791254760,2,4,15685,小笠原一真,逃,92.77,,,,,0.2436606062457041,0.2207015572832066,0.24055789888971843,0.21619080657357845,position_specialists,0.22070155728320656,False,,,C,0.444,0.722,0.24,0.14,-0.15181418203058722,0.029840675963661755,-0.05245785948611269,0.15327898015548033,0.007926062065038823,,0,,,0,,22.07015572832066,24.055789888971844,21.619080657357845,2,1,2,validated_position_specialists,3.0,full_trifecta_market_proxy,1.0,0,0
2026-10-06,奈良,3,035320261006,1791255060,1791254760,3,5,14066,池田勇人,追,92.7,,,,,0.18027474399957574,0.2152692558423768,0.18403361671049973,0.2174054704184519,position_specialists,0.21526925584237677,False,,,C,0.416,0.583,0.09,0.11,0.0873746725982811,0.06176489161738578,0.0956925887183483,-0.036960888831817966,0.008830687442844366,,0,,,0,,21.52692558423768,18.40336167104997,21.74054704184519,3,3,1,validated_position_specialists,1.0,full_trifecta_market_proxy,-2.0,0,3
2026-10-06,奈良,3,035320261006,1791255060,1791254760,4,3,14954,日野博幸,逃,88.64,,,,,0.19159535466238123,0.13593554083144235,0.13400170914286436,0.13317994637054253,position_specialists,0.13593554083144233,False,,,C,0.294,0.352,0.0,0.5,0.09975880755409396,-0.2185534771186555,-0.08030879644026803,0.10762141159852874,0.008887871674835885,,0,,,0,,13.593554083144236,13.400170914286436,13.317994637054253,4,4,5,validated_position_specialists,2.0,full_trifecta_market_proxy,-2.0,0,3
2026-10-06,奈良,3,035320261006,1791255060,1791254760,5,1,15795,今井希,逃,88.62,,,,,0.1206296036509273,0.12155860746553243,0.12409240612568782,0.1456298626602738,position_specialists,0.12155860746553242,False,,,C,0.3329999999999999,0.5,0.23,0.15,0.25207675651532957,0.04575621341046846,-0.008145761620350578,-0.09783764690775341,0.008882171805102295,,0,,,0,,12.155860746553243,12.409240612568782,14.56298626602738,5,5,4,validated_position_specialists,5.0,full_trifecta_market_proxy,0.0,0,0
2026-10-06,奈良,3,035320261006,1791255060,1791254760,6,6,15924,利川寛太,逃,80.66,,,,,0.03464935060848422,0.017964537771579824,0.07518107811912669,0.05605064119145127,position_specialists,0.01796453777157982,False,,,C,0.375,0.4579999999999999,0.5,0.0,-0.2872281323269015,0.17933495905151203,0.001985099596147337,-0.09783764690775341,0.005180495596652445,,0,,,0,,1.7964537771579823,7.518107811912669,5.605064119145127,6,6,6,validated_position_specialists,6.0,full_trifecta_market_proxy,0.0,0,0
2026-10-06,奈良,3,035320261006,1791255060,1791254760,7,2,12708,野木義規,追,82.16,,,,,0.007840416700659958,0.003635611872877799,0.01793343611769108,0.04768528656173977,position_specialists,0.0036356118728777987,False,,,C,0.3329999999999999,0.444,0.13,0.13,-0.02209555161489451,-0.1707137240181248,-0.02079445248894979,-0.09783764690775341,0.009226333987498093,,0,,,0,,0.3635611872877799,1.793343611769108,4.768528656173977,7,7,7,validated_position_specialists,7.0,full_trifecta_market_proxy,0.0,0,0
2026-10-06,大宮,4,042520261006,1791255900,1791255600,1,7,15901,真木寛斗,逃,91.04,,,,,0.6806400820944718,0.7759712750600458,0.4155689509604257,0.2951840019726342,position_specialists,0.7759712750600457,False,,0.6650919043632871,S,0.625,0.75,0.25,0.12,0.20449503171465697,0.3536837440998579,0.0325078169696192,0.15811388300841897,0.01733796674318884,,0,,,0,,77.59712750600458,41.55689509604257,29.51840019726342,1,1,1,validated_position_specialists,1.0,full_trifecta_market_proxy,0.0,0,0
2026-10-06,大宮,4,042520261006,1791255900,1791255600,2,3,13332,吉村和之,追,88.5,,,,,0.13873212134708598,0.11087937069675861,0.26155480815302673,0.2350053770625265,position_specialists,0.1108793706967586,False,,,S,0.0,0.4,0.23,0.16,0.08292685999469097,0.05360384786158752,-0.1939876894883575,0.15811388300841897,0.010062549636990093,,0,,,0,,11.087937069675862,26.155480815302674,23.50053770625265,2,2,2,validated_position_specialists,2.0,full_trifecta_market_proxy,0.0,0,0
2026-10-06,大宮,4,042520261006,1791255900,1791255600,3,4,14410,桶谷明誉,追,83.52,,,,,0.05785770030914544,0.04418259136415204,0.07853384438189856,0.10222519238053059,position_specialists,0.044182591364152035,False,,,S,0.294,0.47,0.12,0.08,0.1771421930776646,-0.03560631863554097,0.055041676249902347,-0.0632455532033676,0.00950519355190849,,0,,,0,,4.418259136415204,7.853384438189856,10.222519238053058,3,3,4,validated_position_specialists,5.0,full_trifecta_market_proxy,2.0,3,0
2026-10-06,大宮,4,042520261006,1791255900,1791255600,4,2,15513,菊池翔,逃,83.5,,,,,0.04049979928143573,0.025128692217368683,0.06778884467516483,0.0784207694328604,position_specialists,0.02512869221736868,False,,,S,0.351,0.529,0.16,0.1,-0.038641311725274866,-0.012077938538368903,0.03943379664618418,-0.0632455532033676,0.00922956301565313,,0,,,0,,2.512869221736868,6.778884467516483,7.84207694328604,4,5,5,validated_position_specialists,4.0,full_trifecta_market_proxy,0.0,0,0
2026-10-06,大宮,4,042520261006,1791255900,1791255600,5,1,15735,岡本翔,逃,82.19,,,,,0.038175110818406466,0.020249546440198555,0.06927226087443492,0.07822030221944014,position_specialists,0.02024954644019855,False,,,S,0.284,0.38,0.16,0.08,-0.17844470920323577,-0.0031569218886560477,0.056532793418151095,-0.0632455532033676,0.009341948484555083,,0,,,0,,2.0249546440198554,6.927226087443492,7.822030221944014,5,4,6,validated_position_specialists,3.0,full_trifecta_market_proxy,-2.0,0,3
2026-10-06,大宮,4,042520261006,1791255900,1791255600,6,5,13645,川木敬大,追,86.5,,,,,0.019855079401842723,0.012621632182923769,0.06481413685192056,0.15434498587798373,position_specialists,0.012621632182923767,False,,,S,0.208,0.583,0.04,0.45,-0.041680516018274,-0.12869808895502924,0.055041676249902347,-0.0632455532033676,0.010915345049182427,,0,,,0,,1.262163218292377,6.481413685192056,15.434498587798373,6,6,3,validated_position_specialists,6.0,full_trifecta_market_proxy,0.0,0,0
2026-10-06,大宮,4,042520261006,1791255900,1791255600,7,6,15156,門脇翼,両,80.57,,,,,0.02424010674761191,0.010966892038552561,0.042467154103128714,0.05659937105402435,position_specialists,0.01096689203855256,False,,,S,0.142,0.142,0.0,0.0,-0.205797547840228,0.10712994775986462,-0.044570070045401596,-0.0632455532033676,0.009197452881681141,,0,,,0,,1.096689203855256,4.246715410312872,5.6599371054024346,7,7,7,validated_position_specialists,7.0,full_trifecta_market_proxy,0.0,0,0
2026-10-06,奈良,4,045320261006,1791256740,1791256440,1,7,14080,近藤隆司,両,95.05,,,,,0.4000457809379996,0.3183119404519242,0.3003099671164339,0.24879615214828196,position_specialists,0.3183119404519241,False,,0.045771935625061544,C,0.611,0.611,0.1,0.08,-0.06730694355873504,-0.0624460772912466,-0.015974844924903052,-0.12105263759074188,0.0069821888310434375,,0,,,0,,31.83119404519242,30.030996711643386,24.879615214828195,1,1,1,validated_position_specialists,1.0,full_trifecta_market_proxy,0.0,0,0
2026-10-06,奈良,4,045320261006,1791256740,1791256440,2,4,14305,大谷靖茂,逃,88.1,,,,,0.1643993525907112,0.27254000482686264,0.1414651831141451,0.13647286990129437,position_specialists,0.2725400048268626,False,,,C,0.551,0.586,0.15,0.0,0.22822342753772756,0.25248416588131195,0.1893815162684142,-0.06523794840219624,0.00507887316016525,,0,,,0,,27.254000482686262,14.14651831141451,13.647286990129437,2,3,3,validated_position_specialists,2.0,full_trifecta_market_proxy,0.0,0,0
2026-10-06,奈良,4,045320261006,1791256740,1791256440,3,1,14646,三浦雄大,追,93.68,,,,,0.19265178223686155,0.17882088497086732,0.23770639037172148,0.22603635540440684,position_specialists,0.1788208849708673,False,,,C,0.35,0.55,0.21,0.18,-0.015733299672134327,0.13377728140485518,-0.0822018332756803,-0.03986763513467548,0.007792990922635034,,0,,,0,,17.88208849708673,23.77063903717215,22.603635540440685,3,2,2,validated_position_specialists,3.0,full_trifecta_market_proxy,0.0,0,0
2026-10-06,奈良,4,045320261006,1791256740,1791256440,4,3,15899,加藤駿,逃,89.14,,,,,0.10814381151407303,0.13827561885710077,0.13791647635888798,0.1362359776016642,position_specialists,0.13827561885710074,False,,,C,0.57,0.5710000000000001,0.27,0.11,0.03584034421446653,0.14529097054255286,0.005522577636145665,0.21383549754053208,0.012081986801430128,,0,,,0,,13.827561885710077,13.791647635888799,13.62359776016642,4,4,4,validated_position_specialists,4.0,full_trifecta_market_proxy,0.0,0,0
2026-10-06,奈良,4,045320261006,1791256740,1791256440,5,5,15665,福田要,両,89.47,,,,,0.05661306728859134,0.046018599764767555,0.09690585711950832,0.12469066804297319,position_specialists,0.04601859976476755,False,,,C,0.5,0.636,0.09,0.17,0.14466701855735348,-0.255344764565489,0.08176266019840117,-0.03986763513467548,0.007151219681989141,,0,,,0,,4.601859976476756,9.690585711950831,12.469066804297318,5,5,5,validated_position_specialists,5.0,full_trifecta_market_proxy,0.0,0,0
2026-10-06,奈良,4,045320261006,1791256740,1791256440,6,2,14044,八尋英輔,追,87.66,,,,,0.044480861587828616,0.03166051433981116,0.056430140837039455,0.08504027215525077,position_specialists,0.03166051433981115,False,,,C,0.3329999999999999,0.4579999999999999,0.18,0.17,-0.05093565953129933,0.02990875748795544,-0.04328030329312172,0.005798928746861871,0.008816800175647786,,0,,,0,,3.166051433981116,5.643014083703946,8.504027215525078,6,6,6,validated_position_specialists,6.0,full_trifecta_market_proxy,0.0,0,0
2026-10-06,奈良,4,045320261006,1791256740,1791256440,7,6,14951,後藤祐貴,逃,82.23,,,,,0.03366534384393468,0.014372436788666502,0.029265985082263846,0.04272770474612872,position_specialists,0.0143724367886665,False,,,C,0.237,0.285,0.0,0.14,-0.27475488754737976,0.043368185143244725,-0.13520977260925598,0.046391429974895086,0.00520805233520916,,0,,,0,,1.4372436788666503,2.926598508226385,4.272770474612872,7,7,7,validated_position_specialists,7.0,full_trifecta_market_proxy,0.0,0,0
2026-10-06,大宮,5,052520261006,1791257580,1791257280,1,5,15365,古賀勝大,両,96.0,,,,,0.5032090439056588,0.7118179290807259,0.3077274208093528,0.25084932884930955,position_specialists,0.7118179290807259,False,,0.6327797129471935,S,0.7609999999999999,0.7609999999999999,0.05,0.05,0.22362885296507923,0.2961351836600418,0.14115856925903972,-0.08660254037844387,0.00848176241968603,,0,,,0,,71.1817929080726,30.77274208093527,25.084932884930954,1,1,1,validated_position_specialists,1.0,full_trifecta_market_proxy,0.0,0,0
2026-10-06,大宮,5,052520261006,1791257580,1791257280,2,2,15285,久樹克門,逃,92.33,,,,,0.10916089918926311,0.07903821613353242,0.19331600893241185,0.1428122585278369,position_specialists,0.07903821613353242,False,,,S,0.416,0.583,0.12,0.23,-0.08343076437543333,0.21144259533770082,-0.014044275655601842,0.11547005383792515,0.006016524702875503,,0,,,0,,7.903821613353242,19.33160089324118,14.281225852783692,2,2,4,validated_position_specialists,2.0,full_trifecta_market_proxy,0.0,0,0
2026-10-06,大宮,5,052520261006,1791257580,1791257280,3,7,15559,神開一輝,逃,93.19,,,,,0.12329413774218848,0.07723786076306922,0.14272686454782382,0.15030174990297715,position_specialists,0.07723786076306922,False,,,S,0.523,0.5710000000000001,0.0,0.0,0.0430055486471307,-0.17543608700706934,0.022950895449396495,0.11547005383792515,0.006775261379656771,,0,,,0,,7.723786076306922,14.272686454782379,15.030174990297715,3,3,3,validated_position_specialists,4.0,full_trifecta_market_proxy,1.0,0,0
2026-10-06,大宮,5,052520261006,1791257580,1791257280,4,4,15618,高本和也,逃,89.8,,,,,0.0879735033360211,0.0639510625807301,0.12649263245158832,0.15423812018356933,position_specialists,0.0639510625807301,False,,,S,0.38,0.523,0.21,0.17,0.09719253994251524,0.03935377215322778,0.05405045900738238,0.11547005383792515,0.005126867615234455,,0,,,0,,6.39510625807301,12.649263245158828,15.423812018356934,4,4,2,validated_position_specialists,5.0,full_trifecta_market_proxy,1.0,0,0
2026-10-06,大宮,5,052520261006,1791257580,1791257280,5,6,15429,山田雄大,逃,89.0,,,,,0.09677759160222217,0.044842511158775904,0.08854001546105689,0.08223253005941052,position_specialists,0.044842511158775904,False,,,S,0.5,0.583,0.0,0.33,0.0430055486471307,-0.04290374558419754,0.04505956124921977,-0.08660254037844387,0.006570572949575286,,0,,,0,,4.484251115877591,8.854001546105687,8.223253005941052,5,5,7,validated_position_specialists,3.0,full_trifecta_market_proxy,-2.0,0,3
2026-10-06,大宮,5,052520261006,1791257580,1791257280,6,3,12886,中井達郎,追,89.07,,,,,0.052219552043997974,0.012099064027421672,0.08068209514954713,0.09730992907898624,position_specialists,0.012099064027421672,False,,,S,0.142,0.285,0.1,0.16,-0.2941579527463734,-0.028772273491254313,-0.19091360205418814,-0.08660254037844387,0.009858513791065292,,0,,,0,,1.2099064027421673,8.068209514954711,9.730992907898624,6,6,6,validated_position_specialists,6.0,full_trifecta_market_proxy,0.0,0,0
2026-10-06,大宮,5,052520261006,1791257580,1791257280,7,1,13748,佐々木省司,追,91.87,,,,,0.02736527218064832,0.011013356255744764,0.06051496264821928,0.12225608339791036,position_specialists,0.011013356255744764,False,,,S,0.3329999999999999,0.5,0.0,0.32,-0.029243773080048795,-0.12759633390653863,-0.05826160725524841,-0.08660254037844387,0.008311867439203178,,0,,,0,,1.1013356255744764,6.051496264821926,12.225608339791036,7,7,5,validated_position_specialists,7.0,full_trifecta_market_proxy,0.0,0,0
2026-10-06,奈良,5,055320261006,1791258420,1791258120,1,3,15048,志佐明,両,90.0,,,,,0.28046223167614215,0.386147163447509,0.1881395521192053,0.1656273095398093,position_specialists,0.386147163447509,False,,0.02059145093739906,C,0.47,0.647,0.25,0.11,0.31162803229673297,0.1534980912757654,0.07215737944270088,0.158113883008419,0.008531343467329963,,0,,,0,,38.614716344750896,18.813955211920526,16.56273095398093,1,3,3,validated_position_specialists,3.0,full_trifecta_market_proxy,2.0,3,0
2026-10-06,奈良,5,055320261006,1791258420,1791258120,2,4,15457,村田瑞季,逃,93.28,,,,,0.342042359868679,0.36555571251010993,0.32122190858220084,0.26307740581143796,position_specialists,0.36555571251010993,False,,,C,0.38,0.6659999999999999,0.2,0.16,0.03380722360794617,0.2571407646885942,0.08007582001284402,-0.0632455532033676,0.008916770385172097,,0,,,0,,36.555571251010996,32.12219085822008,26.307740581143797,2,1,1,validated_position_specialists,2.0,full_trifecta_market_proxy,0.0,0,0
2026-10-06,奈良,5,055320261006,1791258420,1791258120,3,1,15003,小笹隼人,両,91.0,,,,,0.2172555327215328,0.15874754177847422,0.2271939683922502,0.21877511590787857,position_specialists,0.15874754177847422,False,,,C,0.375,0.541,0.25,0.15,-0.12574860523139902,0.17172565197263073,0.06184620271567016,-0.0632455532033676,0.005674841892703444,,0,,,0,,15.874754177847421,22.719396839225016,21.877511590787858,3,2,2,validated_position_specialists,1.0,full_trifecta_market_proxy,-2.0,0,3
2026-10-06,奈良,5,055320261006,1791258420,1791258120,4,7,13589,佐竹和也,追,87.79,,,,,0.0751466865458427,0.04892094467301822,0.10642301704272765,0.13938815933770693,position_specialists,0.04892094467301822,False,,,C,0.375,0.541,0.3,0.19,0.12821902591403672,-0.03555969485302696,0.04877217378201166,-0.0632455532033676,0.009228014666325224,,0,,,0,,4.892094467301822,10.642301704272763,13.938815933770693,4,4,4,validated_position_specialists,5.0,full_trifecta_market_proxy,1.0,0,0
2026-10-06,奈良,5,055320261006,1791258420,1791258120,5,2,15548,白井優太朗,逃,85.3,,,,,0.06173630389895358,0.03368121481878601,0.09594200672924363,0.10450077159156124,position_specialists,0.03368121481878601,False,,,C,0.391,0.478,0.17,0.22,-0.028068747098539057,-0.05378725554989229,0.08246855616973159,-0.0632455532033676,0.006598193654133683,,0,,,0,,3.3681214818786014,9.594200672924362,10.450077159156123,5,5,5,validated_position_specialists,4.0,full_trifecta_market_proxy,-1.0,0,0
2026-10-06,奈良,5,055320261006,1791258420,1791258120,6,5,14530,栗田雄矢,追,83.8,,,,,0.015154038965680783,0.003916177544611694,0.036680291447102005,0.048061668447471534,position_specialists,0.003916177544611694,False,,,C,0.095,0.3329999999999999,0.26,0.08,-0.3341081814701522,0.0384707861561365,-0.18969331528020927,-0.0632455532033676,0.0065465930265469,,0,,,0,,0.3916177544611694,3.6680291447101996,4.806166844747153,6,6,7,validated_position_specialists,6.0,full_trifecta_market_proxy,0.0,0,0
2026-10-06,奈良,5,055320261006,1791258420,1791258120,7,6,12603,大川栄二,追,83.09,,,,,0.00820284632316913,0.003031245227490971,0.024399255687270405,0.0605695693641345,position_specialists,0.003031245227490971,False,,,C,0.142,0.3329999999999999,0.13,0.4,0.014271251981374189,-0.1966100719864927,-0.15562681684274915,0.158113883008419,0.006773999756937524,,0,,,0,,0.3031245227490971,2.4399255687270403,6.0569569364134495,7,7,6,validated_position_specialists,7.0,full_trifecta_market_proxy,0.0,0,0
2026-10-06,大宮,6,062520261006,1791259260,1791258960,1,1,15311,柳原真緒,両,58.08,,,,,0.7961589019033672,0.6886258771460393,0.47287704630942107,0.3329035412813876,position_specialists,0.6886258771460393,False,,0.39486716029282537,A,0.769,0.769,0.0,0.0,0.19364607681064896,-0.028703851860318427,0.1377109071536492,-0.040824829046386304,0.013083002950188778,,0,,,0,,68.86258771460393,47.28770463094211,33.29035412813876,1,1,1,validated_position_specialists,1.0,full_trifecta_market_proxy,0.0,0,0
2026-10-06,大宮,6,062520261006,1791259260,1791258960,2,2,15392,加藤舞,逃,54.8,,,,,0.16529110373262562,0.2937587168532139,0.2880153118374097,0.27954985847893116,position_specialists,0.2937587168532139,False,,,A,0.6,0.72,0.0,0.0,0.18598775738875886,-0.028703851860318427,0.29313752350232447,0.2449489742783178,0.004945025809354892,,0,,,0,,29.375871685321393,28.80153118374097,27.954985847893116,2,2,2,validated_position_specialists,2.0,full_trifecta_market_proxy,0.0,0,0
2026-10-06,大宮,6,062520261006,1791259260,1791258960,3,4,15402,鈴木樹里,両,50.2,,,,,0.009696140082835767,0.005030648994530334,0.09370875495485732,0.13696402888123904,position_specialists,0.005030648994530334,False,,,A,0.125,0.375,0.0,0.0,0.02516304952906739,-0.028703851860318427,-0.06378587191503529,-0.040824829046386304,0.0051358511368669,,0,,,0,,0.5030648994530335,9.370875495485732,13.696402888123904,3,3,3,validated_position_specialists,3.0,full_trifecta_market_proxy,0.0,0,0
2026-10-06,大宮,6,062520261006,1791259260,1791258960,4,7,15944,赤池七虹,両,49.83,,,,,0.009583439313598433,0.004551545229960908,0.06806873431352543,0.10721894344358798,position_specialists,0.004551545229960908,False,,,A,0.0409999999999999,0.291,0.0,0.0,0.0021880912633971553,-0.028703851860318427,-0.09752441002523574,-0.040824829046386304,0.006914667275876895,,0,,,0,,0.45515452299609077,6.806873431352543,10.721894344358798,4,4,4,validated_position_specialists,4.0,full_trifecta_market_proxy,0.0,0,0
2026-10-06,大宮,6,062520261006,1791259260,1791258960,5,5,15677,浜地晴帆,両,48.12,,,,,0.007507963380075014,0.0035452510536926407,0.03429321041670803,0.0581809357439058,position_specialists,0.0035452510536926407,False,,,A,0.166,0.208,0.0,0.0,-0.08971174179928366,-0.028703851860318427,-0.003755916725604357,-0.040824829046386304,0.006128345394053142,,0,,,0,,0.35452510536926407,3.4293210416708027,5.81809357439058,5,6,6,validated_position_specialists,5.0,full_trifecta_market_proxy,0.0,0,0
2026-10-06,大宮,6,062520261006,1791259260,1791258960,6,3,15151,山本知佳,両,49.75,,,,,0.007796665588845422,0.0033283691599044363,0.03758627477304226,0.07108465076090942,position_specialists,0.0033283691599044363,False,,,A,0.0,0.083,0.0,0.0,-0.043761825267943304,-0.028703851860318427,-0.13289111599504913,-0.040824829046386304,0.006015869015132747,,0,,,0,,0.3328369159904436,3.7586274773042256,7.108465076090942,6,5,5,validated_position_specialists,6.0,full_trifecta_market_proxy,0.0,0,0
2026-10-06,大宮,6,062520261006,1791259260,1791258960,7,6,14908,藤原亜衣里,追,46.0,,,,,0.00396578599865247,0.001159591562658429,0.005450667395036259,0.01409804141003897,position_specialists,0.001159591562658429,False,,,A,0.0,0.0,0.0,0.0,-0.2735114079246454,-0.028703851860318427,-0.13289111599504913,-0.040824829046386304,0.006914667275876895,,0,,,0,,0.1159591562658429,0.5450667395036259,1.409804141003897,7,7,7,validated_position_specialists,7.0,full_trifecta_market_proxy,0.0,0,0
2026-10-06,奈良,6,065320261006,1791260100,1791259800,1,3,15646,塩崎隼秀,両,97.53,,,,,0.3332843392541374,0.5499700244160229,0.3028993081912509,0.2558473625750677,position_specialists,0.5499700244160229,False,,0.275443182065225,A,0.275,0.31,0.18,0.11,0.24839465864913784,0.31356943779083474,0.2924611476900091,0.07844645405527363,0.011406161927491604,,0,,,0,,54.99700244160229,30.28993081912509,25.584736257506762,1,2,1,validated_position_specialists,2.0,full_trifecta_market_proxy,1.0,0,0
2026-10-06,奈良,6,065320261006,1791260100,1791259800,2,5,15201,門田凌,両,96.66,,,,,0.3824979775262147,0.27452684235079794,0.30521043011976345,0.21844363426372862,position_specialists,0.27452684235079794,False,,,A,0.147,0.296,0.15,0.15,-0.12178841526867659,0.2043966632131281,-0.00928077751086498,0.2157277486520025,0.00879139919731438,,0,,,0,,27.452684235079793,30.521043011976346,21.84436342637286,2,1,2,validated_position_specialists,1.0,full_trifecta_market_proxy,-1.0,0,0
2026-10-06,奈良,6,065320261006,1791260100,1791259800,3,4,15660,河崎正晴,逃,98.95,,,,,0.14033142916628008,0.10353556033758778,0.1566293881680354,0.14550510481913714,position_specialists,0.10353556033758778,False,,,A,0.13,0.347,0.08,0.16,0.14113555708615638,0.04664814073783126,-0.011270122498206234,-0.05883484054145521,0.008775448354229581,,0,,,0,,10.353556033758778,15.662938816803539,14.550510481913712,3,3,3,validated_position_specialists,3.0,full_trifecta_market_proxy,0.0,0,0
2026-10-06,奈良,6,065320261006,1791260100,1791259800,4,2,13115,望月永悟,追,98.39,,,,,0.08303709740884123,0.04734844655498375,0.11895054910803059,0.13744974709097385,position_specialists,0.04734844655498375,False,,,A,0.083,0.5,0.08,0.18,0.1730090519942754,-0.031122128304227874,-0.10319563256585615,-0.05883484054145521,0.00933443019477934,,0,,,0,,4.7348446554983745,11.895054910803058,13.74497470909738,4,4,4,validated_position_specialists,4.0,full_trifecta_market_proxy,0.0,0,0
2026-10-06,奈良,6,065320261006,1791260100,1791259800,5,7,13306,齋藤登志信,追,97.61,,,,,0.02978329685777021,0.015921724878239216,0.051528123888196935,0.09025713318816266,position_specialists,0.015921724878239216,False,,,A,0.192,0.2689999999999999,0.0,0.14,0.0038542624894275512,-0.08852983202486472,0.0376766500166306,-0.05883484054145521,0.006975127484313042,,0,,,0,,1.5921724878239216,5.152812388819694,9.025713318816264,5,5,6,validated_position_specialists,6.0,full_trifecta_market_proxy,1.0,0,0
2026-10-06,奈良,6,065320261006,1791260100,1791259800,6,1,14313,小谷実,追,94.28,,,,,0.021994523941264298,0.006778791388037032,0.051007101982965944,0.12451740080513485,position_specialists,0.006778791388037032,False,,,A,0.093,0.187,0.0,0.19,-0.14691695082029735,-0.08852983202486472,-0.05623820503836056,-0.05883484054145521,0.007077311492197412,,0,,,0,,0.6778791388037032,5.1007101982965946,12.451740080513481,6,6,5,validated_position_specialists,5.0,full_trifecta_market_proxy,-1.0,0,0
2026-10-06,奈良,6,065320261006,1791260100,1791259800,7,6,13722,宝満大作,追,93.26,,,,,0.009071335845491996,0.0019186100743313133,0.013775098541756844,0.027979617257795242,position_specialists,0.0019186100743313133,False,,,A,0.038,0.115,0.04,0.09,-0.29768816413002247,-0.08852983202486472,-0.15015306009335172,-0.05883484054145521,0.009009335748291204,,0,,,0,,0.19186100743313134,1.3775098541756843,2.797961725779524,7,7,7,validated_position_specialists,7.0,full_trifecta_market_proxy,0.0,0,0
2026-10-06,大宮,7,072520261006,1791260940,1791260640,1,7,15218,太田りゆ,逃,58.71,,,,,0.897840877146453,0.917945896169764,0.5355470488803706,0.3533017733957189,position_specialists,0.9179458961697639,False,,0.8622894250502205,S,0.857,0.952,0.0,0.0,0.25852971753925735,-0.028703851860318427,0.3249905224741653,0.23107757575720506,0.013594702282249129,,0,,,0,,91.7945896169764,53.554704888037065,35.3301773395719,1,1,1,validated_position_specialists,1.0,full_trifecta_market_proxy,0.0,0,0
2026-10-06,大宮,7,072520261006,1791260940,1791260640,2,3,15492,永禮美瑠,両,54.04,,,,,0.05578553575476209,0.05565647111954336,0.22757328172532504,0.2456914272826485,position_specialists,0.05565647111954335,False,,,S,0.475,0.7609999999999999,0.0,0.0,0.17719452550443482,-0.028703851860318427,0.04587982949525148,-0.06626489304802205,0.004922331068493851,,0,,,0,,5.565647111954336,22.757328172532503,24.569142728264854,2,2,2,validated_position_specialists,2.0,full_trifecta_market_proxy,0.0,0,0
2026-10-06,大宮,7,072520261006,1791260940,1791260640,3,1,15399,高木佑真,両,50.3,,,,,0.011285790901744017,0.00782498235041236,0.07704686871440804,0.1328630901786332,position_specialists,0.007824982350412358,False,,,S,0.166,0.266,0.0,0.0,-0.026143454582621482,-0.028703851860318427,-0.0210042774155413,0.03185812165770291,0.005038082547644072,,0,,,0,,0.782498235041236,7.704686871440804,13.286309017863323,3,4,3,validated_position_specialists,3.0,full_trifecta_market_proxy,0.0,0,0
2026-10-06,大宮,7,072520261006,1791260940,1791260640,4,4,15864,田野口佳奈,両,49.14,,,,,0.012838605416372705,0.006413067293998518,0.035641757497471546,0.0634868477026648,position_specialists,0.006413067293998517,False,,,S,0.095,0.285,0.0,0.0,-0.14814624263485532,-0.028703851860318427,-0.07091423818591676,-0.045450920231656144,0.006649908269272585,,0,,,0,,0.6413067293998518,3.5641757497471547,6.348684770266481,4,5,5,validated_position_specialists,6.0,full_trifecta_market_proxy,2.0,3,0
2026-10-06,大宮,7,072520261006,1791260940,1791260640,5,5,15498,國村美留莉,追,48.83,,,,,0.00979832762165545,0.00555210694919463,0.027230788706116046,0.05759395490394581,position_specialists,0.005552106949194629,False,,,S,0.111,0.166,0.0,0.0,-0.0668110506000328,-0.028703851860318427,-0.054615077146083775,-0.018690098039185706,0.005358692714351443,,0,,,0,,0.5552106949194631,2.7230788706116047,5.759395490394582,5,6,6,validated_position_specialists,5.0,full_trifecta_market_proxy,0.0,0,0
2026-10-06,大宮,7,072520261006,1791260940,1791260640,6,2,14902,中村由香里,追,51.16,,,,,0.00899735990125449,0.005187164495248608,0.08390993525822628,0.12025777331590347,position_specialists,0.005187164495248607,False,,,S,0.142,0.285,0.0,0.0,-0.015976555578268704,-0.028703851860318427,-0.1038500528158749,-0.06626489304802205,0.004779855416983259,,0,,,0,,0.5187164495248608,8.390993525822628,12.025777331590348,6,3,4,validated_position_specialists,4.0,full_trifecta_market_proxy,-2.0,0,3
2026-10-06,大宮,7,072520261006,1791260940,1791260640,7,6,15774,金田舞夏,両,47.7,,,,,0.0034535032577582927,0.0014203116218385922,0.01305031921808247,0.026805133220485246,position_specialists,0.001420311621838592,False,,,S,0.0,0.083,0.0,0.0,-0.17864693964791376,-0.028703851860318427,-0.12048670640600007,-0.06626489304802205,0.006845832265503919,,0,,,0,,0.14203116218385922,1.305031921808247,2.680513322048525,7,7,7,validated_position_specialists,7.0,full_trifecta_market_proxy,0.0,0,0
2026-10-06,奈良,7,075320261006,1791261780,1791261480,1,1,15653,坂田康季,逃,103.23,,,,,0.35192166820416465,0.49585503977503725,0.34418041291395857,0.2573763627193806,position_specialists,0.4958550397750372,False,,0.18656724187865525,B,0.423,0.615,0.15,0.15,0.05871265104622943,-0.03241584325317777,0.2890830912903999,0.2102504700319511,0.009699176534132126,,0,,,0,,49.58550397750373,34.41804129139586,25.737636271938058,1,1,1,validated_position_specialists,1.0,full_trifecta_market_proxy,0.0,0,0
2026-10-06,奈良,7,075320261006,1791261780,1791261480,2,7,14141,中川貴徳,追,101.8,,,,,0.2573594173445494,0.309287797896382,0.2533549978448388,0.23069561932119886,position_specialists,0.30928779789638194,False,,,B,0.38,0.476,0.16,0.06,0.281446704161933,0.30064915371033507,0.03675076468960805,-0.0044734142559989636,0.007715109013793811,,0,,,0,,30.9287797896382,25.33549978448388,23.069561932119885,2,2,2,validated_position_specialists,2.0,full_trifecta_market_proxy,0.0,0,0
2026-10-06,奈良,7,075320261006,1791261780,1791261480,3,3,13800,中村一将,両,97.73,,,,,0.14098215190504348,0.08037702305034601,0.10214987350695338,0.12276626147130251,position_specialists,0.080377023050346,False,,,B,0.23,0.346,0.3,0.0,-0.1145249458215401,0.19540169688916748,-0.012250254896536018,-0.013420242767996877,0.007357031542653241,,0,,,0,,8.037702305034601,10.214987350695338,12.276626147130251,3,3,4,validated_position_specialists,3.0,full_trifecta_market_proxy,0.0,0,0
2026-10-06,奈良,7,075320261006,1791261780,1791261480,4,4,15041,伊藤慶太郎,両,97.52,,,,,0.11660789786219622,0.06593319270996567,0.09955788399295842,0.13126852933379776,position_specialists,0.06593319270996566,False,,,B,0.315,0.315,0.12,0.07,0.06273034588682092,-0.03241584325317777,-0.016493953358288495,0.06262779958398544,0.009480020645162096,,0,,,0,,6.593319270996567,9.955788399295843,13.126852933379777,4,4,3,validated_position_specialists,4.0,full_trifecta_market_proxy,0.0,0,0
2026-10-06,奈良,7,075320261006,1791261780,1791261480,5,5,15118,木村幸希,両,96.96,,,,,0.06260316355006156,0.026934082095921907,0.09168837767450795,0.10917986991232961,position_specialists,0.026934082095921904,False,,,B,0.111,0.259,0.07,0.1,0.1082091072941636,-0.05588240111839251,-0.0963610304301333,-0.08499487086398023,0.00871339916111453,,0,,,0,,2.6934082095921905,9.168837767450794,10.917986991232961,5,5,5,validated_position_specialists,5.0,full_trifecta_market_proxy,0.0,0,0
2026-10-06,奈良,7,075320261006,1791261780,1791261480,6,2,15191,奥村諭志,両,93.89,,,,,0.047848759098708483,0.016630524285709252,0.05311156767852119,0.0733944041399672,position_specialists,0.01663052428570925,False,,,B,0.178,0.25,0.06,0.06,-0.09379441253816437,-0.06806899873605052,-0.024500509793072035,-0.08499487086398023,0.007163714725810165,,0,,,0,,1.6630524285709252,5.311156767852119,7.33944041399672,6,7,7,validated_position_specialists,6.0,full_trifecta_market_proxy,0.0,0,0
2026-10-06,奈良,7,075320261006,1791261780,1791261480,7,6,12478,加倉正義,追,93.0,,,,,0.022676942035276263,0.004982340186638014,0.0559568863882616,0.07531895310202343,position_specialists,0.004982340186638013,False,,,B,0.0,0.156,0.16,0.02,-0.30277945002944195,-0.020229245635519796,-0.17622810750197812,-0.08499487086398023,0.010272083122369855,,0,,,0,,0.4982340186638014,5.59568863882616,7.5318953102023425,7,6,6,validated_position_specialists,7.0,full_trifecta_market_proxy,0.0,0,0
2026-10-06,大宮,8,082520261006,1791262620,1791262320,1,4,15794,福田稔希,逃,104.42,,,,,0.45516972285959933,0.5642493694174855,0.3942536480675303,0.2776974948723525,position_specialists,0.5642493694174855,False,,0.25274092602538056,A,0.5329999999999999,0.5329999999999999,0.18,0.1,0.18444950485693,0.19571220812422885,0.11145953151186498,0.2449489742783178,0.011506220745033584,,0,,,0,,56.42493694174855,39.425364806753024,27.769749487235252,1,1,1,validated_position_specialists,1.0,full_trifecta_market_proxy,0.0,0,0
2026-10-06,大宮,8,082520261006,1791262620,1791262320,2,3,15211,平尾一晃,逃,101.69,,,,,0.23044448453115365,0.31150844339210493,0.2537109565432336,0.20225978193715094,position_specialists,0.31150844339210493,False,,,A,0.5,0.5760000000000001,0.09,0.08,0.21556146953159294,0.18012476153959717,0.27904965542094395,-0.0408248290463863,0.00618477669561801,,0,,,0,,31.150844339210494,25.371095654323355,20.225978193715093,2,2,2,validated_position_specialists,2.0,full_trifecta_market_proxy,0.0,0,0
2026-10-06,大宮,8,082520261006,1791262620,1791262320,3,6,15130,瀬戸栄作,両,95.45,,,,,0.1357566316506585,0.05708568017155331,0.0907547253445633,0.09815081154608084,position_specialists,0.05708568017155331,False,,,A,0.2,0.3,0.04,0.04,-0.14222612422703027,0.24355196122475953,-0.06315029327969063,-0.0408248290463863,0.0042620525600806074,,0,,,0,,5.708568017155331,9.07547253445633,9.815081154608084,3,4,4,validated_position_specialists,4.0,full_trifecta_market_proxy,1.0,0,0
2026-10-06,大宮,8,082520261006,1791262620,1791262320,4,1,14071,朝倉佳弘,追,98.4,,,,,0.07754562243852353,0.028183754354310954,0.1319091598740479,0.1826851372269167,position_specialists,0.028183754354310954,False,,,A,0.18,0.318,0.13,0.13,-0.12667014188969886,-0.021434630713978286,-0.08271718602358916,-0.0408248290463863,0.008149769463400573,,0,,,0,,2.8183754354310953,13.190915987404786,18.268513722691672,4,3,3,validated_position_specialists,3.0,full_trifecta_market_proxy,-1.0,0,0
2026-10-06,大宮,8,082520261006,1791262620,1791262320,5,7,14831,伊藤裕貴,両,99.04,,,,,0.048932244881097264,0.0214855299113394,0.06832334718039713,0.08825600463606272,position_specialists,0.0214855299113394,False,,,A,0.16,0.44,0.16,0.18,0.09111361083294134,-0.1627990633222988,-0.04533832575641123,-0.0408248290463863,0.006588650532394874,,0,,,0,,2.14855299113394,6.832334718039712,8.825600463606271,5,5,5,validated_position_specialists,5.0,full_trifecta_market_proxy,0.0,0,0
2026-10-06,大宮,8,082520261006,1791262620,1791262320,6,2,13862,鈴木伸之,追,98.92,,,,,0.03739636303098329,0.012658890179859533,0.03767332410839824,0.06671563388866353,position_specialists,0.012658890179859533,False,,,A,0.115,0.23,0.05,0.07,-0.1733380889016932,-0.021434630713978286,-0.11658619584952878,-0.0408248290463863,0.006821952597637829,,0,,,0,,1.2658890179859532,3.767332410839823,6.671563388866353,6,6,7,validated_position_specialists,7.0,full_trifecta_market_proxy,1.0,0,0
2026-10-06,大宮,8,082520261006,1791262620,1791262320,7,5,14065,鰐淵圭佑,追,95.96,,,,,0.014754930607984452,0.00482833257334641,0.023374838881829528,0.08423513589277276,position_specialists,0.00482833257334641,False,,,A,0.1369999999999999,0.206,0.13,0.2,-0.048890230203041646,-0.07884233443461514,-0.08271718602358916,-0.0408248290463863,0.007102904532395546,,0,,,0,,0.482833257334641,2.3374838881829523,8.423513589277276,7,7,6,validated_position_specialists,6.0,full_trifecta_market_proxy,-1.0,0,0
2026-10-06,奈良,8,085320261006,1791263460,1791263160,1,4,12948,小林潤二,追,98.08,,,,,0.3641758172076206,0.41864678144693995,0.2704654957515484,0.21438874022497872,position_specialists,0.41864678144693995,False,,0.03228552638582588,C,0.152,0.307,0.14,0.16,0.35496478698597683,0.2355376014659911,-0.005659020877824595,-0.0026938622922018066,0.008060953291248563,,0,,,0,,41.864678144694,27.046549575154838,21.438874022497878,1,2,2,validated_position_specialists,2.0,full_trifecta_market_proxy,1.0,0,0
2026-10-06,奈良,8,085320261006,1791263460,1791263160,2,1,14791,木村弘,逃,99.6,,,,,0.3080011796528217,0.3863612550611141,0.3648440394491203,0.2821957353760022,position_specialists,0.3863612550611141,False,,,C,0.15,0.3,0.18,0.08,-0.09572418169211301,0.31135984564723745,0.06576263401180339,0.16701946211651328,0.004851127161388132,,0,,,0,,38.636125506111405,36.48440394491203,28.219573537600223,2,1,1,validated_position_specialists,1.0,full_trifecta_market_proxy,-1.0,0,0
2026-10-06,奈良,8,085320261006,1791263460,1791263160,3,3,14394,不破将登,両,99.07,,,,,0.14135418089266666,0.1007339947478964,0.12422457022051307,0.12393226634470975,position_specialists,0.1007339947478964,False,,,C,0.25,0.357,0.0,0.22,0.006982984945618553,-0.11703384991873063,0.16693146100208026,-0.13469311461009134,0.012119053015033163,,0,,,0,,10.07339947478964,12.422457022051308,12.393226634470976,3,3,4,validated_position_specialists,3.0,full_trifecta_market_proxy,0.0,0,0
2026-10-06,奈良,8,085320261006,1791263460,1791263160,4,2,13295,佐々木則幸,追,99.65,,,,,0.056608320297140656,0.03298711732235241,0.1010088337077868,0.1822278027152771,position_specialists,0.03298711732235241,False,,,C,0.15,0.25,0.03,0.16,-0.09572418169211301,-0.06919409681819992,-0.056758768534014785,0.01616317375321097,0.0056048522991516535,,0,,,0,,3.2987117322352413,10.100883370778678,18.222780271527714,4,4,3,validated_position_specialists,4.0,full_trifecta_market_proxy,0.0,0,0
2026-10-06,奈良,8,085320261006,1791263460,1791263160,5,7,14330,坂田章,追,98.61,,,,,0.059007807393746906,0.030838251141064053,0.05520512061447325,0.07404250127210914,position_specialists,0.030838251141064053,False,,,C,0.152,0.23,0.16,0.16,-0.14790199457749068,-0.11703384991873063,-0.005659020877824595,0.01616317375321097,0.005076303148900374,,0,,,0,,3.0838251141064053,5.5205120614473255,7.404250127210915,5,5,5,validated_position_specialists,5.0,full_trifecta_market_proxy,0.0,0,0
2026-10-06,奈良,8,085320261006,1791263460,1791263160,6,5,13274,八日市屋浩之,追,96.58,,,,,0.04250516511806163,0.022237358242121613,0.05064896862025676,0.07229731451824195,position_specialists,0.022237358242121613,False,,,C,0.166,0.25,0.0,0.33,-0.029580398915498244,-0.11703384991873063,-0.005659020877824595,0.07273428188944933,0.005430761590883039,,0,,,0,,2.223735824212161,5.064896862025676,7.229731451824196,6,6,6,validated_position_specialists,6.0,full_trifecta_market_proxy,0.0,0,0
2026-10-06,奈良,8,085320261006,1791263460,1791263160,7,6,14307,谷田泰平,追,94.43,,,,,0.02834752943794193,0.008195242038511456,0.03360297163630141,0.05091563954868106,position_specialists,0.008195242038511456,False,,,C,0.043,0.086,0.0,0.07,0.006982984945618553,-0.11703384991873063,-0.15895826384639516,-0.13469311461009134,0.005504475176505954,,0,,,0,,0.8195242038511457,3.360297163630141,5.091563954868106,7,7,7,validated_position_specialists,7.0,full_trifecta_market_proxy,0.0,0,0
2026-10-06,大宮,9,092520261006,1791264300,1791264000,1,5,15815,栗山和樹,逃,105.8,,,,,0.5047985140818083,0.5235073285400335,0.33843800850504546,0.2614892898322753,position_specialists,0.5235073285400335,False,,0.2132513625871273,A,0.272,0.4539999999999999,0.13,0.1,0.0021331925999352646,0.20853088006410989,-0.014707321995533765,0.11076852271402854,0.010923256825579016,,0,,,0,,52.35073285400335,33.84380085050454,26.148928983227524,1,1,1,validated_position_specialists,2.0,full_trifecta_market_proxy,1.0,0,0
2026-10-06,大宮,9,092520261006,1791264300,1791264000,2,3,15509,木村佑来,逃,103.23,,,,,0.2263344882492017,0.31025596595290617,0.3002970753602279,0.24714813002963765,position_specialists,0.31025596595290617,False,,,A,0.5,0.615,0.15,0.13,0.16887774749489123,0.07203566588532843,0.29628453447291797,-0.08115713545384272,0.006926936526744474,,0,,,0,,31.025596595290615,30.029707536022794,24.71481300296376,2,2,2,validated_position_specialists,1.0,full_trifecta_market_proxy,-1.0,0,0
2026-10-06,大宮,9,092520261006,1791264300,1791264000,3,4,13669,荒澤貴史,追,102.66,,,,,0.10612301224131829,0.08205694822953312,0.19896378838144152,0.2000741796487467,position_specialists,0.08205694822953312,False,,,A,0.3329999999999999,0.6659999999999999,0.27,0.09,0.251005662592407,0.04404474444209164,-0.06580706965172395,-0.08115713545384272,0.006416010216278837,,0,,,0,,8.205694822953312,19.89637883814415,20.007417964874666,3,3,3,validated_position_specialists,3.0,full_trifecta_market_proxy,0.0,0,0
2026-10-06,大宮,9,092520261006,1791264300,1791264000,4,1,15727,中原航大,逃,95.2,,,,,0.04874197555202774,0.028481572952205506,0.04993638690685939,0.058440541560527776,position_specialists,0.028481572952205506,False,,,A,0.16,0.36,0.12,0.14,-0.1894986092942678,0.19336474515535643,-0.0694486815266786,0.17218473332774734,0.006536294376010543,,0,,,0,,2.8481572952205507,4.993638690685939,5.844054156052777,4,5,6,validated_position_specialists,5.0,full_trifecta_market_proxy,1.0,0,0
2026-10-06,大宮,9,092520261006,1791264300,1791264000,5,7,13438,前反祐一郎,追,95.78,,,,,0.05186036171164903,0.0276759655528144,0.03446814498367942,0.061837317207057436,position_specialists,0.0276759655528144,False,,,A,0.107,0.25,0.21,0.15,-0.03270895319901064,0.11987541898585914,-0.014707321995533765,-0.08115713545384272,0.005491536764636932,,0,,,0,,2.7675965552814397,3.4468144983679423,6.183731720705742,5,6,5,validated_position_specialists,6.0,full_trifecta_market_proxy,1.0,0,0
2026-10-06,大宮,9,092520261006,1791264300,1791264000,6,2,14310,三谷政史,追,98.68,,,,,0.05500391852373414,0.02582111600140835,0.06703451930523065,0.13663911553013597,position_specialists,0.02582111600140835,False,,,A,0.12,0.36,0.28,0.22,-0.03270895319901064,-0.10761660464544334,-0.014707321995533765,-0.08115713545384272,0.008789057095523571,,0,,,0,,2.582111600140835,6.703451930523065,13.663911553013593,6,4,4,validated_position_specialists,4.0,full_trifecta_market_proxy,-2.0,0,3
2026-10-06,大宮,9,092520261006,1791264300,1791264000,7,6,12688,佐藤成人,追,94.07,,,,,0.00713772964026079,0.0022011027710990222,0.010862076557515607,0.0343714261916191,position_specialists,0.0022011027710990222,False,,,A,0.038,0.115,0.0,0.17,-0.1671000869949454,-0.19535657818358718,-0.11690681730791416,0.04167528577359489,0.007689883651894692,,0,,,0,,0.22011027710990222,1.0862076557515608,3.437142619161909,7,7,7,validated_position_specialists,7.0,full_trifecta_market_proxy,0.0,0,0
2026-10-06,奈良,9,095320261006,1791265140,1791264840,1,5,14114,坂本亮馬,追,99.14,,,,,0.3151034938589725,0.3358450164785289,0.3282091632183728,0.2518099114543168,position_specialists,0.3358450164785289,False,,0.07017211059156148,C,0.284,0.357,0.04,0.16,0.13141879395609968,0.10957365178400248,-0.017018450563270098,0.0,0.0056380611206895935,,0,,,0,,33.58450164785289,32.82091632183728,25.18099114543168,1,1,1,validated_position_specialists,3.0,full_trifecta_market_proxy,2.0,3,0
2026-10-06,奈良,9,095320261006,1791265140,1791264840,2,7,14882,山本直,両,99.14,,,,,0.2765916827645558,0.2656729058869674,0.2498367472587546,0.21700643723640087,position_specialists,0.2656729058869674,False,,,C,0.284,0.285,0.19,0.05,0.1545072206577144,0.08485493145967916,-0.08199798907757408,0.0,0.0069536158807474244,,0,,,0,,26.56729058869674,24.98367472587546,21.700643723640088,2,2,2,validated_position_specialists,2.0,full_trifecta_market_proxy,0.0,0,0
2026-10-06,奈良,9,095320261006,1791265140,1791264840,3,1,14864,土屋壮登,追,102.96,,,,,0.19161307696383714,0.23926767597486634,0.2076171439449566,0.1691532017981993,position_specialists,0.23926767597486634,False,,,C,0.345,0.423,0.32,0.06,-0.16307984159690064,0.10957365178400248,0.1454303957224899,0.0,0.00593324598621156,,0,,,0,,23.926767597486634,20.76171439449566,16.91532017981993,3,3,3,validated_position_specialists,1.0,full_trifecta_market_proxy,-2.0,0,3
2026-10-06,奈良,9,095320261006,1791265140,1791264840,4,4,15426,太田龍希,逃,99.11,,,,,0.07992033597365701,0.06206285474152935,0.09120071486670507,0.10924984891312034,position_specialists,0.06206285474152935,False,,,C,0.175,0.294,0.1,0.12,-0.13929177335267107,-0.1463553963023946,0.09128078029390321,0.0,0.010654015829445217,,0,,,0,,6.206285474152935,9.120071486670508,10.924984891312034,4,4,5,validated_position_specialists,5.0,full_trifecta_market_proxy,1.0,0,0
2026-10-06,奈良,9,095320261006,1791265140,1791264840,5,6,15058,中西大,逃,94.0,,,,,0.05969740865722922,0.039921338099556135,0.03348685402350712,0.041538083848600416,position_specialists,0.039921338099556135,False,,,C,0.166,0.166,0.17,0.13,-0.10382491579228585,0.2235811281169234,-0.07116806599185675,0.0,0.008610836465610722,,0,,,0,,3.9921338099556136,3.3486854023507124,4.153808384860041,5,6,7,validated_position_specialists,4.0,full_trifecta_market_proxy,-1.0,0,0
2026-10-06,奈良,9,095320261006,1791265140,1791264840,6,3,13744,菅原晃,追,99.1,,,,,0.03338735528020005,0.03048916613798545,0.06500011044310093,0.16354857240904316,position_specialists,0.03048916613798545,False,,,C,0.205,0.31,0.19,0.14,0.21720657494832918,-0.2252864452511229,0.047961087951033876,0.0,0.010100544206591532,,0,,,0,,3.048916613798545,6.500011044310093,16.354857240904316,6,5,4,validated_position_specialists,7.0,full_trifecta_market_proxy,1.0,0,0
2026-10-06,奈良,9,095320261006,1791265140,1791264840,7,2,14478,内山貴裕,追,94.52,,,,,0.04368664650154818,0.02674104268056644,0.024649266244602914,0.04769394434031902,position_specialists,0.02674104268056644,False,,,C,0.0579999999999999,0.1169999999999999,0.25,0.13,-0.09693605882028586,0.1789367501126246,-0.11448775833472608,0.0,0.007187781664679904,,0,,,0,,2.674104268056644,2.464926624460291,4.769394434031902,7,7,6,validated_position_specialists,6.0,full_trifecta_market_proxy,-1.0,0,0
2026-10-06,大宮,10,102520261006,1791265980,1791265680,1,1,15527,北井佑季,逃,105.44,,,,,0.5906825480153854,0.661542657262231,0.43158492311606284,0.3111414256520804,position_specialists,0.661542657262231,False,,0.5094885220034229,S,0.5,0.611,0.0,0.33,0.26191601707417583,-0.10920363842650092,0.15017131302921016,0.03774318322856882,0.010379874001090642,,0,,,0,,66.1542657262231,43.15849231160628,31.11414256520804,1,1,1,validated_position_specialists,1.0,full_trifecta_market_proxy,0.0,0,0
2026-10-06,大宮,10,102520261006,1791265980,1791265680,2,5,15706,山田駿斗,逃,102.0,,,,,0.17261145495510996,0.15205413525880818,0.29222740064946456,0.22583269110540843,position_specialists,0.15205413525880818,False,,,S,0.3329999999999999,0.4579999999999999,0.16,0.12,-0.09354143466934851,0.01838456056102122,0.06718661917464913,0.13149238028017524,0.00598373141305346,,0,,,0,,15.205413525880818,29.222740064946457,22.583269110540844,2,2,2,validated_position_specialists,3.0,full_trifecta_market_proxy,1.0,0,0
2026-10-06,大宮,10,102520261006,1791265980,1791265680,3,7,15468,和泉尚吾,両,100.14,,,,,0.09855422075493335,0.12044484094277456,0.10058686925106225,0.12280484519192351,position_specialists,0.12044484094277456,False,,,S,0.259,0.407,0.11,0.14,0.14966629547095758,0.0493424344589129,0.14569628163938791,0.15706034311243156,0.005110160967173217,,0,,,0,,12.044484094277456,10.058686925106224,12.28048451919235,3,3,4,validated_position_specialists,2.0,full_trifecta_market_proxy,-1.0,0,0
2026-10-06,大宮,10,102520261006,1791265980,1791265680,4,6,15786,角田光,逃,95.57,,,,,0.05077869854293547,0.021991601804311686,0.041847796955955086,0.052917781034657295,position_specialists,0.021991601804311686,False,,,S,0.157,0.315,0.13,0.11,-0.20579115627256683,0.24540896914556018,-0.13179047653510062,-0.08157397665529391,0.007639117729978693,,0,,,0,,2.1991601804311687,4.184779695595509,5.291778103465729,4,6,6,validated_position_specialists,5.0,full_trifecta_market_proxy,1.0,0,0
2026-10-06,大宮,10,102520261006,1791265980,1791265680,5,2,13976,明田春喜,追,96.39,,,,,0.033390322657244495,0.019621101847594274,0.03082062873265743,0.04787078142622774,position_specialists,0.019621101847594274,False,,,S,0.178,0.25,0.28,0.1,-0.11224972160321832,0.2416522657496048,0.00024035546741031644,-0.08157397665529391,0.0073265408479858156,,0,,,0,,1.9621101847594273,3.082062873265743,4.787078142622774,5,7,7,validated_position_specialists,4.0,full_trifecta_market_proxy,-1.0,0,0
2026-10-06,大宮,10,102520261006,1791265980,1791265680,6,3,14622,高市訓但,追,96.75,,,,,0.037401183178119926,0.017992127472663776,0.0450875276204883,0.056407122944632494,position_specialists,0.017992127472663776,False,,,S,0.102,0.413,0.21,0.09,0.03741657386773944,0.0559050223622547,-0.11575204638777842,-0.08157397665529391,0.007358535945177158,,0,,,0,,1.7992127472663777,4.508752762048831,5.640712294463249,6,5,5,validated_position_specialists,6.0,full_trifecta_market_proxy,0.0,0,0
2026-10-06,大宮,10,102520261006,1791265980,1791265680,7,4,15097,長谷部翔,両,98.3,,,,,0.016581571896271376,0.006353535411616595,0.057844853674309464,0.18302535264507008,position_specialists,0.006353535411616595,False,,,S,0.13,0.347,0.0,0.38,-0.03741657386773944,-0.1666113421471378,-0.11575204638777842,-0.08157397665529391,0.008296385248645025,,0,,,0,,0.6353535411616595,5.784485367430946,18.302535264507007,7,4,3,validated_position_specialists,7.0,full_trifecta_market_proxy,0.0,0,0
2026-10-06,奈良,10,105320261006,1791266820,1791266520,1,1,15297,上野優太,追,109.45,,,,,0.42828167004945417,0.2808360240385606,0.29540118671782045,0.24651281839733588,position_specialists,0.2808360240385606,False,,0.02330248931398332,C,0.136,0.272,0.24,0.08,-0.24056640389402306,0.0023077398821943294,-0.17305643579193294,-0.08429330011111749,0.007184899315530062,,0,,,0,,28.083602403856062,29.54011867178205,24.65128183973359,1,1,1,validated_position_specialists,1.0,full_trifecta_market_proxy,0.0,0,0
2026-10-06,奈良,10,105320261006,1791266820,1791266520,2,7,15663,松本秀之慎,逃,104.45,,,,,0.16918374449262258,0.2575335347245773,0.1815096611788616,0.18736627164564354,position_specialists,0.2575335347245773,False,,,C,0.428,0.5710000000000001,0.16,0.16,-0.0076260430109472005,-0.003959928774289656,0.17397386346961907,0.1536313372992948,0.00936510574380519,,0,,,0,,25.75335347245773,18.150966117886163,18.736627164564354,2,2,2,validated_position_specialists,2.0,full_trifecta_market_proxy,0.0,0,0
2026-10-06,奈良,10,105320261006,1791266820,1791266520,3,4,14730,中田健太,追,103.5,,,,,0.0934728801405188,0.1977788070494545,0.13694985446095018,0.14019562275238728,position_specialists,0.1977788070494545,False,,,C,0.31,0.517,0.27,0.19,0.2059853728888787,0.33488441543456826,0.10868812937304051,0.11556339531362883,0.00984655197839462,,0,,,0,,19.77788070494545,13.69498544609502,14.019562275238728,3,4,4,validated_position_specialists,6.0,full_trifecta_market_proxy,3.0,5,0
2026-10-06,奈良,10,105320261006,1791266820,1791266520,4,2,15349,寺沼拓摩,両,104.61,,,,,0.1580448711842672,0.1479388252728833,0.1765689684968243,0.18384834703526892,position_specialists,0.1479388252728833,False,,,C,0.428,0.428,0.13,0.14,-0.024500919475842015,-0.024745970996312993,0.04741614136633865,-0.08429330011111749,0.007582775544101848,,0,,,0,,14.79388252728833,17.656896849682433,18.38483470352689,4,3,3,validated_position_specialists,3.0,full_trifecta_market_proxy,-1.0,0,0
2026-10-06,奈良,10,105320261006,1791266820,1791266520,5,3,14052,飯野祐太,両,104.38,,,,,0.058817474008530025,0.052900364220292796,0.0963665521219681,0.11390291922123835,position_specialists,0.052900364220292796,False,,,C,0.284,0.38,0.22,0.12,-0.0076260430109472005,-0.10789013988440647,-0.016264094294289242,0.06797846783154637,0.007389447421510665,,0,,,0,,5.29003642202928,9.636655212196812,11.390291922123835,5,5,5,validated_position_specialists,4.0,full_trifecta_market_proxy,-1.0,0,0
2026-10-06,奈良,10,105320261006,1791266820,1791266520,6,6,15641,富武大,逃,97.31,,,,,0.051982215080400254,0.03721976211631941,0.0766651290626653,0.06878127597741676,position_specialists,0.03721976211631941,False,,,C,0.21,0.421,0.0,0.0,-0.07297508351576212,0.14649278972530722,-0.014658595858338577,-0.08429330011111749,0.012349806223380047,,0,,,0,,3.721976211631941,7.666512906266531,6.878127597741676,6,6,6,validated_position_specialists,5.0,full_trifecta_market_proxy,-1.0,0,0
2026-10-06,奈良,10,105320261006,1791266820,1791266520,7,5,13533,佐藤愼太郎,追,99.25,,,,,0.04021714504420698,0.025792682577912132,0.036538647960910046,0.059392744970709295,position_specialists,0.025792682577912132,False,,,C,0.2,0.35,0.18,0.18,0.14730912001864255,-0.06005038678387576,-0.12609900826443737,-0.08429330011111749,0.011188604405201752,,0,,,0,,2.579268257791213,3.653864796091005,5.9392744970709295,7,7,7,validated_position_specialists,7.0,full_trifecta_market_proxy,0.0,0,0
2026-10-06,大宮,11,112520261006,1791267720,1791267420,1,1,15799,森田一郎,逃,108.55,,,,,0.4875146734204711,0.5859756798932013,0.42549807292312714,0.3157603171111151,position_specialists,0.5859756798932013,False,,0.33473428246811965,A,0.35,0.45,0.11,0.11,0.11669533429885029,0.11933253288999791,0.12790987613026675,0.011588119576394933,0.008799177784421994,,0,,,0,,58.59756798932013,42.54980729231271,31.57603171111151,1,1,1,validated_position_specialists,1.0,full_trifecta_market_proxy,0.0,0,0
2026-10-06,大宮,11,112520261006,1791267720,1791267420,2,4,14811,笠松将太,逃,96.28,,,,,0.26901031585279533,0.25124139742508167,0.29619695780625405,0.244825611371771,position_specialists,0.25124139742508167,False,,,A,0.214,0.285,0.16,0.0,-0.12355976572819438,0.3257724777924677,0.07813439404563201,0.1636821890165785,0.007092720300354403,,0,,,0,,25.124139742508167,29.6196957806254,24.482561137177104,2,2,2,validated_position_specialists,2.0,full_trifecta_market_proxy,0.0,0,0
2026-10-06,大宮,11,112520261006,1791267720,1791267420,3,2,15197,川口雄太,両,102.16,,,,,0.1299317835338747,0.08839066040885463,0.13542084876250884,0.1433927053031047,position_specialists,0.08839066040885463,False,,,A,0.166,0.291,0.08,0.08,-0.12355976572819438,0.14047922513025649,-0.015291944967917241,0.011588119576394933,0.007776976272774949,,0,,,0,,8.839066040885463,13.54208487625088,14.33927053031047,3,3,3,validated_position_specialists,3.0,full_trifecta_market_proxy,0.0,0,0
2026-10-06,大宮,11,112520261006,1791267720,1791267420,4,7,14268,山口貴弘,追,99.19,,,,,0.06315152512889947,0.04948690673500753,0.06565220973123972,0.11733805794652352,position_specialists,0.04948690673500753,False,,,A,0.3329999999999999,0.428,0.2,0.21,0.308899414320486,-0.05486798253218613,0.10132784796052019,-0.1709247637518253,0.00825689405121715,,0,,,0,,4.948690673500753,6.565220973123971,11.733805794652353,4,4,4,validated_position_specialists,4.0,full_trifecta_market_proxy,0.0,0,0
2026-10-06,大宮,11,112520261006,1791267720,1791267420,5,3,14604,菱田浩二,逃,97.45,,,,,0.03429086657701021,0.01798449357638043,0.04792536319570282,0.07129484449514704,position_specialists,0.01798449357638043,False,,,A,0.2269999999999999,0.409,0.13,0.13,-0.003432215714672055,-0.06041435115219976,0.012658108652260289,-0.09994753134640631,0.0055888245338265845,,0,,,0,,1.798449357638043,4.7925363195702815,7.129484449514705,5,5,5,validated_position_specialists,5.0,full_trifecta_market_proxy,0.0,0,0
2026-10-06,大宮,11,112520261006,1791267720,1791267420,6,5,14481,徳丸泰教,追,94.23,,,,,0.013215263573071819,0.006075699650548205,0.01998791773918549,0.04488813746301045,position_specialists,0.006075699650548205,False,,,A,0.0579999999999999,0.147,0.26,0.05,-0.05148323572008103,0.029718786428848072,-0.11008630943189744,0.05214653809377722,0.00748491869801865,,0,,,0,,0.6075699650548205,1.9987917739185488,4.488813746301046,6,6,7,validated_position_specialists,6.0,full_trifecta_market_proxy,0.0,0,0
2026-10-06,大宮,11,112520261006,1791267720,1791267420,7,6,13394,飯嶋則之,追,93.21,,,,,0.002885571913877453,0.000845162310926302,0.009318629841982019,0.0625003263093282,position_specialists,0.000845162310926302,False,,,A,0.0,0.1,0.0,0.17,-0.12355976572819438,-0.16514241685346936,-0.1946519723888645,0.03186732883508609,0.008249795091932865,,0,,,0,,0.08451623109263019,0.9318629841982017,6.250032630932821,7,7,6,validated_position_specialists,7.0,full_trifecta_market_proxy,0.0,0,0
2026-10-06,奈良,11,115320261006,1791268620,1791268320,1,5,14497,川津悠揮,追,106.4,,,,,0.2431224798064639,0.3336129957290824,0.22178688716257508,0.19499178244413917,position_specialists,0.3336129957290824,False,,0.07440784922076854,C,0.363,0.4539999999999999,0.16,0.16,-0.0023306228849653,0.24948208575458516,0.04944215839984917,0.11547005383792515,0.01012923108281897,,0,,,0,,33.36129957290824,22.178688716257508,19.499178244413915,1,2,2,validated_position_specialists,2.0,full_trifecta_market_proxy,1.0,0,0
2026-10-06,奈良,11,115320261006,1791268620,1791268320,2,4,14757,藤井昭吾,両,103.75,,,,,0.3683682848293995,0.25920514650831383,0.24650918859840015,0.21617744277560444,position_specialists,0.25920514650831383,False,,,C,0.172,0.4479999999999999,0.18,0.13,-0.32842505542957917,0.18491838625825707,-0.04190985733700371,0.11547005383792515,0.006442792334281348,,0,,,0,,25.920514650831382,24.650918859840015,21.61774427756044,2,1,1,validated_position_specialists,1.0,full_trifecta_market_proxy,-1.0,0,0
2026-10-06,奈良,11,115320261006,1791268620,1791268320,3,3,15418,原大智,両,104.3,,,,,0.15318807673643248,0.2240339119032548,0.19734256915212237,0.18565773011700212,position_specialists,0.2240339119032548,False,,,C,0.391,0.652,0.13,0.24,0.29556000591876025,0.1693604829058904,0.14496970792622926,-0.08660254037844387,0.007689564332408569,,0,,,0,,22.40339119032548,19.734256915212235,18.56577301170021,3,3,3,validated_position_specialists,3.0,full_trifecta_market_proxy,0.0,0,0
2026-10-06,奈良,11,115320261006,1791268620,1791268320,4,7,15370,城戸俊潔,逃,101.95,,,,,0.1024545765149022,0.12341633882413841,0.12204270199656235,0.1190320222384789,position_specialists,0.12341633882413841,False,,,C,0.409,0.59,0.2,0.1,0.14463311759254216,0.05637400878731621,0.12461064958657175,0.11547005383792515,0.005911615219555364,,0,,,0,,12.341633882413841,12.204270199656236,11.903202223847888,4,4,4,validated_position_specialists,4.0,full_trifecta_market_proxy,0.0,0,0
2026-10-06,奈良,11,115320261006,1791268620,1791268320,5,1,15630,原田翔真,逃,99.0,,,,,0.06879628089064557,0.030907415347654142,0.08101410941302802,0.09174309315884854,position_specialists,0.030907415347654142,False,,,C,0.217,0.26,0.18,0.1,-0.09684990372940679,-0.05661246533125803,-0.037734323547476536,-0.08660254037844387,0.007775313624979821,,0,,,0,,3.090741534765414,8.101410941302802,9.174309315884853,5,6,6,validated_position_specialists,6.0,full_trifecta_market_proxy,1.0,0,0
2026-10-06,奈良,11,115320261006,1791268620,1791268320,6,2,15291,山口敦也,追,101.27,,,,,0.05023388064264152,0.02409115053693039,0.10006828101182573,0.11862954629699075,position_specialists,0.02409115053693039,False,,,C,0.25,0.3329999999999999,0.26,0.15,0.054076984596811324,-0.04105456197889136,-0.16197199899256848,-0.08660254037844387,0.008529595066796333,,0,,,0,,2.4091150536930392,10.006828101182572,11.862954629699074,6,5,5,validated_position_specialists,5.0,full_trifecta_market_proxy,-1.0,0,0
2026-10-06,奈良,11,115320261006,1791268620,1791268320,7,6,14946,元砂勇雪,追,98.4,,,,,0.013836420579514877,0.0047330411506259955,0.031236262665486333,0.07376838296893613,position_specialists,0.0047330411506259955,False,,,C,0.185,0.37,0.05,0.29,-0.06666452606416327,-0.2275896646921845,-0.0774063360356014,-0.08660254037844387,0.009683803260664238,,0,,,0,,0.47330411506259956,3.123626266548633,7.376838296893611,7,7,7,validated_position_specialists,7.0,full_trifecta_market_proxy,0.0,0,0
2026-10-06,松山,1,017520261006,1791269100,1791268800,1,7,14619,木村浩宣,逃,89.2,,,,,0.3831045520118388,0.5871461199042136,0.26366303618061854,0.21971371917671245,position_specialists,0.5871461199042136,False,,0.32155860059788943,A,0.428,0.619,0.13,0.16,0.3350459507417419,0.21678964266101983,0.13402325227029985,0.021546520679428582,0.012614071038460536,,0,,,0,,58.71461199042136,26.366303618061853,21.97137191767125,1,1,1,validated_position_specialists,1.0,full_trifecta_market_proxy,0.0,0,0
2026-10-06,松山,1,017520261006,1791269100,1791268800,2,2,14665,小峰烈,両,82.14,,,,,0.3209030668534578,0.2655875193063242,0.2518524380354915,0.21635838024880608,position_specialists,0.2655875193063242,False,,,A,0.284,0.3329999999999999,0.1,0.21,0.00881568886263822,0.24437400290609035,0.05845886793078562,-0.023701172747371445,0.007281209588777812,,0,,,0,,26.55875193063242,25.185243803549152,21.635838024880613,2,2,2,validated_position_specialists,2.0,full_trifecta_market_proxy,0.0,0,0
2026-10-06,松山,1,017520261006,1791269100,1791268800,3,1,14474,山崎晃,両,83.8,,,,,0.12220849525401906,0.06394552296289083,0.14816185256516504,0.1366434842244406,position_specialists,0.06394552296289083,False,,,A,0.2,0.35,0.33,0.0,0.14534641141624377,-0.2862367038797403,-0.012856562856741605,-0.06894886617417147,0.006425424538480716,,0,,,0,,6.394552296289083,14.816185256516503,13.66434842244406,3,3,5,validated_position_specialists,3.0,full_trifecta_market_proxy,0.0,0,0
2026-10-06,松山,1,017520261006,1791269100,1791268800,4,5,15163,戸塚涼介,逃,81.33,,,,,0.06919890677454438,0.03714529658366282,0.13963581590322793,0.15147611965059865,position_specialists,0.03714529658366282,False,,,A,0.19,0.38,0.17,0.16,-0.07093753629520047,-0.06678585731542229,0.027911061613715593,-0.023701172747371445,0.007944727376292763,,0,,,0,,3.714529658366282,13.963581590322793,15.147611965059866,4,4,3,validated_position_specialists,5.0,full_trifecta_market_proxy,1.0,0,0
2026-10-06,松山,1,017520261006,1791269100,1791268800,5,3,14412,宮崎康司,両,80.12,,,,,0.05543137447282911,0.02339553154162744,0.07844130597282582,0.08827539034164814,position_specialists,0.02339553154162744,False,,,A,0.166,0.166,0.2,0.0,-0.2570283949968243,0.1228416457733295,-0.02644577101356068,-0.06894886617417147,0.009652842295551991,,0,,,0,,2.3395531541627443,7.844130597282582,8.827539034164815,5,6,6,validated_position_specialists,4.0,full_trifecta_market_proxy,-1.0,0,0
2026-10-06,松山,1,017520261006,1791269100,1791268800,6,4,13371,足達重満,追,81.27,,,,,0.019510940350304384,0.013372801094304408,0.08421780973023577,0.13676991906163408,position_specialists,0.013372801094304408,False,,,A,0.157,0.263,0.0,0.2,0.016033050110386908,0.02492315634177234,-0.05955783588090179,0.23270242333782873,0.007675083180795069,,0,,,0,,1.3372801094304407,8.421780973023576,13.67699190616341,6,5,4,validated_position_specialists,6.0,full_trifecta_market_proxy,0.0,0,0
2026-10-06,松山,1,017520261006,1791269100,1791268800,7,6,13399,塚本勝士,両,79.75,,,,,0.029642664283006444,0.00940720860697671,0.03402774161243538,0.05076298729616002,position_specialists,0.00940720860697671,False,,,A,0.0409999999999999,0.208,0.05,0.12,-0.17727516983898556,-0.08368277532513882,-0.12153301206359698,-0.06894886617417147,0.011956930733397153,,0,,,0,,0.940720860697671,3.402774161243538,5.076298729616004,7,7,7,validated_position_specialists,7.0,full_trifecta_market_proxy,0.0,0,0
2026-10-06,大宮,12,122520261006,1791269520,1791269220,1,3,15444,渡邉雅也,両,110.72,,,,,0.3578821046538851,0.5998426771664025,0.3312666441196325,0.25899297772057256,position_specialists,0.5998426771664025,False,,0.3932740421900038,A,0.434,0.652,0.22,0.15,0.21587234435053024,0.23711766622590483,0.09154040070729164,0.1711386135488959,0.013536824668780128,,0,,,0,,59.98426771664025,33.126664411963255,25.899297772057256,1,1,1,validated_position_specialists,1.0,full_trifecta_market_proxy,0.0,0,0
2026-10-06,大宮,12,122520261006,1791269520,1791269220,2,1,15474,阿部将大,逃,108.63,,,,,0.3260515132461743,0.2065686349763987,0.23935050652966086,0.2180755654476168,position_specialists,0.2065686349763987,False,,,A,0.18,0.318,0.22,0.1,-0.1722260233616253,0.1329107590431116,-0.07296298417084283,-0.05704620451629864,0.01030034458537874,,0,,,0,,20.656863497639872,23.935050652966087,21.80755654476168,2,2,2,validated_position_specialists,2.0,full_trifecta_market_proxy,0.0,0,0
2026-10-06,大宮,12,122520261006,1791269520,1791269220,3,5,15186,南潤,逃,104.44,,,,,0.11433142319492094,0.06118047308494808,0.1430037197658204,0.17460320269598975,position_specialists,0.06118047308494808,False,,,A,0.24,0.4,0.66,0.0,0.06558744451305726,-0.3065889376811002,0.011671243782920587,-0.04074728894021332,0.008546980334003728,,0,,,0,,6.118047308494808,14.30037197658204,17.460320269598974,3,3,3,validated_position_specialists,3.0,full_trifecta_market_proxy,0.0,0,0
2026-10-06,大宮,12,122520261006,1791269520,1791269220,4,4,13619,竹内智彦,追,103.82,,,,,0.08241530011165459,0.05626383410376773,0.12294975011599503,0.15247193174305373,position_specialists,0.05626383410376773,False,,,A,0.275,0.413,0.28,0.11,0.12504081148172788,0.09391142282464802,0.003004192385113319,-0.17113861354889592,0.011071089865921504,,0,,,0,,5.626383410376773,12.294975011599503,15.247193174305373,4,4,4,validated_position_specialists,4.0,full_trifecta_market_proxy,0.0,0,0
2026-10-06,大宮,12,122520261006,1791269520,1791269220,5,7,13804,湊聖二,追,102.18,,,,,0.06946223751145145,0.05145210800997823,0.08602227792482864,0.10376501604434998,position_specialists,0.05145210800997823,False,,,A,0.363,0.4539999999999999,0.26,0.08,0.02099741928655424,0.09391142282464802,0.003004192385113319,0.07334512009238393,0.011997497212071835,,0,,,0,,5.145210800997823,8.602227792482864,10.376501604435,5,5,5,validated_position_specialists,5.0,full_trifecta_market_proxy,0.0,0,0
2026-10-06,大宮,12,122520261006,1791269520,1791269220,6,2,14580,久木原洋,追,100.07,,,,,0.024283031829816525,0.01463610496844251,0.047633326807646745,0.05698000544021093,position_specialists,0.01463610496844251,False,,,A,0.3329999999999999,0.407,0.17,0.05,-0.008729264197781108,-0.027663302221944037,0.04060791944966172,0.03259783115217063,0.01290012204572306,,0,,,0,,1.4636104968442512,4.763332680764674,5.6980005440210935,6,6,6,validated_position_specialists,6.0,full_trifecta_market_proxy,0.0,0,0
2026-10-06,大宮,12,122520261006,1791269520,1791269220,7,6,15289,橋本瑠偉,逃,97.62,,,,,0.02557438945209703,0.010056167690062262,0.02977377473641577,0.03511130090820621,position_specialists,0.010056167690062262,False,,,A,0.147,0.222,0.1,0.06,-0.24654273207246358,0.06343948758791614,-0.07686496453925773,-0.00814945778804267,0.011584559535553807,,0,,,0,,1.005616769006226,2.9773774736415772,3.511130090820621,7,7,7,validated_position_specialists,7.0,full_trifecta_market_proxy,0.0,0,0
2026-10-06,いわき平,1,011320261006,1791269940,1791269640,1,5,14595,瀧本匡平,両,69.42,,,,,0.4173299539731456,0.6257817274068374,0.31700035607906496,0.2469241599907426,position_specialists,0.6257817274068374,False,,0.4529568331961562,S,0.345,0.461,0.12,0.09,0.010469392968762335,0.3103711486997659,0.3141640786499874,-0.0447213595499958,0.014101656977288515,,0,,,0,,62.57817274068373,31.700035607906496,24.69241599907426,1,1,1,validated_position_specialists,1.0,full_trifecta_market_proxy,0.0,0,0
2026-10-06,いわき平,1,011320261006,1791269940,1791269640,2,3,13776,小塚潤,追,69.0,,,,,0.28102337308904435,0.17282489421068117,0.2536020271525492,0.19132623527596024,position_specialists,0.17282489421068117,False,,,S,0.2,0.25,0.17,0.08,-0.09884539399262088,0.17038980324455968,-0.026832815729997475,-0.0447213595499958,0.008532356732370662,,0,,,0,,17.282489421068117,25.36020271525492,19.132623527596024,2,2,2,validated_position_specialists,2.0,full_trifecta_market_proxy,0.0,0,0
2026-10-06,いわき平,1,011320261006,1791269940,1791269640,3,6,11821,中川博文,追,68.94,,,,,0.11414010490184454,0.07379647866079395,0.10594061233947939,0.15017566910818642,position_specialists,0.07379647866079395,False,,,S,0.222,0.2769999999999999,0.1,0.2,0.20723600949925222,-0.07477158370460103,-0.026832815729997475,-0.0447213595499958,0.009066879216195511,,0,,,0,,7.379647866079394,10.59406123394794,15.017566910818642,3,5,4,validated_position_specialists,3.0,full_trifecta_market_proxy,0.0,0,0
2026-10-06,いわき平,1,011320261006,1791269940,1791269640,4,4,13255,安坂洋一,追,71.03,,,,,0.07327286624010707,0.06532120388020812,0.12596021788303446,0.1609766766335261,position_specialists,0.06532120388020812,False,,,S,0.147,0.37,0.06,0.2,0.21886061678645452,-0.12258069347458038,-0.026832815729997475,-0.0447213595499958,0.011894650576977162,,0,,,0,,6.532120388020813,12.596021788303446,16.09766766335261,4,3,3,validated_position_specialists,4.0,full_trifecta_market_proxy,0.0,0,0
2026-10-06,いわき平,1,011320261006,1791269940,1791269640,5,1,14388,水野悟志,追,69.8,,,,,0.06853038861374505,0.038371543462934504,0.11272923510869734,0.1332311581612598,position_specialists,0.038371543462934504,False,,,S,0.1,0.4,0.12,0.12,-0.16304800898732288,-0.12258069347458038,-0.11683281572999747,0.223606797749979,0.01138598791676188,,0,,,0,,3.8371543462934503,11.272923510869735,13.32311581612598,5,4,5,validated_position_specialists,6.0,full_trifecta_market_proxy,1.0,0,0
2026-10-06,いわき平,1,011320261006,1791269940,1791269640,6,2,13314,鈴木宏章,追,71.04,,,,,0.04570331318211328,0.02390415237854498,0.0847675514371747,0.11736610083032485,position_specialists,0.02390415237854498,False,,,S,0.09,0.363,0.0,0.14,-0.17467261627452518,-0.12258069347458038,-0.11683281572999747,-0.0447213595499958,0.013330064578069182,,0,,,0,,2.3904152378544983,8.476755143717469,11.736610083032485,6,6,6,validated_position_specialists,5.0,full_trifecta_market_proxy,-1.0,0,0
2026-10-06,松山,2,027520261006,1791270420,1791270120,1,7,15099,吉竹尚城,逃,89.66,,,,,0.439813121291534,0.6088392586228601,0.3221041186808706,0.27748861573539163,position_specialists,0.6088392586228601,False,,0.45380643606540594,S,0.4579999999999999,0.583,0.13,0.11,0.3167517407079536,0.17109942478440626,0.16661135139630376,0.09855274566525744,0.007394309540985525,,0,,,0,,60.88392586228601,32.21041186808706,27.748861573539166,1,1,1,validated_position_specialists,1.0,full_trifecta_market_proxy,0.0,0,0
2026-10-06,松山,2,027520261006,1791270420,1791270120,2,3,15372,野上竜太,逃,87.43,,,,,0.14583393187391466,0.1550328225574542,0.16176649259949266,0.16799465275024403,position_specialists,0.1550328225574542,False,,,S,0.521,0.565,0.24,0.07,0.2581214758073117,-0.028254377309316733,0.17794341959496357,-0.060647843486312275,0.007558640562056059,,0,,,0,,15.503282255745422,16.176649259949265,16.799465275024406,2,3,3,validated_position_specialists,4.0,full_trifecta_market_proxy,2.0,3,0
2026-10-06,松山,2,027520261006,1791270420,1791270120,3,1,14297,田中勝仁,両,83.66,,,,,0.1967755759448806,0.11178533421918196,0.25217184344363125,0.19325657344459188,position_specialists,0.11178533421918196,False,,,S,0.368,0.368,0.25,0.0,-0.010693499656248745,0.15598534564481395,-0.027810869555932045,-0.060647843486312275,0.006674103208408587,,0,,,0,,11.178533421918196,25.217184344363126,19.32565734445919,3,2,2,validated_position_specialists,2.0,full_trifecta_market_proxy,-1.0,0,0
2026-10-06,松山,2,027520261006,1791270420,1791270120,4,4,15910,土生智徳,逃,85.1,,,,,0.16023853409741914,0.1045029900833071,0.14228385084753364,0.1363662531536561,position_specialists,0.1045029900833071,False,,,S,0.3329999999999999,0.476,0.2,0.0,-0.27950847511980925,0.20812246942395402,-0.02504131899108923,0.20468647176630392,0.014653648268489292,,0,,,0,,10.45029900833071,14.228385084753365,13.636625315365613,4,4,4,validated_position_specialists,3.0,full_trifecta_market_proxy,-1.0,0,0
2026-10-06,松山,2,027520261006,1791270420,1791270120,5,2,14476,乾庄平,追,84.23,,,,,0.029767914426402753,0.011403837662846509,0.05681202930058446,0.09764563195134733,position_specialists,0.011403837662846509,False,,,S,0.192,0.461,0.06,0.2,-0.06121164821034106,-0.2115697455101997,-0.016224935417983755,-0.060647843486312275,0.008019957913077639,,0,,,0,,1.1403837662846508,5.681202930058446,9.764563195134734,5,5,5,validated_position_specialists,5.0,full_trifecta_market_proxy,0.0,0,0
2026-10-06,松山,2,027520261006,1791270420,1791270120,6,5,13907,佐藤正吾,追,83.12,,,,,0.019081610689101844,0.0060163163448668285,0.04075275544962373,0.07185418113830191,position_specialists,0.0060163163448668285,False,,,S,0.125,0.375,0.0,0.18,-0.13698887104147942,-0.1171389971500151,-0.11343604589410167,-0.060647843486312275,0.009498937102712447,,0,,,0,,0.6016316344866829,4.0752755449623725,7.185418113830193,6,6,6,validated_position_specialists,6.0,full_trifecta_market_proxy,0.0,0,0
2026-10-06,松山,2,027520261006,1791270420,1791270120,7,6,13056,山本貴章,追,80.61,,,,,0.008489311676747002,0.002419440509483349,0.02410890967826366,0.05539409182646706,position_specialists,0.002419440509483349,False,,,S,0.095,0.142,0.13,0.08,-0.0864707224873871,-0.05386076182226292,-0.16204160113216062,-0.060647843486312275,0.011391034664579403,,0,,,0,,0.24194405094833488,2.410890967826366,5.539409182646707,7,7,7,validated_position_specialists,7.0,full_trifecta_market_proxy,0.0,0,0
2026-10-06,奈良,12,125320261006,1791270900,1791270600,1,5,13851,和田健太郎,追,113.06,,,,,0.48052037692804045,0.661789741938396,0.40464135607536367,0.29178709189884466,position_specialists,0.661789741938396,False,,0.5789581458504861,S,0.611,0.7090000000000001,0.23,0.08,0.20970716508815168,0.04943442080816325,0.15428909002951519,-0.05838213747508364,0.0057159956802158105,,0,,,0,,66.17897419383961,40.46413560753636,29.178709189884465,1,1,1,validated_position_specialists,1.0,full_trifecta_market_proxy,0.0,0,0
2026-10-06,奈良,12,125320261006,1791270900,1791270600,2,3,15715,平野想真,逃,103.04,,,,,0.10639137115525787,0.08283159608790987,0.13099179078944626,0.15481723272709444,position_specialists,0.08283159608790987,False,,,S,0.346,0.391,0.11,0.06,0.07356147887956291,0.08149542099975939,0.013887439619659395,-0.05838213747508364,0.0062054734974046535,,0,,,0,,8.283159608790987,13.099179078944626,15.481723272709443,2,4,4,validated_position_specialists,3.0,full_trifecta_market_proxy,1.0,0,0
2026-10-06,奈良,12,125320261006,1791270900,1791270600,3,4,14682,原田研太朗,逃,103.87,,,,,0.14114063661176823,0.07437585850070863,0.14665905397754553,0.15631643326372527,position_specialists,0.07437585850070863,False,,,S,0.25,0.437,0.02,0.22,-0.1841724502851434,-0.015862659366940878,-0.03492350754083612,-0.004609116116453967,0.004741860115872737,,0,,,0,,7.437585850070863,14.665905397754553,15.631643326372528,3,2,3,validated_position_specialists,2.0,full_trifecta_market_proxy,-1.0,0,0
2026-10-06,奈良,12,125320261006,1791270900,1791270600,4,2,15610,永井哉多,逃,96.4,,,,,0.05718941566198346,0.07417494644982014,0.059321469854901256,0.06235698767756117,position_specialists,0.07417494644982014,False,,,S,0.37,0.407,0.13,0.03,0.2239062708923082,0.34117286919917184,0.01721039789300624,0.23736947999737956,0.012017716573125453,,0,,,0,,7.417494644982014,5.932146985490125,6.235698767756117,4,6,6,validated_position_specialists,6.0,full_trifecta_market_proxy,2.0,3,0
2026-10-06,奈良,12,125320261006,1791270900,1791270600,5,7,14700,川口公太朗,追,103.85,,,,,0.10164460270451896,0.04947779187809493,0.1367845427154198,0.1782547314369985,position_specialists,0.04947779187809493,False,,,S,0.284,0.392,0.18,0.16,-0.19819238736514244,-0.01049114416093191,-0.04219303404386164,-0.05838213747508364,0.007751607621819664,,0,,,0,,4.947779187809493,13.678454271541979,17.82547314369985,5,3,2,validated_position_specialists,4.0,full_trifecta_market_proxy,-1.0,0,0
2026-10-06,奈良,12,125320261006,1791270900,1791270600,6,1,15170,川越勇星,両,102.35,,,,,0.08643718679063843,0.04655725190159353,0.09933320735878912,0.11643767283349468,position_specialists,0.04655725190159353,False,,,S,0.344,0.379,0.15,0.18,-0.06950459150694675,-0.0882936797460102,0.0053706932039701925,-0.05838213747508364,0.006491156084452181,,0,,,0,,4.655725190159353,9.933320735878912,11.643767283349469,6,5,5,validated_position_specialists,5.0,full_trifecta_market_proxy,-1.0,0,0
2026-10-06,奈良,12,125320261006,1791270900,1791270600,7,6,14143,天田裕輝,追,96.3,,,,,0.02667641014779257,0.010792813243476852,0.02226857922853441,0.04002985016228122,position_specialists,0.010792813243476852,False,,,S,0.2,0.3,0.12,0.13,-0.05530548570279035,-0.07041670913002707,-0.11364107916145322,0.000768186019408997,0.00680522229777962,,0,,,0,,1.079281324347685,2.226857922853441,4.002985016228122,7,7,7,validated_position_specialists,7.0,full_trifecta_market_proxy,0.0,0,0
2026-10-06,いわき平,2,021320261006,1791271320,1791271020,1,4,15158,猪野泰介,逃,69.82,,,,,0.2803350768950327,0.5146113723748816,0.2566282628858058,0.2203319172343405,position_specialists,0.5146113723748816,False,,0.16521592113305666,B,0.31,0.482,0.16,0.16,0.25840424198835404,0.2337571986409175,0.2297699410362372,0.18985028769884515,0.010955776265277028,,0,,,0,,51.46113723748817,25.662826288580582,22.03319172343405,1,1,2,validated_position_specialists,1.0,full_trifecta_market_proxy,0.0,0,0
2026-10-06,いわき平,2,021320261006,1791271320,1791271020,2,7,14931,横田政直,逃,68.9,,,,,0.37267539334659316,0.349395451241825,0.25256873596631657,0.22393778108980528,position_specialists,0.349395451241825,False,,,B,0.3329999999999999,0.428,0.11,0.13,0.10785460130380256,0.16996282408695335,0.1706617752489924,-0.07808358606968631,0.014946202917637907,,0,,,0,,34.939545124182494,25.256873596631657,22.393778108980527,2,2,1,validated_position_specialists,2.0,full_trifecta_market_proxy,0.0,0,0
2026-10-06,いわき平,2,021320261006,1791271320,1791271020,3,3,14099,坂本佳憲,追,67.52,,,,,0.09174730924335274,0.04755896433859763,0.16269110724501326,0.15187050278781114,position_specialists,0.04755896433859763,False,,,B,0.045,0.181,0.16,0.16,0.1937048453308256,0.026419453525591614,-0.08346395273060275,-0.07808358606968631,0.010419316778959003,,0,,,0,,4.755896433859763,16.269110724501328,15.187050278781115,3,3,4,validated_position_specialists,3.0,full_trifecta_market_proxy,0.0,0,0
2026-10-06,いわき平,2,021320261006,1791271320,1791271020,4,5,14154,長岡豪,追,67.76,,,,,0.11372426457007904,0.042219783528605566,0.15350972040105224,0.17844155851475488,position_specialists,0.042219783528605566,False,,,B,0.111,0.166,0.0,0.21,-0.11824911043600707,-0.1330664828593188,-0.007065230844157874,-0.07808358606968631,0.011806199428911906,,0,,,0,,4.221978352860557,15.350972040105223,17.844155851475488,4,4,3,validated_position_specialists,4.0,full_trifecta_market_proxy,0.0,0,0
2026-10-06,いわき平,2,021320261006,1791271320,1791271020,5,1,14650,佐藤裕輝,逃,65.5,,,,,0.08377419530557959,0.02797890289985814,0.0686183407923026,0.09096053690457312,position_specialists,0.02797890289985814,False,,,B,0.0,0.166,0.2,0.1,-0.11824911043600707,0.185905389910502,-0.15986267461704762,-0.07808358606968631,0.008998964775166875,,0,,,0,,2.797890289985814,6.86183407923026,9.096053690457312,5,5,6,validated_position_specialists,5.0,full_trifecta_market_proxy,0.0,0,0
2026-10-06,いわき平,2,021320261006,1791271320,1791271020,6,2,11346,野崎修一,追,65.78,,,,,0.0266662110598885,0.010350204376794216,0.06470078056982342,0.09554117455232577,position_specialists,0.010350204376794216,False,,,B,0.083,0.166,0.07,0.2,-0.08492186843242011,-0.12667981202599146,-0.007065230844157874,0.09339409314217384,0.012145350537089962,,0,,,0,,1.0350204376794216,6.470078056982342,9.554117455232577,6,6,5,validated_position_specialists,7.0,full_trifecta_market_proxy,1.0,0,0
2026-10-06,いわき平,2,021320261006,1791271320,1791271020,7,6,13531,伊藤司,逃,64.5,,,,,0.03107754957947424,0.007885321239437845,0.041283052139686104,0.038916528916389255,position_specialists,0.007885321239437845,False,,,B,0.0,0.107,0.11,0.08,-0.2385435993185467,-0.0214202995749391,-0.1429746272492634,0.029089963437726282,0.010304244521266229,,0,,,0,,0.7885321239437846,4.12830521396861,3.8916528916389255,7,7,7,validated_position_specialists,6.0,full_trifecta_market_proxy,-1.0,0,0
2026-10-06,松山,3,037520261006,1791271980,1791271680,1,5,15721,内山慧大,逃,92.04,,,,,0.4092623009929772,0.37320711845350435,0.2858626387740999,0.23230307744579556,position_specialists,0.37320711845350435,False,,0.045481480421200704,C,0.475,0.6659999999999999,0.14,0.1,-0.049784760449277744,0.016001540199456443,0.08143719014533297,0.025034794728042188,0.009242788158622905,,0,,,0,,37.32071184535044,28.58626387740999,23.23030774457956,1,1,1,validated_position_specialists,2.0,full_trifecta_market_proxy,1.0,0,0
2026-10-06,松山,3,037520261006,1791271980,1791271680,2,3,15934,吉田航,逃,88.75,,,,,0.1896060984034325,0.32772563803230365,0.1876496764708111,0.15869888623617556,position_specialists,0.32772563803230365,False,,,C,0.523,0.619,0.15,0.08,0.4022878394261431,0.3538830303783846,-0.04240993936964252,0.22364416623717684,0.016898175948789076,,0,,,0,,32.77256380323036,18.76496764708111,15.869888623617557,2,3,4,validated_position_specialists,3.0,full_trifecta_market_proxy,1.0,0,0
2026-10-06,松山,3,037520261006,1791271980,1791271680,3,1,14999,水谷将司,追,89.83,,,,,0.26894580472193874,0.2370950015560313,0.2836064038561374,0.2161988363448283,position_specialists,0.2370950015560313,False,,,C,0.4579999999999999,0.625,0.17,0.19,0.013417812420751095,0.11719100227560737,0.10217636652380208,-0.06842843892331531,0.008051201696738562,,0,,,0,,23.70950015560313,28.36064038561374,21.619883634482836,3,2,2,validated_position_specialists,1.0,full_trifecta_market_proxy,-2.0,0,3
2026-10-06,松山,3,037520261006,1791271980,1791271680,4,4,13571,小林信晴,追,91.42,,,,,0.03922364198716308,0.022785469048876673,0.09161124767990295,0.19882242488249352,position_specialists,0.022785469048876673,False,,,C,0.368,0.578,0.14,0.22,-0.025456397729327822,-0.12694068285970025,-0.03530090432487313,-0.06842843892331531,0.011272540877779687,,0,,,0,,2.2785469048876674,9.161124767990295,19.882242488249357,4,4,3,validated_position_specialists,6.0,full_trifecta_market_proxy,2.0,3,0
2026-10-06,松山,3,037520261006,1791271980,1791271680,5,6,13110,法月成祐,追,84.95,,,,,0.030740091989598643,0.015447486720729982,0.030145449711046164,0.053428989011106376,position_specialists,0.015447486720729982,False,,,C,0.375,0.4579999999999999,0.37,0.12,-0.06596102709437698,-0.09475587249680063,0.03343773109946447,0.025034794728042188,0.010674875769628254,,0,,,0,,1.5447486720729982,3.0145449711046166,5.3428989011106385,5,7,7,validated_position_specialists,7.0,full_trifecta_market_proxy,2.0,3,0
2026-10-06,松山,3,037520261006,1791271980,1791271680,6,2,15419,黒滝大翔,両,84.95,,,,,0.03500529477662576,0.012301389377804737,0.050233646870572884,0.061284564177919644,position_specialists,0.012301389377804737,False,,,C,0.284,0.428,0.0,0.42,-0.18910533440449456,-0.07697263617159388,-0.06967022203704193,-0.06842843892331531,0.009126125348713486,,0,,,0,,1.2301389377804737,5.023364687057288,6.128456417791965,6,6,6,validated_position_specialists,4.0,full_trifecta_market_proxy,-2.0,0,3
2026-10-06,松山,3,037520261006,1791271980,1791271680,7,7,13811,池田浩士,追,85.26,,,,,0.027216767128264038,0.011437896810749396,0.07089093663742971,0.07926322190168092,position_specialists,0.011437896810749396,False,,,C,0.26,0.391,0.15,0.18,-0.08539813216941636,-0.016183270163443175,-0.06967022203704193,-0.06842843892331531,0.010913817021074875,,0,,,0,,1.1437896810749395,7.089093663742971,7.926322190168093,7,5,5,validated_position_specialists,5.0,full_trifecta_market_proxy,-2.0,0,3
2026-10-06,いわき平,3,031320261006,1791272760,1791272460,1,2,15884,秋山太洋,逃,78.33,,,,,0.7211808319892424,0.823667797633667,0.4952176618277352,0.3279877289831265,position_specialists,0.8236677976336669,False,,0.7696509822053835,S,0.6659999999999999,0.6659999999999999,0.12,0.11,0.1716852116192023,0.3705118935101822,0.27563241579599435,-0.040824829046386304,0.016601141411597638,,0,,,0,,82.36677976336671,49.52176618277352,32.798772898312656,1,1,1,validated_position_specialists,1.0,full_trifecta_market_proxy,0.0,0,0
2026-10-06,いわき平,3,031320261006,1791272760,1791272460,2,3,14738,櫻川雅彦,追,72.15,,,,,0.0862614422402312,0.05401681542828339,0.14065564785924742,0.1837937576205059,position_specialists,0.054016815428283384,False,,,S,0.142,0.428,0.12,0.18,0.13882160991568854,-0.003881816603824694,-0.11819465323374843,-0.040824829046386304,0.010319194748325055,,0,,,0,,5.401681542828339,14.065564785924742,18.379375762050593,2,2,2,validated_position_specialists,4.0,full_trifecta_market_proxy,2.0,3,0
2026-10-06,いわき平,3,031320261006,1791272760,1791272460,3,1,15053,廣田敦士,逃,68.77,,,,,0.06509861844883735,0.051407212101935655,0.10495978751004273,0.10587122912507911,position_specialists,0.05140721210193565,False,,,S,0.3329999999999999,0.481,0.08,0.06,0.13903610660804594,-0.004806740458295668,0.10573405045525731,-0.040824829046386304,0.009105884255334193,,0,,,0,,5.140721210193566,10.495978751004273,10.587122912507914,3,3,5,validated_position_specialists,2.0,full_trifecta_market_proxy,-1.0,0,0
2026-10-06,いわき平,3,031320261006,1791272760,1791272460,4,5,14866,櫻井利之,両,70.64,,,,,0.061633826339171194,0.03968308509812495,0.07695136624516344,0.10936446731369992,position_specialists,0.039683085098124946,False,,,S,0.356,0.428,0.09,0.12,0.10595800821217463,0.004576225390916272,-0.04593873596599905,-0.040824829046386304,0.009323100016004462,,0,,,0,,3.9683085098124953,7.695136624516344,10.936446731369994,4,5,4,validated_position_specialists,3.0,full_trifecta_market_proxy,-1.0,0,0
2026-10-06,いわき平,3,031320261006,1791272760,1791272460,5,4,13867,樋口奨平,追,68.61,,,,,0.02466972810375173,0.01467897326255689,0.049367892861351445,0.0710349979133508,position_specialists,0.014678973262556889,False,,,S,0.166,0.2769999999999999,0.17,0.08,-0.18552447327229965,0.06179894434065894,-0.0657929532543758,0.2449489742783178,0.009933124496587748,,0,,,0,,1.4678973262556891,4.936789286135144,7.103499791335081,5,6,7,validated_position_specialists,6.0,full_trifecta_market_proxy,1.0,0,0
2026-10-06,いわき平,3,031320261006,1791272760,1791272460,6,6,12858,亀井宏佳,追,68.08,,,,,0.024735732652889066,0.009058988333065426,0.08836880486656645,0.11149497244828276,position_specialists,0.009058988333065425,False,,,S,0.0409999999999999,0.25,0.05,0.22,-0.15266087156878588,0.005501149245387264,-0.16066924456893267,-0.040824829046386304,0.011332936623543694,,0,,,0,,0.9058988333065426,8.836880486656645,11.149497244828277,6,4,3,validated_position_specialists,5.0,full_trifecta_market_proxy,-1.0,0,0
2026-10-06,いわき平,3,031320261006,1791272760,1791272460,7,7,13421,富澤洋祐,追,70.76,,,,,0.01641982022587712,0.007487128142366706,0.044478838829893334,0.09045284659595496,position_specialists,0.007487128142366705,False,,,S,0.2269999999999999,0.363,0.1,0.28,-0.2173155915140259,-0.09882138372130934,0.009229120771804308,-0.040824829046386304,0.010733981870468003,,0,,,0,,0.7487128142366706,4.447883882989333,9.045284659595497,7,7,6,validated_position_specialists,7.0,full_trifecta_market_proxy,0.0,0,0
2026-10-06,松山,4,047520261006,1791273540,1791273240,1,1,15299,曽我圭佑,逃,92.11,,,,,0.39187194817324156,0.5288532119715895,0.31985778578969465,0.2536467954531906,position_specialists,0.5288532119715894,False,,0.1704483176850451,B,0.406,0.518,0.05,0.11,0.05037970768699171,0.25907532133781835,0.1454688582035177,0.21467734049243467,0.010646278905931544,,0,,,0,,52.88532119715895,31.985778578969466,25.364679545319056,1,1,1,validated_position_specialists,1.0,full_trifecta_market_proxy,0.0,0,0
2026-10-06,松山,4,047520261006,1791273540,1791273240,2,5,14858,小原唯志,逃,90.23,,,,,0.32817075957542907,0.3584048942865444,0.2312568225876043,0.2124177415534772,position_specialists,0.3584048942865443,False,,,B,0.406,0.555,0.15,0.18,0.32579697930895957,0.10229473794340864,0.1929917301418856,-0.08770354764020198,0.00786506529473318,,0,,,0,,35.840489428654436,23.12568225876043,21.24177415534772,2,2,2,validated_position_specialists,3.0,full_trifecta_market_proxy,1.0,0,0
2026-10-06,松山,4,047520261006,1791273540,1791273240,3,2,14003,須賀和彦,追,85.29,,,,,0.11994153432609714,0.05489522454736612,0.19798529158620418,0.16844627318184935,position_specialists,0.0548952245473661,False,,,B,0.125,0.3329999999999999,0.14,0.14,-0.017833598397117543,0.15013449104393936,-0.09929714920020848,0.013090081737343568,0.006819941178874605,,0,,,0,,5.489522454736612,19.79852915862042,16.844627318184934,3,3,3,validated_position_specialists,4.0,full_trifecta_market_proxy,1.0,0,0
2026-10-06,松山,4,047520261006,1791273540,1791273240,4,3,13695,岡本英之,追,87.09,,,,,0.05912759982130372,0.026018547147417734,0.06499264360813188,0.11892155390207246,position_specialists,0.026018547147417727,False,,,B,0.3329999999999999,0.476,0.14,0.19,-0.05901798677613623,-0.17603992706711413,0.058728008455430546,0.022253138953484068,0.00998111892697065,,0,,,0,,2.601854714741773,6.499264360813188,11.892155390207245,4,5,5,validated_position_specialists,5.0,full_trifecta_market_proxy,1.0,0,0
2026-10-06,松山,4,047520261006,1791273540,1791273240,5,7,14116,安東宏高,追,84.5,,,,,0.07243021372677527,0.023832343488716386,0.13724943735160905,0.15266304282560422,position_specialists,0.02383234348871638,False,,,B,0.09,0.181,0.23,0.13,-0.08604690448122679,0.038148360047932456,-0.17328689685906112,0.013090081737343568,0.009295445869815094,,0,,,0,,2.3832343488716385,13.724943735160904,15.266304282560423,5,4,4,validated_position_specialists,2.0,full_trifecta_market_proxy,-3.0,0,5
2026-10-06,松山,4,047520261006,1791273540,1791273240,6,6,11800,三住博昭,追,81.73,,,,,0.014861541945115643,0.004695160923778413,0.01956527892069033,0.029310492340921545,position_specialists,0.004695160923778412,False,,,B,0.152,0.2689999999999999,0.0,0.0,-0.07189143380729904,0.022489808023570416,-0.06230227537078216,-0.08770354764020198,0.007290880428701381,,0,,,0,,0.46951609237784125,1.9565278920690332,2.9310492340921543,6,7,7,validated_position_specialists,7.0,full_trifecta_market_proxy,1.0,0,0
2026-10-06,松山,4,047520261006,1791273540,1791273240,7,4,13969,武田良太,追,81.84,,,,,0.013596402432037642,0.0033006176345875635,0.029092740156065625,0.06459410074288466,position_specialists,0.0033006176345875627,False,,,B,0.152,0.2689999999999999,0.04,0.24,-0.14138676353417343,-0.17603992706711413,-0.06230227537078216,-0.08770354764020198,0.00720498690576987,,0,,,0,,0.3300617634587564,2.9092740156065626,6.459410074288466,7,6,6,validated_position_specialists,6.0,full_trifecta_market_proxy,-1.0,0,0
2026-10-06,いわき平,4,041320261006,1791274320,1791274020,1,2,15401,清水彩那,両,52.18,,,,,0.3311892063834505,0.35944739316797875,0.2166178402601931,0.21745717242917847,position_specialists,0.3594473931679788,False,,0.008327973476605743,C,0.295,0.407,0.0,0.0,0.0738294990630639,-0.028703851860318427,0.17914855313482878,0.0408248290463863,0.010101636772163353,,0,,,0,,35.94473931679787,21.661784026019305,21.745717242917852,1,2,2,validated_position_specialists,2.0,full_trifecta_market_proxy,1.0,0,0
2026-10-06,いわき平,4,041320261006,1791274320,1791274020,2,4,15763,山口優依,両,52.42,,,,,0.2600764457999084,0.351119419691373,0.2910827816234686,0.2237676051460031,position_specialists,0.35111941969137306,False,,,C,0.142,0.428,0.0,0.0,0.21345106773164363,-0.028703851860318427,0.09062357212157651,0.2313406979295224,0.0135102658234749,,0,,,0,,35.1119419691373,29.108278162346856,22.376760514600313,2,1,1,validated_position_specialists,1.0,full_trifecta_market_proxy,-1.0,0,0
2026-10-06,いわき平,4,041320261006,1791274320,1791274020,3,6,16034,古山稀絵,両,52.04,,,,,0.2745106546086986,0.22621479778881007,0.20304950664883065,0.2044880016024031,position_specialists,0.22621479778881012,False,,,C,0.237,0.428,0.0,0.0,0.07762472573303536,-0.028703851860318427,0.07876865888881453,-0.05443310539518174,0.011954367673250784,,0,,,0,,22.621479778881007,20.304950664883062,20.448800160240314,3,3,3,validated_position_specialists,3.0,full_trifecta_market_proxy,0.0,0,0
2026-10-06,いわき平,4,041320261006,1791274320,1791274020,4,5,15576,菅原ななこ,両,50.57,,,,,0.054031428274976916,0.03430757605045872,0.11657917203400417,0.12467945319019605,position_specialists,0.03430757605045873,False,,,C,0.284,0.38,0.0,0.0,-0.039891876762451525,-0.028703851860318427,0.06575404554827384,-0.05443310539518174,0.012333030032650273,,0,,,0,,3.430757605045872,11.657917203400416,12.467945319019607,4,4,4,validated_position_specialists,4.0,full_trifecta_market_proxy,0.0,0,0
2026-10-06,いわき平,4,041320261006,1791274320,1791274020,5,1,15317,佐伯智恵,両,48.14,,,,,0.026948036935146465,0.01020848476991152,0.06523617048497313,0.0865318404704523,position_specialists,0.010208484769911522,False,,,C,0.036,0.185,0.0,0.0,-0.04242202787576592,-0.028703851860318427,-0.15265915671541014,-0.05443310539518174,0.009985158656275495,,0,,,0,,1.020848476991152,6.523617048497311,8.653184047045231,5,5,5,validated_position_specialists,5.0,full_trifecta_market_proxy,0.0,0,0
2026-10-06,いわき平,4,041320261006,1791274320,1791274020,6,3,15496,布居光,両,49.37,,,,,0.028077778871434072,0.009639938700162602,0.05796997512099581,0.07425570295209599,position_specialists,0.009639938700162604,False,,,C,0.083,0.25,0.0,0.0,-0.2957649723698608,-0.028703851860318427,-0.10897651626267334,-0.05443310539518174,0.012333030032650273,,0,,,0,,0.9639938700162602,5.79699751209958,7.4255702952096,6,6,6,validated_position_specialists,6.0,full_trifecta_market_proxy,0.0,0,0
2026-10-06,いわき平,4,041320261006,1791274320,1791274020,7,7,15757,戸邉香奈実,両,46.66,,,,,0.02516644912638504,0.00906238983130516,0.0494645538275346,0.06882022420967095,position_specialists,0.009062389831305162,False,,,C,0.055,0.055,0.0,0.0,0.01317358448033469,-0.028703851860318427,-0.15265915671541014,-0.05443310539518174,0.008736700362485908,,0,,,0,,0.9062389831305161,4.9464553827534585,6.882022420967096,7,7,7,validated_position_specialists,7.0,full_trifecta_market_proxy,0.0,0,0
2026-10-06,松山,5,057520261006,1791275100,1791274800,1,2,14710,花田将司,両,95.53,,,,,0.36247178281716774,0.31774295596455343,0.2569520462318404,0.23660411106185186,position_specialists,0.3177429559645534,False,,0.05608425836686021,C,0.033,0.133,0.09,0.07,0.09481049240300427,0.07654360496084914,-0.09333850286272027,-0.04082482904638631,0.007235167618705728,,0,,,0,,31.774295596455342,25.695204623184043,23.660411106185187,1,1,1,validated_position_specialists,1.0,full_trifecta_market_proxy,0.0,0,0
2026-10-06,松山,5,057520261006,1791275100,1791274800,2,5,13407,大矢将大,追,97.96,,,,,0.17053589553952855,0.2616586975976932,0.2483123018822246,0.1966069090942042,position_specialists,0.26165869759769317,False,,,C,0.12,0.4,0.24,0.18,0.34909744826508815,-0.058966960010555305,0.06175677577123896,-0.04082482904638631,0.008180816484062152,,0,,,0,,26.165869759769322,24.83123018822246,19.66069090942042,2,2,2,validated_position_specialists,2.0,full_trifecta_market_proxy,0.0,0,0
2026-10-06,松山,5,057520261006,1791275100,1791274800,3,7,12592,水谷良和,追,96.06,,,,,0.13158945765361363,0.14197410714415798,0.1230792453686296,0.1427052966501121,position_specialists,0.14197410714415795,False,,,C,0.096,0.225,0.1,0.08,-0.012166606584807197,0.10665706384338348,0.06175677577123896,-0.04082482904638631,0.007745205692347641,,0,,,0,,14.197410714415797,12.307924536862961,14.27052966501121,3,3,3,validated_position_specialists,4.0,full_trifecta_market_proxy,1.0,0,0
2026-10-06,松山,5,057520261006,1791275100,1791274800,4,4,14051,早坂秀悟,逃,95.47,,,,,0.1329729926802927,0.11319061295596605,0.11604204313047231,0.12090296492389778,position_specialists,0.11319061295596604,False,,,C,0.157,0.315,0.1,0.11,-0.06894410398057409,-0.10680671311108603,0.10602866301359626,-0.04082482904638631,0.006967842200818503,,0,,,0,,11.319061295596605,11.604204313047232,12.090296492389777,4,4,4,validated_position_specialists,3.0,full_trifecta_market_proxy,-1.0,0,0
2026-10-06,松山,5,057520261006,1791275100,1791274800,5,3,14090,竹澤浩司,両,92.72,,,,,0.09942515222436243,0.10065360229981225,0.09220460646008576,0.08449353114498721,position_specialists,0.10065360229981224,False,,,C,0.09,0.212,0.09,0.07,-0.3450419127368189,0.2846682523618601,0.08374904610670894,0.24494897427831785,0.009862425953359602,,0,,,0,,10.065360229981225,9.220460646008576,8.449353114498722,5,6,7,validated_position_specialists,5.0,full_trifecta_market_proxy,0.0,0,0
2026-10-06,松山,5,057520261006,1791275100,1791274800,6,6,15258,栗本尚宗,両,92.3,,,,,0.07506420775641558,0.048698305202882035,0.09529542425361819,0.10523381645809035,position_specialists,0.04869830520288203,False,,,C,0.0,0.1,0.13,0.18,0.016222142113076248,0.1642144168317229,-0.12661425493734257,-0.04082482904638631,0.011062799357772088,,0,,,0,,4.869830520288203,9.529542425361818,10.523381645809035,6,5,6,validated_position_specialists,6.0,full_trifecta_market_proxy,0.0,0,0
2026-10-06,松山,5,057520261006,1791275100,1791274800,7,1,13912,金成和幸,追,94.51,,,,,0.02794051132861938,0.016081718834935244,0.0681143326731291,0.11345337066685646,position_specialists,0.01608171883493524,False,,,C,0.036,0.111,0.07,0.15,-0.033977459478968325,-0.1314313931724593,-0.09333850286272027,-0.04082482904638631,0.006914612715452975,,0,,,0,,1.6081718834935244,6.81143326731291,11.345337066685646,7,7,5,validated_position_specialists,7.0,full_trifecta_market_proxy,0.0,0,0
2026-10-06,いわき平,5,051320261006,1791275880,1791275580,1,4,13471,松坂英司,追,87.75,,,,,0.33788212931460054,0.3101486198064758,0.2507518349926113,0.23215424691503314,position_specialists,0.3101486198064758,False,,0.057067393089712204,C,0.25,0.4579999999999999,0.08,0.12,0.24679139821302237,-0.16824032058768132,0.05210920102560596,-0.1131504763712036,0.0053090061374200335,,0,,,0,,31.01486198064758,25.07518349926113,23.215424691503316,1,2,1,validated_position_specialists,1.0,full_trifecta_market_proxy,0.0,0,0
2026-10-06,いわき平,5,051320261006,1791275880,1791275580,2,3,13933,藤田竜矢,両,87.14,,,,,0.17172200997183412,0.2530812267167636,0.156871887281156,0.1630845517826032,position_specialists,0.2530812267167636,False,,,C,0.259,0.407,0.2,0.16,0.10585406739609902,0.19109657744449282,0.08732727167122764,0.11024918210527529,0.005729294533365513,,0,,,0,,25.308122671676358,15.6871887281156,16.30845517826032,2,4,4,validated_position_specialists,4.0,full_trifecta_market_proxy,2.0,3,0
2026-10-06,いわき平,5,051320261006,1791275880,1791275580,3,7,13760,矢口啓一郎,両,87.22,,,,,0.2558432136558154,0.24753086287913734,0.18220767809797458,0.17186063433752824,position_specialists,0.24753086287913734,False,,,C,0.315,0.473,0.25,0.25,-0.13758388230286253,0.06405185683898955,0.08069371050625526,0.049322002520781054,0.005561483898659153,,0,,,0,,24.753086287913735,18.220767809797458,17.186063433752825,3,3,3,validated_position_specialists,3.0,full_trifecta_market_proxy,0.0,0,0
2026-10-06,いわき平,5,051320261006,1791275880,1791275580,4,1,14102,篠塚光一,追,83.26,,,,,0.18710002749926244,0.16187019856031734,0.2811486184106177,0.22469276571154143,position_specialists,0.16187019856031734,False,,,C,0.13,0.434,0.08,0.12,0.16991525395424098,0.18064150597634557,-0.053545010911259114,-0.1131504763712036,0.005200951224931701,,0,,,0,,16.187019856031736,28.11486184106177,22.469276571154143,4,1,2,validated_position_specialists,2.0,full_trifecta_market_proxy,-2.0,0,3
2026-10-06,いわき平,5,051320261006,1791275880,1791275580,5,6,15621,長谷川裕一,逃,77.16,,,,,0.027418615682615635,0.01714570908450583,0.06431354929316127,0.07821671890017773,position_specialists,0.01714570908450583,False,,,C,0.111,0.166,0.09,0.06,-0.33190145466805454,0.22024398972883183,0.010940990821931784,0.11024918210527529,0.011749187389436914,,0,,,0,,1.7145709084505831,6.431354929316127,7.821671890017773,5,5,6,validated_position_specialists,5.0,full_trifecta_market_proxy,0.0,0,0
2026-10-06,いわき平,5,051320261006,1791275880,1791275580,6,2,14823,渡辺聖,追,82.04,,,,,0.012380275037507524,0.006937918983021739,0.04390160985707045,0.08069199857420743,position_specialists,0.006937918983021739,False,,,C,0.19,0.285,0.06,0.2,-0.01159144129382805,-0.0807980837346643,-0.01832694026563742,-0.1131504763712036,0.0059252220497916525,,0,,,0,,0.6937918983021739,4.390160985707045,8.069199857420744,6,6,5,validated_position_specialists,6.0,full_trifecta_market_proxy,0.0,0,0
2026-10-06,いわき平,5,051320261006,1791275880,1791275580,7,5,12719,篠崎高志,追,78.33,,,,,0.007653728838364341,0.0032854639697784426,0.020804822067408732,0.04929908377890891,position_specialists,0.0032854639697784426,False,,,C,0.0,0.047,0.05,0.09,-0.04148394129861686,-0.13909290830334228,-0.15919922284812418,0.06963106238227912,0.010006596224391096,,0,,,0,,0.32854639697784427,2.0804822067408733,4.929908377890891,7,7,7,validated_position_specialists,7.0,full_trifecta_market_proxy,0.0,0,0
2026-10-06,松山,6,067520261006,1791276660,1791276360,1,7,15877,三澤優樹,逃,96.55,,,,,0.4269629277917478,0.6648462503483797,0.2671806775017751,0.24225123137229063,position_specialists,0.6648462503483797,False,,0.5193573361481543,S,0.6659999999999999,0.833,0.12,0.08,0.2914387804352889,0.3104503169086138,0.22051380893066075,0.18418988065853867,0.01171304907903532,,0,,,0,,66.48462503483798,26.71806775017751,24.225123137229062,1,2,2,validated_position_specialists,2.0,full_trifecta_market_proxy,1.0,0,0
2026-10-06,松山,6,067520261006,1791276660,1791276360,2,4,13990,荻原尚人,追,98.0,,,,,0.2206228394636171,0.1454889142002255,0.3646836383082514,0.2614185869181296,position_specialists,0.1454889142002255,False,,,S,0.225,0.354,0.14,0.04,0.08263488176527359,0.013933279394561286,0.0429098778748956,-0.05457477945438183,0.006959040408515896,,0,,,0,,14.54889142002255,36.46836383082514,26.141858691812956,2,1,1,validated_position_specialists,1.0,full_trifecta_market_proxy,-1.0,0,0
2026-10-06,松山,6,067520261006,1791276660,1791276360,3,5,15728,保田浩輔,逃,97.0,,,,,0.10638465094148945,0.06612213932581128,0.10233106282282932,0.11070827225279127,position_specialists,0.06612213932581128,False,,,S,0.237,0.3329999999999999,0.16,0.1,0.033499302207649836,0.09131417742660629,-0.0050959252853396905,-0.02592302024083137,0.006492783408478074,,0,,,0,,6.6122139325811276,10.233106282282932,11.070827225279126,3,3,5,validated_position_specialists,5.0,full_trifecta_market_proxy,2.0,3,0
2026-10-06,松山,6,067520261006,1791276660,1791276360,4,3,15818,佐藤大地,逃,95.81,,,,,0.10034713722008068,0.05956527951080783,0.09863747321671536,0.0989487833627462,position_specialists,0.05956527951080783,False,,,S,0.2269999999999999,0.363,0.33,0.0,-0.03893388149659191,0.0573853457933274,0.004798074510722769,0.1077851894224041,0.005616492280975296,,0,,,0,,5.956527951080783,9.863747321671536,9.89487833627462,4,4,6,validated_position_specialists,3.0,full_trifecta_market_proxy,-1.0,0,0
2026-10-06,松山,6,067520261006,1791276660,1791276360,5,1,14769,坂本修一,追,100.19,,,,,0.08997101356496166,0.04886858017140955,0.09342682497702594,0.12333760837811787,position_specialists,0.04886858017140955,False,,,S,0.09,0.4539999999999999,0.03,0.25,0.07927747267927045,-0.0408507554759406,-0.10427995588264372,-0.13097947069051638,0.007434506139008583,,0,,,0,,4.886858017140955,9.342682497702594,12.333760837811788,5,5,3,validated_position_specialists,4.0,full_trifecta_market_proxy,-1.0,0,0
2026-10-06,松山,6,067520261006,1791276660,1791276360,6,6,15543,福元啓太,逃,93.38,,,,,0.0359837447982716,0.009170404853862798,0.040783509048632496,0.04140944022973053,position_specialists,0.009170404853862798,False,,,S,0.073,0.148,0.0,0.12,-0.28899048564773294,-0.10696675881817826,-0.05456592426565196,-0.02592302024083137,0.005574786601574891,,0,,,0,,0.9170404853862798,4.07835090486325,4.140944022973053,6,6,7,validated_position_specialists,6.0,full_trifecta_market_proxy,0.0,0,0
2026-10-06,松山,6,067520261006,1791276660,1791276360,7,2,14372,内田玄希,追,96.11,,,,,0.019727686219831626,0.005938431589503318,0.03295681412477042,0.12192607748619398,position_specialists,0.005938431589503318,False,,,S,0.0579999999999999,0.205,0.06,0.25,-0.15892606994315767,-0.15304249406707934,-0.10427995588264372,-0.05457477945438183,0.00698385020991983,,0,,,0,,0.5938431589503318,3.295681412477042,12.192607748619398,7,7,4,validated_position_specialists,7.0,full_trifecta_market_proxy,0.0,0,0
2026-10-06,いわき平,6,061320261006,1791277440,1791277140,1,3,14057,松田優一,追,87.8,,,,,0.3617248725020897,0.42626979810445564,0.36552890702697816,0.2578314325417181,position_specialists,0.4262697981044556,False,,0.01014228252176913,C,0.428,0.5710000000000001,0.2,0.13,0.2234898950696452,0.23127873152984005,0.13557129138682011,0.1384665641151149,0.008548731472917693,,0,,,0,,42.62697981044556,36.55289070269782,25.78314325417181,1,1,1,validated_position_specialists,1.0,full_trifecta_market_proxy,0.0,0,0
2026-10-06,いわき平,6,061320261006,1791277440,1791277140,2,7,14859,小林申太,両,87.7,,,,,0.30077517229923467,0.4161275155826865,0.2926218738952539,0.2517863671393521,position_specialists,0.41612751558268646,False,,,C,0.5,0.6659999999999999,0.19,0.15,0.23169506245146473,0.16476404936063802,0.24739466980002134,0.1384665641151149,0.007719010355557344,,0,,,0,,41.61275155826865,29.262187389525398,25.178636713935212,2,2,2,validated_position_specialists,3.0,full_trifecta_market_proxy,1.0,0,0
2026-10-06,いわき平,6,061320261006,1791277440,1791277140,3,2,13902,岩崎将士,追,85.04,,,,,0.22832407687511916,0.12968352849812684,0.14717353957442997,0.1498909215137773,position_specialists,0.1296835284981268,False,,,C,0.125,0.4579999999999999,0.16,0.18,0.012355822519198145,0.2686285896671826,-0.05632913382343391,0.014575427801591054,0.008133543477069426,,0,,,0,,12.968352849812684,14.717353957443,14.989092151377733,3,3,3,validated_position_specialists,2.0,full_trifecta_market_proxy,-1.0,0,0
2026-10-06,いわき平,6,061320261006,1791277440,1791277140,4,6,14205,日当泰之,両,80.47,,,,,0.046477739641873385,0.012898147949779198,0.05824890824168631,0.07125991037837354,position_specialists,0.012898147949779197,False,,,C,0.142,0.142,0.11,0.2,-0.10585546495403665,-0.02198524132607513,-0.0443649913209881,-0.10202799461113728,0.007725886536087313,,0,,,0,,1.2898147949779197,5.824890824168632,7.1259910378373545,4,5,5,validated_position_specialists,5.0,full_trifecta_market_proxy,1.0,0,0
2026-10-06,いわき平,6,061320261006,1791277440,1791277140,5,1,14171,深見仁哉,追,81.22,,,,,0.026114636753416375,0.007039580725057468,0.039961653213717474,0.0590750485978153,position_specialists,0.007039580725057467,False,,,C,0.09,0.181,0.11,0.22,-0.05763396103896518,-0.17276759039006856,-0.08831253802514291,0.014575427801591054,0.00669184579248377,,0,,,0,,0.7039580725057468,3.9961653213717483,5.907504859781531,5,6,7,validated_position_specialists,4.0,full_trifecta_market_proxy,-1.0,0,0
2026-10-06,いわき平,6,061320261006,1791277440,1791277140,6,5,14732,和田禎嗣,追,81.29,,,,,0.02408458777948737,0.0049927178337119404,0.06504107485571012,0.14759469298774797,position_specialists,0.00499271783371194,False,,,C,0.111,0.2769999999999999,0.07,0.46,-0.28233114585068414,-0.12492783728953785,-0.07366335579042463,-0.10202799461113728,0.0061329136576072155,,0,,,0,,0.49927178337119404,6.504107485571014,14.759469298774798,6,4,4,validated_position_specialists,7.0,full_trifecta_market_proxy,1.0,0,0
2026-10-06,いわき平,6,061320261006,1791277440,1791277140,7,4,14240,須藤誠,追,80.5,,,,,0.012498914148779267,0.0029887113061825075,0.031424043192224076,0.06256162684121558,position_specialists,0.002988711306182507,False,,,C,0.0409999999999999,0.166,0.04,0.32,-0.02172020819662282,-0.12492783728953785,-0.1202959422268519,-0.10202799461113728,0.008963264594429773,,0,,,0,,0.29887113061825077,3.1424043192224085,6.256162684121558,7,7,6,validated_position_specialists,6.0,full_trifecta_market_proxy,-1.0,0,0
2026-10-06,松山,7,077520261006,1791278220,1791277920,1,4,15322,磯島成介,逃,104.65,,,,,0.4961809552946671,0.6248429302601993,0.32199683545432356,0.26007121789981885,position_specialists,0.6248429302601993,False,,0.4212004245066058,S,0.5,0.5760000000000001,0.21,0.08,0.271645335791059,0.09154460667728258,0.23477232066929243,-0.08567816659182137,0.0058682361843836635,,0,,,0,,62.484293026019934,32.199683545432364,26.007121789981884,1,1,1,validated_position_specialists,1.0,full_trifecta_market_proxy,0.0,0,0
2026-10-06,松山,7,077520261006,1791278220,1791277920,2,2,14337,佐々木翔一,追,97.68,,,,,0.2318432492939761,0.20364250575359355,0.23543816119698197,0.1986791712318241,position_specialists,0.20364250575359355,False,,,S,0.16,0.4,0.02,0.12,0.2003576409088857,0.2449568278703131,-0.0041821162574683796,0.041540929256640664,0.004979912015292142,,0,,,0,,20.364250575359357,23.5438161196982,19.86791712318241,2,2,2,validated_position_specialists,2.0,full_trifecta_market_proxy,0.0,0,0
2026-10-06,松山,7,077520261006,1791278220,1791277920,3,7,12889,丸山啓一,追,97.04,,,,,0.14058841128783367,0.12501049003022258,0.20932407580293633,0.16819256572256228,position_specialists,0.12501049003022258,False,,,S,0.172,0.304,0.24,0.07,0.006742940268067023,0.29774306191656297,0.0029976331720208797,0.2141954164795534,0.004990304880473535,,0,,,0,,12.501049003022258,20.932407580293635,16.81925657225623,3,3,3,validated_position_specialists,3.0,full_trifecta_market_proxy,0.0,0,0
2026-10-06,松山,7,077520261006,1791278220,1791277920,4,6,15539,上杉嘉槻,逃,95.58,,,,,0.07189832743871913,0.02583472185377153,0.0992804411466769,0.10033763319013655,position_specialists,0.02583472185377153,False,,,S,0.172,0.275,0.1,0.08,-0.3241530549694803,-0.014027861415217202,0.04635403779111723,-0.08567816659182137,0.0052171271689614145,,0,,,0,,2.583472185377153,9.928044114667692,10.033763319013655,4,4,6,validated_position_specialists,4.0,full_trifecta_market_proxy,0.0,0,0
2026-10-06,松山,7,077520261006,1791278220,1791277920,5,3,14371,岡光良,追,96.68,,,,,0.022073462854488857,0.007513104846385719,0.04000154810319319,0.10364565394548549,position_specialists,0.007513104846385719,False,,,S,0.05,0.2,0.15,0.1,-0.08536615559282078,-0.05878663473282327,-0.11878019908713566,-0.08567816659182137,0.006933683330583205,,0,,,0,,0.7513104846385719,4.000154810319319,10.36456539454855,5,6,5,validated_position_specialists,7.0,full_trifecta_market_proxy,2.0,3,0
2026-10-06,松山,7,077520261006,1791278220,1791277920,6,1,14515,城幸弘,追,95.91,,,,,0.022334934915278385,0.006985255845838242,0.03684992378646149,0.05375353928870556,position_specialists,0.006985255845838242,False,,,S,0.043,0.26,0.0,0.07,-0.0962180306794796,-0.19460344457710382,-0.11878019908713566,0.014279694431970223,0.005477393067520588,,0,,,0,,0.6985255845838242,3.68499237864615,5.375353928870556,6,7,7,validated_position_specialists,6.0,full_trifecta_market_proxy,0.0,0,0
2026-10-06,松山,7,077520261006,1791278220,1791277920,7,5,14881,山崎泰己,追,96.03,,,,,0.015080658915036852,0.006170991409989025,0.05710901450942655,0.11532021872146717,position_specialists,0.006170991409989025,False,,,S,0.102,0.241,0.03,0.16,0.026991324273768623,-0.14676369147657312,-0.04238147720069081,-0.012981540392700212,0.005446214471976405,,0,,,0,,0.6170991409989025,5.710901450942655,11.532021872146716,7,5,4,validated_position_specialists,5.0,full_trifecta_market_proxy,-2.0,0,3
2026-10-06,いわき平,7,071320261006,1791279000,1791278700,1,4,15042,高橋泰裕,追,93.0,,,,,0.4795854168972068,0.6059723561723749,0.3241935054316088,0.2626861591490862,position_specialists,0.6059723561723749,False,,0.3598516825263094,A,0.562,0.562,0.29,0.1,0.18269939345707523,0.15111075845227545,0.14059461188900338,0.1969463855669324,0.00719251065424483,,0,,,0,,60.59723561723749,32.41935054316089,26.268615914908626,1,1,1,validated_position_specialists,2.0,full_trifecta_market_proxy,1.0,0,0
2026-10-06,いわき平,7,071320261006,1791279000,1791278700,2,3,15535,佐藤竜太,逃,90.66,,,,,0.2671827823706881,0.2461206736460655,0.30030828711650626,0.25404776164478526,position_specialists,0.2461206736460655,False,,,A,0.475,0.476,0.03,0.06,0.12893042845201702,0.03683845042301947,0.1523591171399368,-0.061545745489666376,0.009073798773605361,,0,,,0,,24.61206736460655,30.030828711650628,25.40477616447853,2,2,2,validated_position_specialists,1.0,full_trifecta_market_proxy,-1.0,0,0
2026-10-06,いわき平,7,071320261006,1791279000,1791278700,3,1,15165,寺沼将彦,追,90.11,,,,,0.10717041247115733,0.07250409801568622,0.14319845688305743,0.18154774784317684,position_specialists,0.07250409801568622,False,,,A,0.3879999999999999,0.555,0.07,0.23,0.10382448899079198,-0.03908446949552366,0.05993137753127893,-0.061545745489666376,0.006793200471342173,,0,,,0,,7.250409801568622,14.319845688305746,18.154774784317688,3,3,3,validated_position_specialists,3.0,full_trifecta_market_proxy,0.0,0,0
2026-10-06,いわき平,7,071320261006,1791279000,1791278700,4,5,13233,小松剛之,両,83.42,,,,,0.061695438872377266,0.04261704226663765,0.05276110821312421,0.067525469222034,position_specialists,0.04261704226663765,False,,,A,0.19,0.476,0.14,0.04,0.13004734485189706,0.3405301300971919,-0.048699833007709026,-0.061545745489666376,0.00658031516609619,,0,,,0,,4.261704226663765,5.276110821312422,6.752546922203401,4,6,6,validated_position_specialists,5.0,full_trifecta_market_proxy,1.0,0,0
2026-10-06,いわき平,7,071320261006,1791279000,1791278700,5,7,13582,肥後尚己,追,88.95,,,,,0.04523694900453978,0.017170477251422015,0.0834421403107252,0.10325229981131623,position_specialists,0.017170477251422015,False,,,A,0.19,0.38,0.09,0.18,-0.12547971535987346,-0.16292472814488576,-0.06106347400530776,-0.061545745489666376,0.00528888556395962,,0,,,0,,1.7170477251422016,8.344214031072521,10.325229981131624,5,4,4,validated_position_specialists,4.0,full_trifecta_market_proxy,-1.0,0,0
2026-10-06,いわき平,7,071320261006,1791279000,1791278700,6,2,14281,寺林正秋,追,86.54,,,,,0.030864948007564796,0.013669771164845596,0.05410178870192816,0.08550314090504732,position_specialists,0.013669771164845596,False,,,A,0.125,0.4579999999999999,0.17,0.13,-0.15048248637961448,-0.010225446374628723,-0.10139509118417,0.11078234188139945,0.00914907045624128,,0,,,0,,1.3669771164845597,5.410178870192817,8.550314090504735,6,5,5,validated_position_specialists,7.0,full_trifecta_market_proxy,1.0,0,0
2026-10-06,いわき平,7,071320261006,1791279000,1791278700,7,6,14703,一ノ瀬貴将,両,78.58,,,,,0.00826405237646594,0.0019455814829682338,0.04199471334304992,0.045437421424554064,position_specialists,0.0019455814829682338,False,,,A,0.083,0.125,0.21,0.06,-0.2695394540122927,-0.029206176354264528,-0.14172670836303222,-0.061545745489666376,0.00658031516609619,,0,,,0,,0.19455814829682339,4.1994713343049925,4.543742142455407,7,7,7,validated_position_specialists,6.0,full_trifecta_market_proxy,-1.0,0,0
2026-10-06,松山,8,087520261006,1791279780,1791279480,1,5,14685,掛水泰範,追,103.88,,,,,0.32640238601071075,0.4499837005345437,0.31686495874041226,0.2657341450497653,position_specialists,0.4499837005345437,False,,0.09073714607597383,B,0.2689999999999999,0.5,0.25,0.14,0.20327419836754362,0.14235628165679798,0.10558932788429012,0.009701881571329165,0.008088853106182306,,0,,,0,,44.998370053454366,31.686495874041228,26.57341450497653,1,1,1,validated_position_specialists,2.0,full_trifecta_market_proxy,1.0,0,0
2026-10-06,松山,8,087520261006,1791279780,1791279480,2,7,13815,井上昌己,追,104.69,,,,,0.4021793909403639,0.35924655445856984,0.28766616901578484,0.23982507528999822,position_specialists,0.35924655445856984,False,,,B,0.192,0.2689999999999999,0.11,0.11,-0.09416449372174145,0.2498503202601811,0.021023664927323063,-0.1397070946271399,0.004714695913135267,,0,,,0,,35.924655445856985,28.766616901578484,23.98250752899982,2,2,2,validated_position_specialists,1.0,full_trifecta_market_proxy,-1.0,0,0
2026-10-06,松山,8,087520261006,1791279780,1791279480,3,4,15745,小柳智徳,逃,96.44,,,,,0.11059515888171373,0.107556228622985,0.09553165150202905,0.08317830353470439,position_specialists,0.107556228622985,False,,,B,0.222,0.407,0.04,0.13,-0.04653552650095742,0.2020105671596504,0.08660883095502059,0.15911085776979828,0.008502375283810957,,0,,,0,,10.7556228622985,9.553165150202906,8.31783035347044,3,3,6,validated_position_specialists,4.0,full_trifecta_market_proxy,1.0,0,0
2026-10-06,松山,8,087520261006,1791279780,1791279480,4,3,15249,磯川勝裕,逃,98.85,,,,,0.04915557083378166,0.027234076920021225,0.09077283620030781,0.09367151627920581,position_specialists,0.027234076920021225,False,,,B,0.071,0.5,0.0,0.2,-0.037544506886906685,0.021752533606575718,-0.1361223279303687,0.036867149971050825,0.004385945264274897,,0,,,0,,2.7234076920021226,9.07728362003078,9.367151627920581,4,4,5,validated_position_specialists,3.0,full_trifecta_market_proxy,-1.0,0,0
2026-10-06,松山,8,087520261006,1791279780,1791279480,5,2,15128,嶋田誠也,追,99.73,,,,,0.040329990393764635,0.019977227629345222,0.08222627357511403,0.14553096452323533,position_specialists,0.019977227629345222,False,,,B,0.05,0.35,0.07,0.07,0.16463625076081032,-0.130039499270605,-0.14810766098661104,-0.1397070946271399,0.004664772583711822,,0,,,0,,1.9977227629345222,8.222627357511403,14.553096452323533,5,6,3,validated_position_specialists,5.0,full_trifecta_market_proxy,0.0,0,0
2026-10-06,松山,8,087520261006,1791279780,1791279480,6,1,14109,吉松直人,追,96.75,,,,,0.027603172278626215,0.01973284726940603,0.0868213875128086,0.11769542151049942,position_specialists,0.01973284726940603,False,,,B,0.178,0.357,0.06,0.26,0.1466542115327088,-0.08397062558344082,0.021023664927323063,0.06403241837077246,0.00927385878261968,,0,,,0,,1.973284726940603,8.68213875128086,11.769542151049942,6,5,4,validated_position_specialists,6.0,full_trifecta_market_proxy,0.0,0,0
2026-10-06,松山,8,087520261006,1791279780,1791279480,7,6,15648,森本桂太郎,逃,94.13,,,,,0.043734330661039156,0.016269364565129053,0.040116723453543404,0.054364573812591604,position_specialists,0.016269364565129053,False,,,B,0.086,0.13,0.11,0.11,-0.33632013355145685,-0.18189671356671774,0.04998450022302289,0.009701881571329165,0.0070366631122616135,,0,,,0,,1.6269364565129052,4.011672345354341,5.43645738125916,7,7,7,validated_position_specialists,7.0,full_trifecta_market_proxy,0.0,0,0
2026-10-06,いわき平,8,081320261006,1791280560,1791280260,1,2,14748,山口智弘,追,90.0,,,,,0.16443073891097332,0.3790545325451684,0.2559509564060059,0.2157186409876372,position_specialists,0.3790545325451684,False,,0.06538542101514672,C,0.564,0.652,0.17,0.14,0.3104523304442824,0.2985745229931159,0.12575867358186033,0.18265558315779518,0.006508577775162778,,0,,,0,,37.90545325451684,25.595095640600594,21.571864098763722,1,2,2,validated_position_specialists,1.0,full_trifecta_market_proxy,0.0,0,0
2026-10-06,いわき平,8,081320261006,1791280560,1791280260,2,7,14466,二藤元太,追,92.66,,,,,0.48633836038235423,0.3136691115300217,0.3199737425443391,0.2648460154260264,position_specialists,0.3136691115300217,False,,,C,0.2,0.466,0.3,0.17,-0.18623002554917853,0.061124791208608385,-0.11269984311104597,-0.13222083258437414,0.009398678412886156,,0,,,0,,31.36691115300217,31.99737425443391,26.484601542602643,2,1,1,validated_position_specialists,2.0,full_trifecta_market_proxy,0.0,0,0
2026-10-06,いわき平,8,081320261006,1791280560,1791280260,3,1,14206,金野俊秋,両,87.87,,,,,0.14811434932925477,0.1787600740815699,0.1294861144052903,0.14490069274698433,position_specialists,0.1787600740815699,False,,,C,0.5,0.583,0.19,0.22,0.070210064900007,0.20756209138631113,0.09754081091685778,0.02044652050273825,0.008940242698966372,,0,,,0,,17.87600740815699,12.94861144052903,14.490069274698433,3,4,3,validated_position_specialists,3.0,full_trifecta_market_proxy,0.0,0,0
2026-10-06,いわき平,8,081320261006,1791280560,1791280260,4,5,14473,重倉高史,両,88.29,,,,,0.08923280693070244,0.06414932232459208,0.14871485031375156,0.13026874051847687,position_specialists,0.06414932232459208,False,,,C,0.3329999999999999,0.583,0.16,0.26,-0.07613247906885791,-0.09464665815760759,0.012887222921850072,0.02044652050273825,0.006439051975217679,,0,,,0,,6.414932232459209,14.871485031375158,13.026874051847686,4,3,4,validated_position_specialists,5.0,full_trifecta_market_proxy,1.0,0,0
2026-10-06,いわき平,8,081320261006,1791280560,1791280260,5,3,13915,坂口卓士,追,87.16,,,,,0.052968792617997855,0.030264484654865503,0.0564659071533304,0.0799696895777716,position_specialists,0.030264484654865503,False,,,C,0.2769999999999999,0.5,0.25,0.14,-0.03275090604753972,0.017952112702334277,-0.06500813977246471,-0.13222083258437414,0.006811362666928096,,0,,,0,,3.0264484654865504,5.646590715333041,7.9969689577771605,5,6,6,validated_position_specialists,6.0,full_trifecta_market_proxy,1.0,0,0
2026-10-06,いわき平,8,081320261006,1791280560,1791280260,6,4,14933,奥原亨,追,88.08,,,,,0.03219398959076017,0.01823819097399278,0.057072044313066755,0.11245587311603267,position_specialists,0.01823819097399278,False,,,C,0.29,0.5,0.0,0.12,-0.11045280271804014,-0.19055996579026194,-0.017316436433883448,0.02044652050273825,0.0075464241703454595,,0,,,0,,1.823819097399278,5.7072044313066765,11.245587311603266,6,5,5,validated_position_specialists,7.0,full_trifecta_market_proxy,1.0,0,0
2026-10-06,いわき平,8,081320261006,1791280560,1791280260,7,6,14651,須永勝太,両,83.12,,,,,0.026720962237957245,0.0158642838897895,0.03233638486421602,0.05184034762707093,position_specialists,0.0158642838897895,False,,,C,0.25,0.375,0.14,0.21,0.024903818039326592,0.03487137736121474,-0.04116228810317408,0.02044652050273825,0.006377869308985311,,0,,,0,,1.5864283889789499,3.2336384864216026,5.1840347627070935,7,7,7,validated_position_specialists,4.0,full_trifecta_market_proxy,-3.0,0,5
2026-10-06,松山,9,097520261006,1791281340,1791281040,1,3,14786,本郷雄三,両,99.96,,,,,0.3190037522609791,0.394989116168091,0.2207942468897826,0.21106065957740267,position_specialists,0.35128099147325553,True,second_wheel+pace_conflict_consensus,0.08031897104042823,B,0.321,0.428,0.11,0.05,0.13771024841414864,0.03990753304027624,0.17849996775444862,-0.09176629354822469,0.005555324299887961,,0,,,0,,39.4989116168091,22.07942468897826,21.106065957740267,1,2,1,validated_position_specialists,3.0,full_trifecta_market_proxy,2.0,3,0
2026-10-06,松山,9,097520261006,1791281340,1791281040,2,2,15891,野中龍之介,逃,103.75,,,,,0.30504288719427114,0.3146701451276628,0.2314176735098165,0.1811823223645216,position_specialists,0.3690677375864027,True,second_wheel+pace_conflict_consensus,,B,0.36,0.4,0.21,0.06,-0.2570152771834642,0.3565002848338655,0.045503479288184726,-0.09176629354822469,0.014029359042598059,,0,,,0,,31.467014512766276,23.141767350981652,18.118232236452158,2,1,2,validated_position_specialists,1.0,full_trifecta_market_proxy,-1.0,0,0
2026-10-06,松山,9,097520261006,1791281340,1791281040,3,7,13252,中村浩士,追,99.55,,,,,0.08185550313214507,0.08755451351528531,0.12064346175569614,0.11760130892481842,position_specialists,0.07998516410334111,True,second_wheel+pace_conflict_consensus,,B,0.185,0.407,0.13,0.13,0.20318389197430076,0.09389753376533107,0.004985464422749067,-0.011470786693528093,0.007345753422895635,,0,,,0,,8.755451351528531,12.064346175569614,11.760130892481842,3,5,6,validated_position_specialists,2.0,full_trifecta_market_proxy,-1.0,0,0
2026-10-06,松山,9,097520261006,1791281340,1791281040,4,1,15106,大石崇晴,両,101.9,,,,,0.10714095724737908,0.07598459396585217,0.13585688360890388,0.12301011745319063,position_specialists,0.07438830084354621,True,second_wheel+pace_conflict_consensus,,B,0.2269999999999999,0.318,0.13,0.03,-0.22850665274418475,-0.04842472060404559,0.013903486014296362,-0.011470786693528093,0.007192566572569942,,0,,,0,,7.598459396585216,13.585688360890389,12.301011745319062,4,4,5,validated_position_specialists,4.0,full_trifecta_market_proxy,0.0,0,0
2026-10-06,松山,9,097520261006,1791281340,1791281040,5,5,15389,宮崎大空,両,100.05,,,,,0.08594497768885367,0.04890049688434793,0.1431812739255431,0.16114080395113067,position_specialists,0.05017277253777647,True,second_wheel+pace_conflict_consensus,,B,0.095,0.238,0.18,0.18,-0.08103398271411746,-0.12940972169162782,-0.13285695254276128,0.1491202270158651,0.007020663928149864,,0,,,0,,4.890049688434793,14.318127392554311,16.114080395113067,5,3,3,validated_position_specialists,5.0,full_trifecta_market_proxy,0.0,0,0
2026-10-06,松山,9,097520261006,1791281340,1791281040,6,6,15104,中川勝貴,追,98.7,,,,,0.05938409591722813,0.04728954926515376,0.06826313547814751,0.08059714153177577,position_specialists,0.044773023589144784,True,second_wheel+pace_conflict_consensus,,B,0.272,0.4539999999999999,0.21,0.17,0.08568045314904477,0.01291253267774885,-0.08690948022092451,0.1491202270158651,0.00775967919033,,0,,,0,,4.728954926515376,6.826313547814751,8.059714153177577,6,7,7,validated_position_specialists,6.0,full_trifecta_market_proxy,0.0,0,0
2026-10-06,松山,9,097520261006,1791281340,1791281040,7,4,14888,佐藤健太,追,99.26,,,,,0.041627826559143835,0.030611585073607058,0.07984332483211025,0.12540764619716027,position_specialists,0.03033200986653323,True,second_wheel+pace_conflict_consensus,,B,0.217,0.434,0.17,0.11,0.13998131910427192,0.009494829682166799,-0.023125964715993114,-0.09176629354822469,0.007493556475331663,,0,,,0,,3.0611585073607057,7.984332483211025,12.540764619716027,7,6,4,validated_position_specialists,7.0,full_trifecta_market_proxy,0.0,0,0
2026-10-06,いわき平,9,091320261006,1791282120,1791281820,1,1,15874,角田吏,逃,78.33,,,,,0.42872809730420214,0.4372453303270585,0.31429702417945893,0.267048869592903,position_specialists,0.4372453303270585,False,,0.0,C,0.6659999999999999,0.777,0.5,0.0,0.17956355815249475,0.19567698199747163,0.042949688722124665,0.13113061377467347,0.008958518509408642,,0,,,0,,43.72453303270585,31.429702417945894,26.704886959290302,1,2,1,validated_position_specialists,1.0,full_trifecta_market_proxy,0.0,0,0
2026-10-06,いわき平,9,091320261006,1791282120,1791281820,2,7,15968,渡邉拓,逃,79.65,,,,,0.37005958600890676,0.4372453303270585,0.31784932886690315,0.2553712043847713,position_specialists,0.4372453303270585,False,,,C,0.782,0.826,0.09,0.04,0.29162810294574193,0.3051831985679517,0.25217112294975225,0.07653348090194695,0.009429554410133597,,0,,,0,,43.72453303270585,31.784932886690314,25.537120438477128,2,1,2,validated_position_specialists,2.0,full_trifecta_market_proxy,0.0,0,0
2026-10-06,いわき平,9,091320261006,1791282120,1791281820,3,3,15985,山本真,逃,76.0,,,,,0.1158546632143936,0.0831816356525982,0.1175898442477108,0.13866762524669335,position_specialists,0.0831816356525982,False,,,C,0.428,0.619,0.0,0.33,-0.01823464696568635,0.0012668090293979344,0.025286413553010645,0.13113061377467347,0.005574773210516499,,0,,,0,,8.31816356525982,11.758984424771079,13.866762524669335,3,4,4,validated_position_specialists,3.0,full_trifecta_market_proxy,0.0,0,0
2026-10-06,いわき平,9,091320261006,1791282120,1791281820,4,4,15958,庄子琢心,逃,75.55,,,,,0.06128892115844095,0.03393195836009809,0.1499979726804546,0.16784782767186532,position_specialists,0.03393195836009809,False,,,C,0.3329999999999999,0.555,0.2,0.2,0.0874054625133983,-0.009508740774069916,-0.049305152585344895,-0.09408255932532333,0.004550523513305689,,0,,,0,,3.393195836009809,14.999797268045459,16.78478276718653,4,3,3,validated_position_specialists,5.0,full_trifecta_market_proxy,1.0,0,0
2026-10-06,いわき平,9,091320261006,1791282120,1791281820,5,2,14158,本間慎吾,追,73.83,,,,,0.010410013560780012,0.004672875544062658,0.05434192977495356,0.07558025530911415,position_specialists,0.004672875544062658,False,,,C,0.444,0.611,0.21,0.27,-0.13029919175893356,-0.024607375541943526,0.02483010225272056,-0.09408255932532333,0.008122987480193689,,0,,,0,,0.4672875544062658,5.434192977495355,7.558025530911415,5,5,6,validated_position_specialists,6.0,full_trifecta_market_proxy,1.0,0,0
2026-10-06,いわき平,9,091320261006,1791282120,1791281820,6,5,14802,渡邉正人,逃,69.23,,,,,0.012053607492022672,0.003384006172137165,0.03194680868044544,0.07787789810016786,position_specialists,0.003384006172137165,False,,,C,0.1169999999999999,0.294,0.0,0.0,-0.09691072876479459,-0.12397400450818329,-0.15656956938054356,-0.05654703047532388,0.006925449139642855,,0,,,0,,0.3384006172137165,3.194680868044544,7.787789810016786,6,6,5,validated_position_specialists,4.0,full_trifecta_market_proxy,-2.0,0,3
2026-10-06,いわき平,9,091320261006,1791282120,1791281820,7,6,12559,相良勝美,追,68.0,,,,,0.0016051112612538972,0.00033886361698690906,0.013977091570073603,0.017606319694484996,position_specialists,0.00033886361698690906,False,,,C,0.105,0.157,0.14,0.11,-0.3131525561222202,-0.12397400450818329,-0.13936260551171964,-0.09408255932532333,0.008998363548712036,,0,,,0,,0.03388636169869091,1.3977091570073603,1.7606319694484995,7,7,7,validated_position_specialists,7.0,full_trifecta_market_proxy,0.0,0,0
2026-10-06,松山,10,107520261006,1791282900,1791282600,1,5,15466,久田裕也,逃,104.84,,,,,0.31164809532171966,0.4742020105913897,0.20965423838108205,0.1395076476415941,position_specialists,0.47420201059138967,False,,0.24579913144757548,A,0.5379999999999999,0.653,0.23,0.07,0.1265409822638808,-0.03579512444717524,0.17809162708579582,0.1986635381114617,0.0005117933954512054,,0,,,0,,47.420201059138975,20.965423838108208,13.950764764159409,1,1,4,validated_position_specialists,1.0,full_trifecta_market_proxy,0.0,0,0
2026-10-06,松山,10,107520261006,1791282900,1791282600,2,1,15038,山岸佳太,両,106.23,,,,,0.3428951495315386,0.2284028791438142,0.19386449600796685,0.15114454712468658,position_specialists,0.22840287914381419,False,,,A,0.237,0.285,0.16,0.11,-0.3224194890559141,0.16773181284385735,-0.03324712188977447,-0.0777899396219579,0.0014671410669601223,,0,,,0,,22.84028791438142,19.386449600796688,15.114454712468659,2,3,3,validated_position_specialists,2.0,full_trifecta_market_proxy,0.0,0,0
2026-10-06,松山,10,107520261006,1791282900,1791282600,3,7,15793,川上隆義,逃,100.55,,,,,0.17420038237434413,0.16905479110825467,0.19748110029152152,0.16597719771985897,position_specialists,0.16905479110825464,False,,,A,0.35,0.45,0.08,0.08,-0.12827442037708406,0.2911479623528787,0.019584235525472032,0.05624811018818493,0.004264944962093378,,0,,,0,,16.905479110825468,19.748110029152155,16.597719771985897,3,2,2,validated_position_specialists,4.0,full_trifecta_market_proxy,1.0,0,0
2026-10-06,松山,10,107520261006,1791282900,1791282600,4,2,14683,藤岡隆治,追,96.62,,,,,0.08131044682124863,0.06407472149401093,0.18316127832149198,0.25907690607573086,position_specialists,0.06407472149401092,False,,,A,0.185,0.259,0.07,0.04,0.32068605094271085,0.04318206549145587,-0.04241664075736549,-0.0777899396219579,0.0002047173581804819,,0,,,0,,6.407472149401093,18.316127832149203,25.907690607573088,4,4,1,validated_position_specialists,3.0,full_trifecta_market_proxy,-1.0,0,0
2026-10-06,松山,10,107520261006,1791282900,1791282600,5,3,13808,坂本健太郎,追,102.54,,,,,0.05407922801550549,0.04347356151759355,0.1176838457869138,0.1257199760711285,position_specialists,0.043473561517593545,False,,,A,0.289,0.354,0.17,0.11,0.005200314339611871,0.012044628653355477,0.06063382257643538,-0.0777899396219579,0.0002729564775739767,,0,,,0,,4.347356151759355,11.76838457869138,12.57199760711285,5,5,5,validated_position_specialists,6.0,full_trifecta_market_proxy,1.0,0,0
2026-10-06,松山,10,107520261006,1791282900,1791282600,6,4,14692,森山智徳,両,96.4,,,,,0.029503639791871837,0.01839196219828508,0.06618685053922506,0.08312530197840848,position_specialists,0.018391962198285077,False,,,A,0.185,0.3329999999999999,0.11,0.15,-0.00693375245281521,0.07318590448617607,-0.011416202615946724,-0.0777899396219579,0.0004435542760577106,,0,,,0,,1.8391962198285081,6.618685053922507,8.312530197840848,6,6,6,validated_position_specialists,5.0,full_trifecta_market_proxy,-1.0,0,0
2026-10-06,松山,10,107520261006,1791282900,1791282600,7,6,15127,野村典嗣,追,93.96,,,,,0.006363058143771639,0.0024000739466518875,0.03196819067179872,0.07544842338859248,position_specialists,0.002400073946651887,False,,,A,0.0,0.071,0.04,0.04,0.005200314339611871,-0.21661897767683344,-0.17122971992461658,0.05624811018818493,0.0026613256563462677,,0,,,0,,0.24000739466518875,3.1968190671798724,7.544842338859247,7,7,7,validated_position_specialists,7.0,full_trifecta_market_proxy,0.0,0,0
2026-10-06,いわき平,10,101320261006,1791283680,1791283380,1,1,14974,山原さくら,両,58.57,,,,,0.8327947187153856,0.9130965644774389,0.5309769940286051,0.5170558918788415,position_specialists,0.9130965644774389,False,,0.8656048052114248,S,0.904,0.952,0.0,0.0,0.3129462263448419,-0.028703851860318427,0.1509382021057083,0.19488759008091017,0.0038935201532098534,,0,,,0,,91.30965644774389,53.09769940286051,51.70558918788416,1,1,1,validated_position_specialists,1.0,full_trifecta_market_proxy,0.0,0,0
2026-10-06,いわき平,10,101320261006,1791283680,1791283380,2,4,14963,石井寛子,両,56.29,,,,,0.06832979777227483,0.047491759266014136,0.14718538861478875,0.13698788856782013,position_specialists,0.047491759266014136,False,,,S,0.708,0.7909999999999999,0.0,0.0,0.19242209615617017,-0.028703851860318427,0.10258511700266691,0.05884417539839115,0.0013528332735729147,,0,,,0,,4.7491759266014135,14.718538861478875,13.698788856782015,2,2,2,validated_position_specialists,2.0,full_trifecta_market_proxy,0.0,0,0
2026-10-06,いわき平,10,101320261006,1791283680,1791283380,3,3,16035,伊藤梨里花,両,53.4,,,,,0.05509462747254823,0.02352649267654356,0.07456606018656209,0.07298423004859612,position_specialists,0.02352649267654356,False,,,S,0.545,0.636,0.0,0.0,-0.02708515329979004,-0.028703851860318427,0.0476764711758674,-0.0053985482016872645,0.00014848170075800303,,0,,,0,,2.352649267654356,7.456606018656209,7.298423004859614,3,4,5,validated_position_specialists,4.0,full_trifecta_market_proxy,1.0,0,0
2026-10-06,いわき平,10,101320261006,1791283680,1791283380,4,2,15224,太田美穂,両,54.92,,,,,0.017957223298393082,0.009336783554401793,0.13263660189912885,0.10702101830100183,position_specialists,0.009336783554401793,False,,,S,0.518,0.629,0.0,0.0,0.0848929265010446,-0.028703851860318427,0.0417580409015367,-0.0053985482016872645,0.0005444329027793437,,0,,,0,,0.9336783554401793,13.263660189912885,10.702101830100185,4,3,3,validated_position_specialists,3.0,full_trifecta_market_proxy,-1.0,0,0
2026-10-06,いわき平,10,101320261006,1791283680,1791283380,5,6,15018,高橋梨香,両,53.59,,,,,0.011602076013570327,0.003932144731454997,0.05748583187457099,0.09257203997665568,position_specialists,0.003932144731454997,False,,,S,0.3329999999999999,0.703,0.0,0.0,-0.0787132255303936,-0.028703851860318427,-0.05431099885511875,-0.0053985482016872645,0.0016497966750889208,,0,,,0,,0.3932144731454997,5.7485831874571,9.25720399766557,5,5,4,validated_position_specialists,5.0,full_trifecta_market_proxy,0.0,0,0
2026-10-06,いわき平,10,101320261006,1791283680,1791283380,6,5,15776,高本美穂,追,48.87,,,,,0.008367379852736428,0.0015380864761968072,0.030969498166392828,0.03906326726280312,position_specialists,0.0015380864761968072,False,,,S,0.083,0.208,0.0,0.0,-0.2164173989706347,-0.028703851860318427,-0.15292856040948374,-0.10743110921357653,0.0019962539768575943,,0,,,0,,0.15380864761968072,3.096949816639283,3.9063267262803123,6,6,6,validated_position_specialists,6.0,full_trifecta_market_proxy,0.0,0,0
2026-10-06,いわき平,10,101320261006,1791283680,1791283380,7,7,15867,是永ゆうき,追,49.91,,,,,0.0058541768750914784,0.0010781688179497175,0.026179625229951375,0.03431566396428158,position_specialists,0.0010781688179497175,False,,,S,0.125,0.291,0.0,0.0,-0.26804547120123823,-0.028703851860318427,-0.13571827192117691,-0.13010501166066304,0.0019962539768575943,,0,,,0,,0.10781688179497176,2.6179625229951373,3.4315663964281584,7,7,7,validated_position_specialists,7.0,full_trifecta_market_proxy,0.0,0,0
2026-10-06,松山,11,117520261006,1791284520,1791284220,1,4,15781,齊藤英伊須,逃,95.52,,,,,0.44060743438061534,0.5708154070607878,0.15148721285472372,0.1419924812904484,position_specialists,0.5708154070607878,False,,0.42282959486824745,S,0.6659999999999999,0.7609999999999999,0.25,0.06,0.05977379456210312,0.2913042883052556,0.08617743715169367,0.16882787369607063,0.0022240371991975837,,0,,,0,,57.08154070607878,15.148721285472371,14.19924812904484,1,4,5,validated_position_specialists,1.0,full_trifecta_market_proxy,0.0,0,0
2026-10-06,松山,11,117520261006,1791284520,1791284220,2,1,15060,滝本泰行,両,92.66,,,,,0.15392913788535062,0.14798581219254037,0.1939079237516106,0.16936073568313859,position_specialists,0.14798581219254037,False,,,S,0.416,0.6659999999999999,0.27,0.18,0.14369322097378487,0.12747217445320058,0.06613661428356629,0.10682010527066199,3.801772990081386e-05,,0,,,0,,14.798581219254036,19.39079237516106,16.93607356831386,2,3,2,validated_position_specialists,3.0,full_trifecta_market_proxy,1.0,0,0
2026-10-06,松山,11,117520261006,1791284520,1791284220,3,5,15278,田中和磨,逃,93.47,,,,,0.14951418145884526,0.14071965087986568,0.20688231079290995,0.1436327966704755,position_specialists,0.14071965087986568,False,,,S,0.5,0.65,0.27,0.19,0.193649909967211,0.12419491965847745,0.07281688857294208,-0.006252884210965572,0.0031554715817675126,,0,,,0,,14.071965087986568,20.688231079290993,14.363279667047548,3,2,4,validated_position_specialists,4.0,full_trifecta_market_proxy,1.0,0,0
2026-10-06,松山,11,117520261006,1791284520,1791284220,4,2,15532,石田拓真,逃,93.38,,,,,0.20990702982739956,0.1227656450818976,0.20716312479353607,0.19295917905935409,position_specialists,0.1227656450818976,False,,,S,0.6659999999999999,0.777,0.16,0.0,-0.007667735579022214,-0.05575965440313015,-0.0014150931009844908,-0.0135479157904254,0.0019008864950406706,,0,,,0,,12.276564508189761,20.716312479353608,19.295917905935408,4,1,1,validated_position_specialists,2.0,full_trifecta_market_proxy,-2.0,0,3
2026-10-06,松山,11,117520261006,1791284520,1791284220,5,7,13910,高橋秀吉,追,85.13,,,,,0.019072312528106,0.009596893882531496,0.10571701827138151,0.11637272212385089,position_specialists,0.009596893882531496,False,,,S,0.375,0.416,0.21,0.1,0.004317964230763104,0.03834717784158552,0.029763547324619867,-0.0135479157904254,0.0011025141671235892,,0,,,0,,0.9596893882531496,10.57170182713815,11.637272212385088,5,5,6,validated_position_specialists,5.0,full_trifecta_market_proxy,0.0,0,0
2026-10-06,松山,11,117520261006,1791284520,1791284220,6,3,14657,野中祐志,追,92.05,,,,,0.020267302308363273,0.006836931453565114,0.08970405019387115,0.15559904488287932,position_specialists,0.006836931453565114,False,,,S,0.3329999999999999,0.3879999999999999,0.12,0.25,-0.10059108265543176,-0.18616989452582958,-0.07935565355221941,-0.1339159368515128,0.002832320877610599,,0,,,0,,0.6836931453565115,8.970405019387115,15.559904488287932,6,6,3,validated_position_specialists,6.0,full_trifecta_market_proxy,0.0,0,0
2026-10-06,松山,11,117520261006,1791284520,1791284220,7,6,13970,三好陽一,両,81.8,,,,,0.006702601611319998,0.0012796594488119152,0.04513835934196701,0.08008304028985323,position_specialists,0.0012796594488119152,False,,,S,0.16,0.24,0.0,0.25,-0.293176071499408,-0.11932614706711828,-0.17412374067961794,-0.10838332632340333,0.000494230488710574,,0,,,0,,0.1279659448811915,4.513835934196702,8.008304028985323,7,7,7,validated_position_specialists,7.0,full_trifecta_market_proxy,0.0,0,0
2026-10-06,いわき平,11,111320261006,1791285360,1791285060,1,4,15791,岡部陸斗,逃,94.57,,,,,0.2097017887875352,0.2753726231643911,0.19309349936523873,0.14656470565499938,position_specialists,0.2753726231643911,False,,0.006852315516117813,C,0.523,0.809,0.16,0.13,0.13240708490560946,0.20057148981099815,-0.018915650417777,0.13598445980683954,0.003204581717875722,,0,,,0,,27.537262316439108,19.309349936523873,14.656470565499937,1,2,3,validated_position_specialists,3.0,full_trifecta_market_proxy,2.0,3,0
2026-10-06,いわき平,11,111320261006,1791285360,1791285060,2,1,15415,坂本紘規,逃,95.61,,,,,0.2937643815257292,0.2685203076482733,0.14291427504513157,0.0858335311535126,position_specialists,0.2685203076482733,False,,,C,0.619,0.809,0.14,0.09,0.10998072307054767,-0.11556460335375586,0.12407791526014014,-0.12798537393584897,0.00015950406740557888,,0,,,0,,26.85203076482733,14.291427504513157,8.58335311535126,2,4,6,validated_position_specialists,1.0,full_trifecta_market_proxy,-1.0,0,0
2026-10-06,いわき平,11,111320261006,1791285360,1791285060,3,3,15911,松田安綱,逃,92.87,,,,,0.1335866390376393,0.2204446183016331,0.08795895576088157,0.10141112443935055,position_specialists,0.2204446183016331,False,,,C,0.708,0.833,0.09,0.13,0.19242430958264464,0.23569772238485973,0.19807340025696726,0.0,0.002697068776130698,,0,,,0,,22.044461830163307,8.795895576088157,10.141112443935056,3,5,5,validated_position_specialists,5.0,full_trifecta_market_proxy,2.0,3,0
2026-10-06,いわき平,11,111320261006,1791285360,1791285060,4,5,14716,猪狩祐樹,両,93.0,,,,,0.1941317972209969,0.14446505024656522,0.1719789261443886,0.15239000952126877,position_specialists,0.14446505024656522,False,,,C,0.5,0.611,0.05,0.17,-0.003419257092998798,0.08156163818568647,0.004303758794896414,-0.12798537393584897,0.0006525166393864593,,0,,,0,,14.446505024656522,17.19789261443886,15.239000952126878,4,3,2,validated_position_specialists,4.0,full_trifecta_market_proxy,0.0,0,0
2026-10-06,いわき平,11,111320261006,1791285360,1791285060,5,7,15344,荒木貴大,両,91.25,,,,,0.13346004970583086,0.07493047673845986,0.2686406224756098,0.33299825415630036,position_specialists,0.07493047673845986,False,,,C,0.235,0.352,0.3,0.1,-0.13963272390154116,0.09034319632915186,-0.13303225561035337,0.0,0.0014645373461784977,,0,,,0,,7.493047673845986,26.864062247560984,33.29982541563004,5,1,1,validated_position_specialists,2.0,full_trifecta_market_proxy,-3.0,0,5
2026-10-06,いわき平,11,111320261006,1791285360,1791285060,6,6,15265,井田晶之,両,81.34,,,,,0.018366727219088858,0.008613999541560726,0.07178900574713631,0.06466629847073858,position_specialists,0.008613999541560726,False,,,C,0.23,0.384,0.5,0.25,-0.1749408993077165,0.04643540561182494,-0.07659862855353233,0.13598445980683954,0.001769045111225512,,0,,,0,,0.8613999541560726,7.178900574713632,6.466629847073858,6,6,7,validated_position_specialists,7.0,full_trifecta_market_proxy,1.0,0,0
2026-10-06,いわき平,11,111320261006,1791285360,1791285060,7,2,14454,上原龍,追,91.95,,,,,0.016988616503179732,0.007652924359116728,0.06362471546161343,0.11613607660382975,position_specialists,0.007652924359116728,False,,,C,0.3,0.6,0.03,0.21,-0.11681923725654529,-0.2041665772650505,-0.09790853973034122,-0.015998171741981114,0.002175055464621531,,0,,,0,,0.7652924359116728,6.362471546161343,11.613607660382975,7,7,4,validated_position_specialists,6.0,full_trifecta_market_proxy,-1.0,0,0
2026-10-06,松山,12,127520261006,1791286200,1791285900,1,3,15086,酒井雄多,逃,108.33,,,,,0.5866164814114584,0.7241072786366775,0.2645485694697442,0.17072682302879938,position_specialists,0.7241072786366773,False,,0.611666607943714,S,0.368,0.578,0.0,0.0,0.25086622011713045,0.41706665142399446,-0.0036102744121862193,-0.11140015664513646,0.0012679829909832323,,0,,,0,,72.41072786366774,26.45485694697442,17.072682302879937,1,1,2,validated_position_specialists,1.0,full_trifecta_market_proxy,0.0,0,0
2026-10-06,松山,12,127520261006,1791286200,1791285900,2,4,15274,福永大智,逃,105.94,,,,,0.15588130235517467,0.11244067069296343,0.15300884653161342,0.13123482767910888,position_specialists,0.11244067069296342,False,,,S,0.529,0.647,0.0,0.4,0.1858183265180779,-0.09915689595614159,0.09264214236565177,-0.11140015664513646,0.0024796111823672134,,0,,,0,,11.244067069296342,15.300884653161342,13.123482767910888,2,2,5,validated_position_specialists,2.0,full_trifecta_market_proxy,0.0,0,0
2026-10-06,松山,12,127520261006,1791286200,1791285900,3,1,13656,渡部哲男,追,104.34,,,,,0.08665500513877002,0.07544619935046082,0.13028321959102487,0.1395551736953388,position_specialists,0.0754461993504608,False,,,S,0.434,0.478,0.17,0.13,0.06347904647548164,0.06259977331688414,0.07710374652386377,0.1385360922381825,0.002254191983970192,,0,,,0,,7.544619935046082,13.028321959102488,13.95551736953388,3,4,4,validated_position_specialists,3.0,full_trifecta_market_proxy,0.0,0,0
2026-10-06,松山,12,127520261006,1791286200,1791285900,4,5,15473,青柳靖起,逃,104.92,,,,,0.08055373895000413,0.057219255564902316,0.14901719152701967,0.19534952328673216,position_specialists,0.05721925556490231,False,,,S,0.392,0.5,0.14,0.12,-0.043001438006037285,-0.016063186575569207,0.05152962146584928,0.08854884246151873,0.0002817739979962731,,0,,,0,,5.721925556490231,14.901719152701967,19.534952328673217,4,3,1,validated_position_specialists,5.0,full_trifecta_market_proxy,1.0,0,0
2026-10-06,松山,12,127520261006,1791286200,1791285900,5,2,15703,牧田悠生,両,99.86,,,,,0.05228678425603184,0.01517402537515843,0.10610967901958346,0.11870167350551102,position_specialists,0.015174025375158428,False,,,S,0.217,0.347,0.04,0.19,-0.22585752720166394,-0.08374529256018028,-0.0748929744774317,-0.11140015664513646,0.0016906439879776458,,0,,,0,,1.5174025375158429,10.610967901958347,11.870167350551101,5,6,6,validated_position_specialists,4.0,full_trifecta_market_proxy,-1.0,0,0
2026-10-06,松山,12,127520261006,1791286200,1791285900,6,7,13850,山賀雅仁,両,103.0,,,,,0.025522157597687237,0.01108174531421903,0.1272809863722567,0.1529002946962536,position_specialists,0.011081745314219028,False,,,S,0.272,0.409,0.08,0.0,-0.1190312614700853,-0.11296355643945614,-0.0508298702829722,0.05355776761785407,0.0022823693837698213,,0,,,0,,1.108174531421903,12.72809863722567,15.29002946962536,6,5,3,validated_position_specialists,6.0,full_trifecta_market_proxy,0.0,0,0
2026-10-06,松山,12,127520261006,1791286200,1791285900,7,6,15782,佐々木亮太,逃,96.2,,,,,0.012484530290873748,0.004530825065618613,0.0697515074887577,0.09153168410825609,position_specialists,0.004530825065618612,False,,,S,0.125,0.208,0.11,0.12,-0.11227336643290385,0.004485617952379207,-0.09194239118277471,0.05355776761785407,0.0026486755811649756,,0,,,0,,0.4530825065618613,6.9751507488757705,9.153168410825609,7,7,7,validated_position_specialists,7.0,full_trifecta_market_proxy,0.0,0,0
2026-10-06,大垣,1,014420261006,1791286800,1791286500,1,2,15963,福地晶,逃,74.0,,,,,0.5213446011493306,0.5459576333145375,0.15541158516913292,0.10711034915803498,position_specialists,0.5459576333145374,False,,0.27166032827664005,A,0.3879999999999999,0.444,0.05,0.05,0.13668534833077686,0.17762247574674436,0.0655195502620918,-0.08475037488294755,0.00375448394094629,,0,,,0,,54.59576333145375,15.541158516913292,10.711034915803499,1,4,6,validated_position_specialists,1.0,full_trifecta_market_proxy,0.0,0,0
2026-10-06,大垣,1,014420261006,1791286800,1791286500,2,1,15087,本馬鎌,両,76.0,,,,,0.30787292554741796,0.2742973050378974,0.18340105814448918,0.10795818372184841,position_specialists,0.27429730503789734,False,,,A,0.3329999999999999,0.611,0.15,0.15,0.11746397122176133,0.08778274638623977,-0.0028535493538658363,-0.08475037488294755,0.0009177627411202043,,0,,,0,,27.42973050378974,18.34010581444892,10.795818372184842,2,2,5,validated_position_specialists,2.0,full_trifecta_market_proxy,0.0,0,0
2026-10-06,大垣,1,014420261006,1791286800,1791286500,3,3,14743,鈴木広人,両,71.29,,,,,0.07908367472268153,0.12496671174380745,0.26462281634680196,0.18976943305161895,position_specialists,0.12496671174380744,False,,,A,0.441,0.47,0.15,0.05,0.07902121700373038,0.2857992119661293,0.2651555006099591,0.06856210102890135,0.0017103760175421988,,0,,,0,,12.496671174380745,26.462281634680195,18.976943305161896,3,1,1,validated_position_specialists,3.0,full_trifecta_market_proxy,0.0,0,0
2026-10-06,大垣,1,014420261006,1791286800,1791286500,4,4,14033,藤縄洋介,両,71.08,,,,,0.04960914302320797,0.03832602801730706,0.1135790105514624,0.14601312898746735,position_specialists,0.03832602801730705,False,,,A,0.3329999999999999,0.416,0.0,0.0,0.13668534833077686,-0.16497844164317987,0.04582449743116827,0.13521969925144436,0.0002502989293964195,,0,,,0,,3.8326028017307054,11.35790105514624,14.601312898746736,4,5,4,validated_position_specialists,4.0,full_trifecta_market_proxy,0.0,0,0
2026-10-06,大垣,1,014420261006,1791286800,1791286500,5,5,13109,志村正洋,追,69.4,,,,,0.025739799269789695,0.011419481239262407,0.17937586075521678,0.15927588345886792,position_specialists,0.011419481239262405,False,,,A,0.095,0.238,0.18,0.06,-0.13241393119544018,0.06811424889180617,-0.10020964292393406,-0.08475037488294755,0.001647801285193094,,0,,,0,,1.1419481239262408,17.93758607552168,15.927588345886793,5,3,3,validated_position_specialists,6.0,full_trifecta_market_proxy,1.0,0,0
2026-10-06,大垣,1,014420261006,1791286800,1791286500,6,7,15824,中嶋響,逃,64.55,,,,,0.01194945262017686,0.003547292791696925,0.0591367653845406,0.10477804020639508,position_specialists,0.0035472927916969247,False,,,A,0.1,0.1,0.4,0.2,-0.28191353093222743,-0.16497844164317987,-0.1245486663164511,0.13521969925144436,0.0004797396146764705,,0,,,0,,0.3547292791696925,5.913676538454061,10.477804020639509,6,6,7,validated_position_specialists,5.0,full_trifecta_market_proxy,-1.0,0,0
2026-10-06,大垣,1,014420261006,1791286800,1791286500,7,6,13244,小林高志,追,67.29,,,,,0.0044004036673954425,0.0014855478554914071,0.04447290364835615,0.18509498141576738,position_specialists,0.001485547855491407,False,,,A,0.0,0.074,0.02,0.12,-0.055528422759378096,-0.11713868854264917,-0.14888768970896815,-0.08475037488294755,0.0026698552468951394,,0,,,0,,0.1485547855491407,4.447290364835615,18.50949814157674,7,7,2,validated_position_specialists,7.0,full_trifecta_market_proxy,0.0,0,0
2026-10-06,前橋,1,012220261006,1791287400,1791287100,1,1,15320,那須萌美,両,56.36,,,,,0.5131914421323409,0.517937366761952,0.29947503237380574,0.26374237701685516,position_specialists,0.5179373667619519,False,,0.1163949029366948,B,0.833,0.833,0.0,0.0,0.15689290811054726,-0.028703851860318427,0.15420374051481567,0.05834954379170748,0.003477374083735336,,0,,,0,,51.7937366761952,29.947503237380577,26.374237701685516,1,1,1,validated_position_specialists,2.0,full_trifecta_market_proxy,1.0,0,0
2026-10-06,前橋,1,012220261006,1791287400,1791287100,2,2,15939,半田水晶,逃,55.87,,,,,0.3377044427584099,0.40154246382525716,0.20714688349438803,0.20532265614558243,position_specialists,0.4015424638252571,False,,,B,0.583,0.7909999999999999,0.0,0.0,0.2369736632919724,-0.028703851860318427,0.08849622068803212,0.22172826640848844,0.002202336919699046,,0,,,0,,40.15424638252571,20.714688349438806,20.53226561455824,2,2,2,validated_position_specialists,1.0,full_trifecta_market_proxy,-1.0,0,0
2026-10-06,前橋,1,012220261006,1791287400,1791287100,3,3,15315,渡口まりあ,両,53.15,,,,,0.07253220212544574,0.05050162162009518,0.16675447616915617,0.16819533014105928,position_specialists,0.05050162162009517,False,,,B,0.3329999999999999,0.606,0.0,0.0,0.09969236869524359,-0.028703851860318427,0.07713449048167235,-0.04667963503336598,0.0019705119807833563,,0,,,0,,5.050162162009518,16.675447616915623,16.81953301410593,3,3,3,validated_position_specialists,3.0,full_trifecta_market_proxy,0.0,0,0
2026-10-06,前橋,1,012220261006,1791287400,1791287100,4,4,14962,石井貴子,逃,51.19,,,,,0.03822809694915972,0.016190780303983264,0.10670556922178188,0.12148249274213013,position_specialists,0.01619078030398326,False,,,B,0.142,0.38,0.0,0.0,-0.10622957319984964,-0.028703851860318427,-0.058687774855407805,-0.02333981751668299,0.0015068621029519786,,0,,,0,,1.6190780303983263,10.670556922178191,12.148249274213013,4,5,4,validated_position_specialists,4.0,full_trifecta_market_proxy,0.0,0,0
2026-10-06,前橋,1,012220261006,1791287400,1791287100,5,5,15857,伊藤優里,両,50.66,,,,,0.022764464138833183,0.00939464304630866,0.12327115082714411,0.11149648461694721,position_specialists,0.009394643046308658,False,,,B,0.266,0.4,0.0,0.0,-0.07190924955066746,-0.028703851860318427,-0.05842852628578939,-0.07001945255004897,0.0005795623472892224,,0,,,0,,0.9394643046308659,12.327115082714412,11.14964846169472,5,4,5,validated_position_specialists,5.0,full_trifecta_market_proxy,0.0,0,0
2026-10-06,前橋,1,012220261006,1791287400,1791287100,6,7,15581,刈込奈那,逃,45.33,,,,,0.010708874561338915,0.0028429165913971656,0.047961801378658506,0.06884767892503847,position_specialists,0.002842916591397165,False,,,B,0.0,0.0,0.0,0.0,-0.17487022049821402,-0.028703851860318427,-0.12659890752394787,-0.07001945255004897,0.0004636498778313781,,0,,,0,,0.28429165913971655,4.796180137865852,6.884767892503847,6,7,6,validated_position_specialists,7.0,full_trifecta_market_proxy,1.0,0,0
2026-10-06,前橋,1,012220261006,1791287400,1791287100,7,6,15147,佐々木恵理,両,47.76,,,,,0.004870477334471629,0.0015902078510067552,0.04868508653506552,0.060912980412387345,position_specialists,0.001590207851006755,False,,,B,0.166,0.2,0.0,0.0,-0.14054989684903182,-0.028703851860318427,-0.07611924301937505,-0.07001945255004897,0.0020864244502412014,,0,,,0,,0.15902078510067552,4.868508653506553,6.091298041238734,7,6,7,validated_position_specialists,6.0,full_trifecta_market_proxy,-1.0,0,0
2026-10-06,大垣,2,024420261006,1791288000,1791287700,1,2,15881,関口朗斗,逃,75.83,,,,,0.5393317986648772,0.6400244003635769,0.16435576026738424,0.13193410869453565,position_specialists,0.6400244003635768,False,,0.3361334537030946,A,0.461,0.6920000000000001,0.1,0.27,0.14783425399139824,0.350854079180548,0.09869301573098668,0.14359427468075245,0.004244793852921619,,0,,,0,,64.00244003635768,16.435576026738428,13.193410869453565,1,3,4,validated_position_specialists,1.0,full_trifecta_market_proxy,0.0,0,0
2026-10-06,大垣,2,024420261006,1791288000,1791287700,2,1,15720,山元大夢,両,76.68,,,,,0.3080853762928095,0.3038909466604822,0.1243425980300156,0.09301617832710588,position_specialists,0.30389094666048216,False,,,A,0.351,0.764,0.13,0.26,0.23840682301033672,0.04809252294903594,0.1578277457934421,0.019770226224161566,0.0002703690352179371,,0,,,0,,30.389094666048223,12.434259803001561,9.301617832710587,2,4,6,validated_position_specialists,2.0,full_trifecta_market_proxy,0.0,0,0
2026-10-06,大垣,2,024420261006,1791288000,1791287700,3,3,13331,橋本大祐,追,71.4,,,,,0.06493658566753692,0.03249282717368493,0.27000244750321645,0.19822082526750578,position_specialists,0.03249282717368492,False,,,A,0.16,0.48,0.18,0.16,0.01293893843127704,0.001971793081166314,0.00013513229356094253,0.14359427468075245,0.0014329558866550693,,0,,,0,,3.249282717368493,27.00024475032165,19.822082526750577,3,1,2,validated_position_specialists,3.0,full_trifecta_market_proxy,0.0,0,0
2026-10-06,大垣,2,024420261006,1791288000,1791287700,4,4,12946,亀井雅斗,追,70.0,,,,,0.05509992734721976,0.014289435395666987,0.24768056784794162,0.2355303784016815,position_specialists,0.014289435395666985,False,,,A,0.2,0.3,0.0,0.05,-0.07377947871451516,0.001971793081166314,-0.1713291497012615,-0.09677005467615926,0.0010544392373499566,,0,,,0,,1.4289435395666987,24.768056784794165,23.55303784016815,4,2,1,validated_position_specialists,5.0,full_trifecta_market_proxy,1.0,0,0
2026-10-06,大垣,2,024420261006,1791288000,1791287700,5,7,14482,松本琢也,両,67.65,,,,,0.01742214618962922,0.005051771238908112,0.06578572235265039,0.06959371304754909,position_specialists,0.005051771238908111,False,,,A,0.217,0.304,0.03,0.1,-0.26455999643525796,0.011564926554710258,0.08586727329097216,-0.09677005467615926,0.001216660658480719,,0,,,0,,0.5051771238908112,6.57857223526504,6.959371304754909,5,6,7,validated_position_specialists,4.0,full_trifecta_market_proxy,-1.0,0,0
2026-10-06,大垣,2,024420261006,1791288000,1791287700,6,5,11712,金田健一郎,追,69.8,,,,,0.007394984984474509,0.002382093417836461,0.07444780775374944,0.15488675368441002,position_specialists,0.0023820934178364604,False,,,A,0.19,0.285,0.03,0.15,-0.0044047449978813396,-0.10763617895524848,0.00013513229356094253,-0.09677005467615926,0.0016222142113076258,,0,,,0,,0.23820934178364608,7.444780775374945,15.488675368441001,6,5,3,validated_position_specialists,6.0,full_trifecta_market_proxy,0.0,0,0
2026-10-06,大垣,2,024420261006,1791288000,1791287700,7,6,13541,高森圭介,追,68.28,,,,,0.007729180853452904,0.0018685257498445623,0.05338509624504222,0.11681804257721203,position_specialists,0.001868525749844562,False,,,A,0.095,0.428,0.08,0.2,-0.05643579528535679,-0.0867560716289373,-0.1713291497012615,-0.0166486115571887,0.0016222142113076258,,0,,,0,,0.18685257498445623,5.338509624504223,11.681804257721202,7,7,5,validated_position_specialists,7.0,full_trifecta_market_proxy,0.0,0,0
2026-10-06,前橋,2,022220261006,1791288600,1791288300,1,1,15587,吉川美穂,両,56.96,,,,,0.7989763366152807,0.8971476205540811,0.4329969939364984,0.4585111790034269,position_specialists,0.8971476205540811,False,,0.823506377384282,S,0.777,0.8140000000000001,0.0,0.0,0.2652435771863622,-0.028703851860318427,0.2692326915503661,0.2441699079131603,0.004774509670321456,,0,,,0,,89.71476205540812,43.29969939364983,45.8511179003427,1,1,1,validated_position_specialists,1.0,full_trifecta_market_proxy,0.0,0,0
2026-10-06,前橋,2,022220261006,1791288600,1791288300,2,2,15504,西島叶子,両,54.83,,,,,0.1243201361259264,0.07364124316979914,0.17169766329740094,0.11209889641432921,position_specialists,0.07364124316979914,False,,,S,0.625,0.708,0.0,0.0,0.007026319925466578,-0.028703851860318427,0.1596653606528764,-0.04454451022740088,4.4072396956813395e-05,,0,,,0,,7.364124316979915,17.16976632974009,11.209889641432923,2,2,4,validated_position_specialists,2.0,full_trifecta_market_proxy,0.0,0,0
2026-10-06,前橋,2,022220261006,1791288600,1791288300,3,3,15667,戸田瑞姫,両,53.18,,,,,0.03877020726158512,0.01675099154812237,0.15079828165654469,0.1283783873981939,position_specialists,0.01675099154812237,False,,,S,0.26,0.565,0.0,0.0,0.0930987390124318,-0.028703851860318427,-0.0292453781953785,-0.04454451022740088,0.0006757767533378062,,0,,,0,,1.675099154812237,15.079828165654465,12.837838739819393,3,3,2,validated_position_specialists,4.0,full_trifecta_market_proxy,1.0,0,0
2026-10-06,前橋,2,022220261006,1791288600,1791288300,4,4,15149,中野咲,両,51.62,,,,,0.020472072085803285,0.0076386281800320255,0.10939059209460925,0.11913919214559204,position_specialists,0.0076386281800320255,False,,,S,0.29,0.4579999999999999,0.0,0.0,-0.005269739944099892,-0.028703851860318427,-0.013592902352879972,-0.04454451022740088,0.0010871191249347317,,0,,,0,,0.7638628180032025,10.939059209460924,11.913919214559206,4,4,3,validated_position_specialists,3.0,full_trifecta_market_proxy,-1.0,0,0
2026-10-06,前橋,2,022220261006,1791288600,1791288300,5,5,15674,野寺楓,追,51.05,,,,,0.009242505350882627,0.0031278891238157866,0.061163676750212136,0.08206717524696473,position_specialists,0.0031278891238157866,False,,,S,0.222,0.3329999999999999,0.0,0.0,0.03161843966459951,-0.028703851860318427,-0.09216414691916477,-0.02144735677615598,0.0012927903107331942,,0,,,0,,0.3127889123815787,6.116367675021212,8.206717524696476,5,5,5,validated_position_specialists,5.0,full_trifecta_market_proxy,0.0,0,0
2026-10-06,前橋,2,022220261006,1791288600,1791288300,6,7,15217,南彩乃,追,47.6,,,,,0.004337552527763463,0.000868103082623917,0.029224406205749905,0.04703417198615186,position_specialists,0.000868103082623917,False,,,S,0.0,0.066,0.0,0.0,-0.21430275772672971,-0.028703851860318427,-0.1547740502891589,-0.04454451022740088,0.00047010556753934344,,0,,,0,,0.0868103082623917,2.92244062057499,4.703417198615187,6,7,7,validated_position_specialists,7.0,full_trifecta_market_proxy,1.0,0,0
2026-10-06,前橋,2,022220261006,1791288600,1791288300,7,6,15849,佐藤乃愛,両,47.61,,,,,0.0038811900327584276,0.0008255243415256448,0.04472838605898476,0.05277099780534137,position_specialists,0.0008255243415256448,False,,,S,0.047,0.19,0.0,0.0,-0.17741457811803024,-0.028703851860318427,-0.13912157444666035,-0.04454451022740088,0.0012927903107331942,,0,,,0,,0.08255243415256448,4.472838605898476,5.2770997805341375,7,6,6,validated_position_specialists,6.0,full_trifecta_market_proxy,-1.0,0,0
2026-10-06,大垣,3,034420261006,1791289200,1791288900,1,1,14699,小川大地,追,76.03,,,,,0.609029375707702,0.671584062980478,0.18384060101911315,0.12610871067232104,position_specialists,0.671584062980478,False,,0.42255207381945337,S,0.444,0.518,0.13,0.06,0.15217142099396738,0.23090720391388272,0.15918170526216405,0.0,0.00010084389681792206,,0,,,0,,67.15840629804781,18.38406010191132,12.610871067232104,1,3,4,validated_position_specialists,1.0,full_trifecta_market_proxy,0.0,0,0
2026-10-06,大垣,3,034420261006,1791289200,1791288900,2,2,15990,児玉東次郎,逃,73.83,,,,,0.2510957150693037,0.24903198916102467,0.24214873605420228,0.10165200953539763,position_specialists,0.24903198916102467,False,,,S,0.5,0.611,0.17,0.11,0.09380430061271956,0.30435313570502126,0.11278584931937229,0.0,0.004134599769534808,,0,,,0,,24.90319891610247,24.214873605420237,10.165200953539763,2,1,6,validated_position_specialists,2.0,full_trifecta_market_proxy,0.0,0,0
2026-10-06,大垣,3,034420261006,1791289200,1791288900,3,3,14667,藤本龍也,両,71.05,,,,,0.08839613005613381,0.06002150598655445,0.16542732391358542,0.1542184345891588,position_specialists,0.06002150598655445,False,,,S,0.444,0.5,0.11,0.11,0.19594676127990326,0.017677880506530318,0.06556949742454751,0.0,0.001310970658632988,,0,,,0,,6.0021505986554455,16.542732391358545,15.421843458915879,3,4,3,validated_position_specialists,3.0,full_trifecta_market_proxy,0.0,0,0
2026-10-06,大垣,3,034420261006,1791289200,1791288900,4,4,14069,渡邊政幸,追,69.5,,,,,0.03234023417845056,0.013978906562435181,0.19391483515592436,0.1583855293460304,position_specialists,0.013978906562435181,False,,,S,0.217,0.347,0.11,0.04,-0.008338160054464073,-0.011664165869455737,-0.015686169388686735,0.0,0.0017479608781773173,,0,,,0,,1.397890656243518,19.39148351559244,15.83855293460304,4,2,2,validated_position_specialists,4.0,full_trifecta_market_proxy,0.0,0,0
2026-10-06,大垣,3,034420261006,1791289200,1791288900,5,6,13678,菊池崇訓,追,67.16,,,,,0.008265127497168295,0.0026238477455204703,0.07445871357130222,0.11869163634750315,position_specialists,0.0026238477455204703,False,,,S,0.157,0.263,0.06,0.2,-0.06670528043571194,-0.09112381229766882,-0.06564841928892981,0.0,0.0017479608781773173,,0,,,0,,0.262384774552047,7.445871357130224,11.869163634750315,5,6,5,validated_position_specialists,6.0,full_trifecta_market_proxy,1.0,0,0
2026-10-06,大垣,3,034420261006,1791289200,1791288900,6,5,13788,白崎芳典,追,67.27,,,,,0.0068849590635809066,0.0019759644982933035,0.09841765233814873,0.2985366257681892,position_specialists,0.0019759644982933035,False,,,S,0.055,0.166,0.06,0.27,-0.09588884062633588,-0.09112381229766882,-0.11561066918917288,0.0,0.00010084389681792206,,0,,,0,,0.19759644982933036,9.841765233814874,29.85366257681892,6,5,1,validated_position_specialists,5.0,full_trifecta_market_proxy,-1.0,0,0
2026-10-06,大垣,3,034420261006,1791289200,1791288900,7,7,12970,山内大作,追,64.37,,,,,0.0039884584276607795,0.000783723065693938,0.04179213794772377,0.04240705374139974,position_specialists,0.000783723065693938,False,,,S,0.0,0.057,0.02,0.02,-0.2709902017700792,-0.13896356539819954,-0.14059179413929443,0.0,0.0017479608781773173,,0,,,0,,0.0783723065693938,4.1792137947723775,4.240705374139974,7,7,7,validated_position_specialists,7.0,full_trifecta_market_proxy,0.0,0,0
2026-10-06,前橋,3,032220261006,1791289800,1791289500,1,1,13188,山田幸司,追,87.56,,,,,0.49421767117004656,0.6171311904093922,0.23022510857275902,0.0896239516048977,position_specialists,0.6171311904093923,False,,0.39002141114785704,A,0.47,0.647,0.18,0.2,0.22267250550784667,0.1250192413712411,0.15513127483851608,0.09759574501466278,0.0019912395549091942,,0,,,0,,61.713119040939226,23.022510857275904,8.962395160489772,1,1,6,validated_position_specialists,1.0,full_trifecta_market_proxy,0.0,0,0
2026-10-06,前橋,3,032220261006,1791289800,1791289500,2,3,15617,添田龍児,逃,85.4,,,,,0.2481797211191251,0.22710977926153528,0.22396905635797837,0.1708158308044459,position_specialists,0.22710977926153533,False,,,A,0.259,0.518,0.19,0.17,0.16504930630064038,0.1337343974161677,0.05082539104281768,0.08241418467904857,0.001106244197171775,,0,,,0,,22.71097792615353,22.39690563579784,17.081583080444595,2,2,2,validated_position_specialists,2.0,full_trifecta_market_proxy,0.0,0,0
2026-10-06,前橋,3,032220261006,1791289800,1791289500,3,4,14988,伊早坂駿一,逃,82.64,,,,,0.10301384977480968,0.07697709123093917,0.16315329781022364,0.13861236359402135,position_specialists,0.07697709123093918,False,,,A,0.284,0.392,0.08,0.07,-0.007820291320978265,0.22799257932526318,0.03928154587330164,0.15832198635711964,0.0026549860732122585,,0,,,0,,7.697709123093917,16.315329781022367,13.861236359402136,3,3,4,validated_position_specialists,3.0,full_trifecta_market_proxy,0.0,0,0
2026-10-06,前橋,3,032220261006,1791289800,1791289500,4,2,13014,江連和洋,追,86.0,,,,,0.10007128605379419,0.06458249150674505,0.15128488101191268,0.1545256776584303,position_specialists,0.06458249150674507,False,,,A,0.25,0.437,0.18,0.22,0.03539710808442639,0.20042578689851745,-0.019599286972431105,-0.08458297901270775,0.002876234912646614,,0,,,0,,6.458249150674505,15.12848810119127,15.452567765843034,4,4,3,validated_position_specialists,4.0,full_trifecta_market_proxy,0.0,0,0
2026-10-06,前橋,3,032220261006,1791289800,1791289500,5,6,14282,石川恭規,追,81.0,,,,,0.026541886355462965,0.006582878965828719,0.0926975720539565,0.09922145916660599,position_specialists,0.006582878965828721,False,,,A,0.166,0.25,0.05,0.05,-0.24983772799124443,-0.18759621564993656,-0.011709789026394982,-0.08458297901270775,0.0013274930366061293,,0,,,0,,0.6582878965828719,9.269757205395651,9.9221459166606,5,5,5,validated_position_specialists,5.0,full_trifecta_market_proxy,0.0,0,0
2026-10-06,前橋,3,032220261006,1791289800,1791289500,6,5,13106,赤井学,追,82.46,,,,,0.016664254249675405,0.004942514557596742,0.08631262587142811,0.2655702417603196,position_specialists,0.0049425145575967425,False,,,A,0.187,0.375,0.05,0.23,-0.12306668973539059,-0.13975646254940585,-0.06328192742516789,-0.08458297901270775,0.0019912395549091942,,0,,,0,,0.49425145575967416,8.631262587142814,26.557024176031966,6,6,1,validated_position_specialists,6.0,full_trifecta_market_proxy,0.0,0,0
2026-10-06,前橋,3,032220261006,1791289800,1791289500,7,7,13761,新井剛央,追,80.38,,,,,0.011311331277086091,0.002674054067962672,0.05235745832174164,0.08163047541127909,position_specialists,0.0026740540679626723,False,,,A,0.047,0.095,0.0,0.0,-0.04239421084530187,-0.18759621564993656,-0.15064720833064146,-0.08458297901270775,0.0013274930366061293,,0,,,0,,0.2674054067962672,5.235745832174165,8.163047541127911,7,7,7,validated_position_specialists,7.0,full_trifecta_market_proxy,0.0,0,0
2026-10-06,大垣,4,044420261006,1791290400,1791290100,1,1,015965,篠原輝利,逃,79.88,,,,,0.9516654064085571,0.951806438472696,0.681214904147863,0.6344445267269619,position_specialists,0.951806438472696,False,,0.911705533764166,S,0.722,0.833,0.06,0.12,0.26703678019199656,0.3678478030927274,0.17148141757333873,0.0,0.004789472254962374,,0,,,0,,95.1806438472696,68.12149041478631,63.444452672696194,1,1,1,validated_position_specialists,1.0,full_trifecta_market_proxy,0.0,0,0
2026-10-06,大垣,4,044420261006,1791290400,1791290100,2,2,014389,村本慎吾,追,76.33,,,,,0.034156307122412015,0.04010090470852997,0.15780593474054552,0.0678233366409176,position_specialists,0.04010090470852997,False,,,S,0.368,0.684,0.3,0.23,0.13176156917368254,0.04897092599886467,0.14592407872186913,0.0,0.0007035382973391058,,0,,,0,,4.010090470852997,15.780593474054552,6.78233366409176,2,2,3,validated_position_specialists,2.0,full_trifecta_market_proxy,0.0,0,0
2026-10-06,大垣,4,044420261006,1791290400,1791290100,3,3,014202,島田茂希,逃,70.45,,,,,0.006257334679613694,0.004416208661279605,0.054576777298295874,0.04078441662935136,position_specialists,0.004416208661279605,False,,,S,0.416,0.4579999999999999,0.18,0.18,0.04567734398020998,-0.011736077283925467,0.010593933259935254,0.0,0.00041941706187523627,,0,,,0,,0.44162086612796053,5.457677729829587,4.078441662935136,3,3,4,validated_position_specialists,3.0,full_trifecta_market_proxy,0.0,0,0
2026-10-06,大垣,4,044420261006,1791290400,1791290100,4,4,014429,千澤大輔,追,68.28,,,,,0.004120834337053123,0.001948330267116394,0.025743174954709517,0.03381551369507096,position_specialists,0.001948330267116394,False,,,S,0.142,0.238,0.04,0.02,-0.224873078056418,0.08757267654564294,-0.06859256702933551,0.0,4.058874792341017e-05,,0,,,0,,0.1948330267116394,2.5743174954709516,3.3815513695070956,4,5,5,validated_position_specialists,4.0,full_trifecta_market_proxy,0.0,0,0
2026-10-06,大垣,4,044420261006,1791290400,1791290100,5,5,013027,戸ノ下太郎,追,68.2,,,,,0.00188947308900929,0.0008843309584616098,0.04827432256373287,0.1736212517604617,position_specialists,0.0008843309584616098,False,,,S,0.12,0.28,0.07,0.21,-0.07730012058189364,-0.06633940354193958,-0.06859256702933551,0.0,0.0012717807682668452,,0,,,0,,0.08843309584616098,4.827432256373287,17.36212517604617,5,4,2,validated_position_specialists,5.0,full_trifecta_market_proxy,0.0,0,0
2026-10-06,大垣,4,044420261006,1791290400,1791290100,6,6,013525,亀井道佳,追,67.82,,,,,0.0012474840524252769,0.0005765062505327124,0.019419170487199097,0.022471796030563818,position_specialists,0.0005765062505327124,False,,,S,0.13,0.217,0.07,0.42,-0.06500237412568322,-0.079206653724199,-0.06859256702933551,0.0,0.0011770736897788886,,0,,,0,,0.05765062505327124,1.9419170487199096,2.2471796030563818,6,6,7,validated_position_specialists,6.0,full_trifecta_market_proxy,0.0,0,0
2026-10-06,大垣,4,044420261006,1791290400,1791290100,7,7,011364,遠澤健二,追,66.54,,,,,0.0006631603109294261,0.00026728068138374164,0.012965715807654106,0.027039158516672684,position_specialists,0.00026728068138374164,False,,,S,0.083,0.125,0.0,0.3,-0.07730012058189364,-0.079206653724199,-0.12222172846713666,0.0,0.0011770736897788886,,0,,,0,,0.026728068138374163,1.2965715807654106,2.7039158516672686,7,7,6,validated_position_specialists,7.0,full_trifecta_market_proxy,0.0,0,0
2026-10-06,前橋,4,042220261006,1791291000,1791290700,1,1,014164,田中孝彦,追,87.83,,,,,0.3456321428883898,0.429051343451076,0.18581076139990368,0.07742081694098116,position_specialists,0.429051343451076,False,,0.1875475213267453,B,0.29,0.583,0.15,0.21,0.2766027354726317,0.21863733437156835,0.09912112381263077,-0.021407828990149712,0.002245618301586499,,0,,,0,,42.9051343451076,18.581076139990373,7.742081694098116,1,2,6,validated_position_specialists,1.0,full_trifecta_market_proxy,0.0,0,0
2026-10-06,前橋,4,042220261006,1791291000,1791290700,2,2,014818,田口裕一,追,87.82,,,,,0.22328883085878945,0.2415038221243307,0.15217665055815935,0.060844102641666516,position_specialists,0.2415038221243307,False,,,B,0.29,0.5,0.2,0.2,0.08077779000528183,0.11012939554883731,0.09912112381263077,0.143432454234003,6.237828615518068e-05,,0,,,0,,24.15038221243307,15.217665055815937,6.084410264166651,2,4,7,validated_position_specialists,3.0,full_trifecta_market_proxy,1.0,0,0
2026-10-06,前橋,4,042220261006,1791291000,1791290700,3,4,015895,鈴木小次廊,逃,84.09,,,,,0.26794949921083505,0.2411115172759531,0.2268107852838718,0.17823065836975013,position_specialists,0.2411115172759531,False,,,B,0.284,0.476,0.32,0.14,0.12239059091709364,0.24313620715285833,0.10585639907543512,-0.09633523045567367,0.0009356742923277077,,0,,,0,,24.11115172759531,22.681078528387182,17.82306583697501,3,1,3,validated_position_specialists,2.0,full_trifecta_market_proxy,-1.0,0,0
2026-10-06,前橋,4,042220261006,1791291000,1791290700,4,3,015107,田頭寛之,両,85.14,,,,,0.12432003893714474,0.07595496961930935,0.18483911860043176,0.211273754884796,position_specialists,0.07595496961930935,False,,,B,0.19,0.285,0.15,0.15,-0.14197308546382875,0.062289642448306606,-0.019888440603504982,0.143432454234003,0.0018089702985002358,,0,,,0,,7.595496961930935,18.48391186004318,21.1273754884796,4,3,1,validated_position_specialists,4.0,full_trifecta_market_proxy,0.0,0,0
2026-10-06,前橋,4,042220261006,1791291000,1791290700,5,5,014056,橋本紀彰,追,83.41,,,,,0.019593995524267088,0.007066487204143912,0.1081344294152733,0.20531107467130602,position_specialists,0.007066487204143912,False,,,B,0.166,0.3329999999999999,0.1,0.33,-0.097912472733675,-0.1642941858172616,-0.02550178565917295,-0.09633523045567367,0.0029941577354486654,,0,,,0,,0.7066487204143912,10.813442941527333,20.531107467130603,5,5,2,validated_position_specialists,5.0,full_trifecta_market_proxy,0.0,0,0
2026-10-06,前橋,4,042220261006,1791291000,1791290700,6,7,012717,伊藤一貴,追,79.5,,,,,0.009260954870908342,0.002723323039524552,0.0746688778687731,0.10534167019916715,position_specialists,0.002723323039524552,False,,,B,0.0409999999999999,0.125,0.0,0.0,-0.14197308546382875,-0.06745668715415093,-0.15012469513097668,0.023548611889164666,0.0009356742923277077,,0,,,0,,0.2723323039524552,7.466887786877312,10.534167019916715,6,6,5,validated_position_specialists,7.0,full_trifecta_market_proxy,1.0,0,0
2026-10-06,前橋,4,042220261006,1791291000,1791290700,7,6,013036,深澤伸介,追,79.61,,,,,0.009954537709665593,0.002588537285662493,0.06755937687358697,0.16157792229233298,position_specialists,0.002588537285662493,False,,,B,0.095,0.285,0.1,0.21,-0.097912472733675,-0.18237884228771672,-0.1085837253070421,-0.09633523045567367,0.0029941577354486654,,0,,,0,,0.2588537285662493,6.755937687358698,16.157792229233298,7,7,4,validated_position_specialists,6.0,full_trifecta_market_proxy,-1.0,0,0
2026-10-06,大垣,5,054420261006,1791291600,1791291300,1,1,015594,金田涼馬,逃,89.83,,,,,0.4863536799834012,0.5573031546627091,0.1066686384555997,0.05650268760430687,position_specialists,0.5573031546627091,False,,0.37284419186313583,A,0.5,0.6659999999999999,0.22,0.1,0.16847704760867055,0.13493744754725995,0.055356768842729276,-0.01850402192651769,0.0020294373961704977,,0,,,0,,55.73031546627091,10.66686384555997,5.650268760430688,1,4,7,validated_position_specialists,1.0,full_trifecta_market_proxy,0.0,0,0
2026-10-06,大垣,5,054420261006,1791291600,1791291300,2,4,014674,丹波孝佑,逃,86.29,,,,,0.1630685113201431,0.18445896279957325,0.1817613080154261,0.17036083196882174,position_specialists,0.18445896279957325,False,,,A,0.375,0.5,0.17,0.09,0.06739081904346818,0.19960137535670264,0.031178102548729367,0.24055228504473003,0.0017453161607066284,,0,,,0,,18.445896279957324,18.17613080154261,17.036083196882178,2,3,3,validated_position_specialists,3.0,full_trifecta_market_proxy,1.0,0,0
2026-10-06,大垣,5,054420261006,1791291600,1791291300,3,3,014024,櫻井丈,追,86.66,,,,,0.18775665146405524,0.17717866650703207,0.2939658490202769,0.1814245536299387,position_specialists,0.17717866650703207,False,,,A,0.3329999999999999,0.5,0.2,0.2,0.08760806475650869,0.11811327283834801,0.15519740261381126,-0.05423592633634497,0.00024353248754045947,,0,,,0,,17.717866650703208,29.39658490202769,18.142455362993875,3,1,2,validated_position_specialists,2.0,full_trifecta_market_proxy,-1.0,0,0
2026-10-06,大垣,5,054420261006,1791291600,1791291300,4,5,013828,引地正人,逃,83.93,,,,,0.056241072144340716,0.03451054220860346,0.09474445059077405,0.08959430736435217,position_specialists,0.03451054220860346,False,,,A,0.266,0.4,0.11,0.14,0.047173573330427696,0.18343539340434198,-0.07408538594585859,-0.0051045577728324664,0.0023135586316343675,,0,,,0,,3.451054220860346,9.474445059077405,8.95943073643522,4,5,6,validated_position_specialists,5.0,full_trifecta_market_proxy,1.0,0,0
2026-10-06,大垣,5,054420261006,1791291600,1791291300,5,2,014098,菊谷信一,追,88.18,,,,,0.0795936050459696,0.03446648302629932,0.20004112954776962,0.2650567623220465,position_specialists,0.03446648302629932,False,,,A,0.25,0.25,0.14,0.05,-0.3032586856956071,-0.07587851058998006,-0.02572805335785877,-0.05423592633634497,0.0005276537230043294,,0,,,0,,3.4466483026299324,20.00411295477696,26.505676232204657,5,2,1,validated_position_specialists,4.0,full_trifecta_market_proxy,-1.0,0,0
2026-10-06,大垣,5,054420261006,1791291600,1791291300,6,6,014220,山崎悟,追,83.23,,,,,0.021937423450585726,0.010670193877299793,0.07886213253826296,0.11944251992849103,position_specialists,0.010670193877299793,False,,,A,0.19,0.238,0.19,0.07,0.06739081904346818,-0.04354654668525868,-0.02572805335785877,-0.05423592633634497,0.0019482599003236773,,0,,,0,,1.0670193877299794,7.886213253826297,11.944251992849106,6,6,4,validated_position_specialists,6.0,full_trifecta_market_proxy,0.0,0,0
2026-10-06,大垣,5,054420261006,1791291600,1791291300,7,7,013112,佐藤明,追,82.0,,,,,0.005049056591504473,0.0014119969184829902,0.04395649183189067,0.11761833718204301,position_specialists,0.0014119969184829902,False,,,A,0.09,0.2269999999999999,0.06,0.28,-0.13478163808693655,-0.1817841601676989,-0.11619078134369376,-0.05423592633634497,0.0033688660776430256,,0,,,0,,0.14119969184829903,4.395649183189067,11.761833718204302,7,7,5,validated_position_specialists,7.0,full_trifecta_market_proxy,0.0,0,0
2026-10-06,前橋,5,052220261006,1791292200,1791291900,1,1,13827,佐藤雅彦,追,89.52,,,,,0.4655069716789703,0.6375406853411792,0.11761663558658471,0.12080894444893166,position_specialists,0.6375406853411792,False,,0.45248783913827906,S,0.428,0.7609999999999999,0.26,0.17,0.22577813738030686,0.14109123624563935,0.10970384300304523,0.2449489742783178,0.0007909810627737343,,0,,,0,,63.75406853411793,11.761663558658471,12.080894444893167,1,4,4,validated_position_specialists,1.0,full_trifecta_market_proxy,0.0,0,0
2026-10-06,前橋,5,052220261006,1791292200,1791291900,2,2,15780,小田恭介,逃,85.6,,,,,0.2687238919297669,0.1850528462029002,0.18048911538817353,0.1198261142377768,position_specialists,0.1850528462029002,False,,,S,0.3329999999999999,0.3329999999999999,0.14,0.11,-0.040770839118079084,0.23227715052773365,0.051034532466013874,-0.040824829046386304,0.0038273277230987156,,0,,,0,,18.50528462029002,18.048911538817354,11.98261142377768,2,3,5,validated_position_specialists,2.0,full_trifecta_market_proxy,0.0,0,0
2026-10-06,前橋,5,052220261006,1791292200,1791291900,3,3,14813,新井僚太郎,両,85.5,,,,,0.14920227853473556,0.14011257023618098,0.23966685045552372,0.17354823130758767,position_specialists,0.14011257023618098,False,,,S,0.461,0.5760000000000001,0.23,0.1,0.22577813738030686,-0.028395975814688234,0.23778809447705934,-0.040824829046386304,0.0002806706996939059,,0,,,0,,14.011257023618098,23.96668504555237,17.354823130758767,3,2,2,validated_position_specialists,3.0,full_trifecta_market_proxy,0.0,0,0
2026-10-06,前橋,5,052220261006,1791292200,1791291900,4,5,14062,齋藤昌弘,追,80.77,,,,,0.05942138642135887,0.016268803435298747,0.28117573512789384,0.25873435691878416,position_specialists,0.016268803435298747,False,,,S,0.0,0.272,0.25,0.21,-0.18616118993538042,-0.03269084798264191,-0.13339540143646103,-0.040824829046386304,0.0020667569704733066,,0,,,0,,1.6268803435298747,28.117573512789384,25.873435691878417,4,1,1,validated_position_specialists,5.0,full_trifecta_market_proxy,1.0,0,0
2026-10-06,前橋,5,052220261006,1791292200,1791291900,5,4,12875,中曽直彦,追,80.92,,,,,0.029845675511457333,0.011506298137795247,0.07637088583987767,0.11124678398763528,position_specialists,0.011506298137795247,False,,,S,0.2,0.3329999999999999,0.07,0.21,-0.04615566692612727,0.036821985708670596,-0.052362319956625616,-0.040824829046386304,0.0015309310892394864,,0,,,0,,1.1506298137795248,7.637088583987767,11.124678398763528,5,5,6,validated_position_specialists,4.0,full_trifecta_market_proxy,-1.0,0,0
2026-10-06,前橋,5,052220261006,1791292200,1791291900,6,7,13629,福森慎太郎,逃,78.39,,,,,0.020541464244396315,0.007889597781015544,0.04709893557735694,0.08813742938044004,position_specialists,0.007889597781015544,False,,,S,0.086,0.26,0.13,0.17,-0.0650025642542959,0.1975207336820774,-0.07937334711657076,-0.040824829046386304,0.0013268069440075542,,0,,,0,,0.7889597781015544,4.709893557735694,8.813742938044005,6,7,7,validated_position_specialists,6.0,full_trifecta_market_proxy,0.0,0,0
2026-10-06,前橋,5,052220261006,1791292200,1791291900,7,6,13171,岩橋則明,追,80.26,,,,,0.006758331679314613,0.0016291988656300513,0.05758184202458959,0.12769813971884433,position_specialists,0.0016291988656300513,False,,,S,0.0,0.3329999999999999,0.0,0.38,-0.11346601452672975,-0.21174601066307566,-0.13339540143646103,-0.040824829046386304,0.0020667569704733066,,0,,,0,,0.16291988656300513,5.758184202458959,12.769813971884433,7,6,3,validated_position_specialists,7.0,full_trifecta_market_proxy,0.0,0,0
2026-10-06,大垣,6,064420261006,1791292800,1791292500,1,1,15339,土田武志,逃,88.54,,,,,0.5850864472419883,0.8144142815243363,0.20427097428643845,0.1401603626767292,position_specialists,0.814414281524336,False,,0.7303165942610593,S,0.521,0.565,0.22,0.1,0.3029892841576379,0.11907087365719493,0.25015729892646843,0.2449489742783178,0.0005617622936141535,,0,,,0,,81.44142815243363,20.427097428643844,14.016036267672924,1,2,3,validated_position_specialists,1.0,full_trifecta_market_proxy,0.0,0,0
2026-10-06,大垣,6,064420261006,1791292800,1791292500,2,2,15828,秋末蓮,逃,86.71,,,,,0.14019915850431255,0.08409768726327677,0.14283988921519888,0.11972902491041917,position_specialists,0.08409768726327675,False,,,S,0.38,0.5710000000000001,0.2,0.14,0.055829698774066724,0.2998049172509479,-0.004343672593630346,-0.040824829046386304,0.00449409834891323,,0,,,0,,8.409768726327677,14.283988921519889,11.97290249104192,2,3,4,validated_position_specialists,2.0,full_trifecta_market_proxy,0.0,0,0
2026-10-06,大垣,6,064420261006,1791292800,1791292500,3,3,13550,安部達也,追,86.62,,,,,0.18751138339047196,0.0714826135162729,0.3606987786287827,0.2780518460524666,position_specialists,0.07148261351627289,False,,,S,0.294,0.411,0.25,0.16,-0.08781860726082936,0.04265597178702044,-0.013894049884338473,-0.040824829046386304,0.000853878686293514,,0,,,0,,7.14826135162729,36.06987786287827,27.805184605246662,3,1,1,validated_position_specialists,3.0,full_trifecta_market_proxy,0.0,0,0
2026-10-06,大垣,6,064420261006,1791292800,1791292500,4,5,14091,伊原弘幸,追,83.7,,,,,0.040650509934464764,0.01819916782618463,0.09001845504677429,0.08319641515375165,position_specialists,0.018199167826184626,False,,,S,0.25,0.416,0.09,0.19,0.03681742297533046,0.15561474903311606,0.027290338494680176,-0.040824829046386304,0.0017976393395652923,,0,,,0,,1.819916782618463,9.001845504677428,8.319641515375165,4,5,5,validated_position_specialists,4.0,full_trifecta_market_proxy,0.0,0,0
2026-10-06,大垣,6,064420261006,1791292800,1791292500,5,4,13547,土屋宏,追,83.79,,,,,0.024192458214108512,0.007162126460038909,0.10439913759307277,0.26308000388443104,position_specialists,0.007162126460038908,False,,,S,0.166,0.375,0.05,0.3,0.017805147176594198,-0.11641463145510246,-0.05507843826335712,-0.040824829046386304,0.0005392918018695878,,0,,,0,,0.7162126460038909,10.439913759307277,26.30800038844311,5,4,2,validated_position_specialists,5.0,full_trifecta_market_proxy,0.0,0,0
2026-10-06,大垣,6,064420261006,1791292800,1791292500,6,6,13952,東鉄也,両,80.73,,,,,0.019956814071427017,0.004247781374785257,0.06571090564486036,0.05899217206777711,position_specialists,0.004247781374785256,False,,,S,0.217,0.26,0.0,0.0,-0.17231761081076827,-0.16425438455563318,-0.025499873279409547,-0.040824829046386304,6.741147523369861e-05,,0,,,0,,0.42477813747852566,6.571090564486036,5.899217206777712,6,6,6,validated_position_specialists,6.0,full_trifecta_market_proxy,0.0,0,0
2026-10-06,大垣,6,064420261006,1791292800,1791292500,7,7,13453,阿部宏之,追,79.19,,,,,0.0024032286432267526,0.0003963420351055063,0.03206185958487248,0.056790175254425174,position_specialists,0.00039634203510550617,False,,,S,0.047,0.095,0.09,0.0,-0.15330533501203208,-0.11641463145510246,-0.17863160340041306,-0.040824829046386304,0.0017976393395652923,,0,,,0,,0.03963420351055063,3.2061859584872483,5.679017525442518,7,7,7,validated_position_specialists,7.0,full_trifecta_market_proxy,0.0,0,0
2026-10-06,前橋,6,062220261006,1791293400,1791293100,1,2,15803,西村剛,逃,89.9,,,,,0.6398514507893406,0.7990998259650639,0.2714788137609788,0.16657813148499065,position_specialists,0.7990998259650638,False,,0.6470892230288956,S,0.57,0.619,0.18,0.09,0.09001392351594964,0.28664199547345665,0.14900974172275522,0.2449489742783178,0.003470081425587492,,0,,,0,,79.9099825965064,27.14788137609788,16.65781314849907,1,1,2,validated_position_specialists,2.0,full_trifecta_market_proxy,1.0,0,0
2026-10-06,前橋,6,062220261006,1791293400,1791293100,2,1,13538,小林圭介,追,90.16,,,,,0.26316682415597087,0.15201060293616817,0.2677155964234997,0.14862527604587197,position_specialists,0.15201060293616814,False,,,S,0.166,0.3329999999999999,0.14,0.2,0.12075038520432269,0.1955919789361437,-0.11756328521069057,-0.04082482904638629,0.0012618477911227244,,0,,,0,,15.201060293616816,26.771559642349967,14.8625276045872,2,2,3,validated_position_specialists,1.0,full_trifecta_market_proxy,-1.0,0,0
2026-10-06,前橋,6,062220261006,1791293400,1791293100,3,3,14347,外崎一成,追,86.0,,,,,0.04314652919552123,0.025636868540413225,0.1706738968122974,0.1305924349844153,position_specialists,0.02563686854041322,False,,,S,0.2769999999999999,0.3879999999999999,0.1,0.16,0.07464569267176313,0.11843099580400832,0.06622660407665656,-0.04082482904638629,0.000210307965187121,,0,,,0,,2.5636868540413227,17.067389681229738,13.059243498441532,3,3,4,validated_position_specialists,3.0,full_trifecta_market_proxy,0.0,0,0
2026-10-06,前橋,6,062220261006,1791293400,1791293100,4,5,15414,大森光明,両,83.55,,,,,0.03406088557796549,0.014325709348686856,0.1094066719813027,0.11723873061886812,position_specialists,0.014325709348686854,False,,,S,0.2769999999999999,0.444,0.14,0.17,-0.048300154081729,0.03972684945062348,0.01800118000542605,-0.04082482904638629,0.0014458672606614553,,0,,,0,,1.4325709348686857,10.94066719813027,11.723873061886813,4,5,5,validated_position_specialists,4.0,full_trifecta_market_proxy,0.0,0,0
2026-10-06,前橋,6,062220261006,1791293400,1791293100,5,4,14587,鈴木謙二,追,84.08,,,,,0.016553930374340848,0.00812727702979698,0.12273079303817429,0.3113910778154645,position_specialists,0.008127277029796978,False,,,S,0.25,0.291,0.0,0.11,0.10538215436013616,-0.12416306743375337,0.11945232982723387,-0.04082482904638629,0.0014984442519582356,,0,,,0,,0.812727702979698,12.273079303817429,31.139107781546453,5,4,1,validated_position_specialists,5.0,full_trifecta_market_proxy,0.0,0,0
2026-10-06,前橋,6,062220261006,1791293400,1791293100,6,6,14083,成清謙二郎,追,80.41,,,,,0.002216837921673766,0.0006425362689312862,0.0343352198722602,0.07919601504132692,position_specialists,0.0006425362689312861,False,,,S,0.083,0.25,0.03,0.19,-0.0021954615491693572,-0.12416306743375337,-0.0716158128888538,-0.04082482904638629,0.0022345221301131586,,0,,,0,,0.06425362689312862,3.4335219872260203,7.919601504132693,6,6,6,validated_position_specialists,6.0,full_trifecta_market_proxy,0.0,0,0
2026-10-06,前橋,6,062220261006,1791293400,1791293100,7,7,11372,黒瀬浩一,追,76.28,,,,,0.001003541985187359,0.00015717991093957238,0.023659008111486864,0.04637833400906242,position_specialists,0.00015717991093957236,False,,,S,0.0,0.047,0.02,0.04,-0.34029654012127264,-0.12416306743375337,-0.1635107575325274,-0.04082482904638629,0.0022345221301131586,,0,,,0,,0.01571799109395724,2.3659008111486863,4.637833400906243,7,7,7,validated_position_specialists,7.0,full_trifecta_market_proxy,0.0,0,0
2026-10-06,大垣,7,074420261006,1791294000,1791293700,1,3,15447,小浦凪,両,84.52,,,,,0.3863154087385534,0.4639143692519682,0.3214570482881411,0.24760171340407866,position_specialists,0.4639143692519682,False,,0.10999262172187407,B,0.272,0.318,0.05,0.11,0.17299497949661558,0.2712523344622833,0.15360264973396243,0.13194558937007658,0.0005940885257860048,,0,,,0,,46.39143692519682,32.14570482881411,24.760171340407865,1,1,1,validated_position_specialists,1.0,full_trifecta_market_proxy,0.0,0,0
2026-10-06,大垣,7,074420261006,1791294000,1791293700,2,1,15811,水谷亮太,逃,87.52,,,,,0.3278265120437723,0.35392174753009414,0.15331277823530462,0.06565779246797827,position_specialists,0.35392174753009414,False,,,B,0.428,0.523,0.29,0.15,0.26325322966876286,0.1440167887495173,0.1185151417277856,-0.08537655782769663,0.0031684721375253586,,0,,,0,,35.392174753009414,15.331277823530462,6.5657792467978275,2,3,6,validated_position_specialists,2.0,full_trifecta_market_proxy,0.0,0,0
2026-10-06,大垣,7,074420261006,1791294000,1791293700,3,2,15234,八嶋稔真,逃,84.66,,,,,0.18639612106165157,0.1475139156312384,0.2137426410737419,0.22240379748190073,position_specialists,0.1475139156312384,False,,,B,0.428,0.428,0.11,0.09,-0.06769368762911064,0.19694731715767416,0.07046412172237669,0.13194558937007658,0.0025743836117393536,,0,,,0,,14.751391563123839,21.37426410737419,22.240379748190072,3,2,2,validated_position_specialists,3.0,full_trifecta_market_proxy,0.0,0,0
2026-10-06,大垣,7,074420261006,1791294000,1791293700,4,4,13417,梅原大治,追,83.55,,,,,0.04099139989047047,0.01682173701751088,0.10062650874943661,0.11371271939994274,position_specialists,0.01682173701751088,False,,,B,0.166,0.3879999999999999,0.1,0.13,-0.030086083390715862,-0.006632939680540247,-0.04485832629060475,-0.08537655782769663,0.0015842360687626786,,0,,,0,,1.682173701751088,10.062650874943662,11.371271939994273,4,5,4,validated_position_specialists,4.0,full_trifecta_market_proxy,0.0,0,0
2026-10-06,大垣,7,074420261006,1791294000,1791293700,5,5,13196,竹田和幸,追,83.29,,,,,0.024933905262576543,0.00859357674542728,0.1066971143538131,0.21941077109598997,position_specialists,0.00859357674542728,False,,,B,0.125,0.3329999999999999,0.18,0.13,-0.05265064593375261,-0.14343643601341244,-0.04485832629060475,-0.08537655782769663,0.0019802950859533486,,0,,,0,,0.8593576745427279,10.66971143538131,21.941077109598996,5,4,3,validated_position_specialists,5.0,full_trifecta_market_proxy,0.0,0,0
2026-10-06,大垣,7,074420261006,1791294000,1791293700,6,7,14366,阿久津浩之,逃,78.75,,,,,0.019272126392436598,0.005816187314985874,0.049729229849538495,0.06481557475425691,position_specialists,0.005816187314985874,False,,,B,0.093,0.125,0.11,0.06,-0.21060258373501045,-0.04124006067903173,-0.04798677429207049,0.07761505257063328,0.0007921180343813393,,0,,,0,,0.5816187314985873,4.97292298495385,6.48155747542569,6,7,7,validated_position_specialists,7.0,full_trifecta_market_proxy,1.0,0,0
2026-10-06,大垣,7,074420261006,1791294000,1791293700,7,6,14362,岩崎大和,追,80.66,,,,,0.014264526610539079,0.003418466508775113,0.05443467945002415,0.06639763139585263,position_specialists,0.003418466508775113,False,,,B,0.0409999999999999,0.291,0.22,0.16,-0.07521520847678956,-0.08602873229277556,-0.2048784863108448,-0.08537655782769663,0.0019802950859533486,,0,,,0,,0.3418466508775113,5.443467945002415,6.639763139585263,7,6,5,validated_position_specialists,6.0,full_trifecta_market_proxy,-1.0,0,0
2026-10-06,前橋,7,072220261006,1791294600,1791294300,1,1,15700,吉田晏生,逃,90.95,,,,,0.5697306127362226,0.7321714301266381,0.15205833598533136,0.16543232971969804,position_specialists,0.7321714301266381,False,,0.5725694554493231,S,0.583,0.75,0.2,0.13,0.18193037384446156,0.21003705319988616,0.19055105642329861,0.019770226224161584,0.00390703076428635,,0,,,0,,73.21714301266381,15.205833598533138,16.543232971969807,1,4,2,validated_position_specialists,1.0,full_trifecta_market_proxy,0.0,0,0
2026-10-06,前橋,7,072220261006,1791294600,1791294300,2,2,14225,伊藤亮,追,89.28,,,,,0.21109259963006932,0.159601974677315,0.2066907263109409,0.12782522662498053,position_specialists,0.159601974677315,False,,,S,0.434,0.434,0.14,0.12,0.16474976518461357,0.06842420788594313,0.09216944431909795,-0.09677005467615925,0.000572582094766103,,0,,,0,,15.960197467731499,20.669072631094092,12.782522662498055,2,1,5,validated_position_specialists,2.0,full_trifecta_market_proxy,0.0,0,0
2026-10-06,前橋,7,072220261006,1791294600,1791294300,3,4,13416,飯尾主税,追,84.7,,,,,0.08628476759888017,0.058957492574455095,0.15824428603777566,0.20013382153157053,position_specialists,0.058957492574455095,False,,,S,0.25,0.416,0.21,0.13,0.0659612653904877,0.23893154645896958,-0.05332282351668774,0.14359427468075245,0.0010778015901479583,,0,,,0,,5.89574925744551,15.824428603777568,20.013382153157057,3,3,1,validated_position_specialists,3.0,full_trifecta_market_proxy,0.0,0,0
2026-10-06,前橋,7,072220261006,1791294600,1791294300,4,3,13826,田原大広,追,85.0,,,,,0.0770889365920322,0.030900124057570887,0.16976867267498144,0.14972742452759816,position_specialists,0.030900124057570887,False,,,S,0.284,0.428,0.14,0.12,-0.011351473578828172,-0.00735683147984642,-0.043697489297891516,-0.09677005467615925,0.00033681299692123716,,0,,,0,,3.0900124057570886,16.976867267498147,14.972742452759817,4,2,3,validated_position_specialists,4.0,full_trifecta_market_proxy,0.0,0,0
2026-10-06,前橋,7,072220261006,1791294600,1791294300,5,6,15705,鳥海創,逃,81.0,,,,,0.02568527518545534,0.009239653995477354,0.12196990881413029,0.1303580859595161,position_specialists,0.009239653995477354,False,,,S,0.28,0.32,0.14,0.05,-0.22396150574444698,0.001639194943965016,-0.054435078070530135,0.14359427468075245,0.0031660421710596283,,0,,,0,,0.9239653995477354,12.196990881413031,13.035808595951611,5,5,4,validated_position_specialists,5.0,full_trifecta_market_proxy,0.0,0,0
2026-10-06,前橋,7,072220261006,1791294600,1791294300,6,7,15515,平山優太,両,80.19,,,,,0.018675066160227377,0.005595368661293885,0.0823315143531622,0.10464601349965112,position_specialists,0.005595368661293885,False,,,S,0.192,0.2689999999999999,0.1,0.13,-0.20463332100211792,0.07742023430975456,-0.04156921938165307,-0.09677005467615925,0.001044120290455835,,0,,,0,,0.5595368661293885,8.233151435316222,10.464601349965115,6,7,7,validated_position_specialists,6.0,full_trifecta_market_proxy,0.0,0,0
2026-10-06,前橋,7,072220261006,1791294600,1791294300,7,5,14383,河野要,追,83.56,,,,,0.011442742097113066,0.0035339559072496435,0.10893655582367814,0.12187709813698558,position_specialists,0.0035339559072496435,False,,,S,0.217,0.391,0.06,0.24,0.027304895905829723,-0.25421713361495707,-0.08969589047563417,-0.016648611557188674,0.00013472519876849513,,0,,,0,,0.35339559072496435,10.893655582367817,12.187709813698559,7,6,6,validated_position_specialists,7.0,full_trifecta_market_proxy,0.0,0,0
2026-10-06,大垣,8,084420261006,1791295200,1791294900,1,1,15875,邊見竜馬,逃,95.04,,,,,0.9321600238874919,0.9537737138824287,0.4362312614648303,0.42265085481585835,position_specialists,0.9537737138824287,False,,0.929006338801699,S,0.809,0.904,0.1,0.05,0.33582505169587124,0.36634662447711136,0.09447977090425559,0.22308942421614628,0.004755587648575144,,0,,,0,,95.37737138824286,43.62312614648303,42.265085481585835,1,1,1,validated_position_specialists,1.0,full_trifecta_market_proxy,0.0,0,0
2026-10-06,大垣,8,084420261006,1791295200,1791294900,2,2,13382,成田直喜,追,87.91,,,,,0.03195046296817948,0.024767375080729705,0.2988937772312781,0.19114428891861218,position_specialists,0.024767375080729705,False,,,S,0.3329999999999999,0.4579999999999999,0.21,0.14,-0.08209056819232419,0.06697125831449674,0.11235349255510405,-0.0783827706705379,0.0003922134143154759,,0,,,0,,2.4767375080729703,29.889377723127808,19.11442889186122,2,2,2,validated_position_specialists,2.0,full_trifecta_market_proxy,0.0,0,0
2026-10-06,大垣,8,084420261006,1791295200,1791294900,3,4,13285,吉川悟,追,83.66,,,,,0.0121583470058831,0.008682289875886796,0.06709328644811124,0.09980774988521851,position_specialists,0.008682289875886796,False,,,S,0.237,0.3329999999999999,0.23,0.15,0.039801487608399494,0.06697125831449674,0.003954558301263608,0.021103053642067895,0.0002549387193050592,,0,,,0,,0.8682289875886796,6.709328644811125,9.980774988521851,3,4,4,validated_position_specialists,4.0,full_trifecta_market_proxy,1.0,0,0
2026-10-06,大垣,8,084420261006,1791295200,1791294900,4,5,15455,枠元一葵,逃,82.14,,,,,0.009839566176592528,0.00577689638267674,0.0524526445501609,0.07280522603868,position_specialists,0.00577689638267674,False,,,S,0.237,0.428,0.11,0.17,0.022388336779724752,-0.02350894802887637,-0.03953455962684752,0.021103053642067895,0.00032357606681026756,,0,,,0,,0.577689638267674,5.24526445501609,7.280522603868,4,5,5,validated_position_specialists,5.0,full_trifecta_market_proxy,1.0,0,0
2026-10-06,大垣,8,084420261006,1791295200,1791294900,5,3,14673,松田大,両,84.7,,,,,0.008492916500853367,0.004807044351891482,0.08925956155848833,0.10893997973046786,position_specialists,0.004807044351891482,False,,,S,0.3329999999999999,0.4579999999999999,0.16,0.12,-0.13433002067834857,-0.04178342799009456,0.07376846785599134,-0.0783827706705379,0.0012844989318831833,,0,,,0,,0.4807044351891482,8.925956155848832,10.893997973046785,5,3,3,validated_position_specialists,3.0,full_trifecta_market_proxy,-2.0,0,3
2026-10-06,大垣,8,084420261006,1791295200,1791294900,6,6,12891,朝日勇,追,81.04,,,,,0.003925370521713718,0.0016780315136258083,0.031979911642077134,0.051023952261386944,position_specialists,0.0016780315136258083,False,,,S,0.0409999999999999,0.208,0.13,0.15,-0.06467741736364928,0.018239311751248287,-0.1405773540371903,-0.030147219488668414,0.0008726748468519338,,0,,,0,,0.16780315136258084,3.1979911642077132,5.102395226138694,6,6,7,validated_position_specialists,6.0,full_trifecta_market_proxy,0.0,0,0
2026-10-06,大垣,8,084420261006,1791295200,1791294900,7,7,12532,西郷剛,追,80.4,,,,,0.0014733129392860164,0.0005146489127608516,0.024089557105054067,0.05362794834977611,position_specialists,0.0005146489127608516,False,,,S,0.09,0.136,0.08,0.24,-0.11691686984967367,-0.11835780513466734,-0.10444437595257683,-0.0783827706705379,0.0016276856694092245,,0,,,0,,0.05146489127608517,2.4089557105054067,5.362794834977612,7,7,6,validated_position_specialists,7.0,full_trifecta_market_proxy,0.0,0,0
2026-10-06,前橋,8,082220261006,1791295800,1791295500,1,2,15882,木村優駿,逃,88.07,,,,,0.5733046159739804,0.7819464230405815,0.21641402876232654,0.20137681348399344,position_specialists,0.7819464230405815,False,,0.7095764496658339,S,0.518,0.5920000000000001,0.22,0.05,0.17539829847178137,0.36102771348367985,-0.026527926847771832,0.23436609063574865,0.004374697713596736,,0,,,0,,78.19464230405815,21.64140287623265,20.137681348399344,1,2,2,validated_position_specialists,1.0,full_trifecta_market_proxy,0.0,0,0
2026-10-06,前橋,8,082220261006,1791295800,1791295500,2,4,14937,田中誇士,両,84.44,,,,,0.1136390957409774,0.0723699733747476,0.10994708400659933,0.11276845148774038,position_specialists,0.0723699733747476,False,,,S,0.3879999999999999,0.611,0.13,0.13,0.15650925094405105,0.03793507023874514,0.01898777576277875,0.005353540141425726,0.0001411192810837658,,0,,,0,,7.23699733747476,10.994708400659931,11.276845148774038,2,4,4,validated_position_specialists,3.0,full_trifecta_market_proxy,1.0,0,0
2026-10-06,前橋,8,082220261006,1791295800,1791295500,3,1,12501,金子真也,追,88.83,,,,,0.12839767192511017,0.05230631331104245,0.2869667693381282,0.13071819049549963,position_specialists,0.05230631331104245,False,,,S,0.166,0.166,0.09,0.12,-0.14571550949963386,-0.07115588909397821,-0.12862342397156779,-0.06126829272965004,0.0019756699351727194,,0,,,0,,5.230631331104245,28.696676933812814,13.071819049549962,3,1,3,validated_position_specialists,2.0,full_trifecta_market_proxy,-1.0,0,0
2026-10-06,前橋,8,082220261006,1791295800,1791295500,4,3,13859,荒木伸哉,追,86.59,,,,,0.0659090392077292,0.042201001354463405,0.10694168946779455,0.10572910639903611,position_specialists,0.042201001354463405,False,,,S,0.26,0.608,0.19,0.13,0.11873115588859048,0.011925076311862182,0.027062695958666505,-0.06126829272965004,0.0011289542486701254,,0,,,0,,4.220100135446341,10.694168946779453,10.572910639903611,4,5,5,validated_position_specialists,5.0,full_trifecta_market_proxy,1.0,0,0
2026-10-06,前橋,8,082220261006,1791295800,1791295500,5,6,13908,菅田和宏,逃,83.36,,,,,0.05160149800941194,0.023742652523579613,0.11701278018847168,0.10233062426763176,position_specialists,0.023742652523579613,False,,,S,0.28,0.4,0.15,0.11,0.043174965777669196,-0.017452240031815114,0.0006306523046673909,-0.06126829272965004,0.0002822385621675316,,0,,,0,,2.3742652523579615,11.701278018847166,10.233062426763176,5,3,6,validated_position_specialists,4.0,full_trifecta_market_proxy,-1.0,0,0
2026-10-06,前橋,8,082220261006,1791295800,1791295500,6,5,13615,山口貴弘,追,83.54,,,,,0.036837298651110024,0.01621563983231971,0.0917656065432218,0.26297751734728764,position_specialists,0.01621563983231971,False,,,S,0.3329999999999999,0.3329999999999999,0.07,0.15,-0.22127169961055496,0.009904682861785568,0.08140753083456048,0.005353540141425726,0.0008467156865025939,,0,,,0,,1.621563983231971,9.176560654322179,26.297751734728763,6,6,1,validated_position_specialists,6.0,full_trifecta_market_proxy,0.0,0,0
2026-10-06,前橋,8,082220261006,1791295800,1791295500,7,7,13983,大崎智久,追,81.85,,,,,0.030310780491680896,0.011217996563265832,0.07095204169345791,0.08409929651881115,position_specialists,0.011217996563265832,False,,,S,0.284,0.3329999999999999,0.17,0.04,-0.12682646197190345,0.0026938579334354652,0.027062695958666505,-0.06126829272965004,0.001693431373005188,,0,,,0,,1.1217996563265833,7.095204169345789,8.409929651881114,7,7,7,validated_position_specialists,7.0,full_trifecta_market_proxy,0.0,0,0
2026-10-06,大垣,9,094420261006,1791296400,1791296100,1,2,15536,疋田力也,両,94.22,,,,,0.2672142769413131,0.3730709879298921,0.21016866848546656,0.1653375083413246,position_specialists,0.3730709879298921,False,,0.1646544794514345,B,0.555,0.6659999999999999,0.09,0.08,0.11153307288332413,-0.09610464734603563,0.06535036404778043,0.2389654190236088,0.00254198930438075,,0,,,0,,37.30709879298921,21.01686684854666,16.53375083413246,1,1,2,validated_position_specialists,1.0,full_trifecta_market_proxy,0.0,0,0
2026-10-06,大垣,9,094420261006,1791296400,1791296100,2,1,13901,山田敦也,追,95.28,,,,,0.17073451499103934,0.20841650847845758,0.15081053402757386,0.12620083983224667,position_specialists,0.20841650847845758,False,,,B,0.57,0.809,0.2,0.15,0.16774574161651937,-0.04826489424550492,0.05419351865724979,-0.050439067683183875,0.0003851498946031441,,0,,,0,,20.84165084784576,15.081053402757387,12.620083983224667,2,3,4,validated_position_specialists,3.0,full_trifecta_market_proxy,1.0,0,0
2026-10-06,大垣,9,094420261006,1791296400,1791296100,3,3,15712,松本京太,逃,92.8,,,,,0.18882511674929267,0.17094702386064484,0.1427244845357395,0.1611382818181749,position_specialists,0.17094702386064484,False,,,B,0.3329999999999999,0.6,0.13,0.09,-0.14142393641605489,0.24576211134962986,-0.004321828248236528,-0.050439067683183875,0.004198133851174269,,0,,,0,,17.094702386064483,14.27244845357395,16.113828181817492,3,4,3,validated_position_specialists,2.0,full_trifecta_market_proxy,-1.0,0,0
2026-10-06,大垣,9,094420261006,1791296400,1791296100,4,4,14991,中島将尊,追,92.73,,,,,0.22659503472219192,0.1282378555371771,0.18255617424316703,0.2411983073503202,position_specialists,0.1282378555371771,False,,,B,0.25,0.437,0.1,0.03,-0.16328441870118632,0.0656906919863836,-0.15308706256288065,-0.050439067683183875,0.0003851498946031441,,0,,,0,,12.823785553717709,18.255617424316707,24.119830735032018,4,2,1,validated_position_specialists,5.0,full_trifecta_market_proxy,1.0,0,0
2026-10-06,大垣,9,094420261006,1791296400,1791296100,5,5,15434,片桐善也,逃,92.14,,,,,0.0785574915766151,0.07150713380820475,0.11188799306040834,0.11963112616772321,position_specialists,0.07150713380820475,False,,,B,0.428,0.476,0.1,0.08,-0.11331760204945719,0.22676951364431513,0.012043004146055516,0.013229919392310522,0.0010976771996189603,,0,,,0,,7.150713380820475,11.188799306040835,11.963112616772321,5,6,5,validated_position_specialists,6.0,full_trifecta_market_proxy,1.0,0,0
2026-10-06,大垣,9,094420261006,1791296400,1791296100,6,7,14444,星野辰也,追,90.2,,,,,0.03357707974277413,0.028960511511506123,0.07264147088960304,0.07438997848786304,position_specialists,0.028960511511506123,False,,,B,0.5,0.75,0.15,0.05,0.22395841034971473,0.02727558597106146,0.05419351865724979,-0.050439067683183875,0.0005199523577142446,,0,,,0,,2.8960511511506124,7.264147088960305,7.438997848786304,6,7,7,validated_position_specialists,7.0,full_trifecta_market_proxy,1.0,0,0
2026-10-06,大垣,9,094420261006,1791296400,1791296100,7,6,14819,太刀川一成,追,91.22,,,,,0.034496485276773785,0.018859978874117573,0.12921067475804163,0.11210395800234739,position_specialists,0.018859978874117573,False,,,B,0.3329999999999999,0.555,0.16,0.11,-0.08521126768285951,-0.08625008965613444,-0.028371514697218284,-0.050439067683183875,0.001463569599491947,,0,,,0,,1.8859978874117573,12.921067475804165,11.210395800234739,7,5,6,validated_position_specialists,4.0,full_trifecta_market_proxy,-3.0,0,5
2026-10-06,前橋,9,092220261006,1791297000,1791296700,1,1,15162,蕗澤鴻太郎,逃,94.94,,,,,0.3177363404592325,0.4418792636777256,0.17098984626370134,0.1527923942255889,position_specialists,0.4418792636777255,False,,0.21747701127202723,A,0.722,0.777,0.18,0.1,0.2763389386702205,0.011654088089999681,0.11912758483646846,-0.0917808224870097,0.0006,,0,,,0,,44.18792636777256,17.098984626370132,15.279239422558893,1,2,3,validated_position_specialists,1.0,full_trifecta_market_proxy,0.0,0,0
2026-10-06,前橋,9,092220261006,1791297000,1791296700,2,4,14136,金澤竜二,両,93.23,,,,,0.2735097135817977,0.22440225240569833,0.2405943629366179,0.18991756017246889,position_specialists,0.22440225240569828,False,,,A,0.475,0.619,0.04,0.04,-0.05623739804516776,0.16179242381244333,0.05109351539668355,-0.0917808224870097,0.0006,,0,,,0,,22.440225240569834,24.05943629366179,18.991756017246892,2,1,1,validated_position_specialists,2.0,full_trifecta_market_proxy,0.0,0,0
2026-10-06,前橋,9,092220261006,1791297000,1791296700,3,7,15423,上川直紀,両,91.45,,,,,0.16126343323821862,0.15943617480722302,0.13257015166209069,0.17647293355708624,position_specialists,0.159436174807223,False,,,A,0.375,0.583,0.16,0.0,0.06593350115640353,0.24704124266403746,-0.0055573321848100335,0.16938411954919674,0.0019999999999999996,,0,,,0,,15.943617480722303,13.257015166209069,17.647293355708626,3,4,2,validated_position_specialists,3.0,full_trifecta_market_proxy,0.0,0,0
2026-10-06,前橋,9,092220261006,1791297000,1791296700,4,5,15691,岡部伶音,逃,92.8,,,,,0.10685358884653767,0.09032082006934178,0.08819253532268001,0.1275944042831157,position_specialists,0.09032082006934176,False,,,A,0.3329999999999999,0.6659999999999999,0.19,0.23,-0.11732284764595327,0.19920148956350672,-0.010251325471422226,0.08058803925688657,0.0,,0,,,0,,9.032082006934179,8.819253532268,12.75944042831157,4,7,5,validated_position_specialists,4.0,full_trifecta_market_proxy,0.0,0,0
2026-10-06,前橋,9,092220261006,1791297000,1791296700,5,3,14082,高橋雅之,追,93.57,,,,,0.04773890483326902,0.0396865308278794,0.11908253053271449,0.12222983095052052,position_specialists,0.039686530827879395,False,,,A,0.523,0.6659999999999999,0.23,0.18,0.03539077635601071,0.025394313649892714,0.04472721496715157,-0.05521773060194079,0.0009999999999999998,,0,,,0,,3.9686530827879403,11.90825305327145,12.222983095052054,5,5,6,validated_position_specialists,7.0,full_trifecta_market_proxy,2.0,3,0
2026-10-06,前橋,9,092220261006,1791297000,1791296700,6,2,13747,伊藤大志,追,94.66,,,,,0.037204582983486285,0.02402251035936217,0.15098546801399645,0.13201530310757506,position_specialists,0.024022510359362162,False,,,A,0.5,0.722,0.12,0.08,0.03539077635601071,-0.23661055531457004,-0.008901946470649597,-0.0917808224870097,0.0028000000000000004,,0,,,0,,2.402251035936217,15.098546801399646,13.201530310757509,6,3,4,validated_position_specialists,6.0,full_trifecta_market_proxy,0.0,0,0
2026-10-06,前橋,9,092220261006,1791297000,1791296700,7,6,14378,加賀山淳,逃,91.66,,,,,0.05569343605745818,0.02025244785276984,0.09758510526819908,0.09897757370364459,position_specialists,0.020252447852769837,False,,,A,0.3329999999999999,0.5,0.07,0.11,-0.23949374684752445,-0.07359473076159447,-0.19023771107342166,0.08058803925688657,0.0038,,0,,,0,,2.025244785276984,9.758510526819908,9.897757370364461,7,6,7,validated_position_specialists,5.0,full_trifecta_market_proxy,-2.0,0,3
