date,venue,race_no,race_id,start_at,close_at,rank_in_race,car_no,player_id,player_name,style,score,odds_win,odds_move_pct,odds_move_last_pct,odds_snapshot_count,p_win,top1_top2_margin,nexus_form_adj,nexus_line_adj,nexus_style_adj,nexus_condition_adj,nexus_uncertainty,expected_value_win,stake_yen,win_return_yen,win_profit_yen,loss_amount_yen,expected_profit_yen
2026-10-03,松戸,1,013120261003,1790983800,1790983500,1,5,15164,菱沼元樹,逃,75.85,,,,,0.5294328709645819,0.22089546371467939,0.23145502494313783,0.06026507395116078,0.12934893714671028,0.24494897427831785,0.006287110262770953,,0,,,0,
2026-10-03,松戸,1,013120261003,1790983800,1790983500,2,3,12634,大薗宏,追,74.66,,,,,0.30853740724990253,,0.18516401995451023,0.18607961104083146,0.14448193773826903,-0.040824829046386304,0.00571969099127965,,0,,,0,
2026-10-03,松戸,1,013120261003,1790983800,1790983500,3,1,15981,小川佑希也,逃,72.5,,,,,0.11201018437523398,,-0.06943650748294142,0.307185223250104,-0.09632129182551269,-0.040824829046386304,0.008574687520206833,,0,,,0,
2026-10-03,松戸,1,013120261003,1790983800,1790983500,4,2,14986,三浦綾,逃,69.95,,,,,0.02759636802601792,,-0.0462910049886275,-0.004713912706455881,-0.048160645912756345,-0.040824829046386304,0.0033904090788622002,,0,,,0,
2026-10-03,松戸,1,013120261003,1790983800,1790983500,5,4,13676,塚本諭,追,70.61,,,,,0.015160741136374166,,-0.09258200997725512,-0.00885734893201846,-0.011849937362152466,-0.040824829046386304,0.004159885607171088,,0,,,0,
2026-10-03,松戸,1,013120261003,1790983800,1790983500,6,7,11803,植田誠,追,68.62,,,,,0.005569015321642685,,0.023145502494313804,-0.0738363355896351,-0.04311631238223677,-0.040824829046386304,0.00578206073840199,,0,,,0,
2026-10-03,松戸,1,013120261003,1790983800,1790983500,7,6,11427,川口秀人,追,66.69,,,,,0.0016934129262467827,,-0.23145502494313794,-0.13124403931027195,-0.07438268740232107,-0.040824829046386304,0.003931071710822497,,0,,,0,
2026-10-03,松戸,2,023120261003,1790985000,1790984700,1,3,14885,戸田康平,逃,77.77,,,,,0.7703117040883102,0.6677426902418345,0.32981883376314763,0.12044973952929706,0.14689406567975627,-0.05883484054145521,0.010215121497075706,,0,,,0,
2026-10-03,松戸,2,023120261003,1790985000,1790984700,2,2,15260,國井裕樹,逃,73.06,,,,,0.10256901384647563,,-0.031233929522313776,0.28512184560182297,0.016587967801011433,-0.05883484054145521,0.00807697560644774,,0,,,0,
2026-10-03,松戸,2,023120261003,1790985000,1790984700,3,7,13359,吉田彰久,追,72.2,,,,,0.0695656588952812,,-0.011175442673121464,0.036551807771807124,0.10223371356603564,-0.05883484054145521,0.006324881195790581,,0,,,0,
2026-10-03,松戸,2,023120261003,1790985000,1790984700,4,5,16010,駒壽直人,逃,70.55,,,,,0.03739990980387192,,-0.013181291358040689,0.10398252892204453,-0.018615971760244696,-0.05883484054145521,0.007904803153934702,,0,,,0,
2026-10-03,松戸,2,023120261003,1790985000,1790984700,5,1,12321,檀雄二,追,70.21,,,,,0.009971767582584426,,-0.04928656768658678,0.036551807771807124,-0.0606489087823954,0.2157277486520025,0.006811351390213132,,0,,,0,
2026-10-03,松戸,2,023120261003,1790985000,1790984700,6,4,13588,齋藤仁,追,69.26,,,,,0.006378005646140639,,-0.013181291358040689,-0.11965915959234524,-0.02807238431270919,0.07844645405527362,0.00741395497400876,,0,,,0,
2026-10-03,松戸,2,023120261003,1790985000,1790984700,7,6,14301,齋藤輝彦,追,68.69,,,,,0.003803940137335968,,-0.21176031116504448,-0.12812029830071872,-0.158378482191454,-0.05883484054145521,0.006504565439082757,,0,,,0,
2026-10-03,松戸,3,033120261003,1790986260,1790985960,1,1,15873,十文字悠真,逃,75.31,,,,,0.6277755664968304,0.45140317712458033,0.2362516051901175,0.2983191748933553,0.24506904252619383,0.026793491646588653,0.0110623306251581,,0,,,0,
2026-10-03,松戸,3,033120261003,1790986260,1790985960,2,4,12876,湯浅弘光,追,71.66,,,,,0.1763723893722501,,0.08815358402616326,0.17811102117192468,-0.02759207810254031,-0.06698372911647164,0.003144774758843503,,0,,,0,
2026-10-03,松戸,3,033120261003,1790986260,1790985960,3,2,15044,平川雅晃,逃,71.29,,,,,0.0982110377620537,,0.04372417767697694,-0.0248498766873396,0.18195517266341546,-0.06698372911647164,0.004181276008192852,,0,,,0,
2026-10-03,松戸,3,033120261003,1790986260,1790985960,4,7,11993,深井高志,追,70.45,,,,,0.09079753733630411,,0.10296338614255869,0.1522574970454691,-0.02759207810254031,0.2260700857680918,0.003850401436680277,,0,,,0,
2026-10-03,松戸,3,033120261003,1790986260,1790985960,5,5,13212,岡田浩太,追,66.9,,,,,0.003244936251862143,,-0.0895640413705818,-0.12490516175004034,-0.09985803427176726,0.01507133905120612,0.0033328679840586638,,0,,,0,
2026-10-03,松戸,3,033120261003,1790986260,1790985960,6,6,11599,和泉田喜一,追,64.33,,,,,0.002632451866170885,,-0.1734862533634893,-0.08612487556035694,-0.17212399044099422,-0.06698372911647164,0.003267838676164885,,0,,,0,
2026-10-03,松戸,3,033120261003,1790986260,1790985960,7,3,11198,大竹慎吾,追,65.0,,,,,0.0009660809145287593,,-0.2080424583017453,-0.12490516175004034,-0.09985803427176726,-0.06698372911647164,0.0052293823105515605,,0,,,0,
2026-10-03,松戸,4,043120261003,1790987520,1790987220,1,5,15935,佐藤魁皇,逃,76.55,,,,,0.5813999528806699,0.328169797536083,0.17525047940815136,0.30198910354537184,0.119748002044554,0.13498700219787804,0.011212813077187505,,0,,,0,
2026-10-03,松戸,4,043120261003,1790987520,1790987220,2,4,14418,安部龍文,追,75.22,,,,,0.2532301553445869,,0.2256650008817291,0.05298453153972385,0.1481829383793251,-0.10304351312815115,0.005745671568612154,,0,,,0,
2026-10-03,松戸,4,043120261003,1790987520,1790987220,3,1,15974,山下季秦,逃,72.93,,,,,0.12980824155058868,,0.07442143646099575,0.18105252665026203,0.017568889090076797,-0.10304351312815115,0.0050497115315128235,,0,,,0,
2026-10-03,松戸,4,043120261003,1790987520,1790987220,4,6,15710,鈴木康平,逃,66.27,,,,,0.014585083043343923,,-0.06001728746854508,-0.16220526791336176,-0.024009382303198566,-0.002060870262563008,0.0069884189797504385,,0,,,0,
2026-10-03,松戸,4,043120261003,1790987520,1790987220,5,2,14042,徳吉正治,追,69.41,,,,,0.009715450457590273,,-0.1272366494333154,-0.11436551481283105,-0.02754251336062101,0.13498700219787804,0.004795382899542092,,0,,,0,
2026-10-03,松戸,4,043120261003,1790987520,1790987220,6,7,14363,中川昌久,追,70.54,,,,,0.009602509074646041,,-0.07682212795973761,0.03099606301334023,-0.09461610353395641,-0.10304351312815115,0.0094844175667706,,0,,,0,
2026-10-03,松戸,4,043120261003,1790987520,1790987220,7,3,14719,佐川拓也,両,68.64,,,,,0.0016586076485742053,,-0.21126085188927837,-0.07038857776006384,-0.13933183031618002,0.041217405251260476,0.00734805705821646,,0,,,0,
2026-10-03,松戸,5,053120261003,1790988780,1790988480,1,4,16003,吉岡竜太,逃,79.11,,,,,0.8390744344221004,0.7773486236945092,0.21416269731104018,0.3756830622356564,0.15128590609513318,0.19611613513818402,0.013151945477410753,,0,,,0,
2026-10-03,松戸,5,053120261003,1790988780,1790988480,2,7,12910,塩川真一郎,追,74.88,,,,,0.06172581072759116,,0.09476225544736293,0.0032630083675843674,-0.07344147468641846,0.058834840541455206,0.006831090848242622,,0,,,0,
2026-10-03,松戸,5,053120261003,1790988780,1790988480,3,5,14049,廣田樹里,両,73.04,,,,,0.0604145494642168,,0.02842867663420889,0.011045876777604019,0.14288026144347674,-0.07844645405527362,0.00495873863871102,,0,,,0,
2026-10-03,松戸,5,053120261003,1790988780,1790988480,4,1,14550,龍門慎太郎,追,71.33,,,,,0.019499339804083686,,0.01516196087157807,-0.05414469535305248,0.022078878804523375,-0.07844645405527362,0.005378917126524308,,0,,,0,
2026-10-03,松戸,5,053120261003,1790988780,1790988480,5,2,15253,清水健次,逃,69.64,,,,,0.013135913746989972,,-0.03790490217894509,-0.007494997059246101,-0.09592062228387782,0.058834840541455206,0.005547808253942541,,0,,,0,
2026-10-03,松戸,5,053120261003,1790988780,1790988480,6,3,12550,荒木真慈,追,70.33,,,,,0.004727687200701832,,0.0018952451089473102,-0.015277865469265753,0.022078878804523375,-0.07844645405527362,0.0066693216793946705,,0,,,0,
2026-10-03,松戸,5,053120261003,1790988780,1790988480,7,6,11790,廣川貞治,追,66.0,,,,,0.0014222646343162479,,-0.3165059331941921,0.021803882204434494,-0.16896182817736027,-0.07844645405527362,0.00616035694426805,,0,,,0,
2026-10-03,松戸,6,063120261003,1790990040,1790989740,1,5,15866,高木萌那,逃,54.5,,,,,0.48353207123226133,0.13428352044550385,0.15979166737771652,-0.028703851860318427,0.1011455336673712,0.22345358992263936,0.009682235197223457,,0,,,0,
2026-10-03,松戸,6,063120261003,1790990040,1790989740,2,1,15491,當銘沙恵美,両,54.54,,,,,0.3492485507867575,,0.203656046657874,-0.028703851860318427,0.21077143654346003,0.04965635331614207,0.0038911170753140115,,0,,,0,
2026-10-03,松戸,6,063120261003,1790990040,1790989740,3,2,15485,青木美保,両,53.12,,,,,0.12909542610686084,,0.13785947773763774,-0.028703851860318427,0.08680387655133236,-0.008276058886023684,0.0057440541170297125,,0,,,0,
2026-10-03,松戸,6,063120261003,1790990040,1790989740,4,6,15585,山本さくら,両,49.87,,,,,0.016344371421750627,,-0.19112336686354325,-0.028703851860318427,-0.004928714184172636,-0.06620847108818943,0.0029965059240579447,,0,,,0,
2026-10-03,松戸,6,063120261003,1790990040,1790989740,5,3,14967,杉沢毛伊子,両,49.25,,,,,0.00905464355452869,,-0.14725898758338574,-0.028703851860318427,-0.06939865269741796,-0.06620847108818943,0.004519036574915115,,0,,,0,
2026-10-03,松戸,6,063120261003,1790990040,1790989740,6,4,15670,萩原瑞生,追,48.3,,,,,0.008623590124207785,,-0.08146241866314959,-0.028703851860318427,-0.16184157443783195,-0.06620847108818943,0.004699363239941962,,0,,,0,
2026-10-03,松戸,6,063120261003,1790990040,1790989740,7,7,14909,浦部郁里,追,48.29,,,,,0.004101346773633223,,-0.08146241866314959,-0.028703851860318427,-0.16255190544274095,-0.06620847108818943,0.005617895699217047,,0,,,0,
2026-10-03,松戸,7,073120261003,1790991300,1790991000,1,6,15070,尾崎睦,両,58.16,,,,,0.9579960448349011,0.9368641455774366,0.276961175610209,-0.028703851860318427,0.27897848401345393,-0.05883484054145521,0.004644896002404179,,0,,,0,
2026-10-03,松戸,7,073120261003,1790991300,1790991000,2,4,15578,飯田風音,両,54.2,,,,,0.021131899257464507,,0.03195705872425487,-0.028703851860318427,-0.02262744545335508,0.21572774865200245,0.0007126645491053346,,0,,,0,
2026-10-03,松戸,7,073120261003,1790991300,1790991000,3,2,15313,豊岡英子,両,51.93,,,,,0.00964880356155871,,0.06391411744850974,-0.028703851860318427,0.01068285786036198,-0.05883484054145521,0.0008132760148613817,,0,,,0,
2026-10-03,松戸,7,073120261003,1790991300,1790991000,4,1,14905,加瀬加奈子,逃,49.86,,,,,0.0055893324944047505,,-0.031957058724254916,-0.028703851860318427,0.05566201381170991,-0.05883484054145521,0.0012241061666985744,,0,,,0,
2026-10-03,松戸,7,073120261003,1790991300,1790991000,5,7,15682,渡部遥,両,50.05,,,,,0.0035960311209335075,,0.010652352908084925,-0.028703851860318427,-0.04064249684273023,0.07844645405527362,0.0008719660365524093,,0,,,0,
2026-10-03,松戸,7,073120261003,1790991300,1790991000,6,5,15954,北津留千羽,両,49.16,,,,,0.0015501621972718305,,-0.09587117617276467,-0.028703851860318427,-0.1081697032918421,-0.05883484054145521,0.0012241061666985744,,0,,,0,
2026-10-03,松戸,7,073120261003,1790991300,1790991000,7,3,15133,佐藤友香,追,45.66,,,,,0.00048772653346562146,,-0.2556564697940391,-0.028703851860318427,-0.17388371009759845,-0.05883484054145521,0.0012241061666985744,,0,,,0,
2026-10-03,大宮,1,012520261003,1790991900,1790991600,1,1,15693,松田昂己,逃,86.04,,,,,0.6655079008437105,0.4838634983376061,0.24770879203960725,0.0512446569770321,0.18876847146079956,-0.040824829046386304,0.0009597901311240292,,0,,,0,
2026-10-03,大宮,1,012520261003,1790991900,1790991600,2,5,15898,岩原健馬,逃,83.27,,,,,0.18164440250610436,,0.07352002622990608,0.36681592861102347,0.018862875925631337,-0.040824829046386304,0.004836589484291677,,0,,,0,
2026-10-03,大宮,1,012520261003,1790991900,1790991600,3,7,13690,伊藤大理,追,82.63,,,,,0.08339967344015886,,0.09103890167947917,0.024832346163682482,0.12369251163268674,-0.040824829046386304,0.0009597901311240292,,0,,,0,
2026-10-03,大宮,1,012520261003,1790991900,1790991600,4,2,14169,富安保充,追,82.73,,,,,0.05893346310795853,,0.027025244739051046,0.04339536214215256,-0.013675103988425094,-0.040824829046386304,0.0009597901311240292,,0,,,0,
2026-10-03,大宮,1,012520261003,1790991900,1790991600,5,4,13099,大橋直人,追,79.71,,,,,0.004413276593165261,,-0.22583179581272425,-0.0604198815246595,-0.02389169335204601,-0.040824829046386304,0.0009597901311240292,,0,,,0,
2026-10-03,大宮,1,012520261003,1790991900,1790991600,6,6,12473,清水邦章,追,79.52,,,,,0.0036728687202689774,,-0.12997797518308715,-0.12682265060366033,-0.12228116334186784,0.2449489742783178,3.7638828671530464e-05,,0,,,0,
2026-10-03,大宮,1,012520261003,1790991900,1790991600,7,3,13142,黒田大介,追,80.21,,,,,0.0024284147886335116,,-0.08348319369223212,-0.07898289750312959,-0.17147589833677873,-0.040824829046386304,0.0009597901311240292,,0,,,0,
2026-10-03,松阪,1,014720261003,1790992680,1790992380,1,7,015842,松本定,逃,98.95,,,,,0.5945259680620636,0.3077315862661524,0.21813060266937107,0.3853167627723495,0.2400607485369581,0.08367759315047132,0.003316766364583102,,0,,,0,
2026-10-03,松阪,1,014720261003,1790992680,1790992380,2,4,015608,山口多聞,逃,99.87,,,,,0.2867943817959112,,0.1305666650531601,0.07296673351670355,0.06434018821401702,-0.0320868966216093,0.001403591156979911,,0,,,0,
2026-10-03,松阪,1,014720261003,1790992680,1790992380,3,5,015733,都築巧,両,98.1,,,,,0.05481987151345539,,-0.2869384121651901,-0.16146590847246992,0.060524736283983874,0.19440884423680932,0.003316766364583102,,0,,,0,
2026-10-03,松阪,1,014720261003,1790992680,1790992380,4,3,014264,松尾信太郎,追,95.62,,,,,0.020235465124228656,,-0.04737734615795279,-0.014523035762709118,0.060524736283983874,-0.08241928347903567,0.001403591156979911,,0,,,0,
2026-10-03,松阪,1,014720261003,1790992680,1790992380,5,1,013762,吉田勇人,追,95.0,,,,,0.019073173551022903,,0.1499072242019192,0.0375353024465652,-0.1400262289472321,-0.08241928347903567,0.001403591156979911,,0,,,0,
2026-10-03,松阪,1,014720261003,1790992680,1790992380,6,2,013864,伊藤世哉,追,95.26,,,,,0.01148041246607361,,-0.04737734615795279,0.0375353024465652,-0.07317590720349346,-0.08241928347903567,0.00038442305573335137,,0,,,0,
2026-10-03,松阪,1,014720261003,1790992680,1790992380,7,6,015816,伊東佑晟,逃,93.0,,,,,0.006561582550041286,,-0.17186910898658075,0.010496727665574343,-0.07222204422098517,-0.08241928347903567,0.001403591156979911,,0,,,0,
2026-10-03,松阪,1,014720261003,1790992680,1790992380,8,8,013245,佐藤真一,追,94.77,,,,,0.0065091449372032765,,0.05495772154322488,-0.06154566019849497,-0.1400262289472321,0.08367759315047132,0.001403591156979911,,0,,,0,
2026-10-03,大宮,2,022520261003,1790993520,1790993220,1,3,015748,田中会心,逃,88.29,,,,,0.6698270289520897,0.4265308759023626,0.01953626667189931,0.16483005376489301,0.13051791322650608,0.10780010186114951,0.004231199505723195,,0,,,0,
2026-10-03,大宮,2,022520261003,1790993520,1790993220,2,4,013660,徳吉広紀,追,84.12,,,,,0.24329615304972707,,0.2845031517923962,0.12604404201705807,0.10279245697771111,0.08305909487662337,0.0003558952855281193,,0,,,0,
2026-10-03,大宮,2,022520261003,1790993520,1790993220,3,7,015897,森飛龍,逃,80.29,,,,,0.03441250763989745,,-0.0441553580369583,0.29476870103744157,-0.062111999141291105,0.10780010186114951,0.001581756824569419,,0,,,0,
2026-10-03,大宮,2,022520261003,1790993520,1790993220,4,2,014464,中西司,追,83.19,,,,,0.03413247072542582,,0.09342827766582337,-0.0038946052554904,0.10279245697771111,0.008836073923045027,0.001186317618427064,,0,,,0,
2026-10-03,大宮,2,022520261003,1790993520,1790993220,5,1,013484,表大暁,追,83.26,,,,,0.01090149368513635,,0.10445843295037606,-0.10461519140031009,-0.04479174800702161,-0.13960996798411165,0.001581756824569419,,0,,,0,
2026-10-03,大宮,2,022520261003,1790993520,1790993220,6,5,012861,小坂敏之,追,81.16,,,,,0.005820158743536587,,-0.054355744322024765,-0.1524549445008408,-0.09398648300193252,-0.028275436553744145,0.0010281419359701224,,0,,,0,
2026-10-03,大宮,2,022520261003,1790993520,1790993220,7,6,015112,日浦崇道,逃,75.8,,,,,0.001610187204187016,,-0.4034150267215122,-0.1524549445008408,-0.13521259703168306,-0.13960996798411165,0.001581756824569419,,0,,,0,
2026-10-03,松阪,2,024720261003,1790994360,1790994060,1,7,015169,野口裕史,逃,101.24,,,,,0.5230055420561184,0.2940681708097847,0.0458569742250787,0.178266070358239,0.0493384377357743,-0.06655173820620854,0.002890553728889822,,0,,,0,
2026-10-03,松阪,2,024720261003,1790994360,1790994060,2,2,014835,窓場千加頼,両,101.53,,,,,0.22893737124633368,,-0.1479171533835833,0.0434614061829884,0.04575424310091092,0.22627590990110905,0.0024623235468320707,,0,,,0,
2026-10-03,松阪,2,024720261003,1790994360,1790994060,3,1,015046,山本紳貴,追,97.6,,,,,0.06941669377973868,,0.10907997837347691,0.05762215020387639,-0.002993879253086827,-0.06655173820620854,0.0020340933647743187,,0,,,0,
2026-10-03,松阪,2,024720261003,1790994360,1790994060,4,5,014839,山本巨樹,追,97.78,,,,,0.06905045613584308,,0.10949276169554423,0.023920984160063746,0.08431894575999305,-0.06655173820620854,0.0020340933647743187,,0,,,0,
2026-10-03,松阪,2,024720261003,1790994360,1790994060,5,3,015416,小笠原光,両,97.4,,,,,0.04745151261174928,,0.06252490521228136,-0.04767405193846493,0.040662533253453106,0.07542530330036967,0.001605863182716568,,0,,,0,
2026-10-03,松阪,2,024720261003,1790994360,1790994060,6,8,014221,古川尚耶,追,96.64,,,,,0.0402018357682917,,0.05419093971868004,-0.0266307649056552,0.040662533253453106,0.031057477829563987,0.0011776330006588163,,0,,,0,
2026-10-03,松阪,2,024720261003,1790994360,1790994060,7,4,013045,岩本和也,追,97.8,,,,,0.01862537561754616,,0.11480107820565279,-0.26673163122324706,-0.0903067042661667,-0.06655173820620854,0.002248208455803195,,0,,,0,
2026-10-03,松阪,2,024720261003,1790994360,1790994060,8,6,015802,中島竜誠,逃,91.14,,,,,0.0033112127843790973,,-0.3480294840471299,0.2962201515115832,-0.16743610958433097,-0.06655173820620854,0.0005352877275721897,,0,,,0,
2026-10-03,大宮,3,032520261003,1790995200,1790994900,1,4,14178,伊原克彦,両,90.66,,,,,0.5807459229820489,0.3196097710057017,0.3045192178737305,0.3188002914032881,0.10524361245158004,0.02096720362398676,0.0030991041452346603,,0,,,0,
2026-10-03,大宮,3,032520261003,1790995200,1790994900,2,5,15245,尾崎悠生,逃,88.61,,,,,0.26113615197634715,,0.08250749362183199,0.1467091831998315,0.09977325643546668,0.22340916964868637,0.0029484532492857532,,0,,,0,
2026-10-03,大宮,3,032520261003,1790995200,1790994900,3,2,13465,春日勇人,追,86.91,,,,,0.0829667822196693,,0.12677866457307252,-0.04637861518447695,0.10252007583971973,-0.014460140430335678,0.0012697718372836455,,0,,,0,
2026-10-03,大宮,3,032520261003,1790995200,1790994900,4,1,12747,布居寛幸,追,85.88,,,,,0.03805882889752789,,-0.07297822520398836,-0.011960393543785622,-0.08847672887639248,-0.08025377938836306,0.001872375421079274,,0,,,0,
2026-10-03,大宮,3,032520261003,1790995200,1790994900,5,3,15387,緒方慎太朗,逃,84.23,,,,,0.01661036254868091,,-0.317125534931507,-0.059800146644316335,-0.042106758097589125,0.01084510532275177,0.00021521556564129554,,0,,,0,
2026-10-03,大宮,3,032520261003,1790995200,1790994900,6,7,13507,吉岡篤志,追,84.57,,,,,0.012845527323678307,,-0.07291860070437958,-0.04637861518447695,-0.05027736793317004,-0.08025377938836306,0.0020230263170281813,,0,,,0,
2026-10-03,大宮,3,032520261003,1790995200,1790994900,7,6,15157,高橋大輝,両,81.85,,,,,0.007636424052047533,,-0.05078301522875936,0.033886567657651454,-0.12667608981961492,-0.08025377938836306,0.0006671682534880169,,0,,,0,
2026-10-03,松阪,3,034720261003,1790996040,1790995740,1,7,15066,原口昌平,両,105.0,,,,,0.6406604290630427,0.499598380563395,0.16629363415158216,0.25881125883583916,0.08923971285663337,-0.08981550966095068,0.003494216357209842,,0,,,0,
2026-10-03,松阪,3,034720261003,1790996040,1790995740,2,1,15014,西田将士,追,102.54,,,,,0.14106204849964768,,0.05038169104393374,0.08658314796426092,-0.12747502136913383,-0.08981550966095068,0.001767662392470861,,0,,,0,
2026-10-03,松阪,3,034720261003,1790996040,1790995740,3,3,13328,萩原孝之,追,101.42,,,,,0.08883618082287847,,-0.0007058200609999996,0.16661588285018053,-0.07050950177582888,0.13817770717069336,0.0014387949706158173,,0,,,0,
2026-10-03,松阪,3,034720261003,1790996040,1790995740,4,4,14177,小堺浩二,両,99.64,,,,,0.06676437158397516,,-0.33513153323244893,0.08132786442931911,0.15735257659739094,0.13817770717069336,0.0018498792479346227,,0,,,0,
2026-10-03,松阪,3,034720261003,1790996040,1790995740,5,8,15525,鈴木浩太,逃,98.64,,,,,0.035568254228176124,,-0.16529933389105386,0.098745789064,0.020506940035162652,0.09672439501948535,0.0011921444042245352,,0,,,0,
2026-10-03,松阪,3,034720261003,1790996040,1790995740,6,5,14017,大塚玲,追,99.0,,,,,0.011299884712041606,,0.2881429841679618,-0.15092479760669886,-0.013543982182523923,-0.08981550966095068,0.00020554213865940266,,0,,,0,
2026-10-03,松阪,3,034720261003,1790996040,1790995740,7,2,13604,庄子信弘,追,99.27,,,,,0.008488231622583655,,-0.09354792716148608,-0.15092479760669886,-0.0420267419791764,-0.08981550966095068,0.0004521927050506854,,0,,,0,
2026-10-03,松阪,3,034720261003,1790996040,1790995740,8,6,13230,開坂秀明,追,97.32,,,,,0.0073205994676547245,,0.08986630498251033,-0.19878670767139944,-0.013543982182523923,-0.013817770717069336,0.0030831320798910375,,0,,,0,
2026-10-03,大宮,4,042520261003,1790996880,1790996580,1,7,15182,吉川希望,逃,92.19,,,,,0.7171311790351286,0.5709989056932291,0.2244663964514016,0.1799065016756809,0.12007431157620474,0.05002792516274673,0.0016812193261775616,,0,,,0,
2026-10-03,大宮,4,042520261003,1790996880,1790996580,2,2,14779,名川豊,追,89.52,,,,,0.14613227334189952,,0.21394781796932666,0.04704064889931501,0.09941070341310591,0.018760471936030032,0.0012609144946331716,,0,,,0,
2026-10-03,大宮,4,042520261003,1790996880,1790996580,3,1,15918,土井慎二,逃,83.61,,,,,0.05711048228551059,,-0.04383908625872394,0.257351761337208,-0.07453333833658811,0.2063651912963302,0.003362438652355123,,0,,,0,
2026-10-03,大宮,4,042520261003,1790996880,1790996580,4,4,14572,赤塚悠人,両,83.42,,,,,0.02878347651430265,,0.017732239247614207,0.03792352562954785,-0.015046957083896001,-0.03126745322671669,0.00042030483154439013,,0,,,0,
2026-10-03,大宮,4,042520261003,1790996880,1790996580,5,5,14181,藤原悠斗,追,83.88,,,,,0.028128464401675442,,0.0027244442175575756,0.021225562345472612,0.021567643447988782,-0.03126745322671669,0.0018913717419497562,,0,,,0,
2026-10-03,大宮,4,042520261003,1790996880,1790996580,6,3,14204,大崎和也,追,86.28,,,,,0.020798900841314905,,-0.12392439962247681,0.021225562345472612,-0.05627541651712836,-0.10630934097083676,0.0014710669104053657,,0,,,0,
2026-10-03,大宮,4,042520261003,1790996880,1790996580,7,6,14227,緒方剛,追,81.0,,,,,0.0019152235801683205,,-0.2911074120046995,-0.2776350436295128,-0.09519694649968692,-0.10630934097083676,0.0025218289892663414,,0,,,0,
2026-10-03,松阪,4,044720261003,1790997720,1790997420,1,9,14441,芦澤辰弘,追,104.85,,,,,0.3643787938583279,0.018172632066046468,0.07613254634408881,0.053159987597566,0.08300111570456713,-0.0620000666488578,0.0001665943757646905,,0,,,0,
2026-10-03,松阪,4,044720261003,1790997720,1790997420,2,2,15334,朝倉智仁,逃,102.54,,,,,0.3462061617922814,,0.2819928230564449,0.32180095595309677,0.13864285628373674,-0.0620000666488578,0.005414317212352423,,0,,,0,
2026-10-03,松阪,4,044720261003,1790997720,1790997420,3,1,15717,児玉虎之介,逃,99.66,,,,,0.12142020034890984,,0.2675963193935499,0.11078785727844934,0.03533421050230162,-0.0620000666488578,0.0001665943757646905,,0,,,0,
2026-10-03,松阪,4,044720261003,1790997720,1790997420,4,5,15378,今野有樹,追,100.72,,,,,0.08985507644944794,,-0.0964994921683265,-0.025969924405426788,0.08300111570456713,0.0477705431556773,0.0013327550061175192,,0,,,0,
2026-10-03,松阪,4,044720261003,1790997720,1790997420,5,3,15643,小川将二郎,逃,97.85,,,,,0.036232445935693185,,-0.07464733539460311,0.08441121994411842,-0.075938558476087,0.2398691103136138,0.0009579176606469666,,0,,,0,
2026-10-03,松阪,4,044720261003,1790997720,1790997420,6,7,14613,黒田淳,追,98.72,,,,,0.017144963303439096,,-0.0038204276399766077,-0.10980097732748614,0.02737008730534808,0.08436074642385569,0.0005830803151764144,,0,,,0,
2026-10-03,松阪,4,044720261003,1790997720,1790997420,7,6,14978,谷口明正,両,94.25,,,,,0.011299374882335232,,-0.25820545229388003,0.1586665369348897,-0.06799585963903451,-0.0620000666488578,0.0005830803151764144,,0,,,0,
2026-10-03,松阪,4,044720261003,1790997720,1790997420,8,8,14249,鷲田幸司,追,96.46,,,,,0.006892923905779917,,-0.17034682215963065,-0.0042944279901624294,-0.08389196949309002,-0.0620000666488578,0.0005830803151764144,,0,,,0,
2026-10-03,松阪,4,044720261003,1790997720,1790997420,9,4,14350,佐藤雅春,追,97.08,,,,,0.006570059523785546,,-0.022202159137666835,-0.21530752666480987,-0.1395229978923091,-0.0620000666488578,0.0017075923515880716,,0,,,0,
2026-10-03,大宮,5,052520261003,1790998560,1790998260,1,3,13514,山口貴嗣,追,100.68,,,,,0.48145692679893043,0.33367545286995137,0.16739199191445303,0.11860628953286169,0.12412071567396218,0.03377030579150344,0.0016977493752543308,,0,,,0,
2026-10-03,大宮,5,052520261003,1790998560,1790998260,2,4,13855,近藤俊明,追,99.96,,,,,0.14778147392897908,,0.24485165883860138,0.017538176170714334,-0.004734081360766841,-0.0951708617760551,0.00024253562503633253,,0,,,0,
2026-10-03,大宮,5,052520261003,1790998560,1790998260,3,5,13497,藤田昌宏,両,96.35,,,,,0.12844286741168187,,-0.22230203070224913,0.24766637814664025,0.033042670673680025,0.12587113976833095,0.00412310562561766,,0,,,0,
2026-10-03,大宮,5,052520261003,1790998560,1790998260,4,2,14076,志村太賀,追,100.0,,,,,0.11742081268643859,,-0.07799204203436237,-0.03299588051035932,-0.06916147987813134,-0.0951708617760551,0.0009701425001453322,,0,,,0,
2026-10-03,大宮,5,052520261003,1790998560,1790998260,5,1,13944,桐山敬太郎,追,99.37,,,,,0.09144588307042471,,-0.06738269685395243,0.14659826478449287,-0.036947780619449096,0.12587113976833095,0.0004850712500726661,,0,,,0,
2026-10-03,大宮,5,052520261003,1790998560,1790998260,6,6,15251,柿本大貴,逃,94.68,,,,,0.03345203610354541,,-0.044566881162492716,-0.18187310364248602,-0.0463200444892949,-0.0951708617760551,0.0016977493752543308,,0,,,0,
2026-10-03,松阪,5,054720261003,1790999400,1790999100,1,9,15476,緒方将樹,逃,106.64,,,,,0.5715944894188967,0.4088514332593831,0.28651485456770526,0.1269735016157056,0.18658940105160926,-0.06638421075351883,0.002246622121842074,,0,,,0,
2026-10-03,松阪,5,054720261003,1790999400,1790999100,2,3,15609,安倍大成,逃,102.5,,,,,0.16274305615951357,,0.21151485456770525,-0.07152411243250453,0.2087598765360875,-0.06638421075351883,0.0013365979712224995,,0,,,0,
2026-10-03,松阪,5,054720261003,1790999400,1790999100,3,2,15329,板垣昴,逃,100.35,,,,,0.0872638909595505,,-0.1825616450983108,0.21719968981943746,0.0013078293412850071,0.18318680942110258,0.001990677829480319,,0,,,0,
2026-10-03,松阪,5,054720261003,1790999400,1790999100,4,1,15269,佐山寛明,逃,99.13,,,,,0.048500239427954714,,-0.2510912907413044,0.24703313183513143,0.021559671103650573,-0.005882145256640914,0.0003128208017754785,,0,,,0,
2026-10-03,松阪,5,054720261003,1790999400,1790999100,5,4,14712,泉慶輔,追,97.5,,,,,0.03967617169782015,,-0.0493985940618472,0.06658075542766768,-0.01976628401627169,-0.02857041981797013,0.00184848655594601,,0,,,0,
2026-10-03,松阪,5,054720261003,1790999400,1790999100,6,8,14096,伊藤成紀,両,97.25,,,,,0.0382376278569462,,0.14688144917423496,0.09088302633421284,-0.04029221631036764,0.18318680942110258,0.0025025664142038296,,0,,,0,
2026-10-03,松阪,5,054720261003,1790999400,1790999100,7,7,14370,阿部大樹,両,98.47,,,,,0.030316900320556325,,-0.12360531837662356,0.08462599306841408,-0.07121816001737674,-0.06638421075351883,0.001734733537118564,,0,,,0,
2026-10-03,松阪,5,054720261003,1790999400,1790999100,8,5,13443,大坪功一,追,98.31,,,,,0.01821105365084871,,-0.00800235381232424,-0.05973590805755692,-0.112544115137299,-0.06638421075351883,0.00236037514066952,,0,,,0,
2026-10-03,松阪,5,054720261003,1790999400,1790999100,9,6,14137,房州輝也,両,94.51,,,,,0.0034565705079132023,,-0.030251956219235376,-0.26155222477125634,-0.1743960025513172,-0.06638421075351883,0.0026163194330312755,,0,,,0,
2026-10-03,大宮,6,062520261003,1791000240,1790999940,1,1,14752,竹内雄作,逃,99.0,,,,,0.3965872291000968,0.1057830853091678,0.2512813228342479,0.17902525398448615,0.11568968371845523,-0.0702764221499934,0.002254938084008486,,0,,,0,
2026-10-03,大宮,6,062520261003,1791000240,1790999940,2,4,13883,高津晃治,追,99.61,,,,,0.290804143790929,,-0.024139553385766524,0.19864565348149701,-0.04795502849900289,0.1213865473499886,0.0013529628504050906,,0,,,0,
2026-10-03,大宮,6,062520261003,1791000240,1790999940,3,5,14792,坂本周輝,両,99.88,,,,,0.22551035071144582,,-0.14660177709112682,0.12264783343854915,0.12908178676486595,-0.0702764221499934,0.0022549380840084874,,0,,,0,
2026-10-03,大宮,6,062520261003,1791000240,1790999940,4,3,14163,内田英介,追,96.65,,,,,0.03658023222570393,,0.22333316860224384,-0.2729876215610477,0.05794768447561647,-0.0702764221499934,0.0004509876168016965,,0,,,0,
2026-10-03,大宮,6,062520261003,1791000240,1790999940,5,2,12786,佐藤康紀,追,93.43,,,,,0.031050374234047804,,-0.04547876694045417,-0.055052738975219305,-0.10090638498631258,-0.0702764221499934,0.003156913317611882,,0,,,0,
2026-10-03,大宮,6,062520261003,1791000240,1790999940,6,6,15524,栗本武典,両,92.71,,,,,0.0194676699377766,,-0.25839439401914355,-0.01928922910433146,-0.15385774147362224,0.15971914124998499,0.0013529628504050906,,0,,,0,
2026-10-03,松阪,6,064720261003,1791001080,1791000780,1,9,14995,渡邉雄太,両,105.21,,,,,0.5662679081247426,0.31711046586345837,0.21995623149982982,0.25033161226324935,0.12077925856936629,-0.05862702510314693,2.4168412226141744e-05,,0,,,0,
2026-10-03,松阪,6,064720261003,1791001080,1791000780,2,1,15896,丸山留依,逃,104.05,,,,,0.24915744226128425,,0.030125260486679743,0.3235715717369607,0.006881197943983203,0.265080475466376,0.003721935482825805,,0,,,0,
2026-10-03,松阪,6,064720261003,1791001080,1791000780,3,3,15122,島川将貴,逃,104.0,,,,,0.093782708403121,,0.13797304953925968,-0.061805916404430956,0.1048716241620298,-0.05862702510314693,0.0006767155423319646,,0,,,0,
2026-10-03,松阪,6,064720261003,1791001080,1791000780,4,2,14599,松岡篤哉,両,100.18,,,,,0.03589468688185214,,0.051694818297195654,0.00425879584837903,0.009850756751385172,-0.006833825012023261,0.0008942312523672391,,0,,,0,
2026-10-03,松阪,6,064720261003,1791001080,1791000780,5,4,14108,山中貴雄,追,98.07,,,,,0.019266427761744195,,0.13797304953925968,-0.06898116362533223,-0.013055835641081918,-0.05862702510314693,0.0028035358182324243,,0,,,0,
2026-10-03,松阪,6,064720261003,1791001080,1791000780,6,5,15342,福田滉,追,98.87,,,,,0.013810788419434908,,-0.05994983424936811,0.0191051193784144,-0.17425186045510016,0.048196450084795645,0.0004108630078444067,,0,,,0,
2026-10-03,松阪,6,064720261003,1791001080,1791000780,7,7,13410,伊勢崎彰大,追,99.9,,,,,0.009904148972713954,,-0.04746856078934942,-0.104414008462124,0.027243170562422647,-0.05862702510314693,0.00258602010819715,,0,,,0,
2026-10-03,松阪,6,064720261003,1791001080,1791000780,8,8,13335,坂上樹大,追,95.66,,,,,0.009787873238768808,,-0.060448020036877964,0.1622453292595027,-0.05335484184458647,-0.05862702510314693,0.0019818098025436103,,0,,,0,
2026-10-03,松阪,6,064720261003,1791001080,1791000780,9,6,14053,鈴木謙太郎,両,95.24,,,,,0.0021280159363382613,,-0.40985599428662756,-0.0838274871553676,-0.028963470048418406,-0.013307975023413715,0.0014984415580207781,,0,,,0,
2026-10-03,大宮,7,072520261003,1791001920,1791001620,1,4,15787,中村龍吉,逃,102.66,,,,,0.7203706081013155,0.5227601069324042,0.11270411171992732,0.3032023985493495,0.12648742650879582,0.15971914124998499,0.0024798117251458467,,0,,,0,
2026-10-03,大宮,7,072520261003,1791001920,1791001620,2,5,13719,吉田敏洋,両,102.0,,,,,0.19761050116891138,,0.19607721505850428,0.015490812812553155,0.13114212584773316,-0.0702764221499934,0.0012399058625729227,,0,,,0,
2026-10-03,大宮,7,072520261003,1791001920,1791001620,3,3,14720,高橋広大,追,99.22,,,,,0.053618204092721805,,0.10947467468006047,-0.04551295000686058,-0.09315960755090513,-0.0702764221499934,0.0028931136793368204,,0,,,0,
2026-10-03,大宮,7,072520261003,1791001920,1791001620,4,6,15823,西岡利起,逃,93.6,,,,,0.013098711923968073,,-0.2638653380692761,0.13035840389434386,-0.042236939246281635,0.12138654734998858,0.0022731607480503593,,0,,,0,
2026-10-03,大宮,7,072520261003,1791001920,1791001620,5,2,14292,丸山直樹,追,96.35,,,,,0.009353498922006685,,-0.06243863126088059,-0.062214706517893285,0.002969706762796981,-0.0702764221499934,0.00144655683966841,,0,,,0,
2026-10-03,大宮,7,072520261003,1791001920,1791001620,6,1,13357,近藤誠二,追,96.03,,,,,0.005948475791076571,,-0.09195203212833528,-0.09271658792760015,-0.12520271232213917,-0.0702764221499934,0.0008266039083819488,,0,,,0,
2026-10-03,松阪,7,074720261003,1791002760,1791002460,1,1,14860,吉澤純平,両,111.06,,,,,0.7618436090186939,0.7062964983045195,0.21962457657482923,0.2451726523539494,-0.04118135496239976,0.13689641954834839,0.0032866658221565805,,0,,,0,
2026-10-03,松阪,7,074720261003,1791002760,1791002460,2,3,14168,高橋和也,両,102.65,,,,,0.055547110714174446,,0.2962035661709348,-0.035054811358866234,0.16046860449360903,-0.10951713563867871,0.0012812426086373106,,0,,,0,
2026-10-03,松阪,7,074720261003,1791002760,1791002460,3,9,13737,筒井敦史,追,104.92,,,,,0.040862793601879936,,-0.007263950219214783,0.09482932149394185,0.08041367829421009,-0.10951713563867871,0.0019775701133315036,,0,,,0,
2026-10-03,松阪,7,074720261003,1791002760,1791002460,4,5,14942,清水剛志,両,103.04,,,,,0.039378928593604444,,0.13431791172221627,0.20416992575576545,0.08041367829421009,0.06297235299224027,0.00027853100187767536,,0,,,0,
2026-10-03,松阪,7,074720261003,1791002760,1791002460,5,4,15347,武田亮,逃,101.56,,,,,0.03650151606171918,,0.053446753657012465,0.04695064183750149,0.10854347067209535,0.08761370851094297,0.0007798868052574933,,0,,,0,
2026-10-03,松阪,7,074720261003,1791002760,1791002460,6,7,13637,笠松信幸,追,105.84,,,,,0.033453568677393034,,-0.02748173973551575,0.012823868297574125,-0.07158011327655223,0.06297235299224027,0.0007241806048819591,,0,,,0,
2026-10-03,松阪,7,074720261003,1791002760,1791002460,7,2,14182,大川龍二,両,106.13,,,,,0.026868276913859276,,-0.2094705130458865,-0.08972511348977807,-0.10197887159070468,0.08761370851094297,0.0014762143099516858,,0,,,0,
2026-10-03,松阪,7,074720261003,1791002760,1791002460,8,6,15366,張野幸聖,逃,95.65,,,,,0.004529024553301274,,-0.20944184538222438,0.22462912376296487,-0.052322703705458204,-0.10951713563867871,0.0020332763137070366,,0,,,0,
2026-10-03,松阪,7,074720261003,1791002760,1791002460,9,8,14576,中田雄喜,追,99.3,,,,,0.00101517186537461,,-0.24993475974215065,-0.26331175581380156,-0.1627763882190096,-0.10951713563867871,0.0034816375234709555,,0,,,0,
2026-10-03,大宮,8,082520261003,1791003660,1791003360,1,5,15173,格清洋介,逃,101.6,,,,,0.4368002157941541,0.18609308243338557,0.16413535702341792,0.35498799584758167,0.08935981352016306,-0.15435628119112418,0.0036955213296625314,,0,,,0,
2026-10-03,大宮,8,082520261003,1791003660,1791003360,2,2,15381,岩谷拓磨,逃,107.17,,,,,0.25070713336076855,,0.05579242050225847,0.008814966796980402,0.07470396394739093,-0.016053053243876913,0.0007076530205736755,,0,,,0,
2026-10-03,大宮,8,082520261003,1791003660,1791003360,3,1,15096,大石剣士,逃,105.42,,,,,0.19938420063223683,,-0.010834693841339463,0.11820383464533958,0.05497914453103324,0.19140178867699398,0.002319529345213717,,0,,,0,
2026-10-03,大宮,8,082520261003,1791003660,1791003360,4,4,15836,遠藤拓巳,逃,101.34,,,,,0.046292774638447914,,0.1272358713334345,0.0187594093286494,-0.07262601572150874,0.061742512476449664,0.002083645005022491,,0,,,0,
2026-10-03,大宮,8,082520261003,1791003660,1791003360,5,7,15296,上田尭弥,逃,99.47,,,,,0.0376399836916394,,-0.18147411853102416,-0.022900820355841043,-0.05785995415713971,-0.05062886023068874,0.0015332482112429648,,0,,,0,
2026-10-03,大宮,8,082520261003,1791003660,1791003360,6,3,13118,山内卓也,追,101.6,,,,,0.026277999499163176,,0.018892934812275164,0.05665471989751112,0.03547474909786935,-0.05062886023068874,0.001258049814353202,,0,,,0,
2026-10-03,大宮,8,082520261003,1791003660,1791003360,7,6,14239,鈴木裕,両,97.95,,,,,0.0028976923835899835,,-0.17374777129902186,-0.19964183445650613,-0.12403170121780815,0.018522753742934907,0.0004324546236839131,,0,,,0,
2026-10-03,松阪,8,084720261003,1791004560,1791004260,1,7,15179,皿屋豊,両,104.13,,,,,0.5094947122488952,0.2502547638205104,0.15075925098391357,0.40212194707826066,0.07023999100591846,-0.0833974852545612,0.0009828514174634398,,0,,,0,
2026-10-03,松阪,8,084720261003,1791004560,1791004260,2,2,13772,岡村潤,追,107.19,,,,,0.2592399484283848,,0.12343397483584961,0.12023175111178325,0.1545558217167318,0.057887666235518956,0.0009828514174634398,,0,,,0,
2026-10-03,松阪,8,084720261003,1791004560,1791004260,3,3,15199,田尾駿介,追,106.63,,,,,0.14027506868498174,,0.17236767636660155,0.18063679310459982,-0.03834149552744345,0.1903424957574691,0.0031058104791844687,,0,,,0,
2026-10-03,松阪,8,084720261003,1791004560,1791004260,4,1,15628,村田祐樹,逃,100.52,,,,,0.03643100348919495,,-0.26242168906619856,-0.008186984535079251,0.07503743916300579,-0.0833974852545612,0.0011401076442575891,,0,,,0,
2026-10-03,松阪,8,084720261003,1791004560,1791004260,5,9,15441,鈴木陸来,逃,102.15,,,,,0.025031077761614944,,-0.04296435261568104,0.04215055045893457,0.032949127566877096,0.057887666235518956,0.0002751983968897638,,0,,,0,
2026-10-03,松阪,8,084720261003,1791004560,1791004260,6,5,15067,瀬戸晋作,両,98.85,,,,,0.010765202410272097,,0.1291508256012256,-0.17638397710963807,-0.010784735921132702,-0.0833974852545612,7.862811339707467e-05,,0,,,0,
2026-10-03,松阪,8,084720261003,1791004560,1791004260,7,8,15198,今村麟太郎,両,97.15,,,,,0.010058725268410042,,-0.0081564951892064,0.02201553646132905,-0.08536646279921545,0.11086959804429902,0.0009828514174634398,,0,,,0,
2026-10-03,松阪,8,084720261003,1791004560,1791004260,8,4,15002,神田龍,逃,97.55,,,,,0.0077545518677390535,,-0.051880098788801086,-0.12850529745319772,-0.07727791085836591,-0.0833974852545612,0.00043245462368391314,,0,,,0,
2026-10-03,松阪,8,084720261003,1791004560,1791004260,9,6,14208,安部貴之,追,94.3,,,,,0.0009497098405070581,,-0.21028909212770253,-0.12850529745319772,-0.12101177434637572,-0.0833974852545612,0.0046783727471259706,,0,,,0,
2026-10-03,大宮,9,092520261003,1791005460,1791005160,1,7,15475,伊藤旭,両,110.39,,,,,0.7729095114326704,0.688021896052138,-0.40350104829839023,0.39855330509038245,0.11950168739588214,0.006239285428106253,0.0012874526191574357,,0,,,0,
2026-10-03,大宮,9,092520261003,1791005460,1791005160,2,1,15651,中川聖大,逃,99.91,,,,,0.0848876153805324,,0.25674138810283326,0.08490365801500113,0.027098361897779477,0.1809392774150813,0.003335672695089721,,0,,,0,
2026-10-03,大宮,9,092520261003,1791005460,1791005160,3,2,14500,竹村勇祐,追,104.36,,,,,0.0504795809142275,,0.1101577623860586,0.03705184928458561,-0.0066610420137262275,-0.04617071216798626,0.0015800554871477628,,0,,,0,
2026-10-03,大宮,9,092520261003,1791005460,1791005160,4,5,14800,伊東翔貴,逃,101.77,,,,,0.0360564930998276,,-0.032730466654009874,-0.042685091092927195,0.05682714621509886,0.006239285428106253,0.0012874526191574357,,0,,,0,
2026-10-03,大宮,9,092520261003,1791005460,1791005160,5,4,13821,中村圭志,追,105.42,,,,,0.02276767784721841,,-0.03765810468219048,-0.13731220778498554,0.03833895798627377,-0.04617071216798626,0.0007607674567748487,,0,,,0,
2026-10-03,大宮,9,092520261003,1791005460,1791005160,6,3,14506,磯田旭,追,101.15,,,,,0.022341325199829003,,0.10523012435787812,0.026419453525591587,-0.09666104201372622,0.06738428262354752,0.00035112344158839194,,0,,,0,
2026-10-03,大宮,9,092520261003,1791005460,1791005160,7,6,15697,熊崎麻人,逃,97.82,,,,,0.010557796125694588,,0.0017603447878202921,-0.032052695333933165,-0.13844406946758175,-0.1684607065588688,0.0032186315478935903,,0,,,0,
2026-10-03,松阪,9,094720261003,1791006360,1791006060,1,7,13963,柏野智典,追,108.58,,,,,0.41072841651736725,0.03431454789666,0.2544868176875498,0.139835102257657,0.04007436792792425,-0.01118890610498921,0.001180157228651059,,0,,,0,
2026-10-03,松阪,9,094720261003,1791006360,1791006060,2,3,15826,久田朔,逃,106.0,,,,,0.37641386862070725,,0.10036629142794723,0.36594968676641043,0.24555541294457858,0.22857336757335092,0.004720628914604238,,0,,,0,
2026-10-03,松阪,9,094720261003,1791006360,1791006060,3,9,14398,藤田勝也,追,105.26,,,,,0.10414618540092183,,0.15173980018114802,0.11875869732187286,0.008155896475240683,-0.054346115367090435,0.0004859470941504366,,0,,,0,
2026-10-03,松阪,9,094720261003,1791006360,1791006060,4,1,15638,昼田達哉,逃,102.8,,,,,0.06688867573620351,,0.1844628186405292,0.0708800176654325,0.1442119120663067,0.07033026694564644,0.0007636311479506853,,0,,,0,
2026-10-03,松阪,9,094720261003,1791006360,1791006060,5,2,14588,柿澤大貴,追,102.22,,,,,0.021143749711730542,,-0.24378771947276134,-0.09773122182084057,-0.023762574977442892,0.07033026694564644,0.0006942101345006238,,0,,,0,
2026-10-03,松阪,9,094720261003,1791006360,1791006060,6,8,14286,関貴之,追,95.34,,,,,0.012573128650460279,,-0.18772336799770686,0.09768229238608873,-0.11951798933549361,-0.03996037894639003,0.0009024731748508107,,0,,,0,
2026-10-03,松阪,9,094720261003,1791006360,1791006060,7,5,14944,栗山俊介,両,100.11,,,,,0.005575307646236707,,0.08786991979118094,-0.10730695775212865,0.04007436792792425,-0.08791283368205804,6.942101345006278e-05,,0,,,0,
2026-10-03,松阪,9,094720261003,1791006360,1791006060,8,4,14617,西岡拓朗,追,98.68,,,,,0.001919915733681632,,-0.07559466504759738,-0.10730695775212865,-0.15143646078817719,-0.08791283368205804,0.00236031445730212,,0,,,0,
2026-10-03,松阪,9,094720261003,1791006360,1791006060,9,6,13622,白岩大助,追,94.83,,,,,0.0006107519826910435,,-0.2718198952102889,-0.10730695775212865,-0.18335493224086075,-0.08791283368205804,0.002152051416951933,,0,,,0,
2026-10-03,大宮,10,102520261003,1791007260,1791006960,1,2,14484,河端朋之,逃,110.2,,,,,0.745729963388867,0.6252968306147395,-0.0212700527365495,0.3504984201155268,0.2246041617248062,0.057435819347018885,0.0019742344025000576,,0,,,0,
2026-10-03,大宮,10,102520261003,1791007260,1791006960,2,5,14886,山本伸一,両,105.61,,,,,0.12043313277412747,,0.23743993940470276,0.10663112801251894,0.008576664232314318,-0.030684889788133385,0.0006985752501154047,,0,,,0,
2026-10-03,大宮,10,102520261003,1791007260,1791006960,3,4,15417,櫻井祐太郎,逃,102.29,,,,,0.0651101248564616,,0.23609074412033515,0.03662162108444203,-0.02510476466006309,0.07946599663080697,6.0745673923078254e-05,,0,,,0,
2026-10-03,大宮,10,102520261003,1791007260,1791006960,4,7,14846,久米康平,両,103.85,,,,,0.04792470217348234,,-0.04417841403268806,-0.09639690188083494,-0.04400064311804182,0.040913186384177846,0.001214913478461575,,0,,,0,
2026-10-03,大宮,10,102520261003,1791007260,1791006960,5,1,14795,櫻井正孝,追,103.6,,,,,0.010721067858655097,,-0.06371378711790776,-0.10398153334916961,-0.07973723602220925,-0.14083577620707374,0.002703182489577003,,0,,,0,
2026-10-03,大宮,10,102520261003,1791007260,1791006960,6,3,15723,稲毛知也,逃,96.91,,,,,0.00876436598063051,,-0.08662214841404633,0.12530063639462666,0.024837020616910774,-0.14083577620707374,0.0032498935548847105,,0,,,0,
2026-10-03,大宮,10,102520261003,1791007260,1791006960,7,6,13878,松岡健介,両,94.45,,,,,0.0013166429677760332,,-0.257746281223847,-0.08379509867339491,-0.1091752027737171,0.13454143984027714,0.002065352913384677,,0,,,0,
2026-10-03,松阪,10,104720261003,1791008160,1791007860,1,9,14794,阿部力也,追,112.75,,,,,0.32309533604150376,0.06016401577397612,0.23087054533521303,0.19574202206161792,0.08086302885537044,-0.029908751344004336,0.0003970944673686388,,0,,,0,
2026-10-03,松阪,10,104720261003,1791008160,1791007860,2,7,15037,鈴木竜士,両,111.05,,,,,0.26293132026752764,,-0.1952560565348072,0.20635811326460624,-0.04329914926294159,1.3835576824959262e-17,0.0008438257431583571,,0,,,0,
2026-10-03,松阪,10,104720261003,1791008160,1791007860,3,2,15356,杉浦侑吾,逃,110.88,,,,,0.23244302739982617,,0.13982032204598485,0.14786334240517754,0.22633019687945477,0.17446771617335874,0.0026307508463172314,,0,,,0,
2026-10-03,松阪,10,104720261003,1791008160,1791007860,4,1,14940,谷口遼平,逃,109.17,,,,,0.09011155343125049,,0.040513337595009025,0.11601506879621262,0.07881343840825344,0.13957417293868699,0.0026307508463172314,,0,,,0,
2026-10-03,松阪,10,104720261003,1791008160,1791007860,5,4,15620,纐纈洸翔,両,103.61,,,,,0.044914815675132794,,-0.1265894285862994,0.2169742044675946,-0.15475924198125046,-0.009969583781334765,0.0018365619115799541,,0,,,0,
2026-10-03,松阪,10,104720261003,1791008160,1791007860,6,6,15690,斉藤樂,逃,102.2,,,,,0.019699575205083284,,0.1787174397102004,0.00985415676632939,-0.01379579756870132,-0.10966542159468262,0.0003970944673686388,,0,,,0,
2026-10-03,松阪,10,104720261003,1791008160,1791007860,7,5,14809,恩田淳平,追,107.85,,,,,0.01162851357239673,,-0.1952560565348072,-0.19081122081874846,-0.10435544309853911,0.05483271079734134,0.0020599275494748133,,0,,,0,
2026-10-03,松阪,10,104720261003,1791008160,1791007860,8,3,13982,五日市誠,追,107.21,,,,,0.008763506220413964,,-0.15223055828971793,-0.13773076480380683,-0.058050825110061724,-0.10966542159468262,0.0006204601052634983,,0,,,0,
2026-10-03,松阪,10,104720261003,1791008160,1791007860,9,8,14122,松岡貴久,追,102.64,,,,,0.006412352186865209,,0.07941045525922458,-0.23868990047518882,-0.011746207121584334,-0.10966542159468262,0.003623487014738828,,0,,,0,
2026-10-03,大宮,11,112520261003,1791009120,1791008820,1,7,15346,鈴木薫,逃,95.94,,,,,0.5768555822539885,0.41552443138411016,0.2555657754701411,0.14122095086656447,0.062174031129893934,-0.04510508024576012,0.0033488330775197053,,0,,,0,
2026-10-03,大宮,11,112520261003,1791009120,1791008820,2,1,14139,小田倉勇二,両,94.04,,,,,0.16133115086987831,,0.05632502817839273,0.1890607039670952,0.03221300370799897,-0.15274220355950588,0.0010376665874004718,,0,,,0,
2026-10-03,大宮,11,112520261003,1791009120,1791008820,3,3,15508,菅野航基,逃,95.28,,,,,0.13398951243134355,,-0.06271688169875976,-0.08381324714592761,0.02258671709228892,0.13429012527714954,0.0006131666198275518,,0,,,0,
2026-10-03,大宮,11,112520261003,1791009120,1791008820,4,5,13716,佐藤亙,追,91.61,,,,,0.06064979759002383,,0.1554522035993539,0.08381324714592761,0.11794514470541019,-0.00922603914117818,4.7166663063657476e-05,,0,,,0,
2026-10-03,大宮,11,112520261003,1791009120,1791008820,5,4,12785,小橋明紀,追,94.15,,,,,0.03469995473524574,,-0.0629960697531467,-0.09223204354851992,-0.09638520778811789,-0.08815992957125843,0.0039148330342836,,0,,,0,
2026-10-03,大宮,11,112520261003,1791009120,1791008820,6,6,15550,山崎航,逃,88.73,,,,,0.01911520656927832,,-0.28438505593618213,0.1787266505353132,-0.04214848105935604,0.13429012527714954,4.7166663063657476e-05,,0,,,0,
2026-10-03,大宮,11,112520261003,1791009120,1791008820,7,2,13885,柳谷崇,追,91.6,,,,,0.013358795550241661,,-0.05724499985979893,-0.1297377432172686,-0.09638520778811789,0.026653001963403734,4.7166663063657476e-05,,0,,,0,
2026-10-03,松阪,11,114720261003,1791010080,1791009780,1,1,15034,新山響平,逃,115.21,,,,,0.3981636024487098,0.09617401129377967,-0.30936334181041014,0.20901407360474691,0.0400637624976943,0.11545939325960414,0.0022024434225560033,,0,,,0,
2026-10-03,松阪,11,114720261003,1791010080,1791009780,2,5,15035,阿部拓真,両,113.95,,,,,0.3019895911549301,,0.17656659398226723,0.1466202042700649,0.03478617193239666,-0.004861448137246492,0.0012151411986515883,,0,,,0,
2026-10-03,松阪,11,114720261003,1791010080,1791009780,3,2,15439,佐々木眞也,両,110.62,,,,,0.19040217094062775,,0.24113769749483782,0.3041524171145255,0.0003725695507675736,-0.037676223063660315,0.0015189264983144844,,0,,,0,
2026-10-03,松阪,11,114720261003,1791010080,1791009780,4,3,15006,石塚輪太郎,逃,106.95,,,,,0.03845420032467498,,0.1305870946499626,0.004222196906948161,0.0642247172322606,0.148274168186018,0.0008354095740729664,,0,,,0,
2026-10-03,松阪,11,114720261003,1791010080,1791009780,5,9,15261,松井宏佑,逃,107.84,,,,,0.03798009173387289,,-0.06637721304359744,0.11449474589807057,0.031130512491955926,0.0388915850979719,0.0018606849604352437,,0,,,0,
2026-10-03,松阪,11,114720261003,1791010080,1791009780,6,4,14523,東龍之介,追,105.63,,,,,0.02073598722917211,,0.20716316454920636,-0.1786389731532466,0.10361337669565479,0.0388915850979719,0.0015189264983144844,,0,,,0,
2026-10-03,松阪,11,114720261003,1791010080,1791009780,7,7,12339,内藤宣彦,追,106.0,,,,,0.005948361513582685,,-0.16596419347946761,-0.052613202877678095,-0.10286823759411964,-0.15799706446051096,0.0022404165850138658,,0,,,0,
2026-10-03,松阪,11,114720261003,1791010080,1791009780,8,8,14691,東矢昇太,追,101.25,,,,,0.003587139211039346,,-0.08717847040204353,-0.22651765280968694,0.03478617193239666,0.017015068480362706,0.0005316242744100704,,0,,,0,
2026-10-03,松阪,11,114720261003,1791010080,1791009780,9,6,12669,伊藤正樹,追,99.88,,,,,0.002738855443390314,,-0.1265713319407556,0.004841212710050335,-0.20610904473900685,-0.15799706446051096,0.003949208895617662,,0,,,0,
2026-10-03,川崎,1,013420261003,1791010500,1791010200,1,2,15740,櫻木雄太,逃,85.28,,,,,0.34520229000284575,0.05510744046932087,0.07570312200673966,0.3212212493245824,0.12925668024599926,0.006225728063646893,0.0007948431926704657,,0,,,0,
2026-10-03,川崎,1,013420261003,1791010500,1791010200,2,5,15820,岩元叶馬,逃,86.28,,,,,0.2900948495335249,,0.13809527405416455,0.06526852654335141,0.21913492489350556,0.18926213313486587,0.004555062911842286,,0,,,0,
2026-10-03,川崎,1,013420261003,1791010500,1791010200,3,4,12380,近藤修康,追,87.66,,,,,0.2604634890762304,,0.12177406463012148,0.049120098948574435,-0.041189874291205686,0.04108980522006956,0.0010088394368509758,,0,,,0,
2026-10-03,川崎,1,013420261003,1791010500,1791010200,4,3,13273,西徹,追,84.0,,,,,0.041945205990642366,,-0.021993465343131305,0.11310827964388212,-0.041189874291205686,-0.09836650340562109,6.114178405157444e-05,,0,,,0,
2026-10-03,川崎,1,013420261003,1791010500,1791010200,5,1,15829,油谷蒼,逃,80.91,,,,,0.030924006171868676,,-0.002720349518593023,-0.03071374449961017,-0.04353598712573398,-0.09836650340562109,0.0005808469484899557,,0,,,0,
2026-10-03,川崎,1,013420261003,1791010500,1791010200,6,7,13729,堺文人,追,81.45,,,,,0.029865270130892338,,0.12472597103061672,-0.14284444313734873,-0.041189874291205686,-0.09836650340562109,6.114178405157444e-05,,0,,,0,
2026-10-03,川崎,1,013420261003,1791010500,1791010200,7,6,12914,武市和人,追,76.34,,,,,0.0015048890939956274,,-0.43558461685991845,-0.040281695119716306,-0.1812859951401538,0.05852184379828088,0.002292816901934036,,0,,,0,
2026-10-03,大宮,12,122520261003,1791010980,1791010680,1,3,15248,森田優弥,逃,113.73,,,,,0.6683081548165246,0.5367908346288444,0.2927882196191398,0.24072531093580363,0.1567887147452917,0.19957696327981803,0.0038842867724152214,,0,,,0,
2026-10-03,大宮,12,122520261003,1791010980,1791010680,2,7,15051,簗田一輝,両,112.75,,,,,0.1315173201876803,,0.12010442812557504,0.16372999934702998,-0.12695795804317717,-0.0914727748365833,0.0010188293173548123,,0,,,0,
2026-10-03,大宮,12,122520261003,1791010980,1791010680,3,4,15341,坂井洋,両,114.37,,,,,0.11899241243125837,,-0.12093189390687073,0.046537432530219074,0.10928575543986364,-0.01385951133887626,0.00031838416167337896,,0,,,0,
2026-10-03,大宮,12,122520261003,1791010980,1791010680,4,2,14380,根田空史,逃,111.8,,,,,0.04085655755040249,,-0.18164159070157282,0.03266686978696302,0.10009587276733571,0.005543804535550461,0.0012098598143588392,,0,,,0,
2026-10-03,大宮,12,122520261003,1791010980,1791010680,5,6,15328,星野洋輝,追,105.68,,,,,0.019596071101971223,,0.16192352713919428,0.08050662288749375,-0.12695795804317717,0.07345541009604412,0.0010188293173548123,,0,,,0,
2026-10-03,大宮,12,122520261003,1791010980,1791010680,6,1,14152,宿口陽一,両,107.1,,,,,0.01475346956902434,,-0.30690645522744014,0.052765497400981666,-0.17417845444991642,-0.06236780102494316,0.0030246495358970987,,0,,,0,
2026-10-03,大宮,12,122520261003,1791010980,1791010680,7,5,14020,松坂洋平,両,106.85,,,,,0.005976014343138713,,0.034663764951973895,-0.2820534611847759,0.06192402758377996,-0.11087609071101008,0.0003502225778407166,,0,,,0,
2026-10-03,久留米,1,018320261003,1791011400,1791011100,1,3,14780,古川大輔,両,72.41,,,,,0.5430749323227165,0.3521782850956007,0.158319306321738,0.1541437674513888,0.1675342472733236,0.158113883008419,0.0016418441381303658,,0,,,0,
2026-10-03,久留米,1,018320261003,1791011400,1791011100,2,5,15295,篠田樹,逃,69.77,,,,,0.19089664722711586,,0.13064937679526467,0.1541437674513888,0.22808259242437506,-0.0632455532033676,0.0020125831370630294,,0,,,0,
2026-10-03,久留米,1,018320261003,1791011400,1791011100,3,1,14948,斎藤敦,逃,68.85,,,,,0.11442158070608925,,0.18632395519535797,0.19073040949878428,-0.01782671518108271,-0.0632455532033676,0.003124800133861019,,0,,,0,
2026-10-03,久留米,1,018320261003,1791011400,1791011100,4,2,14275,喜納隆志,追,69.0,,,,,0.06934765768425441,,0.0030850626250731056,-0.09070961582724463,-0.024011389837910617,0.158113883008419,0.0016948068522636033,,0,,,0,
2026-10-03,久留米,1,018320261003,1791011400,1791011100,5,4,14765,樫村伸平,追,70.3,,,,,0.04705873974164299,,-0.08262725218268094,0.05563695236233742,-0.0709688173654062,-0.0632455532033676,0.0016948068522636033,,0,,,0,
2026-10-03,久留米,1,018320261003,1791011400,1791011100,6,7,12754,小野祐作,追,67.76,,,,,0.03329327055229049,,0.02130853607795779,0.09222359440973296,-0.11792624489290178,-0.0632455532033676,0.0016948068522636033,,0,,,0,
2026-10-03,久留米,1,018320261003,1791011400,1791011100,7,6,13513,南和夫,追,65.81,,,,,0.0019071717658904958,,-0.41705898483271026,-0.22129060364267258,-0.16488367242039736,-0.0632455532033676,0.0016948068522636033,,0,,,0,
2026-10-03,川崎,2,023420261003,1791011880,1791011580,1,2,15904,辻田祥大,逃,89.66,,,,,0.6956372780322012,0.5157011023872153,0.14334082790735037,0.3383964260409122,0.08160519686898109,0.05216686965322769,0.004125005653546555,,0,,,0,
2026-10-03,川崎,2,023420261003,1791011880,1791011580,2,4,14077,古屋琢晶,両,87.87,,,,,0.1799361756449859,,0.28883481886269285,-0.0011460348076905809,0.07463113249567889,-0.08694478275537947,0.0010380808929454908,,0,,,0,
2026-10-03,川崎,2,023420261003,1791011880,1791011580,3,1,15264,渡邉直弥,両,83.6,,,,,0.04206957991052253,,-0.2110402638571826,0.02057506745833223,-0.09064588045696029,0.05216686965322769,0.0016117571758890513,,0,,,0,
2026-10-03,川崎,2,023420261003,1791011880,1791011580,4,5,13047,田中俊充,追,86.61,,,,,0.0409192592415139,,0.05916244399916919,-0.03166223421068357,0.042334055497064885,-0.08694478275537947,8.195375470622313e-05,,0,,,0,
2026-10-03,川崎,2,023420261003,1791011880,1791011580,5,3,14269,梶原恵介,追,85.19,,,,,0.029900668278517166,,-0.053075401211739225,0.02057506745833223,0.08666070081507328,-0.043472391377689726,0.0016117571758890513,,0,,,0,
2026-10-03,川崎,2,023420261003,1791011880,1791011580,6,6,15743,丸林駿太,逃,78.93,,,,,0.007252395097867724,,-0.3232781090680908,0.116387893947595,-0.1039393247628777,0.1999730003373728,0.0016390750941244587,,0,,,0,
2026-10-03,川崎,2,023420261003,1791011880,1791011580,7,7,13384,金子兼久,追,81.58,,,,,0.0042846437943916535,,0.09605568336780028,-0.1282479141830823,-0.09064588045696029,-0.08694478275537947,0.0014205317482411978,,0,,,0,
2026-10-03,松阪,12,124720261003,1791012300,1791012000,1,1,14741,郡司浩平,両,117.0,,,,,0.4180196534222076,0.12375213639435934,-0.19139441937342747,0.13458058053996794,0.13713133564961488,0.11413418655016448,0.003404843405566532,,0,,,0,
2026-10-03,松阪,12,124720261003,1791012300,1791012000,2,5,14089,浅井康太,両,113.88,,,,,0.29426751702784826,,0.055318185218896906,0.2429469017656105,0.02209866458892884,-0.057067093275082276,0.001615436652276092,,0,,,0,
2026-10-03,松阪,12,124720261003,1791012300,1791012000,3,2,15125,佐々木豪,逃,113.95,,,,,0.16068969919739715,,-0.1164074081771618,0.2127030809810094,0.08631864148796561,-0.11113065532516019,0.0009444091197921765,,0,,,0,
2026-10-03,松阪,12,124720261003,1791012300,1791012000,4,7,14113,北津留翼,逃,109.0,,,,,0.054570058332380926,,0.25395369853984473,0.05897102857846524,-0.06167692147607589,0.06908121817509956,0.00039764594517565277,,0,,,0,
2026-10-03,松阪,12,124720261003,1791012300,1791012000,5,3,15383,原井博斗,追,108.58,,,,,0.022816705432694578,,0.2831505930968948,0.06148397705800398,-0.020344443383686815,-0.06607768695009525,0.0017397010101434828,,0,,,0,
2026-10-03,松阪,12,124720261003,1791012300,1791012000,6,8,15832,角宗哉,逃,105.76,,,,,0.016541157732066693,,-0.18910744474126664,0.04384911818616469,-0.07175231457278371,0.1862189359502684,0.001615436652276092,,0,,,0,
2026-10-03,松阪,12,124720261003,1791012300,1791012000,7,9,15822,谷内健太,逃,107.05,,,,,0.01513436222063411,,-0.08492353898795102,0.01360529740156362,-0.015901923862780554,0.037544140312554104,4.970574314695699e-05,,0,,,0,
2026-10-03,松阪,12,124720261003,1791012300,1791012000,8,4,14545,岡崎智哉,両,106.72,,,,,0.014492515111980709,,-0.06362087616256595,0.0009963354888017978,-0.020344443383686815,-0.06157239011258876,0.002634404386788703,,0,,,0,
2026-10-03,松阪,12,124720261003,1791012300,1791012000,9,6,14537,西村光太,追,103.77,,,,,0.0034683315227900867,,0.053031210586736065,-0.3286524671603363,-0.055528595047495424,-0.11113065532516019,0.0028580802309500076,,0,,,0,
2026-10-03,久留米,2,028320261003,1791012720,1791012420,1,7,15900,花田雄飛,逃,71.7,,,,,0.8069611882389343,0.7184845353930719,0.39913064126594394,0.21923361615161338,0.08030613105363799,0.158113883008419,0.003963348342159797,,0,,,0,
2026-10-03,久留米,2,028320261003,1791012720,1791012420,2,2,13206,岡崎和久,追,73.04,,,,,0.0884766528458624,,0.0648834648471976,-0.1118210483725902,0.0077366684001027725,-0.0632455532033676,0.0006272925433634209,,0,,,0,
2026-10-03,久留米,2,028320261003,1791012720,1791012420,3,1,14686,秋永昂人,追,70.44,,,,,0.030924340061526688,,-0.04360682191242752,-0.12613384496382155,0.0666047104397989,-0.0632455532033676,0.002024444117218314,,0,,,0,
2026-10-03,久留米,2,028320261003,1791012720,1791012420,4,6,15571,吉田悟,逃,66.53,,,,,0.02457828424283024,,-0.03432205500357496,0.14667013572598722,-0.07824576879854397,-0.0632455532033676,0.0006272925433634209,,0,,,0,
2026-10-03,久留米,2,028320261003,1791012720,1791012420,5,3,14555,水木裕聡,追,67.44,,,,,0.023250335488480704,,-0.017151868875556683,0.055735475496050936,-0.042069204747549195,0.158113883008419,0.0017678244403878235,,0,,,0,
2026-10-03,久留米,2,028320261003,1791012720,1791012420,6,5,15300,ラモスレオ,逃,68.92,,,,,0.018485105980909626,,-0.12017298564366664,-0.035199184733885294,-0.1416809510428531,-0.0632455532033676,0.002024444117218314,,0,,,0,
2026-10-03,久留米,2,028320261003,1791012720,1791012420,7,4,13505,住村実,追,68.08,,,,,0.007324093141456133,,-0.2487603746779162,-0.13891719868324837,0.10734841469540671,-0.0632455532033676,0.0004276994613841507,,0,,,0,
2026-10-03,川崎,3,033420261003,1791013320,1791013020,1,3,15194,船瀬惇平,逃,93.0,,,,,0.6740352247684983,0.5339537578551274,0.25348982354234567,0.29424645716058645,0.025684779474328734,-0.10367950962405091,0.003330443576974506,,0,,,0,
2026-10-03,川崎,3,033420261003,1791013320,1791013020,2,5,14822,関根健太郎,両,89.15,,,,,0.14008146691337084,,-0.02128005207112904,0.129751037948031,0.06293746042164093,-0.10367950962405091,0.000416305447121813,,0,,,0,
2026-10-03,川崎,3,033420261003,1791013320,1791013020,3,1,14302,武田憲祐,追,86.04,,,,,0.07567436258197792,,-0.1891708461763913,0.029544913757261922,0.0046271605891934076,0.0836125077613314,0.00012489163413654345,,0,,,0,
2026-10-03,川崎,3,033420261003,1791013320,1791013020,4,7,13929,宮内善光,追,89.19,,,,,0.06626199140621568,,0.24876320427691845,-0.044312331884630476,0.15363788437844222,0.1538470142808498,0.0015819606990628904,,0,,,0,
2026-10-03,川崎,3,033420261003,1791013320,1791013020,5,4,14336,八尋翔平,追,85.58,,,,,0.037987625753017104,,-0.12485529060267243,0.14469170720605068,-0.0326255203581188,0.0836125077613314,0.0004579359918339948,,0,,,0,
2026-10-03,川崎,3,033420261003,1791013320,1791013020,6,2,14012,関智晴,追,83.66,,,,,0.003340335537980262,,0.049184899056774874,-0.14300958341216372,-0.14438356320005538,-0.10367950962405091,0.0016235912437750721,,0,,,0,
2026-10-03,川崎,3,033420261003,1791013320,1791013020,7,6,13896,安東英博,追,81.95,,,,,0.002618993038940009,,-0.21613173802584534,-0.14300958341216372,-0.06987820130543099,-0.010033500931359757,0.0033720741216866877,,0,,,0,
2026-10-03,久留米,3,038320261003,1791014040,1791013740,1,1,13802,大林亮介,追,73.5,,,,,0.299149281958076,0.07015713762683415,-0.14915346393017548,0.044517979694266276,0.051615359296269855,-0.040824829046386304,0.0008290090871152135,,0,,,0,
2026-10-03,久留米,3,038320261003,1791014040,1791013740,2,5,16017,白濱蓮,逃,71.22,,,,,0.22899214433124185,,-0.10997656815401145,0.16912390110610495,-0.049690003277373496,-0.040824829046386304,0.00471614058447766,,0,,,0,
2026-10-03,久留米,3,038320261003,1791014040,1791013740,3,7,12976,中井修,両,71.83,,,,,0.20039387419564475,,0.14684974860083996,0.12896076483670507,-0.037298273559191075,-0.040824829046386304,0.0008290090871152135,,0,,,0,
2026-10-03,久留米,3,038320261003,1791014040,1791013740,4,3,13796,陶器一馬,追,70.71,,,,,0.09816717240255665,,0.046731014950643565,-0.024460290110681498,-0.020414046463583857,-0.040824829046386304,0.0010869230253288357,,0,,,0,
2026-10-03,久留米,3,038320261003,1791014040,1791013740,5,4,14093,窪田陽介,追,74.22,,,,,0.08073414779164943,,0.15741073305653686,-0.15084626363626613,0.08763006217619669,-0.040824829046386304,0.0013448369635424575,,0,,,0,
2026-10-03,久留米,3,038320261003,1791014040,1791013740,6,2,12208,鰐渕正利,追,73.29,,,,,0.05082696341296889,,0.10331986440510238,-0.15084626363626613,-0.020414046463583857,0.2449489742783178,0.0010869230253288357,,0,,,0,
2026-10-03,久留米,3,038320261003,1791014040,1791013740,7,6,15542,中嶋樹,逃,68.65,,,,,0.04173641590786242,,-0.19518132892893725,0.20361303600857888,-0.01142905170873422,-0.040824829046386304,0.0004605606039528966,,0,,,0,
2026-10-03,川崎,4,043420261003,1791014760,1791014460,1,7,15116,池野健太,逃,96.22,,,,,0.8470997195878532,0.7221982494528656,0.11544624534227543,0.20791484659084578,0.23893057555626074,-0.07556465823844137,0.0038915589124707815,,0,,,0,
2026-10-03,川崎,4,043420261003,1791014760,1791014460,2,4,14740,須藤悟,追,92.08,,,,,0.12490147013498766,,0.18196714793430588,0.13708785993737868,-0.0012036797444114136,-0.07556465823844137,0.001816060825819698,,0,,,0,
2026-10-03,川崎,4,043420261003,1791014760,1791014460,3,6,15281,増田仁,逃,80.0,,,,,0.008485130672413905,,-0.135010326046407,0.20791484659084578,0.04951293146542242,0.20283145106107942,0.0012971863041569272,,0,,,0,
2026-10-03,川崎,4,043420261003,1791014760,1791014460,4,5,13311,根本雄紀,追,86.7,,,,,0.00564300888620801,,0.14478933820048956,-0.15765332329125392,-0.061577515136905736,0.02651391517138293,0.0010377490433255419,,0,,,0,
2026-10-03,川崎,4,043420261003,1791014760,1791014460,5,3,13616,渡邉高志,追,85.4,,,,,0.005614379192326867,,-0.07239618319923631,-0.2054930763917846,-0.061577515136905736,0.07291326672130306,0.0010377490433255414,,0,,,0,
2026-10-03,川崎,4,043420261003,1791014760,1791014460,6,2,14520,伊藤彰規,両,82.14,,,,,0.004380151901370042,,-0.08609103969212849,-0.08984375771754081,-0.0622580582715583,-0.07556465823844137,0.001816060825819698,,0,,,0,
2026-10-03,川崎,4,043420261003,1791014760,1791014460,7,1,13494,土井勲,追,81.55,,,,,0.0038761396248402935,,-0.14870518253929918,0.12013546854395041,-0.10182673873190196,-0.07556465823844137,0.0015566235649883127,,0,,,0,
2026-10-03,久留米,4,048320261003,1791015480,1791015180,1,7,15773,枝光美奈,両,51.51,,,,,0.7247804310175447,0.5555859264983676,0.3225132875777801,-0.028703851860318427,0.1983893912081093,0.0,0.004898979485566356,,0,,,0,
2026-10-03,久留米,4,048320261003,1791015480,1791015180,2,4,16032,栗山百花,両,48.4,,,,,0.1691945045191771,,0.14042235663350383,-0.028703851860318427,0.0574359716156644,0.0,0.0008164965809277261,,0,,,0,
2026-10-03,久留米,4,048320261003,1791015480,1791015180,3,3,15082,高橋朋恵,追,49.24,,,,,0.04294949107985722,,0.015999851851702513,-0.028703851860318427,0.07007848396506666,0.0,0.0008164965809277261,,0,,,0,
2026-10-03,久留米,4,048320261003,1791015480,1791015180,4,2,15314,向井円,追,48.19,,,,,0.027805544813347394,,-0.11009159761161456,-0.028703851860318427,-0.05116507256475475,0.0,0.0008164965809277261,,0,,,0,
2026-10-03,久留米,4,048320261003,1791015480,1791015180,5,5,14925,大和久保美,追,48.16,,,,,0.022761105143681244,,0.07468798261725347,-0.028703851860318427,-0.05116507256475475,0.0,0.0008164965809277261,,0,,,0,
2026-10-03,久留米,4,048320261003,1791015480,1791015180,6,1,15079,日野友葵,追,46.79,,,,,0.008990644591331375,,-0.1530182971942508,-0.028703851860318427,-0.11178685082966544,0.0,0.0008164965809277261,,0,,,0,
2026-10-03,久留米,4,048320261003,1791015480,1791015180,7,6,16038,仲井リコ,両,45.14,,,,,0.0035182788350608856,,-0.2905135838743749,-0.028703851860318427,-0.11178685082966544,0.0,0.0008164965809277261,,0,,,0,
2026-10-03,川崎,5,053420261003,1791016200,1791015900,1,4,13724,渡辺十夢,追,101.22,,,,,0.4304134877539288,0.1258027447592538,0.18922044719734643,0.17882534094798624,0.11284854560865434,-0.14079839321987245,0.0032460106848027563,,0,,,0,
2026-10-03,川崎,5,053420261003,1791016200,1791015900,2,2,15687,立花昌也,逃,98.78,,,,,0.304610742994675,,-0.02805094369406618,0.20186060716602025,0.17868876706788908,0.05308791875503386,0.0005410017808004599,,0,,,0,
2026-10-03,川崎,5,053420261003,1791016200,1791015900,3,3,14606,稲毛健太,逃,99.62,,,,,0.20510332936092251,,-0.18443844955305796,0.17824581517001578,0.008853667072252044,0.06693694103895571,0.0016230053424013781,,0,,,0,
2026-10-03,川崎,5,053420261003,1791016200,1791015900,4,5,13498,西田雅志,追,99.04,,,,,0.03908796694642015,,0.2344025793429077,-0.11469351073603352,-0.02406644365736533,0.08078596332287762,0.0010820035616009188,,0,,,0,
2026-10-03,川崎,5,053420261003,1791016200,1791015900,5,6,13537,谷津田将吾,追,94.64,,,,,0.012967234242264094,,-0.026695183740075012,-0.08093737100806278,-0.16098143292338501,-0.14079839321987245,0.0021640071232018375,,0,,,0,
2026-10-03,川崎,5,053420261003,1791016200,1791015900,6,1,14043,中園和剛,追,95.96,,,,,0.007817238701789395,,-0.18443844955305796,-0.11469351073603352,-0.11534310316804511,0.08078596332287762,0.0021640071232018375,,0,,,0,
2026-10-03,久留米,5,058320261003,1791016920,1791016620,1,2,15753,枝村弘樹,逃,90.23,,,,,0.9362268679553838,0.909088317115742,0.1546123656145791,0.23193461387557343,0.3120411509269251,0.1944922238314171,0.001457737973711325,,0,,,0,
2026-10-03,久留米,5,058320261003,1791016920,1791016620,2,7,13041,三浦稔希,追,83.66,,,,,0.027138550839641826,,0.08781269757298327,0.07056622960745927,-0.0019324250129047066,-0.061779882864097205,0.0003429971702850176,,0,,,0,
2026-10-03,久留米,5,058320261003,1791016920,1791016620,3,5,14449,片折勇輝,両,79.25,,,,,0.024551106262207873,,-0.07197328208838671,0.30069518071296863,-0.08501436466077385,0.11440719048906887,0.0003429971702850176,,0,,,0,
2026-10-03,久留米,5,058320261003,1791016920,1791016620,4,4,15534,牛田樹希斗,逃,77.48,,,,,0.004875867380488615,,-0.16489729302491296,0.0018056627700640856,0.02994873272907507,-0.061779882864097205,0.0009432422182837982,,0,,,0,
2026-10-03,久留米,5,058320261003,1791016920,1791016620,5,3,12681,辻力,追,80.16,,,,,0.003647269522977127,,0.2636943653799254,-0.11236635653436448,-0.08501436466077385,-0.061779882864097205,0.002658228069708887,,0,,,0,
2026-10-03,久留米,5,058320261003,1791016920,1791016620,6,1,13587,船曳義之,追,79.72,,,,,0.0031000304655632665,,-0.003192803370218388,-0.1602061096348952,-0.04347339483683928,-0.061779882864097205,0.001457737973711325,,0,,,0,
2026-10-03,久留米,5,058320261003,1791016920,1791016620,7,6,12242,穴井利久,追,76.95,,,,,0.00046030757373754014,,-0.26605605008396893,-0.11236635653436448,-0.1265553344847084,-0.061779882864097205,0.003944467458277703,,0,,,0,
2026-10-03,川崎,6,063420261003,1791017640,1791017340,1,7,14833,高久保雄介,両,103.6,,,,,0.44352760131535984,0.07755390570012244,0.13684920295204767,0.3582390135211107,0.10966340869193776,0.20404328797178461,0.0017220347337908739,,0,,,0,
2026-10-03,川崎,6,063420261003,1791017640,1791017340,2,1,15183,小森貴大,両,105.64,,,,,0.3659736956152374,,0.04882946580073751,-0.014085324123518803,0.05856366103574756,0.056287803578423334,0.0009184185246884662,,0,,,0,
2026-10-03,川崎,6,063420261003,1791017640,1791017340,3,2,15616,齋藤雄行,逃,98.95,,,,,0.08393917579255783,,0.24495821460541842,0.16063714447714977,0.08085183596979736,-0.09146768081493795,0.0030996625208235744,,0,,,0,
2026-10-03,川崎,6,063420261003,1791017640,1791017340,4,4,15730,黒瀬浩太郎,逃,100.61,,,,,0.07927443649510818,,0.10992300184442602,0.01087502853371959,0.10428765690455863,-0.09146768081493795,0.0010906219980675548,,0,,,0,
2026-10-03,川崎,6,063420261003,1791017640,1791017340,5,3,13966,大崎飛雄馬,追,98.73,,,,,0.012608730671839123,,-0.1346359478500326,-0.016166276337464796,-0.03403197670258603,0.007035975447302903,0.001492430102618758,,0,,,0,
2026-10-03,川崎,6,063420261003,1791017640,1791017340,6,5,13368,牧剛央,追,98.94,,,,,0.008641428666505307,,-0.21622296561866639,-0.0910473343091799,-0.18733121967115662,-0.09146768081493795,0.0033292671519956907,,0,,,0,
2026-10-03,川崎,6,063420261003,1791017640,1791017340,7,6,15615,荒川仁,逃,95.54,,,,,0.006034931443392211,,-0.18970097173392947,-0.12141373315863238,-0.13200336622829875,0.007035975447302903,0.0002870057889651458,,0,,,0,
2026-10-03,久留米,6,068320261003,1791018360,1791018060,1,5,15914,西森一稀,逃,91.52,,,,,0.9598519063221848,0.9463667619569635,0.39417790918169365,0.3760976665751953,0.20813080555736557,0.17543495315986019,0.004747539408449666,,0,,,0,
2026-10-03,久留米,6,068320261003,1791018360,1791018060,2,3,14094,有馬雄二,追,81.16,,,,,0.013485144365221302,,-0.20815761849064807,0.06888754292856536,0.03428496113657527,-0.06295018907500867,0.0007912565680749446,,0,,,0,
2026-10-03,久留米,6,068320261003,1791018360,1791018060,3,4,13363,宇根秀俊,追,84.09,,,,,0.009202495238271161,,0.019966523857103888,-0.05551070357455464,0.0891194227626201,0.1393159922151831,0.0012528228994519955,,0,,,0,
2026-10-03,久留米,6,068320261003,1791018360,1791018060,4,7,14615,藤原亮太,両,80.28,,,,,0.0073106216840404,,0.0601142772844522,-0.03254464439795187,0.004285620142071907,-0.06295018907500867,0.0001318760946791572,,0,,,0,
2026-10-03,久留米,6,068320261003,1791018360,1791018060,5,1,13348,内藤敦,追,81.71,,,,,0.00727517596170528,,-0.024475097729729486,0.0018970001460822102,-0.02054950048946956,-0.06295018907500867,0.0012528228994519955,,0,,,0,
2026-10-03,久留米,6,068320261003,1791018360,1791018060,6,2,14563,興呂木雄治,両,79.45,,,,,0.0019339400217645083,,-0.026622031809471834,-0.10335045667508536,-0.1302184237415592,-0.06295018907500867,0.0003296902366978936,,0,,,0,
2026-10-03,久留米,6,068320261003,1791018360,1791018060,7,6,13201,北川紋部,追,78.66,,,,,0.0009407164068125577,,-0.2150039622934005,-0.0354135407398097,-0.18505288536760403,-0.06295018907500867,0.0012528228994519955,,0,,,0,
2026-10-03,川崎,7,073420261003,1791019080,1791018780,1,2,15528,新村穣,逃,103.0,,,,,0.42475373651349757,0.0034874041606728357,0.06428025156809108,-0.10229841685995443,0.16574613351778933,0.02178021453616978,0.0006725301627347176,,0,,,0,
2026-10-03,川崎,7,073420261003,1791019080,1791018780,2,3,13726,川村晃司,両,99.33,,,,,0.42126633235282473,,0.29444104856372677,0.33736673158479674,0.10917046337935522,0.1827117997200909,0.0031524851378189893,,0,,,0,
2026-10-03,川崎,7,073420261003,1791019080,1791018780,3,7,14645,三浦翔大,追,96.76,,,,,0.05260842809138294,,0.1195169540108023,-0.029334940991152213,-0.06703015340094029,-0.0968009534940879,0.00037829821653827874,,0,,,0,
2026-10-03,川崎,7,073420261003,1791019080,1791018780,4,5,15430,岡田亮太,逃,95.68,,,,,0.04980834960126617,,-0.05769883212181178,-0.0018035257868684413,0.10635535698348485,-0.0036300357560283044,0.0018494579475204736,,0,,,0,
2026-10-03,川崎,7,073420261003,1791019080,1791018780,5,1,15612,小榑佑弥,逃,93.9,,,,,0.026195488128373943,,-0.12214952178931356,0.17165484115501975,-0.12360582353937437,-0.0968009534940879,0.002564021245426111,,0,,,0,
2026-10-03,川崎,7,073420261003,1791019080,1791018780,6,4,13070,高木和仁,追,96.69,,,,,0.022326696609256746,,0.032054906734340194,-0.07177309089164101,-0.010454483262506191,0.0895408819820313,8.40662703418399e-05,,0,,,0,
2026-10-03,川崎,7,073420261003,1791019080,1791018780,7,6,14026,高橋成英,両,91.6,,,,,0.0030409687033979196,,-0.33044480696583367,-0.016773079607016444,-0.1801814936778085,-0.0968009534940879,0.0027321537861097903,,0,,,0,
2026-10-03,久留米,7,078320261003,1791019800,1791019500,1,5,15926,諸隈健太郎,逃,91.57,,,,,0.43300865719334125,0.22469871740852151,0.020698821072104204,0.32685974410755664,0.04627694798673816,0.05208575478673039,0.003248211217632865,,0,,,0,
2026-10-03,久留米,7,078320261003,1791019800,1791019500,2,1,15560,林昴,逃,88.04,,,,,0.20830993978481974,,0.08214542335007267,0.10648364983785885,-0.02275114751435306,0.09686122819988459,0.002553937064245688,,0,,,0,
2026-10-03,久留米,7,078320261003,1791019800,1791019500,3,2,14953,和田誠寿,追,90.04,,,,,0.19301980988789896,,-0.30044171452219876,0.05061700563500235,-0.06731983537891498,-0.11422314646212804,0.0005702966259966099,,0,,,0,
2026-10-03,久留米,7,078320261003,1791019800,1791019500,4,4,11854,紫原政文,追,87.53,,,,,0.06317950236897442,,-0.0546553054103245,-0.027162792342538065,-0.10210576609249164,-0.11422314646212804,0.0005702966259966099,,0,,,0,
2026-10-03,久留米,7,078320261003,1791019800,1791019500,5,3,14193,玉手翔,追,88.7,,,,,0.05162505509036758,,0.2079468806360738,-0.11049709538902172,0.037037956761815,0.09686122819988459,0.002653119086158141,,0,,,0,
2026-10-03,久留米,7,078320261003,1791019800,1791019500,6,6,14749,山田哲也,追,83.66,,,,,0.03866091804121197,,-0.0546553054103245,-0.0027772525344715985,0.141395748902545,0.09686122819988459,0.00022315954930302102,,0,,,0,
2026-10-03,久留米,7,078320261003,1791019800,1791019500,7,7,13155,四元慎也,追,83.95,,,,,0.012196117633386183,,0.09896120028459685,-0.12346039505194516,-0.03253390466533832,-0.11422314646212804,0.00178527639442417,,0,,,0,
2026-10-03,川崎,8,083420261003,1791020580,1791020280,1,4,15645,室井蓮太朗,両,110.0,,,,,0.45217700529078897,0.08706022062757152,-0.04394236251111966,0.32244290058703173,-0.041296387196326105,0.16403206718562888,0.0043571311294826704,,0,,,0,
2026-10-03,川崎,8,083420261003,1791020580,1791020280,2,3,14505,雨谷一樹,両,110.0,,,,,0.36511678466321745,,0.2778809782617022,0.1263298844060548,0.14600293569359885,0.11810308837365278,0.00023552060159365762,,0,,,0,
2026-10-03,川崎,8,083420261003,1791020580,1791020280,3,2,14553,久米良,追,106.3,,,,,0.1354136983900163,,0.11696930787529133,0.03920389537694495,-0.04035357747403904,-0.09841924031137732,0.0011383495743693467,,0,,,0,
2026-10-03,川崎,8,083420261003,1791020580,1791020280,4,1,14081,田中晴基,追,102.96,,,,,0.026935270951309327,,0.13484838236267024,0.10890468660023286,0.012891140573857506,-0.09841924031137732,0.0005102946367862586,,0,,,0,
2026-10-03,川崎,8,083420261003,1791020580,1791020280,5,5,14465,村上直久,両,96.96,,,,,0.010283253508581655,,-0.20799430683116044,-0.02606105552940776,0.09994113396281054,0.00656128268742516,0.0008635755391767458,,0,,,0,
2026-10-03,川崎,8,083420261003,1791020580,1791020280,6,7,15340,幸田望夢,逃,96.52,,,,,0.008127464136682834,,-0.07656023755224774,-0.043486253335229735,-0.030342231990069635,0.00656128268742516,0.0025122197503323505,,0,,,0,
2026-10-03,川崎,8,083420261003,1791020580,1791020280,7,6,13741,高原仁志,追,96.47,,,,,0.00194652305940351,,-0.20120176160513545,-0.1924557864019117,-0.14684301356983212,-0.09841924031137732,0.0005888015039841448,,0,,,0,
2026-10-03,久留米,8,088320261003,1791021360,1791021060,1,4,15809,高野信元,逃,93.05,,,,,0.6445848396439479,0.538820029776038,-0.2097152712425835,0.23083719174413575,0.05287699001163707,0.09603805389030748,0.0030887647411059465,,0,,,0,
2026-10-03,久留米,8,088320261003,1791021360,1791021060,2,2,14333,阿部兼士,追,87.52,,,,,0.10576480986790981,,-0.11696545674202699,-0.042898823152315566,0.07906441702730788,-0.11145156871220868,5.997601439040627e-05,,0,,,0,
2026-10-03,久留米,8,088320261003,1791021360,1791021060,3,5,14614,高橋清太郎,追,86.66,,,,,0.08671258283609626,,0.37113520570018216,-0.05576185387219485,0.046914864153278675,-0.11145156871220868,0.001949220467688218,,0,,,0,
2026-10-03,久留米,8,088320261003,1791021360,1791021060,4,3,15377,蒋野翔太,逃,87.03,,,,,0.08641909257338468,,0.06668171657335781,-0.0650125148130877,0.09054253411038785,0.09603805389030748,0.001949220467688218,,0,,,0,
2026-10-03,久留米,8,088320261003,1791021360,1791021060,5,7,15210,白濱一平,両,84.86,,,,,0.052394558677529894,,-0.01563533167356294,0.24370022246401501,-0.03989434112730284,0.11678701615055911,0.0028788486907395227,,0,,,0,
2026-10-03,久留米,8,088320261003,1791021360,1791021060,6,1,12598,大庭正紀,追,84.7,,,,,0.014930733524817386,,-0.15360226862081747,-0.042898823152315566,-0.11383290021686737,0.02549158220545199,0.00047980811512325313,,0,,,0,
2026-10-03,久留米,8,088320261003,1791021360,1791021060,7,6,15214,境啓亨,逃,82.29,,,,,0.009193382876314084,,0.05810140600545027,0.06691287248547823,-0.11567156395844122,-0.11145156871220868,0.0015293883669553708,,0,,,0,
2026-10-03,川崎,9,093420261003,1791022140,1791021840,1,2,15647,真鍋智寛,逃,103.63,,,,,0.4150627002705686,0.1490951657549921,-0.09705529174610866,0.33888483389068413,-0.14384550193370918,-0.07850476894775127,8.8404569396989e-19,,0,,,0,
2026-10-03,川崎,9,093420261003,1791022140,1791021840,2,4,15121,太田竜馬,逃,107.61,,,,,0.2659675345155765,,-0.08721447147460915,-0.057028575894529636,-0.0024197289609098997,0.13998440728032754,0.0012740441145412116,,0,,,0,
2026-10-03,川崎,9,093420261003,1791022140,1791021840,3,5,14955,市橋司優人,両,102.18,,,,,0.14194919216753438,,0.21953677519363776,-0.02119136267967763,0.186714212825342,0.014187608845979147,0.00031851102863530333,,0,,,0,
2026-10-03,川崎,9,093420261003,1791022140,1791021840,4,1,15129,林大悟,逃,105.0,,,,,0.1085904112831401,,-0.06411585125151203,0.02698920330522145,0.05290812448194797,-0.07850476894775127,0.00031851102863530246,,0,,,0,
2026-10-03,川崎,9,093420261003,1791022140,1791021840,5,6,14450,金子哲大,両,98.13,,,,,0.03435245820579479,,0.016746323220546363,0.17084927549118198,-0.030083655682338832,0.15984705966469834,0.0012740441145412125,,0,,,0,
2026-10-03,川崎,9,093420261003,1791022140,1791021840,6,3,15614,治田知也,逃,99.56,,,,,0.023855149192080292,,-0.24765178514161618,0.07499936284793636,0.02213805839486442,-0.07850476894775127,0.003503621314988334,,0,,,0,
2026-10-03,川崎,9,093420261003,1791022140,1791021840,7,7,14259,戸田洋平,追,100.82,,,,,0.010222554365305324,,0.2597543011996607,-0.19862446525710176,-0.0854115091251967,-0.07850476894775127,0.0035036213149883333,,0,,,0,
2026-10-03,久留米,9,098320261003,1791022920,1791022620,1,3,15637,近藤雄太,逃,79.83,,,,,0.47382560467867524,0.20838721756163664,0.11816540514979645,0.06971599777476942,0.1615119520269081,-0.05443310539518174,0.00010456747055417309,,0,,,0,
2026-10-03,久留米,9,098320261003,1791022920,1791022620,2,1,16008,久保田智之,逃,77.33,,,,,0.2654383871170386,,0.2096035872906685,0.09705742838440344,0.02402916489300029,-0.05443310539518174,0.004165270910407899,,0,,,0,
2026-10-03,久留米,9,098320261003,1791022920,1791022620,3,2,15993,西澤優聖,逃,77.91,,,,,0.21774711941588365,,0.2733718399050673,0.2405999390849819,0.09597017826752563,-0.05443310539518174,0.0013593771172042519,,0,,,0,
2026-10-03,久留米,9,098320261003,1791022920,1791022620,4,5,14046,秋山貴宏,追,74.45,,,,,0.032055911885601106,,0.02672722300892439,-0.03965747513009532,0.0005867715903630985,-0.05443310539518174,0.001934498205252204,,0,,,0,
2026-10-03,久留米,9,098320261003,1791022920,1791022620,5,6,14407,森佑樹,逃,67.95,,,,,0.006535433098803376,,-0.2677435833480176,0.21325075800901913,-0.06650437977697343,0.0408248290463863,0.0003485582351805771,,0,,,0,
2026-10-03,久留米,9,098320261003,1791022920,1791022620,6,4,11622,杉山正和,追,70.88,,,,,0.0027082504499633627,,-0.12847921174634647,-0.06016354808732084,-0.0791011298239324,-0.05443310539518174,0.0015075143671559967,,0,,,0,
2026-10-03,久留米,9,098320261003,1791022920,1791022620,7,7,12832,仙石淳,追,71.77,,,,,0.0016892933540346667,,-0.2316452602600922,-0.18592482833204269,-0.1364925571768913,0.2313406979295224,0.0016295097494691988,,0,,,0,
2026-10-03,川崎,10,103420261003,1791023700,1791023400,1,2,15324,小原佑太,逃,105.66,,,,,0.6785508813638337,0.549974431540151,0.2035724514869686,0.4212085056573632,-0.004496323040698108,-0.10090162659435412,0.0011895094285202426,,0,,,0,
2026-10-03,川崎,10,103420261003,1791023700,1791023400,2,3,12450,山口富生,追,107.27,,,,,0.12857644982368266,,0.008559998644441718,-0.01316369796016135,-0.005780713934994387,0.07567621994576558,0.0029737735713006087,,0,,,0,
2026-10-03,川崎,10,103420261003,1791023700,1791023400,3,6,15276,佐伯亮輔,逃,98.0,,,,,0.06854531542085153,,0.26733169089756986,0.019260977868633105,0.1976300878321393,0.16664056513309994,0.0014344084285097046,,0,,,0,
2026-10-03,川崎,10,103420261003,1791023700,1791023400,4,4,15598,大川剛,逃,105.25,,,,,0.05947819828218724,,-0.3251751368514572,-0.009067644106422839,-0.053515122625178504,0.07567621994576558,0.0033936004284254,,0,,,0,
2026-10-03,川崎,10,103420261003,1791023700,1791023400,5,1,14322,片岡迪之,両,105.74,,,,,0.04340506914518181,,0.0010905294229953677,0.029329235002422568,-0.0379302668090236,-0.10090162659435412,0.0017492785713532995,,0,,,0,
2026-10-03,川崎,10,103420261003,1791023700,1791023400,6,5,15716,尾方祐仁,逃,101.16,,,,,0.013771537435841474,,-0.1939517846448991,-0.03267482908563611,-0.057977394613221156,-0.10090162659435412,0.001014581571384914,,0,,,0,
2026-10-03,川崎,10,103420261003,1791023700,1791023400,7,7,14175,柴崎俊光,追,101.07,,,,,0.00767254852842162,,0.03857225104438077,-0.08001427567248352,-0.0379302668090236,-0.01528812524156881,0.00027988457141652845,,0,,,0,
2026-10-03,久留米,10,108320261003,1791024480,1791024180,1,1,15080,児玉碧衣,逃,59.33,,,,,0.9196899341058169,0.8665893856784369,0.3615897031458937,-0.028703851860318427,0.147014865889725,0.1914027019342536,0.004123493246696096,,0,,,0,
2026-10-03,久留米,10,108320261003,1791024480,1791024180,2,7,15666,畠山ひすい,逃,56.19,,,,,0.05310054842738004,,0.1919255531647593,-0.028703851860318427,0.059245294660958195,0.10047686748245249,0.0006853451379550295,,0,,,0,
2026-10-03,久留米,10,108320261003,1791024480,1791024180,3,3,15220,鈴木美教,両,55.39,,,,,0.020609091577095486,,-0.01312912589878663,-0.028703851860318427,0.20450276733041042,-0.07602622292398496,0.0011650867345235503,,0,,,0,
2026-10-03,久留米,10,108320261003,1791024480,1791024180,4,5,15679,又多風緑,両,53.42,,,,,0.0027510799970464754,,-0.11482025800983195,-0.028703851860318427,-0.04306578088697689,0.01222532227923376,0.0012336212483190538,,0,,,0,
2026-10-03,久留米,10,108320261003,1791024480,1791024180,5,2,15671,小泉夢菜,追,52.75,,,,,0.0018487052011562672,,-0.15935783739539727,-0.028703851860318427,-0.11843089743918647,-0.07602622292398496,0.0013135781810804737,,0,,,0,
2026-10-03,久留米,10,108320261003,1791024480,1791024180,6,6,15139,板根茜弥,追,51.0,,,,,0.0010048850745781558,,-0.1456682852791291,-0.028703851860318427,-0.11843089743918647,-0.07602622292398496,0.0015534489793647339,,0,,,0,
2026-10-03,久留米,10,108320261003,1791024480,1791024180,7,4,14896,野口諭実可,追,50.28,,,,,0.0009957556169266418,,-0.12053974972750825,-0.028703851860318427,-0.1308353521157437,-0.07602622292398496,0.0018732767104104144,,0,,,0,
2026-10-03,川崎,11,113420261003,1791025320,1791025020,1,5,14981,磯島康祐,逃,91.61,,,,,0.36152315382365474,0.10785278583876173,0.02518672542014281,0.04401079323120614,0.08167362629272581,-0.03077925419383298,0.0008642632546079278,,0,,,0,
2026-10-03,川崎,11,113420261003,1791025320,1791025020,2,3,15872,池田充槻,逃,90.8,,,,,0.253670367984893,,0.24034836958117545,0.31148906151029265,-0.05797806489064046,0.18467552516299782,0.00411796021313189,,0,,,0,
2026-10-03,川崎,11,113420261003,1791025320,1791025020,3,7,14235,鈴木庸之,両,93.0,,,,,0.213329156961957,,-0.3631446494547709,0.05276962715841773,0.01771855526565206,0.05855565431997493,0.0019318825691236035,,0,,,0,
2026-10-03,川崎,11,113420261003,1791025320,1791025020,4,1,15880,吉岡優太,逃,88.88,,,,,0.08598606504649463,,0.19835645613402403,0.15383005082048407,0.01570800725910288,-0.1148591680891816,0.0016268484792619814,,0,,,0,
2026-10-03,川崎,11,113420261003,1791025320,1791025020,5,4,14144,石川雅望,追,89.41,,,,,0.029361131960236618,,-0.08759617358564896,-0.039673412271065515,-0.04102924765348771,-0.1148591680891816,0.0016649777404946844,,0,,,0,
2026-10-03,川崎,11,113420261003,1791025320,1791025020,6,6,14634,寺崎祐樹,追,87.0,,,,,0.029342052295239326,,0.10656951385180788,-0.05233637996812138,0.11305807575884486,0.05855565431997493,0.0002414853211404508,,0,,,0,
2026-10-03,川崎,11,113420261003,1791025320,1791025020,7,2,15554,近藤翔馬,逃,89.87,,,,,0.026788071927524654,,-0.11972024194673023,-0.13521146877749848,-0.12915095203219737,-0.04128924343075155,0.0010421998070272074,,0,,,0,
2026-10-03,久留米,11,118320261003,1791026160,1791025860,1,5,15751,半田誠,逃,96.72,,,,,0.6229085446129476,0.4595269799028243,0.2608197442954122,0.18836369511699064,0.13094826721151082,0.11226827987756233,0.0036755212718244117,,0,,,0,
2026-10-03,久留米,11,118320261003,1791026160,1791025860,2,7,15204,吉田智哉,逃,95.52,,,,,0.16338156471012336,,0.12721750602997295,0.12058769965234492,0.10407354483963766,-0.030618621784789742,0.0006125868786374022,,0,,,0,
2026-10-03,久留米,11,118320261003,1791026160,1791025860,3,4,15632,常次勇人,逃,91.81,,,,,0.09987551122480033,,0.01792827193458412,0.05387882568623619,0.07680619545875472,0.11226827987756233,0.0017887536856212138,,0,,,0,
2026-10-03,久留米,11,118320261003,1791026160,1791025860,4,1,14565,中村健志,追,94.28,,,,,0.06855032448773428,,0.11239932059377712,-0.07210521462294912,0.009423076024566941,-0.10206207261596577,0.0009556355306743472,,0,,,0,
2026-10-03,久留米,11,118320261003,1791026160,1791025860,5,2,12829,西浦仙哉,両,92.22,,,,,0.030136938697274858,,-0.07179536735768147,0.21405608368702983,-0.09314765077584378,-0.10206207261596577,0.00041655907747343315,,0,,,0,
2026-10-03,久留米,11,118320261003,1791026160,1791025860,6,3,15545,橋本凌汰,逃,90.47,,,,,0.012817947960282884,,-0.34710417861191023,-0.10709877343846023,-0.09665422620070659,0.11226827987756233,0.0016417328347482377,,0,,,0,
2026-10-03,久留米,11,118320261003,1791026160,1791025860,7,6,12742,山田雅之,追,84.11,,,,,0.002329168306836589,,-0.09946529688415477,-0.11064379747800791,-0.13144920655791978,-0.10206207261596577,0.002670878790859073,,0,,,0,
2026-10-03,川崎,12,123420261003,1791027000,1791026700,1,1,14462,小原太樹,追,112.86,,,,,0.4172481985008221,0.05745753027716455,0.10495040018124246,-0.17208724100971445,0.2017704248591108,-0.04103247710954581,0.0043406025445584156,,0,,,0,
2026-10-03,川崎,12,123420261003,1791027000,1791026700,2,3,15243,小林泰正,逃,112.72,,,,,0.3597906682236576,,0.10124212720324961,0.12990829892615097,-0.04747539408449668,0.13263986786574114,0.0006576670522058208,,0,,,0,
2026-10-03,川崎,12,123420261003,1791027000,1791026700,3,7,13628,石毛克幸,追,104.9,,,,,0.12848455554235877,,0.19161443707508904,0.29116981363936456,0.035606545563372484,0.166038395745604,0.0006313603701175876,,0,,,0,
2026-10-03,川崎,12,123420261003,1791027000,1791026700,4,4,14117,小岩大介,追,109.4,,,,,0.05209028570059298,,0.06360989406331669,-0.03903672209272557,-0.005934424260562099,-0.08779041614135384,0.0011838006939704768,,0,,,0,
2026-10-03,川崎,12,123420261003,1791027000,1791026700,5,6,14664,志村龍己,追,100.8,,,,,0.016298895952456097,,-0.20036524127621763,0.2116973031299263,-0.08901636390843125,0.00572546192226222,0.00047352027758819083,,0,,,0,
2026-10-03,川崎,12,123420261003,1791027000,1791026700,6,5,13920,山崎芳仁,追,106.0,,,,,0.013054675570321563,,0.07102644001930256,-0.23208724100971445,-0.04747539408449668,-0.08779041614135384,0.0017362410178233662,,0,,,0,
2026-10-03,川崎,12,123420261003,1791027000,1791026700,7,2,14029,上田国広,追,106.3,,,,,0.013032720509790933,,-0.3320780572659829,-0.00956421158328728,-0.04747539408449668,-0.08779041614135384,0.0019203877924409958,,0,,,0,
2026-10-03,武雄,1,018420261003,1791027660,1791027360,1,1,15345,浅見隼,逃,87.92,,,,,0.6276041339685721,0.42616799238274383,0.15808955592419036,0.14019238711957163,0.23006463248467496,-0.03509446628788558,0.002573711338890856,,0,,,0,
2026-10-03,武雄,1,018420261003,1791027660,1791027360,2,2,15483,谷元奎心,逃,87.87,,,,,0.2014361415858282,,0.09984603532054126,0.29627633648252616,-0.00950965975273647,0.14553881607623131,0.003067299814842528,,0,,,0,
2026-10-03,武雄,1,018420261003,1791027660,1791027360,3,3,12763,内村泰三,追,86.23,,,,,0.07245995630937284,,0.1289677956223658,0.03194819085714788,0.0009707079458884729,-0.09289711664440298,0.0008814079927708414,,0,,,0,
2026-10-03,武雄,1,018420261003,1791027660,1791027360,4,5,14891,小岩哲也,両,82.37,,,,,0.058962110153157284,,0.012480754415067739,0.05424589790899851,0.07285911700530082,-0.09289711664440298,0.0008461516730600075,,0,,,0,
2026-10-03,武雄,1,018420261003,1791027660,1791027360,5,4,14300,上野真吾,追,85.33,,,,,0.02399171257666777,,0.012480754415067739,0.07654360496084917,-0.09187843651077376,-0.09289711664440298,0.0018685849446741837,,0,,,0,
2026-10-03,武雄,1,018420261003,1791027660,1791027360,6,6,15181,栗田万生,逃,81.22,,,,,0.014229884419329287,,-0.10400628679223034,-0.06048697634708412,-0.02825914790354296,0.02270818406863183,0.0018685849446741837,,0,,,0,
2026-10-03,武雄,1,018420261003,1791027660,1791027360,7,7,12779,田川辰二,追,80.61,,,,,0.0013160609870726215,,-0.30785860890500205,-0.2038411692782941,-0.17424721326881104,0.14553881607623131,0.0018685849446741837,,0,,,0,
2026-10-03,平塚,1,013520261003,1791028140,1791027840,1,1,15486,岡本二菜,両,56.45,,,,,0.8589806540065009,0.7922386208307431,0.2272914809728571,-0.028703851860318427,0.30487929629364197,-0.04082482904638631,0.0021996467461324245,,0,,,0,
2026-10-03,平塚,1,013520261003,1791028140,1791027840,2,2,15308,當銘直美,両,54.33,,,,,0.06674203317575773,,0.09470478373869044,-0.028703851860318427,0.10040221222956902,-0.04082482904638631,0.0032148683212704665,,0,,,0,
2026-10-03,平塚,1,013520261003,1791028140,1791027840,3,3,15153,林真奈美,両,53.33,,,,,0.06270889170159662,,0.16836405997989415,-0.028703851860318427,0.03625143218251768,-0.04082482904638631,0.0006768143834253612,,0,,,0,
2026-10-03,平塚,1,013520261003,1791028140,1791027840,4,6,15777,谷元音羽,両,48.79,,,,,0.004716831916094633,,-0.11154118973667992,-0.028703851860318427,-0.09388645771405246,0.24494897427831785,2.348171599613484e-19,,0,,,0,
2026-10-03,平塚,1,013520261003,1791028140,1791027840,5,4,15134,藤巻絵里佳,追,50.07,,,,,0.0036012842588582583,,-0.09680933448843912,-0.028703851860318427,-0.10875429654755303,-0.04082482904638631,0.002030443150276084,,0,,,0,
2026-10-03,平塚,1,013520261003,1791028140,1791027840,6,5,15851,片岡美奈,両,49.14,,,,,0.0019501843465992567,,-0.08207747924019844,-0.028703851860318427,-0.10875429654755303,-0.04082482904638631,0.002030443150276084,,0,,,0,
2026-10-03,平塚,1,013520261003,1791028140,1791027840,7,7,15766,宮西令奈,両,47.76,,,,,0.0013001205945926146,,-0.1999323212261243,-0.028703851860318427,-0.13013788989657016,-0.04082482904638631,0.002030443150276084,,0,,,0,
2026-10-03,小松島,1,017320261003,1791028620,1791028320,1,4,15879,西本健三郎,逃,86.22,,,,,0.4548196248989409,0.22941856585100978,0.15689290811054732,0.3429263274835265,0.05388607978127277,0.22159154497205844,0.0018869485813517272,,0,,,0,
2026-10-03,小松島,1,017320261003,1791028620,1791028320,2,2,14230,山田義彦,両,87.66,,,,,0.22540105904793112,,0.08825226081218282,0.04838215667386349,0.097628774158926,0.000984851310986919,0.0003329909261208931,,0,,,0,
2026-10-03,小松島,1,017320261003,1791028620,1791028320,3,1,15561,原井剣也,逃,89.73,,,,,0.17805267268509264,,-0.014708710135363753,0.11467037821006401,-0.07355579804961898,-0.005909107865921562,0.0025159314418023034,,0,,,0,
2026-10-03,小松島,1,017320261003,1791028620,1791028320,4,3,14623,飯田裕次,追,87.44,,,,,0.09716019859500427,,-0.014708710135363753,0.017256345409300423,-0.004562181535056879,0.028560688018620863,0.0018869485813517272,,0,,,0,
2026-10-03,小松島,1,017320261003,1791028620,1791028320,5,5,15330,伊藤奎,追,85.66,,,,,0.03680403168228789,,0.19121323175972954,-0.07127716957589951,0.10824893064483364,-0.08174265881191489,0.00018499495895605178,,0,,,0,
2026-10-03,小松島,1,017320261003,1791028620,1791028320,6,6,15481,山川奨太,逃,80.95,,,,,0.004228465963485395,,-0.15199000473209257,-0.11277825126198358,-0.06560938100710703,-0.08174265881191489,0.0032929102694177212,,0,,,0,
2026-10-03,小松島,1,017320261003,1791028620,1791028320,7,7,14695,山口茂,追,79.47,,,,,0.0035339471272577347,,-0.25495097567963915,-0.11911692267643023,-0.11603642399324955,-0.08174265881191489,0.0018869485813517272,,0,,,0,
2026-10-03,武雄,2,028420261003,1791029100,1791028800,1,2,15726,龍野琳太郎,逃,88.33,,,,,0.5864853552044933,0.3577150087901606,0.055370150195390586,0.30405824341154,0.16470609788942092,0.1986635381114617,0.00362635189236911,,0,,,0,
2026-10-03,武雄,2,028420261003,1791029100,1791028800,2,3,14331,栗田貴徳,追,87.72,,,,,0.22877034641433266,,0.18338187358289917,0.14308758291906104,0.11302331588699235,-0.0777899396219579,0.0016275752587798368,,0,,,0,
2026-10-03,武雄,2,028420261003,1791029100,1791028800,3,1,13473,大塚英伸,追,89.0,,,,,0.12464499790052624,,0.11937601188914487,0.14308758291906104,0.0012652730450557412,-0.0777899396219579,0.0003712013748094371,,0,,,0,
2026-10-03,武雄,2,028420261003,1791029100,1791028800,4,4,13423,増田利明,両,84.2,,,,,0.03514250914585966,,0.023367219348513397,-0.06537556525301565,0.0012652730450557412,0.05624811018818493,0.001970222681680856,,0,,,0,
2026-10-03,武雄,2,028420261003,1791029100,1791028800,5,5,14985,竹山慶太,逃,82.75,,,,,0.020443787939343545,,0.019811338143304838,0.030998471789911924,-0.009913800661886941,0.05624811018818493,0.0008280646053441271,,0,,,0,
2026-10-03,武雄,2,028420261003,1791029100,1791028800,6,6,14075,松根真,追,80.82,,,,,0.003614094419457344,,-0.08864303861555668,-0.0657228306739487,-0.13517307960231884,-0.0777899396219579,0.002369978008398711,,0,,,0,
2026-10-03,武雄,2,028420261003,1791029100,1791028800,7,7,13594,高田真幸,両,79.69,,,,,0.0008989089759873134,,-0.3126635545436967,-0.15525521340889478,-0.13517307960231884,-0.0777899396219579,0.001370589691604074,,0,,,0,
2026-10-03,平塚,2,023520261003,1791029580,1791029280,1,1,15400,久米詩,両,55.94,,,,,0.7896050279700939,0.6101504071058201,0.12660641039980747,-0.028703851860318427,0.18356906023641978,-0.040824829046386304,0.00486531084923448,,0,,,0,
2026-10-03,平塚,2,023520261003,1791029580,1791029280,2,2,15076,元砂七夕美,両,55.14,,,,,0.17945462086427377,,0.2514296319207444,-0.028703851860318427,0.14108919481707555,0.2449489742783178,0.0006883773144000824,,0,,,0,
2026-10-03,平塚,2,023520261003,1791029580,1791029280,3,3,15684,安東莉奈,追,51.81,,,,,0.012091860483162563,,-0.0481460997295043,-0.028703851860318427,0.007778873419800519,-0.040824829046386304,0.0003616897753627552,,0,,,0,
2026-10-03,平塚,2,023520261003,1791029580,1791029280,4,4,15310,梶原百香,両,49.48,,,,,0.00829815470566837,,0.03923015533515158,-0.028703851860318427,-0.014928740574682204,-0.040824829046386304,0.0010967367381967414,,0,,,0,
2026-10-03,平塚,2,023520261003,1791029580,1791029280,5,6,15071,佐藤亜貴子,両,48.88,,,,,0.005695158195449063,,-0.035663777577410544,-0.028703851860318427,-0.04422710504411874,-0.040824829046386304,0.0010967367381967414,,0,,,0,
2026-10-03,平塚,2,023520261003,1791029580,1791029280,6,5,15852,普久原美海,追,49.33,,,,,0.0038197198740885004,,-0.07311074403369161,-0.028703851860318427,-0.12553144797747456,-0.040824829046386304,0.000851721083918746,,0,,,0,
2026-10-03,平塚,2,023520261003,1791029580,1791029280,7,7,15945,橋本のこ,両,45.3,,,,,0.001035457907263791,,-0.260345576315097,-0.028703851860318427,-0.14774983487702037,-0.040824829046386304,0.0007700491991594142,,0,,,0,
2026-10-03,小松島,2,027320261003,1791030060,1791029760,1,1,13834,平石浩之,追,88.52,,,,,0.43071329581734086,0.06754912292852949,0.15958636935326276,0.1409346301822053,0.10491234600798496,-0.07351042543648827,0.0005107539184552482,,0,,,0,
2026-10-03,小松島,2,027320261003,1791030060,1791029760,2,2,15792,貝原涼太,逃,86.75,,,,,0.36316417288881137,,0.15958636935326276,0.15188668271856506,0.06465687095701672,0.0637090353782898,0.0017025130615174965,,0,,,0,
2026-10-03,小松島,2,027320261003,1791030060,1791029760,3,3,13971,内山拓,追,86.33,,,,,0.11108892351576535,,-0.18988217743904248,0.21932370436472595,0.07026127656484403,-0.07351042543648827,0.0009080069661426646,,0,,,0,
2026-10-03,小松島,2,027320261003,1791030060,1791029760,4,4,15568,田川翔琉,逃,85.75,,,,,0.06079517675514104,,0.07893978163196158,-0.04408600273773646,-0.0023978441964054714,0.02082795387367166,0.0009080069661426646,,0,,,0,
2026-10-03,小松島,2,027320261003,1791030060,1791029760,5,5,12823,遠藤勝行,追,83.27,,,,,0.015053185601594937,,-0.028589001996440013,0.003753750362794258,-0.10746061066793627,-0.07351042543648827,0.0014755113199818317,,0,,,0,
2026-10-03,小松島,2,027320261003,1791030060,1791029760,6,7,15100,渡邊颯太,逃,0.0,,,,,0.015045272697604735,,0.06400522835023907,0.13228941417293494,-0.14993520200312052,0.2095047124939915,0.0017025130615174965,,0,,,0,
2026-10-03,小松島,2,027320261003,1791030060,1791029760,7,6,13179,飯島淳,追,80.04,,,,,0.004139972723741695,,-0.24364656925324332,-0.2692239073597743,0.01996316333761647,-0.07351042543648827,0.004256282653793744,,0,,,0,
2026-10-03,武雄,3,038420261003,1791030540,1791030240,1,1,15750,徳永泰粋,逃,88.95,,,,,0.6961985936439743,0.4910639623419518,0.09087141984503261,0.2767177912159682,0.14594694235377417,0.15811388300841894,0.0032944211948647845,,0,,,0,
2026-10-03,武雄,3,038420261003,1791030540,1791030240,2,3,15294,小原亮哉,追,86.61,,,,,0.20513463130202247,,0.10570276557103529,0.13165781370654908,0.0752055449580956,0.15811388300841894,7.033735121830775e-19,,0,,,0,
2026-10-03,武雄,3,038420261003,1791030540,1791030240,3,2,13259,望月紀男,追,87.42,,,,,0.057162231266770884,,0.06120872839302715,0.11412147456018998,0.03311189935688877,-0.06324555320336758,0.0005068340299791969,,0,,,0,
2026-10-03,武雄,3,038420261003,1791030540,1791030240,4,4,15175,桜井大地,逃,82.8,,,,,0.02537367592030084,,0.04637738266702448,0.013672704020582046,0.026006876859493037,-0.06324555320336758,0.0007602510449687969,,0,,,0,
2026-10-03,武雄,3,038420261003,1791030540,1791030240,5,5,15287,山中崇弘,追,81.42,,,,,0.008452153110882508,,0.07768800142191908,-0.07877825604975978,-0.05107539184552491,-0.06324555320336758,0.0032944211948647832,,0,,,0,
2026-10-03,武雄,3,038420261003,1791030540,1791030240,6,6,14492,飯塚隼人,両,79.95,,,,,0.006124587165055966,,-0.027779345962989126,-0.20633131635583293,-0.021663488862996873,-0.06324555320336758,0.0017739191049271907,,0,,,0,
2026-10-03,武雄,3,038420261003,1791030540,1791030240,7,7,15284,田村裕也,逃,75.42,,,,,0.001554127590993062,,-0.354068951935049,0.08381806060601835,-0.2075323828197298,-0.06324555320336758,0.0015205020899375931,,0,,,0,
2026-10-03,平塚,3,033520261003,1791031020,1791030720,1,1,14216,田村純一,両,75.38,,,,,0.4653455689447366,0.18905931647929258,0.23030702795304236,0.3160072984442655,0.08414364481299764,0.03602259854645166,0.0036007546547357668,,0,,,0,
2026-10-03,平塚,3,033520261003,1791031020,1791030720,2,3,15708,山口直樹,逃,72.66,,,,,0.276286252465444,,-0.07421004234042475,-0.040399003950204654,0.01916410629869367,-0.06130161507027737,0.0018145535267959766,,0,,,0,
2026-10-03,平塚,3,033520261003,1791031020,1791030720,3,2,15890,中秀平,逃,73.55,,,,,0.20154637978069187,,0.1586559525898736,0.13409657347151505,0.12368328131569936,0.23067102577990972,0.000623752774836117,,0,,,0,
2026-10-03,平塚,3,033520261003,1791031020,1791030720,4,4,14218,邊見斎,追,71.84,,,,,0.0411498162215791,,0.0511793395451205,0.12129941824779565,0.0855737449046487,-0.06130161507027737,0.00036858118513043256,,0,,,0,
2026-10-03,平塚,3,033520261003,1791031020,1791030720,5,5,14772,細田純平,両,71.34,,,,,0.013025208753911274,,-0.03838450465884034,-0.09780670767084151,0.003634271715943195,-0.06130161507027737,0.0013609151450969823,,0,,,0,
2026-10-03,平塚,3,033520261003,1791031020,1791030720,6,6,13647,光畑政志,追,69.23,,,,,0.0021944227113533787,,-0.07421004234042475,-0.09780670767084151,-0.07687510138111127,-0.06130161507027737,0.0019563155210769122,,0,,,0,
2026-10-03,平塚,3,033520261003,1791031020,1791030720,7,7,13840,高瀬卓,追,64.6,,,,,0.00045235112228380996,,-0.2533377307483466,-0.06748825350871647,-0.2393239476668712,-0.021487164045251864,0.0023532491050635325,,0,,,0,
2026-10-03,小松島,3,037320261003,1791031500,1791031200,1,2,15929,鶴淳志,逃,85.22,,,,,0.45197415887540343,0.0689610643912632,0.1564686288002802,0.27269530263039643,0.20525854419890954,-0.06003651330350926,0.00437509987102372,,0,,,0,
2026-10-03,小松島,3,037320261003,1791031500,1791031200,2,1,14270,小原将通,追,87.63,,,,,0.3830130944841402,,-0.0481858407032006,0.09613415940224222,0.12158262200483094,0.20892706629621222,0.00040203620436434206,,0,,,0,
2026-10-03,小松島,3,037320261003,1791031500,1791031200,3,3,15084,菅田謙仁,両,85.0,,,,,0.07443312146613339,,0.1564686288002802,-0.10130619125074507,0.025143263324030548,0.09125550022133408,0.0005912297123005027,,0,,,0,
2026-10-03,小松島,3,037320261003,1791031500,1791031200,4,7,13984,栗林巧,追,81.0,,,,,0.03498174547038839,,0.050351496465142184,0.24573475695469882,-0.18567663729777248,-0.06003651330350926,9.459675396808019e-05,,0,,,0,
2026-10-03,小松島,3,037320261003,1791031500,1791031200,5,5,13434,石黒健,両,82.9,,,,,0.022383418067877154,,-0.32105846670784144,0.04626729355142336,-0.05399409759665674,-0.06003651330350926,9.459675396808019e-05,,0,,,0,
2026-10-03,小松島,3,037320261003,1791031500,1791031200,6,6,15011,吉岡伸太郎,逃,81.33,,,,,0.02126302640032201,,-0.01407676245262031,-0.08883947478804036,-0.058319597036685,-0.06003651330350926,0.002412217226186051,,0,,,0,
2026-10-03,小松島,3,037320261003,1791031500,1791031200,7,4,13075,平総一,追,84.18,,,,,0.011951435235735369,,0.020032315797959676,-0.13580757479626065,-0.05399409759665674,-0.06003651330350926,0.0015844956289653475,,0,,,0,
2026-10-03,武雄,4,048420261003,1791031980,1791031680,1,1,15611,長谷川飛向,逃,89.61,,,,,0.7916432912883119,0.7277173798226656,0.13914021704740878,0.29672590019545303,0.0753556438984291,-0.062169899145350406,0.0017353387713832128,,0,,,0,
2026-10-03,武雄,4,048420261003,1791031980,1791031680,2,2,15237,太田将成,逃,84.69,,,,,0.06392591146564626,,-0.19289893727027102,0.06792659064106983,0.16079589937218852,-0.062169899145350406,0.00024214029368137868,,0,,,0,
2026-10-03,武雄,4,048420261003,1791031980,1791031680,3,5,14155,佐藤政利,追,82.38,,,,,0.04607941738639068,,0.07273238618387284,0.024246619919847275,-0.0311870768822575,-0.062169899145350406,0.0019371223494510283,,0,,,0,
2026-10-03,武雄,4,048420261003,1791031980,1791031680,4,7,15915,柏野健吾,逃,80.5,,,,,0.03972042088359298,,-0.21503488089144981,0.13656638350738481,0.1286270042887724,0.18978179739106965,0.003995314845742746,,0,,,0,
2026-10-03,武雄,4,048420261003,1791031980,1791031680,5,4,12937,十文字菊雄,追,82.72,,,,,0.031041935135089817,,0.183412104289766,0.04712655087528558,-0.11119715689237752,-0.062169899145350406,0.0005246373029763201,,0,,,0,
2026-10-03,武雄,4,048420261003,1791031980,1791031680,6,3,14843,峰重祐之介,追,83.64,,,,,0.023873001945221507,,0.09486832980505143,-0.09015303485734433,-0.0311870768822575,0.12106769833568237,0.0010896313215662035,,0,,,0,
2026-10-03,武雄,4,048420261003,1791031980,1791031680,7,6,14236,本田拓也,追,81.61,,,,,0.003716021895746834,,-0.08221921916437776,-0.1475607385779812,-0.19120723690249755,-0.062169899145350406,0.0019371223494510283,,0,,,0,
2026-10-03,平塚,4,043520261003,1791032460,1791032160,1,1,15936,下山聖斗,逃,78.16,,,,,0.7232401006189644,0.5195956876859715,0.12295958523315702,0.27693214192534765,0.16405463761859448,0.241522945769824,0.004244145675759341,,0,,,0,
2026-10-03,平塚,4,043520261003,1791032460,1791032160,2,3,15977,齊藤宏樹,逃,74.44,,,,,0.2036444129329929,,0.20871368711163188,0.22728648391234188,0.05821204447311526,-0.048304589153964794,0.0016472033916408635,,0,,,0,
2026-10-03,平塚,4,043520261003,1791032460,1791032160,3,4,13375,五反田豊和,両,71.7,,,,,0.04284864196137516,,0.03720548335468219,0.014486532444591816,0.040570189078925206,-0.048304589153964794,0.0010536165838423545,,0,,,0,
2026-10-03,平塚,4,043520261003,1791032460,1791032160,4,2,11574,坂本英一,追,76.04,,,,,0.027902080194981044,,0.10866723492007788,0.014486532444591816,0.11200269888823378,-0.048304589153964794,0.0008458612011128762,,0,,,0,
2026-10-03,平塚,4,043520261003,1791032460,1791032160,5,6,13927,高橋由記,追,68.82,,,,,0.00104733249901628,,-0.09777782515773191,-0.06774400028254798,-0.11797742858115655,0.0,0.0015730050406660503,,0,,,0,
2026-10-03,平塚,4,043520261003,1791032460,1791032160,6,5,12402,時松正,追,69.16,,,,,0.0008511619808579795,,-0.14541899286799564,-0.09256682928905091,-0.11797742858115655,-0.048304589153964794,0.0010536165838423545,,0,,,0,
2026-10-03,平塚,4,043520261003,1791032460,1791032160,7,7,12986,近藤直幹,追,65.29,,,,,0.0004662698118123654,,-0.23434917259382146,-0.15281799689283307,-0.13888471289655566,-0.048304589153964794,0.0013652496579365718,,0,,,0,
2026-10-03,小松島,4,047320261003,1791032940,1791032640,1,1,14525,三ッ井武,追,88.14,,,,,0.47205704117079206,0.03517657567037896,0.191601578930195,0.21555812222374837,0.06704001008284971,-0.06641935061096002,0.0005075459213253765,,0,,,0,
2026-10-03,小松島,4,047320261003,1791032940,1791032640,2,2,15353,松坂侑亮,逃,86.85,,,,,0.4368804655004131,,0.1428302679297817,0.27788081676551507,0.24621317400542264,0.19774852113717642,0.003468230462390071,,0,,,0,
2026-10-03,小松島,4,047320261003,1791032940,1791032640,3,4,14320,在本直樹,両,84.05,,,,,0.04283608228287388,,0.0452876459289553,-0.01821219018009962,-0.07028950632988643,-0.06641935061096002,0.0019878881918577243,,0,,,0,
2026-10-03,小松島,4,047320261003,1791032940,1791032640,4,3,13353,吉永好宏,追,85.14,,,,,0.02955218370972824,,0.11844461242957509,-0.06217447678148349,0.04168202637586217,0.10793144474281002,0.0012688648033134403,,0,,,0,
2026-10-03,小松島,4,047320261003,1791032940,1791032640,5,7,15699,助川翔太郎,逃,80.61,,,,,0.008777409615543666,,-0.19856890907311092,-0.015885710280611507,-0.09564749003687396,-0.06641935061096002,0.0003806594409940318,,0,,,0,
2026-10-03,小松島,4,047320261003,1791032940,1791032640,6,5,14784,萱島大介,追,83.95,,,,,0.005562951685235481,,-0.14979759807269766,-0.2568974934050775,-0.040652734671508144,-0.06641935061096002,0.0027492070738457876,,0,,,0,
2026-10-03,小松島,4,047320261003,1791032940,1791032640,7,6,13925,黒田篤,追,80.7,,,,,0.004333866035413614,,-0.14979759807269766,0.03195404281991921,-0.148345479425866,-0.04000256343614638,0.0015649332574199095,,0,,,0,
2026-10-03,武雄,5,058420261003,1791033480,1791033180,1,1,15797,中島淳,逃,89.8,,,,,0.5603676341536574,0.3611395100815471,0.1133093550545643,0.19553265597732902,0.13014567826334308,-0.12256865093653953,0.003966141256513908,,0,,,0,
2026-10-03,武雄,5,058420261003,1791033480,1791033180,2,2,13568,大木雅也,追,89.61,,,,,0.1992281240721103,,0.20329031348024765,-0.034675597783824536,0.12035497126654512,-0.029309894789172505,0.002203411809174393,,0,,,0,
2026-10-03,武雄,5,058420261003,1791033480,1791033180,3,3,15565,入江航太,逃,87.29,,,,,0.17009790688178666,,0.17496297471660663,0.0843134532326553,0.12064310284368089,0.0266453588992477,0.0011384294347401031,,0,,,0,
2026-10-03,武雄,5,058420261003,1791033480,1791033180,4,6,14687,井上将志,両,81.19,,,,,0.048849236425941446,,-0.051655735392522044,0.2850796101071123,-0.07831741793750152,-0.001332267944962402,0.0008813647236697578,,0,,,0,
2026-10-03,武雄,5,058420261003,1791033480,1791033180,5,4,13652,隅直幸,追,82.5,,,,,0.014413679917936215,,-0.09664621460536373,0.09044600530393337,-0.07831741793750152,0.06394886135819451,0.0006610235427523176,,0,,,0,
2026-10-03,武雄,5,058420261003,1791033480,1791033180,6,5,15379,下野義城,逃,81.5,,,,,0.005555574118153952,,-0.1416366938182054,-0.11032015157052368,-0.13619149856106455,-0.12256865093653953,0.0014322176759633551,,0,,,0,
2026-10-03,武雄,5,058420261003,1791033480,1791033180,7,7,12850,渡邉満,追,78.23,,,,,0.0014878444304139383,,-0.20162399943532772,-0.1754977035629667,-0.07831741793750152,0.18518524434977165,0.0016892823870337012,,0,,,0,
2026-10-03,平塚,5,053520261003,1791034020,1791033720,1,1,16016,西原裕太郎,逃,79.58,,,,,0.9016108844797818,0.8288524763877683,0.3348314037922925,0.3467669682371722,0.12724149864048875,-0.10430641555618839,0.0047517257030505345,,0,,,0,
2026-10-03,平塚,5,053520261003,1791034020,1791033720,2,2,13743,藤田剣次,追,74.08,,,,,0.07275840809201348,,0.03939192985791679,0.06394704589641927,0.15235284265288232,-0.10430641555618839,0.000566339400654279,,0,,,0,
2026-10-03,平塚,5,053520261003,1791034020,1791033720,3,5,14064,吉松賢二,両,70.61,,,,,0.011855327299858814,,-0.0,0.07121723870276916,0.07390783561637129,0.17651854940278033,8.287893668111417e-05,,0,,,0,
2026-10-03,平塚,5,053520261003,1791034020,1791033720,4,3,14124,石田宏樹,両,72.88,,,,,0.008129474266695224,,-0.0393919298579167,0.027129281977264677,-0.059944817777144103,0.045466899088594935,0.000566339400654279,,0,,,0,
2026-10-03,平塚,5,053520261003,1791034020,1791033720,5,4,14349,佐藤純嘉,追,70.88,,,,,0.0034248170398177196,,-0.15756771943166709,-0.01320687837321355,-0.02037665037007411,0.045466899088594935,0.0016299524213952417,,0,,,0,
2026-10-03,平塚,5,053520261003,1791034020,1791033720,6,6,13684,吉橋秀城,追,68.94,,,,,0.0014391197810462862,,-0.0590878947868751,-0.057294835098718015,-0.11998839666537808,-0.10430641555618839,0.0013398761430113428,,0,,,0,
2026-10-03,平塚,5,053520261003,1791034020,1791033720,7,7,11665,倉岡慎太郎,追,67.91,,,,,0.0007819690407867608,,-0.11817578957375029,-0.10368054963797876,-0.15319231209714604,0.045466899088594935,0.000566339400654279,,0,,,0,
2026-10-03,小松島,5,057320261003,1791034560,1791034260,1,2,15607,中山拓人,逃,88.33,,,,,0.5096493588910506,0.22767875530630982,0.1888395545390069,0.09619768822551902,0.12907322184403433,0.2074778931137737,0.0023907343035239957,,0,,,0,
2026-10-03,小松島,5,057320261003,1791034560,1791034260,2,3,14845,表原周,追,85.38,,,,,0.28197060358474074,,0.20457618408392417,-0.10164012304328035,0.10906204539466129,-0.001356064660874341,0.0003335908330498596,,0,,,0,
2026-10-03,小松島,5,057320261003,1791034560,1791034260,3,1,14452,長井優斗,追,88.86,,,,,0.13010122173092967,,0.11015640681442067,0.06844434459702509,0.02475176319722984,-0.10577304354819834,0.003057915969623716,,0,,,0,
2026-10-03,小松島,5,057320261003,1791034560,1791034260,4,4,13979,竹内優也,両,83.9,,,,,0.04165198880045562,,-0.15736629544917244,0.3141219089663552,0.06088474128184332,0.008136387965246019,0.0031691129139736697,,0,,,0,
2026-10-03,小松島,5,057320261003,1791034560,1791034260,5,5,15831,三木健正,逃,81.88,,,,,0.026135278880121054,,-0.07868314772458622,0.1528925107722875,-0.11996824993412744,0.04610619846972749,0.000722780138274696,,0,,,0,
2026-10-03,小松島,5,057320261003,1791034560,1791034260,6,7,13668,佐々木孝司,逃,80.33,,,,,0.006707346592482104,,-0.15736629544917244,-0.03609023105027411,-0.03565796773669598,-0.10577304354819834,5.559847217497678e-05,,0,,,0,
2026-10-03,小松島,5,057320261003,1791034560,1791034260,7,6,14887,板崎佑矢,両,81.75,,,,,0.003784201520220241,,-0.11015640681442072,-0.1590478267639172,-0.16814555404694542,-0.04881832779147617,0.0015011587487243692,,0,,,0,
2026-10-03,武雄,6,068420261003,1791035100,1791034800,1,1,15788,平根優大,逃,92.28,,,,,0.892562771916918,0.8250861947381559,0.18367726644978977,0.3126723515161139,0.20605052468314972,0.17882267053056278,0.004232984676623206,,0,,,0,
2026-10-03,武雄,6,068420261003,1791035100,1791034800,2,2,13005,小笠原昭太,追,86.23,,,,,0.06747657717876211,,0.11322571219507588,0.1552522651915316,0.11394312306831675,0.11662348078080181,6.639975963330534e-05,,0,,,0,
2026-10-03,武雄,6,068420261003,1791035100,1791034800,3,3,15737,火島裕輝,逃,85.75,,,,,0.030425295473785544,,0.09561282363139739,0.09660936264757387,0.05651617818948329,-0.07774898718720122,0.0014441947720243878,,0,,,0,
2026-10-03,武雄,6,068420261003,1791035100,1791034800,4,4,15200,谷口幸司,追,83.78,,,,,0.006112572136413376,,0.06038704650404041,0.03641762131383456,-0.006071996946863254,0.015549797437440234,0.0012283955532161463,,0,,,0,
2026-10-03,武雄,6,068420261003,1791035100,1791034800,5,6,14125,坂本昌宏,追,80.86,,,,,0.002001600251390621,,-0.08051606200538731,-0.0966121285107913,-0.08608207695698326,-0.07774898718720122,0.0012283955532161463,,0,,,0,
2026-10-03,武雄,6,068420261003,1791035100,1791034800,6,5,13192,平田徹,追,81.38,,,,,0.0009765079354703857,,-0.08051606200538731,-0.16605818049817603,-0.12608711696204325,-0.07774898718720122,0.0015769942912909984,,0,,,0,
2026-10-03,武雄,6,068420261003,1791035100,1791034800,7,7,14584,井上嵩,両,77.11,,,,,0.0004446751072598487,,-0.291870724769529,-0.16605818049817603,-0.15826863507505995,-0.07774898718720122,0.0015769942912909984,,0,,,0,
2026-10-03,平塚,6,063520261003,1791035640,1791035340,1,1,15523,邊見祐太,逃,79.66,,,,,0.8533410459971648,0.7303387837203791,0.2503742685825183,0.3214744636526181,0.19378103958617898,0.18618302447022458,0.003772423547646212,,0,,,0,
2026-10-03,平塚,6,063520261003,1791035640,1791035340,2,2,16013,森下龍之介,逃,77.56,,,,,0.12300226227678564,,0.1788387632732274,0.14603993362921672,0.038388045158629744,-0.062419742307936565,0.002160730858276234,,0,,,0,
2026-10-03,平塚,6,063520261003,1791035640,1791035340,3,3,14774,阿部弘,追,70.85,,,,,0.013729198681910727,,-0.02384516843643034,0.05034234398332813,0.012970135535656464,-0.062419742307936565,0.0009386781597429543,,0,,,0,
2026-10-03,平塚,6,063520261003,1791035640,1791035340,4,6,14015,米倉剛志,逃,69.04,,,,,0.004801896938572739,,-0.07153550530929102,-0.0054717059364480895,0.004710399676451982,-0.062419742307936565,7.084363469758161e-05,,0,,,0,
2026-10-03,平塚,6,063520261003,1791035640,1791035340,5,4,14516,村松俊弥,追,70.79,,,,,0.0029671900092605305,,-0.04769033687286068,-0.005477733751390475,-0.015905867120732192,-0.062419742307936565,0.0014345836026260243,,0,,,0,
2026-10-03,平塚,6,063520261003,1791035640,1791035340,6,5,13965,岡田雅也,追,70.2,,,,,0.001513949285607054,,-0.0596129210910758,-0.10275692156825493,-0.0736578724335095,0.12591568706945824,0.001558559963346792,,0,,,0,
2026-10-03,平塚,6,063520261003,1791035640,1791035340,7,7,13847,小林大能,追,64.81,,,,,0.0006444568106984881,,-0.22652910014608807,-0.0692721083053546,-0.16028588040267547,-0.062419742307936565,0.0019304890455090946,,0,,,0,
2026-10-03,小松島,6,067320261003,1791036180,1791035880,1,1,15505,荻原寿嗣,逃,89.23,,,,,0.7051934579161636,0.512508666635976,0.206024920347085,0.28586377814077624,0.15562747251799464,0.2156863992603773,0.0016605182225493272,,0,,,0,
2026-10-03,小松島,6,067320261003,1791036180,1791035880,2,2,15010,吉川嘉斗,追,89.1,,,,,0.1926847912801876,,-0.05082672837058709,0.14864451887125787,-0.014739175905834657,0.07553574320089163,0.0032950908478713214,,0,,,0,
2026-10-03,小松島,6,067320261003,1791036180,1791035880,3,3,12546,神開将暢,追,87.04,,,,,0.06121211957500959,,0.08616081761217133,0.1149974257130671,0.1152199011227733,-0.06461491285859404,0.0005708031390013311,,0,,,0,
2026-10-03,小松島,6,067320261003,1791036180,1791035880,4,4,15658,長松大祐,逃,84.38,,,,,0.0381392924815848,,0.15465459060355055,0.10080476577072717,0.11300702255409065,-0.032762491026892764,0.000752422319592664,,0,,,0,
2026-10-03,小松島,6,067320261003,1791036180,1791035880,5,5,13069,白川有司,追,81.87,,,,,0.00165814142745846,,-0.016579841874897444,-0.0938221972194281,-0.07971871442013864,-0.06461491285859404,0.0016086270280946612,,0,,,0,
2026-10-03,小松島,6,067320261003,1791036180,1791035880,6,6,14411,小谷文康,追,80.0,,,,,0.0005993107741829737,,-0.12312571097259853,-0.14429283695671424,-0.14469825293444263,-0.06461491285859404,0.002335103750459992,,0,,,0,
2026-10-03,小松島,6,067320261003,1791036180,1791035880,7,7,12844,米澤大輔,追,76.33,,,,,0.0005128865454129253,,-0.2563080473447248,-0.14429283695671424,-0.14469825293444263,-0.06461491285859404,0.002335103750459992,,0,,,0,
2026-10-03,武雄,7,078420261003,1791036720,1791036420,1,1,14339,成松春樹,両,95.04,,,,,0.4297028822181526,0.19670206754791222,0.07909485020440214,0.17032473276006918,0.09558060533170837,-0.06899891922735617,0.003331059830738499,,0,,,0,
2026-10-03,武雄,7,078420261003,1791036720,1791036420,2,4,15805,山下祐輔,逃,92.4,,,,,0.2330008146702404,,0.2036692392763356,0.30027836777889305,0.006439597390245751,0.23287135239232704,0.0009855206599818048,,0,,,0,
2026-10-03,武雄,7,078420261003,1791036720,1791036420,3,2,13693,藤原憲征,追,94.83,,,,,0.13555209464848705,,0.17321772194764076,0.03356058805287327,0.017432523135363698,-0.030579066475760114,0.0009855206599818048,,0,,,0,
2026-10-03,武雄,7,078420261003,1791036720,1791036420,4,3,14361,真船圭一郎,両,92.95,,,,,0.11406847255172771,,-0.020564661053144608,0.1019426604064712,0.05096403974634173,-0.06899891922735617,0.0024638016499545106,,0,,,0,
2026-10-03,武雄,7,078420261003,1791036720,1791036420,5,5,15424,中村隆生,逃,92.28,,,,,0.06137832948896761,,-0.07039441668191804,-0.0006027505769378423,-0.010187976071337215,-0.01411341529650467,0.0009855206599818048,,0,,,0,
2026-10-03,武雄,7,078420261003,1791036720,1791036420,6,6,15602,比佐宝太,逃,91.66,,,,,0.021155431559717764,,-0.24479856138262482,-0.06898482293053582,-0.038176968195120904,-0.06899891922735617,0.00136001851077489,,0,,,0,
2026-10-03,武雄,7,078420261003,1791036720,1791036420,7,7,14258,片山智晴,追,89.95,,,,,0.005141974862706849,,-0.12022417231069135,-0.24948025688764897,-0.1220518213372013,0.01881788706200622,0.0024638016499545106,,0,,,0,
2026-10-03,平塚,7,073520261003,1791037260,1791036960,1,1,15371,田上晃也,逃,80.11,,,,,0.8597696536623662,0.751792638845904,0.16666657588318323,0.3170324377213642,0.14530347127572985,-0.04082482904638631,0.0038283614395095617,,0,,,0,
2026-10-03,平塚,7,073520261003,1791037260,1791036960,2,2,14261,作田悦章,追,78.19,,,,,0.10797701481646228,,0.14325521739792005,0.07654360496084914,0.1488885259683812,-0.04082482904638631,0.0001373403206998946,,0,,,0,
2026-10-03,平塚,7,073520261003,1791037260,1791036960,3,3,15984,藤岡祐馬,逃,73.23,,,,,0.02441325087584334,,0.12244512096657499,0.12781680325005298,0.03185726018915311,-0.04082482904638631,0.0021459425109358536,,0,,,0,
2026-10-03,平塚,7,073520261003,1791037260,1791036960,4,4,12432,石井孝,追,71.16,,,,,0.004155353309526334,,-0.03232997124155387,0.05852306834453376,-0.03359857246844092,-0.04082482904638631,0.0014592409074363805,,0,,,0,
2026-10-03,平塚,7,073520261003,1791037260,1791036960,5,5,14357,佐藤康恭,両,69.22,,,,,0.00199275470900709,,-0.18450380139576472,-0.03436802629678536,-0.09490561257306847,0.24494897427831785,0.0013390681268239727,,0,,,0,
2026-10-03,平塚,7,073520261003,1791037260,1791036960,6,6,12626,原司,追,68.03,,,,,0.0011363911131895854,,0.026198424971604063,-0.13403865999846834,-0.08573774345039009,-0.04082482904638631,0.0012188953462115648,,0,,,0,
2026-10-03,平塚,7,073520261003,1791037260,1791036960,7,7,11994,藤光健一,追,66.0,,,,,0.0005555815136051217,,-0.24173156658196363,-0.07663095627783147,-0.11180732894136468,-0.04082482904638631,0.001819759249273604,,0,,,0,
2026-10-03,小松島,7,077320261003,1791037800,1791037500,1,1,14714,橋本智昭,逃,94.78,,,,,0.3250109353946026,0.011793237440341497,0.18093528658920907,-0.022356746735664637,0.08612702328092169,0.15188084725209341,0.003445917229089843,,0,,,0,
2026-10-03,小松島,7,077320261003,1791037800,1791037500,2,3,15120,竹内翼,逃,93.72,,,,,0.3132176979542611,,0.16843646744982282,0.1563553483502762,0.017107378965139912,0.059795609154367484,0.000382879692121094,,0,,,0,
2026-10-03,小松島,7,077320261003,1791037800,1791037500,3,2,15176,望月一成,逃,94.16,,,,,0.20763933151384792,,0.093443552613506,-0.04469575862140727,-0.03306320677830346,-0.03228962894335845,0.002871597690908202,,0,,,0,
2026-10-03,小松島,7,077320261003,1791037800,1791037500,4,4,15280,藤井將,両,92.15,,,,,0.06195453387828847,,-0.235692018056996,0.3493986787081339,0.060901374735011414,-0.03228962894335845,0.000957199230302734,,0,,,0,
2026-10-03,小松島,7,077320261003,1791037800,1791037500,5,5,12728,飯田辰哉,追,91.33,,,,,0.06069750963996014,,0.018450637777189017,0.047822018250608674,0.021679287934035917,0.10165253556242473,0.0021058383066660143,,0,,,0,
2026-10-03,小松島,7,077320261003,1791037800,1791037500,6,7,14119,中村雅仁,追,90.14,,,,,0.027423543188994048,,-0.16903164931360326,0.03665251230773736,0.021679287934035917,-0.12437486704108436,0.0007657593842421875,,0,,,0,
2026-10-03,小松島,7,077320261003,1791037800,1791037500,7,6,12811,江守昇,追,90.47,,,,,0.004056448430045835,,-0.056542277059127795,-0.18829778055596905,-0.17443114607084154,-0.12437486704108436,0.001340078922423828,,0,,,0,
