date,venue,race_no,race_id,start_at,close_at,rank_in_race,car_no,player_id,player_name,style,score,odds_win,odds_move_pct,odds_move_last_pct,odds_snapshot_count,p_core,p_win,p_second,p_third,position_model_source,p_win_pre_override,top1_override_applied,top1_override_reason,top1_top2_margin,top1_confidence_class,place2_rate,place3_rate,line_role_place2_rate,line_role_place3_rate,nexus_form_adj,nexus_line_adj,nexus_style_adj,nexus_condition_adj,nexus_uncertainty,expected_value_win,stake_yen,win_return_yen,win_profit_yen,loss_amount_yen,expected_profit_yen,position_probability_semantics,p_second_exact_challenger,p_third_exact_challenger,fixed_axis_calibration_passed,line_id,line_position,line_size,number_of_lines,line_verification_status,line_source,line_verification_scope,score_first,score_second,score_third,rank_first,rank_second,rank_third,position_score_source,popularity_rank,popularity_source,rank_divergence,undervalued_points,overpopular_points
2026-10-10,武雄,1,018420261010,1791588600,1791588300,1,5,015855,大浦彩瑛,逃,56.88,,,,,0.9667705768128476,0.9772956004998518,0.8409318108092367,0.8656313891902121,position_specialists,0.9772956004998516,False,,0.9643377865356175,S,0.777,0.8140000000000001,0.0,0.0,0.2596330059753007,-0.03155401244818636,0.40274491980293814,0.1571168809699145,0.00447213595499958,,0,,,0,,cumulative_place,0.0,0.0,False,5.0,1.0,1.0,6,verified,winticket_line_prediction,provider_forecast_structure_only,97.72956004998518,84.09318108092369,86.56313891902123,1,1,1,coverage_validated_cumulative_scores_uncalibrated,,unavailable,,0,0
2026-10-10,武雄,1,018420261010,1791588600,1791588300,2,4,015679,又多風緑,両,53.38,,,,,0.015556046492603514,0.01295781396423413,0.04794224753269534,0.038092397452830384,position_specialists,0.012957813964234129,False,,,S,0.281,0.5,0.0,0.0,0.042523563919726295,-0.03155401244818636,0.07651794576950022,0.052372293656638175,0.0008944271909999159,,0,,,0,,cumulative_place,0.0,0.0,False,4.0,1.0,1.0,6,verified,winticket_line_prediction,provider_forecast_structure_only,1.295781396423413,4.794224753269535,3.809239745283039,2,3,3,coverage_validated_cumulative_scores_uncalibrated,,unavailable,,0,0
2026-10-10,武雄,1,018420261010,1791588600,1791588300,3,2,015755,神戸暖稀羽,両,52.83,,,,,0.01121984987136343,0.0070659132956343,0.08069388166521803,0.04628903776081169,position_specialists,0.007065913295634299,False,,,S,0.222,0.555,0.0,0.0,0.08038979787141173,-0.03155401244818636,-0.053429008742285705,-0.052372293656638175,0.0008944271909999159,,0,,,0,,cumulative_place,0.8817139002425343,0.0,False,1.0,1.0,1.0,6,verified,winticket_line_prediction,provider_forecast_structure_only,0.70659132956343,8.069388166521804,4.62890377608117,3,2,2,coverage_validated_cumulative_scores_uncalibrated,,unavailable,,0,0
2026-10-10,武雄,1,018420261010,1791588600,1791588300,4,1,015027,長澤彩,両,50.9,,,,,0.004039560936565068,0.0018672462059277253,0.022984727050526798,0.03170123204326231,position_specialists,0.001867246205927725,False,,,S,0.142,0.428,0.0,0.0,-0.089759693644526,-0.03155401244818636,-0.09214117754502688,-0.052372293656638175,0.0008944271909999159,,0,,,0,,cumulative_place,0.11828609975746579,0.5343972665437292,False,2.0,1.0,1.0,6,verified,winticket_line_prediction,provider_forecast_structure_only,0.18672462059277253,2.29847270505268,3.1701232043262317,4,4,4,coverage_validated_cumulative_scores_uncalibrated,,unavailable,,0,0
2026-10-10,武雄,1,018420261010,1791588600,1791588300,5,6,015856,野寺梓,追,48.22,,,,,0.00117454094269622,0.0004243083562425581,0.003626652100772714,0.010933776664077152,position_specialists,0.00042430835624255805,False,,,S,0.0,0.111,0.0,0.0,-0.1178693809638689,-0.03155401244818636,-0.16684633964256293,-0.052372293656638175,0.0008944271909999159,,0,,,0,,cumulative_place,0.0,0.3994658211714756,False,6.0,1.0,1.0,6,verified,winticket_line_prediction,provider_forecast_structure_only,0.042430835624255814,0.3626652100772715,1.0933776664077155,5,6,5,coverage_validated_cumulative_scores_uncalibrated,,unavailable,,0,0
2026-10-10,武雄,1,018420261010,1791588600,1791588300,6,3,015078,三宅玲奈,追,46.29,,,,,0.0012394249439242526,0.0003891176781095314,0.003820680841550321,0.007352166888806256,position_specialists,0.00038911767810953133,False,,,S,0.0,0.111,0.0,0.0,-0.17491729315804377,-0.03155401244818636,-0.16684633964256293,-0.052372293656638175,0.0008944271909999159,,0,,,0,,cumulative_place,0.0,0.06613691228479518,False,3.0,1.0,1.0,6,verified,winticket_line_prediction,provider_forecast_structure_only,0.03891176781095314,0.3820680841550322,0.7352166888806257,6,5,6,coverage_validated_cumulative_scores_uncalibrated,,unavailable,,0,0
2026-10-10,武雄,2,028420261010,1791589800,1791589500,1,2,015398,藤田まりあ,両,57.05,,,,,0.824034094338989,0.8827703473413862,0.6512549340529586,0.7506160235032326,position_specialists,0.882770347341386,False,,0.7877983302954062,S,0.833,0.888,0.0,0.0,0.23089155749470935,-0.03157423704635027,0.25658594243365385,-0.03265986323710905,0.004169038939662517,,0,,,0,,cumulative_place,,0.0,False,3.0,1.0,1.0,7,verified,winticket_line_prediction,provider_forecast_structure_only,88.27703473413861,65.12549340529587,75.06160235032327,1,1,1,coverage_validated_cumulative_scores_uncalibrated,,unavailable,,0,0
2026-10-10,武雄,2,028420261010,1791589800,1791589500,2,4,015955,岩元杏奈,両,53.5,,,,,0.13076388654547877,0.09497201704597985,0.18874146643082682,0.10037838923268051,position_specialists,0.09497201704597984,False,,,S,0.5,0.555,0.0,0.0,0.15463763002693923,-0.03157423704635027,0.1360243800216937,-0.03265986323710905,0.0013945728847462647,,0,,,0,,cumulative_place,,0.0,False,1.0,1.0,1.0,7,verified,winticket_line_prediction,provider_forecast_structure_only,9.497201704597986,18.874146643082682,10.037838923268051,2,2,2,coverage_validated_cumulative_scores_uncalibrated,,unavailable,,0,0
2026-10-10,武雄,2,028420261010,1791589800,1791589500,3,7,015584,西脇美唯奈,両,53.31,,,,,0.026489462283766366,0.013626753576164939,0.0807150214106116,0.037885490960249964,position_specialists,0.013626753576164937,False,,,S,0.315,0.526,0.0,0.0,0.002129775091398887,-0.03157423704635027,0.00761060194079337,-0.03265986323710905,0.00024955514779669984,,0,,,0,,cumulative_place,,0.0,False,6.0,1.0,1.0,7,verified,winticket_line_prediction,provider_forecast_structure_only,1.3626753576164938,8.07150214106116,3.7885490960249966,3,3,4,coverage_validated_cumulative_scores_uncalibrated,,unavailable,,0,0
2026-10-10,武雄,2,028420261010,1791589800,1791589500,4,5,014896,野口諭実可,追,50.51,,,,,0.010366042183992244,0.004983075833916674,0.037016830903233065,0.04151454517900319,position_specialists,0.004983075833916673,False,,,S,0.2,0.314,0.0,0.0,0.020879775091398885,-0.03157423704635027,0.035274528662222304,-0.03265986323710905,0.00024955514779669984,,0,,,0,,cumulative_place,,0.0,False,5.0,1.0,1.0,7,verified,winticket_line_prediction,provider_forecast_structure_only,0.49830758339166736,3.7016830903233067,4.151454517900318,4,4,3,coverage_validated_cumulative_scores_uncalibrated,,unavailable,,0,0
2026-10-10,武雄,2,028420261010,1791589800,1791589500,5,1,015761,吉村美有紀,両,49.96,,,,,0.005223079107478198,0.00288907169248819,0.025521169775277137,0.03521589042111337,position_specialists,0.0028890716924881896,False,,,S,0.185,0.296,0.0,0.0,-0.10736460219357347,-0.03157423704635027,0.07079067105259144,0.1959591794226543,0.001688167176271794,,0,,,0,,cumulative_place,,0.0,False,4.0,1.0,1.0,7,verified,winticket_line_prediction,provider_forecast_structure_only,0.288907169248819,2.5521169775277137,3.521589042111337,5,5,5,coverage_validated_cumulative_scores_uncalibrated,,unavailable,,0,0
2026-10-10,武雄,2,028420261010,1791589800,1791589500,6,6,015309,黒沢夢姫,追,49.93,,,,,0.0017300953965873804,0.0004873232670780443,0.012202898437429851,0.02458943626988349,position_specialists,0.00048732326707804426,False,,,S,0.0579999999999999,0.176,0.0,0.0,-0.08329016446507626,-0.03157423704635027,-0.2393110986947629,-0.03265986323710905,0.001688167176271794,,0,,,0,,cumulative_place,,1.0,False,7.0,1.0,1.0,7,verified,winticket_line_prediction,provider_forecast_structure_only,0.04873232670780443,1.2202898437429852,2.458943626988349,6,6,6,coverage_validated_cumulative_scores_uncalibrated,,unavailable,,0,0
2026-10-10,武雄,2,028420261010,1791589800,1791589500,7,3,014904,渡辺ゆかり,追,45.52,,,,,0.0013933401437081605,0.00027141124298628804,0.0045476789896629535,0.00980022443383679,position_specialists,0.000271411242986288,False,,,S,0.0,0.0,0.0,0.0,-0.21788397104579663,-0.03157423704635027,-0.26697502541619184,-0.03265986323710905,0.001688167176271794,,0,,,0,,cumulative_place,,0.0,False,2.0,1.0,1.0,7,verified,winticket_line_prediction,provider_forecast_structure_only,0.027141124298628805,0.4547678989662953,0.9800224433836789,7,7,7,coverage_validated_cumulative_scores_uncalibrated,,unavailable,,0,0
2026-10-10,武雄,3,038420261010,1791591060,1791590760,1,7,015923,右近陸人,逃,69.59,,,,,0.23832521591991332,0.360802542450606,0.23221161825230832,0.12859242294728065,position_specialists,0.360802542450606,False,,0.04426749831825155,C,0.304,0.347,0.25,0.13,0.11109720677118652,0.16163681629278037,0.25756569811331226,0.19595917942265428,0.0012159803042810005,,0,,,0,,cumulative_place,,,False,3.0,1.0,3.0,3,verified,winticket_line_prediction,provider_forecast_structure_only,36.0802542450606,23.221161825230833,12.859242294728066,1,1,5,coverage_validated_cumulative_scores_uncalibrated,,unavailable,,0,0
2026-10-10,武雄,3,038420261010,1791591060,1791590760,2,1,015571,吉田悟,逃,66.88,,,,,0.33261127598764206,0.31653504413235445,0.15018882835750652,0.1807606483960109,position_specialists,0.31653504413235445,False,,,C,0.2769999999999999,0.444,0.16,0.15,0.18604694295120616,0.2526806217652814,0.10694836165681365,-0.032659863237109045,0.004289708295657975,,0,,,0,,cumulative_place,,,False,1.0,1.0,3.0,3,verified,winticket_line_prediction,provider_forecast_structure_only,31.653504413235446,15.018882835750652,18.076064839601088,2,4,2,coverage_validated_cumulative_scores_uncalibrated,,unavailable,,0,0
2026-10-10,武雄,3,038420261010,1791591060,1791590760,3,5,013972,富永昌久,追,68.92,,,,,0.2724881168770717,0.2608524033797017,0.19798630919354843,0.11402201602458624,position_specialists,0.2608524033797017,False,,,C,0.147,0.3329999999999999,0.13,0.15,0.09351675009532466,0.21426054470336417,0.12482725740283529,-0.032659863237109045,0.00043910399876813914,,0,,,0,,cumulative_place,,,False,1.0,2.0,3.0,3,verified,winticket_line_prediction,provider_forecast_structure_only,26.085240337970173,19.798630919354842,11.402201602458623,3,3,6,coverage_validated_cumulative_scores_uncalibrated,,unavailable,,0,0
2026-10-10,武雄,3,038420261010,1791591060,1791590760,4,2,012906,太田良政,追,65.13,,,,,0.10397409818462634,0.04126472093948669,0.21391802700691726,0.20774853071036561,position_specialists,0.04126472093948669,False,,,C,0.0,0.0,0.19,0.11,-0.029718297466291326,0.1232167392308631,-0.17937284930002698,-0.032659863237109045,0.0002026633840468336,,0,,,0,,cumulative_place,,,False,3.0,2.0,3.0,3,verified,winticket_line_prediction,provider_forecast_structure_only,4.126472093948669,21.391802700691727,20.77485307103656,4,2,1,coverage_validated_cumulative_scores_uncalibrated,,unavailable,,0,0
2026-10-10,武雄,3,038420261010,1791591060,1791590760,5,3,011715,黒木誠一,両,68.13,,,,,0.029727785466475934,0.014572490693237116,0.10878276600062156,0.1609648918806947,position_specialists,0.014572490693237116,False,,,C,0.2,0.4,0.14,0.21,0.0009435945317974107,-0.20499100937492376,0.048777230727119744,-0.032659863237109045,0.0016213070723746677,,0,,,0,,cumulative_place,,,False,2.0,1.0,1.0,3,verified,winticket_line_prediction,provider_forecast_structure_only,1.4572490693237117,10.878276600062156,16.09648918806947,5,5,4,coverage_validated_cumulative_scores_uncalibrated,,unavailable,,0,0
2026-10-10,武雄,3,038420261010,1791591060,1791590760,6,4,013513,南和夫,追,65.65,,,,,0.01710584845727849,0.004769210582014264,0.07609148413836737,0.17354923966952346,position_specialists,0.004769210582014264,False,,,C,0.0,0.172,0.02,0.29,-0.13987190970568045,-0.15236728096433996,-0.17937284930002698,-0.032659863237109045,0.0016213070723746677,,0,,,0,,cumulative_place,,,False,1.0,3.0,3.0,3,verified,winticket_line_prediction,provider_forecast_structure_only,0.47692105820142644,7.609148413836738,17.354923966952345,6,6,3,coverage_validated_cumulative_scores_uncalibrated,,unavailable,,0,0
2026-10-10,武雄,3,038420261010,1791591060,1791590760,7,6,011431,梶應弘樹,追,62.48,,,,,0.005767659106992077,0.0012035878225998956,0.020820967050730606,0.034362250371538394,position_specialists,0.0012035878225998956,False,,,C,0.0,0.0,0.0,0.0,-0.22201428717754262,-0.15236728096433996,-0.17937284930002698,-0.032659863237109045,0.0016213070723746677,,0,,,0,,cumulative_place,,,False,3.0,3.0,3.0,3,verified,winticket_line_prediction,provider_forecast_structure_only,0.12035878225998957,2.0820967050730608,3.4362250371538394,7,7,7,coverage_validated_cumulative_scores_uncalibrated,,unavailable,,0,0
2026-10-10,武雄,4,048420261010,1791592320,1791592020,1,7,014842,川本琢也,両,72.19,,,,,0.44355865658639004,0.5731961824090792,0.12536925961642226,0.08714240633059962,position_specialists,0.5731961824090792,False,,0.4209973195179107,S,0.237,0.5710000000000001,0.23,0.19,0.03851679967354237,0.34625002737456523,0.02617738200775492,-0.047067872433164175,0.003344686148821208,,0,,,0,,cumulative_place,,,False,1.0,1.0,3.0,3,verified,winticket_line_prediction,provider_forecast_structure_only,57.31961824090792,12.536925961642226,8.714240633059962,1,4,6,coverage_validated_cumulative_scores_uncalibrated,,unavailable,,0,0
2026-10-10,武雄,4,048420261010,1791592320,1791592020,2,3,016005,清家大夢,逃,68.82,,,,,0.17717644016213796,0.15219886289116852,0.2610138564048805,0.22261092435886431,position_specialists,0.15219886289116852,False,,,S,0.294,0.47,0.16,0.16,0.0020539505804880714,0.15878359909392648,0.021026422702573405,-0.047067872433164175,0.002395518457939514,,0,,,0,,cumulative_place,,,False,3.0,1.0,2.0,3,verified,winticket_line_prediction,provider_forecast_structure_only,15.219886289116852,26.10138564048805,22.261092435886432,2,2,2,coverage_validated_cumulative_scores_uncalibrated,,unavailable,,0,0
2026-10-10,武雄,4,048420261010,1791592320,1791592020,3,2,012754,小野祐作,追,67.5,,,,,0.24169633373611157,0.15143611230427975,0.2753240104877314,0.2530260816919984,position_specialists,0.15143611230427975,False,,,S,0.05,0.2,0.07,0.15,0.03132797264183389,0.11767411336419098,-0.11971469451447392,-0.047067872433164175,0.0007683738449994668,,0,,,0,,cumulative_place,,,False,1.0,2.0,3.0,3,verified,winticket_line_prediction,provider_forecast_structure_only,15.143611230427975,27.532401048773142,25.302608169199843,3,1,1,coverage_validated_cumulative_scores_uncalibrated,,unavailable,,0,0
2026-10-10,武雄,4,048420261010,1791592320,1791592020,4,5,013588,齋藤仁,追,69.27,,,,,0.05634203334413022,0.052271231591032204,0.136997714945758,0.17070306272083563,position_specialists,0.052271231591032204,False,,,S,0.1369999999999999,0.413,0.19,0.11,0.0799451047659063,0.0005075956887918183,0.06407519477287318,0.0627571632442189,0.0014011523055872629,,0,,,0,,cumulative_place,,,False,3.0,2.0,2.0,3,verified,winticket_line_prediction,provider_forecast_structure_only,5.22712315910322,13.6997714945758,17.070306272083563,4,3,3,coverage_validated_cumulative_scores_uncalibrated,,unavailable,,0,0
2026-10-10,武雄,4,048420261010,1791592320,1791592020,5,4,012597,塚本貴雄,追,69.6,,,,,0.04659619261016209,0.04887702517522073,0.09748853229191237,0.1187943699559284,position_specialists,0.04887702517522073,False,,,S,0.217,0.391,0.22,0.31,0.09928821482863283,-0.10950748547406838,0.1253384912019889,0.17258219892160198,0.0004971830761761253,,0,,,0,,cumulative_place,,,False,1.0,3.0,3.0,3,verified,winticket_line_prediction,provider_forecast_structure_only,4.887702517522073,9.748853229191237,11.87943699559284,5,5,5,coverage_validated_cumulative_scores_uncalibrated,,unavailable,,0,0
2026-10-10,武雄,4,048420261010,1791592320,1791592020,6,1,012671,滝川秀嗣,追,68.13,,,,,0.029222542568651023,0.02061719864766986,0.08624210377604183,0.1192905574999512,position_specialists,0.02061719864766986,False,,,S,0.166,0.3329999999999999,1.0,0.0,0.0799451047659063,-0.09898273979195164,0.06407519477287318,-0.047067872433164175,0.002033930766175059,,0,,,0,,cumulative_place,,,False,2.0,1.0,2.0,3,verified,winticket_line_prediction,provider_forecast_structure_only,2.0617198647669857,8.624210377604182,11.92905574999512,6,6,4,coverage_validated_cumulative_scores_uncalibrated,,unavailable,,0,0
2026-10-10,武雄,4,048420261010,1791592320,1791592020,7,6,011382,清水広幸,追,62.69,,,,,0.005407800992417226,0.0014033869815496653,0.01756452247725356,0.02843259744182241,position_specialists,0.0014033869815496653,False,,,S,0.0,0.0,0.0,0.0,-0.33107714725631,-0.046359011381367846,-0.18097799094358963,-0.047067872433164175,0.002033930766175059,,0,,,0,,cumulative_place,,,False,2.0,2.0,2.0,3,verified,winticket_line_prediction,provider_forecast_structure_only,0.14033869815496652,1.756452247725356,2.843259744182241,7,7,7,coverage_validated_cumulative_scores_uncalibrated,,unavailable,,0,0
2026-10-10,武雄,5,058420261010,1791593580,1791593280,1,3,013131,藤野一良,追,77.08,,,,,0.3862252228994181,0.41079061667284067,0.44488955475513514,0.35642930948079293,position_specialists,0.41079061667284067,False,,0.0228636222410612,C,0.5,0.6659999999999999,0.09,0.11,0.12328386834029473,0.26791553364223714,0.16481206118108144,-0.032659863237109045,0.000914439701593729,,0,,,0,,cumulative_place,,,False,3.0,2.0,3.0,3,verified,winticket_line_prediction,provider_forecast_structure_only,41.079061667284066,44.488955475513514,35.642930948079304,1,1,1,coverage_validated_cumulative_scores_uncalibrated,,unavailable,,0,0
2026-10-10,武雄,5,058420261010,1791593580,1791593280,2,7,015988,鴨下佳朋,逃,75.71,,,,,0.33062464055344226,0.38792699443177947,0.25341790355926447,0.22565409040864395,position_specialists,0.38792699443177947,False,,,C,0.523,0.619,0.28,0.09,0.15071218354059557,0.2572273371000378,0.07475514067292471,0.19595917942265423,0.0038012003281935394,,0,,,0,,cumulative_place,,,False,3.0,1.0,3.0,3,verified,winticket_line_prediction,provider_forecast_structure_only,38.792699443177945,25.341790355926445,22.5654090408644,2,2,2,coverage_validated_cumulative_scores_uncalibrated,,unavailable,,0,0
2026-10-10,武雄,5,058420261010,1791593580,1791593280,3,4,015482,松本一志,逃,73.45,,,,,0.12831030643715957,0.10381046570027663,0.11618058658317586,0.13182658426668367,position_specialists,0.10381046570027663,False,,,C,0.516,0.58,0.13,0.08,0.08214139553984355,0.11744223087208974,0.18673728925168814,-0.032659863237109045,0.0010399510331850254,,0,,,0,,cumulative_place,,,False,1.0,1.0,3.0,3,verified,winticket_line_prediction,provider_forecast_structure_only,10.381046570027664,11.618058658317585,13.182658426668368,3,4,4,coverage_validated_cumulative_scores_uncalibrated,,unavailable,,0,0
2026-10-10,武雄,5,058420261010,1791593580,1791593280,4,2,015215,照屋将貴,追,74.68,,,,,0.1360462796285187,0.09267141611018911,0.14553507644043598,0.1420984269633087,position_specialists,0.09267141611018911,False,,,C,0.4,0.55,0.18,0.09,0.12136379133591084,0.08619489554590473,0.044195090533301444,-0.032659863237109045,0.0015957869302321934,,0,,,0,,cumulative_place,,,False,1.0,2.0,3.0,3,verified,winticket_line_prediction,provider_forecast_structure_only,9.26714161101891,14.553507644043599,14.209842696330872,4,3,3,coverage_validated_cumulative_scores_uncalibrated,,unavailable,,0,0
2026-10-10,武雄,5,058420261010,1791593580,1791593280,5,1,014765,樫村伸平,追,69.62,,,,,0.011153544866991948,0.0030598203234228245,0.017437041383998524,0.07546435792461328,position_specialists,0.0030598203234228245,False,,,C,0.175,0.235,0.02,0.02,-0.1502680518047644,-0.14469570602033346,-0.10657612277642356,-0.032659863237109045,3.5860380454656114e-05,,0,,,0,,cumulative_place,,,False,3.0,3.0,3.0,3,verified,winticket_line_prediction,provider_forecast_structure_only,0.30598203234228244,1.7437041383998524,7.546435792461329,5,5,5,coverage_validated_cumulative_scores_uncalibrated,,unavailable,,0,0
2026-10-10,武雄,5,058420261010,1791593580,1791593280,6,5,012319,高尾剛文,追,69.17,,,,,0.00435201341094286,0.001145752230465493,0.014403348067916944,0.05197829351507117,position_specialists,0.001145752230465493,False,,,C,0.04,0.24,0.06,0.34,-0.0881887266751131,-0.14469570602033346,-0.16688460810031355,-0.032659863237109045,0.0024743662513712662,,0,,,0,,cumulative_place,,,False,1.0,3.0,3.0,3,verified,winticket_line_prediction,provider_forecast_structure_only,0.1145752230465493,1.4403348067916943,5.197829351507118,6,6,6,coverage_validated_cumulative_scores_uncalibrated,,unavailable,,0,0
2026-10-10,武雄,5,058420261010,1791593580,1791593280,7,6,013591,山本宏明,追,65.88,,,,,0.003287992203526598,0.0005949345310259005,0.008136489210073022,0.01654893744088614,position_specialists,0.0005949345310259005,False,,,C,0.0,0.0,0.0,0.0,-0.23904446027676748,-0.19731943443091723,-0.19703885076225855,-0.032659863237109045,0.0017212982618234896,,0,,,0,,cumulative_place,,,False,2.0,1.0,1.0,3,verified,winticket_line_prediction,provider_forecast_structure_only,0.059493453102590056,0.8136489210073021,1.6548937440886142,7,7,7,coverage_validated_cumulative_scores_uncalibrated,,unavailable,,0,0
2026-10-10,武雄,6,068420261010,1791594840,1791594540,1,3,016008,久保田智之,逃,77.8,,,,,0.6502152770017952,0.7155607568932495,0.4983276469776641,0.4224750474983808,position_specialists,0.7155607568932495,False,,0.4768679709671011,S,0.59,0.6809999999999999,0.17,0.08,0.223324105550176,0.36077962611747416,0.05115244767771421,0.0,0.004342075588956489,,0,,,0,,cumulative_place,,0.0,False,1.0,1.0,3.0,4,verified,winticket_line_prediction,provider_forecast_structure_only,71.55607568932496,49.83276469776641,42.247504749838086,1,1,1,coverage_validated_cumulative_scores_uncalibrated,,unavailable,,0,0
2026-10-10,武雄,6,068420261010,1791594840,1791594540,2,1,014265,松永真太,追,77.62,,,,,0.24508800543973244,0.23869278592614843,0.3613001899400469,0.3044380837971529,position_specialists,0.23869278592614843,False,,,S,0.555,0.74,0.12,0.12,0.12889281695429092,0.2130174655282434,0.1741285376858681,0.0,0.0013417572635402034,,0,,,0,,cumulative_place,,0.0,False,1.0,2.0,3.0,4,verified,winticket_line_prediction,provider_forecast_structure_only,23.869278592614844,36.13001899400469,30.4438083797153,2,2,2,coverage_validated_cumulative_scores_uncalibrated,,unavailable,,0,0
2026-10-10,武雄,6,068420261010,1791594840,1791594540,3,2,015110,小出慎也,逃,73.8,,,,,0.05618077642618702,0.02961976895096835,0.04474523278775868,0.044071294605423667,position_specialists,0.02961976895096835,False,,,S,0.433,0.5660000000000001,0.11,0.11,-0.011855636078140351,-0.006594503715519157,0.10748772622414261,0.0,0.001006317947655152,,0,,,0,,cumulative_place,,0.0,False,2.0,1.0,2.0,4,verified,winticket_line_prediction,provider_forecast_structure_only,2.961976895096835,4.474523278775868,4.407129460542367,3,3,4,coverage_validated_cumulative_scores_uncalibrated,,unavailable,,0,0
2026-10-10,武雄,6,068420261010,1791594840,1791594540,4,5,015283,安本昇平,逃,71.5,,,,,0.0249144217800898,0.008962486420975626,0.02741884196123584,0.04182931343055056,position_specialists,0.008962486420975626,False,,,S,0.3329999999999999,0.5,0.04,0.19,0.005820430264931838,-0.1365382741414912,-0.009976672244618331,0.0,0.0004845234562784062,,0,,,0,,cumulative_place,,0.0,False,3.0,1.0,1.0,4,verified,winticket_line_prediction,provider_forecast_structure_only,0.8962486420975626,2.741884196123584,4.182931343055057,4,6,6,coverage_validated_cumulative_scores_uncalibrated,,unavailable,,0,0
2026-10-10,武雄,6,068420261010,1791594840,1791594540,5,4,015270,元砂海人,両,71.92,,,,,0.012298537599852999,0.003987610237977996,0.03213509787964395,0.04376540113917202,position_specialists,0.003987610237977996,False,,,S,0.152,0.384,0.21,0.08,-0.03558265930173686,0.023764125917307467,-0.1839523686521702,0.0,0.001136766570499338,,0,,,0,,cumulative_place,,0.0,False,2.0,2.0,2.0,4,verified,winticket_line_prediction,provider_forecast_structure_only,0.3987610237977996,3.213509787964395,4.376540113917202,5,4,5,coverage_validated_cumulative_scores_uncalibrated,,unavailable,,0,0
2026-10-10,武雄,6,068420261010,1791594840,1791594540,6,7,014686,秋永昂人,追,70.57,,,,,0.008355170966771559,0.002540089384256392,0.028091699619121252,0.12850504325327888,position_specialists,0.002540089384256392,False,,,S,0.23,0.346,0.04,0.31,-0.09711885264641638,-0.08391454573090741,-0.06506604245047037,0.0,0.0012672151933435245,,0,,,0,,cumulative_place,,1.0,False,1.0,3.0,3.0,4,verified,winticket_line_prediction,provider_forecast_structure_only,0.2540089384256392,2.8091699619121253,12.850504325327892,6,5,3,coverage_validated_cumulative_scores_uncalibrated,,unavailable,,0,0
2026-10-10,武雄,6,068420261010,1791594840,1791594540,7,6,013505,住村実,追,68.0,,,,,0.0029478107855710886,0.0006365021864237322,0.007981290834529321,0.014915816276041152,position_specialists,0.0006365021864237322,False,,,S,0.23,0.307,0.09,0.0,-0.21348020474310517,-0.18106847169700555,-0.0737736282404661,0.0,0.0017890096847202701,,0,,,0,,cumulative_place,,0.0,False,4.0,1.0,1.0,4,verified,winticket_line_prediction,provider_forecast_structure_only,0.06365021864237322,0.7981290834529321,1.4915816276041154,7,7,7,coverage_validated_cumulative_scores_uncalibrated,,unavailable,,0,0
2026-10-10,武雄,7,078420261010,1791596100,1791595800,1,2,016023,滿田光紀,逃,79.5,,,,,0.8974284389574196,0.9230023023689138,0.5790604864995297,0.6708360568389742,position_specialists,0.9230023023689137,False,,0.8590279467794777,S,0.6659999999999999,0.857,0.11,0.16,0.2527452006481091,0.3858445433482381,0.1555178046598282,-0.05036015126000693,0.00432243304154801,,0,,,0,,cumulative_place,0.0,0.0,False,1.0,1.0,3.0,3,verified,winticket_line_prediction,provider_forecast_structure_only,92.30023023689138,57.906048649952965,67.08360568389742,1,1,1,coverage_validated_cumulative_scores_uncalibrated,,unavailable,,0,0
2026-10-10,武雄,7,078420261010,1791596100,1791595800,2,5,014829,桜井雄太,逃,75.53,,,,,0.06493188678448097,0.06397435558943605,0.15305790931944807,0.0587903821488638,position_specialists,0.06397435558943604,False,,,S,0.565,0.6659999999999999,0.18,0.1,0.12616032514127246,0.10033064517730876,0.23775860235303725,0.11145279377214648,0.001356057424799376,,0,,,0,,cumulative_place,0.0,0.0,False,3.0,1.0,2.0,3,verified,winticket_line_prediction,provider_forecast_structure_only,6.397435558943605,15.305790931944808,5.87903821488638,2,3,4,coverage_validated_cumulative_scores_uncalibrated,,unavailable,,0,0
2026-10-10,武雄,7,078420261010,1791596100,1791595800,3,7,012832,仙石淳,追,72.38,,,,,0.011429794367021979,0.0046159384257750645,0.17033982119735366,0.1279987356648222,position_specialists,0.004615938425775064,False,,,S,0.095,0.428,0.14,0.14,-0.007536788199926581,0.03874881431952083,-0.1737393998745369,0.14034796252788814,0.0013560574247993755,,0,,,0,,cumulative_place,1.0,0.77305769791352,False,1.0,2.0,3.0,3,verified,winticket_line_prediction,provider_forecast_structure_only,0.46159384257750646,17.033982119735366,12.79987356648222,3,2,2,coverage_validated_cumulative_scores_uncalibrated,,unavailable,,0,0
2026-10-10,武雄,7,078420261010,1791596100,1791595800,4,4,014652,原清孝,両,70.37,,,,,0.007980675028722352,0.002986367214164722,0.03418465074919291,0.05973292044351309,position_specialists,0.0029863672141647217,False,,,S,0.4579999999999999,0.541,0.0,0.22,0.023884015696472007,-0.12229013914606972,0.07051311329143123,-0.05036015126000693,0.0015255646028992978,,0,,,0,,cumulative_place,0.0,0.22694230208648009,False,1.0,3.0,3.0,3,verified,winticket_line_prediction,provider_forecast_structure_only,0.29863672141647224,3.4184650749192915,5.973292044351309,4,4,3,coverage_validated_cumulative_scores_uncalibrated,,unavailable,,0,0
2026-10-10,武雄,7,078420261010,1791596100,1791595800,5,6,015549,阿部龍也,逃,69.09,,,,,0.010017163145932697,0.002904697776916538,0.016766093085578384,0.027573722510513366,position_specialists,0.0029046977769165375,False,,,S,0.284,0.428,0.13,0.13,-0.1462759467377813,-0.005717374143322116,-0.0511279931988941,-0.05036015126000693,0.00033901435619984377,,0,,,0,,cumulative_place,0.0,0.0,False,2.0,1.0,2.0,3,verified,winticket_line_prediction,provider_forecast_structure_only,0.2904697776916538,1.6766093085578384,2.7573722510513368,5,7,6,coverage_validated_cumulative_scores_uncalibrated,,unavailable,,0,0
2026-10-10,武雄,7,078420261010,1791596100,1791595800,6,3,013264,山中貴雄,追,71.66,,,,,0.004838691669238986,0.0017059487469019091,0.02922973914199753,0.031371020795187526,position_specialists,0.001705948746901909,False,,,S,0.2,0.4,0.21,0.12,-0.03688739945861845,0.0061186545285575,-0.06518272735632885,-0.05036015126000693,0.0009322894795495707,,0,,,0,,cumulative_place,0.0,0.0,False,3.0,2.0,2.0,3,verified,winticket_line_prediction,provider_forecast_structure_only,0.1705948746901909,2.922973914199753,3.1371020795187525,6,5,5,coverage_validated_cumulative_scores_uncalibrated,,unavailable,,0,0
2026-10-10,武雄,7,078420261010,1791596100,1791595800,7,1,013735,井上剛,追,71.27,,,,,0.003373350047183293,0.0008103898778920183,0.017361300006899682,0.023697161598125873,position_specialists,0.0008103898778920182,False,,,S,0.111,0.3879999999999999,0.15,0.21,-0.21208940708952745,-0.034669045210146694,-0.1737393998745369,-0.05036015126000693,0.0015255646028992978,,0,,,0,,cumulative_place,0.0,0.0,False,2.0,2.0,2.0,3,verified,winticket_line_prediction,provider_forecast_structure_only,0.08103898778920184,1.7361300006899683,2.369716159812587,7,6,7,coverage_validated_cumulative_scores_uncalibrated,,unavailable,,0,0
2026-10-10,弥彦,1,012120261010,1791596700,1791596400,1,1,014744,和田真久留,両,111.15,,,,,0.31293636537953445,0.30148560329192875,0.1601409581693101,0.1718297407027726,position_specialists,0.3014856032919287,False,,0.10373297971026313,B,0.25,0.35,0.07,0.11,-0.05651632410722201,0.06540396892349276,-0.06361910411132027,0.1550715979205656,0.0,,0,,,0,,cumulative_place,,,False,2.0,1.0,2.0,4,verified,winticket_line_prediction,provider_forecast_structure_only,30.148560329192875,16.01409581693101,17.182974070277265,1,4,1,coverage_validated_cumulative_scores_uncalibrated,,unavailable,,0,0
2026-10-10,弥彦,1,012120261010,1791596700,1791596400,2,7,014020,松坂洋平,両,106.83,,,,,0.10655666523748478,0.1977526235816656,0.10219385201570055,0.10376722791346345,position_specialists,0.19775262358166557,False,,,B,0.419,0.516,0.2,0.2,0.15151187736404645,0.32869569103554724,0.22998004761389237,0.07557286734103513,0.0,,0,,,0,,cumulative_place,,,False,2.0,2.0,2.0,4,verified,winticket_line_prediction,provider_forecast_structure_only,19.77526235816656,10.219385201570056,10.376722791346346,2,6,6,coverage_validated_cumulative_scores_uncalibrated,,unavailable,,0,0
2026-10-10,弥彦,1,012120261010,1791596700,1791596400,3,9,015718,棚瀬義大,逃,106.91,,,,,0.1661460665671226,0.18621712826389694,0.16344249876617234,0.15274171973874695,position_specialists,0.1862171282638969,False,,,B,0.6,0.68,0.22,0.16,0.16167164320947566,0.11220956325459727,0.07963072750013167,-0.0657582092447968,0.0,,0,,,0,,cumulative_place,,,False,4.0,1.0,2.0,4,verified,winticket_line_prediction,provider_forecast_structure_only,18.621712826389693,16.344249876617233,15.274171973874697,3,2,2,coverage_validated_cumulative_scores_uncalibrated,,unavailable,,0,0
2026-10-10,弥彦,1,012120261010,1791596700,1791596400,4,2,013917,成田和也,追,108.37,,,,,0.16577653592940939,0.1154797959746485,0.16133938128953065,0.14145916984728166,position_specialists,0.11547979597464848,False,,,B,0.222,0.3879999999999999,0.21,0.15,0.06828837487400954,-0.02234626644773618,-0.10031899807697184,-0.0657582092447968,0.0,,0,,,0,,cumulative_place,,,False,1.0,2.0,3.0,4,verified,winticket_line_prediction,provider_forecast_structure_only,11.547979597464849,16.133938128953066,14.145916984728167,4,3,4,coverage_validated_cumulative_scores_uncalibrated,,unavailable,,0,0
2026-10-10,弥彦,1,012120261010,1791596700,1791596400,5,3,014038,橋本強,追,109.93,,,,,0.08029006406778985,0.07828190858101518,0.11414595457063358,0.14752043414148402,position_specialists,0.07828190858101516,False,,,B,0.294,0.47,0.17,0.11,0.045176393581188946,0.09466771938002498,-0.06361910411132027,0.07557286734103513,0.0,,0,,,0,,cumulative_place,,,False,3.0,2.0,2.0,4,verified,winticket_line_prediction,provider_forecast_structure_only,7.828190858101518,11.414595457063358,14.752043414148405,5,5,3,coverage_validated_cumulative_scores_uncalibrated,,unavailable,,0,0
2026-10-10,弥彦,1,012120261010,1791596700,1791596400,6,5,012596,志智俊夫,追,107.24,,,,,0.07718981912982517,0.06400946255379879,0.16436303911575104,0.13430006916978546,position_specialists,0.06400946255379877,False,,,B,0.28,0.4,0.24,0.1,-0.08282052713115497,0.18827890804223385,0.0097806838199829,-0.0657582092447968,0.0,,0,,,0,,cumulative_place,,,False,4.0,2.0,2.0,4,verified,winticket_line_prediction,provider_forecast_structure_only,6.400946255379878,16.436303911575102,13.430006916978547,6,1,5,coverage_validated_cumulative_scores_uncalibrated,,unavailable,,0,0
2026-10-10,弥彦,1,012120261010,1791596700,1791596400,7,8,015730,黒瀬浩太郎,逃,100.09,,,,,0.05096973706451619,0.03079228637775757,0.0553827295664265,0.061234734187882556,position_specialists,0.030792286377757567,False,,,B,0.38,0.428,0.16,0.06,-0.20624937114728803,0.13561236042014946,0.06356275896447655,-0.0657582092447968,0.0,,0,,,0,,cumulative_place,,,False,3.0,1.0,2.0,4,verified,winticket_line_prediction,provider_forecast_structure_only,3.079228637775757,5.5382729566426505,6.123473418788256,7,8,7,coverage_validated_cumulative_scores_uncalibrated,,unavailable,,0,0
2026-10-10,弥彦,1,012120261010,1791596700,1791596400,8,4,014348,坂本貴史,両,101.57,,,,,0.036542487707808116,0.025081891340574914,0.056721443625357595,0.051123395849525376,position_specialists,0.02508189134057491,False,,,B,0.345,0.423,0.17,0.16,0.0627849550136152,-0.12181840840092505,0.05502166837505552,0.022573713621348156,0.0,,0,,,0,,cumulative_place,,,False,1.0,1.0,3.0,4,verified,winticket_line_prediction,provider_forecast_structure_only,2.5081891340574916,5.67214436253576,5.112339584952538,8,7,8,coverage_validated_cumulative_scores_uncalibrated,,unavailable,,0,0
2026-10-10,弥彦,1,012120261010,1791596700,1791596400,9,6,014440,渡辺正光,追,96.45,,,,,0.003592258916509371,0.0008993000347138591,0.022270142881117644,0.03602350844905788,position_specialists,0.000899300034713859,False,,,B,0.04,0.2,0.0,0.33,-0.14384702165667226,-0.2961712980842075,-0.2104186799739266,-0.0657582092447968,0.0,,0,,,0,,cumulative_place,,,False,1.0,3.0,3.0,4,verified,winticket_line_prediction,provider_forecast_structure_only,0.08993000347138591,2.2270142881117643,3.602350844905788,9,9,9,coverage_validated_cumulative_scores_uncalibrated,,unavailable,,0,0
2026-10-10,富山,1,014620261010,1791597420,1791597120,1,5,015752,石川航大,逃,90.5,,,,,0.48158577870847175,0.5770441428139755,0.22563747606928944,0.15376569109589283,position_specialists,0.5770441428139755,False,,0.3681669274761631,A,0.541,0.708,0.14,0.14,0.21670174551135032,0.04464748986079613,0.16901358662459037,0.11345650838689599,0.0005763750338156004,,0,,,0,,cumulative_place,,,False,3.0,1.0,3.0,3,verified,winticket_line_prediction,provider_forecast_structure_only,57.704414281397554,22.56374760692895,15.376569109589283,1,2,2,coverage_validated_cumulative_scores_uncalibrated,,unavailable,,0,0
2026-10-10,富山,1,014620261010,1791597420,1791597120,2,2,015888,水澤秀哉,逃,88.16,,,,,0.20241194116797837,0.20887721533781248,0.12874567180580235,0.12115151856328578,position_specialists,0.20887721533781248,False,,,A,0.3329999999999999,0.541,0.13,0.12,0.05581711626807492,0.3700262265758925,0.00423987218609681,0.11345650838689599,0.0034707800949330715,,0,,,0,,cumulative_place,,,False,1.0,1.0,2.0,3,verified,winticket_line_prediction,provider_forecast_structure_only,20.88772153378125,12.874567180580236,12.115151856328579,2,3,5,coverage_validated_cumulative_scores_uncalibrated,,unavailable,,0,0
2026-10-10,富山,1,014620261010,1791597420,1791597120,3,3,015212,山口龍也,追,89.45,,,,,0.24530817496863996,0.18838732370016367,0.2824233575839971,0.11780953121547254,position_specialists,0.18838732370016367,False,,,A,0.4,0.5,0.08,0.08,0.009850079341424884,0.1277754748384202,0.12785127874418217,-0.07925270806437588,0.0020674321865124796,,0,,,0,,cumulative_place,,,False,3.0,2.0,3.0,3,verified,winticket_line_prediction,provider_forecast_structure_only,18.838732370016366,28.242335758399715,11.780953121547254,3,1,6,coverage_validated_cumulative_scores_uncalibrated,,unavailable,,0,0
2026-10-10,富山,1,014620261010,1791597420,1791597120,4,4,011800,三住博昭,追,82.34,,,,,0.022527830833479773,0.010349057352154993,0.10701114698409962,0.1428456240602401,position_specialists,0.010349057352154993,False,,,A,0.205,0.31,0.13,0.07,0.009850079341424884,0.04643079065964608,0.030856433520325036,-0.07925270806437588,0.0003884266532235568,,0,,,0,,cumulative_place,,,False,1.0,2.0,2.0,3,verified,winticket_line_prediction,provider_forecast_structure_only,1.0349057352154993,10.701114698409963,14.28456240602401,4,4,3,coverage_validated_cumulative_scores_uncalibrated,,unavailable,,0,0
2026-10-10,富山,1,014620261010,1791597420,1791597120,5,6,015831,三木健正,逃,81.9,,,,,0.026053522448679128,0.008083998002434947,0.0750938605245852,0.08968442589908032,position_specialists,0.008083998002434947,False,,,A,0.095,0.428,0.18,0.2,-0.17401806836517547,0.003975147771409067,-0.1511869250562017,0.014182063548361991,0.002318030027301871,,0,,,0,,cumulative_place,,,False,2.0,1.0,2.0,3,verified,winticket_line_prediction,provider_forecast_structure_only,0.8083998002434947,7.50938605245852,8.968442589908033,5,7,7,coverage_validated_cumulative_scores_uncalibrated,,unavailable,,0,0
2026-10-10,富山,1,014620261010,1791597420,1791597120,6,1,013349,三宅旬,追,83.29,,,,,0.011521096528102685,0.004154104568975408,0.08209769106702522,0.1428176395527031,position_specialists,0.004154104568975408,False,,,A,0.166,0.25,0.15,0.07,-0.036116957585225255,-0.05525006456382152,-0.0661384117035321,-0.07925270806437588,0.001791774561644149,,0,,,0,,cumulative_place,,,False,2.0,2.0,2.0,3,verified,winticket_line_prediction,provider_forecast_structure_only,0.4154104568975408,8.209769106702524,14.28176395527031,6,6,4,coverage_validated_cumulative_scores_uncalibrated,,unavailable,,0,0
2026-10-10,富山,1,014620261010,1791597420,1791597120,7,7,014687,井上将志,両,81.95,,,,,0.010591655344648367,0.0031041582244829896,0.098990795965201,0.23192556961332533,position_specialists,0.0031041582244829896,False,,,A,0.125,0.291,0.0,0.09,-0.0820839945118754,-0.1692389662682559,-0.11463583431546066,-0.0033369561290263606,0.0016163560730915747,,0,,,0,,cumulative_place,,,False,3.0,3.0,3.0,3,verified,winticket_line_prediction,provider_forecast_structure_only,0.31041582244829896,9.899079596520101,23.192556961332535,7,5,1,coverage_validated_cumulative_scores_uncalibrated,,unavailable,,0,0
2026-10-10,弥彦,2,022120261010,1791598140,1791597840,1,3,013162,佐藤慎太郎,追,111.05,,,,,0.27151021955943094,0.231192223643165,0.1996435157500963,0.12016688643244329,position_specialists,0.21662105864198583,True,second_wheel+pace_conflict_consensus,0.026898863803095585,C,0.2769999999999999,0.5,0.29,0.25,0.09119635928636965,-0.011243750793715137,-0.07104588291888299,-0.06820432963880536,0.0017969589739295312,,0,,,0,,cumulative_place,,,False,1.0,2.0,3.0,4,verified,winticket_line_prediction,provider_forecast_structure_only,23.1192223643165,19.964351575009633,12.016688643244331,1,1,5,coverage_validated_cumulative_scores_uncalibrated,,unavailable,,0,0
2026-10-10,弥彦,2,022120261010,1791598140,1791597840,2,9,015789,山崎歩夢,逃,108.4,,,,,0.18343834031682335,0.2042933598400694,0.17286479188496132,0.19024401875196437,position_specialists,0.23205458114904373,True,second_wheel+pace_conflict_consensus,,C,0.36,0.52,0.12,0.07,-0.13171782194005283,0.36588572303492645,0.022224200411617157,0.17278430175164022,0.0048742512167838535,,0,,,0,,cumulative_place,,,False,1.0,1.0,3.0,4,verified,winticket_line_prediction,provider_forecast_structure_only,20.42933598400694,17.286479188496134,19.02440187519644,2,3,1,coverage_validated_cumulative_scores_uncalibrated,,unavailable,,0,0
2026-10-10,弥彦,2,022120261010,1791598140,1791597840,3,7,013140,小倉竜二,追,110.28,,,,,0.11838595455488245,0.18714214524217115,0.1886828188751576,0.1264732178458741,position_specialists,0.16195619373582767,True,second_wheel+pace_conflict_consensus,,C,0.423,0.653,0.21,0.14,0.15919120666449552,0.11155511247792081,0.2013288329886776,-0.06820432963880536,0.0005840116665270975,,0,,,0,,cumulative_place,,,False,2.0,2.0,2.0,4,verified,winticket_line_prediction,provider_forecast_structure_only,18.714214524217116,18.868281887515764,12.647321784587412,3,2,3,coverage_validated_cumulative_scores_uncalibrated,,unavailable,,0,0
2026-10-10,弥彦,2,022120261010,1791598140,1791597840,4,1,015731,西田優大,逃,109.46,,,,,0.14741967520038457,0.15383576207201055,0.07694011625318195,0.08645964820885964,position_specialists,0.16402998385039746,True,second_wheel+pace_conflict_consensus,,C,0.344,0.517,0.16,0.15,0.130812369462729,-0.0025108667799815447,0.11657936397910498,-0.013640865927761084,0.00038185378196002503,,0,,,0,,cumulative_place,,,False,2.0,1.0,2.0,4,verified,winticket_line_prediction,provider_forecast_structure_only,15.383576207201056,7.694011625318196,8.645964820885965,4,7,8,coverage_validated_cumulative_scores_uncalibrated,,unavailable,,0,0
2026-10-10,弥彦,2,022120261010,1791598140,1791597840,5,8,015822,谷内健太,逃,106.45,,,,,0.09882810091721063,0.07571261350898682,0.09899279833569068,0.12710519758075794,position_specialists,0.08640681082237413,True,second_wheel+pace_conflict_consensus,,C,0.3329999999999999,0.583,0.24,0.17,-0.11278247574483838,0.12028799649165442,0.030590639288875676,0.08184519556656643,0.000628935640875336,,0,,,0,,cumulative_place,,,False,4.0,1.0,2.0,4,verified,winticket_line_prediction,provider_forecast_structure_only,7.571261350898682,9.89927983356907,12.710519758075796,5,4,2,coverage_validated_cumulative_scores_uncalibrated,,unavailable,,0,0
2026-10-10,弥彦,2,022120261010,1791598140,1791597840,6,5,013730,東口善朋,追,110.18,,,,,0.0734892489324829,0.0688167177838986,0.09432158876170965,0.09002458049823707,position_specialists,0.0644794622574478,True,second_wheel+pace_conflict_consensus,,C,0.312,0.5,0.16,0.21,0.1548869406515146,0.050155680842102854,-0.07104588291888299,-0.06820432963880536,0.0009883274356612419,,0,,,0,,cumulative_place,,,False,4.0,2.0,2.0,4,verified,winticket_line_prediction,provider_forecast_structure_only,6.88167177838986,9.432158876170966,9.002458049823709,6,5,7,coverage_validated_cumulative_scores_uncalibrated,,unavailable,,0,0
2026-10-10,弥彦,2,022120261010,1791598140,1791597840,7,2,014507,長島大介,両,108.5,,,,,0.06747518797048245,0.06158887834285901,0.08276190375274835,0.12157167169454919,position_specialists,0.056948133915858984,True,second_wheel+pace_conflict_consensus,,C,0.272,0.409,0.19,0.11,-0.08007804399062061,0.18830440202269336,-0.025650096934289546,-0.013640865927761084,0.00042677775630826415,,0,,,0,,cumulative_place,,,False,3.0,2.0,2.0,4,verified,winticket_line_prediction,provider_forecast_structure_only,6.158887834285901,8.276190375274837,12.15716716945492,7,6,4,coverage_validated_cumulative_scores_uncalibrated,,unavailable,,0,0
2026-10-10,弥彦,2,022120261010,1791598140,1791597840,8,4,013532,佐々木雄一,追,106.94,,,,,0.02361050318202428,0.012844222429936346,0.06480844877877337,0.10793465689528454,position_specialists,0.01248532192478861,True,second_wheel+pace_conflict_consensus,,C,0.315,0.421,0.0,0.14,-0.13516009332980367,-0.22794218702976143,-0.025650096934289546,0.04546955309253689,0.00042677775630826415,,0,,,0,,cumulative_place,,,False,1.0,3.0,3.0,4,verified,winticket_line_prediction,provider_forecast_structure_only,1.2844222429936345,6.480844877877338,10.793465689528457,8,8,6,coverage_validated_cumulative_scores_uncalibrated,,unavailable,,0,0
2026-10-10,弥彦,2,022120261010,1791598140,1791597840,9,6,015420,梁島邦友,逃,96.25,,,,,0.015842769366278417,0.004574077136903142,0.020984017607680695,0.03002012209202976,position_specialists,0.005018453702275772,True,second_wheel+pace_conflict_consensus,,C,0.095,0.142,0.14,0.14,-0.07634844105979309,-0.10995987214266302,-0.17733107696193023,-0.06820432963880536,0.0026055905121978203,,0,,,0,,cumulative_place,,,False,3.0,1.0,2.0,4,verified,winticket_line_prediction,provider_forecast_structure_only,0.4574077136903142,2.09840176076807,3.0020122092029764,9,9,9,coverage_validated_cumulative_scores_uncalibrated,,unavailable,,0,0
2026-10-10,富山,2,024620261010,1791598860,1791598560,1,2,014845,表原周,追,85.85,,,,,0.28835464112351794,0.4631587244465903,0.2831787887055421,0.20871077938816018,position_specialists,0.46315872444659023,False,,0.10502472718216105,B,0.38,0.523,0.16,0.16,0.23814770171091032,0.2810805108254345,0.2208593336674284,0.0915257523912551,0.0009855951163663958,,0,,,0,,cumulative_place,,,False,2.0,1.0,2.0,3,verified,winticket_line_prediction,provider_forecast_structure_only,46.31587244465903,28.31787887055421,20.871077938816015,1,1,1,coverage_validated_cumulative_scores_uncalibrated,,unavailable,,0,0
2026-10-10,富山,2,024620261010,1791598860,1791598560,2,3,015526,梅田加津也,逃,86.4,,,,,0.3227605525612621,0.35813399726442924,0.08650746279308652,0.06587366145450935,position_specialists,0.3581339972644292,False,,,B,0.406,0.518,0.16,0.15,0.06267044781866069,0.07315861600953097,0.1360560924372538,0.15559377906513366,0.0028253726669170004,,0,,,0,,cumulative_place,,,False,1.0,1.0,2.0,3,verified,winticket_line_prediction,provider_forecast_structure_only,35.813399726442924,8.650746279308654,6.5873661454509325,2,5,7,coverage_validated_cumulative_scores_uncalibrated,,unavailable,,0,0
2026-10-10,富山,2,024620261010,1791598860,1791598560,3,5,014479,金子浩貴,追,83.25,,,,,0.17206945275588661,0.09205394360472599,0.18147431638958017,0.18317562988881567,position_specialists,0.09205394360472598,False,,,B,0.166,0.416,0.07,0.15,-0.007520453738239245,0.04261358649375336,0.024587993360826357,-0.04942390629127776,0.0008541824341842092,,0,,,0,,cumulative_place,,,False,3.0,2.0,3.0,3,verified,winticket_line_prediction,provider_forecast_structure_only,9.2053943604726,18.14743163895802,18.317562988881562,3,3,3,coverage_validated_cumulative_scores_uncalibrated,,unavailable,,0,0
2026-10-10,富山,2,024620261010,1791598860,1791598560,4,4,014823,渡辺聖,追,81.58,,,,,0.09165704964989242,0.04087394621621987,0.20290172263622155,0.18865270081300892,position_specialists,0.04087394621621986,False,,,B,0.166,0.25,0.09,0.09,-0.09525908068436408,0.07033650580254054,0.024587993360826357,-0.04942390629127776,0.0010841546280030347,,0,,,0,,cumulative_place,,,False,1.0,2.0,2.0,3,verified,winticket_line_prediction,provider_forecast_structure_only,4.087394621621987,20.29017226362216,18.86527008130089,4,2,2,coverage_validated_cumulative_scores_uncalibrated,,unavailable,,0,0
2026-10-10,富山,2,024620261010,1791598860,1791598560,5,6,015906,林佳宗依,逃,80.38,,,,,0.08257106004398887,0.032041788195040284,0.10293149038059995,0.11175043958506786,position_specialists,0.03204178819504028,False,,,B,0.142,0.285,0.18,0.11,-0.11280680607358899,0.19791175289907312,-0.10580627592609332,-0.04942390629127776,0.0025954004730981755,,0,,,0,,cumulative_place,,,False,3.0,1.0,3.0,3,verified,winticket_line_prediction,provider_forecast_structure_only,3.2041788195040284,10.293149038059997,11.175043958506784,5,4,5,coverage_validated_cumulative_scores_uncalibrated,,unavailable,,0,0
2026-10-10,富山,2,024620261010,1791598860,1791598560,6,7,014192,野本翔太,追,82.38,,,,,0.02833304960478189,0.009683085587030611,0.08546274015729395,0.14226569487670243,position_specialists,0.00968308558703061,False,,,B,0.166,0.222,0.17,0.17,-0.07771135529513902,-0.10986246970457583,-0.09189904784647172,-0.04942390629127776,0.002693959984734814,,0,,,0,,cumulative_place,,,False,2.0,2.0,2.0,3,verified,winticket_line_prediction,provider_forecast_structure_only,0.9683085587030611,8.546274015729397,14.22656948767024,6,6,4,coverage_validated_cumulative_scores_uncalibrated,,unavailable,,0,0
2026-10-10,富山,2,024620261010,1791598860,1791598560,7,1,012684,四宮哲郎,追,82.14,,,,,0.014254194260670204,0.004054514685963749,0.05754347893767569,0.09957109399373572,position_specialists,0.004054514685963748,False,,,B,0.095,0.238,0.07,0.21,-0.007520453738239245,-0.18687240345166997,-0.20838608905376982,-0.04942390629127776,0.0017740712094595115,,0,,,0,,cumulative_place,,,False,3.0,3.0,3.0,3,verified,winticket_line_prediction,provider_forecast_structure_only,0.4054514685963749,5.754347893767569,9.95710939937357,7,7,6,coverage_validated_cumulative_scores_uncalibrated,,unavailable,,0,0
2026-10-10,弥彦,3,032120261010,1791599580,1791599280,1,2,015051,簗田一輝,両,112.31,,,,,0.2860911002166399,0.37822435179232355,0.08631561266283498,0.06935511922860293,position_specialists,0.37822435179232355,False,,0.18653416417045995,B,0.421,0.631,0.24,0.13,0.20611853023162927,0.112097995182366,0.056800566046477076,-0.020466617569939404,0.0010834726777719217,,0,,,0,,cumulative_place,,,False,1.0,2.0,2.0,5,verified,winticket_line_prediction,provider_forecast_structure_only,37.82243517923236,8.631561266283498,6.935511922860293,1,8,8,coverage_validated_cumulative_scores_uncalibrated,,unavailable,,0,0
2026-10-10,弥彦,3,032120261010,1791599580,1791599280,2,3,014861,金子幸央,両,110.11,,,,,0.14857560505045755,0.1916901876218636,0.14789710688125746,0.0922269334578205,position_specialists,0.1916901876218636,False,,,B,0.3329999999999999,0.5,0.21,0.25,0.08806278505332557,0.2005039966705819,-0.018434585495043912,0.18215289637246063,0.004333890711087692,,0,,,0,,cumulative_place,,,False,3.0,2.0,2.0,5,verified,winticket_line_prediction,provider_forecast_structure_only,19.16901876218636,14.789710688125746,9.22269334578205,2,2,7,coverage_validated_cumulative_scores_uncalibrated,,unavailable,,0,0
2026-10-10,弥彦,3,032120261010,1791599580,1791599280,3,5,015649,後藤大輝,逃,108.33,,,,,0.12986822702891904,0.10240708495095405,0.12513981275010408,0.113802284356497,position_specialists,0.10240708495095405,False,,,B,0.57,0.619,0.2,0.07,0.010300321388854346,0.029962780397542924,-0.046616291515736374,0.007163316149478785,0.0014446302370292314,,0,,,0,,cumulative_place,,,False,5.0,1.0,2.0,5,verified,winticket_line_prediction,provider_forecast_structure_only,10.240708495095404,12.513981275010408,11.3802284356497,3,4,5,coverage_validated_cumulative_scores_uncalibrated,,unavailable,,0,0
2026-10-10,弥彦,3,032120261010,1791599580,1791599280,4,8,015096,大石剣士,逃,105.44,,,,,0.08527160713310215,0.08604907682963914,0.08763643431020289,0.09422420587935068,position_specialists,0.08604907682963914,False,,,B,0.466,0.5660000000000001,0.19,0.13,-0.03580913450228123,0.1036344483043895,0.1783536421103974,0.0578181946350788,0.0014446302370292314,,0,,,0,,cumulative_place,,,False,1.0,1.0,2.0,5,verified,winticket_line_prediction,provider_forecast_structure_only,8.604907682963914,8.76364343102029,9.422420587935068,4,7,6,coverage_validated_cumulative_scores_uncalibrated,,unavailable,,0,0
2026-10-10,弥彦,3,032120261010,1791599580,1791599280,5,4,013920,山崎芳仁,追,106.56,,,,,0.06273780418554187,0.06579942956136729,0.09218900677406587,0.11528781672753657,position_specialists,0.06579942956136729,False,,,B,0.32,0.4,0.0,0.0,0.08065900262414644,0.3203869292039053,0.056800566046477076,-0.09414644082172123,0.0010834726777719217,,0,,,0,,cumulative_place,,,False,4.0,1.0,1.0,5,verified,winticket_line_prediction,provider_forecast_structure_only,6.579942956136729,9.218900677406587,11.528781672753658,5,6,4,coverage_validated_cumulative_scores_uncalibrated,,unavailable,,0,0
2026-10-10,弥彦,3,032120261010,1791599580,1791599280,6,7,014873,三谷竜生,両,108.73,,,,,0.08028959564647632,0.05965145582924564,0.11555535226055193,0.13674775973716216,position_specialists,0.05965145582924564,False,,,B,0.428,0.523,0.14,0.04,-0.06622565096429921,-0.08791188825341165,0.07959176780846214,-0.011256639663466676,1.002413594512218e-18,,0,,,0,,cumulative_place,,,False,2.0,1.0,2.0,5,verified,winticket_line_prediction,provider_forecast_structure_only,5.965145582924564,11.555535226055193,13.674775973716216,6,5,3,coverage_validated_cumulative_scores_uncalibrated,,unavailable,,0,0
2026-10-10,弥彦,3,032120261010,1791599580,1791599280,7,9,013894,園田匠,追,109.2,,,,,0.09347350010519849,0.05871269704420843,0.1684563004655812,0.14321798470132827,position_specialists,0.05871269704420843,False,,,B,0.147,0.3329999999999999,0.14,0.18,-0.028208446506113278,-0.07944834137543522,-0.10886387154455496,0.020978283009187877,0.002889260474058459,,0,,,0,,cumulative_place,,,False,5.0,2.0,2.0,5,verified,winticket_line_prediction,provider_forecast_structure_only,5.871269704420843,16.845630046558117,14.321798470132826,7,1,2,coverage_validated_cumulative_scores_uncalibrated,,unavailable,,0,0
2026-10-10,弥彦,3,032120261010,1791599580,1791599280,8,1,014103,村田雅一,追,109.35,,,,,0.09499606048430419,0.050997879876648514,0.14533770352950984,0.1938750571866881,position_specialists,0.050997879876648514,False,,,B,0.187,0.437,0.17,0.16,-0.03598469287256037,-0.06471400779406589,-0.15027998094231296,-0.09414644082172123,0.0010834726777719217,,0,,,0,,cumulative_place,,,False,2.0,2.0,2.0,5,verified,winticket_line_prediction,provider_forecast_structure_only,5.099787987664851,14.533770352950985,19.38750571866881,8,3,1,coverage_validated_cumulative_scores_uncalibrated,,unavailable,,0,0
2026-10-10,弥彦,3,032120261010,1791599580,1791599280,9,6,015608,山口多聞,逃,99.0,,,,,0.018696500149360477,0.006467836493749763,0.031472670365891756,0.041262838725013795,position_specialists,0.006467836493749763,False,,,B,0.178,0.178,0.13,0.08,-0.21891271445270177,-0.10264622183478093,-0.047351812514165564,-0.04809655128935758,0.0010834726777719217,,0,,,0,,cumulative_place,,,False,3.0,1.0,2.0,5,verified,winticket_line_prediction,provider_forecast_structure_only,0.6467836493749762,3.1472670365891755,4.1262838725013795,9,9,9,coverage_validated_cumulative_scores_uncalibrated,,unavailable,,0,0
2026-10-10,富山,3,034620261010,1791600300,1791600000,1,5,015922,中田拓也,逃,90.95,,,,,0.3807450459945437,0.5169798657299254,0.21255137187289597,0.15844366627717063,position_specialists,0.5169798657299254,False,,0.1150945561493592,B,0.541,0.833,0.28,0.15,0.15500755511635866,0.31075001650233486,0.06510285055067945,0.17385152083719368,0.004299544643609928,,0,,,0,,cumulative_place,,,False,3.0,1.0,3.0,4,verified,winticket_line_prediction,provider_forecast_structure_only,51.69798657299254,21.2551371872896,15.844366627717063,1,2,3,coverage_validated_cumulative_scores_uncalibrated,,unavailable,,0,0
2026-10-10,富山,3,034620261010,1791600300,1791600000,2,2,015193,藏本徹二,両,91.0,,,,,0.4548116905052969,0.4018853095805662,0.2825596867173445,0.12129012039370315,position_specialists,0.4018853095805662,False,,,B,0.3329999999999999,0.541,0.2,0.22,0.05357201621585205,0.15210558748676814,0.12589968180648717,-0.046806178686936754,0.0013992600911156572,,0,,,0,,cumulative_place,,,False,3.0,2.0,3.0,4,verified,winticket_line_prediction,provider_forecast_structure_only,40.18853095805662,28.25596867173445,12.129012039370316,2,1,6,coverage_validated_cumulative_scores_uncalibrated,,unavailable,,0,0
2026-10-10,富山,3,034620261010,1791600300,1791600000,3,7,014862,坂本将太郎,追,87.5,,,,,0.06539413871003265,0.03992341354824047,0.14726987862021795,0.1393962373367048,position_specialists,0.03992341354824047,False,,,B,0.25,0.4579999999999999,0.27,0.15,0.030518484647555046,0.06407718855920545,0.0326472955973534,-0.046806178686936754,0.0005597040364462626,,0,,,0,,cumulative_place,,,False,1.0,2.0,2.0,4,verified,winticket_line_prediction,provider_forecast_structure_only,3.992341354824047,14.726987862021796,13.93962373367048,3,3,4,coverage_validated_cumulative_scores_uncalibrated,,unavailable,,0,0
2026-10-10,富山,3,034620261010,1791600300,1791600000,4,1,015351,宮下一歩,逃,82.75,,,,,0.037207370912334475,0.01756943605075086,0.09957567503557613,0.15855404589478272,position_specialists,0.01756943605075086,False,,,B,0.24,0.36,0.18,0.12,-0.05401113110286711,0.08187617929067184,-0.07604710727099041,0.06017937259749013,2.5441092565739032e-05,,0,,,0,,cumulative_place,,,False,1.0,1.0,2.0,4,verified,winticket_line_prediction,provider_forecast_structure_only,1.756943605075086,9.957567503557613,15.855404589478272,4,5,2,coverage_validated_cumulative_scores_uncalibrated,,unavailable,,0,0
2026-10-10,富山,3,034620261010,1791600300,1791600000,5,4,013155,四元慎也,追,84.16,,,,,0.02864618198187077,0.012608887652107423,0.10430688835951656,0.13688122991092724,position_specialists,0.012608887652107423,False,,,B,0.29,0.375,0.0,0.0,0.11351119829342414,-0.2805688511557419,0.07585223358673915,-0.046806178686936754,0.0013992600911156572,,0,,,0,,cumulative_place,,,False,4.0,1.0,1.0,4,verified,winticket_line_prediction,provider_forecast_structure_only,1.2608887652107423,10.430688835951656,13.688122991092724,5,4,5,coverage_validated_cumulative_scores_uncalibrated,,unavailable,,0,0
2026-10-10,富山,3,034620261010,1791600300,1791600000,6,3,014334,高倉俊宏,両,82.77,,,,,0.02821713799499654,0.009829073257962393,0.07386349312652009,0.10983820075487728,position_specialists,0.009829073257962393,False,,,B,0.147,0.259,0.0,0.11,-0.13546694264418313,0.0011220254124587373,-0.08328249791007919,-0.046806178686936754,0.00020352874052591372,,0,,,0,,cumulative_place,,,False,2.0,1.0,1.0,4,verified,winticket_line_prediction,provider_forecast_structure_only,0.9829073257962393,7.386349312652009,10.983820075487728,6,7,7,coverage_validated_cumulative_scores_uncalibrated,,unavailable,,0,0
2026-10-10,富山,3,034620261010,1791600300,1791600000,7,6,013587,船曳義之,追,79.72,,,,,0.004978433900925038,0.001204014180447221,0.07987300626792879,0.17559649943183417,position_specialists,0.001204014180447221,False,,,B,0.08,0.16,0.1,0.12,-0.16313118052613954,-0.13991672381759546,-0.14017245636018952,-0.046806178686936754,0.0022896983309165296,,0,,,0,,cumulative_place,,,False,3.0,3.0,3.0,4,verified,winticket_line_prediction,provider_forecast_structure_only,0.1204014180447221,7.987300626792878,17.559649943183416,7,6,1,coverage_validated_cumulative_scores_uncalibrated,,unavailable,,0,0
2026-10-10,弥彦,4,042120261010,1791601020,1791600720,1,2,014501,守澤太志,追,115.71,,,,,0.4462786641792841,0.44307684663780017,0.23766475765959238,0.15113350099322845,position_specialists,0.44307684663780017,False,,0.11065309729371342,B,0.4539999999999999,0.727,0.24,0.15,0.08880192654839389,0.15301522934954997,0.05192909777684609,-0.06467038709384426,0.0011399527998065544,,0,,,0,,cumulative_place,,,False,2.0,2.0,3.0,4,verified,winticket_line_prediction,provider_forecast_structure_only,44.307684663780016,23.76647576595924,15.113350099322846,1,1,3,coverage_validated_cumulative_scores_uncalibrated,,unavailable,,0,0
2026-10-10,弥彦,4,042120261010,1791601020,1791600720,2,5,015356,杉浦侑吾,逃,111.1,,,,,0.23740966996878712,0.33242374934408675,0.20233106293052303,0.15222765485106127,position_specialists,0.33242374934408675,False,,,B,0.466,0.6659999999999999,0.19,0.13,-0.03633189449135306,0.2710352412827577,0.21313735361179992,0.16412898241748056,0.004631058249214126,,0,,,0,,cumulative_place,,,False,1.0,1.0,2.0,4,verified,winticket_line_prediction,provider_forecast_structure_only,33.24237493440867,20.233106293052302,15.222765485106127,2,2,2,coverage_validated_cumulative_scores_uncalibrated,,unavailable,,0,0
2026-10-10,弥彦,4,042120261010,1791601020,1791600720,3,1,014505,雨谷一樹,両,109.82,,,,,0.09704013669621019,0.12041859326652155,0.14591788895388644,0.10245642113196803,position_specialists,0.12041859326652155,False,,,B,0.481,0.586,0.24,0.06,0.29411937681348227,0.025000309683080847,0.19179426195629212,0.06779240578113328,0.0021017879746433343,,0,,,0,,cumulative_place,,,False,1.0,2.0,2.0,4,verified,winticket_line_prediction,provider_forecast_structure_only,12.041859326652155,14.591788895388644,10.245642113196803,3,3,6,coverage_validated_cumulative_scores_uncalibrated,,unavailable,,0,0
2026-10-10,弥彦,4,042120261010,1791601020,1791600720,4,9,014356,佐藤一伸,両,107.8,,,,,0.07318195212313854,0.031581035447853366,0.13141649511604703,0.1917136808126704,position_specialists,0.031581035447853366,False,,,B,0.284,0.476,0.15,0.16,-0.156100407145988,-0.04900205788341509,-0.059043461662015344,-0.06467038709384426,0.0011043292748125996,,0,,,0,,cumulative_place,,,False,2.0,1.0,3.0,4,verified,winticket_line_prediction,provider_forecast_structure_only,3.1581035447853365,13.141649511604703,19.17136808126704,4,4,1,coverage_validated_cumulative_scores_uncalibrated,,unavailable,,0,0
2026-10-10,弥彦,4,042120261010,1791601020,1791600720,5,3,014318,椎木尾拓哉,追,105.39,,,,,0.038547875083121304,0.02289302122059914,0.0821911818007389,0.1124408842637556,position_specialists,0.02289302122059914,False,,,B,0.29,0.625,0.16,0.22,0.04921704311910045,0.046336129627492395,-0.05296977535773844,0.0236381414894741,0.0008193410748609608,,0,,,0,,cumulative_place,,,False,4.0,2.0,2.0,4,verified,winticket_line_prediction,provider_forecast_structure_only,2.289302122059914,8.21911818007389,11.24408842637556,5,5,5,coverage_validated_cumulative_scores_uncalibrated,,unavailable,,0,0
2026-10-10,弥彦,4,042120261010,1791601020,1791600720,6,8,014677,角令央奈,両,103.04,,,,,0.034569578145972425,0.021178873718358263,0.05726565730756496,0.07243450291959694,position_specialists,0.021178873718358263,False,,,B,0.32,0.36,0.16,0.13,0.020869707643408408,0.21702268918278456,-0.018003484312876933,-0.06467038709384426,0.0007837175498670057,,0,,,0,,cumulative_place,,,False,3.0,2.0,2.0,4,verified,winticket_line_prediction,provider_forecast_structure_only,2.117887371835826,5.726565730756496,7.243450291959694,6,7,7,coverage_validated_cumulative_scores_uncalibrated,,unavailable,,0,0
2026-10-10,弥彦,4,042120261010,1791601020,1791600720,7,4,015661,東矢圭吾,逃,103.27,,,,,0.028828983575386873,0.010979575990863633,0.03753441428818037,0.05724264352827606,position_specialists,0.010979575990863633,False,,,B,0.222,0.444,0.12,0.18,-0.156100407145988,-0.07033787782782658,-0.13504973005601525,0.06779240578113328,0.0011399527998065544,,0,,,0,,cumulative_place,,,False,3.0,1.0,2.0,4,verified,winticket_line_prediction,provider_forecast_structure_only,1.0979575990863633,3.753441428818037,5.724264352827606,7,9,8,coverage_validated_cumulative_scores_uncalibrated,,unavailable,,0,0
2026-10-10,弥彦,4,042120261010,1791601020,1791600720,8,6,015724,村上翔馬,逃,97.58,,,,,0.023938956795946664,0.0108949136053854,0.041584985988401775,0.04568215168466541,position_specialists,0.0108949136053854,False,,,B,0.222,0.5,0.29,0.2,-0.03979611537401047,0.18569196150511166,-0.06889190450883062,-0.06467038709384426,0.0007837175498670057,,0,,,0,,cumulative_place,,,False,4.0,1.0,2.0,4,verified,winticket_line_prediction,provider_forecast_structure_only,1.0894913605385401,4.158498598840177,4.5682151684665415,8,8,9,coverage_validated_cumulative_scores_uncalibrated,,unavailable,,0,0
2026-10-10,弥彦,4,042120261010,1791601020,1791600720,9,7,012339,内藤宣彦,追,106.56,,,,,0.020204183432152825,0.006553390768531671,0.06409355595506509,0.11466855981477783,position_specialists,0.006553390768531671,False,,,B,0.2,0.36,0.04,0.24,-0.0646792299670451,-0.2942293867963586,-0.12290235744746145,-0.06467038709384426,0.0021017879746433343,,0,,,0,,cumulative_place,,,False,2.0,3.0,3.0,4,verified,winticket_line_prediction,provider_forecast_structure_only,0.6553390768531671,6.40935559550651,11.466855981477783,9,6,4,coverage_validated_cumulative_scores_uncalibrated,,unavailable,,0,0
2026-10-10,富山,4,044620261010,1791601740,1791601440,1,5,015907,上杉有弘,逃,93.12,,,,,0.7714951975507226,0.8395413498805592,0.35617944510193866,0.4378164530504923,position_specialists,0.8395413498805591,False,,0.7011232791819989,S,0.75,0.7909999999999999,0.11,0.01,0.12310200050714859,0.3879021524997606,0.18618342190681597,0.1162760037581335,0.004680003651477637,,0,,,0,,cumulative_place,,,False,1.0,1.0,3.0,3,verified,winticket_line_prediction,provider_forecast_structure_only,83.95413498805591,35.617944510193865,43.78164530504923,1,1,1,coverage_validated_cumulative_scores_uncalibrated,,unavailable,,0,0
2026-10-10,富山,4,044620261010,1791601740,1791601440,2,7,013716,佐藤亙,追,91.79,,,,,0.17327461364060373,0.13841807069856019,0.2712782680053658,0.13468464950986475,position_specialists,0.13841807069856016,False,,,S,0.541,0.6659999999999999,0.22,0.19,0.18838336441245465,0.11274988175929065,0.13641688645143873,-0.036145724014700675,0.00015506036194654814,,0,,,0,,cumulative_place,,,False,1.0,2.0,3.0,3,verified,winticket_line_prediction,provider_forecast_structure_only,13.841807069856019,27.12782680053658,13.468464950986474,2,2,3,coverage_validated_cumulative_scores_uncalibrated,,unavailable,,0,0
2026-10-10,富山,4,044620261010,1791601740,1791601440,3,3,014280,井上公利,逃,84.6,,,,,0.029594540771369724,0.012347457064669824,0.13370469272366828,0.1055145475626197,position_specialists,0.012347457064669822,False,,,S,0.356,0.4639999999999999,0.1,0.11,-0.0074607273034635845,0.00416439739608797,0.02982391939017123,-0.04224259312561404,5.638558616238101e-05,,0,,,0,,cumulative_place,,,False,3.0,1.0,2.0,3,verified,winticket_line_prediction,provider_forecast_structure_only,1.2347457064669825,13.370469272366828,10.55145475626197,3,3,4,coverage_validated_cumulative_scores_uncalibrated,,unavailable,,0,0
2026-10-10,富山,4,044620261010,1791601740,1791601440,4,1,013638,村上卓茂,追,86.18,,,,,0.0112216223294037,0.005038565451078674,0.09536468117622336,0.17216030934036922,position_specialists,0.005038565451078673,False,,,S,0.37,0.555,0.15,0.25,0.018651818258658873,-0.06232210423864771,0.052510064516723326,0.015677663428062944,0.0005497594650832162,,0,,,0,,cumulative_place,,,False,1.0,3.0,3.0,3,verified,winticket_line_prediction,provider_forecast_structure_only,0.5038565451078674,9.536468117622336,17.216030934036922,4,4,2,coverage_validated_cumulative_scores_uncalibrated,,unavailable,,0,0
2026-10-10,富山,4,044620261010,1791601740,1791601440,5,2,013845,加賀美智史,両,81.76,,,,,0.01032450602381689,0.003744585067965457,0.07002740468267195,0.06942254900210508,position_specialists,0.0037445850679654565,False,,,S,0.23,0.307,0.12,0.07,-0.08579836398983084,0.036142543654727334,-0.09042031162501885,0.1162760037581335,0.0006484342408673833,,0,,,0,,cumulative_place,,,False,2.0,1.0,2.0,3,verified,winticket_line_prediction,provider_forecast_structure_only,0.3744585067965457,7.002740468267195,6.942254900210508,5,5,5,coverage_validated_cumulative_scores_uncalibrated,,unavailable,,0,0
2026-10-10,富山,4,044620261010,1791601740,1791601440,6,4,013179,飯島淳,追,79.95,,,,,0.0022420400357992167,0.0005253358320390436,0.03383267727889497,0.03932211520632393,position_specialists,0.0005253358320390435,False,,,S,0.208,0.25,0.2,0.11,-0.15107972789513693,-0.06312992266322594,-0.08733463870780232,-0.08492067690200761,0.0016351819987090537,,0,,,0,,cumulative_place,,,False,2.0,2.0,2.0,3,verified,winticket_line_prediction,provider_forecast_structure_only,0.05253358320390436,3.3832677278894967,3.932211520632393,6,7,7,coverage_validated_cumulative_scores_uncalibrated,,unavailable,,0,0
2026-10-10,富山,4,044620261010,1791601740,1791601440,7,6,013298,井手健,追,79.71,,,,,0.0018474796482840367,0.0003846360051276957,0.039612831031237,0.041079376328225,position_specialists,0.0003846360051276956,False,,,S,0.0,0.2269999999999999,0.08,0.16,-0.08579836398983084,-0.04714084953390624,-0.22717934193232797,-0.08492067690200761,0.0016351819987090537,,0,,,0,,cumulative_place,,,False,3.0,2.0,2.0,3,verified,winticket_line_prediction,provider_forecast_structure_only,0.03846360051276957,3.9612831031237,4.1079376328225,7,6,6,coverage_validated_cumulative_scores_uncalibrated,,unavailable,,0,0
2026-10-10,弥彦,5,052120261010,1791602520,1791602220,1,7,014129,菅田壱道,両,115.74,,,,,0.5963171483655477,0.8223201205611052,0.12282903804348277,0.08228801644268231,position_specialists,0.8223201205611052,False,,0.7275000575509938,S,0.555,0.6659999999999999,0.1,0.1,0.2133124444378616,0.3614425076024288,0.18168707697532344,0.13531169482389543,0.001189623754958925,,0,,,0,,cumulative_place,,,False,1.0,2.0,3.0,4,verified,winticket_line_prediction,provider_forecast_structure_only,82.23201205611052,12.282903804348278,8.22880164426823,1,4,7,coverage_validated_cumulative_scores_uncalibrated,,unavailable,,0,0
2026-10-10,弥彦,5,052120261010,1791602520,1791602220,2,3,015868,市田龍生都,逃,110.84,,,,,0.17834855827289112,0.09482006301011132,0.22507490488744578,0.19033008415506839,position_specialists,0.09482006301011132,False,,,S,0.45,0.5,0.13,0.05,0.03613220271849172,0.2902975578865381,-0.10811178352304805,0.019620195749464848,0.0044340521775741775,,0,,,0,,cumulative_place,,,False,3.0,1.0,2.0,4,verified,winticket_line_prediction,provider_forecast_structure_only,9.482006301011133,22.507490488744576,19.03300841550684,2,1,1,coverage_validated_cumulative_scores_uncalibrated,,unavailable,,0,0
2026-10-10,弥彦,5,052120261010,1791602520,1791602220,3,2,015692,松崎広太,逃,107.43,,,,,0.048485901781618684,0.022914587666992288,0.1104915615426031,0.11251208411292372,position_specialists,0.022914587666992288,False,,,S,0.466,0.6659999999999999,0.21,0.14,0.018132665765010166,0.013121526479444482,0.055954884783105466,0.11095558975559427,0.0007570332986102255,,0,,,0,,cumulative_place,,,False,2.0,1.0,2.0,4,verified,winticket_line_prediction,provider_forecast_structure_only,2.291458766699229,11.049156154260311,11.251208411292373,3,5,4,coverage_validated_cumulative_scores_uncalibrated,,unavailable,,0,0
2026-10-10,弥彦,5,052120261010,1791602520,1791602220,4,5,014252,三谷将太,追,109.47,,,,,0.046597145292492904,0.019449109326678274,0.15591905061554368,0.1367397717401493,position_specialists,0.019449109326678274,False,,,S,0.409,0.545,0.14,0.17,0.13315098824666774,0.010352867820110153,-0.005904854355870105,-0.08998227705789046,0.002054804667656325,,0,,,0,,cumulative_place,,,False,3.0,2.0,2.0,4,verified,winticket_line_prediction,provider_forecast_structure_only,1.9449109326678273,15.591905061554368,13.673977174014931,4,2,3,coverage_validated_cumulative_scores_uncalibrated,,unavailable,,0,0
2026-10-10,弥彦,5,052120261010,1791602520,1791602220,5,1,013921,渡邉一成,両,106.65,,,,,0.04643632673140736,0.01575606648940153,0.0751012529878353,0.09206567047542873,position_specialists,0.01575606648940153,False,,,S,0.521,0.7390000000000001,0.23,0.14,0.033252846294339305,-0.04231367980197425,0.028285585571113395,-0.08998227705789046,0.0017303618253948008,,0,,,0,,cumulative_place,,,False,1.0,1.0,3.0,4,verified,winticket_line_prediction,provider_forecast_structure_only,1.5756066489401528,7.510125298783531,9.206567047542872,5,7,6,coverage_validated_cumulative_scores_uncalibrated,,unavailable,,0,0
2026-10-10,弥彦,5,052120261010,1791602520,1791602220,6,4,014939,長尾拳太,両,106.54,,,,,0.02915588069503687,0.008836689260085255,0.08224418364673848,0.11063985032540519,position_specialists,0.008836689260085255,False,,,S,0.375,0.5,0.18,0.18,-0.07654575284290983,0.028831269913916362,-0.005904854355870105,-0.08998227705789046,0.0007570332986102255,,0,,,0,,cumulative_place,,,False,4.0,2.0,2.0,4,verified,winticket_line_prediction,provider_forecast_structure_only,0.8836689260085255,8.224418364673848,11.063985032540518,6,6,5,coverage_validated_cumulative_scores_uncalibrated,,unavailable,,0,0
2026-10-10,弥彦,5,052120261010,1791602520,1791602220,7,9,014210,和田圭,追,110.54,,,,,0.023089345287500306,0.008231665837976358,0.13385438340685366,0.17252333612720272,position_specialists,0.008231665837976358,False,,,S,0.416,0.541,0.07,0.18,-0.007426961453135931,-0.21915260817064733,0.024141549384161375,0.031798248283615445,0.00021629522817434967,,0,,,0,,cumulative_place,,,False,1.0,3.0,3.0,4,verified,winticket_line_prediction,provider_forecast_structure_only,0.8231665837976357,13.385438340685365,17.25233361272027,7,3,2,coverage_validated_cumulative_scores_uncalibrated,,unavailable,,0,0
2026-10-10,弥彦,5,052120261010,1791602520,1791602220,8,6,015449,橋本優己,逃,103.86,,,,,0.01966878636827518,0.00481662745281692,0.039437725789568334,0.04422893181178128,position_specialists,0.00481662745281692,False,,,S,0.304,0.304,0.19,0.06,-0.24034296284060358,0.05007833066705695,-0.044057135162919335,0.007442143215314263,0.00151406659722045,,0,,,0,,cumulative_place,,,False,4.0,1.0,2.0,4,verified,winticket_line_prediction,provider_forecast_structure_only,0.48166274528169195,3.9437725789568336,4.422893181178128,8,9,9,coverage_validated_cumulative_scores_uncalibrated,,unavailable,,0,0
2026-10-10,弥彦,5,052120261010,1791602520,1791602220,9,8,014140,神山拓弥,追,105.37,,,,,0.01190090720522987,0.0028550703948329132,0.05504789907992892,0.05867225480935843,position_specialists,0.0028550703948329132,False,,,S,0.208,0.25,0.13,0.09,-0.10966547032572053,-0.008125534273696092,-0.12609046931599607,-0.0351810406542128,0.002054804667656325,,0,,,0,,cumulative_place,,,False,2.0,2.0,2.0,4,verified,winticket_line_prediction,provider_forecast_structure_only,0.2855070394832913,5.504789907992892,5.867225480935843,9,8,8,coverage_validated_cumulative_scores_uncalibrated,,unavailable,,0,0
2026-10-10,富山,5,054620261010,1791603420,1791603120,1,3,015346,鈴木薫,逃,96.28,,,,,0.40135912020306813,0.5154890077420986,0.22824043671517652,0.16360124834952322,position_specialists,0.5154890077420986,False,,0.33387086335261873,A,0.7609999999999999,0.809,0.5,0.5,0.19424847182864366,-0.1908504007631946,0.15379163252040773,0.037081869080895315,0.0022543528769650755,,0,,,0,,cumulative_place,,,False,2.0,1.0,1.0,3,verified,winticket_line_prediction,provider_forecast_structure_only,51.54890077420986,22.824043671517654,16.360124834952323,1,2,2,coverage_validated_cumulative_scores_uncalibrated,,unavailable,,0,0
2026-10-10,富山,5,054620261010,1791603420,1791603120,2,7,013994,杉山悠也,追,94.75,,,,,0.17684266292473486,0.18161814438947985,0.20307691223258065,0.12298297125802764,position_specialists,0.18161814438947985,False,,,A,0.611,0.777,0.22,0.14,0.05506255894355247,0.16671453220180518,0.03802924485168685,-0.0657678432755502,0.00027831516999568843,,0,,,0,,cumulative_place,,,False,1.0,2.0,3.0,3,verified,winticket_line_prediction,provider_forecast_structure_only,18.161814438947985,20.307691223258065,12.298297125802764,2,3,5,coverage_validated_cumulative_scores_uncalibrated,,unavailable,,0,0
2026-10-10,富山,5,054620261010,1791603420,1791603120,3,1,015689,菊地圭,逃,94.04,,,,,0.11068520060229324,0.12791755266671168,0.08051810790195274,0.11782008720431664,position_specialists,0.12791755266671168,False,,,A,0.57,0.7140000000000001,0.19,0.17,0.022942732893146824,0.20812131008188856,0.010198338451084837,0.130136370736727,0.0010854291629831844,,0,,,0,,cumulative_place,,,False,1.0,1.0,3.0,3,verified,winticket_line_prediction,provider_forecast_structure_only,12.791755266671167,8.051810790195274,11.782008720431664,3,6,6,coverage_validated_cumulative_scores_uncalibrated,,unavailable,,0,0
2026-10-10,富山,5,054620261010,1791603420,1791603120,4,6,015446,林敬宏,逃,92.14,,,,,0.20650283783944362,0.0838621842496927,0.2375503264595284,0.246116204353659,position_specialists,0.0838621842496927,False,,,A,0.3329999999999999,0.6659999999999999,0.16,0.0,-0.12694978867541298,-0.07507819825991024,-0.1359370192425531,-0.0657678432755502,0.0028109832169564523,,0,,,0,,cumulative_place,,,False,3.0,2.0,3.0,3,verified,winticket_line_prediction,provider_forecast_structure_only,8.38621842496927,23.755032645952838,24.6116204353659,4,1,1,coverage_validated_cumulative_scores_uncalibrated,,unavailable,,0,0
2026-10-10,富山,5,054620261010,1791603420,1791603120,5,2,015821,志田愛希飛,逃,94.09,,,,,0.07480254560407619,0.07448665906323879,0.09728242557969004,0.13404211389783813,position_specialists,0.07448665906323879,False,,,A,0.545,0.636,0.28,0.13,-0.16977622340928716,0.28871888690246034,-0.0026831702423083803,0.09585313328457849,0.002838814733956021,,0,,,0,,cumulative_place,,,False,3.0,1.0,3.0,3,verified,winticket_line_prediction,provider_forecast_structure_only,7.448665906323878,9.728242557969004,13.404211389783812,5,4,3,coverage_validated_cumulative_scores_uncalibrated,,unavailable,,0,0
2026-10-10,富山,5,054620261010,1791603420,1791603120,6,4,013993,佐藤朋也,追,92.15,,,,,0.016655444823587117,0.009669021015481833,0.09373782090709583,0.08484919574749776,position_specialists,0.009669021015481833,False,,,A,0.526,0.684,0.11,0.17,0.04435595026008395,-0.07106202500213427,0.009724163840585415,-0.0657678432755502,0.000862777026986634,,0,,,0,,cumulative_place,,,False,1.0,3.0,3.0,3,verified,winticket_line_prediction,provider_forecast_structure_only,0.9669021015481832,9.373782090709582,8.484919574749776,6,5,7,coverage_validated_cumulative_scores_uncalibrated,,unavailable,,0,0
2026-10-10,富山,5,054620261010,1791603420,1791603120,7,5,013959,鷲田佳史,追,93.08,,,,,0.013152188002796824,0.006957430873296573,0.05959397020397583,0.13058817918913765,position_specialists,0.006957430873296573,False,,,A,0.3329999999999999,0.583,0.0,0.18,-0.019883701840727436,-0.08449495447222957,-0.07312319017890333,-0.0657678432755502,0.0022265213599655066,,0,,,0,,cumulative_place,,,False,3.0,3.0,3.0,3,verified,winticket_line_prediction,provider_forecast_structure_only,0.6957430873296573,5.959397020397583,13.058817918913764,7,7,4,coverage_validated_cumulative_scores_uncalibrated,,unavailable,,0,0
2026-10-10,弥彦,6,062120261010,1791604320,1791604020,1,7,014417,山田庸平,両,111.71,,,,,0.3429771659947867,0.5585999789306866,0.24261751680062643,0.14644421141789546,position_specialists,0.5585999789306866,False,,0.34574464995528353,A,0.478,0.565,0.14,0.16,0.27695441203878424,0.3704686586621243,0.22623807592740172,-0.06385215507361572,0.003161657848782542,,0,,,0,,cumulative_place,,,False,2.0,2.0,2.0,5,verified,winticket_line_prediction,provider_forecast_structure_only,55.85999789306866,24.261751680062645,14.644421141789548,1,1,2,coverage_validated_cumulative_scores_uncalibrated,,unavailable,,0,0
2026-10-10,弥彦,6,062120261010,1791604320,1791604020,2,5,015009,清水裕友,両,114.46,,,,,0.2706579867799054,0.21285532897540302,0.1507535767031365,0.12527881812429678,position_specialists,0.21285532897540302,False,,,A,0.466,0.5329999999999999,0.2,0.14,0.0067804549676788225,0.2209049375020603,-0.07946333440033018,-0.06385215507361572,0.002598194073751989,,0,,,0,,cumulative_place,,,False,1.0,2.0,2.0,5,verified,winticket_line_prediction,provider_forecast_structure_only,21.285532897540303,15.07535767031365,12.52788181242968,2,2,3,coverage_validated_cumulative_scores_uncalibrated,,unavailable,,0,0
2026-10-10,弥彦,6,062120261010,1791604320,1791604020,3,2,015475,伊藤旭,両,109.93,,,,,0.090772965674259,0.06170171302143926,0.11555222861783694,0.20429499641477938,position_specialists,0.06170171302143926,False,,,A,0.322,0.5479999999999999,0.09,0.27,-0.08677865783096568,-0.1475072436801594,0.15629817265468798,0.11338233143913072,0.0013460523514618743,,0,,,0,,cumulative_place,,,False,2.0,1.0,2.0,5,verified,winticket_line_prediction,provider_forecast_structure_only,6.170171302143926,11.555222861783694,20.429499641477943,3,3,1,coverage_validated_cumulative_scores_uncalibrated,,unavailable,,0,0
2026-10-10,弥彦,6,062120261010,1791604320,1791604020,4,3,015094,佐々木龍,追,111.3,,,,,0.07986337501063882,0.05515005731286205,0.11391137564098557,0.10315184542573272,position_specialists,0.05515005731286205,False,,,A,0.307,0.461,0.23,0.14,0.029615924527354325,0.08795940758200331,0.006456852290648678,-0.06385215507361572,0.0021912480140077024,,0,,,0,,cumulative_place,,,False,3.0,2.0,2.0,5,verified,winticket_line_prediction,provider_forecast_structure_only,5.515005731286205,11.391137564098557,10.315184542573274,4,4,5,coverage_validated_cumulative_scores_uncalibrated,,unavailable,,0,0
2026-10-10,弥彦,6,062120261010,1791604320,1791604020,5,1,015645,室井蓮太朗,両,109.06,,,,,0.07900288123700609,0.0431691636174069,0.10728247061860036,0.10552487030513119,position_specialists,0.0431691636174069,False,,,A,0.351,0.352,0.2,0.1,-0.2571303260735221,0.18485658111998293,-0.11744267083651369,0.15097752554789512,0.0017529984112061624,,0,,,0,,cumulative_place,,,False,1.0,1.0,2.0,5,verified,winticket_line_prediction,provider_forecast_structure_only,4.31691636174069,10.728247061860035,10.55248703051312,5,5,4,coverage_validated_cumulative_scores_uncalibrated,,unavailable,,0,0
2026-10-10,弥彦,6,062120261010,1791604320,1791604020,6,4,015261,松井宏佑,逃,107.73,,,,,0.05324010209410086,0.033722558050248035,0.10557811387037416,0.10084110625119812,position_specialists,0.033722558050248035,False,,,A,0.266,0.5,0.1,0.15,-0.059702982976366704,-0.014561713760102448,0.09030101360093275,0.03282120120606416,0.00021912480140077087,,0,,,0,,cumulative_place,,,False,3.0,1.0,2.0,5,verified,winticket_line_prediction,provider_forecast_structure_only,3.3722558050248033,10.557811387037416,10.084110625119813,6,6,6,coverage_validated_cumulative_scores_uncalibrated,,unavailable,,0,0
2026-10-10,弥彦,6,062120261010,1791604320,1791604020,7,6,015334,朝倉智仁,逃,102.45,,,,,0.03817509230069935,0.017043061282416467,0.04589890023517156,0.05830773999184736,position_specialists,0.017043061282416467,False,,,A,0.32,0.56,0.1,0.13,0.06841411864679436,0.03529285995991891,-0.03754125374518813,-0.06385215507361572,0.00021912480140077087,,0,,,0,,cumulative_place,,,False,4.0,1.0,2.0,5,verified,winticket_line_prediction,provider_forecast_structure_only,1.7043061282416467,4.589890023517156,5.8307739991847365,7,8,9,coverage_validated_cumulative_scores_uncalibrated,,unavailable,,0,0
2026-10-10,弥彦,6,062120261010,1791604320,1791604020,8,9,013673,大槻寛徳,追,109.66,,,,,0.02487692765819044,0.010056774457106284,0.07664411224925739,0.08689803489364975,position_specialists,0.010056774457106284,False,,,A,0.284,0.5710000000000001,0.25,0.17,-0.04727376282903841,-0.061604313578060774,-0.16538352109130902,-0.06385215507361572,0.003036443676553531,,0,,,0,,cumulative_place,,,False,4.0,2.0,2.0,5,verified,winticket_line_prediction,provider_forecast_structure_only,1.0056774457106283,7.66441122492574,8.689803489364976,8,7,7,coverage_validated_cumulative_scores_uncalibrated,,unavailable,,0,0
2026-10-10,弥彦,6,062120261010,1791604320,1791604020,9,8,014886,山本伸一,両,104.85,,,,,0.020433503250413244,0.00770136435243141,0.0417617052640111,0.0692583771754692,position_specialists,0.00770136435243141,False,,,A,0.304,0.478,0.07,0.0,0.06912081952928154,-0.2439434833066749,-0.07946333440033018,0.022079717174988623,0.0005008566889160464,,0,,,0,,cumulative_place,,,False,5.0,1.0,1.0,5,verified,winticket_line_prediction,provider_forecast_structure_only,0.770136435243141,4.17617052640111,6.925837717546921,9,9,8,coverage_validated_cumulative_scores_uncalibrated,,unavailable,,0,0
2026-10-10,富山,6,064620261010,1791605160,1791604860,1,1,015144,鈴木奈央,両,56.95,,,,,0.7763008513075415,0.8841377913725122,0.6177731379541943,0.6735111876071963,position_specialists,0.8841377913725121,False,,0.7835264859375478,S,0.713,0.952,0.0,0.0,0.18800303847701572,-0.03157423704635027,0.31135155435875655,0.19595917942265428,0.0035539386836318113,,0,,,0,,cumulative_place,,,False,1.0,1.0,1.0,7,verified,winticket_line_prediction,provider_forecast_structure_only,88.41377913725123,61.77731379541943,67.35111876071963,1,1,1,coverage_validated_cumulative_scores_uncalibrated,,unavailable,,0,0
2026-10-10,富山,6,064620261010,1791605160,1791604860,2,5,015020,奥井迪,逃,54.18,,,,,0.1836021958364538,0.10061130543496434,0.15087269672572395,0.06544768699344893,position_specialists,0.10061130543496433,False,,,S,0.25,0.687,0.0,0.0,0.11017382362362747,-0.03157423704635027,0.0704397579113819,-0.032659863237109045,0.0026492997459800775,,0,,,0,,cumulative_place,,,False,4.0,1.0,1.0,7,verified,winticket_line_prediction,provider_forecast_structure_only,10.061130543496434,15.087269672572395,6.544768699344893,2,2,4,coverage_validated_cumulative_scores_uncalibrated,,unavailable,,0,0
2026-10-10,富山,6,064620261010,1791605160,1791604860,3,4,015490,杉浦菜留,両,52.25,,,,,0.02665373382860312,0.011495683440616708,0.11383634479904303,0.07618579556305106,position_specialists,0.011495683440616706,False,,,S,0.295,0.555,0.0,0.0,0.03941999193872909,-0.03157423704635027,0.02670067635678676,-0.032659863237109045,0.0005169365358009909,,0,,,0,,cumulative_place,,,False,5.0,1.0,1.0,7,verified,winticket_line_prediction,provider_forecast_structure_only,1.1495683440616709,11.383634479904304,7.618579556305106,3,3,3,coverage_validated_cumulative_scores_uncalibrated,,unavailable,,0,0
2026-10-10,富山,6,064620261010,1791605160,1791604860,4,7,015957,成海綾香,両,50.11,,,,,0.005192288833622545,0.001522045047538068,0.05356416283342968,0.08295013364064492,position_specialists,0.0015220450475380677,False,,,S,0.0579999999999999,0.235,0.0,0.0,-0.010107690240699796,-0.03157423704635027,-0.15887047815396738,-0.032659863237109045,0.0014215754734527247,,0,,,0,,cumulative_place,,,False,7.0,1.0,1.0,7,verified,winticket_line_prediction,provider_forecast_structure_only,0.15220450475380679,5.356416283342968,8.295013364064491,4,4,2,coverage_validated_cumulative_scores_uncalibrated,,unavailable,,0,0
2026-10-10,富山,6,064620261010,1791605160,1791604860,5,6,015397,新井美菜,追,47.44,,,,,0.004025691945897544,0.001207351504988165,0.020856117354975355,0.041761739900259165,position_specialists,0.0012073515049881647,False,,,S,0.055,0.166,0.0,0.0,-0.087936905094088,-0.03157423704635027,-0.03328058973264393,-0.032659863237109045,0.0014215754734527247,,0,,,0,,cumulative_place,,,False,6.0,1.0,1.0,7,verified,winticket_line_prediction,provider_forecast_structure_only,0.1207351504988165,2.0856117354975354,4.176173990025917,5,6,5,coverage_validated_cumulative_scores_uncalibrated,,unavailable,,0,0
2026-10-10,富山,6,064620261010,1791605160,1791604860,6,2,016037,森この芽,両,45.14,,,,,0.002189315089771475,0.0005375177955893539,0.025587346403977123,0.02983730516634381,position_specialists,0.0005375177955893538,False,,,S,0.047,0.047,0.0,0.0,-0.1586907367789864,-0.03157423704635027,-0.05747044258634659,-0.032659863237109045,0.0014215754734527247,,0,,,0,,cumulative_place,,,False,2.0,1.0,1.0,7,verified,winticket_line_prediction,provider_forecast_structure_only,0.05375177955893539,2.5587346403977125,2.983730516634381,6,5,7,coverage_validated_cumulative_scores_uncalibrated,,unavailable,,0,0
2026-10-10,富山,6,064620261010,1791605160,1791604860,7,3,015075,溝口香奈,追,46.66,,,,,0.002035923158110044,0.0004883054037912194,0.017510193928656458,0.030306151129055884,position_specialists,0.0004883054037912193,False,,,S,0.066,0.066,0.0,0.0,-0.08086152192559817,-0.03157423704635027,-0.15887047815396738,-0.032659863237109045,0.0014215754734527247,,0,,,0,,cumulative_place,,,False,3.0,1.0,1.0,7,verified,winticket_line_prediction,provider_forecast_structure_only,0.04883054037912194,1.7510193928656457,3.0306151129055885,7,7,6,coverage_validated_cumulative_scores_uncalibrated,,unavailable,,0,0
2026-10-10,弥彦,7,072120261010,1791606120,1791605820,1,3,014377,岩本俊介,両,112.93,,,,,0.39489291197839627,0.4603927185486195,0.2875607479821709,0.15324895884280332,position_specialists,0.4603927185486195,False,,0.22269283206088084,A,0.6,0.733,0.09,0.09,0.2614570071838153,0.2428123633124347,0.02742482936799728,-0.08363333975829068,0.0004093156080773216,,0,,,0,,cumulative_place,,,False,3.0,1.0,3.0,4,verified,winticket_line_prediction,provider_forecast_structure_only,46.03927185486195,28.756074798217092,15.324895884280334,1,1,2,coverage_validated_cumulative_scores_uncalibrated,,unavailable,,0,0
2026-10-10,弥彦,7,072120261010,1791606120,1791605820,2,5,015439,佐々木眞也,両,110.8,,,,,0.22645406788358624,0.23769988648773868,0.2028778081045141,0.12378517698877069,position_specialists,0.23769988648773868,False,,,A,0.4539999999999999,0.5,0.26,0.06,0.11636376752713913,0.27458976903723714,0.06355557884901897,-0.014635834457700883,0.0007163023141353124,,0,,,0,,cumulative_place,,,False,3.0,2.0,3.0,4,verified,winticket_line_prediction,provider_forecast_structure_only,23.769988648773868,20.287780810451412,12.37851769887707,2,2,3,coverage_validated_cumulative_scores_uncalibrated,,unavailable,,0,0
2026-10-10,弥彦,7,072120261010,1791606120,1791605820,3,9,014484,河端朋之,逃,109.9,,,,,0.12475345411041472,0.15920220591514025,0.12204849998925531,0.11625873963286859,position_specialists,0.15920220591514025,False,,,A,0.41,0.5,0.13,0.1,-0.03917363863570375,0.09658837003146112,0.34433277579013716,0.13590417710722233,0.002558222550483255,,0,,,0,,cumulative_place,,,False,1.0,1.0,2.0,4,verified,winticket_line_prediction,provider_forecast_structure_only,15.920220591514026,12.20484999892553,11.62587396328686,3,3,4,coverage_validated_cumulative_scores_uncalibrated,,unavailable,,0,0
2026-10-10,弥彦,7,072120261010,1791606120,1791605820,4,1,013963,柏野智典,追,108.32,,,,,0.0597508622939567,0.045629679594187296,0.07841107745274067,0.07518150838017658,position_specialists,0.045629679594187296,False,,,A,0.3329999999999999,0.466,0.14,0.18,0.057820692244308934,0.08658749196169971,0.06355557884901897,0.01672666795165812,0.00010232890201933082,,0,,,0,,cumulative_place,,,False,1.0,2.0,2.0,4,verified,winticket_line_prediction,provider_forecast_structure_only,4.56296795941873,7.841107745274067,7.518150838017659,4,6,7,coverage_validated_cumulative_scores_uncalibrated,,unavailable,,0,0
2026-10-10,弥彦,7,072120261010,1791606120,1791605820,5,2,013791,村上博幸,追,110.0,,,,,0.06090290941351515,0.04303710174578486,0.08396049037653146,0.09966150295865012,position_specialists,0.04303710174578486,False,,,A,0.312,0.437,0.11,0.11,-0.06414404792825387,0.2119223433453913,-0.12254071068578698,0.12335917614347874,0.0019442491383672737,,0,,,0,,cumulative_place,,,False,2.0,2.0,2.0,4,verified,winticket_line_prediction,provider_forecast_structure_only,4.303710174578486,8.396049037653146,9.966150295865013,5,5,5,coverage_validated_cumulative_scores_uncalibrated,,unavailable,,0,0
2026-10-10,弥彦,7,072120261010,1791606120,1791605820,6,7,014935,嶋津拓弥,追,111.33,,,,,0.048773631973885026,0.02361576065385405,0.10080031133230251,0.2715448619627392,position_specialists,0.02361576065385405,False,,,A,0.3329999999999999,0.416,0.11,0.27,0.08582778133532479,-0.2272820679521848,-0.15975996859274816,0.029271668915401717,0.0010232890201933023,,0,,,0,,cumulative_place,,,False,3.0,3.0,3.0,4,verified,winticket_line_prediction,provider_forecast_structure_only,2.361576065385405,10.080031133230252,27.154486196273922,6,4,1,coverage_validated_cumulative_scores_uncalibrated,,unavailable,,0,0
2026-10-10,弥彦,7,072120261010,1791606120,1791605820,7,4,014554,山形一気,追,107.5,,,,,0.02796893602995332,0.01261248952269299,0.060990496706889386,0.07899893698924333,position_specialists,0.01261248952269299,False,,,A,0.23,0.423,0.18,0.23,-0.0026738188812821806,-0.08052564321655578,-0.08532145277882579,-0.03972583638518808,0.003888498276734546,,0,,,0,,cumulative_place,,,False,4.0,2.0,2.0,4,verified,winticket_line_prediction,provider_forecast_structure_only,1.2612489522692991,6.099049670688938,7.899893698924334,7,7,6,coverage_validated_cumulative_scores_uncalibrated,,unavailable,,0,0
2026-10-10,弥彦,7,072120261010,1791606120,1791605820,8,6,015629,岸田剛,逃,101.64,,,,,0.02998983368951304,0.011363052929801172,0.03231370952752806,0.04103756811669103,position_specialists,0.011363052929801172,False,,,A,0.2689999999999999,0.423,0.16,0.09,-0.23442674894612855,0.033920944339615317,0.05163931043254509,-0.08363333975829068,0.00010232890201933082,,0,,,0,,cumulative_place,,,False,2.0,1.0,2.0,4,verified,winticket_line_prediction,provider_forecast_structure_only,1.1363052929801172,3.231370952752806,4.103756811669104,8,8,8,coverage_validated_cumulative_scores_uncalibrated,,unavailable,,0,0
2026-10-10,弥彦,7,072120261010,1791606120,1791605820,9,8,015647,真鍋智寛,逃,102.92,,,,,0.0265133926267796,0.006447104602181155,0.03103685852806758,0.04028274612805712,position_specialists,0.006447104602181155,False,,,A,0.2,0.4,0.16,0.22,-0.18105099389921966,-0.15408133273592212,-0.18288594123135649,-0.08363333975829068,0.0029675381585605744,,0,,,0,,cumulative_place,,,False,4.0,1.0,2.0,4,verified,winticket_line_prediction,provider_forecast_structure_only,0.6447104602181155,3.103685852806758,4.028274612805713,9,9,9,coverage_validated_cumulative_scores_uncalibrated,,unavailable,,0,0
2026-10-10,富山,7,074620261010,1791606540,1791606240,1,6,015947,北岡マリア,両,56.14,,,,,0.8467924105170115,0.912405313736992,0.4659099021946839,0.5308769170412726,position_specialists,0.912405313736992,False,,0.8345178861517546,S,0.6659999999999999,0.7140000000000001,0.0,0.0,0.19759747665805127,-0.03157423704635027,0.31374799716846413,0.17258219892160193,0.0047580988030314466,,0,,,0,,cumulative_place,,,False,4.0,1.0,1.0,7,verified,winticket_line_prediction,provider_forecast_structure_only,91.2405313736992,46.5909902194684,53.08769170412726,1,1,1,coverage_validated_cumulative_scores_uncalibrated,,unavailable,,0,0
2026-10-10,富山,7,074620261010,1791606540,1791606240,2,1,015863,磯村光舞,両,53.84,,,,,0.121769277876782,0.07788742758523742,0.15671990290479382,0.0684806135293511,position_specialists,0.07788742758523742,False,,,S,0.36,0.64,0.0,0.0,0.12805199604655837,-0.03157423704635027,0.13774534707019842,0.06275716324421889,0.00024358867592311168,,0,,,0,,cumulative_place,,,False,1.0,1.0,1.0,7,verified,winticket_line_prediction,provider_forecast_structure_only,7.7887427585237425,15.671990290479384,6.84806135293511,2,2,4,coverage_validated_cumulative_scores_uncalibrated,,unavailable,,0,0
2026-10-10,富山,7,074620261010,1791606540,1791606240,3,5,016042,露谷菜々花,両,48.85,,,,,0.01259214004739166,0.004787182273565712,0.14217282510913648,0.13334500786789394,position_specialists,0.004787182273565712,False,,,S,0.2,0.3,0.0,0.0,-0.04194806767042428,-0.03157423704635027,0.10389116009063937,-0.04706787243316416,1.623924506154081e-05,,0,,,0,,cumulative_place,,,False,6.0,1.0,1.0,7,verified,winticket_line_prediction,provider_forecast_structure_only,0.47871822735657116,14.21728251091365,13.334500786789395,3,3,2,coverage_validated_cumulative_scores_uncalibrated,,unavailable,,0,0
2026-10-10,富山,7,074620261010,1791606540,1791606240,4,3,015573,蛯原杏奈,追,50.5,,,,,0.00804034712247156,0.0024457329763785123,0.11788480852531176,0.1262657190604645,position_specialists,0.0024457329763785123,False,,,S,0.111,0.3879999999999999,0.0,0.0,0.019870137317569397,-0.03157423704635027,-0.12354638089929129,-0.04706787243316416,0.0006982875376462532,,0,,,0,,cumulative_place,,,False,3.0,1.0,1.0,7,verified,winticket_line_prediction,provider_forecast_structure_only,0.24457329763785124,11.788480852531178,12.626571906046449,4,4,3,coverage_validated_cumulative_scores_uncalibrated,,unavailable,,0,0
2026-10-10,富山,7,074620261010,1791606540,1791606240,5,4,015951,今西瑠花,両,47.06,,,,,0.005131708855377127,0.0012617014151090756,0.05361988796597874,0.055780720220804686,position_specialists,0.0012617014151090756,False,,,S,0.133,0.133,0.0,0.0,-0.0883117214114195,-0.03157423704635027,-0.09511668827554995,-0.04706787243316416,0.0012666611148001803,,0,,,0,,cumulative_place,,,False,5.0,1.0,1.0,7,verified,winticket_line_prediction,provider_forecast_structure_only,0.12617014151090755,5.361988796597875,5.578072022080469,5,5,5,coverage_validated_cumulative_scores_uncalibrated,,unavailable,,0,0
2026-10-10,富山,7,074620261010,1791606540,1791606240,6,2,015140,鈴木彩夏,追,46.87,,,,,0.0031508747774387697,0.0006621461248860213,0.03960784180159569,0.04646631342485593,position_specialists,0.0006621461248860213,False,,,S,0.0,0.083,0.0,0.0,-0.11149354828191721,-0.03157423704635027,-0.18257556388910104,-0.04706787243316416,0.0012666611148001803,,0,,,0,,cumulative_place,,,False,2.0,1.0,1.0,7,verified,winticket_line_prediction,provider_forecast_structure_only,0.06621461248860212,3.9607841801595693,4.646631342485593,6,6,6,coverage_validated_cumulative_scores_uncalibrated,,unavailable,,0,0
2026-10-10,富山,7,074620261010,1791606540,1791606240,7,7,015775,羽田野愛花,追,46.53,,,,,0.0025232408035273683,0.0005504958878313301,0.024084831498499517,0.038784708855357265,position_specialists,0.0005504958878313301,False,,,S,0.0,0.066,0.0,0.0,-0.10376627265841795,-0.03157423704635027,-0.15414587126535972,-0.04706787243316416,0.0012666611148001803,,0,,,0,,cumulative_place,,,False,7.0,1.0,1.0,7,verified,winticket_line_prediction,provider_forecast_structure_only,0.055049588783133006,2.408483149849952,3.8784708855357266,7,7,7,coverage_validated_cumulative_scores_uncalibrated,,unavailable,,0,0
2026-10-10,富山,8,084620261010,1791607920,1791607620,1,7,015438,佐々木和紀,追,102.91,,,,,0.2731264514158798,0.37787386779014337,0.14528936361944578,0.06857230341416409,position_specialists,0.3778738677901435,False,,0.16399819750632383,B,0.4579999999999999,0.541,0.17,0.17,0.2308306398919595,-0.023361259282821633,0.1673793161193026,-0.08610567718228916,0.002675974432022692,,0,,,0,,cumulative_place,,,False,3.0,2.0,2.0,4,verified,winticket_line_prediction,provider_forecast_structure_only,37.787386779014334,14.528936361944577,6.85723034141641,1,3,6,coverage_validated_cumulative_scores_uncalibrated,,unavailable,,0,0
2026-10-10,富山,8,084620261010,1791607920,1791607620,2,3,015441,鈴木陸来,逃,102.52,,,,,0.23081247609767,0.2138756702838196,0.13049454071624894,0.062475761592087294,position_specialists,0.21387567028381965,False,,,B,0.208,0.416,0.17,0.09,-0.0012655188590567914,0.007672187104182287,-0.019772463219287696,-0.014669856112538156,0.000250872603002127,,0,,,0,,cumulative_place,,,False,3.0,1.0,2.0,4,verified,winticket_line_prediction,provider_forecast_structure_only,21.38756702838196,13.049454071624893,6.24757615920873,2,5,7,coverage_validated_cumulative_scores_uncalibrated,,unavailable,,0,0
2026-10-10,富山,8,084620261010,1791607920,1791607620,3,1,015733,都築巧,両,97.52,,,,,0.14265688702488133,0.17775416553309648,0.10636074730863793,0.19379340497529562,position_specialists,0.1777541655330965,False,,,B,0.28,0.36,0.25,0.05,-0.03670004691264709,0.436753202103911,0.01496662101279373,0.15945495774497995,0.0031777196380269445,,0,,,0,,cumulative_place,,,False,1.0,2.0,2.0,4,verified,winticket_line_prediction,provider_forecast_structure_only,17.775416553309647,10.636074730863793,19.379340497529565,3,7,2,coverage_validated_cumulative_scores_uncalibrated,,unavailable,,0,0
2026-10-10,富山,8,084620261010,1791607920,1791607620,4,4,015546,山根将太,逃,98.3,,,,,0.12944273344507684,0.09078444493680955,0.18005399312868786,0.17635197383404455,position_specialists,0.09078444493680957,False,,,B,0.26,0.391,0.12,0.15,0.007593113154340748,0.007672187104182287,-0.013318831326852021,-0.08610567718228916,0.0015052356180127644,,0,,,0,,cumulative_place,,,False,1.0,1.0,2.0,4,verified,winticket_line_prediction,provider_forecast_structure_only,9.078444493680955,18.005399312868786,17.63519738340446,4,1,3,coverage_validated_cumulative_scores_uncalibrated,,unavailable,,0,0
2026-10-10,富山,8,084620261010,1791607920,1791607620,5,5,014309,水谷好宏,両,96.87,,,,,0.07497017594951669,0.05788636090414239,0.16877543716345852,0.15688649565984847,position_specialists,0.057886360904142405,False,,,B,0.24,0.32,0.05,0.1,-0.008352424469774824,0.10212450291356,-0.012769736933540225,0.0612307037740723,0.0009198662110078012,,0,,,0,,cumulative_place,,,False,2.0,2.0,2.0,4,verified,winticket_line_prediction,provider_forecast_structure_only,5.788636090414239,16.87754371634585,15.688649565984848,5,2,4,coverage_validated_cumulative_scores_uncalibrated,,unavailable,,0,0
2026-10-10,富山,8,084620261010,1791607920,1791607620,6,2,014606,稲毛健太,逃,98.89,,,,,0.08061031698026494,0.05485627302514011,0.14484921537015513,0.1979090978610745,position_specialists,0.05485627302514012,False,,,B,0.21,0.421,0.2,0.16,-0.008352424469774824,0.007672187104182287,-0.07524517911195562,-0.0191345949293976,0.0009198662110078012,,0,,,0,,cumulative_place,,,False,2.0,1.0,2.0,4,verified,winticket_line_prediction,provider_forecast_structure_only,5.485627302514011,14.484921537015513,19.790909786107452,6,4,1,coverage_validated_cumulative_scores_uncalibrated,,unavailable,,0,0
2026-10-10,富山,8,084620261010,1791607920,1791607620,7,6,015416,小笠原光,両,96.46,,,,,0.06838095908671035,0.026969217526848364,0.1241767026933658,0.14401096266348537,position_specialists,0.02696921752684837,False,,,B,0.192,0.307,0.06,0.06,-0.1837533383350468,-0.2227906365836938,-0.061239726540460684,-0.014669856112538156,0.00259235023102198,,0,,,0,,cumulative_place,,,False,4.0,1.0,1.0,4,verified,winticket_line_prediction,provider_forecast_structure_only,2.6969217526848364,12.417670269336579,14.401096266348539,7,6,5,coverage_validated_cumulative_scores_uncalibrated,,unavailable,,0,0
2026-10-10,弥彦,8,082120261010,1791608340,1791608040,1,9,015553,犬伏湧也,逃,120.84,,,,,0.5890243663954706,0.6709545559664989,0.21087240908011087,0.17698991881866824,position_specialists,0.6709545559664989,False,,0.4113558667506318,S,0.65,0.8,0.17,0.12,0.11628059082954895,0.21207962726887253,0.13347336064705734,0.1584236068762679,0.001267915607644845,,0,,,0,,cumulative_place,,,False,3.0,1.0,3.0,3,verified,winticket_line_prediction,provider_forecast_structure_only,67.09545559664988,21.087240908011086,17.698991881866828,1,2,2,coverage_validated_cumulative_scores_uncalibrated,,unavailable,,0,0
2026-10-10,弥彦,8,082120261010,1791608340,1791608040,2,5,014681,松浦悠士,両,115.23,,,,,0.2389387124049427,0.2595986892158671,0.38624622642184603,0.13526775420207385,position_specialists,0.2595986892158671,False,,,S,0.6659999999999999,0.6659999999999999,0.12,0.11,0.05228201880852773,0.405520339873542,0.22434989124232135,0.07525121326622725,0.0049985134532152505,,0,,,0,,cumulative_place,,,False,3.0,2.0,3.0,3,verified,winticket_line_prediction,provider_forecast_structure_only,25.95986892158671,38.624622642184605,13.526775420207386,2,1,3,coverage_validated_cumulative_scores_uncalibrated,,unavailable,,0,0
2026-10-10,弥彦,8,082120261010,1791608340,1791608040,3,1,014002,渡部幸訓,追,114.72,,,,,0.05914593567893146,0.031568447013675865,0.108134640964188,0.09624413570618312,position_specialists,0.031568447013675865,False,,,S,0.5,0.772,0.25,0.22,0.18847946941227794,0.09148566414315991,-0.0011981095076097417,-0.13862065601673443,0.00048765984909417023,,0,,,0,,cumulative_place,,,False,2.0,2.0,3.0,3,verified,winticket_line_prediction,provider_forecast_structure_only,3.1568447013675867,10.8134640964188,9.624413570618314,3,3,5,coverage_validated_cumulative_scores_uncalibrated,,unavailable,,0,0
2026-10-10,弥彦,8,082120261010,1791608340,1791608040,4,4,014545,岡崎智哉,両,107.46,,,,,0.03960772690105214,0.014311745722740197,0.04143892129378155,0.05829954930578094,position_specialists,0.014311745722740197,False,,,S,0.37,0.481,0.28,0.13,0.023225865678574306,0.08065688222142262,-0.03945737188053566,-0.0732709181802739,0.0018043414416484313,,0,,,0,,cumulative_place,,,False,1.0,2.0,3.0,3,verified,winticket_line_prediction,provider_forecast_structure_only,1.4311745722740197,4.143892129378155,5.829954930578095,4,6,8,coverage_validated_cumulative_scores_uncalibrated,,unavailable,,0,0
2026-10-10,弥彦,8,082120261010,1791608340,1791608040,5,3,015272,中釜章成,逃,109.69,,,,,0.021552594604308268,0.007905658166731456,0.049494821479043334,0.12712136301529758,position_specialists,0.007905658166731456,False,,,S,0.23,0.423,0.13,0.17,-0.05024593674553467,0.04964789844281283,-0.07633271495684232,0.009901475429766741,0.0011460006453713006,,0,,,0,,cumulative_place,,,False,1.0,1.0,3.0,3,verified,winticket_line_prediction,provider_forecast_structure_only,0.7905658166731456,4.949482147904334,12.71213630152976,5,5,4,coverage_validated_cumulative_scores_uncalibrated,,unavailable,,0,0
2026-10-10,弥彦,8,082120261010,1791608340,1791608040,6,6,015696,荒川達郎,逃,104.04,,,,,0.017853618978642505,0.0058226801368582385,0.03685589927359496,0.042993564561271305,position_specialists,0.0058226801368582385,False,,,S,0.434,0.608,0.14,0.12,-0.03740280890118757,0.01716155267760088,0.009440691658644529,-0.04356649189097367,0.0009265537132789242,,0,,,0,,cumulative_place,,,False,2.0,1.0,3.0,3,verified,winticket_line_prediction,provider_forecast_structure_only,0.5822680136858238,3.6855899273594956,4.299356456127131,6,8,9,coverage_validated_cumulative_scores_uncalibrated,,unavailable,,0,0
2026-10-10,弥彦,8,082120261010,1791608340,1791608040,7,2,013880,岩津裕介,追,111.3,,,,,0.015075635378285612,0.005342374974474926,0.09698920875558187,0.19706123898347805,position_specialists,0.005342374974474926,False,,,S,0.433,0.5660000000000001,0.16,0.16,-0.11402744156584177,-0.11248835798592642,0.03968480705632143,0.009901475429766741,0.0009265537132789242,,0,,,0,,cumulative_place,,,False,3.0,3.0,3.0,3,verified,winticket_line_prediction,provider_forecast_structure_only,0.5342374974474926,9.698920875558187,19.70612389834781,7,4,1,coverage_validated_cumulative_scores_uncalibrated,,unavailable,,0,0
2026-10-10,弥彦,8,082120261010,1791608340,1791608040,8,8,014996,岡本総,追,106.47,,,,,0.009615625611948642,0.002384092027096416,0.029968369433676433,0.09333763306141707,position_specialists,0.002384092027096416,False,,,S,0.304,0.391,0.06,0.25,-0.05024593674553467,-0.16663226759461303,-0.11859955081739276,0.009901475429766741,0.0015848945095560548,,0,,,0,,cumulative_place,,,False,1.0,3.0,3.0,3,verified,winticket_line_prediction,provider_forecast_structure_only,0.23840920270964158,2.996836943367643,9.333763306141709,8,9,6,coverage_validated_cumulative_scores_uncalibrated,,unavailable,,0,0
2026-10-10,弥彦,8,082120261010,1791608340,1791608040,9,7,013904,佐藤友和,両,109.46,,,,,0.00918578404641804,0.0021117567760569737,0.039999503298176975,0.07268484234582975,position_specialists,0.0021117567760569737,False,,,S,0.312,0.437,0.05,0.05,-0.12834582077083045,-0.16663226759461303,-0.17136100344196414,-0.007921180343813396,0.0006095748113677137,,0,,,0,,cumulative_place,,,False,2.0,3.0,3.0,3,verified,winticket_line_prediction,provider_forecast_structure_only,0.21117567760569736,3.9999503298176977,7.268484234582976,9,7,7,coverage_validated_cumulative_scores_uncalibrated,,unavailable,,0,0
2026-10-10,富山,9,094620261010,1791609600,1791609300,1,1,014168,高橋和也,両,102.31,,,,,0.47532797305005814,0.6444913028333524,0.17110230893857237,0.18113128087219052,position_specialists,0.6444913028333524,False,,0.43632906087932777,S,0.4479999999999999,0.551,0.14,0.12,0.22265678632658512,0.008902009414550537,0.2955957448453052,-0.032659863237109045,0.0020662483857440783,,0,,,0,,cumulative_place,,,False,1.0,1.0,3.0,3,verified,winticket_line_prediction,provider_forecast_structure_only,64.44913028333524,17.110230893857235,18.113128087219057,1,2,1,coverage_validated_cumulative_scores_uncalibrated,,unavailable,,0,0
2026-10-10,富山,9,094620261010,1791609600,1791609300,2,4,014248,吉川起也,両,98.3,,,,,0.2689234248944137,0.2081622419540247,0.34078232594293645,0.16812313356158168,position_specialists,0.2081622419540247,False,,,S,0.192,0.307,0.18,0.1,0.038306543884143694,0.29958412795903183,-0.028056615125529184,-0.032659863237109045,0.0020662483857440783,,0,,,0,,cumulative_place,,,False,1.0,2.0,3.0,3,verified,winticket_line_prediction,provider_forecast_structure_only,20.81622419540247,34.078232594293645,16.81231335615817,2,1,2,coverage_validated_cumulative_scores_uncalibrated,,unavailable,,0,0
2026-10-10,富山,9,094620261010,1791609600,1791609300,3,7,015340,幸田望夢,逃,97.03,,,,,0.07757546901634053,0.05335769673341355,0.11870711349614785,0.13710024030088383,position_specialists,0.05335769673341355,False,,,S,0.192,0.307,0.11,0.11,0.021547430934830743,-0.09690171953384832,0.05490347889640064,0.19595917942265428,0.000724999433594414,,0,,,0,,cumulative_place,,,False,3.0,1.0,2.0,3,verified,winticket_line_prediction,provider_forecast_structure_only,5.335769673341355,11.870711349614785,13.710024030088384,3,4,5,coverage_validated_cumulative_scores_uncalibrated,,unavailable,,0,0
2026-10-10,富山,9,094620261010,1791609600,1791609300,4,2,015366,張野幸聖,逃,96.77,,,,,0.0686567056028398,0.044756963408646384,0.10961467602169309,0.14854172709947702,position_specialists,0.044756963408646384,False,,,S,0.185,0.222,0.13,0.04,-0.06224813381173356,0.24696039954844803,0.024946807183198104,-0.032659863237109045,0.0025737479892601685,,0,,,0,,cumulative_place,,,False,2.0,1.0,2.0,3,verified,winticket_line_prediction,provider_forecast_structure_only,4.475696340864639,10.961467602169309,14.854172709947704,4,5,3,coverage_validated_cumulative_scores_uncalibrated,,unavailable,,0,0
2026-10-10,富山,9,094620261010,1791609600,1791609300,5,3,014576,中田雄喜,追,100.25,,,,,0.06278687015593394,0.032629523265250295,0.1401054452780674,0.11690109518230057,position_specialists,0.032629523265250295,False,,,S,0.147,0.259,0.12,0.16,-0.028729907913107807,-0.0046015927676149645,-0.11101670914745904,-0.032659863237109045,0.0025012480459007274,,0,,,0,,cumulative_place,,,False,3.0,2.0,2.0,3,verified,winticket_line_prediction,provider_forecast_structure_only,3.2629523265250295,14.01054452780674,11.69010951823006,5,3,6,coverage_validated_cumulative_scores_uncalibrated,,unavailable,,0,0
2026-10-10,富山,9,094620261010,1791609600,1791609300,6,5,014399,佐川翔吾,両,94.72,,,,,0.02669371037416727,0.011181317124770713,0.07670906477697886,0.1002901921677314,position_specialists,0.011181317124770713,False,,,S,0.166,0.3879999999999999,0.23,0.12,-0.011970794963795005,0.1276530684178836,-0.1496808430991886,-0.032659863237109045,0.0017399986406265932,,0,,,0,,cumulative_place,,,False,2.0,2.0,2.0,3,verified,winticket_line_prediction,provider_forecast_structure_only,1.1181317124770713,7.670906477697886,10.029019216773142,6,6,7,coverage_validated_cumulative_scores_uncalibrated,,unavailable,,0,0
2026-10-10,富山,9,094620261010,1791609600,1791609300,7,6,014978,谷口明正,両,94.37,,,,,0.02003584690624659,0.0054209546805419895,0.04297906554560405,0.14791233081583488,position_specialists,0.0054209546805419895,False,,,S,0.16,0.16,0.0,0.0,-0.17956192445692362,-0.21323019416436395,-0.08669186355272715,-0.032659863237109045,0.0017399986406265932,,0,,,0,,cumulative_place,,,False,1.0,3.0,3.0,3,verified,winticket_line_prediction,provider_forecast_structure_only,0.542095468054199,4.297906554560405,14.79123308158349,7,7,4,coverage_validated_cumulative_scores_uncalibrated,,unavailable,,0,0
2026-10-10,弥彦,9,092120261010,1791610560,1791610260,1,2,015341,坂井洋,両,114.06,,,,,0.3002976860788803,0.400598416672128,0.16942139336454906,0.1944898361214462,position_specialists,0.4005984166721279,False,,0.2296562642051026,A,0.466,0.6,0.11,0.14,0.012978897081096761,0.16763417453130333,0.18841288042653986,0.13195013239259612,0.000983058784964668,,0,,,0,,cumulative_place,,,False,2.0,2.0,3.0,4,verified,winticket_line_prediction,provider_forecast_structure_only,40.0598416672128,16.942139336454908,19.448983612144623,1,2,2,coverage_validated_cumulative_scores_uncalibrated,,unavailable,,0,0
2026-10-10,弥彦,9,092120261010,1791610560,1791610260,2,5,015061,取鳥雄吾,逃,112.18,,,,,0.1729185747542158,0.17094215246702535,0.1245037594198408,0.11820417897464071,position_specialists,0.17094215246702532,False,,,A,0.5,0.59,0.0,0.22,0.05703386312459466,0.4266695229323477,0.04046743453973395,-0.14598738051946805,0.00200392752319721,,0,,,0,,cumulative_place,,,False,4.0,2.0,2.0,4,verified,winticket_line_prediction,provider_forecast_structure_only,17.094215246702536,12.450375941984081,11.82041789746407,2,3,4,coverage_validated_cumulative_scores_uncalibrated,,unavailable,,0,0
2026-10-10,弥彦,9,092120261010,1791610560,1791610260,3,9,015343,佐々木悠葵,両,114.5,,,,,0.16352124903037402,0.16593163542650136,0.28347541655455105,0.21599243795808415,position_specialists,0.16593163542650133,False,,,A,0.4539999999999999,0.636,0.17,0.08,0.1531459653705013,0.03457734637096381,0.010679289466312933,0.06457134138361086,0.0016636379437863628,,0,,,0,,cumulative_place,,,False,2.0,1.0,3.0,4,verified,winticket_line_prediction,provider_forecast_structure_only,16.593163542650135,28.347541655455107,21.599243795808416,3,1,1,coverage_validated_cumulative_scores_uncalibrated,,unavailable,,0,0
2026-10-10,弥彦,9,092120261010,1791610560,1791610260,4,1,015034,新山響平,逃,114.96,,,,,0.12875247938501422,0.11634773131574842,0.09054270558486473,0.13933490634015833,position_specialists,0.11634773131574841,False,,,A,0.4639999999999999,0.535,0.2,0.14,-0.043090081743139524,-0.010083920594733502,0.056951612933738016,0.06457134138361086,0.0013989682709112607,,0,,,0,,cumulative_place,,,False,1.0,1.0,2.0,4,verified,winticket_line_prediction,provider_forecast_structure_only,11.634773131574843,9.054270558486472,13.933490634015833,4,4,3,coverage_validated_cumulative_scores_uncalibrated,,unavailable,,0,0
2026-10-10,弥彦,9,092120261010,1791610560,1791610260,5,7,014054,新田祐大,両,114.47,,,,,0.1081696440366664,0.08235390733347524,0.07421586708384471,0.07272261457328726,position_specialists,0.08235390733347522,False,,,A,0.478,0.565,0.14,0.14,-0.27804511951185196,0.1497696677450244,0.10341830967485263,-0.02807449625374385,0.0020795474297329542,,0,,,0,,cumulative_place,,,False,1.0,2.0,2.0,4,verified,winticket_line_prediction,provider_forecast_structure_only,8.235390733347524,7.4215867083844715,7.272261457328725,5,6,6,coverage_validated_cumulative_scores_uncalibrated,,unavailable,,0,0
2026-10-10,弥彦,9,092120261010,1791610560,1791610260,6,3,013962,南修二,追,114.41,,,,,0.04544575662160708,0.0250257218635774,0.05867019401134954,0.04735726080908743,position_specialists,0.025025721863577398,False,,,A,0.222,0.3879999999999999,0.16,0.1,-0.09114613286609281,0.015785866847932525,-0.19902737880162294,0.022459597002995088,0.0020795474297329542,,0,,,0,,cumulative_place,,,False,3.0,2.0,2.0,4,verified,winticket_line_prediction,provider_forecast_structure_only,2.50257218635774,5.867019401134954,4.7357260809087425,6,8,9,coverage_validated_cumulative_scores_uncalibrated,,unavailable,,0,0
2026-10-10,弥彦,9,092120261010,1791610560,1791610260,7,8,015464,町田太我,逃,110.16,,,,,0.04462417180599885,0.021427508775844515,0.07406893595697567,0.07256729293863719,position_specialists,0.02142750877584451,False,,,A,0.36,0.52,0.21,0.11,-0.12317632858648016,0.06137410655038217,-0.06557555234822271,-0.061763891758236475,0.00200392752319721,,0,,,0,,cumulative_place,,,False,4.0,1.0,2.0,4,verified,winticket_line_prediction,provider_forecast_structure_only,2.1427508775844517,7.406893595697567,7.256729293863719,7,7,7,coverage_validated_cumulative_scores_uncalibrated,,unavailable,,0,0
2026-10-10,弥彦,9,092120261010,1791610560,1791610260,8,4,014860,吉澤純平,両,110.78,,,,,0.016885409602251888,0.008952714230445356,0.0821811441456233,0.07752354563095452,position_specialists,0.008952714230445354,False,,,A,0.38,0.428,0.33,0.0,0.1531459653705013,-0.226059058161358,-0.04889700068052911,0.022459597002995088,0.00200392752319721,,0,,,0,,cumulative_place,,,False,2.0,3.0,3.0,4,verified,winticket_line_prediction,provider_forecast_structure_only,0.8952714230445356,8.218114414562331,7.7523545630954525,8,5,5,coverage_validated_cumulative_scores_uncalibrated,,unavailable,,0,0
2026-10-10,弥彦,9,092120261010,1791610560,1791610260,9,6,014317,山田久徳,両,108.56,,,,,0.01938502868499137,0.008420211915254444,0.04292058387840115,0.061807926653704236,position_specialists,0.008420211915254442,False,,,A,0.28,0.48,0.04,0.27,0.15915297176087043,-0.13513546809868596,-0.08642959521080257,-0.07018624063435965,0.0031004161679654956,,0,,,0,,cumulative_place,,,False,3.0,1.0,2.0,4,verified,winticket_line_prediction,provider_forecast_structure_only,0.8420211915254444,4.292058387840115,6.180792665370424,9,9,8,coverage_validated_cumulative_scores_uncalibrated,,unavailable,,0,0
2026-10-10,富山,10,104620261010,1791611700,1791611400,1,5,015725,青木瑞樹,逃,103.64,,,,,0.3800521792166251,0.5325565134752219,0.15673816382954794,0.053312226515850665,position_specialists,0.5325565134752219,False,,0.30877232514814573,A,0.48,0.56,0.16,0.06,0.07085697210072574,0.12607035771168254,0.27660687733339817,0.08418607504309289,0.00302829691852731,,0,,,0,,cumulative_place,,,False,3.0,1.0,3.0,4,verified,winticket_line_prediction,provider_forecast_structure_only,53.25565134752219,15.673816382954794,5.331222651585066,1,4,7,coverage_validated_cumulative_scores_uncalibrated,,unavailable,,0,0
2026-10-10,富山,10,104620261010,1791611700,1791611400,2,7,014955,市橋司優人,両,102.52,,,,,0.2378194073917137,0.2237841883270762,0.15147046593537777,0.1290114253066058,position_specialists,0.2237841883270762,False,,,A,0.36,0.48,0.1,0.15,0.17347741445350082,0.006135952733398661,0.14711721039362616,-0.02158617308797254,0.0004519846147055688,,0,,,0,,cumulative_place,,,False,1.0,2.0,2.0,4,verified,winticket_line_prediction,provider_forecast_structure_only,22.37841883270762,15.147046593537777,12.90114253066058,2,5,4,coverage_validated_cumulative_scores_uncalibrated,,unavailable,,0,0
2026-10-10,富山,10,104620261010,1791611700,1791611400,3,1,014499,佐藤博紀,両,103.3,,,,,0.14873280673332206,0.10799552482443159,0.1746495678146822,0.12403943671646449,position_specialists,0.10799552482443159,False,,,A,0.217,0.565,0.0,0.25,-0.014660063193253539,0.10606141696619895,-0.10973884073534215,0.12196187794704483,0.002079129227645616,,0,,,0,,cumulative_place,,,False,2.0,1.0,1.0,4,verified,winticket_line_prediction,provider_forecast_structure_only,10.79955248244316,17.464956781468217,12.403943671646449,3,1,5,coverage_validated_cumulative_scores_uncalibrated,,unavailable,,0,0
2026-10-10,富山,10,104620261010,1791611700,1791611400,4,4,014863,一戸康宏,両,98.39,,,,,0.10384963533788927,0.07226752801420164,0.13443339332292417,0.14744088323398022,position_specialists,0.07226752801420164,False,,,A,0.25,0.392,0.0,0.33,0.1050637862183174,0.2211001725587774,0.010711724224258838,-0.0518068154111341,0.00013559538441167046,,0,,,0,,cumulative_place,,,False,4.0,1.0,1.0,4,verified,winticket_line_prediction,provider_forecast_structure_only,7.226752801420163,13.443339332292418,14.744088323398023,4,6,3,coverage_validated_cumulative_scores_uncalibrated,,unavailable,,0,0
2026-10-10,富山,10,104620261010,1791611700,1791611400,5,2,015296,上田尭弥,逃,99.88,,,,,0.09447284217785226,0.05235580046063853,0.16894380469035128,0.21311485469711616,position_specialists,0.05235580046063853,False,,,A,0.384,0.423,0.16,0.06,-0.08307369142843703,0.011031602119104113,0.06069977060413344,-0.04425165483034371,0.0010847630752933645,,0,,,0,,cumulative_place,,,False,1.0,1.0,2.0,4,verified,winticket_line_prediction,provider_forecast_structure_only,5.235580046063853,16.894380469035127,21.311485469711617,5,2,2,coverage_validated_cumulative_scores_uncalibrated,,unavailable,,0,0
2026-10-10,富山,10,104620261010,1791611700,1791611400,6,3,014108,山中貴雄,追,98.12,,,,,0.028218561755309374,0.009552110096991105,0.15730601828981164,0.2184226167197372,position_specialists,0.009552110096991105,False,,,A,0.156,0.281,0.17,0.11,-0.08307369142843703,-0.08014311396103518,-0.07676735694052171,-0.12735842121903798,0.003615876917644549,,0,,,0,,cumulative_place,,,False,3.0,2.0,3.0,4,verified,winticket_line_prediction,provider_forecast_structure_only,0.9552110096991105,15.730601828981165,21.84226167197372,6,3,1,coverage_validated_cumulative_scores_uncalibrated,,unavailable,,0,0
2026-10-10,富山,10,104620261010,1791611700,1791611400,7,6,014186,網谷竜次,追,96.58,,,,,0.006854567387288239,0.001488334801439097,0.05645858611730494,0.11465855681024552,position_specialists,0.001488334801439097,False,,,A,0.0409999999999999,0.125,0.1,0.21,-0.1685907267224163,-0.20081096585002495,-0.3086293848795527,0.03885511155835055,0.00018079384588222787,,0,,,0,,cumulative_place,,,False,3.0,3.0,3.0,4,verified,winticket_line_prediction,provider_forecast_structure_only,0.1488334801439097,5.645858611730494,11.465855681024552,7,7,6,coverage_validated_cumulative_scores_uncalibrated,,unavailable,,0,0
2026-10-10,弥彦,10,102120261010,1791612780,1791612480,1,3,015203,松本貴治,両,117.83,,,,,0.39915633514972093,0.38989757509871426,0.15154734654506918,0.04619686191029991,position_specialists,0.38989757509871426,False,,0.17590680572968542,B,0.5,0.642,0.23,0.06,0.1047647561320472,-0.006646134756130091,-0.08316983416209943,-0.05219086739723833,0.00035505386876834907,,0,,,0,,cumulative_place,,,False,2.0,2.0,3.0,4,verified,winticket_line_prediction,provider_forecast_structure_only,38.989757509871424,15.154734654506917,4.619686191029992,1,2,9,coverage_validated_cumulative_scores_uncalibrated,,unavailable,,0,0
2026-10-10,弥彦,10,102120261010,1791612780,1791612480,2,5,015465,石原颯,逃,115.33,,,,,0.17956023887999098,0.21399076936902883,0.27164399986931925,0.2636835606698556,position_specialists,0.21399076936902883,False,,,B,0.5,0.625,0.17,0.07,-0.11708254597160947,0.16257572401180215,0.02818759196486821,0.17456945301834886,0.0026524612549164877,,0,,,0,,cumulative_place,,,False,2.0,1.0,3.0,4,verified,winticket_line_prediction,provider_forecast_structure_only,21.399076936902883,27.164399986931926,26.368356066985562,2,1,1,coverage_validated_cumulative_scores_uncalibrated,,unavailable,,0,0
2026-10-10,弥彦,10,102120261010,1791612780,1791612480,3,1,015451,山口拳矢,両,115.26,,,,,0.11405629048285851,0.13498540850776336,0.10783083580434677,0.10632646635020135,position_specialists,0.13498540850776336,False,,,B,0.615,0.653,0.17,0.12,-0.003042831521253994,0.107103622414298,0.16900915661851879,-0.05219086739723833,0.0015246430835346738,,0,,,0,,cumulative_place,,,False,1.0,1.0,2.0,4,verified,winticket_line_prediction,provider_forecast_structure_only,13.498540850776337,10.783083580434678,10.632646635020137,3,4,4,coverage_validated_cumulative_scores_uncalibrated,,unavailable,,0,0
2026-10-10,弥彦,10,102120261010,1791612780,1791612480,4,7,014089,浅井康太,両,114.29,,,,,0.0949913803042012,0.11199751732043735,0.10487726151160166,0.14502756207950032,position_specialists,0.11199751732043735,False,,,B,0.354,0.483,0.06,0.18,0.06730969340687543,0.20137424623451045,0.02614806301069198,0.04499212706658474,0.0005847946073831623,,0,,,0,,cumulative_place,,,False,1.0,2.0,2.0,4,verified,winticket_line_prediction,provider_forecast_structure_only,11.199751732043735,10.487726151160166,14.502756207950034,4,5,3,coverage_validated_cumulative_scores_uncalibrated,,unavailable,,0,0
2026-10-10,弥彦,10,102120261010,1791612780,1791612480,5,2,015298,嘉永泰斗,逃,114.35,,,,,0.06219229656626486,0.03827724294375664,0.0703423625793542,0.08813136917551948,position_specialists,0.03827724294375664,False,,,B,0.4,0.45,0.12,0.09,-0.23150351539657904,0.0377634954174178,-0.04996655921942676,-0.05219086739723833,0.0005847946073831623,,0,,,0,,cumulative_place,,,False,3.0,1.0,2.0,4,verified,winticket_line_prediction,provider_forecast_structure_only,3.8277242943756637,7.03423625793542,8.81313691755195,5,6,5,coverage_validated_cumulative_scores_uncalibrated,,unavailable,,0,0
2026-10-10,弥彦,10,102120261010,1791612780,1791612480,6,4,014659,武藤龍生,追,113.25,,,,,0.03541829886348322,0.03789392003195209,0.058816909149250154,0.06346871743392472,position_specialists,0.03789392003195209,False,,,B,0.444,0.518,0.19,0.11,0.14075710090160895,0.021089916042621983,0.04794365814677773,0.09358362429849627,0.0011069326496895584,,0,,,0,,cumulative_place,,,False,4.0,2.0,2.0,4,verified,winticket_line_prediction,provider_forecast_structure_only,3.7893920031952093,5.881690914925016,6.346871743392473,6,8,7,coverage_validated_cumulative_scores_uncalibrated,,unavailable,,0,0
2026-10-10,弥彦,10,102120261010,1791612780,1791612480,7,8,014047,山田英明,両,112.92,,,,,0.04432053605015135,0.031081755731951384,0.06561307418596289,0.07129542229670068,position_specialists,0.031081755731951384,False,,,B,0.428,0.642,0.17,0.21,0.10325967651259119,0.07656201764012616,-0.14923646255508205,-0.05219086739723833,0.0035505386876834885,,0,,,0,,cumulative_place,,,False,3.0,2.0,2.0,4,verified,winticket_line_prediction,provider_forecast_structure_only,3.1081755731951386,6.561307418596289,7.129542229670069,7,7,6,coverage_validated_cumulative_scores_uncalibrated,,unavailable,,0,0
2026-10-10,弥彦,10,102120261010,1791612780,1791612480,8,9,015125,佐々木豪,逃,113.26,,,,,0.04337171510912284,0.025317766776892486,0.12238904828713948,0.15270950243527617,position_specialists,0.025317766776892486,False,,,B,0.423,0.5,0.0,0.0,0.008551767411088599,-0.34720649989015223,0.07041909626758888,-0.05219086739723833,0.002610690211531977,,0,,,0,,cumulative_place,,,False,2.0,3.0,3.0,4,verified,winticket_line_prediction,provider_forecast_structure_only,2.5317766776892485,12.238904828713949,15.270950243527619,8,3,2,coverage_validated_cumulative_scores_uncalibrated,,unavailable,,0,0
2026-10-10,弥彦,10,102120261010,1791612780,1791612480,9,6,015516,木村皆斗,逃,108.57,,,,,0.026932908594206145,0.016558044219503607,0.04693916206795646,0.06316053764872175,position_specialists,0.016558044219503607,False,,,B,0.284,0.535,0.1,0.12,-0.07301410147476936,0.23191585100868234,-0.05933471007183744,-0.05219086739723833,0.0022765218644558837,,0,,,0,,cumulative_place,,,False,4.0,1.0,2.0,4,verified,winticket_line_prediction,provider_forecast_structure_only,1.6558044219503607,4.693916206795646,6.3160537648721755,9,9,8,coverage_validated_cumulative_scores_uncalibrated,,unavailable,,0,0
2026-10-10,富山,11,114620261010,1791613860,1791613560,1,3,015521,中島詩音,逃,104.0,,,,,0.4965262190782088,0.590988685883053,0.11008205884968672,0.10220862493888921,position_specialists,0.590988685883053,False,,0.30692133365187757,A,0.356,0.5,0.17,0.12,0.16074079567700963,0.0638816986999477,0.046180588990218215,0.11473690322657883,0.0011290648942424723,,0,,,0,,cumulative_place,,,False,1.0,1.0,3.0,3,verified,winticket_line_prediction,provider_forecast_structure_only,59.0988685883053,11.008205884968675,10.220862493888921,1,4,5,coverage_validated_cumulative_scores_uncalibrated,,unavailable,,0,0
2026-10-10,富山,11,114620261010,1791613860,1791613560,2,4,015174,菊池竣太朗,両,102.4,,,,,0.28239128428679644,0.2840673522311754,0.16216274392439814,0.07050639056197844,position_specialists,0.2840673522311754,False,,,A,0.35,0.45,0.22,0.08,0.054716242580277734,0.1829091890026752,0.09994230939279797,-0.0829636069484493,0.003763549647474907,,0,,,0,,cumulative_place,,,False,2.0,1.0,2.0,3,verified,winticket_line_prediction,provider_forecast_structure_only,28.40673522311754,16.216274392439818,7.050639056197844,2,3,6,coverage_validated_cumulative_scores_uncalibrated,,unavailable,,0,0
2026-10-10,富山,11,114620261010,1791613860,1791613560,3,2,015448,長屋秀明,逃,94.57,,,,,0.06323562294914484,0.041375240298906,0.08664704325498443,0.11528111209153577,position_specialists,0.041375240298906,False,,,A,0.105,0.21,0.0,0.2,-0.13612795299383965,0.378365905776532,-0.09477047693754144,0.09002433945470031,0.0008656164189192287,,0,,,0,,cumulative_place,,,False,3.0,2.0,2.0,3,verified,winticket_line_prediction,provider_forecast_structure_only,4.1375240298906,8.664704325498445,11.528111209153577,3,6,4,coverage_validated_cumulative_scores_uncalibrated,,unavailable,,0,0
2026-10-10,富山,11,114620261010,1791613860,1791613560,4,1,013410,伊勢崎彰大,追,100.04,,,,,0.0489239220267869,0.03369633641564774,0.20350790825453363,0.143633176492769,position_specialists,0.03369633641564774,False,,,A,0.28,0.4,0.25,0.11,0.018932955910130736,-0.06203580834355975,0.1261293690780389,-0.0829636069484493,0.0017688683343132056,,0,,,0,,cumulative_place,,,False,2.0,2.0,2.0,3,verified,winticket_line_prediction,provider_forecast_structure_only,3.369633641564774,20.350790825453366,14.3633176492769,4,2,3,coverage_validated_cumulative_scores_uncalibrated,,unavailable,,0,0
2026-10-10,富山,11,114620261010,1791613860,1791613560,5,7,014147,柿沼信也,追,96.8,,,,,0.06582749824861825,0.029969858423391012,0.2739529270977027,0.3543712458227061,position_specialists,0.029969858423391012,False,,,A,0.12,0.36,0.2,0.22,-0.028778092983398663,-0.03823031028301423,-0.1151045722175211,-0.008825915632813758,0.0028226622356061796,,0,,,0,,cumulative_place,,,False,1.0,2.0,3.0,3,verified,winticket_line_prediction,provider_forecast_structure_only,2.996985842339101,27.395292709770274,35.43712458227061,5,1,1,coverage_validated_cumulative_scores_uncalibrated,,unavailable,,0,0
2026-10-10,富山,11,114620261010,1791613860,1791613560,6,5,014163,内田英介,追,96.75,,,,,0.018574884568700097,0.011919907963836721,0.09514401114223688,0.14449128756466312,position_specialists,0.011919907963836721,False,,,A,0.187,0.3429999999999999,0.11,0.22,0.10242729147380708,-0.13708703146653306,0.06582088375414889,0.052955493796882525,0.0004516259576969884,,0,,,0,,cumulative_place,,,False,1.0,3.0,3.0,3,verified,winticket_line_prediction,provider_forecast_structure_only,1.191990796383672,9.51440111422369,14.449128756466312,6,5,2,coverage_validated_cumulative_scores_uncalibrated,,unavailable,,0,0
2026-10-10,富山,11,114620261010,1791613860,1791613560,7,6,015816,伊東佑晟,逃,93.32,,,,,0.024520568841744562,0.00798261878399009,0.06850330747645744,0.06950816252745828,position_specialists,0.00798261878399009,False,,,A,0.035,0.107,0.14,0.09,-0.17191123966398675,-0.01943754451196154,-0.12819810206014157,-0.0829636069484493,0.0007150744330202321,,0,,,0,,cumulative_place,,,False,3.0,1.0,2.0,3,verified,winticket_line_prediction,provider_forecast_structure_only,0.798261878399009,6.850330747645745,6.950816252745828,7,7,7,coverage_validated_cumulative_scores_uncalibrated,,unavailable,,0,0
2026-10-10,弥彦,11,112120261010,1791615000,1791614700,1,5,015242,眞杉匠,逃,120.75,,,,,0.5785776075367244,0.6585191056274761,0.19997818010825028,0.17113503698702842,position_specialists,0.6585191056274761,False,,0.5620911389380938,S,0.5379999999999999,0.6920000000000001,0.33,0.13,-0.030318486634148767,0.35349246508124355,-0.13539847681783784,0.08077880346566667,0.0026759744320226904,,0,,,0,,cumulative_place,,,False,2.0,2.0,2.0,4,verified,winticket_line_prediction,provider_forecast_structure_only,65.8519105627476,19.99781801082503,17.113503698702843,1,1,2,coverage_validated_cumulative_scores_uncalibrated,,unavailable,,0,0
2026-10-10,弥彦,11,112120261010,1791615000,1791614700,2,3,014794,阿部力也,追,113.04,,,,,0.08914015124695977,0.0964279666893822,0.16398378076368855,0.18389273246280913,position_specialists,0.0964279666893822,False,,,S,0.4579999999999999,0.75,0.22,0.18,0.21108050458284738,0.222517659677288,0.03145540096441907,-0.011833837450384304,0.00041812100500354535,,0,,,0,,cumulative_place,,,False,1.0,2.0,2.0,4,verified,winticket_line_prediction,provider_forecast_structure_only,9.64279666893822,16.398378076368854,18.38927324628091,2,3,1,coverage_validated_cumulative_scores_uncalibrated,,unavailable,,0,0
2026-10-10,弥彦,11,112120261010,1791615000,1791614700,3,9,014462,小原太樹,追,112.84,,,,,0.0936269001537304,0.09576879319397334,0.1648015232051454,0.11695875218528824,position_specialists,0.09576879319397334,False,,,S,0.5379999999999999,0.6920000000000001,0.18,0.17,0.07635333781136819,0.17340210765080466,0.1596273309910139,-0.05350952586260724,0.0013379872160113456,,0,,,0,,cumulative_place,,,False,3.0,2.0,3.0,4,verified,winticket_line_prediction,provider_forecast_structure_only,9.576879319397333,16.48015232051454,11.695875218528824,3,2,4,coverage_validated_cumulative_scores_uncalibrated,,unavailable,,0,0
2026-10-10,弥彦,11,112120261010,1791615000,1791614700,4,2,015213,山崎賢人,逃,112.04,,,,,0.06789005633816912,0.05149213562403136,0.08106257928214665,0.06715508605677907,position_specialists,0.05149213562403136,False,,,S,0.4579999999999999,0.583,0.15,0.12,-0.12573741234585056,0.1534792613797092,-0.04380369470059682,0.14560765210690238,0.002926847035024818,,0,,,0,,cumulative_place,,,False,4.0,1.0,2.0,4,verified,winticket_line_prediction,provider_forecast_structure_only,5.149213562403136,8.106257928214665,6.715508605677907,4,7,8,coverage_validated_cumulative_scores_uncalibrated,,unavailable,,0,0
2026-10-10,弥彦,11,112120261010,1791615000,1791614700,5,1,015412,菊池岳仁,逃,112.52,,,,,0.0790715596195776,0.049367894223489674,0.10862233216419108,0.15985985648462395,position_specialists,0.049367894223489674,False,,,S,0.421,0.526,0.2,0.1,0.07156708256745965,0.006132605300259268,-0.05522818151143592,-0.0859239501832251,0.001672484020014182,,0,,,0,,cumulative_place,,,False,2.0,1.0,2.0,4,verified,winticket_line_prediction,provider_forecast_structure_only,4.9367894223489674,10.862233216419108,15.985985648462394,5,4,3,coverage_validated_cumulative_scores_uncalibrated,,unavailable,,0,0
2026-10-10,弥彦,11,112120261010,1791615000,1791614700,6,4,014380,根田空史,逃,111.27,,,,,0.0269732197451711,0.01758295907316241,0.08973485129881949,0.08920458050466042,position_specialists,0.01758295907316241,False,,,S,0.413,0.586,0.23,0.09,-0.1931009957315902,0.006132605300259268,0.10300760925505963,0.043733747099246295,0.0008362420100070907,,0,,,0,,cumulative_place,,,False,3.0,1.0,3.0,4,verified,winticket_line_prediction,provider_forecast_structure_only,1.758295907316241,8.973485129881949,8.920458050466042,6,6,6,coverage_validated_cumulative_scores_uncalibrated,,unavailable,,0,0
2026-10-10,弥彦,11,112120261010,1791615000,1791614700,7,7,014524,松谷秀幸,追,111.43,,,,,0.026595313427341085,0.01483433130657796,0.09067647596803481,0.07777159699835226,position_specialists,0.01483433130657796,False,,,S,0.416,0.5,0.1,0.0,0.022610145945206182,-0.20086291233009088,-0.007928146740012465,0.05299501119085138,8.362420100070893e-05,,0,,,0,,cumulative_place,,,False,3.0,3.0,3.0,4,verified,winticket_line_prediction,provider_forecast_structure_only,1.483433130657796,9.06764759680348,7.777159699835226,7,5,7,coverage_validated_cumulative_scores_uncalibrated,,unavailable,,0,0
2026-10-10,弥彦,11,112120261010,1791615000,1791614700,8,8,014112,小川勇介,追,107.64,,,,,0.018046102625696173,0.008211253549055013,0.06149681176626885,0.09135618008903483,position_specialists,0.008211253549055013,False,,,S,0.321,0.5710000000000001,0.19,0.23,0.03144428222087509,-0.08854750315710626,-0.03729040753114375,-0.0859239501832251,0.0025923502310219817,,0,,,0,,cumulative_place,,,False,4.0,2.0,2.0,4,verified,winticket_line_prediction,provider_forecast_structure_only,0.8211253549055013,6.149681176626885,9.135618008903483,8,8,5,coverage_validated_cumulative_scores_uncalibrated,,unavailable,,0,0
2026-10-10,弥彦,11,112120261010,1791615000,1791614700,9,6,015324,小原佑太,逃,105.66,,,,,0.020079089306630243,0.0077955607128519355,0.039643465443454956,0.042666178231423706,position_specialists,0.0077955607128519355,False,,,S,0.36,0.44,0.13,0.11,-0.0638984584161677,-0.14121405077919064,-0.014441433909465548,-0.0859239501832251,0.0028432228340241087,,0,,,0,,cumulative_place,,,False,1.0,1.0,2.0,4,verified,winticket_line_prediction,provider_forecast_structure_only,0.7795560712851936,3.9643465443454957,4.26661782314237,9,9,9,coverage_validated_cumulative_scores_uncalibrated,,unavailable,,0,0
2026-10-10,平塚,1,013520261010,1791615300,1791615000,1,1,015785,福田健太,逃,89.14,,,,,0.5525373414362547,0.4948534454932406,0.28835887246660363,0.17883605416607262,position_specialists,0.49485344549324073,False,,0.03734870433303117,C,0.523,0.5710000000000001,0.24,0.08,0.10327925746883365,0.1138445250838124,0.14285498650663658,0.0,0.0014771881187946802,,0,,,0,,cumulative_place,,0.0,False,2.0,1.0,3.0,3,verified,winticket_line_prediction,provider_forecast_structure_only,49.48534454932406,28.835887246660363,17.883605416607267,1,1,3,coverage_validated_cumulative_scores_uncalibrated,,unavailable,,0,0
2026-10-10,平塚,1,013520261010,1791615300,1791615000,2,2,014630,利根正明,逃,87.54,,,,,0.32804451141783714,0.45750474116020945,0.1781910962054084,0.10271369235468468,position_specialists,0.45750474116020956,False,,,C,0.416,0.583,0.14,0.09,0.24105580306533136,0.2835687073947911,0.2991187397566782,0.0,0.00336605161495837,,0,,,0,,cumulative_place,,0.0,False,1.0,1.0,2.0,3,verified,winticket_line_prediction,provider_forecast_structure_only,45.750474116020946,17.81910962054084,10.27136923546847,2,3,6,coverage_validated_cumulative_scores_uncalibrated,,unavailable,,0,0
2026-10-10,平塚,1,013520261010,1791615300,1791615000,3,4,014037,橋本勝弘,追,81.59,,,,,0.06339665885576894,0.032284421563127025,0.17649468938206056,0.18443246016044307,position_specialists,0.03228442156312703,False,,,C,0.18,0.318,0.05,0.21,0.05691014491963753,0.13557560359242993,0.0006049804068774742,0.0,0.0009928641454193749,,0,,,0,,cumulative_place,,0.0,False,1.0,2.0,2.0,3,verified,winticket_line_prediction,provider_forecast_structure_only,3.2284421563127026,17.649468938206056,18.44324601604431,3,4,2,coverage_validated_cumulative_scores_uncalibrated,,unavailable,,0,0
2026-10-10,平塚,1,013520261010,1791615300,1791615000,4,5,015180,下岡将也,逃,80.45,,,,,0.029026060835576257,0.00840380813692249,0.07953374721586391,0.12811035328834008,position_specialists,0.008403808136922491,False,,,C,0.083,0.25,0.08,0.04,-0.14709308937292864,-0.026410855408459746,-0.11049343156582869,0.0,0.0004601077747065399,,0,,,0,,cumulative_place,,0.0,False,3.0,1.0,1.0,3,verified,winticket_line_prediction,provider_forecast_structure_only,0.8403808136922489,7.953374721586391,12.811035328834011,4,5,5,coverage_validated_cumulative_scores_uncalibrated,,unavailable,,0,0
2026-10-10,平塚,1,013520261010,1791615300,1791615000,5,6,014742,河野淳吾,追,79.9,,,,,0.022398519430152156,0.0059398050755477836,0.2182218915827187,0.23576261742137383,position_specialists,0.005939805075547785,False,,,C,0.09,0.181,0.26,0.19,-0.12590472117496593,-0.11129593431444829,-0.11049343156582869,0.0,0.002155241681520107,,0,,,0,,cumulative_place,,0.0,False,2.0,2.0,3.0,3,verified,winticket_line_prediction,provider_forecast_structure_only,0.5939805075547784,21.822189158271872,23.576261742137387,5,2,1,coverage_validated_cumulative_scores_uncalibrated,,unavailable,,0,0
2026-10-10,平塚,1,013520261010,1791615300,1791615000,6,3,012882,鈴木愼二,追,80.73,,,,,0.004596908024410889,0.0010137785709524747,0.059199703147344844,0.1701448226090856,position_specialists,0.0010137785709524749,False,,,C,0.0,0.083,0.0,0.07,-0.1282473949059084,-0.17440395921082102,-0.22159184353853484,0.0,0.002155241681520107,,0,,,0,,cumulative_place,,1.0,False,2.0,3.0,3.0,3,verified,winticket_line_prediction,provider_forecast_structure_only,0.10137785709524746,5.919970314734484,17.01448226090856,6,6,4,coverage_validated_cumulative_scores_uncalibrated,,unavailable,,0,0
2026-10-10,富山,12,124620261010,1791616080,1791615780,1,4,015235,嵯峨昇喜郎,両,109.59,,,,,0.35733582598701696,0.44278611692317654,0.17018255776870375,0.07194333161457112,position_specialists,0.44278611692317654,False,,0.20165281244594047,A,0.478,0.608,0.28,0.1,0.15362434307181458,0.011489112736632381,0.1079502509154788,0.02476507219818455,0.0003314683161860166,,0,,,0,,cumulative_place,,,False,3.0,1.0,3.0,3,verified,winticket_line_prediction,provider_forecast_structure_only,44.278611692317654,17.018255776870376,7.194333161457111,1,2,7,coverage_validated_cumulative_scores_uncalibrated,,unavailable,,0,0
2026-10-10,富山,12,124620261010,1791616080,1791615780,2,2,014977,川口聖二,両,105.1,,,,,0.18066123966504471,0.24113330447723608,0.11881877777002645,0.15441602191697854,position_specialists,0.24113330447723608,False,,,A,0.344,0.517,0.22,0.0,0.10474387027623726,0.3980280327962762,0.1615790542054465,-0.05844557038771558,0.0014087403437905712,,0,,,0,,cumulative_place,,,False,2.0,2.0,2.0,3,verified,winticket_line_prediction,provider_forecast_structure_only,24.11333044772361,11.881877777002645,15.441602191697854,2,4,3,coverage_validated_cumulative_scores_uncalibrated,,unavailable,,0,0
2026-10-10,富山,12,124620261010,1791616080,1791615780,3,1,014421,松川高大,両,104.44,,,,,0.12759873639279398,0.13655802271815576,0.11495351224571887,0.11095569696422672,position_specialists,0.13655802271815576,False,,,A,0.379,0.551,0.17,0.13,0.03956990654880072,0.1695597437732351,0.09037753787853509,0.17038369672350978,0.0014916074228370744,,0,,,0,,cumulative_place,,,False,1.0,2.0,2.0,3,verified,winticket_line_prediction,provider_forecast_structure_only,13.655802271815576,11.495351224571888,11.095569696422672,3,5,5,coverage_validated_cumulative_scores_uncalibrated,,unavailable,,0,0
2026-10-10,富山,12,124620261010,1791616080,1791615780,4,3,015043,大矢崇弘,追,106.17,,,,,0.1927974245040825,0.11542245008740518,0.287197674722461,0.20663913127386238,position_specialists,0.11542245008740518,False,,,A,0.222,0.3329999999999999,0.16,0.13,-0.009310566246776607,0.13441077623122877,-0.17579755548646941,-0.05844557038771558,0.002071676976162604,,0,,,0,,cumulative_place,,,False,3.0,2.0,3.0,3,verified,winticket_line_prediction,provider_forecast_structure_only,11.542245008740517,28.7197674722461,20.663913127386238,4,1,2,coverage_validated_cumulative_scores_uncalibrated,,unavailable,,0,0
2026-10-10,富山,12,124620261010,1791616080,1791615780,5,7,015122,島川将貴,逃,103.04,,,,,0.07647365512534335,0.03817802710843693,0.13425842701053703,0.208755489169241,position_specialists,0.03817802710843693,False,,,A,0.23,0.423,0.08,0.12,-0.05819103904235394,-0.09395778988938656,0.009479000854015325,-0.05844557038771558,0.0034389837804299234,,0,,,0,,cumulative_place,,,False,1.0,1.0,2.0,3,verified,winticket_line_prediction,provider_forecast_structure_only,3.8178027108436927,13.425842701053703,20.8755489169241,5,3,1,coverage_validated_cumulative_scores_uncalibrated,,unavailable,,0,0
2026-10-10,富山,12,124620261010,1791616080,1791615780,6,5,015628,村田祐樹,逃,101.65,,,,,0.04757149331949211,0.019751835664576833,0.09515119335721446,0.13674401693798183,position_specialists,0.019751835664576833,False,,,A,0.24,0.241,0.19,0.13,-0.22112594836094512,-0.07638330611838343,0.020234280457321008,-0.05844557038771558,0.0014087403437905712,,0,,,0,,cumulative_place,,,False,2.0,1.0,2.0,3,verified,winticket_line_prediction,provider_forecast_structure_only,1.9751835664576833,9.515119335721446,13.674401693798183,6,6,4,coverage_validated_cumulative_scores_uncalibrated,,unavailable,,0,0
2026-10-10,富山,12,124620261010,1791616080,1791615780,7,6,014458,近藤保,追,101.46,,,,,0.017561625006226347,0.006170243021012628,0.07943785712533849,0.11054631212313845,position_specialists,0.006170243021012628,False,,,A,0.187,0.312,0.18,0.18,-0.009310566246776607,-0.17478047065551594,-0.2138225688243272,0.038633512629167914,0.0023617117528253683,,0,,,0,,cumulative_place,,,False,3.0,3.0,3.0,3,verified,winticket_line_prediction,provider_forecast_structure_only,0.6170243021012628,7.943785712533849,11.054631212313845,7,7,6,coverage_validated_cumulative_scores_uncalibrated,,unavailable,,0,0
2026-10-10,岐阜,1,014320261010,1791616380,1791616080,1,5,015841,中西勇,逃,76.16,,,,,0.7674785401874101,0.8372957742801743,0.2199408397569833,0.4258023445146701,position_specialists,0.8372957742801742,False,,0.7441720845935288,S,0.5,0.625,0.16,0.06,0.11407932956116154,0.2644761383463321,0.2598826419696959,-0.05880834034919059,0.004494701996913224,,0,,,0,,cumulative_place,,0.0,False,1.0,1.0,4.0,2,ambiguous,winticket_line_prediction,provider_forecast_structure_only,83.72957742801744,21.99408397569833,42.58023445146701,1,2,1,coverage_validated_cumulative_scores_uncalibrated,,unavailable,,0,0
2026-10-10,岐阜,1,014320261010,1791616380,1791616080,2,7,013767,松丸裕紀,追,72.23,,,,,0.13001306506806917,0.09312368968664547,0.39006737135698416,0.1438325153550705,position_specialists,0.09312368968664546,False,,,S,0.192,0.461,0.18,0.09,0.10020481650642567,0.1897316394834883,0.0983327547771124,0.016662363098937333,0.0004332242888591061,,0,,,0,,cumulative_place,,0.0,False,1.0,2.0,4.0,2,ambiguous,winticket_line_prediction,provider_forecast_structure_only,9.312368968664547,39.006737135698415,14.38325153550705,2,1,2,coverage_validated_cumulative_scores_uncalibrated,,unavailable,,0,0
2026-10-10,岐阜,1,014320261010,1791616380,1791616080,3,4,012208,鰐渕正利,追,73.1,,,,,0.04489793467862521,0.03669710344754654,0.16946772922478126,0.08403123775580536,position_specialists,0.036697103447546536,False,,,S,0.237,0.428,0.13,0.26,0.0739974029585913,0.16425799402880284,0.0983327547771124,0.16760376999519316,0.00032491821664432937,,0,,,0,,cumulative_place,,0.0,False,2.0,2.0,3.0,2,ambiguous,winticket_line_prediction,provider_forecast_structure_only,3.6697103447546544,16.946772922478125,8.403123775580536,3,3,5,coverage_validated_cumulative_scores_uncalibrated,,unavailable,,0,0
2026-10-10,岐阜,1,014320261010,1791616380,1791616080,4,1,014027,臼井昌巨,両,71.54,,,,,0.04838082368658045,0.030969108827001705,0.13253713222859279,0.09661859235886677,position_specialists,0.030969108827001702,False,,,S,0.225,0.387,0.07,0.19,0.058581277342218116,0.13710791107290454,0.06694218852822277,0.05096722830263184,0.001570438047114259,,0,,,0,,cumulative_place,,0.0,False,2.0,1.0,3.0,2,ambiguous,winticket_line_prediction,provider_forecast_structure_only,3.0969108827001706,13.253713222859279,9.661859235886677,4,4,4,coverage_validated_cumulative_scores_uncalibrated,,unavailable,,0,0
2026-10-10,岐阜,1,014320261010,1791616380,1791616080,5,3,013794,川西亮介,追,67.24,,,,,0.0036841314640862774,0.0009101461135717594,0.03511731886854044,0.07986958390202122,position_specialists,0.0009101461135717593,False,,,S,0.04,0.2,0.0,0.15,-0.010791287931461186,-0.15362693461075289,-0.15350989272549703,-0.05880834034919059,0.001570438047114259,,0,,,0,,cumulative_place,,0.0,False,2.0,3.0,3.0,2,ambiguous,winticket_line_prediction,provider_forecast_structure_only,0.09101461135717595,3.511731886854044,7.986958390202122,5,5,6,coverage_validated_cumulative_scores_uncalibrated,,unavailable,,0,0
2026-10-10,岐阜,1,014320261010,1791616380,1791616080,6,6,012913,増田鉄男,追,64.75,,,,,0.0041771105923753245,0.0007340424278727011,0.0343642694656232,0.12171284667114358,position_specialists,0.000734042427872701,False,,,S,0.0,0.0,0.0,0.3,-0.1726606069033796,-0.15362693461075289,-0.21647055460114942,-0.05880834034919059,0.00032491821664432937,,0,,,0,,cumulative_place,,0.26246700444827525,False,1.0,3.0,4.0,2,ambiguous,winticket_line_prediction,provider_forecast_structure_only,0.0734042427872701,3.43642694656232,12.171284667114358,6,6,3,coverage_validated_cumulative_scores_uncalibrated,,unavailable,,0,0
2026-10-10,岐阜,1,014320261010,1791616380,1791616080,7,2,011198,大竹慎吾,追,65.33,,,,,0.0013683943228533627,0.00027013521718760385,0.018505339098494864,0.04813287944242249,position_specialists,0.0002701352171876038,False,,,S,0.036,0.074,0.01,0.07,-0.1634109315335556,-0.15362693461075289,-0.15350989272549703,-0.05880834034919059,0.001570438047114259,,0,,,0,,cumulative_place,,0.7375329955517248,False,1.0,4.0,4.0,2,ambiguous,winticket_line_prediction,provider_forecast_structure_only,0.027013521718760387,1.8505339098494864,4.813287944242249,7,7,7,coverage_validated_cumulative_scores_uncalibrated,,unavailable,,0,0
2026-10-10,平塚,2,023520261010,1791616800,1791616500,1,5,015932,生野優翔,逃,89.14,,,,,0.6679600743700225,0.8858583552161013,0.28157064187781045,0.16246955151593948,position_specialists,0.8858583552161016,False,,0.8371204235442409,S,0.475,0.7140000000000001,0.2,0.19,0.12094815361006607,0.28113076400523734,0.40706430128485427,0.07101027148017978,0.004554207575741566,,0,,,0,,cumulative_place,,,False,2.0,1.0,3.0,3,verified,winticket_line_prediction,provider_forecast_structure_only,88.58583552161014,28.15706418778105,16.246955151593948,1,2,3,coverage_validated_cumulative_scores_uncalibrated,,unavailable,,0,0
2026-10-10,平塚,2,023520261010,1791616800,1791616500,2,1,014992,楠野史尭,両,81.42,,,,,0.12633059524894333,0.04873793167186064,0.08343305133094328,0.07677352960257876,position_specialists,0.048737931671860656,False,,,S,0.25,0.375,0.21,0.15,-0.0015969607685935375,0.17897312139048827,-0.10537317262053805,0.144403437976473,0.0005601431777650053,,0,,,0,,cumulative_place,,,False,1.0,1.0,3.0,3,verified,winticket_line_prediction,provider_forecast_structure_only,4.873793167186064,8.34330513309433,7.677352960257876,2,5,6,coverage_validated_cumulative_scores_uncalibrated,,unavailable,,0,0
2026-10-10,平塚,2,023520261010,1791616800,1791616500,3,7,014513,樋口絢土,追,81.0,,,,,0.09704634474633005,0.03601849092003074,0.10352871456971029,0.15516263805468175,position_specialists,0.036018490920030746,False,,,S,0.125,0.312,0.18,0.16,0.057528861469519535,0.22138108553959715,-0.1009779071513594,0.034313688232033186,0.0008036836898367471,,0,,,0,,cumulative_place,,,False,1.0,2.0,3.0,3,verified,winticket_line_prediction,provider_forecast_structure_only,3.601849092003074,10.35287145697103,15.516263805468174,3,3,4,coverage_validated_cumulative_scores_uncalibrated,,unavailable,,0,0
2026-10-10,平塚,2,023520261010,1791616800,1791616500,4,3,013348,内藤敦,追,81.87,,,,,0.04690986143835109,0.012663131226137837,0.3268398491637992,0.2512049056786144,position_specialists,0.01266313122613784,False,,,S,0.125,0.3329999999999999,0.1,0.12,-0.042030485297293876,-0.05444454952022543,-0.008215425248488298,-0.07577606151240662,0.0014125349700161004,,0,,,0,,cumulative_place,,,False,2.0,2.0,3.0,3,verified,winticket_line_prediction,provider_forecast_structure_only,1.2663131226137836,32.68398491637993,25.12049056786144,4,1,1,coverage_validated_cumulative_scores_uncalibrated,,unavailable,,0,0
2026-10-10,平塚,2,023520261010,1791616800,1791616500,5,4,013857,浅沼聖士,追,82.92,,,,,0.036125287980424976,0.01169787869972573,0.08800921519294015,0.13477254148974843,position_specialists,0.011697878699725732,False,,,S,0.12,0.36,0.12,0.25,0.12537856216605975,-0.17021675202350975,0.009458018038250186,-0.022399213151466108,0.0005601431777650053,,0,,,0,,cumulative_place,,,False,3.0,1.0,1.0,3,verified,winticket_line_prediction,provider_forecast_structure_only,1.169787869972573,8.800921519294016,13.477254148974843,5,4,5,coverage_validated_cumulative_scores_uncalibrated,,unavailable,,0,0
2026-10-10,平塚,2,023520261010,1791616800,1791616500,6,2,013036,深澤伸介,追,80.12,,,,,0.013630880913315255,0.0034994114715989227,0.08047278497207362,0.17747597106993424,position_specialists,0.0034994114715989236,False,,,S,0.125,0.291,0.1,0.21,0.031254522104068136,-0.09716149508997617,-0.008215425248488298,-0.07577606151240662,0.0014125349700161004,,0,,,0,,cumulative_place,,,False,2.0,3.0,3.0,3,verified,winticket_line_prediction,provider_forecast_structure_only,0.3499411471598923,8.047278497207364,17.747597106993425,6,6,2,coverage_validated_cumulative_scores_uncalibrated,,unavailable,,0,0
2026-10-10,平塚,2,023520261010,1791616800,1791616500,7,6,014713,鈴木裕斗,両,77.85,,,,,0.011996955302612907,0.001524800794544613,0.036145742892722876,0.04214086258850291,position_specialists,0.0015248007945446135,False,,,S,0.047,0.142,0.08,0.0,-0.2914826532838265,-0.11759302361292598,-0.1937403890542305,-0.07577606151240662,0.0014125349700161004,,0,,,0,,cumulative_place,,,False,1.0,3.0,3.0,3,verified,winticket_line_prediction,provider_forecast_structure_only,0.1524800794544613,3.614574289272288,4.2140862588502905,7,7,7,coverage_validated_cumulative_scores_uncalibrated,,unavailable,,0,0
2026-10-10,弥彦,12,122120261010,1791617400,1791617100,1,4,014534,深谷知広,逃,116.26,,,,,0.2868393398051554,0.48269082497919025,0.23164212152481453,0.18153777398335347,position_specialists,0.4826908249791902,False,,0.3213883668901914,A,0.615,0.73,0.18,0.0,0.13963213250918843,0.3986661653560067,0.2566432914398028,0.09439897379263046,0.0015896999721542906,,0,,,0,,cumulative_place,,,False,1.0,2.0,2.0,4,verified,winticket_line_prediction,provider_forecast_structure_only,48.26908249791902,23.164212152481458,18.153777398335347,1,1,1,coverage_validated_cumulative_scores_uncalibrated,,unavailable,,0,0
2026-10-10,弥彦,12,122120261010,1791617400,1791617100,2,3,015039,吉田拓矢,両,120.78,,,,,0.19865526430695166,0.16130245808899882,0.09429783043820561,0.11233178587117282,position_specialists,0.1613024580889988,False,,,A,0.6,0.733,0.11,0.11,-0.06164542695273615,0.12895665050084495,-0.051397480843988305,0.11553307240292089,0.0010725686559113282,,0,,,0,,cumulative_place,,,False,3.0,1.0,2.0,4,verified,winticket_line_prediction,provider_forecast_structure_only,16.130245808899883,9.429783043820562,11.233178587117282,2,5,4,coverage_validated_cumulative_scores_uncalibrated,,unavailable,,0,0
2026-10-10,弥彦,12,122120261010,1791617400,1791617100,3,9,015413,寺崎浩平,逃,115.75,,,,,0.1951491514452828,0.14943375787390034,0.19331337386924002,0.17536173268236296,position_specialists,0.1494337578739003,False,,,A,0.625,0.625,0.5,0.0,0.05004574518939449,0.22181634020312885,-0.02131604045390035,0.00986257935146885,0.0009001915504970074,,0,,,0,,cumulative_place,,,False,4.0,2.0,3.0,4,verified,winticket_line_prediction,provider_forecast_structure_only,14.943375787390034,19.331337386924005,17.536173268236297,3,2,2,coverage_validated_cumulative_scores_uncalibrated,,unavailable,,0,0
2026-10-10,弥彦,12,122120261010,1791617400,1791617100,4,1,014741,郡司浩平,両,116.66,,,,,0.09571026162459458,0.09960846555763904,0.11661813182818566,0.10034296109234357,position_specialists,0.09960846555763903,False,,,A,0.68,0.72,0.25,0.07,-0.006204254810605513,0.016415852676286376,0.3022816211951427,0.06481123573822392,0.0027963397100545353,,0,,,0,,cumulative_place,,,False,1.0,1.0,2.0,4,verified,winticket_line_prediction,provider_forecast_structure_only,9.960846555763904,11.661813182818568,10.034296109234358,4,3,6,coverage_validated_cumulative_scores_uncalibrated,,unavailable,,0,0
2026-10-10,弥彦,12,122120261010,1791617400,1791617100,5,2,014838,古性優作,両,119.5,,,,,0.10261786865718873,0.05595565527022403,0.09815896679291214,0.1219679173349154,position_specialists,0.055955655270224024,False,,,A,0.4,0.7,0.3,0.13,-0.0026638097385230965,0.03249310950836619,-0.0825112595744922,-0.14652975036468016,0.0011683337144748399,,0,,,0,,cumulative_place,,,False,2.0,1.0,2.0,4,verified,winticket_line_prediction,provider_forecast_structure_only,5.595565527022403,9.815896679291216,12.196791733491539,5,4,3,coverage_validated_cumulative_scores_uncalibrated,,unavailable,,0,0
2026-10-10,弥彦,12,122120261010,1791617400,1791617100,6,7,015035,阿部拓真,両,114.44,,,,,0.02536101313097329,0.018057373178048064,0.07609429525180396,0.08262618632717765,position_specialists,0.01805737317804806,False,,,A,0.461,0.5,0.25,0.1,0.22840969197111297,-0.0193425122780681,0.08448517008161543,-0.08735427425586702,0.0022025963469607633,,0,,,0,,cumulative_place,,,False,3.0,2.0,2.0,4,verified,winticket_line_prediction,provider_forecast_structure_only,1.8057373178048064,7.609429525180397,8.262618632717764,6,7,7,coverage_validated_cumulative_scores_uncalibrated,,unavailable,,0,0
2026-10-10,弥彦,12,122120261010,1791617400,1791617100,7,8,013516,荒井崇博,両,114.38,,,,,0.03698078196827341,0.015648896065670482,0.0683810162888757,0.07765387812521375,position_specialists,0.01564889606567048,False,,,A,0.3329999999999999,0.555,0.16,0.16,-0.04829247452227575,0.0369278866342112,-0.20386935947525994,0.0056357596294107646,0.002106831288397252,,0,,,0,,cumulative_place,,,False,2.0,2.0,2.0,4,verified,winticket_line_prediction,provider_forecast_structure_only,1.5648896065670481,6.838101628887572,7.765387812521375,7,8,8,coverage_validated_cumulative_scores_uncalibrated,,unavailable,,0,0
2026-10-10,弥彦,12,122120261010,1791617400,1791617100,8,5,014396,脇本雄太,逃,114.52,,,,,0.048337956076894374,0.014535212374412243,0.0829429724871145,0.11055680318777088,position_specialists,0.014535212374412241,False,,,A,0.315,0.368,0.0,0.0,-0.13079797169790483,-0.24331493774536736,-0.15823102971992004,-0.04085925731322813,0.002719727663203726,,0,,,0,,cumulative_place,,,False,4.0,3.0,3.0,4,verified,winticket_line_prediction,provider_forecast_structure_only,1.4535212374412243,8.294297248711452,11.055680318777087,8,6,5,coverage_validated_cumulative_scores_uncalibrated,,unavailable,,0,0
2026-10-10,弥彦,12,122120261010,1791617400,1791617100,9,6,015362,脇本勇希,逃,106.33,,,,,0.0103483629846858,0.0027673566119167984,0.03855129151884778,0.037620961395689434,position_specialists,0.002767356611916798,False,,,A,0.24,0.36,0.07,0.12,-0.16848363194765054,-0.08808631673223231,-0.1260849126490002,-0.015498338980879638,0.0023749734523750843,,0,,,0,,cumulative_place,,,False,4.0,1.0,3.0,4,verified,winticket_line_prediction,provider_forecast_structure_only,0.27673566119167986,3.855129151884779,3.7620961395689436,9,9,9,coverage_validated_cumulative_scores_uncalibrated,,unavailable,,0,0
2026-10-10,岐阜,2,024320261010,1791617820,1791617520,1,4,016025,高佐龍太郎,逃,79.11,,,,,0.9065481700902803,0.9645736785739571,0.25860747907402426,0.4195635821904533,position_specialists,0.9645736785739571,False,,0.9532960519033049,S,0.833,0.888,0.47,0.05,0.2423857730183116,0.32664767843513975,0.323503525001022,-0.06365294729932364,0.004560422333559847,,0,,,0,,cumulative_place,,0.0,False,1.0,1.0,3.0,3,verified,winticket_line_prediction,provider_forecast_structure_only,96.45736785739571,25.860747907402434,41.95635821904533,1,2,1,coverage_validated_cumulative_scores_uncalibrated,,unavailable,,0,0
2026-10-10,岐阜,2,024320261010,1791617820,1791617520,2,3,014120,永田修一,追,72.73,,,,,0.030616579982650285,0.011277626670652212,0.38587844561721873,0.1568828813984826,position_specialists,0.011277626670652212,False,,,S,0.304,0.521,0.23,0.16,-0.026603316550790297,-0.046740874159341285,-0.009376412604033067,-0.06365294729932364,0.0013953531020593564,,0,,,0,,cumulative_place,,0.0,False,1.0,2.0,3.0,3,verified,winticket_line_prediction,provider_forecast_structure_only,1.1277626670652212,38.58784456172188,15.688288139848261,2,1,3,coverage_validated_cumulative_scores_uncalibrated,,unavailable,,0,0
2026-10-10,岐阜,2,024320261010,1791617820,1791617520,3,2,014705,沢田勇治,両,71.78,,,,,0.019756739566408964,0.007392464107215889,0.08942659803965418,0.06980118857662014,position_specialists,0.007392464107215889,False,,,S,0.272,0.424,0.15,0.1,-0.026603316550790297,-0.12518352869144417,0.08063159468904291,-0.06365294729932364,0.0010380065759222042,,0,,,0,,cumulative_place,,0.0,False,3.0,1.0,2.0,3,verified,winticket_line_prediction,provider_forecast_structure_only,0.7392464107215888,8.94265980396542,6.980118857662014,3,4,4,coverage_validated_cumulative_scores_uncalibrated,,unavailable,,0,0
2026-10-10,岐阜,2,024320261010,1791617820,1791617520,4,1,013964,高田大輔,追,72.57,,,,,0.016090439246010717,0.006617515638630596,0.10399564205887675,0.061685570808137795,position_specialists,0.006617515638630596,False,,,S,0.284,0.428,0.15,0.15,0.045816822948583275,0.05653483032673505,-0.05224248310273868,-0.06365294729932364,0.0013953531020593564,,0,,,0,,cumulative_place,,0.0,False,2.0,2.0,2.0,3,verified,winticket_line_prediction,provider_forecast_structure_only,0.6617515638630597,10.399564205887676,6.1685570808137795,4,3,5,coverage_validated_cumulative_scores_uncalibrated,,unavailable,,0,0
2026-10-10,岐阜,2,024320261010,1791617820,1791617520,5,5,012383,田村光昭,追,69.6,,,,,0.014048949433718483,0.006544225655280407,0.05400344637990956,0.05650709930790298,position_specialists,0.006544225655280407,False,,,S,0.3,0.35,0.13,0.11,-0.047294784979182776,0.2501767762381281,-0.05224248310273868,0.08050225687855635,0.0001531485112016367,,0,,,0,,cumulative_place,,0.0,False,3.0,2.0,2.0,3,verified,winticket_line_prediction,provider_forecast_structure_only,0.6544225655280407,5.4003446379909565,5.650709930790298,5,6,6,coverage_validated_cumulative_scores_uncalibrated,,unavailable,,0,0
2026-10-10,岐阜,2,024320261010,1791617820,1791617520,6,6,014413,松本充生,両,66.66,,,,,0.0068130401116781245,0.0020401207772471064,0.03411261165748969,0.03988184877357531,position_specialists,0.0020401207772471064,False,,,S,0.125,0.125,0.03,0.07,-0.15075212712114505,0.0168205649769108,-0.1094330462816989,0.14602734968668363,0.0013953531020593564,,0,,,0,,cumulative_place,,0.0,False,2.0,1.0,2.0,3,verified,winticket_line_prediction,provider_forecast_structure_only,0.20401207772471064,3.4112611657489698,3.988184877357531,6,7,7,coverage_validated_cumulative_scores_uncalibrated,,unavailable,,0,0
2026-10-10,岐阜,2,024320261010,1791617820,1791617520,7,7,012547,横瀬聡,追,68.91,,,,,0.006126081569253154,0.0015543685770165196,0.07397577717282669,0.19567782894482788,position_specialists,0.0015543685770165196,False,,,S,0.125,0.3329999999999999,0.06,0.24,-0.036949050764986585,-0.10988934825204183,-0.18084069459885552,0.02808218263205454,0.000510495037338789,,0,,,0,,cumulative_place,,1.0,False,1.0,3.0,3.0,3,verified,winticket_line_prediction,provider_forecast_structure_only,0.15543685770165197,7.397577717282671,19.56778289448279,7,5,2,coverage_validated_cumulative_scores_uncalibrated,,unavailable,,0,0
2026-10-10,平塚,3,033520261010,1791618240,1791617940,1,2,014728,三好恵一郎,両,93.15,,,,,0.47364676881781625,0.5931794268480245,0.16854368782789372,0.09319489459749673,position_specialists,0.5931794268480244,False,,0.28605206764245217,A,0.55,0.8,0.2,0.04,0.09262257302243235,0.29684729333543197,0.12328311520754968,0.19595917942265428,0.0006579634650100374,,0,,,0,,cumulative_place,,,False,2.0,2.0,2.0,3,verified,winticket_line_prediction,provider_forecast_structure_only,59.317942684802446,16.854368782789372,9.319489459749674,1,2,5,coverage_validated_cumulative_scores_uncalibrated,,unavailable,,0,0
2026-10-10,平塚,3,033520261010,1791618240,1791617940,2,7,015189,山本隼人,追,89.81,,,,,0.296550023157852,0.30712735920557227,0.437378426465613,0.3364644033382635,position_specialists,0.3071273592055722,False,,,A,0.478,0.7390000000000001,0.25,0.17,0.29167787018022395,0.260541310526908,0.12328311520754968,-0.032659863237109045,0.0018542606741191957,,0,,,0,,cumulative_place,,,False,3.0,2.0,3.0,3,verified,winticket_line_prediction,provider_forecast_structure_only,30.712735920557225,43.7378426465613,33.64644033382635,2,1,1,coverage_validated_cumulative_scores_uncalibrated,,unavailable,,0,0
2026-10-10,平塚,3,033520261010,1791618240,1791617940,3,4,015057,小林史也,逃,85.5,,,,,0.08061456329776394,0.04092546499602249,0.11548031666006811,0.17846857695331894,position_specialists,0.04092546499602248,False,,,A,0.3329999999999999,0.416,0.14,0.1,-0.09802654519705581,0.09899963369075208,0.08839743923666761,-0.032659863237109045,0.0001794445813663736,,0,,,0,,cumulative_place,,,False,3.0,1.0,3.0,3,verified,winticket_line_prediction,provider_forecast_structure_only,4.092546499602249,11.54803166600681,17.846857695331895,3,4,2,coverage_validated_cumulative_scores_uncalibrated,,unavailable,,0,0
2026-10-10,平塚,3,033520261010,1791618240,1791617940,4,5,014460,矢口大樹,両,89.05,,,,,0.0922267326859454,0.040139990245146175,0.14827859400977858,0.11534825506453297,position_specialists,0.04013999024514617,False,,,A,0.2769999999999999,0.3329999999999999,0.12,0.07,-0.1311126614779715,0.06269365088222799,-0.05224278179080244,-0.032659863237109045,0.0018542606741191957,,0,,,0,,cumulative_place,,,False,2.0,1.0,2.0,3,verified,winticket_line_prediction,provider_forecast_structure_only,4.013999024514617,14.827859400977857,11.534825506453297,4,3,4,coverage_validated_cumulative_scores_uncalibrated,,unavailable,,0,0
2026-10-10,平塚,3,033520261010,1791618240,1791617940,5,1,014332,芳野匠,追,84.48,,,,,0.036554845427490955,0.013476418599862814,0.04186716137844278,0.087413229596249,position_specialists,0.013476418599862813,False,,,A,0.222,0.3329999999999999,0.19,0.17,-0.06494042891614023,0.006399430867239655,-0.04491894252134604,-0.032659863237109045,0.002332779557762859,,0,,,0,,cumulative_place,,,False,1.0,2.0,2.0,3,verified,winticket_line_prediction,provider_forecast_structure_only,1.3476418599862814,4.186716137844278,8.7413229596249,5,6,6,coverage_validated_cumulative_scores_uncalibrated,,unavailable,,0,0
2026-10-10,平塚,3,033520261010,1791618240,1791617940,6,6,014615,藤原亮太,両,80.29,,,,,0.013663140843916732,0.0033839163191245283,0.02715306787625745,0.04945948642562018,position_specialists,0.003383916319124528,False,,,A,0.166,0.25,0.07,0.17,-0.09802654519705581,-0.13698925456465422,-0.09586781579131186,-0.032659863237109045,0.0022729646973074003,,0,,,0,,cumulative_place,,,False,1.0,1.0,2.0,3,verified,winticket_line_prediction,provider_forecast_structure_only,0.3383916319124528,2.715306787625745,4.945948642562018,6,7,7,coverage_validated_cumulative_scores_uncalibrated,,unavailable,,0,0
2026-10-10,平塚,3,033520261010,1791618240,1791617940,7,3,013041,三浦稔希,追,83.19,,,,,0.006743925769214717,0.0017674237862474228,0.061298745781946315,0.13965115402451872,position_specialists,0.0017674237862474226,False,,,A,0.136,0.2269999999999999,0.2,0.16,0.007805737585567456,-0.22012596586381908,-0.14193412954830673,-0.032659863237109045,0.00317018760413927,,0,,,0,,cumulative_place,,,False,3.0,3.0,3.0,3,verified,winticket_line_prediction,provider_forecast_structure_only,0.1767423786247423,6.129874578194632,13.965115402451872,7,5,3,coverage_validated_cumulative_scores_uncalibrated,,unavailable,,0,0
2026-10-10,岐阜,3,034320261010,1791619200,1791618900,1,1,015994,林欣司,逃,70.05,,,,,0.40603078845430235,0.39657477642839883,0.1740420272771563,0.16472109001937177,position_specialists,0.39657477642839883,False,,0.16457579271990672,B,0.3329999999999999,0.444,0.11,0.11,0.04097008354101929,0.2992935536024765,-0.015196346002662287,-0.08548369836739145,0.001023989395744329,,0,,,0,,cumulative_place,,,False,1.0,1.0,3.0,3,verified,winticket_line_prediction,provider_forecast_structure_only,39.657477642839886,17.40420272771563,16.472109001937177,1,2,3,coverage_validated_cumulative_scores_uncalibrated,,unavailable,,0,0
2026-10-10,岐阜,3,034320261010,1791619200,1791618900,2,2,014274,吉成晃一,両,71.0,,,,,0.14360490592883937,0.23199898370849212,0.11521249604116088,0.10573503166665693,position_specialists,0.23199898370849212,False,,,B,0.289,0.387,0.1,0.15,0.18436537593458643,0.1243836001191407,0.18571427692239628,0.1022452078511937,0.001023989395744329,,0,,,0,,cumulative_place,,,False,2.0,1.0,2.0,3,verified,winticket_line_prediction,provider_forecast_structure_only,23.199898370849212,11.521249604116088,10.573503166665693,2,4,5,coverage_validated_cumulative_scores_uncalibrated,,unavailable,,0,0
2026-10-10,岐阜,3,034320261010,1791619200,1791618900,3,4,013480,林洋二,追,71.0,,,,,0.20705325609459047,0.17364163509284344,0.30256146010932206,0.2894026666943827,position_specialists,0.17364163509284344,False,,,B,0.222,0.407,0.12,0.22,-0.07374615037383428,0.077058783682104,0.013308774752681302,0.008380754741901126,0.001023989395744329,,0,,,0,,cumulative_place,,,False,1.0,2.0,3.0,3,verified,winticket_line_prediction,provider_forecast_structure_only,17.364163509284346,30.256146010932206,28.94026666943827,3,1,1,coverage_validated_cumulative_scores_uncalibrated,,unavailable,,0,0
2026-10-10,岐阜,3,034320261010,1791619200,1791618900,4,3,013802,大林亮介,追,73.25,,,,,0.09751833004425765,0.10438296933592962,0.11790386292884143,0.06457801673161943,position_specialists,0.10438296933592962,False,,,B,0.259,0.518,0.31,0.13,0.04097008354101929,0.002097375046388648,0.08282766939528022,-0.08548369836739145,0.00036335107590927803,,0,,,0,,cumulative_place,,,False,3.0,2.0,2.0,3,verified,winticket_line_prediction,provider_forecast_structure_only,10.438296933592962,11.790386292884143,6.457801673161943,4,3,7,coverage_validated_cumulative_scores_uncalibrated,,unavailable,,0,0
2026-10-10,岐阜,3,034320261010,1791619200,1791618900,5,7,014407,森佑樹,逃,68.77,,,,,0.08774946939959952,0.06323121190757931,0.11286514407687247,0.11518027909736561,position_specialists,0.06323121190757931,False,,,B,0.185,0.296,0.21,0.09,-0.07374615037383428,0.09939646390723562,-0.015196346002662287,0.04357992465788584,0.004756595902812367,,0,,,0,,cumulative_place,,,False,3.0,1.0,2.0,3,verified,winticket_line_prediction,provider_forecast_structure_only,6.323121190757932,11.286514407687246,11.518027909736562,5,5,4,coverage_validated_cumulative_scores_uncalibrated,,unavailable,,0,0
2026-10-10,岐阜,3,034320261010,1791619200,1791618900,6,5,011665,倉岡慎太郎,追,68.44,,,,,0.03932168008997583,0.023727422300284424,0.09883022849337088,0.08973691704477714,position_specialists,0.023727422300284424,False,,,B,0.111,0.222,0.23,0.02,0.06964914201973288,0.02708451125829376,-0.19524790917511542,0.1022452078511937,0.001023989395744329,,0,,,0,,cumulative_place,,,False,2.0,2.0,2.0,3,verified,winticket_line_prediction,provider_forecast_structure_only,2.372742230028442,9.883022849337088,8.973691704477714,6,6,6,coverage_validated_cumulative_scores_uncalibrated,,unavailable,,0,0
2026-10-10,岐阜,3,034320261010,1791619200,1791618900,7,6,013861,岡田大門,両,68.23,,,,,0.018721569988434814,0.006443001226472197,0.07858478107327603,0.17064599874582645,position_specialists,0.006443001226472197,False,,,B,0.192,0.192,0.07,0.15,-0.18846238428868808,-0.2609481887415529,-0.05621011988991761,-0.08548369836739145,0.001023989395744329,,0,,,0,,cumulative_place,,,False,1.0,3.0,3.0,3,verified,winticket_line_prediction,provider_forecast_structure_only,0.6443001226472197,7.858478107327603,17.064599874582644,7,7,2,coverage_validated_cumulative_scores_uncalibrated,,unavailable,,0,0
2026-10-10,平塚,4,043520261010,1791619680,1791619380,1,7,015893,岩辺陸,逃,91.0,,,,,0.4858159635408418,0.6546128171755142,0.2931679847151608,0.23145560555606887,position_specialists,0.6546128171755142,False,,0.5378768565241746,S,0.475,0.6659999999999999,0.14,0.11,0.10215744861586726,0.3472672442260181,0.15176703239056105,-0.0492365963917331,0.004768530764635078,,0,,,0,,cumulative_place,,0.0,False,1.0,1.0,3.0,3,verified,winticket_line_prediction,provider_forecast_structure_only,65.46128171755143,29.31679847151608,23.145560555606888,1,1,1,coverage_validated_cumulative_scores_uncalibrated,,unavailable,,0,0
2026-10-10,平塚,4,043520261010,1791619680,1791619380,2,3,014185,隅貴史,追,88.44,,,,,0.18294287144554527,0.11673596065133963,0.2402189746196814,0.14701137629443162,position_specialists,0.11673596065133963,False,,,S,0.2769999999999999,0.5,0.18,0.18,-0.16317677910735795,0.1375342269439099,0.058298836589511016,-0.0492365963917331,5.9114017743410396e-05,,0,,,0,,cumulative_place,,0.0,False,2.0,2.0,3.0,3,verified,winticket_line_prediction,provider_forecast_structure_only,11.673596065133964,24.021897461968138,14.701137629443162,2,2,2,coverage_validated_cumulative_scores_uncalibrated,,unavailable,,0,0
2026-10-10,平塚,4,043520261010,1791619680,1791619380,3,4,015833,野村賢,逃,87.8,,,,,0.15593129299074315,0.10864681503034106,0.17451368880465595,0.11456978005590289,position_specialists,0.10864681503034106,False,,,S,0.3329999999999999,0.476,0.22,0.15,0.0979252527456787,0.04454792227291198,-0.10514214822941642,0.08862587350511955,0.0003349794338793239,,0,,,0,,cumulative_place,,0.0,False,2.0,1.0,3.0,3,verified,winticket_line_prediction,provider_forecast_structure_only,10.864681503034106,17.451368880465594,11.456978005590289,3,3,6,coverage_validated_cumulative_scores_uncalibrated,,unavailable,,0,0
2026-10-10,平塚,4,043520261010,1791619680,1791619380,4,1,014669,植木和広,追,86.9,,,,,0.13629601871637592,0.10238203163390884,0.13625204296925988,0.1422600026292036,position_specialists,0.10238203163390884,False,,,S,0.2269999999999999,0.59,0.19,0.23,0.14276079894807694,0.06689971848818516,0.058298836589511016,-0.0492365963917331,0.0014384410984229785,,0,,,0,,cumulative_place,,0.0,False,1.0,2.0,3.0,3,verified,winticket_line_prediction,provider_forecast_structure_only,10.238203163390883,13.625204296925988,14.22600026292036,4,4,4,coverage_validated_cumulative_scores_uncalibrated,,unavailable,,0,0
2026-10-10,平塚,4,043520261010,1791619680,1791619380,5,2,015214,境啓亨,逃,82.44,,,,,0.01791634898146518,0.00947988688876054,0.06883711746463325,0.12117440376068482,position_specialists,0.00947988688876054,False,,,S,0.185,0.407,0.2,0.2,0.0979252527456787,0.03402317659079523,0.006201963815750847,-0.0492365963917331,0.0011625756822870648,,0,,,0,,cumulative_place,,0.0,False,2.0,3.0,3.0,3,verified,winticket_line_prediction,provider_forecast_structure_only,0.947988688876054,6.883711746463325,12.117440376068481,5,5,5,coverage_validated_cumulative_scores_uncalibrated,,unavailable,,0,0
2026-10-10,平塚,4,043520261010,1791619680,1791619380,6,5,013426,本村隆文,追,84.04,,,,,0.016685003104787325,0.007022047786294147,0.0474870988686124,0.09945232138409076,position_specialists,0.007022047786294147,False,,,S,0.166,0.3329999999999999,0.23,0.07,-0.12711178245115082,-0.22041343312185935,-0.013206711994223852,0.1575571084535459,0.0006108448500152376,,0,,,0,,cumulative_place,,0.0,False,3.0,1.0,1.0,3,verified,winticket_line_prediction,provider_forecast_structure_only,0.7022047786294147,4.74870988686124,9.945232138409075,6,6,7,coverage_validated_cumulative_scores_uncalibrated,,unavailable,,0,0
2026-10-10,平塚,4,043520261010,1791619680,1791619380,7,6,013006,佐々木健司,追,81.2,,,,,0.004412501220241414,0.0011204408338416256,0.0395230925579964,0.14407651031961752,position_specialists,0.0011204408338416256,False,,,S,0.08,0.36,0.05,0.28,-0.1504801914967924,-0.16778970471127558,-0.1562178091616936,-0.0492365963917331,0.0011625756822870648,,0,,,0,,cumulative_place,,1.0,False,1.0,3.0,3.0,3,verified,winticket_line_prediction,provider_forecast_structure_only,0.11204408338416257,3.95230925579964,14.407651031961752,7,7,3,coverage_validated_cumulative_scores_uncalibrated,,unavailable,,0,0
2026-10-10,岐阜,4,044320261010,1791620580,1791620280,1,3,016003,吉岡竜太,逃,79.42,,,,,0.9504096966749969,0.9750353822249848,0.5689032861177618,0.6321856740635046,position_specialists,0.9750353822249846,False,,0.9655047932740272,S,0.7609999999999999,0.857,0.05,0.1,0.20184985216817306,0.40958224650950664,0.30130693895081884,0.17181595013479023,0.0024828176658071043,,0,,,0,,cumulative_place,0.0,0.0,False,3.0,1.0,2.0,3,verified,winticket_line_prediction,provider_forecast_structure_only,97.50353822249848,56.89032861177618,63.21856740635046,1,1,1,coverage_validated_cumulative_scores_uncalibrated,,unavailable,,0,0
2026-10-10,岐阜,4,044320261010,1791620580,1791620280,2,4,015912,安達豪太,逃,70.5,,,,,0.020403359728993407,0.009530588950957505,0.051329268058228995,0.04097768395441576,position_specialists,0.009530588950957503,False,,,S,0.5,0.5,0.27,0.08,0.04996934451068781,0.03339596239316064,-0.1886744664165478,0.05906173285883414,0.00388974767643113,,0,,,0,,cumulative_place,0.0,0.0,False,1.0,1.0,3.0,3,verified,winticket_line_prediction,provider_forecast_structure_only,0.9530588950957505,5.132926805822899,4.097768395441577,2,4,6,coverage_validated_cumulative_scores_uncalibrated,,unavailable,,0,0
2026-10-10,岐阜,4,044320261010,1791620580,1791620280,3,2,013796,陶器一馬,追,71.2,,,,,0.01044796656482349,0.00554338332370882,0.12171381437729611,0.12137942981522946,position_specialists,0.005543383323708819,False,,,S,0.208,0.541,0.13,0.15,0.022354706754781368,0.00313118752387157,0.014551990183479822,-0.05369248441712195,0.0007034650053120129,,0,,,0,,cumulative_place,0.0,0.0,False,1.0,2.0,3.0,3,verified,winticket_line_prediction,provider_forecast_structure_only,0.554338332370882,12.171381437729611,12.137942981522947,3,3,2,coverage_validated_cumulative_scores_uncalibrated,,unavailable,,0,0
2026-10-10,岐阜,4,044320261010,1791620580,1791620280,4,5,011417,小川巧,追,73.58,,,,,0.007906072634435766,0.005090200168480209,0.17649842904111068,0.06314329108819243,position_specialists,0.0050902001684802085,False,,,S,0.384,0.5379999999999999,0.21,0.12,0.060708370304651385,0.0222593036653807,0.014551990183479822,-0.01610774532513659,0.0001241408832903551,,0,,,0,,cumulative_place,1.0,0.0,False,3.0,2.0,2.0,3,verified,winticket_line_prediction,provider_forecast_structure_only,0.5090200168480209,17.64984290411107,6.314329108819243,4,2,4,coverage_validated_cumulative_scores_uncalibrated,,unavailable,,0,0
2026-10-10,岐阜,4,044320261010,1791620580,1791620280,5,1,015295,篠田樹,逃,69.2,,,,,0.007081787213846363,0.00358915105405541,0.0356258520648228,0.048549568237626975,position_specialists,0.0035891510540554095,False,,,S,0.233,0.433,0.26,0.14,-0.12952580090270388,-0.02398838603136672,0.15863467376395884,-0.05369248441712195,0.0001241408832903551,,0,,,0,,cumulative_place,0.0,0.0,False,2.0,1.0,2.0,3,verified,winticket_line_prediction,provider_forecast_structure_only,0.358915105405541,3.56258520648228,4.854956823762698,5,5,5,coverage_validated_cumulative_scores_uncalibrated,,unavailable,,0,0
2026-10-10,岐阜,4,044320261010,1791620580,1791620280,6,7,013128,梶原秀庸,追,69.84,,,,,0.002060772865044733,0.0006833777340275034,0.03086816476236864,0.07495179364068667,position_specialists,0.0006833777340275033,False,,,S,0.142,0.357,0.08,0.23,-0.06202335305493263,-0.0982735188518472,-0.15018556333259475,-0.05369248441712195,0.0024828176658071043,,0,,,0,,cumulative_place,0.0,1.0,False,1.0,3.0,3.0,3,verified,winticket_line_prediction,provider_forecast_structure_only,0.06833777340275034,3.086816476236864,7.495179364068667,6,6,3,coverage_validated_cumulative_scores_uncalibrated,,unavailable,,0,0
2026-10-10,岐阜,4,044320261010,1791620580,1791620280,7,6,011451,重一徳,追,67.37,,,,,0.0016903443178593238,0.0005279165437859298,0.01506118557841112,0.01881255920034414,position_specialists,0.0005279165437859297,False,,,S,0.083,0.25,0.0,0.14,-0.1433331197806572,0.0222593036653807,-0.15018556333259475,-0.05369248441712195,0.0001241408832903551,,0,,,0,,cumulative_place,0.0,0.0,False,2.0,2.0,2.0,3,verified,winticket_line_prediction,provider_forecast_structure_only,0.052791654378592984,1.506118557841112,1.881255920034414,7,7,7,coverage_validated_cumulative_scores_uncalibrated,,unavailable,,0,0
2026-10-10,平塚,5,053520261010,1791621120,1791620820,1,6,015853,中島瞳,両,56.71,,,,,0.8808783917205073,0.9079790720322479,0.574971346401919,0.5561119846686096,position_specialists,0.9079790720322479,False,,0.8244204073688752,S,0.7609999999999999,0.904,0.0,0.0,0.2669404129313654,-0.03157423704635027,0.2715547003924203,0.19595917942265428,0.00416671361475898,,0,,,0,,cumulative_place,,0.0,False,5.0,1.0,1.0,7,verified,winticket_line_prediction,provider_forecast_structure_only,90.7979072032248,57.4971346401919,55.611198466860955,1,1,1,coverage_validated_cumulative_scores_uncalibrated,,unavailable,,0,0
2026-10-10,平塚,5,053520261010,1791621120,1791620820,2,1,014966,田中まい,両,53.0,,,,,0.09673336485763702,0.08355866466337271,0.17964199843156706,0.130993772497652,position_specialists,0.08355866466337271,False,,,S,0.36,0.6,0.0,0.0,0.14268520085131634,-0.03157423704635027,0.2480478123395714,-0.032659863237109045,0.0012274040105491567,,0,,,0,,cumulative_place,,0.0,False,1.0,1.0,1.0,7,verified,winticket_line_prediction,provider_forecast_structure_only,8.355866466337272,17.964199843156706,13.099377249765201,2,2,2,coverage_validated_cumulative_scores_uncalibrated,,unavailable,,0,0
2026-10-10,平塚,5,053520261010,1791621120,1791620820,3,7,014967,杉沢毛伊子,両,48.81,,,,,0.010673962362066776,0.004778175467723197,0.06041059962475914,0.0613431659177487,position_specialists,0.004778175467723197,False,,,S,0.147,0.259,0.0,0.0,-0.015306968407354423,-0.03157423704635027,0.03595311253744946,-0.032659863237109045,0.0005491017941930439,,0,,,0,,cumulative_place,,0.0,False,7.0,1.0,1.0,7,verified,winticket_line_prediction,provider_forecast_structure_only,0.4778175467723197,6.041059962475915,6.13431659177487,3,4,5,coverage_validated_cumulative_scores_uncalibrated,,unavailable,,0,0
2026-10-10,平塚,5,053520261010,1791621120,1791620820,4,5,015851,片岡美奈,両,48.83,,,,,0.0047828992629243,0.001623594217520482,0.09076324955362854,0.08982936600556024,position_specialists,0.001623594217520482,False,,,S,0.1,0.233,0.0,0.0,-0.08159330130147464,-0.03157423704635027,-0.1016362253700481,-0.032659863237109045,0.001485804854875295,,0,,,0,,cumulative_place,,0.1726642038183246,False,6.0,1.0,1.0,7,verified,winticket_line_prediction,provider_forecast_structure_only,0.1623594217520482,9.076324955362853,8.982936600556023,4,3,3,coverage_validated_cumulative_scores_uncalibrated,,unavailable,,0,0
2026-10-10,平塚,5,053520261010,1791621120,1791620820,5,4,015759,星野しほ,追,47.14,,,,,0.0031715254479148564,0.0010230799513876036,0.033105358511632134,0.05031246765809822,position_specialists,0.0010230799513876036,False,,,S,0.095,0.142,0.0,0.0,-0.022908366464608455,-0.03157423704635027,-0.12647134600158957,-0.032659863237109045,0.001485804854875295,,0,,,0,,cumulative_place,,0.0,False,4.0,1.0,1.0,7,verified,winticket_line_prediction,provider_forecast_structure_only,0.10230799513876035,3.3105358511632135,5.031246765809822,5,6,6,coverage_validated_cumulative_scores_uncalibrated,,unavailable,,0,0
2026-10-10,平塚,5,053520261010,1791621120,1791620820,6,2,015314,向井円,追,48.08,,,,,0.002005854005523911,0.0005744542740000796,0.034302665169124,0.06643154362122182,position_specialists,0.0005744542740000796,False,,,S,0.0409999999999999,0.125,0.0,0.0,-0.14977888784332594,-0.03157423704635027,-0.15130646663313105,-0.032659863237109045,0.001485804854875295,,0,,,0,,cumulative_place,,0.5599772019774177,False,2.0,1.0,1.0,7,verified,winticket_line_prediction,provider_forecast_structure_only,0.057445427400007965,3.4302665169124005,6.643154362122182,6,5,4,coverage_validated_cumulative_scores_uncalibrated,,unavailable,,0,0
2026-10-10,平塚,5,053520261010,1791621120,1791620820,7,3,015593,中村鈴花,追,46.8,,,,,0.001754002343425961,0.00046295939374795713,0.0268047823073701,0.04497769963110947,position_specialists,0.00046295939374795713,False,,,S,0.0,0.133,0.0,0.0,-0.14003808976591864,-0.03157423704635027,-0.1761415872646725,-0.032659863237109045,0.001485804854875295,,0,,,0,,cumulative_place,,0.26735859420425767,False,3.0,1.0,1.0,7,verified,winticket_line_prediction,provider_forecast_structure_only,0.04629593937479571,2.68047823073701,4.497769963110947,7,7,7,coverage_validated_cumulative_scores_uncalibrated,,unavailable,,0,0
2026-10-10,岐阜,5,054320261010,1791621960,1791621660,1,2,015765,竹野百香,両,57.26,,,,,0.9543297516059832,0.9685216646513963,0.6916506031321724,0.6855803033685592,position_specialists,0.9685216646513963,False,,0.9433837062581157,S,0.8420000000000001,0.947,0.0,0.0,0.19640811612906267,-0.03157423704635027,0.35833041970987817,0.0,0.004388035007720198,,0,,,0,,cumulative_place,,0.0,False,3.0,1.0,1.0,7,verified,winticket_line_prediction,provider_forecast_structure_only,96.85216646513963,69.16506031321724,68.55803033685592,1,1,1,coverage_validated_cumulative_scores_uncalibrated,,unavailable,,0,0
2026-10-10,岐阜,5,054320261010,1791621960,1791621660,2,4,015408,高尾貴美歌,両,55.46,,,,,0.031447342984580934,0.025137958393280622,0.12084380452942621,0.049777206696513296,position_specialists,0.025137958393280622,False,,,S,0.6,0.733,0.0,0.0,0.07767476559730577,-0.03157423704635027,0.14373665130805996,0.0,0.001240878752183171,,0,,,0,,cumulative_place,,0.0,False,6.0,1.0,1.0,7,verified,winticket_line_prediction,provider_forecast_structure_only,2.513795839328062,12.084380452942622,4.97772066965133,2,2,5,coverage_validated_cumulative_scores_uncalibrated,,unavailable,,0,0
2026-10-10,岐阜,5,054320261010,1791621960,1791621660,3,7,014903,増茂るるこ,両,52.66,,,,,0.0061717643943256925,0.0033094121517523293,0.07008494469901083,0.07286970095616868,position_specialists,0.0033094121517523293,False,,,S,0.3329999999999999,0.5329999999999999,0.0,0.0,0.03526999755024973,-0.03157423704635027,-0.029584946811895402,0.0,0.00039564250069608353,,0,,,0,,cumulative_place,,0.0,False,5.0,1.0,1.0,7,verified,winticket_line_prediction,provider_forecast_structure_only,0.33094121517523295,7.008494469901083,7.286970095616868,3,3,3,coverage_validated_cumulative_scores_uncalibrated,,unavailable,,0,0
2026-10-10,岐阜,5,054320261010,1791621960,1791621660,4,5,015310,梶原百香,両,49.68,,,,,0.002983255258718254,0.0013413888006744575,0.05074115391857593,0.07725881820631349,position_specialists,0.0013413888006744575,False,,,S,0.156,0.312,0.0,0.0,0.001346183112604911,-0.03157423704635027,-0.04834176405154993,0.0,0.001025073751803489,,0,,,0,,cumulative_place,,0.42465539842232364,False,7.0,1.0,1.0,7,verified,winticket_line_prediction,provider_forecast_structure_only,0.13413888006744576,5.0741153918575925,7.725881820631349,4,4,2,coverage_validated_cumulative_scores_uncalibrated,,unavailable,,0,0
2026-10-10,岐阜,5,054320261010,1791621960,1791621660,5,1,015071,佐藤亜貴子,両,48.65,,,,,0.0018158940172066035,0.0007327953481290365,0.029404747129780664,0.05230076940812384,position_specialists,0.0007327953481290365,False,,,S,0.2,0.2,0.0,0.0,-0.04953953854386234,-0.03157423704635027,-0.058096026251632585,0.0,0.0011509600020249702,,0,,,0,,cumulative_place,,0.34679961941719506,False,4.0,1.0,1.0,7,verified,winticket_line_prediction,provider_forecast_structure_only,0.07327953481290365,2.9404747129780664,5.230076940812384,5,5,4,coverage_validated_cumulative_scores_uncalibrated,,unavailable,,0,0
2026-10-10,岐阜,5,054320261010,1791621960,1791621660,6,6,016027,松下彩也香,両,46.55,,,,,0.0019351019622611584,0.0005206911726885094,0.016745695690943786,0.025655332253043547,position_specialists,0.0005206911726885094,False,,,S,0.047,0.095,0.0,0.0,-0.1861771244732651,-0.03157423704635027,-0.19240057557125734,0.0,0.0015286187526894134,,0,,,0,,cumulative_place,,0.0,False,1.0,1.0,1.0,7,verified,winticket_line_prediction,provider_forecast_structure_only,0.05206911726885094,1.6745695690943787,2.5655332253043546,6,7,7,coverage_validated_cumulative_scores_uncalibrated,,unavailable,,0,0
2026-10-10,岐阜,5,054320261010,1791621960,1791621660,7,3,015307,田中千尋,両,48.42,,,,,0.0013168897769241007,0.00043608948207870504,0.020529050900090235,0.0365578691112779,position_specialists,0.00043608948207870504,False,,,S,0.105,0.315,0.0,0.0,-0.07498239937209594,-0.03157423704635027,-0.1736437583316028,0.0,0.0015286187526894134,,0,,,0,,cumulative_place,,0.22854498216048122,False,2.0,1.0,1.0,7,verified,winticket_line_prediction,provider_forecast_structure_only,0.04360894820787051,2.0529050900090233,3.6557869111277905,7,6,6,coverage_validated_cumulative_scores_uncalibrated,,unavailable,,0,0
2026-10-10,平塚,6,063520261010,1791622560,1791622260,1,1,015276,佐伯亮輔,逃,98.28,,,,,0.2869368127665956,0.4888295597382382,0.1281524546748205,0.15831663597838247,position_specialists,0.48882955973823833,False,,0.24688434288744462,A,0.64,0.76,0.09,0.1,0.034997002679115666,0.35448592599642026,0.2645532555454234,0.18382399341215497,0.0024244128727957583,,0,,,0,,cumulative_place,,,False,1.0,1.0,3.0,3,verified,winticket_line_prediction,provider_forecast_structure_only,48.88295597382382,12.815245467482052,15.831663597838247,1,4,3,coverage_validated_cumulative_scores_uncalibrated,,unavailable,,0,0
2026-10-10,平塚,6,063520261010,1791622560,1791622260,2,5,014259,戸田洋平,追,100.55,,,,,0.32981734690865555,0.24194521685079365,0.32116834663245153,0.20789683743243198,position_specialists,0.2419452168507937,False,,,A,0.19,0.3329999999999999,0.15,0.05,0.10583530755112887,0.04641042738830891,-0.11139207401631956,-0.057143788214265405,0.002740640638812595,,0,,,0,,cumulative_place,,,False,1.0,2.0,3.0,3,verified,winticket_line_prediction,provider_forecast_structure_only,24.194521685079366,32.11683466324516,20.7896837432432,2,1,1,coverage_validated_cumulative_scores_uncalibrated,,unavailable,,0,0
2026-10-10,平塚,6,063520261010,1791622560,1791622260,3,3,013685,岡田征陽,追,101.65,,,,,0.10078652035788772,0.10218932987386406,0.16295128324628874,0.12717656703693297,position_specialists,0.10218932987386409,False,,,A,0.3329999999999999,0.416,0.19,0.11,-0.030630627114223735,0.16664350306120723,0.013309221979914944,0.019965901906189115,0.0026703678019199648,,0,,,0,,cumulative_place,,,False,3.0,2.0,2.0,3,verified,winticket_line_prediction,provider_forecast_structure_only,10.218932987386406,16.295128324628877,12.717656703693297,3,2,5,coverage_validated_cumulative_scores_uncalibrated,,unavailable,,0,0
2026-10-10,平塚,6,063520261010,1791622560,1791622260,4,2,015168,染谷幸喜,逃,99.13,,,,,0.1054378740547025,0.07109112951148322,0.09537458912120958,0.12924387305732957,position_specialists,0.07109112951148323,False,,,A,0.272,0.5,0.16,0.14,0.025756383673460177,-0.0062133010222748825,-0.04055705442854787,-0.0041308762564529235,0.00028109134757052257,,0,,,0,,cumulative_place,,,False,2.0,1.0,2.0,3,verified,winticket_line_prediction,provider_forecast_structure_only,7.109112951148322,9.53745891212096,12.924387305732957,4,6,4,coverage_validated_cumulative_scores_uncalibrated,,unavailable,,0,0
2026-10-10,平塚,6,063520261010,1791622560,1791622260,5,4,015784,高橋舜,逃,99.1,,,,,0.10758118196499439,0.05362777042573181,0.1007201872255308,0.12088138320303764,position_specialists,0.05362777042573182,False,,,A,0.15,0.4,0.24,0.2,-0.16697784458060594,-0.05430653129143424,-0.05900582104312482,-0.057143788214265405,0.0005270462766947298,,0,,,0,,cumulative_place,,,False,3.0,1.0,2.0,3,verified,winticket_line_prediction,provider_forecast_structure_only,5.362777042573181,10.072018722553082,12.088138320303763,5,5,6,coverage_validated_cumulative_scores_uncalibrated,,unavailable,,0,0
2026-10-10,平塚,6,063520261010,1791622560,1791622260,6,7,013514,山口貴嗣,追,100.32,,,,,0.04009289785655537,0.031106747684046688,0.12890574903840915,0.16254479514830505,position_specialists,0.031106747684046695,False,,,A,0.379,0.413,0.15,0.25,0.10571659035215827,-0.20911096778102908,0.10683519397709082,-0.02822765441909496,0.0009486832980505144,,0,,,0,,cumulative_place,,,False,1.0,3.0,3.0,3,verified,winticket_line_prediction,provider_forecast_structure_only,3.1106747684046687,12.890574903840918,16.254479514830507,6,3,2,coverage_validated_cumulative_scores_uncalibrated,,unavailable,,0,0
2026-10-10,平塚,6,063520261010,1791622560,1791622260,7,6,014710,花田将司,両,95.6,,,,,0.029347366090608906,0.011210245915842146,0.06272739006128959,0.0939399081435803,position_specialists,0.011210245915842148,False,,,A,0.06,0.181,0.11,0.07,-0.07469681256103372,0.07045704252288856,-0.1737427220144368,-0.057143788214265405,0.0024946857096883883,,0,,,0,,cumulative_place,,,False,2.0,2.0,2.0,3,verified,winticket_line_prediction,provider_forecast_structure_only,1.1210245915842145,6.27273900612896,9.39399081435803,7,7,7,coverage_validated_cumulative_scores_uncalibrated,,unavailable,,0,0
2026-10-10,岐阜,6,064320261010,1791623340,1791623040,1,4,016030,川上いちご,両,58.0,,,,,0.9754415960971418,0.9794095809241946,0.6784668670208766,0.6527450470859414,position_specialists,0.9794095809241946,False,,0.9636877010762536,S,0.946,1.0,0.0,0.0,0.21139763546542759,-0.03157423704635027,0.27692872589629497,0.19117233521888705,0.004887473730242136,,0,,,0,,cumulative_place,0.0,0.0,False,4.0,1.0,1.0,7,verified,winticket_line_prediction,provider_forecast_structure_only,97.94095809241946,67.84668670208767,65.27450470859414,1,1,1,coverage_validated_cumulative_scores_uncalibrated,,unavailable,,0,0
2026-10-10,岐阜,6,064320261010,1791623340,1791623040,2,6,015764,宇野紅音,両,53.83,,,,,0.01632843907098555,0.015721879847941045,0.15623994557695947,0.10088616389079931,position_specialists,0.015721879847941045,False,,,S,0.444,0.611,0.0,0.0,0.1088383865762597,-0.03157423704635027,0.10705342143870286,0.010583935513848418,0.0005726736896041291,,0,,,0,,cumulative_place,0.0,0.0,False,5.0,1.0,1.0,7,verified,winticket_line_prediction,provider_forecast_structure_only,1.5721879847941045,15.623994557695951,10.088616389079931,2,2,3,coverage_validated_cumulative_scores_uncalibrated,,unavailable,,0,0
2026-10-10,岐阜,6,064320261010,1791623340,1791623040,3,1,015684,安東莉奈,追,51.73,,,,,0.002763337704083305,0.002054088107069806,0.06864701717068163,0.1024739419840545,position_specialists,0.002054088107069806,False,,,S,0.266,0.433,0.0,0.0,-0.03034916548761092,-0.03157423704635027,0.1333590685180242,-0.0403512541465471,0.0009182526402273103,,0,,,0,,cumulative_place,0.5755952283391997,0.3693036568376321,False,1.0,1.0,1.0,7,verified,winticket_line_prediction,provider_forecast_structure_only,0.2054088107069806,6.864701717068164,10.24739419840545,3,3,2,coverage_validated_cumulative_scores_uncalibrated,,unavailable,,0,0
2026-10-10,岐阜,6,064320261010,1791623340,1791623040,4,3,015940,千葉捺美,両,50.5,,,,,0.002983144082914627,0.0018506461239435304,0.06434029286577692,0.05935648464960142,position_specialists,0.0018506461239435304,False,,,S,0.2269999999999999,0.4539999999999999,0.0,0.0,0.0062791376870918875,-0.03157423704635027,0.012115511988202786,-0.0403512541465471,0.0009182526402273103,,0,,,0,,cumulative_place,0.4244047716608002,0.0,False,3.0,1.0,1.0,7,verified,winticket_line_prediction,provider_forecast_structure_only,0.18506461239435304,6.434029286577694,5.935648464960142,4,4,4,coverage_validated_cumulative_scores_uncalibrated,,unavailable,,0,0
2026-10-10,岐阜,6,064320261010,1791623340,1791623040,5,7,015948,西田美菜,両,48.5,,,,,0.0009880777644487584,0.00041693455788673024,0.0140091467557584,0.038791706045336265,position_specialists,0.00041693455788673024,False,,,S,0.071,0.214,0.0,0.0,-0.07430312929725433,-0.03157423704635027,-0.1495425633848924,-0.0403512541465471,0.0009182526402273103,,0,,,0,,cumulative_place,0.0,0.32422598461147223,False,2.0,1.0,1.0,7,verified,winticket_line_prediction,provider_forecast_structure_only,0.04169345578867303,1.4009146755758402,3.8791706045336265,5,5,5,coverage_validated_cumulative_scores_uncalibrated,,unavailable,,0,0
2026-10-10,岐阜,6,064320261010,1791623340,1791623040,6,5,015938,牧田咲子,両,47.36,,,,,0.0007743522533073683,0.0002906760785608957,0.01063861414556658,0.02781841323321002,position_specialists,0.0002906760785608957,False,,,S,0.0,0.105,0.0,0.0,-0.08895445056713547,-0.03157423704635027,-0.18995708222816624,-0.0403512541465471,0.0006417894797287653,,0,,,0,,cumulative_place,0.0,0.217391419060701,False,7.0,1.0,1.0,7,verified,winticket_line_prediction,provider_forecast_structure_only,0.02906760785608957,1.0638614145566583,2.781841323321002,6,6,6,coverage_validated_cumulative_scores_uncalibrated,,unavailable,,0,0
2026-10-10,岐阜,6,064320261010,1791623340,1791623040,7,2,015862,中原恭恵,両,47.1,,,,,0.0007210530271186577,0.00025619436040338054,0.007658116464380331,0.01792824311105719,position_specialists,0.00025619436040338054,False,,,S,0.0,0.0,0.0,0.0,-0.1329084143767788,-0.03157423704635027,-0.18995708222816624,-0.0403512541465471,0.0009182526402273103,,0,,,0,,cumulative_place,0.0,0.08907893949019473,False,6.0,1.0,1.0,7,verified,winticket_line_prediction,provider_forecast_structure_only,0.025619436040338055,0.7658116464380332,1.7928243111057192,7,7,7,coverage_validated_cumulative_scores_uncalibrated,,unavailable,,0,0
2026-10-10,平塚,7,073520261010,1791624000,1791623700,1,7,015169,野口裕史,逃,100.32,,,,,0.4376206818476988,0.5322119075236685,0.44020213444988204,0.3696906844002468,position_specialists,0.5322119075236685,False,,0.310135141845494,A,0.4589999999999999,0.486,0.16,0.07,0.0389558541365405,0.32980703494448266,0.05761285253592291,-0.05024594344170622,0.0017786464663307455,,0,,,0,,cumulative_place,,,False,3.0,1.0,2.0,3,verified,winticket_line_prediction,provider_forecast_structure_only,53.22119075236685,44.0202134449882,36.969068440024685,1,1,1,coverage_validated_cumulative_scores_uncalibrated,,unavailable,,0,0
2026-10-10,平塚,7,073520261010,1791624000,1791623700,2,2,014945,中井俊亮,両,100.32,,,,,0.20510424212448636,0.22207676567817453,0.1446214854835689,0.07139284882995989,position_specialists,0.22207676567817453,False,,,A,0.23,0.384,0.14,0.12,0.07609239536923451,0.018883479688982935,0.0880367256842069,0.10802877839966835,0.0037445188764857794,,0,,,0,,cumulative_place,,,False,1.0,1.0,3.0,3,verified,winticket_line_prediction,provider_forecast_structure_only,22.20767656781745,14.46214854835689,7.139284882995989,2,3,7,coverage_validated_cumulative_scores_uncalibrated,,unavailable,,0,0
2026-10-10,平塚,7,073520261010,1791624000,1791623700,3,4,013790,稲垣裕之,両,97.86,,,,,0.14893022013383447,0.09728302224229285,0.10174068587520498,0.16925314233734245,position_specialists,0.09728302224229285,False,,,A,0.172,0.31,0.19,0.11,0.03598658123407676,-0.03953691877739747,0.02017805989800968,-0.05024594344170622,0.00040565621161929284,,0,,,0,,cumulative_place,,,False,1.0,2.0,3.0,3,verified,winticket_line_prediction,provider_forecast_structure_only,9.728302224229285,10.174068587520498,16.925314233734245,3,4,2,coverage_validated_cumulative_scores_uncalibrated,,unavailable,,0,0
2026-10-10,平塚,7,073520261010,1791624000,1791623700,4,3,013855,近藤俊明,追,99.59,,,,,0.08174379547256923,0.07792565679959423,0.14931270575439992,0.12174544511820813,position_specialists,0.07792565679959423,False,,,A,0.18,0.272,0.14,0.09,0.14978970305678765,0.049298382724173896,0.06950455833724477,-0.05024594344170622,0.0019346680861843197,,0,,,0,,cumulative_place,,,False,3.0,2.0,2.0,3,verified,winticket_line_prediction,provider_forecast_structure_only,7.792565679959424,14.931270575439992,12.174544511820812,4,2,3,coverage_validated_cumulative_scores_uncalibrated,,unavailable,,0,0
2026-10-10,平塚,7,073520261010,1791624000,1791623700,5,5,014292,丸山直樹,追,96.36,,,,,0.051576379488226784,0.043462402323801864,0.06407333958179988,0.09093650778957955,position_specialists,0.043462402323801864,False,,,A,0.2,0.266,0.22,0.12,0.050706850278992924,0.22696898572731664,0.06950455833724477,-0.05024594344170622,0.0001872259438242891,,0,,,0,,cumulative_place,,,False,2.0,2.0,2.0,3,verified,winticket_line_prediction,provider_forecast_structure_only,4.346240232380186,6.407333958179988,9.093650778957956,5,5,4,coverage_validated_cumulative_scores_uncalibrated,,unavailable,,0,0
2026-10-10,平塚,7,073520261010,1791624000,1791623700,6,1,015694,浮島知稀,逃,95.4,,,,,0.0646784527011356,0.023556021709921635,0.06092549345101754,0.08697465863144621,position_specialists,0.023556021709921635,False,,,A,0.0,0.086,0.07,0.09,-0.14519145261937025,-0.025534171061802724,-0.17703531937293343,-0.05024594344170622,0.00040565621161929284,,0,,,0,,cumulative_place,,,False,2.0,1.0,2.0,3,verified,winticket_line_prediction,provider_forecast_structure_only,2.3556021709921637,6.092549345101754,8.697465863144622,6,6,6,coverage_validated_cumulative_scores_uncalibrated,,unavailable,,0,0
2026-10-10,平塚,7,073520261010,1791624000,1791623700,7,6,013803,三ツ石康洋,両,93.8,,,,,0.010346228232048707,0.0034842237225463928,0.039124155404126754,0.09000671289321703,position_specialists,0.0034842237225463928,False,,,A,0.1,0.15,0.0,0.1,-0.20633993145626142,-0.19152069437166938,-0.12780143541969557,0.1432009388088627,0.0025899588895693312,,0,,,0,,cumulative_place,,,False,1.0,3.0,3.0,3,verified,winticket_line_prediction,provider_forecast_structure_only,0.3484223722546393,3.9124155404126753,9.000671289321703,7,7,5,coverage_validated_cumulative_scores_uncalibrated,,unavailable,,0,0
2026-10-10,岐阜,7,074320261010,1791624720,1791624420,1,1,014340,古川貴之,両,86.71,,,,,0.6151382449841633,0.814157644242965,0.19982756648224756,0.18300384332464442,position_specialists,0.814157644242965,False,,0.7117143818240367,S,0.59,0.59,0.26,0.1,0.15917727958207442,0.36973980033728326,0.30194702123821937,0.08768205648537972,0.004342548918519919,,0,,,0,,cumulative_place,,,False,1.0,1.0,3.0,3,verified,winticket_line_prediction,provider_forecast_structure_only,81.4157644242965,19.982756648224758,18.300384332464443,1,3,2,coverage_validated_cumulative_scores_uncalibrated,,unavailable,,0,0
2026-10-10,岐阜,7,074320261010,1791624720,1791624420,2,7,014414,是永幸寛,追,85.52,,,,,0.17401945277671976,0.1024432624189283,0.31048277564849386,0.14172248995146453,position_specialists,0.1024432624189283,False,,,S,0.19,0.428,0.14,0.19,-0.015225652829589665,0.16826172130326772,-0.009784274667085674,0.15818316947024583,0.0013392907879547415,,0,,,0,,cumulative_place,,,False,1.0,2.0,3.0,3,verified,winticket_line_prediction,provider_forecast_structure_only,10.24432624189283,31.048277564849386,14.172248995146452,2,1,3,coverage_validated_cumulative_scores_uncalibrated,,unavailable,,0,0
2026-10-10,岐阜,7,074320261010,1791624720,1791624420,3,2,014747,猪俣康一,両,84.28,,,,,0.0940586616254087,0.03944574785127348,0.2059704398471956,0.13350602618957036,position_specialists,0.03944574785127348,False,,,S,0.136,0.363,0.08,0.23,0.08650939107721439,0.047897707250562735,-0.045732956038002356,-0.04917304519112511,0.0013392907879547415,,0,,,0,,cumulative_place,,,False,2.0,2.0,3.0,3,verified,winticket_line_prediction,provider_forecast_structure_only,3.944574785127348,20.59704398471956,13.350602618957035,3,2,4,coverage_validated_cumulative_scores_uncalibrated,,unavailable,,0,0
2026-10-10,岐阜,7,074320261010,1791624720,1791624420,4,5,015810,瀧川幸広,逃,81.66,,,,,0.07800920337732083,0.03356438288006805,0.12414951281233391,0.127778501060145,position_specialists,0.03356438288006805,False,,,S,0.208,0.416,0.15,0.13,0.05744223567527037,0.03539531685754726,0.07051248443545916,-0.04917304519112511,0.001359583072620722,,0,,,0,,cumulative_place,,,False,2.0,1.0,3.0,3,verified,winticket_line_prediction,provider_forecast_structure_only,3.356438288006805,12.41495128123339,12.7778501060145,4,4,5,coverage_validated_cumulative_scores_uncalibrated,,unavailable,,0,0
2026-10-10,岐阜,7,074320261010,1791624720,1791624420,5,3,013892,梶山裕次郎,追,82.8,,,,,0.024027676397355605,0.007809318695139313,0.09565802241505807,0.25879400391693924,position_specialists,0.007809318695139313,False,,,S,0.152,0.346,0.02,0.2,0.028375080273326327,-0.12224100155565332,-0.009784274667085674,-0.04917304519112511,0.0013392907879547415,,0,,,0,,cumulative_place,,,False,1.0,3.0,3.0,3,verified,winticket_line_prediction,provider_forecast_structure_only,0.7809318695139313,9.565802241505807,25.879400391693924,5,5,1,coverage_validated_cumulative_scores_uncalibrated,,unavailable,,0,0
2026-10-10,岐阜,7,074320261010,1791624720,1791624420,6,6,014335,中園朋亨,追,78.52,,,,,0.009353181691877339,0.001536313345644947,0.027538976510987676,0.05419184749346229,position_specialists,0.001536313345644947,False,,,S,0.0,0.105,0.0,0.11,-0.18478405934092978,-0.17486472996623711,-0.15357900015075243,-0.04917304519112511,0.000344968839321676,,0,,,0,,cumulative_place,,,False,3.0,1.0,1.0,3,verified,winticket_line_prediction,provider_forecast_structure_only,0.1536313345644947,2.7538976510987676,5.419184749346229,6,7,7,coverage_validated_cumulative_scores_uncalibrated,,unavailable,,0,0
2026-10-10,岐阜,7,074320261010,1791624720,1791624420,7,4,013119,松尾淳,追,78.88,,,,,0.005393579147154526,0.0010433305659808972,0.03637270628368332,0.1010032880637742,position_specialists,0.0010433305659808972,False,,,S,0.0,0.0,0.07,0.07,-0.1314942744373657,-0.08211966353808503,-0.15357900015075243,-0.04917304519112511,0.0013392907879547415,,0,,,0,,cumulative_place,,,False,2.0,3.0,3.0,3,verified,winticket_line_prediction,provider_forecast_structure_only,0.10433305659808972,3.6372706283683316,10.100328806377421,7,6,6,coverage_validated_cumulative_scores_uncalibrated,,unavailable,,0,0
2026-10-10,平塚,8,083520261010,1791625440,1791625140,1,3,015173,格清洋介,逃,101.8,,,,,0.32474350337891716,0.6176217127345974,0.22204853997689317,0.13658758113017747,position_specialists,0.6176217127345973,False,,0.43962718452442706,S,0.483,0.58,0.2,0.06,0.12862685229426718,0.30321024067353247,0.3426131089862946,0.11848721049845694,0.0012390091888150189,,0,,,0,,cumulative_place,,,False,4.0,1.0,2.0,4,verified,winticket_line_prediction,provider_forecast_structure_only,61.76217127345974,22.204853997689316,13.658758113017747,1,1,5,coverage_validated_cumulative_scores_uncalibrated,,unavailable,,0,0
2026-10-10,平塚,8,083520261010,1791625440,1791625140,2,2,015282,宮本隼輔,両,101.4,,,,,0.28536059750256787,0.1779945282101703,0.14570942435320855,0.19421302460570186,position_specialists,0.17799452821017028,False,,,S,0.24,0.44,0.23,0.09,-0.18932309434072422,0.20794325599820598,-0.04024936236524847,0.008285818915976012,0.003756995604793929,,0,,,0,,cumulative_place,,,False,2.0,2.0,2.0,4,verified,winticket_line_prediction,provider_forecast_structure_only,17.79945282101703,14.570942435320855,19.421302460570185,2,3,1,coverage_validated_cumulative_scores_uncalibrated,,unavailable,,0,0
2026-10-10,平塚,8,083520261010,1791625440,1791625140,3,4,015477,兼本将太,逃,102.3,,,,,0.14704864844379703,0.0949808529408765,0.10473890455270911,0.1112084263487529,position_specialists,0.09498085294087649,False,,,S,0.3,0.55,0.17,0.09,0.17364523089417574,-0.055952919677963994,-0.08204195814675921,-0.07291520646058888,0.00127897722716389,,0,,,0,,cumulative_place,,,False,2.0,1.0,2.0,4,verified,winticket_line_prediction,provider_forecast_structure_only,9.49808529408765,10.473890455270912,11.12084263487529,3,6,6,coverage_validated_cumulative_scores_uncalibrated,,unavailable,,0,0
2026-10-10,平塚,8,083520261010,1791625440,1791625140,4,7,015540,徳田匠,逃,98.08,,,,,0.07860002447466999,0.03744699005710319,0.10872976050853175,0.15423265961193625,position_specialists,0.03744699005710318,False,,,S,0.26,0.478,0.14,0.12,-0.11944784508811832,0.02855605922827049,-0.07560791379793025,0.11848721049845694,0.0015587534956059913,,0,,,0,,cumulative_place,,,False,1.0,1.0,2.0,4,verified,winticket_line_prediction,provider_forecast_structure_only,3.744699005710319,10.872976050853175,15.423265961193625,4,5,3,coverage_validated_cumulative_scores_uncalibrated,,unavailable,,0,0
2026-10-10,平塚,8,083520261010,1791625440,1791625140,5,5,014879,月森亮輔,両,99.66,,,,,0.06923997044139828,0.032442230788308365,0.18862295081121733,0.15593495882844302,position_specialists,0.03244223078830836,False,,,S,0.259,0.3329999999999999,0.0,0.0,0.13472266618671946,-0.30924659630969203,0.013526127206567831,-0.026514620531123235,0.0009592329203729175,,0,,,0,,cumulative_place,,,False,3.0,1.0,1.0,4,verified,winticket_line_prediction,provider_forecast_structure_only,3.2442230788308364,18.862295081121733,15.593495882844302,5,2,2,coverage_validated_cumulative_scores_uncalibrated,,unavailable,,0,0
2026-10-10,平塚,8,083520261010,1791625440,1791625140,6,1,012834,松田治之,追,97.64,,,,,0.059100933477351215,0.02704179103132181,0.09503803923191795,0.10170738410710392,position_specialists,0.027041791031321805,False,,,S,0.214,0.321,0.2,0.11,0.017954972064350365,0.08117978763885428,-0.05223225615555403,-0.07291520646058888,0.0026778585693743953,,0,,,0,,cumulative_place,,,False,1.0,2.0,2.0,4,verified,winticket_line_prediction,provider_forecast_structure_only,2.704179103132181,9.503803923191795,10.170738410710392,6,7,7,coverage_validated_cumulative_scores_uncalibrated,,unavailable,,0,0
2026-10-10,平塚,8,083520261010,1791625440,1791625140,7,6,015046,山本紳貴,追,97.4,,,,,0.035906322281298475,0.012471894237622542,0.1351123805655221,0.14611596536788465,position_specialists,0.01247189423762254,False,,,S,0.172,0.275,0.16,0.09,-0.1461787820106702,0.06005254291229564,-0.10600774572737034,-0.07291520646058888,0.0004396484218375871,,0,,,0,,cumulative_place,,,False,4.0,2.0,2.0,4,verified,winticket_line_prediction,provider_forecast_structure_only,1.2471894237622543,13.51123805655221,14.611596536788465,7,4,4,coverage_validated_cumulative_scores_uncalibrated,,unavailable,,0,0
2026-10-10,岐阜,8,084320261010,1791626160,1791625860,1,2,014258,片山智晴,追,89.54,,,,,0.352329960169069,0.34614917150088803,0.2212559872093806,0.15111384036547518,position_specialists,0.34614917150088803,False,,0.10323576265621126,B,0.25,0.416,0.11,0.15,-0.002451451689227216,0.03969771279195259,0.004663915888218947,0.024498085592585844,0.001368949942788826,,0,,,0,,cumulative_place,,,False,3.0,2.0,3.0,3,verified,winticket_line_prediction,provider_forecast_structure_only,34.6149171500888,22.12559872093806,15.111384036547518,1,2,3,coverage_validated_cumulative_scores_uncalibrated,,unavailable,,0,0
2026-10-10,岐阜,8,084320261010,1791626160,1791625860,2,5,015372,野上竜太,逃,86.69,,,,,0.20662660282672848,0.24291340884467677,0.25891069138446615,0.10944707830646037,position_specialists,0.24291340884467677,False,,,B,0.5,0.5760000000000001,0.24,0.08,0.11766968108291054,0.011035658893281909,0.19974915988987188,-0.04242351407496574,0.0004106849828366477,,0,,,0,,cumulative_place,,,False,3.0,1.0,3.0,3,verified,winticket_line_prediction,provider_forecast_structure_only,24.291340884467676,25.891069138446614,10.944707830646037,2,1,6,coverage_validated_cumulative_scores_uncalibrated,,unavailable,,0,0
2026-10-10,岐阜,8,084320261010,1791626160,1791625860,3,1,013641,竹内一暢,追,84.79,,,,,0.18806756503696084,0.19248250603237604,0.12476677575570759,0.1321115082704562,position_specialists,0.19248250603237604,False,,,B,0.375,0.4579999999999999,0.26,0.1,0.04902903378454607,0.17148692260747464,0.13259753269505495,-0.04242351407496574,0.0013461341104090126,,0,,,0,,cumulative_place,,,False,1.0,2.0,3.0,3,verified,winticket_line_prediction,provider_forecast_structure_only,19.248250603237604,12.47667757557076,13.21115082704562,3,4,4,coverage_validated_cumulative_scores_uncalibrated,,unavailable,,0,0
2026-10-10,岐阜,8,084320261010,1791626160,1791625860,4,4,015910,土生智徳,逃,83.95,,,,,0.19832765740515154,0.1912636269019695,0.1531701923985753,0.2195197208664829,position_specialists,0.1912636269019695,False,,,B,0.29,0.416,0.23,0.08,-0.22553355540891157,0.37046077657197835,-0.0098460446529067,0.18761948478224283,0.004220928990265548,,0,,,0,,cumulative_place,,,False,1.0,1.0,3.0,3,verified,winticket_line_prediction,provider_forecast_structure_only,19.12636269019695,15.31701923985753,21.95197208664829,4,3,1,coverage_validated_cumulative_scores_uncalibrated,,unavailable,,0,0
2026-10-10,岐阜,8,084320261010,1791626160,1791625860,5,3,012971,小川将人,追,82.34,,,,,0.023783007087908974,0.01529397981692627,0.10200527361388378,0.13047564594803737,position_specialists,0.01529397981692627,False,,,B,0.2689999999999999,0.5379999999999999,0.06,0.19,0.1348298429075016,-0.13127829660435686,0.047308454823830955,-0.04242351407496574,0.0021675040760823078,,0,,,0,,cumulative_place,,,False,1.0,3.0,3.0,3,verified,winticket_line_prediction,provider_forecast_structure_only,1.529397981692627,10.200527361388378,13.047564594803736,5,5,5,coverage_validated_cumulative_scores_uncalibrated,,unavailable,,0,0
2026-10-10,岐阜,8,084320261010,1791626160,1791625860,6,7,014133,高橋紀史,追,82.73,,,,,0.016196930597004267,0.006572960727820298,0.09383227364776253,0.18130048416184785,position_specialists,0.006572960727820298,False,,,B,0.086,0.347,0.06,0.3,-0.0539319371630005,-0.13127829660435686,-0.16591423985422904,-0.04242351407496574,0.0012092391161301296,,0,,,0,,cumulative_place,,,False,3.0,3.0,3.0,3,verified,winticket_line_prediction,provider_forecast_structure_only,0.6572960727820298,9.383227364776253,18.130048416184785,6,6,2,coverage_validated_cumulative_scores_uncalibrated,,unavailable,,0,0
2026-10-10,岐阜,8,084320261010,1791626160,1791625860,7,6,012681,辻力,追,80.25,,,,,0.014668276877176974,0.005324346175343087,0.046058805990223994,0.07603172208124023,position_specialists,0.005324346175343087,False,,,B,0.036,0.148,0.12,0.08,-0.01961161351381826,-0.08805532696728827,-0.20855877878984105,-0.04242351407496574,0.0004106849828366477,,0,,,0,,cumulative_place,,,False,2.0,1.0,1.0,3,verified,winticket_line_prediction,provider_forecast_structure_only,0.5324346175343087,4.6058805990224,7.603172208124024,7,7,7,coverage_validated_cumulative_scores_uncalibrated,,unavailable,,0,0
2026-10-10,平塚,9,093520261010,1791626940,1791626640,1,5,015555,林昌幸,逃,104.24,,,,,0.3799651966502091,0.5225379636432026,0.24190066359652582,0.2103599763308629,position_specialists,0.5225379636432025,False,,0.3194329302409329,A,0.48,0.64,0.22,0.13,-0.05869333238808949,0.3592355799321889,0.1366244080873208,-0.02502989293964193,0.0040745154588103715,,0,,,0,,cumulative_place,,,False,1.0,1.0,2.0,4,verified,winticket_line_prediction,provider_forecast_structure_only,52.25379636432026,24.190066359652583,21.03599763308629,1,1,2,coverage_validated_cumulative_scores_uncalibrated,,unavailable,,0,0
2026-10-10,平塚,9,093520261010,1791626940,1791626640,2,3,013442,濱田浩司,追,104.38,,,,,0.1678716923178854,0.20310503340226965,0.23528072740549266,0.09372176727845204,position_specialists,0.20310503340226962,False,,,A,0.384,0.5760000000000001,0.22,0.16,0.22151059264484407,0.0295877416426276,0.13105905456451888,-0.06007174305514063,0.0015121913043007564,,0,,,0,,cumulative_place,,,False,1.0,2.0,2.0,4,verified,winticket_line_prediction,provider_forecast_structure_only,20.310503340226965,23.528072740549266,9.372176727845204,2,2,5,coverage_validated_cumulative_scores_uncalibrated,,unavailable,,0,0
2026-10-10,平塚,9,093520261010,1791626940,1791626640,3,7,015093,末木浩二,両,101.66,,,,,0.14405907565389287,0.09856625309421035,0.16640127658184042,0.12831538193672862,position_specialists,0.09856625309421034,False,,,A,0.055,0.222,0.03,0.12,-0.004635934882004478,0.045226792999926865,-0.17243963644416113,0.10345689081718665,0.001869236473371769,,0,,,0,,cumulative_place,,,False,4.0,1.0,2.0,4,verified,winticket_line_prediction,provider_forecast_structure_only,9.856625309421036,16.640127658184042,12.831538193672861,3,3,4,coverage_validated_cumulative_scores_uncalibrated,,unavailable,,0,0
2026-10-10,平塚,9,093520261010,1791626940,1791626640,4,1,015570,松本憲斗,逃,99.95,,,,,0.15850299145729635,0.0797488494076842,0.13598021459892629,0.2787036783333914,position_specialists,0.07974884940768419,False,,,A,0.304,0.304,0.0,0.22,0.007981734287010524,-0.22271002039642288,-0.01843428894342165,-0.0892732848180562,0.001659209903329997,,0,,,0,,cumulative_place,,,False,2.0,1.0,1.0,4,verified,winticket_line_prediction,provider_forecast_structure_only,7.97488494076842,13.598021459892628,27.870367833339138,4,4,1,coverage_validated_cumulative_scores_uncalibrated,,unavailable,,0,0
2026-10-10,平塚,9,093520261010,1791626940,1791626640,5,4,014582,平原啓多,追,97.12,,,,,0.0568774683008434,0.04306514186269474,0.07505816521690095,0.0823572066474187,position_specialists,0.043065141862694736,False,,,A,0.32,0.32,0.13,0.1,0.0854597276281373,-0.01136992621810224,0.05405638081414913,0.056734423996521705,0.0013651727052715163,,0,,,0,,cumulative_place,,,False,4.0,2.0,2.0,4,verified,winticket_line_prediction,provider_forecast_structure_only,4.3065141862694745,7.505816521690095,8.235720664741871,5,6,6,coverage_validated_cumulative_scores_uncalibrated,,unavailable,,0,0
2026-10-10,平塚,9,093520261010,1791626940,1791626640,6,2,013604,庄子信弘,追,98.57,,,,,0.060415315352227675,0.04012412931208696,0.0972837005392436,0.14368745187413814,position_specialists,0.040124129312086955,False,,,A,0.23,0.346,0.11,0.07,-0.04607566321907451,0.17976585713197032,-0.022946292936220622,-0.0892732848180562,0.0006300797101253152,,0,,,0,,cumulative_place,,,False,3.0,2.0,2.0,4,verified,winticket_line_prediction,provider_forecast_structure_only,4.012412931208696,9.72837005392436,14.368745187413815,6,5,3,coverage_validated_cumulative_scores_uncalibrated,,unavailable,,0,0
2026-10-10,平塚,9,093520261010,1791626940,1791626640,7,6,014982,坂本周作,逃,93.65,,,,,0.0323082602676451,0.012852629277851598,0.04809525206107032,0.06285453759900822,position_specialists,0.012852629277851597,False,,,A,0.125,0.156,0.02,0.04,-0.205547124070823,-0.06399365462868603,-0.10791962514218537,0.10345689081718665,0.0007770983091545555,,0,,,0,,cumulative_place,,,False,3.0,1.0,2.0,4,verified,winticket_line_prediction,provider_forecast_structure_only,1.28526292778516,4.809525206107032,6.285453759900822,7,7,7,coverage_validated_cumulative_scores_uncalibrated,,unavailable,,0,0
2026-10-10,岐阜,9,094320261010,1791627660,1791627360,1,7,015820,岩元叶馬,逃,85.62,,,,,0.4242438524717357,0.6217902198035493,0.10862953144639059,0.07317531797207195,position_specialists,0.6217902198035493,False,,0.40872460514145387,S,0.29,0.4579999999999999,0.17,0.14,0.1425757246405416,0.1658709941564538,0.2507491718189654,0.16319376163028018,0.003015140633332659,,0,,,0,,cumulative_place,,,False,1.0,1.0,3.0,3,verified,winticket_line_prediction,provider_forecast_structure_only,62.17902198035493,10.862953144639059,7.317531797207195,1,5,7,coverage_validated_cumulative_scores_uncalibrated,,unavailable,,0,0
2026-10-10,岐阜,9,094320261010,1791627660,1791627360,2,3,014556,小川祐司,両,85.42,,,,,0.2140658434953354,0.21306561466209545,0.25306576261629327,0.17527076192478305,position_specialists,0.21306561466209545,False,,,S,0.428,0.523,0.18,0.11,0.10079772160633636,0.13554591997030135,0.18479389607214494,-0.04859140093485872,0.001741137548825902,,0,,,0,,cumulative_place,,,False,3.0,1.0,2.0,3,verified,winticket_line_prediction,provider_forecast_structure_only,21.306561466209544,25.306576261629328,17.527076192478305,2,1,2,coverage_validated_cumulative_scores_uncalibrated,,unavailable,,0,0
2026-10-10,岐阜,9,094320261010,1791627660,1791627360,3,1,014600,山田祥明,追,83.38,,,,,0.16953454331074574,0.08294435701254227,0.199804497642198,0.27372022619412345,position_specialists,0.08294435701254227,False,,,S,0.157,0.368,0.14,0.16,-0.08488229187902016,0.15784457419473277,-0.06900306986631746,-0.04859140093485872,0.001741137548825902,,0,,,0,,cumulative_place,,,False,1.0,2.0,3.0,3,verified,winticket_line_prediction,provider_forecast_structure_only,8.294435701254226,19.9804497642198,27.372022619412345,3,2,1,coverage_validated_cumulative_scores_uncalibrated,,unavailable,,0,0
2026-10-10,岐阜,9,094320261010,1791627660,1791627360,4,2,012766,立石拓也,追,83.61,,,,,0.07457670660960028,0.0390189742411305,0.1034060701689124,0.1073462329575677,position_specialists,0.0390189742411305,False,,,S,0.21,0.368,0.12,0.28,-0.08488229187902016,0.0971944258224279,0.010369469465620257,-0.04859140093485872,0.001741137548825902,,0,,,0,,cumulative_place,,,False,2.0,2.0,2.0,3,verified,winticket_line_prediction,provider_forecast_structure_only,3.9018974241130504,10.34060701689124,10.734623295756771,4,6,5,coverage_validated_cumulative_scores_uncalibrated,,unavailable,,0,0
2026-10-10,岐阜,9,094320261010,1791627660,1791627360,5,5,013652,隅直幸,追,82.57,,,,,0.05061305487364783,0.02383068993118033,0.1221967074666197,0.11063678115026179,position_specialists,0.02383068993118033,False,,,S,0.1,0.3,0.22,0.02,-0.10809229356468963,0.18816964838088515,-0.14837560919825518,0.07976324304401336,0.0008493353896711718,,0,,,0,,cumulative_place,,,False,3.0,2.0,2.0,3,verified,winticket_line_prediction,provider_forecast_structure_only,2.383068993118033,12.21967074666197,11.06367811502618,5,3,4,coverage_validated_cumulative_scores_uncalibrated,,unavailable,,0,0
2026-10-10,岐阜,9,094320261010,1791627660,1791627360,6,6,015563,久保光司,逃,80.57,,,,,0.04780905818718695,0.013494528466219619,0.10191757013007931,0.1063429288102683,position_specialists,0.013494528466219619,False,,,S,0.142,0.285,0.09,0.11,-0.10809229356468963,-0.046404525146613126,-0.1595307884258405,-0.04859140093485872,4.2466769483558255e-05,,0,,,0,,cumulative_place,,,False,2.0,1.0,2.0,3,verified,winticket_line_prediction,provider_forecast_structure_only,1.349452846621962,10.191757013007932,10.63429288102683,6,7,6,coverage_validated_cumulative_scores_uncalibrated,,unavailable,,0,0
2026-10-10,岐阜,9,094320261010,1791627660,1791627360,7,4,014598,岡崎祥伍,追,80.8,,,,,0.019156941051748134,0.005855615883282493,0.11097986052950679,0.15350775099092373,position_specialists,0.005855615883282493,False,,,S,0.142,0.19,0.0,0.05,0.1425757246405416,-0.3298549385041016,-0.06900306986631746,-0.04859140093485872,0.003015140633332659,,0,,,0,,cumulative_place,,,False,1.0,3.0,3.0,3,verified,winticket_line_prediction,provider_forecast_structure_only,0.5855615883282493,11.097986052950679,15.350775099092374,7,4,3,coverage_validated_cumulative_scores_uncalibrated,,unavailable,,0,0
2026-10-10,平塚,10,103520261010,1791628500,1791628200,1,3,015790,藤田祐大,逃,95.27,,,,,0.5439211581672658,0.7549626403774852,0.3288961498737517,0.2701142354231512,position_specialists,0.754962640377485,False,,0.6361339354190068,S,0.695,0.782,0.14,0.11,0.22677786505257305,0.316231017114538,0.2966100897869912,0.0883989728811175,0.004353845182816523,,0,,,0,,cumulative_place,,,False,1.0,1.0,3.0,3,verified,winticket_line_prediction,provider_forecast_structure_only,75.49626403774852,32.889614987375175,27.01142354231512,1,1,2,coverage_validated_cumulative_scores_uncalibrated,,unavailable,,0,0
2026-10-10,平塚,10,103520261010,1791628500,1791628200,2,7,015817,梅澤忠秀,逃,95.38,,,,,0.16053543608514792,0.11882870495847817,0.12384523696922425,0.07326999986280072,position_specialists,0.11882870495847814,False,,,S,0.57,0.7609999999999999,0.21,0.12,0.16601783725999375,0.17065312045866113,0.12469954537019452,-0.08065267113380305,0.0010590434228472622,,0,,,0,,cumulative_place,,,False,2.0,1.0,3.0,3,verified,winticket_line_prediction,provider_forecast_structure_only,11.882870495847817,12.384523696922427,7.3269999862800725,2,3,7,coverage_validated_cumulative_scores_uncalibrated,,unavailable,,0,0
2026-10-10,平塚,10,103520261010,1791628500,1791628200,3,4,015288,薦田将伍,逃,93.43,,,,,0.1216770581976134,0.07250273409575798,0.10431522805373641,0.11239248381881485,position_specialists,0.07250273409575797,False,,,S,0.5,0.541,0.0,0.28,-0.0754527431589002,0.04381431657901456,0.1415408762723922,0.1298644704696829,0.0012473178091312207,,0,,,0,,cumulative_place,,,False,3.0,1.0,1.0,3,verified,winticket_line_prediction,provider_forecast_structure_only,7.250273409575798,10.431522805373643,11.239248381881485,3,4,3,coverage_validated_cumulative_scores_uncalibrated,,unavailable,,0,0
2026-10-10,平塚,10,103520261010,1791628500,1791628200,4,5,013242,尾崎剛,追,93.0,,,,,0.10168701429003268,0.03565620066654664,0.2679247183887999,0.29154187396841796,position_specialists,0.035656200666546636,False,,,S,0.2769999999999999,0.444,0.25,0.09,0.07177956431732005,0.004910003885429743,-0.14544859591153342,-0.08065267113380305,0.001906278161125073,,0,,,0,,cumulative_place,,,False,1.0,2.0,3.0,3,verified,winticket_line_prediction,provider_forecast_structure_only,3.5656200666546645,26.792471838879994,29.154187396841795,4,2,1,coverage_validated_cumulative_scores_uncalibrated,,unavailable,,0,0
2026-10-10,平塚,10,103520261010,1791628500,1791628200,5,2,015005,野口正則,両,91.79,,,,,0.030108383126168477,0.009502514281093593,0.062041685961732346,0.0805529782574203,position_specialists,0.009502514281093591,False,,,S,0.3329999999999999,0.5,0.04,0.19,-0.1332753219203746,-0.1219287999942169,-0.023354196967433113,0.02460589966793993,0.0002588772811404423,,0,,,0,,cumulative_place,,,False,2.0,3.0,3.0,3,verified,winticket_line_prediction,provider_forecast_structure_only,0.9502514281093593,6.204168596173235,8.05529782574203,5,6,6,coverage_validated_cumulative_scores_uncalibrated,,unavailable,,0,0
2026-10-10,平塚,10,103520261010,1791628500,1791628200,6,6,015635,藤岡徹也,両,83.57,,,,,0.03379736906719694,0.006925322295509102,0.0725138502901538,0.08378498281079029,position_specialists,0.0069253222955091,False,,,S,0.3,0.4,0.36,0.0,-0.10945416522613564,-0.013287233196554862,-0.1265047236949775,-0.08065267113380305,0.0015767979851281466,,0,,,0,,cumulative_place,,,False,2.0,2.0,3.0,3,verified,winticket_line_prediction,provider_forecast_structure_only,0.6925322295509102,7.25138502901538,8.378498281079029,6,5,5,coverage_validated_cumulative_scores_uncalibrated,,unavailable,,0,0
2026-10-10,平塚,10,103520261010,1791628500,1791628200,7,1,014084,小菅誠,追,90.15,,,,,0.008273581066574682,0.001621883325129531,0.04046313046260157,0.08834344585860464,position_specialists,0.0016218833251295305,False,,,S,0.105,0.421,0.05,0.15,-0.14639303632447598,-0.1583232741581861,-0.2675429948556337,-0.0009113296173311013,0.0004236173691389055,,0,,,0,,cumulative_place,,,False,1.0,3.0,3.0,3,verified,winticket_line_prediction,provider_forecast_structure_only,0.1621883325129531,4.046313046260158,8.834344585860464,7,7,4,coverage_validated_cumulative_scores_uncalibrated,,unavailable,,0,0
2026-10-10,岐阜,10,104320261010,1791629280,1791628980,1,5,015734,岡崎陸登,逃,89.66,,,,,0.7056328719884027,0.8045649150188738,0.19672926433833243,0.24597593071836665,position_specialists,0.8045649150188738,False,,0.6445701116496689,S,0.57,0.619,0.24,0.09,0.2146407873952115,0.2237394531852151,0.2919773388829646,-0.03265986323710905,0.0025665002370546986,,0,,,0,,cumulative_place,,,False,1.0,1.0,3.0,3,verified,winticket_line_prediction,provider_forecast_structure_only,80.45649150188738,19.672926433833247,24.597593071836666,1,2,2,coverage_validated_cumulative_scores_uncalibrated,,unavailable,,0,0
2026-10-10,岐阜,10,104320261010,1791629280,1791628980,2,3,015929,鶴淳志,逃,85.33,,,,,0.18876888858265636,0.15999480336920488,0.16966605993385808,0.12345809746790803,position_specialists,0.15999480336920488,False,,,S,0.38,0.5710000000000001,0.19,0.13,0.04500532638931859,0.31427883386602645,0.271129900076432,-0.03265986323710905,0.0035120529559695877,,0,,,0,,cumulative_place,,,False,2.0,1.0,2.0,3,verified,winticket_line_prediction,provider_forecast_structure_only,15.999480336920488,16.966605993385812,12.345809746790803,2,4,4,coverage_validated_cumulative_scores_uncalibrated,,unavailable,,0,0
2026-10-10,岐阜,10,104320261010,1791629280,1791628980,3,1,014704,阿部充宏,両,83.38,,,,,0.052487109300686646,0.020669217350954637,0.3376635253410229,0.26603074889187905,position_specialists,0.020669217350954637,False,,,S,0.152,0.384,0.11,0.16,-0.02769558547034977,0.030613434033596742,-0.1058985798160825,0.1959591794226543,0.001215710638604857,,0,,,0,,cumulative_place,,,False,1.0,2.0,3.0,3,verified,winticket_line_prediction,provider_forecast_structure_only,2.066921735095464,33.766352534102296,26.603074889187905,3,1,1,coverage_validated_cumulative_scores_uncalibrated,,unavailable,,0,0
2026-10-10,岐阜,10,104320261010,1791629280,1791628980,4,7,014784,萱島大介,追,83.83,,,,,0.02026674141347692,0.007823846575355035,0.17572424018991628,0.14753578608242282,position_specialists,0.007823846575355035,False,,,S,0.208,0.375,0.17,0.17,0.00865487045948441,-0.008189157686750966,0.03324514303822414,-0.03265986323710905,0.0013733027584240053,,0,,,0,,cumulative_place,,,False,2.0,2.0,2.0,3,verified,winticket_line_prediction,provider_forecast_structure_only,0.7823846575355035,17.572424018991633,14.753578608242282,4,3,3,coverage_validated_cumulative_scores_uncalibrated,,unavailable,,0,0
2026-10-10,岐阜,10,104320261010,1791629280,1791628980,5,6,015722,竹澤雅也,逃,78.78,,,,,0.014468890767355223,0.0026805700969282456,0.04184160717703423,0.04940638729552716,position_specialists,0.0026805700969282456,False,,,S,0.043,0.086,0.06,0.08,-0.16098059054640856,-0.11254967505779837,-0.13951291969506657,-0.03265986323710905,0.0016884869980623018,,0,,,0,,cumulative_place,,,False,3.0,1.0,2.0,3,verified,winticket_line_prediction,provider_forecast_structure_only,0.26805700969282453,4.184160717703424,4.940638729552716,5,6,6,coverage_validated_cumulative_scores_uncalibrated,,unavailable,,0,0
2026-10-10,岐阜,10,104320261010,1791629280,1791628980,6,2,013581,薮謙治,追,79.63,,,,,0.011709732141304434,0.0025795708983978416,0.033566305486963086,0.048800588837212194,position_specialists,0.0025795708983978416,False,,,S,0.0,0.15,0.26,0.12,-0.11251331597329627,0.05648182851382855,-0.1986610617189536,-0.03265986323710905,0.00011256579987081993,,0,,,0,,cumulative_place,,,False,3.0,2.0,2.0,3,verified,winticket_line_prediction,provider_forecast_structure_only,0.25795708983978416,3.356630548696309,4.88005888372122,6,7,7,coverage_validated_cumulative_scores_uncalibrated,,unavailable,,0,0
2026-10-10,岐阜,10,104320261010,1791629280,1791628980,7,4,014408,守安政雄,追,82.41,,,,,0.006665765806117721,0.0016870766902855553,0.0448089975328729,0.11879246070668416,position_specialists,0.0016870766902855553,False,,,S,0.083,0.25,0.12,0.12,0.03288850774604057,-0.13600861798003105,-0.15227982076751806,-0.03265986323710905,0.0016884869980623018,,0,,,0,,cumulative_place,,,False,1.0,3.0,3.0,3,verified,winticket_line_prediction,provider_forecast_structure_only,0.16870766902855552,4.480899753287291,11.879246070668415,7,5,5,coverage_validated_cumulative_scores_uncalibrated,,unavailable,,0,0
2026-10-10,平塚,11,113520261010,1791630120,1791629820,1,1,015225,坂口楓華,両,58.07,,,,,0.7848118156660213,0.8851396177365606,0.52284383928456,0.5235445512851115,position_specialists,0.8851396177365606,False,,0.824394331621924,S,0.851,0.888,0.0,0.0,0.19260762981264462,-0.03157423704635027,0.34394988022395734,0.13216372009101796,0.0023802947525061458,,0,,,0,,cumulative_place,0.0,0.0,False,3.0,1.0,1.0,7,verified,winticket_line_prediction,provider_forecast_structure_only,88.51396177365606,52.284383928456,52.354455128511134,1,1,1,coverage_validated_cumulative_scores_uncalibrated,,unavailable,,0,0
2026-10-10,平塚,11,113520261010,1791630120,1791629820,2,2,014900,小林莉子,両,57.62,,,,,0.10422068049282059,0.060745286114636546,0.23487771501414575,0.20262072820352775,position_specialists,0.060745286114636546,False,,,S,0.75,0.958,0.0,0.0,0.12463709566422852,-0.03157423704635027,0.09328241080200295,-0.07136840884914969,0.002071738025329423,,0,,,0,,cumulative_place,0.0,0.0,False,4.0,1.0,1.0,7,verified,winticket_line_prediction,provider_forecast_structure_only,6.074528611463655,23.487771501414574,20.26207282035277,2,2,2,coverage_validated_cumulative_scores_uncalibrated,,unavailable,,0,0
2026-10-10,平塚,11,113520261010,1791630120,1791629820,3,7,015495,下条未悠,両,55.85,,,,,0.06137385724094593,0.027463782796444555,0.05419635890009515,0.09475076341887208,position_specialists,0.027463782796444555,False,,,S,0.619,0.809,0.0,0.0,0.011494394812815712,-0.03157423704635027,-0.01107905323723766,-0.0035243658690938037,0.0015574768133682186,,0,,,0,,cumulative_place,0.0,0.0,False,7.0,1.0,1.0,7,verified,winticket_line_prediction,provider_forecast_structure_only,2.7463782796444556,5.419635890009515,9.475076341887206,3,4,3,coverage_validated_cumulative_scores_uncalibrated,,unavailable,,0,0
2026-10-10,平塚,11,113520261010,1791630120,1791629820,4,4,015756,熊谷芽緯,逃,55.42,,,,,0.04177939449330614,0.02476870811603696,0.123549340671092,0.08815846513019104,position_specialists,0.02476870811603696,False,,,S,0.428,0.6659999999999999,0.0,0.0,0.12033216308784986,-0.03157423704635027,0.0341422611440391,0.10749315900736127,0.000631806631838051,,0,,,0,,cumulative_place,0.0,0.0,False,1.0,1.0,1.0,7,verified,winticket_line_prediction,provider_forecast_structure_only,2.476870811603696,12.3549340671092,8.815846513019103,4,3,4,coverage_validated_cumulative_scores_uncalibrated,,unavailable,,0,0
2026-10-10,平塚,11,113520261010,1791630120,1791629820,5,3,015858,平子結菜,両,51.11,,,,,0.0034738517022866416,0.00093578472505304,0.03611733594564295,0.04497955534026518,position_specialists,0.00093578472505304,False,,,S,0.111,0.37,0.0,0.0,-0.056051571147758425,-0.03157423704635027,-0.11912316187701824,-0.07136840884914969,0.001630942700791247,,0,,,0,,cumulative_place,1.0,0.8251303130432487,False,2.0,1.0,1.0,7,verified,winticket_line_prediction,provider_forecast_structure_only,0.093578472505304,3.611733594564295,4.497955534026517,5,5,5,coverage_validated_cumulative_scores_uncalibrated,,unavailable,,0,0
2026-10-10,平塚,11,113520261010,1791630120,1791629820,6,6,015865,豊田美香,両,51.85,,,,,0.0025996506886768775,0.0005995011145921512,0.0166075146033323,0.027017284878053736,position_specialists,0.0005995011145921512,False,,,S,0.284,0.428,0.0,0.0,-0.18295820610399127,-0.03157423704635027,-0.1841931499985284,-0.022027286681836317,0.002556612882321415,,0,,,0,,cumulative_place,0.0,0.05437562370940595,False,6.0,1.0,1.0,7,verified,winticket_line_prediction,provider_forecast_structure_only,0.05995011145921512,1.66075146033323,2.701728487805373,6,6,6,coverage_validated_cumulative_scores_uncalibrated,,unavailable,,0,0
2026-10-10,平塚,11,113520261010,1791630120,1791629820,7,5,015942,齊藤由莉,両,49.21,,,,,0.0017407497159425463,0.0003473193966761888,0.011807895581131806,0.018928651743978796,position_specialists,0.0003473193966761888,False,,,S,0.25,0.35,0.0,0.0,-0.2100615061257893,-0.03157423704635027,-0.15697918705721506,-0.07136840884914969,0.002453760639929174,,0,,,0,,cumulative_place,0.0,0.1204940632473454,False,5.0,1.0,1.0,7,verified,winticket_line_prediction,provider_forecast_structure_only,0.03473193966761888,1.1807895581131806,1.8928651743978793,7,7,7,coverage_validated_cumulative_scores_uncalibrated,,unavailable,,0,0
2026-10-10,岐阜,11,114320261010,1791630960,1791630660,1,2,015751,半田誠,逃,96.28,,,,,0.5148146315691039,0.7877253974528348,0.16914164627318012,0.11782097214705606,position_specialists,0.7877253974528348,False,,0.6977473139086166,S,0.713,0.904,0.2,0.17,0.15047260820833427,0.3638978572001143,0.2399062972601073,0.11737150999845503,0.003897587578192552,,0,,,0,,cumulative_place,,,False,1.0,1.0,2.0,4,verified,winticket_line_prediction,provider_forecast_structure_only,78.77253974528348,16.914164627318016,11.782097214705606,1,1,4,coverage_validated_cumulative_scores_uncalibrated,,unavailable,,0,0
2026-10-10,岐阜,11,114320261010,1791630960,1791630660,2,1,014178,伊原克彦,両,90.71,,,,,0.16035037484242168,0.0899780835442182,0.1466293988697831,0.11265900858930758,position_specialists,0.0899780835442182,False,,,S,0.57,0.7140000000000001,0.3,0.1,0.11219626507054803,-0.06283006042927666,0.15940110253288123,0.11737150999845503,0.0007367391153900556,,0,,,0,,cumulative_place,,,False,2.0,2.0,2.0,4,verified,winticket_line_prediction,provider_forecast_structure_only,8.997808354421819,14.662939886978313,11.265900858930758,2,4,5,coverage_validated_cumulative_scores_uncalibrated,,unavailable,,0,0
2026-10-10,岐阜,11,114320261010,1791630960,1791630660,3,3,015535,佐藤竜太,逃,90.54,,,,,0.1453976023182789,0.06816591435085367,0.1185304127394287,0.10516427404657185,position_specialists,0.06816591435085367,False,,,S,0.5,0.5,0.03,0.06,0.09943748402461927,0.12422203418012692,0.020629200844797482,-0.06459371691190142,0.0010694600062113712,,0,,,0,,cumulative_place,,,False,3.0,1.0,2.0,4,verified,winticket_line_prediction,provider_forecast_structure_only,6.816591435085368,11.853041273942871,10.516427404657184,3,6,6,coverage_validated_cumulative_scores_uncalibrated,,unavailable,,0,0
2026-10-10,岐阜,11,114320261010,1791630960,1791630660,4,5,015184,中野雄喜,両,91.36,,,,,0.06733208150506056,0.02304439997794766,0.16897256556390503,0.16497185445463125,position_specialists,0.02304439997794766,False,,,S,0.473,0.526,0.11,0.11,-0.05366788852652572,0.03963056723189606,-0.059875993882428605,-0.06459371691190142,0.0002614235570738906,,0,,,0,,cumulative_place,,,False,2.0,1.0,2.0,4,verified,winticket_line_prediction,provider_forecast_structure_only,2.3044399977947663,16.897256556390506,16.497185445463124,4,2,3,coverage_validated_cumulative_scores_uncalibrated,,unavailable,,0,0
2026-10-10,岐阜,11,114320261010,1791630960,1791630660,5,7,013824,上吹越直樹,両,90.38,,,,,0.06686229280207444,0.017771729053236568,0.13065757501979483,0.1880172046845557,position_specialists,0.017771729053236568,False,,,S,0.284,0.476,0.1,0.08,-0.16849691793988436,0.04995856216836444,-0.17269146891385043,0.02363184765069564,0.0009268653387165213,,0,,,0,,cumulative_place,,,False,1.0,2.0,2.0,4,verified,winticket_line_prediction,provider_forecast_structure_only,1.7771729053236567,13.065757501979485,18.80172046845557,5,5,2,coverage_validated_cumulative_scores_uncalibrated,,unavailable,,0,0
2026-10-10,岐阜,11,114320261010,1791630960,1791630660,6,4,013653,森安崇之,追,92.59,,,,,0.030626762042082117,0.010022817436780664,0.1583008410006172,0.21071979041789404,position_specialists,0.010022817436780664,False,,,S,0.391,0.521,0.0,0.0,-0.03523853812685087,-0.178602262932561,-0.001789624277079807,-0.06459371691190142,0.002257748902001783,,0,,,0,,cumulative_place,,,False,4.0,1.0,1.0,4,verified,winticket_line_prediction,provider_forecast_structure_only,1.0022817436780664,15.830084100061722,21.071979041789405,6,3,1,coverage_validated_cumulative_scores_uncalibrated,,unavailable,,0,0
2026-10-10,岐阜,11,114320261010,1791630960,1791630660,7,6,013483,宮越孝治,追,89.7,,,,,0.01461625492097843,0.0032916581841283795,0.10776756053329097,0.10064689565998354,position_specialists,0.0032916581841283795,False,,,S,0.25,0.4579999999999999,0.13,0.09,-0.10470301271024064,-0.020534326955161254,-0.18557951356442695,-0.06459371691190142,0.002257748902001783,,0,,,0,,cumulative_place,,,False,3.0,2.0,2.0,4,verified,winticket_line_prediction,provider_forecast_structure_only,0.32916581841283793,10.776756053329098,10.064689565998354,7,7,7,coverage_validated_cumulative_scores_uncalibrated,,unavailable,,0,0
2026-10-10,平塚,12,123520261010,1791631800,1791631500,1,1,015436,青野将大,逃,110.0,,,,,0.42967412397972904,0.6250576071253935,0.3010265084087919,0.24889586528290916,position_specialists,0.6250576071253934,False,,0.47877652905493595,S,0.466,0.5329999999999999,0.17,0.09,0.18597343338126787,0.101670012019552,0.20308178137395783,0.07660968660181512,0.00010266269529414737,,0,,,0,,cumulative_place,,,False,2.0,1.0,2.0,3,verified,winticket_line_prediction,provider_forecast_structure_only,62.50576071253935,30.102650840879193,24.889586528290916,1,1,1,coverage_validated_cumulative_scores_uncalibrated,,unavailable,,0,0
2026-10-10,平塚,12,123520261010,1791631800,1791631500,2,5,015814,岩井芯,逃,107.8,,,,,0.16620686429964818,0.14628107807045745,0.168150576410294,0.17315427681190076,position_specialists,0.14628107807045743,False,,,S,0.37,0.518,0.21,0.07,-0.06910308335661411,0.1998040969820344,0.05670472015060365,0.049962839088140296,0.00225857929647125,,0,,,0,,cumulative_place,,,False,1.0,1.0,3.0,3,verified,winticket_line_prediction,provider_forecast_structure_only,14.628107807045746,16.815057641029398,17.315427681190076,2,3,3,coverage_validated_cumulative_scores_uncalibrated,,unavailable,,0,0
2026-10-10,平塚,12,123520261010,1791631800,1791631500,3,4,015363,田中大我,逃,103.91,,,,,0.09040967310016448,0.08538892157462345,0.07863414882648351,0.07768649484649011,position_specialists,0.08538892157462344,False,,,S,0.4579999999999999,0.583,0.05,0.09,0.16883766412312884,0.24887113946327563,-0.021200652813855844,0.1299033816291648,0.003408401483765704,,0,,,0,,cumulative_place,,,False,3.0,1.0,2.0,3,verified,winticket_line_prediction,provider_forecast_structure_only,8.538892157462346,7.8634148826483505,7.768649484649011,3,6,7,coverage_validated_cumulative_scores_uncalibrated,,unavailable,,0,0
2026-10-10,平塚,12,123520261010,1791631800,1791631500,4,7,015337,佐藤礼文,追,108.77,,,,,0.13546996886167123,0.0570239605970593,0.11170661105595331,0.11024860957686942,position_specialists,0.057023960597059296,False,,,S,0.222,0.444,0.17,0.12,-0.15086188537890274,0.01935937360672252,-0.20379182150424166,-0.08993311035865251,0.002915620546353796,,0,,,0,,cumulative_place,,,False,2.0,2.0,2.0,3,verified,winticket_line_prediction,provider_forecast_structure_only,5.70239605970593,11.17066110559533,11.024860957686942,4,4,4,coverage_validated_cumulative_scores_uncalibrated,,unavailable,,0,0
2026-10-10,平塚,12,123520261010,1791631800,1791631500,5,2,014246,森川大輔,追,103.44,,,,,0.09751499080374557,0.04977148327430494,0.21377635594011715,0.18680231625381868,position_specialists,0.04977148327430493,False,,,S,0.36,0.52,0.16,0.2,0.05084730145035897,-0.005174147633898076,0.0021301203908515864,-0.08993311035865251,0.0010471594920003072,,0,,,0,,cumulative_place,,,False,1.0,2.0,3.0,3,verified,winticket_line_prediction,provider_forecast_structure_only,4.977148327430494,21.377635594011714,18.680231625381868,5,2,2,coverage_validated_cumulative_scores_uncalibrated,,unavailable,,0,0
2026-10-10,平塚,12,123520261010,1791631800,1791631500,6,3,014190,木村隆弘,追,108.47,,,,,0.07011373648035674,0.03176810369396403,0.081483092431237,0.10353672635314647,position_specialists,0.031768103693964024,False,,,S,0.237,0.285,0.2,0.13,-0.2365407316695978,0.06842641608796374,-0.16260743312522302,-0.023315991574465452,0.0007597039451766936,,0,,,0,,cumulative_place,,,False,3.0,2.0,2.0,3,verified,winticket_line_prediction,provider_forecast_structure_only,3.176810369396403,8.1483092431237,10.353672635314647,6,5,5,coverage_validated_cumulative_scores_uncalibrated,,unavailable,,0,0
2026-10-10,平塚,12,123520261010,1791631800,1791631500,7,6,013118,山内卓也,追,101.72,,,,,0.01061064247468479,0.004708845664197495,0.045222706927123095,0.09967571087486536,position_specialists,0.0047088456641974944,False,,,S,0.363,0.484,0.03,0.26,0.05084730145035897,-0.26459079165156335,0.1256832855279075,-0.05329369502734964,0.0010471594920003072,,0,,,0,,cumulative_place,,,False,1.0,3.0,3.0,3,verified,winticket_line_prediction,provider_forecast_structure_only,0.4708845664197495,4.5222706927123095,9.967571087486537,7,7,6,coverage_validated_cumulative_scores_uncalibrated,,unavailable,,0,0
2026-10-10,川崎,1,013420261010,1791632400,1791632100,1,5,013105,松本一成,逃,68.36,,,,,0.2670757564460792,0.3699804199898883,0.18449877222247282,0.1902692832228193,position_specialists,0.3699804199898883,False,,0.15693603092019137,B,0.2,0.233,,,-0.07664378141849008,0.0,0.3771961334331557,0.07744886286984876,0.00035103929841636766,,0,,,0,,cumulative_place,,,False,,,,0,missing,winticket_line_prediction,provider_forecast_structure_only,36.99804199898883,18.44987722224728,19.02692832228193,1,1,1,coverage_validated_cumulative_scores_uncalibrated,,unavailable,,0,0
2026-10-10,川崎,1,013420261010,1791632400,1791632100,2,3,014357,佐藤康恭,両,69.03,,,,,0.17710310677886082,0.21304438906969692,0.16250531088954726,0.13798288484258667,position_specialists,0.21304438906969692,False,,,B,0.133,0.366,,,0.04796047317402041,0.0,0.10539303728279352,0.16457883359842856,0.00035103929841636766,,0,,,0,,cumulative_place,,,False,,,,0,missing,winticket_line_prediction,provider_forecast_structure_only,21.304438906969693,16.250531088954727,13.798288484258666,2,2,4,coverage_validated_cumulative_scores_uncalibrated,,unavailable,,0,0
2026-10-10,川崎,1,013420261010,1791632400,1791632100,3,1,012439,河合康晴,追,71.71,,,,,0.17879978854183184,0.19610304373041404,0.15786991260783936,0.11077088973242448,position_specialists,0.19610304373041404,False,,,B,0.214,0.5,,,0.09272358146977262,0.0,0.027735009811261452,-0.04840553929365545,0.003054041896222398,,0,,,0,,cumulative_place,,,False,,,,0,missing,winticket_line_prediction,provider_forecast_structure_only,19.610304373041405,15.786991260783937,11.077088973242448,3,3,6,coverage_validated_cumulative_scores_uncalibrated,,unavailable,,0,0
2026-10-10,川崎,1,013420261010,1791632400,1791632100,4,4,013324,市川博章,追,68.8,,,,,0.08579432473034133,0.07168417400736593,0.1270752291634294,0.10720472003111611,position_specialists,0.07168417400736593,False,,,B,0.09,0.2269999999999999,,,0.194946281914407,0.0,-0.08875203139603663,-0.04840553929365545,0.00014041571936654698,,0,,,0,,cumulative_place,,,False,,,,0,missing,winticket_line_prediction,provider_forecast_structure_only,7.168417400736593,12.707522916342938,10.720472003111611,4,5,7,coverage_validated_cumulative_scores_uncalibrated,,unavailable,,0,0
2026-10-10,川崎,1,013420261010,1791632400,1791632100,5,2,012938,鈴木規純,追,69.29,,,,,0.107983931825551,0.06344423656205861,0.1502424807443593,0.15023298400238214,position_specialists,0.06344423656205861,False,,,B,0.0409999999999999,0.291,,,-0.031880673122737686,0.0,-0.2052390726033347,-0.04840553929365545,0.0018254043517651113,,0,,,0,,cumulative_place,,,False,,,,0,missing,winticket_line_prediction,provider_forecast_structure_only,6.344423656205861,15.024248074435931,15.023298400238213,5,4,3,coverage_validated_cumulative_scores_uncalibrated,,unavailable,,0,0
2026-10-10,川崎,1,013420261010,1791632400,1791632100,6,7,014694,前島恭平,逃,65.24,,,,,0.12606239537650593,0.05797904909877204,0.11555617631442987,0.1279548549660353,position_specialists,0.05797904909877204,False,,,B,0.08,0.12,,,-0.2556962146014995,0.0,-0.011094003924504565,-0.04840553929365545,0.0023519632993896627,,0,,,0,,cumulative_place,,,False,,,,0,missing,winticket_line_prediction,provider_forecast_structure_only,5.797904909877204,11.555617631442987,12.79548549660353,6,6,5,coverage_validated_cumulative_scores_uncalibrated,,unavailable,,0,0
2026-10-10,川崎,1,013420261010,1791632400,1791632100,7,6,013320,村上順規,追,65.94,,,,,0.057180696300829954,0.027764687541804264,0.10225211805792209,0.17558438320263606,position_specialists,0.027764687541804264,False,,,B,0.0579999999999999,0.176,,,0.02859033258452702,0.0,-0.2052390726033347,-0.04840553929365545,0.003089145826064034,,0,,,0,,cumulative_place,,,False,,,,0,missing,winticket_line_prediction,provider_forecast_structure_only,2.7764687541804265,10.225211805792208,17.558438320263605,7,7,2,coverage_validated_cumulative_scores_uncalibrated,,unavailable,,0,0
2026-10-10,奈良,1,015320261010,1791633000,1791632700,1,1,015286,土居佑次,逃,69.79,,,,,0.4538139333332924,0.6445701514494044,0.21991647158124733,0.16238339771579818,position_specialists,0.6445701514494043,False,,0.46274195623585124,S,0.208,0.416,,,0.04157132789693326,0.0,0.2918210687237921,0.1059034181723259,0.004393825521242845,,0,,,0,,cumulative_place,,,False,,,,0,missing,winticket_line_prediction,provider_forecast_structure_only,64.45701514494044,21.99164715812473,16.23833977157982,1,1,3,coverage_validated_cumulative_scores_uncalibrated,,unavailable,,0,0
2026-10-10,奈良,1,015320261010,1791633000,1791632700,2,4,016002,宮田龍一,逃,67.85,,,,,0.2689960863093769,0.1818281952135531,0.14981352419696345,0.11780558992727998,position_specialists,0.18182819521355306,False,,,S,0.284,0.428,,,-0.010124893852848014,0.0,0.09275622001584774,-0.05016477702899648,0.0013730704753883891,,0,,,0,,cumulative_place,,,False,,,,0,missing,winticket_line_prediction,provider_forecast_structure_only,18.18281952135531,14.981352419696345,11.780558992728,2,2,6,coverage_validated_cumulative_scores_uncalibrated,,unavailable,,0,0
2026-10-10,奈良,1,015320261010,1791633000,1791632700,3,2,012847,古閑良介,追,68.66,,,,,0.09051099933575238,0.0895883704373424,0.1178967660506154,0.09720318029171152,position_specialists,0.08958837043734239,False,,,S,0.21,0.368,,,0.291833278694345,0.0,0.09346764000534097,-0.05016477702899648,2.496491773433416e-05,,0,,,0,,cumulative_place,,,False,,,,0,missing,winticket_line_prediction,provider_forecast_structure_only,8.95883704373424,11.78967660506154,9.720318029171153,3,6,7,coverage_validated_cumulative_scores_uncalibrated,,unavailable,,0,0
2026-10-10,奈良,1,015320261010,1791633000,1791632700,4,3,014319,中野彰人,追,68.66,,,,,0.05436399146227416,0.025603577843001525,0.1440075902386474,0.16724941391411527,position_specialists,0.02560357784300152,False,,,S,0.0,0.25,,,-0.059081396285464466,0.0,-0.19050418958344056,-0.05016477702899648,0.0013730704753883891,,0,,,0,,cumulative_place,,,False,,,,0,missing,winticket_line_prediction,provider_forecast_structure_only,2.5603577843001526,14.40075902386474,16.72494139141153,4,3,2,coverage_validated_cumulative_scores_uncalibrated,,unavailable,,0,0
2026-10-10,奈良,1,015320261010,1791633000,1791632700,5,7,013651,井山和裕,追,66.53,,,,,0.05235860161924785,0.0250379146124065,0.13572586250775034,0.1407884959271303,position_specialists,0.025037914612406495,False,,,S,0.133,0.266,,,-0.12703671130005975,0.0,-0.048518274789049805,0.1449204669726565,0.0010734914625763767,,0,,,0,,cumulative_place,,,False,,,,0,missing,winticket_line_prediction,provider_forecast_structure_only,2.5037914612406498,13.572586250775034,14.078849592713032,5,4,5,coverage_validated_cumulative_scores_uncalibrated,,unavailable,,0,0
2026-10-10,奈良,1,015320261010,1791633000,1791632700,6,5,012406,濱田昭一郎,追,67.31,,,,,0.04045771435364555,0.017705941287150737,0.10553386614066028,0.14461727057744345,position_specialists,0.017705941287150733,False,,,S,0.034,0.206,,,-0.035243269238903877,0.0,-0.11951123218624518,-0.05016477702899648,0.0013730704753883891,,0,,,0,,cumulative_place,,,False,,,,0,missing,winticket_line_prediction,provider_forecast_structure_only,1.7705941287150737,10.553386614066028,14.461727057744346,6,7,4,coverage_validated_cumulative_scores_uncalibrated,,unavailable,,0,0
2026-10-10,奈良,1,015320261010,1791633000,1791632700,7,6,012537,取鳥敬一,追,67.09,,,,,0.03949867358641081,0.015665849157141455,0.12710591928411588,0.16995265164652124,position_specialists,0.01566584915714145,False,,,S,0.047,0.142,,,-0.10191833591400389,0.0,-0.11951123218624518,-0.05016477702899648,0.0013730704753883891,,0,,,0,,cumulative_place,,,False,,,,0,missing,winticket_line_prediction,provider_forecast_structure_only,1.5665849157141456,12.710591928411588,16.995265164652128,7,5,1,coverage_validated_cumulative_scores_uncalibrated,,unavailable,,0,0
2026-10-10,川崎,2,023420261010,1791633600,1791633300,1,1,014644,高橋明久,逃,72.45,,,,,0.5217511835504,0.6774387567530094,0.22871239878741756,0.10344820281150617,position_specialists,0.6774387567530092,False,,0.514655305652924,S,0.3329999999999999,0.523,,,0.18196395094754142,0.0,0.11934191921061285,0.12220201853215575,0.0036689969285267137,,0,,,0,,cumulative_place,,,False,,,,0,missing,winticket_line_prediction,provider_forecast_structure_only,67.74387567530094,22.87123987874175,10.344820281150618,1,1,7,coverage_validated_cumulative_scores_uncalibrated,,unavailable,,0,0
2026-10-10,川崎,2,023420261010,1791633600,1791633300,2,2,013768,旭啓介,追,70.85,,,,,0.14745403525509274,0.16278345110008532,0.1864243960047737,0.12996220640432848,position_specialists,0.1627834511000853,False,,,S,0.295,0.407,,,0.09717347385202076,0.0,0.16845227129139975,0.12220201853215575,0.0022013981571160283,,0,,,0,,cumulative_place,,,False,,,,0,missing,winticket_line_prediction,provider_forecast_structure_only,16.278345110008534,18.642439600477367,12.996220640432849,2,2,5,coverage_validated_cumulative_scores_uncalibrated,,unavailable,,0,0
2026-10-10,川崎,2,023420261010,1791633600,1791633300,3,6,014697,相川巧,両,67.5,,,,,0.08101959099243379,0.04549570940509355,0.16501188260668542,0.18338013279115398,position_specialists,0.045495709405093544,False,,,S,0.152,0.23,,,-0.003862823256163748,0.0,0.045359016087643866,-0.06110100926607787,0.001100699078558014,,0,,,0,,cumulative_place,,,False,,,,0,missing,winticket_line_prediction,provider_forecast_structure_only,4.549570940509355,16.50118826066854,18.338013279115398,3,3,1,coverage_validated_cumulative_scores_uncalibrated,,unavailable,,0,0
2026-10-10,川崎,2,023420261010,1791633600,1791633300,4,5,014443,堀内昇,両,67.55,,,,,0.10321639705993388,0.04175030709982505,0.09050719092655087,0.12750087873752114,position_specialists,0.041750307099825044,False,,,S,0.166,0.222,,,-0.1265419117672536,0.0,-0.08281223914473107,-0.06110100926607787,0.0007337993857053424,,0,,,0,,cumulative_place,,,False,,,,0,missing,winticket_line_prediction,provider_forecast_structure_only,4.175030709982505,9.050719092655084,12.750087873752115,4,6,6,coverage_validated_cumulative_scores_uncalibrated,,unavailable,,0,0
2026-10-10,川崎,2,023420261010,1791633600,1791633300,5,3,014287,齋藤昌太,追,69.32,,,,,0.06368173988622607,0.03512659776507293,0.11713768870957147,0.13665738817763226,position_specialists,0.035126597765072924,False,,,S,0.12,0.28,,,-0.007479106130304555,0.0,-0.08344698914830848,0.0,0.001100699078558014,,0,,,0,,cumulative_place,,,False,,,,0,missing,winticket_line_prediction,provider_forecast_structure_only,3.5126597765072933,11.713768870957146,13.665738817763225,5,5,4,coverage_validated_cumulative_scores_uncalibrated,,unavailable,,0,0
2026-10-10,川崎,2,023420261010,1791633600,1791633300,6,7,014019,長崎達也,両,67.0,,,,,0.057677704383453064,0.02834680453846129,0.12768956150639482,0.16632267745524204,position_specialists,0.028346804538461286,False,,,S,0.208,0.25,,,-0.016492360394686885,0.0,0.017312715027574803,-0.06110100926607787,0.0003668996928526712,,0,,,0,,cumulative_place,,,False,,,,0,missing,winticket_line_prediction,provider_forecast_structure_only,2.8346804538461288,12.768956150639479,16.632267745524203,6,4,2,coverage_validated_cumulative_scores_uncalibrated,,unavailable,,0,0
2026-10-10,川崎,2,023420261010,1791633600,1791633300,7,4,014433,長田彰人,追,67.94,,,,,0.02519934887246043,0.009058373338452623,0.08451688145860621,0.1527285136226159,position_specialists,0.009058373338452622,False,,,S,0.0579999999999999,0.235,,,-0.12476122325115288,0.0,-0.18420669332419173,-0.06110100926607787,0.0025682978499687,,0,,,0,,cumulative_place,,,False,,,,0,missing,winticket_line_prediction,provider_forecast_structure_only,0.9058373338452623,8.451688145860619,15.27285136226159,7,7,3,coverage_validated_cumulative_scores_uncalibrated,,unavailable,,0,0
2026-10-10,奈良,2,025320261010,1791634200,1791633900,1,1,014033,藤縄洋介,両,70.88,,,,,0.3049339332775314,0.5296171586846458,0.18835658212653877,0.0710145528684715,position_specialists,0.5296171586846459,False,,0.3437874027040325,A,0.3329999999999999,0.407,,,0.22064349929441257,0.0,0.18887565727816347,0.12649110640673517,0.00045274960674272725,,0,,,0,,cumulative_place,,,False,,,,0,missing,winticket_line_prediction,provider_forecast_structure_only,52.96171586846457,18.83565821265388,7.10145528684715,1,1,7,coverage_validated_cumulative_scores_uncalibrated,,unavailable,,0,0
2026-10-10,奈良,2,025320261010,1791634200,1791633900,2,5,014559,田山誠,逃,68.5,,,,,0.23153004821722653,0.1858297559806133,0.14803955739084929,0.15289614913443333,position_specialists,0.18582975598061333,False,,,A,0.29,0.3329999999999999,,,-0.11952708924046651,0.0,0.08038005116713004,0.12649110640673517,0.0027164976404563616,,0,,,0,,cumulative_place,,,False,,,,0,missing,winticket_line_prediction,provider_forecast_structure_only,18.58297559806133,14.803955739084929,15.289614913443334,2,4,4,coverage_validated_cumulative_scores_uncalibrated,,unavailable,,0,0
2026-10-10,奈良,2,025320261010,1791634200,1791633900,3,3,015542,中嶋樹,逃,69.17,,,,,0.1955703250146796,0.12927136319620017,0.16079455581896415,0.2528106127205152,position_specialists,0.1292713631962002,False,,,A,0.208,0.3329999999999999,,,-0.13996906049862526,0.0,0.020098809088432965,-0.05059644256269407,0.00218828976592318,,0,,,0,,cumulative_place,,,False,,,,0,missing,winticket_line_prediction,provider_forecast_structure_only,12.927136319620017,16.079455581896415,25.28106127205152,3,2,1,coverage_validated_cumulative_scores_uncalibrated,,unavailable,,0,0
2026-10-10,奈良,2,025320261010,1791634200,1791633900,4,6,014395,竹田慎一,両,67.91,,,,,0.12152677217824817,0.06019864480931025,0.139141397868536,0.17093764180849483,position_specialists,0.06019864480931027,False,,,A,0.166,0.25,,,-0.03934600151113471,0.0,-0.12725829089022128,-0.05059644256269407,0.0016600818913899986,,0,,,0,,cumulative_place,,,False,,,,0,missing,winticket_line_prediction,provider_forecast_structure_only,6.019864480931025,13.9141397868536,17.093764180849483,4,5,2,coverage_validated_cumulative_scores_uncalibrated,,unavailable,,0,0
2026-10-10,奈良,2,025320261010,1791634200,1791633900,5,2,013663,中野功史,追,70.18,,,,,0.06729652500574033,0.04503331123600738,0.15449142873705451,0.16668248505483196,position_specialists,0.04503331123600739,False,,,A,0.1169999999999999,0.294,,,-0.04911585490680828,0.0,-0.11118683621277585,-0.05059644256269407,0.0017732692930756808,,0,,,0,,cumulative_place,,,False,,,,0,missing,winticket_line_prediction,provider_forecast_structure_only,4.503331123600738,15.449142873705451,16.668248505483195,5,3,3,coverage_validated_cumulative_scores_uncalibrated,,unavailable,,0,0
2026-10-10,奈良,2,025320261010,1791634200,1791633900,6,4,012530,池上孝之,追,68.55,,,,,0.03878143837877569,0.026505408856745526,0.104898774119874,0.09593930750527327,position_specialists,0.026505408856745533,False,,,A,0.237,0.38,,,0.012552325285914066,0.0,0.017411375283340975,-0.05059644256269407,0.0025655811048754533,,0,,,0,,cumulative_place,,,False,,,,0,missing,winticket_line_prediction,provider_forecast_structure_only,2.6505408856745527,10.4898774119874,9.593930750527328,6,6,5,coverage_validated_cumulative_scores_uncalibrated,,unavailable,,0,0
2026-10-10,奈良,2,025320261010,1791634200,1791633900,7,7,013272,古田義明,追,67.47,,,,,0.04036095792779823,0.02354435723647751,0.10427770393818328,0.08971925090797996,position_specialists,0.023544357236477517,False,,,A,0.13,0.173,,,0.11476218157670812,0.0,-0.06832076571407024,-0.05059644256269407,0.0017732692930756808,,0,,,0,,cumulative_place,,,False,,,,0,missing,winticket_line_prediction,provider_forecast_structure_only,2.354435723647751,10.427770393818328,8.971925090797995,7,7,6,coverage_validated_cumulative_scores_uncalibrated,,unavailable,,0,0
2026-10-10,川崎,3,033420261010,1791634800,1791634500,1,1,015976,勝沼遼,逃,78.11,,,,,0.6838567215015816,0.6954445300828327,0.29148088766929414,0.2947333281030988,position_specialists,0.6954445300828327,False,,0.5305211662622519,S,0.611,0.833,,,0.08510564721540093,0.0,0.12798627899497333,-0.05167537931729391,0.002917245095864134,,0,,,0,,cumulative_place,,,False,,,,0,missing,winticket_line_prediction,provider_forecast_structure_only,69.54445300828327,29.14808876692941,29.47333281030989,1,1,1,coverage_validated_cumulative_scores_uncalibrated,,unavailable,,0,0
2026-10-10,川崎,3,033420261010,1791634800,1791634500,2,4,015889,大本隆也,逃,75.33,,,,,0.1478321642728146,0.1649233638205808,0.18183536052989854,0.12169382270372081,position_specialists,0.1649233638205808,False,,,S,0.421,0.631,,,0.14284335813247226,0.0,0.05626256508631189,0.18321270848858748,0.003241383439849038,,0,,,0,,cumulative_place,,,False,,,,0,missing,winticket_line_prediction,provider_forecast_structure_only,16.492336382058078,18.18353605298985,12.169382270372084,2,3,4,coverage_validated_cumulative_scores_uncalibrated,,unavailable,,0,0
2026-10-10,川崎,3,033420261010,1791634800,1791634500,3,2,014369,中川拓也,両,75.82,,,,,0.1118643554962811,0.10242955720062831,0.2267482634158512,0.17778756154916545,position_specialists,0.10242955720062831,False,,,S,0.391,0.608,,,0.11397450267393656,0.0,0.06134153382758008,0.02348880878058814,0.001458622547932067,,0,,,0,,cumulative_place,,,False,,,,0,missing,winticket_line_prediction,provider_forecast_structure_only,10.242955720062831,22.674826341585117,17.778756154916547,3,2,2,coverage_validated_cumulative_scores_uncalibrated,,unavailable,,0,0
2026-10-10,川崎,3,033420261010,1791634800,1791634500,4,3,014385,山本淳,追,75.46,,,,,0.022772817171604665,0.01861869757963918,0.12569821513290266,0.12242842515119634,position_specialists,0.01861869757963918,False,,,S,0.366,0.633,,,-0.041254741096342334,0.0,0.11910112361807251,0.0,0.001296553375939615,,0,,,0,,cumulative_place,,,False,,,,0,missing,winticket_line_prediction,provider_forecast_structure_only,1.861869757963918,12.569821513290263,12.242842515119637,4,4,3,coverage_validated_cumulative_scores_uncalibrated,,unavailable,,0,0
2026-10-10,川崎,3,033420261010,1791634800,1791634500,5,5,015425,藤野竜也,追,72.47,,,,,0.023732045379590238,0.015064719437212559,0.0961881959896564,0.10350412454678282,position_specialists,0.015064719437212559,False,,,S,0.38,0.523,,,-0.006943402399006336,0.0,0.03246173893233387,-0.05167537931729391,0.0003241383439849036,,0,,,0,,cumulative_place,,,False,,,,0,missing,winticket_line_prediction,provider_forecast_structure_only,1.506471943721256,9.618819598965638,10.350412454678283,5,5,5,coverage_validated_cumulative_scores_uncalibrated,,unavailable,,0,0
2026-10-10,川崎,3,033420261010,1791634800,1791634500,6,6,014446,菅藤智,追,69.76,,,,,0.006515710589732373,0.002515564572068288,0.03001006010198576,0.09892725675287445,position_specialists,0.002515564572068288,False,,,S,0.0,0.294,,,-0.07916285758986528,0.0,-0.19857662022963585,-0.05167537931729391,0.001134484203947163,,0,,,0,,cumulative_place,,,False,,,,0,missing,winticket_line_prediction,provider_forecast_structure_only,0.2515564572068288,3.001006010198575,9.892725675287446,6,7,6,coverage_validated_cumulative_scores_uncalibrated,,unavailable,,0,0
2026-10-10,川崎,3,033420261010,1791634800,1791634500,7,7,014213,岡田哲夫,追,66.2,,,,,0.0034261855883953797,0.0010035673070382114,0.04803901716041127,0.08092548119316127,position_specialists,0.0010035673070382114,False,,,S,0.0,0.1,,,-0.21456250693659581,0.0,-0.19857662022963585,-0.05167537931729391,0.0019448300639094225,,0,,,0,,cumulative_place,,,False,,,,0,missing,winticket_line_prediction,provider_forecast_structure_only,0.10035673070382115,4.803901716041127,8.09254811931613,7,6,7,coverage_validated_cumulative_scores_uncalibrated,,unavailable,,0,0
2026-10-10,奈良,3,035320261010,1791635400,1791635100,1,1,016007,渡邊諒馬,逃,79.1,,,,,0.7547166799520022,0.8037421956916849,0.49391058185676767,0.5723351485547554,position_specialists,0.8037421956916848,False,,0.6771671164728269,S,0.7,0.75,,,0.19186275857204482,0.0,0.1442293120036917,-0.05167537931729391,0.004728458637276605,,0,,,0,,cumulative_place,,,False,,,,0,missing,winticket_line_prediction,provider_forecast_structure_only,80.37421956916849,49.391058185676755,57.23351485547554,1,1,1,coverage_validated_cumulative_scores_uncalibrated,,unavailable,,0,0
2026-10-10,奈良,3,035320261010,1791635400,1791635100,2,2,014778,宮崎一彰,追,76.59,,,,,0.12826449930205544,0.12657507921885794,0.15941304621364427,0.10588280784684541,position_specialists,0.1265750792188579,False,,,S,0.478,0.652,,,0.15998569640691965,0.0,0.028401669444807404,0.18321270848858748,0.00034504968434180604,,0,,,0,,cumulative_place,,,False,,,,0,missing,winticket_line_prediction,provider_forecast_structure_only,12.657507921885793,15.941304621364424,10.58828078468454,2,2,2,coverage_validated_cumulative_scores_uncalibrated,,unavailable,,0,0
2026-10-10,奈良,3,035320261010,1791635400,1791635100,3,3,013451,松本大地,追,76.37,,,,,0.03528800750671797,0.028915206794999357,0.09911657020735638,0.03216539393661681,position_specialists,0.028915206794999353,False,,,S,0.555,0.74,,,-0.006586732056668557,0.0,0.13375730197097335,0.02348880878058814,0.001265182175919957,,0,,,0,,cumulative_place,,,False,,,,0,missing,winticket_line_prediction,provider_forecast_structure_only,2.8915206794999357,9.911657020735637,3.216539393661681,3,3,7,coverage_validated_cumulative_scores_uncalibrated,,unavailable,,0,0
2026-10-10,奈良,3,035320261010,1791635400,1791635100,4,5,014780,古川大輔,両,72.22,,,,,0.030741130646576888,0.01812989095296158,0.07850756716202151,0.07608126733272064,position_specialists,0.018129890952961577,False,,,S,0.295,0.518,,,-0.10949154001662831,0.0,0.08179327016087128,0.0,0.0006389808969292715,,0,,,0,,cumulative_place,,,False,,,,0,missing,winticket_line_prediction,provider_forecast_structure_only,1.812989095296158,7.850756716202149,7.608126733272064,4,5,4,coverage_validated_cumulative_scores_uncalibrated,,unavailable,,0,0
2026-10-10,奈良,3,035320261010,1791635400,1791635100,5,4,013897,加藤大輔,追,73.5,,,,,0.022895109917177383,0.011850681287995457,0.07938631259167069,0.07273218063921197,position_specialists,0.011850681287995456,False,,,S,0.266,0.5,,,-0.018207225634678952,0.0,-0.04799705244163748,-0.05167537931729391,0.001175724850349859,,0,,,0,,cumulative_place,,,False,,,,0,missing,winticket_line_prediction,provider_forecast_structure_only,1.1850681287995457,7.9386312591670665,7.273218063921197,5,4,5,coverage_validated_cumulative_scores_uncalibrated,,unavailable,,0,0
2026-10-10,奈良,3,035320261010,1791635400,1791635100,6,6,015739,楠本政明,逃,70.57,,,,,0.021491198495643144,0.009004552734694131,0.05298533767783277,0.08958839305765733,position_specialists,0.00900455273469413,False,,,S,0.19,0.38,,,-0.07036969099579288,0.0,-0.08845752366654906,-0.05167537931729391,0.001265182175919957,,0,,,0,,cumulative_place,,,False,,,,0,missing,winticket_line_prediction,provider_forecast_structure_only,0.9004552734694131,5.298533767783276,8.958839305765732,6,6,3,coverage_validated_cumulative_scores_uncalibrated,,unavailable,,0,0
2026-10-10,奈良,3,035320261010,1791635400,1791635100,7,7,013492,坂本智哉,追,67.57,,,,,0.006603374179827002,0.0017823933188066317,0.03668058429070676,0.051214808632192375,position_specialists,0.0017823933188066314,False,,,S,0.0,0.142,,,-0.1471932662751957,0.0,-0.25172697747215717,-0.05167537931729391,0.0007284382224993693,,0,,,0,,cumulative_place,,,False,,,,0,missing,winticket_line_prediction,provider_forecast_structure_only,0.17823933188066315,3.6680584290706753,5.1214808632192375,7,7,6,coverage_validated_cumulative_scores_uncalibrated,,unavailable,,0,0
2026-10-10,川崎,4,043420261010,1791636000,1791635700,1,1,015979,福田海響,逃,80.66,,,,,0.7376690492311219,0.8327932733190259,0.5474086996536565,0.5877930052872533,position_specialists,0.8327932733190261,False,,0.7125001327657194,S,0.866,1.0,,,0.23987801490610433,0.0,0.023843240116360992,0.17385152083719368,0.003713685216324355,,0,,,0,,cumulative_place,,,False,,,,0,missing,winticket_line_prediction,provider_forecast_structure_only,83.27932733190259,54.740869965365654,58.77930052872533,1,1,1,coverage_validated_cumulative_scores_uncalibrated,,unavailable,,0,0
2026-10-10,川崎,4,043420261010,1791636000,1791635700,2,2,015961,榊枝天旺,逃,78.55,,,,,0.18106542614354248,0.12029314055330663,0.2503089881861807,0.14855848524568682,position_specialists,0.12029314055330666,False,,,S,0.722,0.777,,,0.06846933858335881,0.0,-0.009895372938850566,-0.046806178686936754,0.0018786878153170268,,0,,,0,,cumulative_place,,,False,,,,0,missing,winticket_line_prediction,provider_forecast_structure_only,12.029314055330662,25.030898818618073,14.855848524568682,2,2,2,coverage_validated_cumulative_scores_uncalibrated,,unavailable,,0,0
2026-10-10,川崎,4,043420261010,1791636000,1791635700,3,4,015166,内田淳,逃,76.66,,,,,0.04035038008039058,0.023562317271685833,0.04591003202504955,0.06517509618503653,position_specialists,0.02356231727168584,False,,,S,0.416,0.75,,,0.01389586951977883,0.0,0.012177389266970616,-0.046806178686936754,4.3690414309698396e-05,,0,,,0,,cumulative_place,,,False,,,,0,missing,winticket_line_prediction,provider_forecast_structure_only,2.3562317271685833,4.591003202504956,6.517509618503653,3,4,4,coverage_validated_cumulative_scores_uncalibrated,,unavailable,,0,0
2026-10-10,川崎,4,043420261010,1791636000,1791635700,4,3,012649,山本恵太郎,追,76.81,,,,,0.018150208668834367,0.013229645879044582,0.06951301257273672,0.06052016681295025,position_specialists,0.013229645879044585,False,,,S,0.591,0.777,,,0.017808693643921684,0.0,0.16920460369363807,-0.046806178686936754,0.0011796411863618538,,0,,,0,,cumulative_place,,,False,,,,0,missing,winticket_line_prediction,provider_forecast_structure_only,1.3229645879044583,6.9513012572736725,6.052016681295025,4,3,5,coverage_validated_cumulative_scores_uncalibrated,,unavailable,,0,0
2026-10-10,川崎,4,043420261010,1791636000,1791635700,5,6,013082,小泉俊也,両,71.65,,,,,0.013746201424783746,0.007121027396413946,0.04231438529245495,0.06645632765612504,position_specialists,0.007121027396413948,False,,,S,0.416,0.541,,,0.02172151776806461,0.0,-0.012049504662575561,0.06017937259749013,0.00041505893594213374,,0,,,0,,cumulative_place,,,False,,,,0,missing,winticket_line_prediction,provider_forecast_structure_only,0.7121027396413946,4.231438529245496,6.645632765612504,5,5,3,coverage_validated_cumulative_scores_uncalibrated,,unavailable,,0,0
2026-10-10,川崎,4,043420261010,1791636000,1791635700,6,5,013551,女屋文伸,追,71.79,,,,,0.004640365459289953,0.0016967994461029013,0.013648668732591162,0.030482182831484485,position_specialists,0.0016967994461029017,False,,,S,0.416,0.5,,,-0.22375605868083523,0.0,-0.00469191726063517,-0.046806178686936754,0.0027088056872012945,,0,,,0,,cumulative_place,,,False,,,,0,missing,winticket_line_prediction,provider_forecast_structure_only,0.16967994461029012,1.3648668732591165,3.0482182831484486,6,7,7,coverage_validated_cumulative_scores_uncalibrated,,unavailable,,0,0
2026-10-10,川崎,4,043420261010,1791636000,1791635700,7,7,013378,小田桐義継,追,70.5,,,,,0.00437836899203702,0.0013037961344200169,0.03089621353733048,0.04101473598146359,position_specialists,0.001303796134420017,False,,,S,0.166,0.416,,,-0.1380173757403924,0.0,-0.1785884382149084,-0.046806178686936754,0.001332557636445798,,0,,,0,,cumulative_place,,,False,,,,0,missing,winticket_line_prediction,provider_forecast_structure_only,0.1303796134420017,3.0896213537330484,4.101473598146359,7,6,6,coverage_validated_cumulative_scores_uncalibrated,,unavailable,,0,0
2026-10-10,奈良,4,045320261010,1791636600,1791636300,1,1,015637,近藤雄太,逃,79.48,,,,,0.6738246122093344,0.7858625843362672,0.47365222912355714,0.604997565465454,position_specialists,0.7858625843362672,False,,0.681670337051516,S,0.851,0.888,,,0.162712652708624,0.0,0.25596874809241843,-0.04880961846424893,0.003300334706999941,,0,,,0,,cumulative_place,,,False,,,,0,missing,winticket_line_prediction,provider_forecast_structure_only,78.58625843362672,47.36522291235571,60.49975654654541,1,1,1,coverage_validated_cumulative_scores_uncalibrated,,unavailable,,0,0
2026-10-10,奈良,4,045320261010,1791636600,1791636300,2,2,016020,飯田怜治,逃,76.33,,,,,0.15424541644240966,0.10419224728475122,0.1585461459764896,0.0891084355288352,position_specialists,0.10419224728475122,False,,,S,0.523,0.6659999999999999,,,0.12659867698035213,0.0,0.0,-0.04880961846424893,0.002322457756777736,,0,,,0,,cumulative_place,,,False,,,,0,missing,winticket_line_prediction,provider_forecast_structure_only,10.419224728475122,15.854614597648961,8.910843552883522,2,3,2,coverage_validated_cumulative_scores_uncalibrated,,unavailable,,0,0
2026-10-10,奈良,4,045320261010,1791636600,1791636300,3,3,015000,藤井準也,両,76.33,,,,,0.09909231301701323,0.06703318092341239,0.18152982715058325,0.0810211460265014,position_specialists,0.06703318092341239,False,,,S,0.541,0.625,,,0.07242771338794439,0.0,0.03937980739883361,-0.04880961846424893,0.0008556423314444292,,0,,,0,,cumulative_place,,,False,,,,0,missing,winticket_line_prediction,provider_forecast_structure_only,6.703318092341239,18.152982715058325,8.102114602650142,3,2,3,coverage_validated_cumulative_scores_uncalibrated,,unavailable,,0,0
2026-10-10,奈良,4,045320261010,1791636600,1791636300,4,6,015900,花田雄飛,逃,71.22,,,,,0.044338126010482946,0.03237871825604359,0.07732403690670196,0.058965129359394464,position_specialists,0.03237871825604359,False,,,S,0.406,0.555,,,0.12659867698035213,0.0,0.06493024710126649,0.1614471995355926,0.00024446923755555106,,0,,,0,,cumulative_place,,,False,,,,0,missing,winticket_line_prediction,provider_forecast_structure_only,3.237871825604359,7.732403690670196,5.896512935939447,4,4,5,coverage_validated_cumulative_scores_uncalibrated,,unavailable,,0,0
2026-10-10,奈良,4,045320261010,1791636600,1791636300,5,5,013366,加藤昌平,追,73.65,,,,,0.011039270877445164,0.0043318449938003194,0.04324555668942667,0.03667266731168339,position_specialists,0.0043318449938003194,False,,,S,0.307,0.5760000000000001,,,-0.1539838016736571,0.0,-0.08507192844861941,-0.04880961846424893,0.00036670385633332675,,0,,,0,,cumulative_place,,,False,,,,0,missing,winticket_line_prediction,provider_forecast_structure_only,0.43318449938003195,4.324555668942668,3.6672667311683402,5,5,7,coverage_validated_cumulative_scores_uncalibrated,,unavailable,,0,0
2026-10-10,奈良,4,045320261010,1791636600,1791636300,6,4,014776,川上修平,追,73.91,,,,,0.00789448003826776,0.0034362771032147616,0.03238681492053428,0.07333069931362528,position_specialists,0.0034362771032147616,False,,,S,0.346,0.521,,,-0.19287421979265076,0.0,-0.08507192844861941,0.08260089278565204,0.002322457756777736,,0,,,0,,cumulative_place,,,False,,,,0,missing,winticket_line_prediction,provider_forecast_structure_only,0.34362771032147615,3.238681492053428,7.333069931362529,6,7,4,coverage_validated_cumulative_scores_uncalibrated,,unavailable,,0,0
2026-10-10,奈良,4,045320261010,1791636600,1791636300,7,7,014979,黒川渉,両,70.2,,,,,0.00956578140504678,0.0027651471025105117,0.03331538923270704,0.05590435699450614,position_specialists,0.0027651471025105117,False,,,S,0.2,0.3,,,-0.14147969859096485,0.0,-0.19013494569527975,-0.04880961846424893,0.002322457756777736,,0,,,0,,cumulative_place,,,False,,,,0,missing,winticket_line_prediction,provider_forecast_structure_only,0.2765147102510512,3.331538923270704,5.590435699450615,7,6,6,coverage_validated_cumulative_scores_uncalibrated,,unavailable,,0,0
2026-10-10,川崎,5,053420261010,1791637200,1791636900,1,5,014438,緑川修平,逃,81.16,,,,,0.2494129474568242,0.30789666308252034,0.14469564900454335,0.13177036069915277,position_specialists,0.30789666308252034,False,,0.14343552543114724,B,0.25,0.3329999999999999,,,0.13539686981191162,0.0,0.1673883623564918,0.054053113975374094,0.0025311617216244695,,0,,,0,,cumulative_place,,,False,,,,0,missing,winticket_line_prediction,provider_forecast_structure_only,30.789666308252034,14.469564900454335,13.177036069915276,1,4,5,coverage_validated_cumulative_scores_uncalibrated,,unavailable,,0,0
2026-10-10,川崎,5,053420261010,1791637200,1791636900,2,1,013899,山田和巧,追,84.8,,,,,0.10407736769089224,0.1644611376513731,0.1259359917374801,0.06487793382488269,position_specialists,0.1644611376513731,False,,,B,0.19,0.38,,,0.2152736056094463,0.0,0.10704710673226063,0.054053113975374094,3.902991697774079e-19,,0,,,0,,cumulative_place,,,False,,,,0,missing,winticket_line_prediction,provider_forecast_structure_only,16.44611376513731,12.59359917374801,6.4877933824882685,2,5,7,coverage_validated_cumulative_scores_uncalibrated,,unavailable,,0,0
2026-10-10,川崎,5,053420261010,1791637200,1791636900,3,2,014086,齋藤友幸,両,83.27,,,,,0.16887959038303452,0.16364234781232553,0.22214463837538947,0.15920272910476116,position_specialists,0.16364234781232553,False,,,B,0.25,0.25,,,-0.021940420923296764,0.0,0.008614928761843825,0.054053113975374094,0.0016874411477496467,,0,,,0,,cumulative_place,,,False,,,,0,missing,winticket_line_prediction,provider_forecast_structure_only,16.364234781232554,22.214463837538947,15.920272910476116,3,1,3,coverage_validated_cumulative_scores_uncalibrated,,unavailable,,0,0
2026-10-10,川崎,5,053420261010,1791637200,1791636900,4,4,015707,池邉聖,逃,81.3,,,,,0.18979486918354377,0.16316847646523785,0.14592076580169852,0.20964742864273783,position_specialists,0.16316847646523785,False,,,B,0.2,0.366,,,-0.1349159177814728,0.0,0.05307884102661015,0.10810622795074819,0.0016874411477496467,,0,,,0,,cumulative_place,,,False,,,,0,missing,winticket_line_prediction,provider_forecast_structure_only,16.316847646523787,14.592076580169852,20.964742864273784,4,3,1,coverage_validated_cumulative_scores_uncalibrated,,unavailable,,0,0
2026-10-10,川崎,5,053420261010,1791637200,1791636900,5,3,014457,北野良栄,両,81.52,,,,,0.18814330339741273,0.16098749143731286,0.1711177132229773,0.1780589519909512,position_specialists,0.16098749143731286,False,,,B,0.284,0.476,,,-0.06733772088312662,0.0,0.13563367563756218,-0.09008852329229017,0.0002812401912916076,,0,,,0,,cumulative_place,,,False,,,,0,missing,winticket_line_prediction,provider_forecast_structure_only,16.098749143731286,17.11177132229773,17.80589519909512,5,2,2,coverage_validated_cumulative_scores_uncalibrated,,unavailable,,0,0
2026-10-10,川崎,5,053420261010,1791637200,1791636900,6,7,013860,藤原清隆,追,78.77,,,,,0.06612757906917686,0.02420594990233539,0.09614612068022836,0.13699374937524245,position_specialists,0.02420594990233539,False,,,B,0.111,0.111,,,-0.16460550326424978,0.0,-0.23588145725738419,-0.09008852329229017,0.002812401912916077,,0,,,0,,cumulative_place,,,False,,,,0,missing,winticket_line_prediction,provider_forecast_structure_only,2.420594990233539,9.614612068022836,13.699374937524244,6,6,4,coverage_validated_cumulative_scores_uncalibrated,,unavailable,,0,0
2026-10-10,川崎,5,053420261010,1791637200,1791636900,7,6,013838,山田武,追,79.27,,,,,0.033564342819115744,0.015637933648894868,0.09403912117768284,0.119448846362272,position_specialists,0.015637933648894868,False,,,B,0.045,0.136,,,0.03812908743078876,0.0,-0.23588145725738419,-0.09008852329229017,0.002812401912916077,,0,,,0,,cumulative_place,,,False,,,,0,missing,winticket_line_prediction,provider_forecast_structure_only,1.5637933648894868,9.403912117768284,11.9448846362272,7,7,6,coverage_validated_cumulative_scores_uncalibrated,,unavailable,,0,0
2026-10-10,奈良,5,055320261010,1791637800,1791637500,1,2,015558,川野深,逃,85.8,,,,,0.3990216251437322,0.627714306584468,0.31893957162880143,0.1765581253861368,position_specialists,0.627714306584468,False,,0.4376772968888868,S,0.3329999999999999,0.523,,,0.1803871220284134,0.0,0.35487730696521114,0.1830769406903394,0.0029080245397869542,,0,,,0,,cumulative_place,,,False,,,,0,missing,winticket_line_prediction,provider_forecast_structure_only,62.7714306584468,31.89395716288014,17.65581253861368,1,1,2,coverage_validated_cumulative_scores_uncalibrated,,unavailable,,0,0
2026-10-10,奈良,5,055320261010,1791637800,1791637500,2,1,013354,國村洋,追,87.33,,,,,0.2519014556150468,0.19003700969558124,0.20737497025594664,0.14965012236543954,position_specialists,0.19003700969558124,False,,,S,0.384,0.5379999999999999,,,0.06469871759259457,0.0,0.053524457652594525,-0.044292808231533726,0.0001677706465261703,,0,,,0,,cumulative_place,,,False,,,,0,missing,winticket_line_prediction,provider_forecast_structure_only,19.003700969558125,20.737497025594664,14.965012236543954,2,2,4,coverage_validated_cumulative_scores_uncalibrated,,unavailable,,0,0
2026-10-10,奈良,5,055320261010,1791637800,1791637500,3,4,015827,藤原夏志,逃,81.83,,,,,0.16063196074905503,0.09853024546038287,0.11236627412771129,0.11244470773348055,position_specialists,0.09853024546038287,False,,,S,0.2769999999999999,0.2769999999999999,,,-0.0017047472594895698,0.0,0.054984927784068015,0.03838710046732923,0.0023208272769453583,,0,,,0,,cumulative_place,,,False,,,,0,missing,winticket_line_prediction,provider_forecast_structure_only,9.853024546038288,11.23662741277113,11.244470773348054,3,4,5,coverage_validated_cumulative_scores_uncalibrated,,unavailable,,0,0
2026-10-10,奈良,5,055320261010,1791637800,1791637500,4,3,015126,高山雄丞,両,82.47,,,,,0.11157420257807646,0.05301094341543505,0.17563024633732222,0.2406287024519125,position_specialists,0.05301094341543505,False,,,S,0.142,0.285,,,-0.039546590247777985,0.0,-0.06321945973062103,-0.044292808231533726,0.001985285983893017,,0,,,0,,cumulative_place,,,False,,,,0,missing,winticket_line_prediction,provider_forecast_structure_only,5.3010943415435055,17.563024633732223,24.062870245191252,4,3,1,coverage_validated_cumulative_scores_uncalibrated,,unavailable,,0,0
2026-10-10,奈良,5,055320261010,1791637800,1791637500,5,5,014094,有馬雄二,追,80.62,,,,,0.03756090259396732,0.01749001014070363,0.09654824573933533,0.17236841710012157,position_specialists,0.01749001014070363,False,,,S,0.147,0.259,,,-0.04932757118780688,0.0,-0.00557773610475,-0.044292808231533726,0.0013980887210514204,,0,,,0,,cumulative_place,,,False,,,,0,missing,winticket_line_prediction,provider_forecast_structure_only,1.749001014070363,9.654824573933533,17.236841710012158,5,5,3,coverage_validated_cumulative_scores_uncalibrated,,unavailable,,0,0
2026-10-10,奈良,5,055320261010,1791637800,1791637500,6,6,013142,黒田大介,追,80.23,,,,,0.022784120748980976,0.009257279445408188,0.05521596655420114,0.09274469923528941,position_specialists,0.009257279445408188,False,,,S,0.038,0.192,,,0.07614181418804078,0.0,-0.18288431737678357,-0.044292808231533726,0.0027682156676818127,,0,,,0,,cumulative_place,,,False,,,,0,missing,winticket_line_prediction,provider_forecast_structure_only,0.9257279445408187,5.521596655420114,9.274469923528942,6,6,6,coverage_validated_cumulative_scores_uncalibrated,,unavailable,,0,0
2026-10-10,奈良,5,055320261010,1791637800,1791637500,7,7,015112,日浦崇道,逃,75.79,,,,,0.016525732571141264,0.003960205258020933,0.033924725356681916,0.055605225727619556,position_specialists,0.003960205258020933,False,,,S,0.0,0.0409999999999999,,,-0.23064874511397443,0.0,-0.2117051791897191,-0.044292808231533726,0.0007549679093677668,,0,,,0,,cumulative_place,,,False,,,,0,missing,winticket_line_prediction,provider_forecast_structure_only,0.39602052580209335,3.3924725356681917,5.560522572761956,7,7,7,coverage_validated_cumulative_scores_uncalibrated,,unavailable,,0,0
2026-10-10,川崎,6,063420261010,1791638400,1791638100,1,1,014797,佐々木吉徳,逃,85.33,,,,,0.433266439559507,0.5254629095696458,0.3365563180676349,0.16915707039464198,position_specialists,0.5254629095696458,False,,0.31604169316513686,A,0.37,0.444,,,0.14338181195062646,0.0,0.15017604307211646,0.08097149006145125,0.0030011908942863363,,0,,,0,,cumulative_place,,,False,,,,0,missing,winticket_line_prediction,provider_forecast_structure_only,52.54629095696458,33.655631806763495,16.9157070394642,1,1,2,coverage_validated_cumulative_scores_uncalibrated,,unavailable,,0,0
2026-10-10,川崎,6,063420261010,1791638400,1791638100,2,3,014572,赤塚悠人,両,83.79,,,,,0.17184823365562396,0.20942121640450892,0.14853619208047397,0.16569455847217587,position_specialists,0.20942121640450892,False,,,A,0.29,0.375,,,0.12691456506208737,0.0,0.2368898511500911,0.02749975134162496,0.0009378721544644806,,0,,,0,,cumulative_place,,,False,,,,0,missing,winticket_line_prediction,provider_forecast_structure_only,20.942121640450893,14.853619208047398,16.569455847217586,2,2,3,coverage_validated_cumulative_scores_uncalibrated,,unavailable,,0,0
2026-10-10,川崎,6,063420261010,1791638400,1791638100,3,6,015897,森飛龍,逃,80.3,,,,,0.16726445829148223,0.09906041214905961,0.1277913453397536,0.16338298526062295,position_specialists,0.09906041214905961,False,,,A,0.1,0.15,,,-0.16267726131282403,0.0,-0.10342600605685767,0.08097149006145125,0.0025088080131924853,,0,,,0,,cumulative_place,,,False,,,,0,missing,winticket_line_prediction,provider_forecast_structure_only,9.906041214905962,12.779134533975359,16.338298526062296,3,3,4,coverage_validated_cumulative_scores_uncalibrated,,unavailable,,0,0
2026-10-10,川崎,6,063420261010,1791638400,1791638100,4,2,014304,大竹哲也,追,84.9,,,,,0.11973433780784973,0.09660353777774743,0.1248501720923699,0.1886130272526104,position_specialists,0.09660353777774743,False,,,A,0.142,0.285,,,0.0281110837308529,0.0,-0.0297251876399722,0.08097149006145125,0.001031659369910928,,0,,,0,,cumulative_place,,,False,,,,0,missing,winticket_line_prediction,provider_forecast_structure_only,9.660353777774743,12.48501720923699,18.86130272526104,4,4,1,coverage_validated_cumulative_scores_uncalibrated,,unavailable,,0,0
2026-10-10,川崎,6,063420261010,1791638400,1791638100,5,4,014737,河上陽一,両,82.83,,,,,0.06606174891236985,0.04285393652092113,0.11261552378315014,0.11476020449770616,position_specialists,0.04285393652092113,False,,,A,0.125,0.3329999999999999,,,-0.024120668585719235,0.0,-0.018887605643945628,-0.0901380738419929,0.0020867655436834693,,0,,,0,,cumulative_place,,,False,,,,0,missing,winticket_line_prediction,provider_forecast_structure_only,4.285393652092113,11.261552378315013,11.476020449770616,5,5,6,coverage_validated_cumulative_scores_uncalibrated,,unavailable,,0,0
2026-10-10,川崎,6,063420261010,1791638400,1791638100,6,5,014087,高橋隆太,追,80.94,,,,,0.03589479332197533,0.024943062081948665,0.11243672900820001,0.1325624241914713,position_specialists,0.024943062081948665,False,,,A,0.166,0.3329999999999999,,,0.07069420677767807,0.0,-0.0297251876399722,-0.0901380738419929,0.0014302550355583328,,0,,,0,,cumulative_place,,,False,,,,0,missing,winticket_line_prediction,provider_forecast_structure_only,2.4943062081948666,11.243672900820002,13.25624241914713,6,6,5,coverage_validated_cumulative_scores_uncalibrated,,unavailable,,0,0
2026-10-10,川崎,6,063420261010,1791638400,1791638100,7,7,013613,宗景祐樹,追,0.0,,,,,0.005929988451191851,0.0016549254961683998,0.037213719628417595,0.06582972993077138,position_specialists,0.0016549254961683998,False,,,A,0.0,0.0,,,-0.182303737622702,0.0,-0.20530190724145986,-0.0901380738419929,0.0020867655436834693,,0,,,0,,cumulative_place,,,False,,,,0,missing,winticket_line_prediction,provider_forecast_structure_only,0.16549254961683998,3.7213719628417596,6.582972993077138,7,7,7,coverage_validated_cumulative_scores_uncalibrated,,unavailable,,0,0
2026-10-10,奈良,6,065320261010,1791639000,1791638700,1,1,014321,石坂永伍,両,86.8,,,,,0.33726443047274646,0.43316057121183155,0.3351851974717844,0.15164145761947553,position_specialists,0.43316057121183155,False,,0.1389505775291801,B,0.423,0.461,,,0.19067071274809463,0.0,0.24708462953476334,0.016662363098937323,0.002434674742107307,,0,,,0,,cumulative_place,,,False,,,,0,missing,winticket_line_prediction,provider_forecast_structure_only,43.31605712118316,33.51851974717844,15.164145761947553,1,1,3,coverage_validated_cumulative_scores_uncalibrated,,unavailable,,0,0
2026-10-10,奈良,6,065320261010,1791639000,1791638700,2,3,015746,峯口司,逃,84.78,,,,,0.3003730888834547,0.29420999368265144,0.12912329775606665,0.13306612982335558,position_specialists,0.29420999368265144,False,,,B,0.2,0.3329999999999999,,,0.19792100594426176,0.0,-0.014237759026944664,0.16760376999519316,0.002700967292025293,,0,,,0,,cumulative_place,,,False,,,,0,missing,winticket_line_prediction,provider_forecast_structure_only,29.420999368265143,12.912329775606665,13.306612982335558,2,5,5,coverage_validated_cumulative_scores_uncalibrated,,unavailable,,0,0
2026-10-10,奈良,6,065320261010,1791639000,1791638700,3,2,015114,谷口友真,逃,85.79,,,,,0.19129118173523896,0.1794471482317553,0.16813615191407782,0.24436045475309365,position_specialists,0.1794471482317553,False,,,B,0.28,0.36,,,0.0006464702248428628,0.0,0.1420255055108484,0.05096722830263183,0.0005706268926813999,,0,,,0,,cumulative_place,,,False,,,,0,missing,winticket_line_prediction,provider_forecast_structure_only,17.94471482317553,16.813615191407784,24.436045475309363,3,2,1,coverage_validated_cumulative_scores_uncalibrated,,unavailable,,0,0
2026-10-10,奈良,6,065320261010,1791639000,1791638700,4,5,015644,中野光太郎,逃,80.88,,,,,0.10666722517671247,0.058717152584687,0.14436943929772433,0.21096852861665993,position_specialists,0.058717152584687,False,,,B,0.166,0.222,,,-0.1313754267290716,0.0,0.06659127865960293,-0.0588083403491906,0.0005706268926813999,,0,,,0,,cumulative_place,,,False,,,,0,missing,winticket_line_prediction,provider_forecast_structure_only,5.8717152584687,14.436943929772433,21.096852861665994,4,4,2,coverage_validated_cumulative_scores_uncalibrated,,unavailable,,0,0
2026-10-10,奈良,6,065320261010,1791639000,1791638700,5,4,015056,田村風起,追,84.06,,,,,0.05160179048657097,0.03048606930220727,0.14773387609671007,0.13977794275905714,position_specialists,0.03048606930220727,False,,,B,0.222,0.2769999999999999,,,-0.03228808638145383,0.0,-0.019632569862246832,-0.0588083403491906,0.001559713506662494,,0,,,0,,cumulative_place,,,False,,,,0,missing,winticket_line_prediction,provider_forecast_structure_only,3.048606930220727,14.773387609671007,13.977794275905714,5,3,4,coverage_validated_cumulative_scores_uncalibrated,,unavailable,,0,0
2026-10-10,奈良,6,065320261010,1791639000,1791638700,6,6,012242,穴井利久,追,76.87,,,,,0.008808862122281071,0.0027061642205554,0.03876032782741513,0.05904836812396663,position_specialists,0.0027061642205554,False,,,B,0.0,0.0409999999999999,,,-0.1407342471004167,0.0,-0.21091554240801152,-0.0588083403491906,0.0018260060565804808,,0,,,0,,cumulative_place,,,False,,,,0,missing,winticket_line_prediction,provider_forecast_structure_only,0.27061642205554,3.876032782741513,5.904836812396663,6,6,7,coverage_validated_cumulative_scores_uncalibrated,,unavailable,,0,0
2026-10-10,奈良,6,065320261010,1791639000,1791638700,7,7,013127,北浦弘幹,追,76.4,,,,,0.0039934211229953375,0.001272900766312064,0.036691709636221675,0.06113711830439156,position_specialists,0.001272900766312064,False,,,B,0.0,0.0,,,-0.08484042870625744,0.0,-0.21091554240801152,-0.0588083403491906,0.0028911762562524273,,0,,,0,,cumulative_place,,,False,,,,0,missing,winticket_line_prediction,provider_forecast_structure_only,0.1272900766312064,3.6691709636221677,6.113711830439156,7,7,6,coverage_validated_cumulative_scores_uncalibrated,,unavailable,,0,0
2026-10-10,川崎,7,073420261010,1791639600,1791639300,1,2,015338,土田栄二,逃,91.66,,,,,0.3563295050034803,0.41286178735087736,0.2739690633688728,0.12990861012500404,position_specialists,0.4128617873508773,False,,0.22141220189206012,A,0.5329999999999999,0.733,,,0.11378350469012607,0.0,-0.05863073428264645,0.18282753276175695,0.00040324569292524154,,0,,,0,,cumulative_place,,,False,,,,0,missing,winticket_line_prediction,provider_forecast_structure_only,41.28617873508774,27.396906336887277,12.990861012500405,1,1,5,coverage_validated_cumulative_scores_uncalibrated,,unavailable,,0,0
2026-10-10,川崎,7,073420261010,1791639600,1791639300,2,4,015083,中村弘之輔,両,90.73,,,,,0.22392821985674238,0.1914495854588172,0.22321989577059642,0.22266285613804937,position_specialists,0.19144958545881718,False,,,A,0.3,0.35,,,0.02892316892856096,0.0,-0.02825095227992029,-0.0076178138650731895,0.003995798229895577,,0,,,0,,cumulative_place,,,False,,,,0,missing,winticket_line_prediction,provider_forecast_structure_only,19.14495854588172,22.321989577059643,22.266285613804936,2,2,1,coverage_validated_cumulative_scores_uncalibrated,,unavailable,,0,0
2026-10-10,川崎,7,073420261010,1791639600,1791639300,3,1,012785,小橋明紀,追,94.18,,,,,0.17266565623246805,0.17716589314031853,0.1485782419973002,0.15184184305120796,position_specialists,0.1771658931403185,False,,,A,0.47,0.588,,,-0.002882346922018747,0.0,0.03518430169662018,-0.03808906932536601,0.0011730783794188851,,0,,,0,,cumulative_place,,,False,,,,0,missing,winticket_line_prediction,provider_forecast_structure_only,17.716589314031854,14.857824199730018,15.184184305120796,3,3,3,coverage_validated_cumulative_scores_uncalibrated,,unavailable,,0,0
2026-10-10,川崎,7,073420261010,1791639600,1791639300,4,5,014731,山崎輝夫,追,88.71,,,,,0.13628988223105631,0.1395260573360697,0.10660097342364024,0.09628280060997363,position_specialists,0.13952605733606968,False,,,A,0.475,0.619,,,0.18344139192627243,0.0,0.12422412361715439,-0.06856032478565884,0.00241947415755145,,0,,,0,,cumulative_place,,,False,,,,0,missing,winticket_line_prediction,provider_forecast_structure_only,13.95260573360697,10.660097342364024,9.628280060997362,4,4,7,coverage_validated_cumulative_scores_uncalibrated,,unavailable,,0,0
2026-10-10,川崎,7,073420261010,1791639600,1791639300,5,3,011477,川口満宏,追,91.57,,,,,0.0615204142129708,0.05222996323482374,0.10353695811363815,0.11162732652611373,position_specialists,0.052229963234823734,False,,,A,0.3329999999999999,0.428,,,-0.050819558645066015,0.0,-0.009335609263646953,0.015235627730146422,0.0015213360233088664,,0,,,0,,cumulative_place,,,False,,,,0,missing,winticket_line_prediction,provider_forecast_structure_only,5.222996323482374,10.353695811363815,11.162732652611373,5,5,6,coverage_validated_cumulative_scores_uncalibrated,,unavailable,,0,0
2026-10-10,川崎,7,073420261010,1791639600,1791639300,6,6,014581,佐山俊樹,追,86.08,,,,,0.02720493932485989,0.016476208692274993,0.08863789357634538,0.15732481698750342,position_specialists,0.01647620869227499,False,,,A,0.28,0.4,,,-0.07920883718424099,0.0,-0.009335609263646953,-0.015235627730146391,0.00010997609807052072,,0,,,0,,cumulative_place,,,False,,,,0,missing,winticket_line_prediction,provider_forecast_structure_only,1.6476208692274994,8.863789357634538,15.732481698750341,6,6,2,coverage_validated_cumulative_scores_uncalibrated,,unavailable,,0,0
2026-10-10,川崎,7,073420261010,1791639600,1791639300,7,7,014161,藤田大輔,追,85.47,,,,,0.022061383138422264,0.010290504786818503,0.055456973749606946,0.13035174656214782,position_specialists,0.010290504786818502,False,,,A,0.284,0.38,,,-0.19323732279363445,0.0,-0.053855520223914065,-0.06856032478565884,0.0015213360233088664,,0,,,0,,cumulative_place,,,False,,,,0,missing,winticket_line_prediction,provider_forecast_structure_only,1.0290504786818504,5.545697374960694,13.035174656214782,7,7,4,coverage_validated_cumulative_scores_uncalibrated,,unavailable,,0,0
2026-10-10,奈良,7,075320261010,1791640200,1791639900,1,2,015208,金ヶ江勇気,両,93.06,,,,,0.25397645899940646,0.3091347328966119,0.3277989221587338,0.23100076905128442,position_specialists,0.3091347328966119,False,,0.027034653630721495,C,0.5,0.6,,,0.12155056026931346,0.0,0.20031478048356785,0.04759162653901876,0.0018226064587186879,,0,,,0,,cumulative_place,,,False,,,,0,missing,winticket_line_prediction,provider_forecast_structure_only,30.91347328966119,32.77989221587338,23.100076905128446,1,2,2,coverage_validated_cumulative_scores_uncalibrated,,unavailable,,0,0
2026-10-10,奈良,7,075320261010,1791640200,1791639900,2,4,015903,谷澤優貴,逃,86.52,,,,,0.24731509495660717,0.2821000792658904,0.09292693628694151,0.06437369799937237,position_specialists,0.2821000792658904,False,,,C,0.428,0.5710000000000001,,,0.20049024340239377,0.0,0.11279162491423445,0.17111596058973036,0.003678351216686806,,0,,,0,,cumulative_place,,,False,,,,0,missing,winticket_line_prediction,provider_forecast_structure_only,28.210007926589043,9.29269362869415,6.437369799937239,2,4,6,coverage_validated_cumulative_scores_uncalibrated,,unavailable,,0,0
2026-10-10,奈良,7,075320261010,1791640200,1791639900,3,3,015741,堀川敬太郎,逃,91.85,,,,,0.30426656363518645,0.27855607209743205,0.32860665729239646,0.4329238487229289,position_specialists,0.27855607209743205,False,,,C,0.38,0.5710000000000001,,,0.04261087713623314,0.0,0.11021614804998245,-0.016042121305287215,0.0008947340797346287,,0,,,0,,cumulative_place,,,False,,,,0,missing,winticket_line_prediction,provider_forecast_structure_only,27.855607209743205,32.86066572923965,43.29238487229289,3,1,1,coverage_validated_cumulative_scores_uncalibrated,,unavailable,,0,0
2026-10-10,奈良,7,075320261010,1791640200,1791639900,4,1,013199,北野武史,追,94.04,,,,,0.14971402201632872,0.10967984708079821,0.11658257973352673,0.076398575705297,position_specialists,0.10967984708079821,False,,,C,0.428,0.5710000000000001,,,-0.04161378624980079,0.0,0.02500661587695238,-0.07593270751169284,0.001772899009844542,,0,,,0,,cumulative_place,,,False,,,,0,missing,winticket_line_prediction,provider_forecast_structure_only,10.967984708079822,11.658257973352674,7.639857570529702,4,3,3,coverage_validated_cumulative_scores_uncalibrated,,unavailable,,0,0
2026-10-10,奈良,7,075320261010,1791640200,1791639900,5,5,014843,峰重祐之介,追,84.46,,,,,0.023979687857872214,0.013643547707552852,0.047788822353239446,0.06950181045439179,position_specialists,0.013643547707552852,False,,,C,0.214,0.357,,,0.023299620340981302,0.0,-0.057627439431825675,-0.016042121305287215,0.0014249468677255198,,0,,,0,,cumulative_place,,,False,,,,0,missing,winticket_line_prediction,provider_forecast_structure_only,1.3643547707552852,4.778882235323945,6.95018104543918,5,6,4,coverage_validated_cumulative_scores_uncalibrated,,unavailable,,0,0
2026-10-10,奈良,7,075320261010,1791640200,1791639900,6,6,013575,渡会啓介,追,80.54,,,,,0.011479721762605682,0.0038646094266942582,0.031005570704184842,0.06841424711372661,position_specialists,0.0038646094266942582,False,,,C,0.083,0.25,,,-0.18194355580502755,0.0,-0.16780617984352975,-0.07593270751169284,0.0014249468677255198,,0,,,0,,cumulative_place,,,False,,,,0,missing,winticket_line_prediction,provider_forecast_structure_only,0.3864609426694258,3.100557070418484,6.841424711372663,6,7,5,coverage_validated_cumulative_scores_uncalibrated,,unavailable,,0,0
2026-10-10,奈良,7,075320261010,1791640200,1791639900,7,7,014789,茅野寛史,追,80.0,,,,,0.009268450771993257,0.0030211115250203618,0.055290511470977216,0.05738705095299891,position_specialists,0.0030211115250203618,False,,,C,0.0,0.222,,,-0.16439395909409357,0.0,-0.22289555004938177,-0.034757929494788974,0.001772899009844542,,0,,,0,,cumulative_place,,,False,,,,0,missing,winticket_line_prediction,provider_forecast_structure_only,0.3021111525020362,5.5290511470977215,5.738705095299892,7,5,7,coverage_validated_cumulative_scores_uncalibrated,,unavailable,,0,0
2026-10-10,川崎,8,083420261010,1791640800,1791640500,1,1,015878,椎名俊介,逃,94.05,,,,,0.8397848166945475,0.8956886292402593,0.5999482498739266,0.4991678964572821,position_specialists,0.8956886292402592,False,,0.831973873729172,S,0.722,0.833,,,0.19505443674080442,0.0,0.0900936542705606,0.11603250935358048,0.00458149144658033,,0,,,0,,cumulative_place,,,False,,,,0,missing,winticket_line_prediction,provider_forecast_structure_only,89.56886292402592,59.99482498739266,49.91678964572821,1,1,1,coverage_validated_cumulative_scores_uncalibrated,,unavailable,,0,0
2026-10-10,川崎,8,083420261010,1791640800,1791640500,2,3,015348,寺沼伊織,両,91.0,,,,,0.07405888945083297,0.06371475551108724,0.16309357649200049,0.17641507176092663,position_specialists,0.06371475551108723,False,,,S,0.523,0.7140000000000001,,,0.19505443674080442,0.0,0.10278664683814022,0.014887189879327299,0.0001409689675870876,,0,,,0,,cumulative_place,,,False,,,,0,missing,winticket_line_prediction,provider_forecast_structure_only,6.371475551108724,16.30935764920005,17.641507176092663,2,2,2,coverage_validated_cumulative_scores_uncalibrated,,unavailable,,0,0
2026-10-10,川崎,8,083420261010,1791640800,1791640500,3,2,013936,小埜正義,追,91.21,,,,,0.0317875693674071,0.017400129314007924,0.06566156209318273,0.04325758824754878,position_specialists,0.01740012931400792,False,,,S,0.346,0.434,,,-0.08781809489615017,0.0,0.012556172709171698,-0.03721797469831828,0.0004229069027612618,,0,,,0,,cumulative_place,,,False,,,,0,missing,winticket_line_prediction,provider_forecast_structure_only,1.7400129314007924,6.566156209318273,4.325758824754878,3,3,7,coverage_validated_cumulative_scores_uncalibrated,,unavailable,,0,0
2026-10-10,川崎,8,083420261010,1791640800,1791640500,4,5,015806,山本天平,逃,86.25,,,,,0.020537914120029904,0.008893088750147417,0.049338500773609566,0.09727986714845097,position_specialists,0.008893088750147415,False,,,S,0.237,0.428,,,-0.05232931660839252,0.0,-0.08002787582952706,-0.03721797469831828,0.0013392051920773276,,0,,,0,,cumulative_place,,,False,,,,0,missing,winticket_line_prediction,provider_forecast_structure_only,0.8893088750147417,4.933850077360956,9.727986714845096,4,6,3,coverage_validated_cumulative_scores_uncalibrated,,unavailable,,0,0
2026-10-10,川崎,8,083420261010,1791640800,1791640500,5,4,013916,白石大輔,両,86.29,,,,,0.014160383838431125,0.0068733316574336525,0.05052131057403434,0.07675056253515342,position_specialists,0.006873331657433652,False,,,S,0.375,0.5,,,-0.03157095600226209,0.0,0.04263299741882787,-0.08625812959492589,0.0011277517406966973,,0,,,0,,cumulative_place,,,False,,,,0,missing,winticket_line_prediction,provider_forecast_structure_only,0.6873331657433652,5.052131057403434,7.675056253515342,5,5,4,coverage_validated_cumulative_scores_uncalibrated,,unavailable,,0,0
2026-10-10,川崎,8,083420261010,1791640800,1791640500,6,7,015871,三浦生誠,逃,80.44,,,,,0.0164142759070445,0.006275372095659134,0.055964753609888174,0.052968010874593525,position_specialists,0.006275372095659133,False,,,S,0.3329999999999999,0.3329999999999999,,,-0.16346639429064486,0.0,-0.060290469277720304,0.11603250935358048,0.0003524224189677172,,0,,,0,,cumulative_place,,,False,,,,0,missing,winticket_line_prediction,provider_forecast_structure_only,0.6275372095659134,5.596475360988817,5.296801087459353,6,4,6,coverage_validated_cumulative_scores_uncalibrated,,unavailable,,0,0
2026-10-10,川崎,8,083420261010,1791640800,1791640500,7,6,013246,山崎充央,追,83.86,,,,,0.0032561506217068633,0.0011546934314055229,0.015472046583358087,0.05416100297604455,position_specialists,0.0011546934314055227,False,,,S,0.266,0.3329999999999999,,,-0.05492411168415881,0.0,-0.10775112612945303,-0.08625812959492589,0.001903081062425676,,0,,,0,,cumulative_place,,,False,,,,0,missing,winticket_line_prediction,provider_forecast_structure_only,0.1154693431405523,1.5472046583358088,5.416100297604455,7,7,5,coverage_validated_cumulative_scores_uncalibrated,,unavailable,,0,0
2026-10-10,奈良,8,085320261010,1791641400,1791641100,1,2,014594,太田剛司,両,91.91,,,,,0.23827624936782146,0.32665084621021767,0.2764343240302525,0.137629309259916,position_specialists,0.32665084621021767,False,,0.07908780261899948,C,0.461,0.6920000000000001,,,0.026314866436434742,0.0,0.052344441156039395,0.18507255834361788,0.0032925432177635635,,0,,,0,,cumulative_place,,,False,,,,0,missing,winticket_line_prediction,provider_forecast_structure_only,32.66508462102177,27.643432403025248,13.7629309259916,1,1,3,coverage_validated_cumulative_scores_uncalibrated,,unavailable,,0,0
2026-10-10,奈良,8,085320261010,1791641400,1791641100,2,1,015375,村上竜馬,逃,92.38,,,,,0.312316756293803,0.2475630435912182,0.17279446689670017,0.26129072129938846,position_specialists,0.2475630435912182,False,,,C,0.356,0.5710000000000001,,,-0.1907552648127314,0.0,-0.038146523816242645,-0.04354648431614539,0.003257884868102894,,0,,,0,,cumulative_place,,,False,,,,0,missing,winticket_line_prediction,provider_forecast_structure_only,24.75630435912182,17.279446689670017,26.129072129938848,2,3,1,coverage_validated_cumulative_scores_uncalibrated,,unavailable,,0,0
2026-10-10,奈良,8,085320261010,1791641400,1791641100,3,5,015812,森崎英登,逃,85.44,,,,,0.17757278880027108,0.17849678556995888,0.19826404736085326,0.14354767873677227,position_specialists,0.17849678556995888,False,,,C,0.518,0.555,,,0.06643454020006286,0.0,0.12132816375382316,-0.04354648431614539,0.0006238502938920436,,0,,,0,,cumulative_place,,,False,,,,0,missing,winticket_line_prediction,provider_forecast_structure_only,17.849678556995887,19.826404736085326,14.354767873677227,3,2,2,coverage_validated_cumulative_scores_uncalibrated,,unavailable,,0,0
2026-10-10,奈良,8,085320261010,1791641400,1791641100,4,3,014671,山田裕哉,追,87.57,,,,,0.12053588477169377,0.14560355264779246,0.15904731486221235,0.13395499410836817,position_specialists,0.14560355264779246,False,,,C,0.38,0.428,,,0.15392749529682423,0.0,0.15989542029967196,-0.04354648431614539,0.0006238502938920436,,0,,,0,,cumulative_place,,,False,,,,0,missing,winticket_line_prediction,provider_forecast_structure_only,14.560355264779245,15.904731486221236,13.395499410836816,4,4,4,coverage_validated_cumulative_scores_uncalibrated,,unavailable,,0,0
2026-10-10,奈良,8,085320261010,1791641400,1791641100,5,4,012760,櫻井宏智,追,87.23,,,,,0.056395584661033574,0.052482355016639344,0.08152692069467948,0.12685549972263324,position_specialists,0.052482355016639344,False,,,C,0.237,0.476,,,0.13035429940581,0.0,-0.0014310484157769102,-0.04354648431614539,0.0022874510776041595,,0,,,0,,cumulative_place,,,False,,,,0,missing,winticket_line_prediction,provider_forecast_structure_only,5.248235501663935,8.152692069467948,12.685549972263324,5,5,5,coverage_validated_cumulative_scores_uncalibrated,,unavailable,,0,0
2026-10-10,奈良,8,085320261010,1791641400,1791641100,6,7,015933,山本康旗,逃,82.0,,,,,0.05814958473233721,0.027269470561170975,0.0728999506265185,0.09899466133448273,position_specialists,0.027269470561170975,False,,,C,0.23,0.307,,,-0.18199088905342073,0.0,-0.13123293584628928,-0.04354648431614539,0.0006238502938920436,,0,,,0,,cumulative_place,,,False,,,,0,missing,winticket_line_prediction,provider_forecast_structure_only,2.7269470561170976,7.289995062651849,9.899466133448273,6,6,6,coverage_validated_cumulative_scores_uncalibrated,,unavailable,,0,0
2026-10-10,奈良,8,085320261010,1791641400,1791641100,7,6,013895,松尾大樹,追,83.14,,,,,0.03675315137303994,0.02193394640300245,0.03903297552878373,0.09772713553843912,position_specialists,0.02193394640300245,False,,,C,0.095,0.38,,,-0.004285047472979766,0.0,-0.16275751713122583,0.03265986323710904,0.0003812418462673598,,0,,,0,,cumulative_place,,,False,,,,0,missing,winticket_line_prediction,provider_forecast_structure_only,2.193394640300245,3.903297552878373,9.772713553843912,7,7,7,coverage_validated_cumulative_scores_uncalibrated,,unavailable,,0,0
2026-10-10,川崎,9,093420261010,1791642000,1791641700,1,1,015262,内山雅貴,逃,96.78,,,,,0.8134537498466052,0.9406076449426197,0.6491950655076737,0.7297640067180798,position_specialists,0.9406076449426197,False,,0.9067057331506355,S,0.758,0.8959999999999999,,,0.21119490196463725,0.0,0.4409255421948802,0.05491983238827424,0.004014013308288441,,0,,,0,,cumulative_place,,,False,,,,0,missing,winticket_line_prediction,provider_forecast_structure_only,94.06076449426197,64.91950655076738,72.976400671808,1,1,1,coverage_validated_cumulative_scores_uncalibrated,,unavailable,,0,0
2026-10-10,川崎,9,093420261010,1791642000,1791641700,2,3,015259,小林稜武,逃,90.41,,,,,0.09821307857295647,0.03390191179198422,0.15000815789888117,0.11275575647139481,position_specialists,0.03390191179198422,False,,,S,0.25,0.416,,,-0.07650964695663927,0.0,-0.0026965949193457073,-0.046248279905915145,0.001154472854153755,,0,,,0,,cumulative_place,,,False,,,,0,missing,winticket_line_prediction,provider_forecast_structure_only,3.390191179198422,15.000815789888119,11.275575647139483,2,2,2,coverage_validated_cumulative_scores_uncalibrated,,unavailable,,0,0
2026-10-10,川崎,9,093420261010,1791642000,1791641700,3,2,013853,長田祐弥,追,92.11,,,,,0.043380795187155256,0.012775134567838936,0.0831280177041104,0.04804078978278508,position_specialists,0.012775134567838936,False,,,S,0.222,0.3329999999999999,,,-0.08344606209278527,0.0,-0.1338825549057748,-0.046248279905915145,0.0005328336249940407,,0,,,0,,cumulative_place,,,False,,,,0,missing,winticket_line_prediction,provider_forecast_structure_only,1.2775134567838937,8.312801770411042,4.8040789782785085,3,3,3,coverage_validated_cumulative_scores_uncalibrated,,unavailable,,0,0
2026-10-10,川崎,9,093420261010,1791642000,1791641700,4,7,015293,中里福太郎,逃,81.23,,,,,0.014243857725231766,0.00368079956308145,0.03237778116575072,0.028717741221526403,position_specialists,0.00368079956308145,False,,,S,0.047,0.238,,,-0.14267709038885507,0.0,-0.10889941896941807,0.1763215671413015,0.0014564119083170452,,0,,,0,,cumulative_place,,,False,,,,0,missing,winticket_line_prediction,provider_forecast_structure_only,0.368079956308145,3.2377781165750723,2.8717741221526407,4,5,6,coverage_validated_cumulative_scores_uncalibrated,,unavailable,,0,0
2026-10-10,川崎,9,093420261010,1791642000,1791641700,5,6,013942,大西健士,追,84.92,,,,,0.011517015843419885,0.003283180338629533,0.019276854677512778,0.016563209729582855,position_specialists,0.003283180338629533,False,,,S,0.16,0.44,,,0.05635948379449245,0.0,-0.09639152012086885,-0.046248279905915145,0.0025753625208045313,,0,,,0,,cumulative_place,,,False,,,,0,missing,winticket_line_prediction,provider_forecast_structure_only,0.3283180338629533,1.927685467751278,1.6563209729582857,5,7,7,coverage_validated_cumulative_scores_uncalibrated,,unavailable,,0,0
2026-10-10,川崎,9,093420261010,1791642000,1791641700,6,5,012718,大橋徹,追,85.25,,,,,0.01096429048090331,0.0032104989512298883,0.029405676499393827,0.03304859605531058,position_specialists,0.0032104989512298883,False,,,S,0.29,0.4579999999999999,,,-0.006339752069650272,0.0,-0.04015496794350994,-0.046248279905915145,0.0005861169874934451,,0,,,0,,cumulative_place,,,False,,,,0,missing,winticket_line_prediction,provider_forecast_structure_only,0.3210498951229888,2.9405676499393834,3.3048596055310586,6,6,4,coverage_validated_cumulative_scores_uncalibrated,,unavailable,,0,0
2026-10-10,川崎,9,093420261010,1791642000,1791641700,7,4,012809,高峰賢治,追,86.28,,,,,0.008227212343728207,0.0025408298446162186,0.036608446546677345,0.031109900021320372,position_specialists,0.0025408298446162186,False,,,S,0.284,0.476,,,0.04141816574879989,0.0,-0.058900485335962906,-0.046248279905915145,0.0010834283708212166,,0,,,0,,cumulative_place,,,False,,,,0,missing,winticket_line_prediction,provider_forecast_structure_only,0.25408298446162186,3.660844654667735,3.110990002132038,7,4,5,coverage_validated_cumulative_scores_uncalibrated,,unavailable,,0,0
2026-10-10,奈良,9,095320261010,1791642600,1791642300,1,2,015919,藤田楓,逃,94.45,,,,,0.6599076487124957,0.7296356181879728,0.5344108040552072,0.4435149160668639,position_specialists,0.729635618187973,False,,0.517797663389297,S,0.833,0.916,,,0.2776644877045914,0.0,0.13885978430389792,0.11592183335418776,0.002958804144215072,,0,,,0,,cumulative_place,,,False,,,,0,missing,winticket_line_prediction,provider_forecast_structure_only,72.96356181879729,53.44108040552071,44.35149160668639,1,1,1,coverage_validated_cumulative_scores_uncalibrated,,unavailable,,0,0
2026-10-10,奈良,9,095320261010,1791642600,1791642300,2,1,015202,今野大輔,両,95.45,,,,,0.22218875215224462,0.21183795479867587,0.20514773655059987,0.2824084542176072,position_specialists,0.21183795479867593,False,,,S,0.652,0.782,,,0.06991900637924048,0.0,0.22807128526404238,0.062049446069254006,0.0006724554873216064,,0,,,0,,cumulative_place,,,False,,,,0,missing,winticket_line_prediction,provider_forecast_structure_only,21.183795479867587,20.514773655059983,28.240845421760717,2,2,2,coverage_validated_cumulative_scores_uncalibrated,,unavailable,,0,0
2026-10-10,奈良,9,095320261010,1791642600,1791642300,3,3,014775,小原周祐,追,93.93,,,,,0.04725229436502634,0.02570632742237849,0.06007981643288589,0.04830881630173794,position_specialists,0.025706327422378498,False,,,S,0.3329999999999999,0.5329999999999999,,,0.01219551823239481,0.0,-0.10083151214035178,0.062049446069254006,0.0022863486568934638,,0,,,0,,cumulative_place,,,False,,,,0,missing,winticket_line_prediction,provider_forecast_structure_only,2.570632742237849,6.007981643288587,4.830881630173794,3,5,5,coverage_validated_cumulative_scores_uncalibrated,,unavailable,,0,0
2026-10-10,奈良,9,095320261010,1791642600,1791642300,4,5,015556,上野恭哉,両,89.58,,,,,0.0381759571647637,0.02150579562732788,0.08687854811520464,0.07572017211263381,position_specialists,0.021505795627327882,False,,,S,0.4,0.64,,,0.02937252173640121,0.0,0.042957688764589934,0.004810034579011924,0.00026898219492864394,,0,,,0,,cumulative_place,,,False,,,,0,missing,winticket_line_prediction,provider_forecast_structure_only,2.150579562732788,8.687854811520461,7.572017211263381,4,3,3,coverage_validated_cumulative_scores_uncalibrated,,unavailable,,0,0
2026-10-10,奈良,9,095320261010,1791642600,1791642300,5,4,013640,西村豊,追,91.05,,,,,0.01776029952109091,0.00707841573107163,0.06968711434115263,0.06901974807239339,position_specialists,0.007078415731071631,False,,,S,0.2769999999999999,0.3329999999999999,,,-0.043611150620709464,0.0,-0.10083151214035178,-0.1063017641961639,0.0005379643898572871,,0,,,0,,cumulative_place,,,False,,,,0,missing,winticket_line_prediction,provider_forecast_structure_only,0.707841573107163,6.968711434115261,6.9019748072393385,5,4,4,coverage_validated_cumulative_scores_uncalibrated,,unavailable,,0,0
2026-10-10,奈良,9,095320261010,1791642600,1791642300,6,6,013667,田中洋輔,追,85.66,,,,,0.007170362702374029,0.002353114628155859,0.020593136824145607,0.03617922422489803,position_specialists,0.0023531146281558593,False,,,S,0.284,0.428,,,-0.18744066616438826,0.0,-0.0693511812025256,-0.032227231679380026,0.002286348656893466,,0,,,0,,cumulative_place,,,False,,,,0,missing,winticket_line_prediction,provider_forecast_structure_only,0.23531146281558588,2.0593136824145604,3.617922422489803,6,7,7,coverage_validated_cumulative_scores_uncalibrated,,unavailable,,0,0
2026-10-10,奈良,9,095320261010,1791642600,1791642300,7,7,015623,野崎翼,両,81.0,,,,,0.0075446853820046724,0.001882773604417309,0.02320284368080417,0.04484866900386578,position_specialists,0.0018827736044173095,False,,,S,0.142,0.285,,,-0.1580997172675301,0.0,-0.138874552849301,-0.1063017641961639,0.002824313046750752,,0,,,0,,cumulative_place,,,False,,,,0,missing,winticket_line_prediction,provider_forecast_structure_only,0.1882773604417309,2.320284368080417,4.484866900386578,7,6,6,coverage_validated_cumulative_scores_uncalibrated,,unavailable,,0,0
