date,venue,race_no,race_id,start_at,close_at,rank_in_race,car_no,player_id,player_name,style,score,odds_win,odds_move_pct,odds_move_last_pct,odds_snapshot_count,p_core,p_win,p_second,p_third,position_model_source,p_win_pre_override,top1_override_applied,top1_override_reason,top1_top2_margin,top1_confidence_class,place2_rate,place3_rate,line_role_place2_rate,line_role_place3_rate,nexus_form_adj,nexus_line_adj,nexus_style_adj,nexus_condition_adj,nexus_uncertainty,expected_value_win,stake_yen,win_return_yen,win_profit_yen,loss_amount_yen,expected_profit_yen,score_first,score_second,score_third,rank_first,rank_second,rank_third,position_score_source,popularity_rank,popularity_source,rank_divergence,undervalued_points,overpopular_points
2026-10-07,高知,1,017420261007,1791329400,1791329100,1,1,15964,柳沼鼓太朗,逃,77.9,,,,,0.697664272473324,0.8145647735350725,0.16196366632448228,0.24047439093987982,position_specialists,0.8145647735350724,False,,0.7103881960331047,S,0.65,0.7,0.35,0.05,0.17366512162229092,0.2524158779576621,0.30075146327340985,-0.032659863237109045,0.0020941310727789347,,0,,,0,,81.45647735350725,16.19636663244823,24.047439093987983,1,3,2,validated_position_specialists,,unavailable,,0,0
2026-10-07,高知,1,017420261007,1791329400,1791329100,2,5,15848,與古田龍門,逃,73.83,,,,,0.1421010263190102,0.1041765775019678,0.16266312172421066,0.16331370813556562,position_specialists,0.10417657750196778,False,,,S,0.444,0.5,0.16,0.2,0.119394771115325,0.2870253888467484,0.07605338986922,-0.032659863237109045,0.004099777734031998,,0,,,0,,10.41765775019678,16.266312172421067,16.33137081355656,2,2,3,validated_position_specialists,,unavailable,,0,0
2026-10-07,高知,1,017420261007,1791329400,1791329100,3,4,14430,橋本祐司,追,72.8,,,,,0.11136434473632636,0.06708776501636458,0.4278727408714886,0.26218418524854376,position_specialists,0.06708776501636457,False,,,S,0.38,0.476,0.22,0.06,-0.032562210304179634,0.039700022885251825,0.11226087755002576,0.19595917942265423,0.0007963597037328344,,0,,,0,,6.708776501636458,42.78727408714886,26.218418524854375,3,1,1,validated_position_specialists,,unavailable,,0,0
2026-10-07,高知,1,017420261007,1791329400,1791329100,4,2,14872,玉村元気,両,71.0,,,,,0.0300190848822339,0.00914919732427913,0.08860892061462154,0.08773512104744799,position_specialists,0.009149197324279129,False,,,S,0.3329999999999999,0.5,0.16,0.18,0.04341628040557269,-0.05906972004411355,-0.14702585340364735,-0.032659863237109045,0.0012682765652041437,,0,,,0,,0.9149197324279131,8.860892061462154,8.7735121047448,4,4,5,validated_position_specialists,,unavailable,,0,0
2026-10-07,高知,1,017420261007,1791329400,1791329100,5,3,12507,爲田学,追,69.79,,,,,0.007781210291536986,0.0025553028076229574,0.0885695211773448,0.07975602409997334,position_specialists,0.002555302807622957,False,,,S,0.208,0.375,0.15,0.1,-0.02170814020278639,-0.04105550252261596,-0.015018343063552778,-0.032659863237109045,0.00017696882305174078,,0,,,0,,0.2555302807622957,8.85695211773448,7.975602409997334,5,5,6,validated_position_specialists,,unavailable,,0,0
2026-10-07,高知,1,017420261007,1791329400,1791329100,6,6,12982,上原直樹,追,67.66,,,,,0.00737383995817309,0.001760628163167473,0.0422149946277303,0.053886634497879,position_specialists,0.0017606281631674728,False,,,S,0.111,0.166,0.13,0.09,-0.16281105152089778,0.051236526514947235,-0.1422975636771313,-0.032659863237109045,0.00038343244994543845,,0,,,0,,0.1760628163167473,4.221499462773029,5.3886634497879,6,6,7,validated_position_specialists,,unavailable,,0,0
2026-10-07,高知,1,017420261007,1791329400,1791329100,7,7,14006,青木亮太,追,67.8,,,,,0.0036962213393954982,0.0007057556515256315,0.028107034660121932,0.11264993603071054,position_specialists,0.0007057556515256314,False,,,S,0.05,0.2,0.07,0.18,-0.1193947711153251,-0.1618864947637935,-0.18472397054832418,-0.032659863237109045,0.0020941310727789347,,0,,,0,,0.07057556515256315,2.8107034660121935,11.264993603071053,7,7,4,validated_position_specialists,,unavailable,,0,0
2026-10-07,高知,2,027420261007,1791330600,1791330300,1,7,16014,森田瑞基,逃,76.88,,,,,0.5918429096128027,0.6009194465948254,0.20467200231453955,0.12054951597163974,position_specialists,0.6009194465948254,False,,0.45499855108968956,S,0.555,0.833,0.35,0.29,0.18081721347735033,0.02070061140518671,-0.005768307644230905,-0.10493136757095814,0.002696500293174349,,0,,,0,,60.09194465948254,20.467200231453955,12.054951597163974,1,2,3,validated_position_specialists,,unavailable,,0,0
2026-10-07,高知,2,027420261007,1791330600,1791330300,2,5,14739,里見恒平,逃,78.33,,,,,0.12723023763206515,0.14592089550513584,0.07209432736687203,0.0723095704716642,position_specialists,0.14592089550513584,False,,,S,0.57,0.7140000000000001,0.26,0.09,0.11194712775583011,0.03453977131212215,-0.04332044456983715,0.0904195826941235,0.0014843120879858803,,0,,,0,,14.592089550513585,7.209432736687203,7.23095704716642,2,6,7,validated_position_specialists,,unavailable,,0,0
2026-10-07,高知,2,027420261007,1791330600,1791330300,3,1,14266,宮本龍一,追,73.0,,,,,0.15019080559696513,0.1299378243445792,0.3528829484881929,0.37698351480457554,position_specialists,0.1299378243445792,False,,,S,0.428,0.428,0.28,0.04,-0.12072208076281937,0.017967700188028724,0.1700397687904829,-0.018976949454322215,0.001286403809587763,,0,,,0,,12.99378243445792,35.28829484881929,37.69835148045755,3,1,1,validated_position_specialists,,unavailable,,0,0
2026-10-07,高知,2,027420261007,1791330600,1791330300,4,3,14880,野見泰要,逃,70.36,,,,,0.06639170998564262,0.06704095178713736,0.10827778856954136,0.09669827696511549,position_specialists,0.06704095178713736,False,,,S,0.3879999999999999,0.5,0.16,0.11,0.08030411539729382,0.062218091125993025,0.06255222880060576,0.10604765871533005,0.001657481831584233,,0,,,0,,6.704095178713736,10.827778856954136,9.669827696511549,4,4,5,validated_position_specialists,,unavailable,,0,0
2026-10-07,高知,2,027420261007,1791330600,1791330300,5,6,12299,増成富夫,逃,67.88,,,,,0.04021724769474581,0.04532736454981342,0.13852706520586314,0.13599392638369132,position_specialists,0.04532736454981342,False,,,S,0.2689999999999999,0.384,0.0,0.25,-0.07046553172279112,0.43314249739609195,0.11649785712297361,0.05134939264110718,0.0006184633699941165,,0,,,0,,4.532736454981342,13.852706520586313,13.599392638369132,5,3,2,validated_position_specialists,,unavailable,,0,0
2026-10-07,高知,2,027420261007,1791330600,1791330300,6,2,11341,黒崎直行,追,71.33,,,,,0.017743676430527898,0.008309679503997726,0.08391987108085815,0.09313438782221209,position_specialists,0.008309679503997726,False,,,S,0.142,0.38,0.02,0.17,-0.07046553172279112,-0.051228099346648494,-0.15000055124999717,-0.10493136757095814,0.0021522525275795264,,0,,,0,,0.8309679503997726,8.391987108085814,9.313438782221208,6,5,6,validated_position_specialists,,unavailable,,0,0
2026-10-07,高知,2,027420261007,1791330600,1791330300,7,4,14275,喜納隆志,追,68.68,,,,,0.006383413047250783,0.00254383771451103,0.03962599697413291,0.10433080758110162,position_specialists,0.00254383771451103,False,,,S,0.13,0.26,0.04,0.19,-0.11141531242207342,-0.1489744732066877,-0.15000055124999717,-0.018976949454322215,0.00301810124557129,,0,,,0,,0.25438377145110297,3.962599697413291,10.433080758110162,7,7,4,validated_position_specialists,,unavailable,,0,0
2026-10-07,高知,3,037420261007,1791331860,1791331560,1,3,15970,田沼龍弥,逃,76.38,,,,,0.6221025136730468,0.7326233130290951,0.17659435247026595,0.14595348598425564,position_specialists,0.7326233130290951,False,,0.5478924185537666,S,0.523,0.7140000000000001,0.25,0.2,0.16662649226886803,0.3362044435344316,0.15108010889500068,0.16542757253612927,0.004337300502467242,,0,,,0,,73.26233130290952,17.659435247026593,14.595348598425566,1,2,3,validated_position_specialists,,unavailable,,0,0
2026-10-07,高知,3,037420261007,1791331860,1791331560,2,4,14578,大越啓介,追,73.93,,,,,0.22940260879777857,0.18473089447532856,0.38874331654699096,0.2038548201285593,position_specialists,0.18473089447532856,False,,,S,0.424,0.575,0.21,0.24,-0.0034945498855243886,0.17558702740335846,0.16944822129788678,0.043155018922468494,0.0010030890412872126,,0,,,0,,18.473089447532857,38.8743316546991,20.385482012855935,2,1,2,validated_position_specialists,,unavailable,,0,0
2026-10-07,高知,3,037420261007,1791331860,1791331560,3,5,15732,宮道良輔,逃,73.25,,,,,0.08083126910067681,0.053159545142119145,0.1348474497473781,0.09809653667385902,position_specialists,0.053159545142119145,False,,,S,0.444,0.555,0.09,0.03,0.04654105074812044,0.09250027834396655,0.12566491602073251,-0.0719250315374475,0.0010737291146172977,,0,,,0,,5.3159545142119145,13.484744974737811,9.809653667385904,3,3,4,validated_position_specialists,,unavailable,,0,0
2026-10-07,高知,3,037420261007,1791331860,1791331560,4,1,13061,小磯知也,追,69.96,,,,,0.03868529041596093,0.020469345615874292,0.12512833207527624,0.09768139843153803,position_specialists,0.020469345615874292,False,,,S,0.3329999999999999,0.444,0.15,0.1,0.056548170874849375,0.08419796545693406,0.026126838010816875,0.0,0.000706400733300854,,0,,,0,,2.0469345615874293,12.512833207527624,9.768139843153804,4,4,5,validated_position_specialists,,unavailable,,0,0
2026-10-07,高知,3,037420261007,1791331860,1791331560,5,2,12883,大沼孝行,逃,68.57,,,,,0.025664875064604083,0.00830164138862696,0.11152851520028366,0.3584613009969111,position_specialists,0.00830164138862696,False,,,S,0.19,0.285,0.0,1.0,-0.0034945498855243886,-0.13126561187980715,-0.10590207783055695,0.007192503153744746,0.001299777349273571,,0,,,0,,0.830164138862696,11.152851520028365,35.846130099691116,5,5,1,validated_position_specialists,,unavailable,,0,0
2026-10-07,高知,3,037420261007,1791331860,1791331560,6,7,12509,岡嵜浩一,追,67.92,,,,,0.0018100294003535282,0.00044214317509640047,0.029845997900497502,0.06356594591542965,position_specialists,0.00044214317509640047,False,,,S,0.0,0.142,0.04,0.25,-0.02906830132049841,-0.13126561187980715,-0.20897797831906761,-0.0719250315374475,0.002189842273232647,,0,,,0,,0.04421431750964005,2.9845997900497503,6.356594591542966,6,7,6,validated_position_specialists,,unavailable,,0,0
2026-10-07,高知,3,037420261007,1791331860,1791331560,7,6,14777,竹村達也,両,63.33,,,,,0.0015034135475791453,0.0002731171738595797,0.033312036059307576,0.03238651186944731,position_specialists,0.0002731171738595797,False,,,S,0.055,0.055,0.0,0.27,-0.2336583128002906,-0.13126561187980715,-0.15744002807481228,-0.0719250315374475,0.00021192021999025617,,0,,,0,,0.02731171738595797,3.3312036059307575,3.2386511869447316,7,6,7,validated_position_specialists,,unavailable,,0,0
2026-10-07,高知,4,047420261007,1791333120,1791332820,1,2,14487,才迫勇馬,逃,78.91,,,,,0.7991245992940451,0.8572320690056024,0.2096038760636812,0.2613250004582298,position_specialists,0.8572320690056027,False,,0.7336559164993475,S,0.75,0.7909999999999999,0.21,0.08,0.1616596720197159,0.19197152163917447,0.34207724823243224,-0.032659863237109045,0.003408497565335709,,0,,,0,,85.72320690056024,20.96038760636812,26.132500045822983,1,2,2,validated_position_specialists,,unavailable,,0,0
2026-10-07,高知,4,047420261007,1791333120,1791332820,2,5,15886,中川飛隆,逃,73.53,,,,,0.13872549576002105,0.12357615250625513,0.18769474911502418,0.1298615811714172,position_specialists,0.12357615250625516,False,,,S,0.375,0.437,0.19,0.16,0.08487132781035088,0.3323191456578956,0.1464545782979383,0.19595917942265423,0.0028019005409963033,,0,,,0,,12.357615250625512,18.769474911502417,12.986158117141718,2,3,3,validated_position_specialists,,unavailable,,0,0
2026-10-07,高知,4,047420261007,1791333120,1791332820,3,3,14447,三木翔太,両,71.61,,,,,0.021105553133352446,0.007694937663996294,0.1338686224589497,0.12785669579135056,position_specialists,0.007694937663996296,False,,,S,0.111,0.444,0.16,0.05,0.004041491800492884,0.10424762603103707,-0.06305061143177863,-0.032659863237109045,0.0004332835888138612,,0,,,0,,0.7694937663996294,13.38686224589497,12.785669579135057,3,4,4,validated_position_specialists,,unavailable,,0,0
2026-10-07,高知,4,047420261007,1791333120,1791332820,4,7,13887,沖本尚織,追,70.37,,,,,0.02450390246506237,0.007445471640105839,0.3243590729109795,0.2620667752413898,position_specialists,0.007445471640105841,False,,,S,0.2,0.3,0.17,0.25,0.004041491800492884,-0.036099997987684054,-0.06305061143177863,-0.032659863237109045,0.0014442786293795379,,0,,,0,,0.744547164010584,32.43590729109795,26.206677524138982,4,1,1,validated_position_specialists,,unavailable,,0,0
2026-10-07,高知,4,047420261007,1791333120,1791332820,5,1,13029,藤田晃英,追,68.5,,,,,0.00939760544221306,0.0028620459189177593,0.0645509608287483,0.07423623860794598,position_specialists,0.0028620459189177597,False,,,S,0.1,0.3,0.0,0.07,0.06466386880788635,-0.1518722004909684,0.023588773253960006,-0.032659863237109045,0.0014442786293795379,,0,,,0,,0.28620459189177594,6.45509608287483,7.423623860794598,5,5,6,validated_position_specialists,,unavailable,,0,0
2026-10-07,高知,4,047420261007,1791333120,1791332820,6,6,14463,久保将史,両,64.4,,,,,0.004557490216068864,0.0007680812288786817,0.04215882170528461,0.04212683932834611,position_specialists,0.000768081228878682,False,,,S,0.05,0.1,0.01,0.02,-0.15357668841873012,-0.1518722004909684,-0.14968999611751727,-0.032659863237109045,0.0014442786293795379,,0,,,0,,0.07680812288786817,4.21588217052846,4.2126839328346115,6,6,7,validated_position_specialists,,unavailable,,0,0
2026-10-07,高知,4,047420261007,1791333120,1791332820,7,4,13062,藤原義浩,追,65.76,,,,,0.002585353689237256,0.0004212420362436863,0.03776389691733245,0.10252686940132041,position_specialists,0.0004212420362436864,False,,,S,0.0,0.0579999999999999,0.02,0.21,-0.16570116382020889,-0.09924847208038459,-0.2363293808032559,-0.032659863237109045,0.0014442786293795379,,0,,,0,,0.042124203624368625,3.776389691733245,10.252686940132042,7,7,5,validated_position_specialists,,unavailable,,0,0
2026-10-07,高知,5,057420261007,1791334380,1791334080,1,3,15959,中野楚樂,逃,80.88,,,,,0.8653329390639122,0.8555212263101573,0.49233089701183014,0.38148593509463796,position_specialists,0.8555212263101573,False,,0.7297509051783042,S,0.888,0.944,0.14,0.07,0.22240174623571946,0.37773031610063795,0.08791941571889628,0.14685477915607478,0.004674845744442357,,0,,,0,,85.55212263101572,49.23308970118301,38.148593509463794,1,1,1,validated_position_specialists,,unavailable,,0,0
2026-10-07,高知,5,057420261007,1791334380,1791334080,2,4,12586,佐藤和典,追,77.4,,,,,0.10838898389843762,0.12577032113185302,0.24021641924419476,0.11592187188876513,position_specialists,0.12577032113185302,False,,,S,0.6659999999999999,0.777,0.16,0.09,0.07427222495558543,0.12746747533872,0.18257388305896272,-0.0755940994344385,0.0005780178035427643,,0,,,0,,12.577032113185302,24.021641924419477,11.592187188876512,2,2,3,validated_position_specialists,,unavailable,,0,0
2026-10-07,高知,5,057420261007,1791334380,1791334080,3,1,14257,岡崎克政,逃,72.82,,,,,0.013043910021029908,0.011794177240714998,0.0913695904116595,0.11019359519595905,position_specialists,0.011794177240714998,False,,,S,0.41,0.647,0.12,0.17,-0.021576288813913082,0.01921151993726858,0.12761533868596747,0.06596427785043359,0.0002028132644009698,,0,,,0,,1.1794177240714998,9.13695904116595,11.019359519595904,3,3,4,validated_position_specialists,,unavailable,,0,0
2026-10-07,高知,5,057420261007,1791334380,1791334080,4,5,11935,高嶋一朗,追,69.96,,,,,0.004924391627454033,0.0032169154090531263,0.041523950888736554,0.08261570495919426,position_specialists,0.0032169154090531263,False,,,S,0.366,0.5,0.22,0.1,-0.06514379507277608,0.10274204112055663,0.024518503871244428,-0.021667098564011028,0.0002940792333814066,,0,,,0,,0.32169154090531266,4.152395088873655,8.261570495919427,4,6,6,validated_position_specialists,,unavailable,,0,0
2026-10-07,高知,5,057420261007,1791334380,1791334080,5,7,14272,松田直也,追,70.43,,,,,0.004754514246816336,0.0025458582821146006,0.055198758156271566,0.0828590561506647,position_specialists,0.0025458582821146006,False,,,S,0.29,0.291,0.0,0.18,0.021991217444949872,-0.16756412524624903,-0.04265669128232439,0.03563033986081815,0.0008619563737041223,,0,,,0,,0.25458582821146003,5.519875815627157,8.28590561506647,5,4,5,validated_position_specialists,,unavailable,,0,0
2026-10-07,高知,5,057420261007,1791334380,1791334080,6,2,14855,東隆之,追,69.13,,,,,0.00205247701281658,0.0006384499606590225,0.029636287244490037,0.05092680036011923,position_specialists,0.0006384499606590225,False,,,S,0.045,0.2269999999999999,0.0,0.33,-0.14356530633872933,-0.16756412524624903,-0.2012748949683531,-0.0755940994344385,0.001571802799107517,,0,,,0,,0.06384499606590226,2.963628724449004,5.092680036011923,6,7,7,validated_position_specialists,,unavailable,,0,0
2026-10-07,高知,5,057420261007,1791334380,1791334080,7,6,11142,小林宏年,追,67.38,,,,,0.0015027841295333418,0.000513051665448001,0.04972409704281749,0.17599703635065964,position_specialists,0.000513051665448001,False,,,S,0.073,0.259,0.0,0.2,-0.0883797984108363,-0.1025776797265835,-0.17869555508439336,-0.0755940994344385,0.001571802799107517,,0,,,0,,0.0513051665448001,4.972409704281748,17.599703635065964,7,5,2,validated_position_specialists,,unavailable,,0,0
2026-10-07,高知,6,067420261007,1791335640,1791335340,1,2,16019,沢田桂太郎,逃,81.33,,,,,0.9430188179572204,0.9618918877779734,0.4149224578953112,0.3670864828879167,position_specialists,0.9618918877779732,False,,0.9429091505946922,S,0.916,1.0,0.15,0.05,0.235715605380852,0.408471587645673,0.21789439498448834,-0.032659863237109045,0.004646580937429838,,0,,,0,,96.18918877779734,41.492245789531125,36.708648288791665,1,1,1,validated_position_specialists,,unavailable,,0,0
2026-10-07,高知,6,067420261007,1791335640,1791335340,2,5,14787,瀬口匠,両,74.44,,,,,0.020878697660615543,0.018982737183280987,0.1017709052329337,0.11100842487287108,position_specialists,0.018982737183280984,False,,,S,0.518,0.555,0.05,0.05,0.05733622833588289,-0.08725434501488222,0.24042688052367164,-0.032659863237109045,0.0005759142570335575,,0,,,0,,1.8982737183280987,10.177090523293371,11.100842487287107,2,3,3,validated_position_specialists,,unavailable,,0,0
2026-10-07,高知,6,067420261007,1791335640,1791335340,3,4,15160,牧田賢也,逃,70.95,,,,,0.013297091102447218,0.007678167647406152,0.06898117147395068,0.05784657681178824,position_specialists,0.00767816764740615,False,,,S,0.237,0.428,0.11,0.16,-0.014015522482104746,0.03244066773738319,-0.04564649134257944,-0.032659863237109045,0.0006151811381949364,,0,,,0,,0.7678167647406152,6.898117147395069,5.784657681178824,3,4,5,validated_position_specialists,,unavailable,,0,0
2026-10-07,高知,6,067420261007,1791335640,1791335340,4,1,13023,吉田英二,追,68.93,,,,,0.012668863314151077,0.006883764151396294,0.31656909884860535,0.3148448743942102,position_specialists,0.006883764151396292,False,,,S,0.068,0.275,0.11,0.09,-0.07644830444784395,0.030479262612892653,-0.1553078670233443,0.19595917942265428,0.0014005187614225146,,0,,,0,,0.6883764151396293,31.65690988486054,31.48448743942102,4,2,2,validated_position_specialists,,unavailable,,0,0
2026-10-07,高知,6,067420261007,1791335640,1791335340,5,3,14503,真船拓磨,追,69.3,,,,,0.003593268516448533,0.0018587930527328709,0.03173923749040621,0.05049477120687035,position_specialists,0.0018587930527328704,False,,,S,0.25,0.3,0.3,0.07,-0.040772429038850096,0.018349232938431694,-0.05102952505944595,-0.032659863237109045,0.000942405147873094,,0,,,0,,0.18587930527328708,3.173923749040622,5.049477120687035,5,6,6,validated_position_specialists,,unavailable,,0,0
2026-10-07,高知,6,067420261007,1791335640,1791335340,6,7,13145,瓦田勝也,追,71.2,,,,,0.0030718463442104293,0.0015618441801219741,0.03981969718307794,0.07037482986978391,position_specialists,0.0015618441801219737,False,,,S,0.166,0.4,0.07,0.18,-0.014015522482104746,-0.08725434501488222,-0.05102952505944595,-0.032659863237109045,0.0014005187614225146,,0,,,0,,0.1561844180121974,3.981969718307795,7.037482986978391,6,5,4,validated_position_specialists,,unavailable,,0,0
2026-10-07,高知,6,067420261007,1791335640,1791335340,7,6,14373,鈴木雄一朗,両,65.93,,,,,0.0034714151049067958,0.0011428060070884326,0.0261974318757149,0.028344039956559496,position_specialists,0.0011428060070884324,False,,,S,0.133,0.133,0.05,0.05,-0.1478000552658316,-0.07316291021593073,-0.1553078670233443,-0.032659863237109045,0.000942405147873094,,0,,,0,,0.11428060070884326,2.6197431875714905,2.8344039956559497,7,7,7,validated_position_specialists,,unavailable,,0,0
2026-10-07,高知,7,077420261007,1791336900,1791336600,1,1,16004,松本悠平,逃,80.88,,,,,0.9523017223701916,0.9705568836763605,0.4259146208593765,0.44515481793559236,position_specialists,0.9705568836763604,False,,0.9605695388045525,S,0.888,0.944,0.13,0.06,0.23147344041798254,0.4066081181829909,0.39605272772481104,-0.039140916333739034,0.004762676232912157,,0,,,0,,97.05568836763605,42.59146208593765,44.51548179355924,1,1,1,validated_position_specialists,,unavailable,,0,0
2026-10-07,高知,7,077420261007,1791336900,1791336600,2,7,13063,赤松秀展,追,72.66,,,,,0.018675221205592542,0.0099873448718079,0.28748077235681196,0.16841444712789122,position_specialists,0.009987344871807899,False,,,S,0.0,0.444,0.22,0.12,-0.06868765899195702,0.04158047896413398,-0.17018196409904057,-0.039140916333739034,0.00038101409863297266,,0,,,0,,0.99873448718079,28.748077235681198,16.841444712789123,2,2,2,validated_position_specialists,,unavailable,,0,0
2026-10-07,高知,7,077420261007,1791336900,1791336600,3,4,14183,隅田幸助,両,70.14,,,,,0.012789008523392185,0.008673900470867926,0.10267847178760045,0.15359847023995787,position_specialists,0.008673900470867925,False,,,S,0.356,0.357,0.12,0.0,0.056379465762184465,-0.08123247621848667,0.05472855364963072,-0.039140916333739034,0.00028576057397472943,,0,,,0,,0.8673900470867926,10.267847178760045,15.359847023995787,3,3,3,validated_position_specialists,,unavailable,,0,0
2026-10-07,高知,7,077420261007,1791336900,1791336600,4,5,14868,小林寛弥,逃,68.54,,,,,0.007375852302014236,0.006040660357283756,0.06434676577018071,0.07106579208475011,position_specialists,0.006040660357283755,False,,,S,0.29,0.375,0.1,0.12,0.014690424177470645,0.006856094880526216,0.012305710150368486,0.19269374195071526,0.00028576057397472943,,0,,,0,,0.6040660357283756,6.434676577018071,7.1065792084750115,4,4,5,validated_position_specialists,,unavailable,,0,0
2026-10-07,高知,7,077420261007,1791336900,1791336600,5,3,13470,畠山裕行,追,68.9,,,,,0.0047448638850788125,0.003197071529711719,0.050893327235145065,0.08018247801670361,position_specialists,0.0031970715297117186,False,,,S,0.136,0.2269999999999999,0.17,0.06,-0.0019851924564149,0.08334561572707805,-0.024689696263254873,0.0030108397179799224,0.0009525352465824315,,0,,,0,,0.3197071529711719,5.089332723514507,8.01824780167036,5,5,4,validated_position_specialists,,unavailable,,0,0
2026-10-07,高知,7,077420261007,1791336900,1791336600,6,2,14416,矢田晋,両,66.66,,,,,0.002560708218554391,0.0010108083085107564,0.039704408592512,0.043045531154314406,position_specialists,0.0010108083085107562,False,,,S,0.12,0.16,0.06,0.06,-0.11871450889361364,-0.13385620462907047,-0.09803336706347414,-0.039140916333739034,0.001333549345215404,,0,,,0,,0.10108083085107564,3.9704408592512,4.304553115431441,6,6,6,validated_position_specialists,,unavailable,,0,0
2026-10-07,高知,7,077420261007,1791336900,1791336600,7,6,11328,川添輝彦,追,65.66,,,,,0.0015526234951761051,0.0005333307854574764,0.028981633398373244,0.03853846344079047,position_specialists,0.0005333307854574763,False,,,S,0.0,0.1,0.0,0.0,-0.11315597001565175,-0.13385620462907047,-0.17018196409904057,-0.039140916333739034,0.0015240563945318904,,0,,,0,,0.05333307854574765,2.8981633398373243,3.853846344079047,7,7,7,validated_position_specialists,,unavailable,,0,0
2026-10-07,大宮,1,012520261007,1791337500,1791337200,1,7,15513,菊池翔,逃,83.5,,,,,0.409534526220061,0.4938227014631887,0.2433396424980855,0.20483891780510527,position_specialists,0.4938227014631888,False,,0.2388152107225553,A,0.351,0.529,0.16,0.09,0.1299244219076273,0.11380382712793931,0.2415964589129031,-0.03265986323710903,0.0013188504524157029,,0,,,0,,49.38227014631887,24.333964249808556,20.483891780510525,1,1,1,validated_position_specialists,,unavailable,,0,0
2026-10-07,大宮,1,012520261007,1791337500,1791337200,2,1,15883,吉田夢希斗,逃,80.38,,,,,0.22463110381554327,0.25500749074063345,0.1744289453831334,0.15433655586317832,position_specialists,0.2550074907406335,False,,,A,0.142,0.238,0.24,0.14,0.0442999301160868,0.3754434319329954,0.06342136358721757,0.19595917942265423,0.004296899861096322,,0,,,0,,25.500749074063343,17.442894538313343,15.433655586317832,2,3,3,validated_position_specialists,,unavailable,,0,0
2026-10-07,大宮,1,012520261007,1791337500,1791337200,3,3,14575,鈴木達也,追,83.81,,,,,0.17089156758938695,0.1565435412371783,0.19835813827986018,0.13837615455885158,position_specialists,0.15654354123717834,False,,,A,0.147,0.3329999999999999,0.08,0.1,0.06512750920051551,0.09665699425717485,0.10373398901605044,-0.03265986323710903,0.0016591989562649164,,0,,,0,,15.654354123717832,19.835813827986023,13.837615455885159,3,2,4,validated_position_specialists,,unavailable,,0,0
2026-10-07,大宮,1,012520261007,1791337500,1791337200,4,2,14707,飯塚直人,両,81.75,,,,,0.08782156536732423,0.05525719860205177,0.13722088215394845,0.13315906762893506,position_specialists,0.055257198602051784,False,,,A,0.15,0.35,0.4,0.0,0.14524779441310148,-0.09550785671610552,0.021365212258013168,-0.03265986323710903,0.0001701742519246068,,0,,,0,,5.525719860205177,13.722088215394846,13.315906762893507,4,4,5,validated_position_specialists,,unavailable,,0,0
2026-10-07,大宮,1,012520261007,1791337500,1791337200,5,5,13172,金子周一郎,追,80.13,,,,,0.05398164664288261,0.024910530665954073,0.08870131966804681,0.17017886851802852,position_specialists,0.02491053066595408,False,,,A,0.086,0.13,0.12,0.25,-0.01818280713719947,-0.007998847664847588,-0.06100356450002413,-0.03265986323710903,0.0016591989562649164,,0,,,0,,2.4910530665954074,8.870131966804683,17.017886851802853,5,5,2,validated_position_specialists,,unavailable,,0,0
2026-10-07,大宮,1,012520261007,1791337500,1791337200,6,4,14828,川口聖翔,追,78.91,,,,,0.02586885233722108,0.007877282863363633,0.0839137328675732,0.10859627303112135,position_specialists,0.007877282863363635,False,,,A,0.043,0.086,0.04,0.08,-0.08066554439048593,-0.15865633080880606,-0.14337234125806142,-0.03265986323710903,0.0010635890745287924,,0,,,0,,0.7877282863363634,8.391373286757322,10.859627303112134,6,6,6,validated_position_specialists,,unavailable,,0,0
2026-10-07,大宮,1,012520261007,1791337500,1791337200,7,6,12132,甲斐下智,追,78.03,,,,,0.027270738027580923,0.006581254427629993,0.07403733914935237,0.09051416259477998,position_specialists,0.006581254427629995,False,,,A,0.0,0.0,0.02,0.19,-0.2857513041096443,-0.007998847664847588,-0.2257411180160987,-0.03265986323710903,0.0010635890745287924,,0,,,0,,0.6581254427629993,7.403733914935238,9.051416259477998,7,7,7,validated_position_specialists,,unavailable,,0,0
2026-10-07,奈良,1,015320261007,1791337980,1791337680,1,3,15795,今井希,逃,88.62,,,,,0.45241498797217516,0.5366733686635801,0.13788902407099035,0.1840661855330454,position_specialists,0.5366733686635801,False,,0.33763290070388263,A,0.3329999999999999,0.5,0.23,0.15,0.16516650013384368,0.2602620055835222,0.034085446882245074,-0.05059644256269407,0.0019141087331468172,,0,,,0,,53.667336866358006,13.788902407099036,18.40661855330454,1,4,3,validated_position_specialists,,unavailable,,0,0
2026-10-07,奈良,1,015320261007,1791337980,1791337680,2,5,12924,太田黒大心,追,87.53,,,,,0.21832637180529701,0.1990404679596974,0.15709450065306874,0.07737429144993871,position_specialists,0.1990404679596974,False,,,A,0.4,0.5329999999999999,0.15,0.17,0.03179925568085165,-0.003942112000100903,0.19538881340666328,-0.05059644256269407,0.002845977458494609,,0,,,0,,19.90404679596974,15.709450065306873,7.737429144993871,2,3,6,validated_position_specialists,,unavailable,,0,0
2026-10-07,奈良,1,015320261007,1791337980,1791337680,3,1,15742,堀越翔己,逃,83.38,,,,,0.1763758835244904,0.18777069853861839,0.17770437744319822,0.19572079957657762,position_specialists,0.18777069853861839,False,,,A,0.3329999999999999,0.619,0.15,0.12,0.0604505286880562,0.276937155372691,0.06255271781315191,0.1264911064067352,0.0016118810384394245,,0,,,0,,18.77706985386184,17.77043774431982,19.572079957657763,3,2,2,validated_position_specialists,,unavailable,,0,0
2026-10-07,奈良,1,015320261007,1791337980,1791337680,4,2,12603,大川栄二,追,83.09,,,,,0.05576533835521095,0.03456453541513388,0.10646292634465866,0.11895090459953792,position_specialists,0.03456453541513388,False,,,A,0.142,0.3329999999999999,0.1,0.2,0.03179925568085165,-0.06968886513587892,-0.03659599030371425,0.1264911064067352,0.0005540841069635521,,0,,,0,,3.4564535415133877,10.646292634465865,11.895090459953792,4,5,4,validated_position_specialists,,unavailable,,0,0
2026-10-07,奈良,1,015320261007,1791337980,1791337680,5,7,14070,秋葉大輔,追,84.57,,,,,0.06439230496804753,0.030676583853458235,0.2652523362261313,0.25676429150828123,position_specialists,0.030676583853458235,False,,,A,0.142,0.238,0.15,0.12,-0.21253801102598574,0.029408187578236624,-0.03659599030371425,-0.05059644256269407,0.001561509755988193,,0,,,0,,3.0676583853458235,26.525233622613133,25.676429150828124,5,1,1,validated_position_specialists,,unavailable,,0,0
2026-10-07,奈良,1,015320261007,1791337980,1791337680,6,4,14323,連佛康浩,追,79.7,,,,,0.018623049139513372,0.0075803928738499785,0.08957887119877134,0.09205448074627896,position_specialists,0.0075803928738499785,False,,,A,0.175,0.235,0.23,0.15,0.09535585250331871,-0.23644036302756674,-0.03659599030371425,-0.05059644256269407,0.0029719056646226893,,0,,,0,,0.7580392873849978,8.957887119877133,9.205448074627895,6,6,5,validated_position_specialists,,unavailable,,0,0
2026-10-07,奈良,1,015320261007,1791337980,1791337680,7,6,14755,奥出健士郎,追,77.41,,,,,0.014102064235265619,0.0036939526956621103,0.06601796406318139,0.07506904658634012,position_specialists,0.0036939526956621103,False,,,A,0.0409999999999999,0.083,0.0,0.12,-0.1720333816609366,-0.11971431450338524,-0.1822390071909175,-0.05059644256269407,0.001435581549860112,,0,,,0,,0.36939526956621105,6.6017964063181385,7.506904658634012,7,7,7,validated_position_specialists,,unavailable,,0,0
2026-10-07,静岡,1,013820261007,1791338460,1791338160,1,7,15698,佐藤譲士郎,逃,77.21,,,,,0.7826792538107868,0.9037072893810327,0.19128473609240926,0.28762258837674337,position_specialists,0.9037072893810327,False,,0.866492285055523,S,0.6659999999999999,0.8,0.14,0.14,0.20678708524324624,0.3679747491956011,0.17428964205739775,0.015011732500816029,0.0008164965809277261,,0,,,0,,90.37072893810327,19.128473609240928,28.762258837674338,1,2,1,validated_position_specialists,,unavailable,,0,0
2026-10-07,静岡,1,013820261007,1791338460,1791338160,2,3,13926,早坂道義,追,71.18,,,,,0.07696260550210798,0.037215004325509726,0.46153687403863913,0.2357745236019251,position_specialists,0.037215004325509726,False,,,S,0.222,0.407,0.21,0.21,0.04757318333891642,0.11223134146937164,0.05481680247479994,-0.04103206883556381,0.0008164965809277261,,0,,,0,,3.7215004325509726,46.15368740386391,23.57745236019251,2,1,2,validated_position_specialists,,unavailable,,0,0
2026-10-07,静岡,1,013820261007,1791338460,1791338160,3,2,14994,野口修平,逃,76.66,,,,,0.07645776829307914,0.030490600940989827,0.1101778170479016,0.23359993113603614,position_specialists,0.030490600940989827,False,,,S,0.3329999999999999,0.6659999999999999,0.0,0.0,-0.028995334370799434,-0.1191173886979543,-0.16178165923954665,0.19014861167700303,0.004898979485566356,,0,,,0,,3.0490600940989827,11.01778170479016,23.359993113603615,3,4,3,validated_position_specialists,,unavailable,,0,0
2026-10-07,静岡,1,013820261007,1791338460,1791338160,4,1,12893,吉野猛,追,70.9,,,,,0.03815576239726449,0.020616118329699083,0.11407216727504506,0.08433959741170527,position_specialists,0.020616118329699083,False,,,S,0.266,0.433,0.19,0.08,-0.007118615025166401,0.1682980934942468,0.14145618716053862,-0.04103206883556381,0.0008164965809277261,,0,,,0,,2.0616118329699082,11.407216727504506,8.433959741170527,4,3,4,validated_position_specialists,,unavailable,,0,0
2026-10-07,静岡,1,013820261007,1791338460,1791338160,5,4,15355,磯村蓮太,逃,68.09,,,,,0.01604985713080681,0.005167021988437596,0.05892231794243177,0.07733070395548072,position_specialists,0.005167021988437596,False,,,S,0.237,0.285,0.2,0.11,-0.028995334370799434,-0.052525890990962415,-0.015176731002704308,-0.04103206883556381,0.0008164965809277261,,0,,,0,,0.5167021988437596,5.892231794243178,7.733070395548072,5,5,5,validated_position_specialists,,unavailable,,0,0
2026-10-07,静岡,1,013820261007,1791338460,1791338160,6,5,14483,竜門孝宗,追,68.66,,,,,0.007673679424486919,0.002455822995701685,0.04572374886390903,0.05614192232122646,position_specialists,0.002455822995701685,False,,,S,0.166,0.416,0.11,0.25,0.014758104320466729,-0.06305063667307917,-0.0318225822109387,-0.04103206883556381,0.0008164965809277261,,0,,,0,,0.2455822995701685,4.572374886390903,5.614192232122646,6,6,6,validated_position_specialists,,unavailable,,0,0
2026-10-07,静岡,1,013820261007,1791338460,1791338160,7,6,12277,井上典善,追,63.77,,,,,0.0020210734414677863,0.00034814203862942444,0.018282338739664134,0.025190733196882923,position_specialists,0.00034814203862942444,False,,,S,0.036,0.037,0.04,0.08,-0.20400908913586438,-0.1191173886979543,-0.16178165923954665,-0.04103206883556381,0.0008164965809277261,,0,,,0,,0.03481420386294244,1.8282338739664135,2.5190733196882924,7,7,7,validated_position_specialists,,unavailable,,0,0
2026-10-07,大宮,2,022520261007,1791339000,1791338700,1,2,15798,橋谷成海,逃,84.76,,,,,0.3401464975997119,0.3549851511092005,0.17297573156542154,0.12532849699305668,position_specialists,0.3549851511092005,False,,0.11375517638295252,B,0.3329999999999999,0.38,0.2,0.05,0.03272255871984133,0.05826696540950853,0.12304474624564463,-0.04946474960410216,0.003435806892345715,,0,,,0,,35.498515110920046,17.297573156542157,12.532849699305668,1,3,3,validated_position_specialists,,unavailable,,0,0
2026-10-07,大宮,2,022520261007,1791339000,1791338700,2,7,15735,岡本翔,逃,82.19,,,,,0.19685565250036316,0.24122997472624796,0.18775195086193486,0.11822602909086324,position_specialists,0.24122997472624796,False,,,B,0.284,0.38,0.16,0.08,0.22299530037301724,0.11432169497214083,0.219941718459684,-0.04946474960410216,0.0019688331630295665,,0,,,0,,24.122997472624796,18.775195086193488,11.822602909086324,2,2,6,validated_position_specialists,,unavailable,,0,0
2026-10-07,大宮,2,022520261007,1791339000,1791338700,3,5,13553,小島雅章,追,82.07,,,,,0.20913436949810596,0.2027165712465483,0.23142760034734042,0.2802291781302126,position_specialists,0.2027165712465483,False,,,B,0.147,0.259,0.12,0.02,-0.19178284277740743,0.372479431779043,0.0857205608542745,0.09218430608037219,0.0020846468785018935,,0,,,0,,20.27165712465483,23.142760034734046,28.02291781302126,3,1,1,validated_position_specialists,,unavailable,,0,0
2026-10-07,大宮,2,022520261007,1791339000,1791338700,4,1,14329,阿部功,追,81.4,,,,,0.18171845669479375,0.17147210724854045,0.13676054571955806,0.12185328755885767,position_specialists,0.17147210724854045,False,,,B,0.15,0.2,0.13,0.08,0.09362626970235598,0.16694542338272464,-1.1580143136721843e-05,0.1551394419401386,7.72091436482181e-05,,0,,,0,,17.147210724854045,13.676054571955808,12.185328755885767,4,4,4,validated_position_specialists,,unavailable,,0,0
2026-10-07,大宮,2,022520261007,1791339000,1791338700,5,3,15156,門脇翼,両,80.57,,,,,0.04384609292220635,0.021079131410447476,0.12254280508880475,0.1281318890862396,position_specialists,0.021079131410447476,False,,,B,0.142,0.142,0.0,0.0,-0.001510101124231548,-0.13910687881471595,-1.1580143136721843e-05,-0.04946474960410216,0.0019688331630295665,,0,,,0,,2.1079131410447474,12.254280508880477,12.81318890862396,5,5,2,validated_position_specialists,,unavailable,,0,0
2026-10-07,大宮,2,022520261007,1791339000,1791338700,6,4,13989,大泉英則,追,79.42,,,,,0.018517164134788894,0.006083142273094999,0.09173524412687384,0.10450148361968829,position_specialists,0.006083142273094999,False,,,B,0.047,0.19,0.0,0.0,-0.001510101124231548,-0.19173060722529972,-0.17147586213795918,-0.04946474960410216,0.0019688331630295665,,0,,,0,,0.6083142273094999,9.173524412687385,10.450148361968829,6,6,7,validated_position_specialists,,unavailable,,0,0
2026-10-07,大宮,2,022520261007,1791339000,1791338700,7,6,12602,吉村文隆,追,78.66,,,,,0.009781766650029942,0.00243392198592032,0.056806122290066444,0.12172963552108197,position_specialists,0.00243392198592032,False,,,B,0.0,0.125,0.0,0.27,-0.15454108376934483,-0.13910687881471595,-0.2572080031353704,-0.04946474960410216,0.0004632548618893097,,0,,,0,,0.243392198592032,5.680612229006646,12.172963552108197,7,7,5,validated_position_specialists,,unavailable,,0,0
2026-10-07,奈良,2,025320261007,1791339540,1791339240,1,7,14305,大谷靖茂,逃,88.1,,,,,0.6894886070323761,0.8237195114960589,0.2374544616457685,0.3035856225043694,position_specialists,0.8237195114960592,False,,0.7007078797820434,S,0.551,0.586,0.19,0.08,0.2359651907233357,0.3127982019442619,0.41093378739780373,0.14320093880886273,0.0027055674661226,,0,,,0,,82.37195114960589,23.74544616457685,30.358562250436933,1,2,1,validated_position_specialists,,unavailable,,0,0
2026-10-07,奈良,2,025320261007,1791339540,1791339240,2,1,13117,鳥越靖弘,追,85.04,,,,,0.18573154940160805,0.12301163171401576,0.32254253555639334,0.09870405388328364,position_specialists,0.12301163171401579,False,,,S,0.29,0.4579999999999999,0.18,0.13,0.04660409003110268,0.19121239457737835,0.06636029376510152,0.10802877839966835,0.0013246007386225227,,0,,,0,,12.301163171401576,32.25425355563934,9.870405388328363,2,1,5,validated_position_specialists,,unavailable,,0,0
2026-10-07,奈良,2,025320261007,1791339540,1791339240,3,4,15102,奥出良,逃,82.23,,,,,0.09514690611734047,0.04652051021025077,0.1270855022707413,0.13017054183804272,position_specialists,0.046520510210250776,False,,,S,0.351,0.411,0.12,0.16,0.060666416424225586,0.13858866616679452,0.07152360919208672,-0.050245943441706215,0.0027055674661226,,0,,,0,,4.652051021025077,12.70855022707413,13.017054183804268,3,4,3,validated_position_specialists,,unavailable,,0,0
2026-10-07,奈良,2,025320261007,1791339540,1791339240,4,2,14742,河野淳吾,追,80.38,,,,,0.01244747240696722,0.0032234440323285936,0.12902988037358043,0.11168976702835967,position_specialists,0.0032234440323285945,False,,,S,0.105,0.21,0.27,0.2,-0.023911376595182908,-0.07010190908882276,-0.10663148287474017,-0.050245943441706215,0.0018318946385205105,,0,,,0,,0.32234440323285934,12.902988037358043,11.168976702835966,4,3,4,validated_position_specialists,,unavailable,,0,0
2026-10-07,奈良,2,025320261007,1791339540,1791339240,5,5,12216,武田哲二,追,79.92,,,,,0.007453205816421734,0.0017145546629392004,0.08654687198647112,0.24545483490384237,position_specialists,0.0017145546629392008,False,,,S,0.04,0.08,0.03,0.03,-0.015788403801682258,-0.1332503831815233,-0.13784983701712117,-0.050245943441706215,0.0018318946385205105,,0,,,0,,0.17145546629392003,8.654687198647112,24.545483490384232,5,5,2,validated_position_specialists,,unavailable,,0,0
2026-10-07,奈良,2,025320261007,1791339540,1791339240,6,3,12992,吉良勝信,追,78.55,,,,,0.005177066646349788,0.0009684243868574842,0.0513148655768946,0.05721718551918012,position_specialists,0.0009684243868574844,False,,,S,0.0,0.05,0.0,0.0,-0.06609835577455164,-0.18587411159210707,-0.16906819115950214,-0.050245943441706215,0.0018318946385205105,,0,,,0,,0.09684243868574842,5.131486557689461,5.721718551918011,6,6,6,validated_position_specialists,,unavailable,,0,0
2026-10-07,奈良,2,025320261007,1791339540,1791339240,7,6,13646,日浅保幸,追,78.19,,,,,0.0045551925789365354,0.0008419234975491586,0.046025882590150675,0.0531779943229222,position_specialists,0.0008419234975491588,False,,,S,0.0,0.076,0.0,0.07,-0.23743756100724692,-0.0639274365478799,-0.13526817930362856,-0.050245943441706215,0.0012400517553061915,,0,,,0,,0.08419234975491587,4.602588259015068,5.31779943229222,7,7,7,validated_position_specialists,,unavailable,,0,0
2026-10-07,静岡,2,023820261007,1791340080,1791339780,1,4,15998,木曽田晃大,逃,74.57,,,,,0.5790536431486145,0.764962653398667,0.20469359426016848,0.1043897835870428,position_specialists,0.7649626533986672,False,,0.6758354972457342,S,0.523,0.7140000000000001,0.15,0.21,0.10578169613783843,0.39287594835303236,0.1847798530993181,0.18692246033732915,0.004346288020929842,,0,,,0,,76.4962653398667,20.46935942601685,10.438978358704283,1,3,5,validated_position_specialists,,unavailable,,0,0
2026-10-07,静岡,2,023820261007,1791340080,1791339780,2,3,14434,山崎功也,追,74.38,,,,,0.13935401632993794,0.08912715615293301,0.2212533858947166,0.20308338401238288,position_specialists,0.08912715615293303,False,,,S,0.284,0.428,0.36,0.07,0.05236087965139494,0.1156155055705586,0.09520566349726331,-0.042753541460133805,0.0011701544671734187,,0,,,0,,8.912715615293301,22.125338589471664,20.30833840123829,2,2,2,validated_position_specialists,,unavailable,,0,0
2026-10-07,静岡,2,023820261007,1791340080,1791339780,3,5,15241,山田祐太,逃,72.03,,,,,0.11205041620664717,0.07016842335915824,0.11948105041068087,0.1416286675224487,position_specialists,0.07016842335915825,False,,,S,0.406,0.5920000000000001,0.19,0.1,0.1324921043810602,0.008011081961131903,0.1740541665402048,-0.042753541460133805,0.0011701544671734187,,0,,,0,,7.016842335915824,11.94810504106809,14.162866752244872,3,4,4,validated_position_specialists,,unavailable,,0,0
2026-10-07,静岡,2,023820261007,1791340080,1791339780,4,2,13049,南大輔,追,72.95,,,,,0.13938208666959911,0.06844726262088388,0.3054157934076195,0.24460321005971922,position_specialists,0.0684472626208839,False,,,S,0.237,0.38,0.22,0.11,0.05236087965139494,0.06063481037171569,0.0024431815943922464,-0.042753541460133805,0.0011701544671734187,,0,,,0,,6.844726262088388,30.541579340761952,24.460321005971924,4,1,1,validated_position_specialists,,unavailable,,0,0
2026-10-07,静岡,2,023820261007,1791340080,1791339780,5,7,13728,伊狩知人,追,69.72,,,,,0.012887369120738313,0.003953998584909566,0.051913555433560715,0.14948705940042498,position_specialists,0.003953998584909567,False,,,S,0.217,0.347,0.16,0.2,-0.060416399597763557,-0.11247505411867069,0.0024431815943922464,-0.042753541460133805,0.0011701544671734187,,0,,,0,,0.39539985849095666,5.191355543356073,14.9487059400425,5,6,3,validated_position_specialists,,unavailable,,0,0
2026-10-07,静岡,2,023820261007,1791340080,1791339780,6,1,11792,木下章,両,68.48,,,,,0.008583761208085688,0.0017549608997628797,0.05394100661392587,0.10250055427772256,position_specialists,0.0017549608997628802,False,,,S,0.073,0.296,0.0,0.27,-0.06783595744310289,-0.05749435891982777,-0.27584426411422097,-0.042753541460133805,0.0011701544671734187,,0,,,0,,0.17549608997628796,5.394100661392588,10.250055427772258,6,5,6,validated_position_specialists,,unavailable,,0,0
2026-10-07,静岡,2,023820261007,1791340080,1791339780,7,6,11990,茂木和臣,追,67.5,,,,,0.008688707316377137,0.0015855449836853213,0.04330161397932791,0.0543073411402588,position_specialists,0.0015855449836853217,False,,,S,0.111,0.37,0.0,0.25,-0.21474320278082246,-0.1650987825292545,-0.1830817822113499,0.026845246963339828,0.001504484314937253,,0,,,0,,0.15855449836853214,4.330161397932792,5.4307341140258805,7,7,7,validated_position_specialists,,unavailable,,0,0
2026-10-07,大宮,3,032520261007,1791340620,1791340320,1,2,15559,神開一輝,逃,93.19,,,,,0.5418808323245082,0.7002803436099571,0.16736321741211854,0.19722107563698338,position_specialists,0.7002803436099571,False,,0.5412675100439398,S,0.523,0.5710000000000001,0.15,0.09,0.12595093105787739,0.3924590490183491,0.11527076753300272,0.07620634755325442,0.0032573802841838213,,0,,,0,,70.0280343609957,16.736321741211857,19.722107563698334,1,4,2,validated_position_specialists,,unavailable,,0,0
2026-10-07,大宮,3,032520261007,1791340620,1791340320,2,4,15429,山田雄大,逃,89.0,,,,,0.23114827181767236,0.15901283356601723,0.17088001424391516,0.08252513154837238,position_specialists,0.15901283356601723,False,,,S,0.5,0.583,0.18,0.14,-0.009572691690548266,0.14366917652322844,0.14428808603884832,-0.07620634755325442,0.00027144835701531866,,0,,,0,,15.901283356601722,17.08800142439152,8.252513154837237,2,3,5,validated_position_specialists,,unavailable,,0,0
2026-10-07,大宮,3,032520261007,1791340620,1791340320,3,5,15650,田代匠,逃,87.76,,,,,0.1079364713599525,0.09353794760471354,0.2159371186495004,0.13196634145265065,position_specialists,0.09353794760471354,False,,,S,0.3329999999999999,0.523,0.15,0.1,0.12364702583964779,0.0619332831546714,0.11918344933586325,0.1415260740274725,0.002443035213137866,,0,,,0,,9.353794760471354,21.593711864950045,13.196634145265062,3,2,3,validated_position_specialists,,unavailable,,0,0
2026-10-07,大宮,3,032520261007,1791340620,1791340320,4,1,13275,渡辺航平,追,85.52,,,,,0.0848399113719342,0.03732811516156924,0.26923689082372926,0.3459125442265982,position_specialists,0.03732811516156924,False,,,S,0.284,0.3329999999999999,0.25,0.13,-0.04583279954992167,0.00012676084927540544,-0.04460396152078099,0.03265986323710903,0.00027144835701531866,,0,,,0,,3.7328115161569237,26.923689082372928,34.59125442265981,4,1,1,validated_position_specialists,,unavailable,,0,0
2026-10-07,大宮,3,032520261007,1791340620,1791340320,5,3,14079,江本博明,追,80.66,,,,,0.011370849655610495,0.003590189114605264,0.054546577049813055,0.06399353331036635,position_specialists,0.003590189114605264,False,,,S,0.095,0.238,0.13,0.15,0.012863984859447803,-0.016220417824436024,-0.1606732355441634,-0.021773242158072696,0.0019001384991072295,,0,,,0,,0.3590189114605264,5.454657704981306,6.399353331036633,5,7,6,validated_position_specialists,,unavailable,,0,0
2026-10-07,大宮,3,032520261007,1791340620,1791340320,6,7,12800,豊田一馬,追,82.11,,,,,0.010907915607844777,0.003228908098648967,0.0655035921047612,0.12285862118626491,position_specialists,0.003228908098648967,False,,,S,0.222,0.444,0.06,0.3,0.03099403878913448,-0.1937991426331164,-0.08785046200791649,-0.07620634755325442,0.002714483570153185,,0,,,0,,0.3228908098648967,6.550359210476121,12.285862118626488,6,5,4,validated_position_specialists,,unavailable,,0,0
2026-10-07,大宮,3,032520261007,1791340620,1791340320,7,6,13468,勝俣亮,両,79.44,,,,,0.011915747862477512,0.0030216628444886453,0.056532589716162276,0.055522752638764244,position_specialists,0.0030216628444886453,False,,,S,0.111,0.185,0.12,0.09,-0.23805048930563702,-0.01980261021388559,-0.08561464383485337,-0.07620634755325442,0.000542896714030637,,0,,,0,,0.3021662844488645,5.6532589716162285,5.552275263876424,7,6,7,validated_position_specialists,,unavailable,,0,0
2026-10-07,奈良,3,035320261007,1791341160,1791340860,1,1,14066,池田勇人,追,92.7,,,,,0.452457430057032,0.49384058795030517,0.15930917105967535,0.11331191958043638,position_specialists,0.49384058795030517,False,,0.17186932058847887,B,0.416,0.583,0.08,0.11,0.04784543294053176,0.09595976254825839,0.15872218708957422,-0.02399538594631899,0.0010442682940063881,,0,,,0,,49.38405879503052,15.930917105967534,11.33119195804364,1,3,6,validated_position_specialists,,unavailable,,0,0
2026-10-07,奈良,3,035320261007,1791341160,1791340860,2,2,14422,前田義和,逃,88.91,,,,,0.2580534270849906,0.3219712673618263,0.259436245118378,0.20256936822980487,position_specialists,0.3219712673618263,False,,,B,0.416,0.541,0.09,0.05,0.11935429818200013,0.3561998367669002,0.06279837648557977,0.02768698378421422,0.003947843550511957,,0,,,0,,32.19712673618263,25.943624511837797,20.25693682298049,2,1,1,validated_position_specialists,,unavailable,,0,0
2026-10-07,奈良,3,035320261007,1791341160,1791340860,3,7,14044,八尋英輔,追,87.66,,,,,0.095072800817811,0.08466592383572923,0.1694146874331632,0.1689819428748253,position_specialists,0.08466592383572923,False,,,B,0.3329999999999999,0.4579999999999999,0.18,0.16,0.09932591841430506,0.06302673069255044,0.06268297940976927,0.08582964973106406,0.00015281975034239813,,0,,,0,,8.466592383572923,16.94146874331632,16.898194287482532,3,2,3,validated_position_specialists,,unavailable,,0,0
2026-10-07,奈良,3,035320261007,1791341160,1791340860,4,3,15548,白井優太朗,逃,85.3,,,,,0.11155666718573533,0.06315540736344315,0.1505318942485794,0.17256751423355982,position_specialists,0.06315540736344315,False,,,B,0.391,0.478,0.17,0.23,0.056376368018794726,-0.1707286729244272,0.09708985086580936,-0.07567775567685221,0.00175742712893758,,0,,,0,,6.315540736344315,15.05318942485794,17.256751423355986,4,4,2,validated_position_specialists,,unavailable,,0,0
2026-10-07,奈良,3,035320261007,1791341160,1791340860,5,5,14951,後藤祐貴,逃,82.23,,,,,0.03983196105501292,0.02209192577495288,0.09852145768486527,0.12671873987256307,position_specialists,0.02209192577495288,False,,,B,0.237,0.285,0.0,0.12,-0.04087273995956041,0.029587107828535998,-0.04019144373091948,0.13751201946159727,0.0018083670457183798,,0,,,0,,2.2091925774952883,9.852145768486526,12.671873987256308,5,5,4,validated_position_specialists,,unavailable,,0,0
2026-10-07,奈良,3,035320261007,1791341160,1791340860,6,6,14816,齋藤宗徳,逃,81.13,,,,,0.024068609382636608,0.009144821392753133,0.08461656298871469,0.10111998498691303,position_specialists,0.009144821392753133,False,,,B,0.18,0.318,0.12,0.09,-0.03516087699036874,0.010403002281966644,-0.11566730649016772,-0.07567775567685221,0.0006876888765407922,,0,,,0,,0.9144821392753133,8.46165629887147,10.111998498691305,6,6,7,validated_position_specialists,,unavailable,,0,0
2026-10-07,奈良,3,035320261007,1791341160,1791340860,7,4,14530,栗田雄矢,追,83.8,,,,,0.018959104416781572,0.005130066320990144,0.07816998146662407,0.11473053022189746,position_specialists,0.005130066320990144,False,,,B,0.095,0.3329999999999999,0.26,0.08,-0.2468684006057025,-0.06870539673028146,-0.22543464362964555,-0.07567775567685221,0.0021140065464031765,,0,,,0,,0.5130066320990144,7.816998146662407,11.473053022189747,7,7,5,validated_position_specialists,,unavailable,,0,0
2026-10-07,静岡,3,033820261007,1791341700,1791341400,1,3,15997,片岡遼真,逃,75.75,,,,,0.7032642143560384,0.7827102738175107,0.28360884067248565,0.23249359925637017,position_specialists,0.7827102738175107,False,,0.5999129545796854,S,0.713,0.7140000000000001,0.2,0.0,0.18057777098378228,0.32665674779684606,0.24689785988806762,-0.06294995500670575,0.0018274168088847494,,0,,,0,,78.27102738175107,28.360884067248566,23.24935992563702,1,1,2,validated_position_specialists,,unavailable,,0,0
2026-10-07,静岡,3,033820261007,1791341700,1791341400,2,4,14392,北村篤,追,75.55,,,,,0.20968757901197319,0.18279731923782527,0.26101988680287563,0.08724393544642493,position_specialists,0.18279731923782527,False,,,S,0.444,0.5920000000000001,0.23,0.15,0.14434719909850116,0.14296439768266836,0.20110353672329945,0.015387766779416953,0.00022842710111059365,,0,,,0,,18.279731923782528,26.101988680287562,8.724393544642496,2,2,6,validated_position_specialists,,unavailable,,0,0
2026-10-07,静岡,3,033820261007,1791341700,1791341400,3,2,14382,伊藤翼,両,69.16,,,,,0.04406395743619186,0.023636413100127703,0.0820845495122689,0.07455904066886568,position_specialists,0.023636413100127703,False,,,S,0.3329999999999999,0.4,0.05,0.04,0.023578626147563998,0.1691126954470051,0.06994878411792456,0.13779045707023366,0.0039313506349033765,,0,,,0,,2.3636413100127704,8.20845495122689,7.455904066886569,3,6,7,validated_position_specialists,,unavailable,,0,0
2026-10-07,静岡,3,033820261007,1791341700,1791341400,4,7,13998,桂馬将人,両,69.94,,,,,0.012850815292050845,0.003292572484515398,0.10416191517200213,0.09872332970121735,position_specialists,0.003292572484515398,False,,,S,0.222,0.3329999999999999,0.22,0.04,-0.08108747040991493,-0.09534206775938117,-0.07169245810864579,-0.06294995500670575,0.0011180905475413271,,0,,,0,,0.3292572484515398,10.416191517200213,9.872332970121736,4,3,5,validated_position_specialists,,unavailable,,0,0
2026-10-07,静岡,3,033820261007,1791341700,1791341400,5,5,12092,高木隆弘,追,71.76,,,,,0.01166304495821078,0.0032003660218926436,0.09212799938573313,0.10649011702583551,position_specialists,0.0032003660218926436,False,,,S,0.152,0.384,0.09,0.09,-0.03680566032790458,-0.0583418914310173,-0.1519747987124273,-0.06294995500670575,0.0016230346657857976,,0,,,0,,0.32003660218926433,9.212799938573312,10.649011702583552,5,5,4,validated_position_specialists,,unavailable,,0,0
2026-10-07,静岡,3,033820261007,1791341700,1791341400,6,1,14432,相澤恵一,追,70.57,,,,,0.012586151528159966,0.0031978979417443066,0.10024495151601981,0.11315661465237792,position_specialists,0.0031978979417443066,False,,,S,0.095,0.3329999999999999,0.06,0.2,-0.10926680409846694,-0.17411409393430163,-0.14230812519579114,0.09862159617717234,0.0016230346657857976,,0,,,0,,0.31978979417443065,10.02449515160198,11.315661465237794,6,4,3,validated_position_specialists,,unavailable,,0,0
2026-10-07,静岡,3,033820261007,1791341700,1791341400,7,6,14496,天沼雅貴,追,68.51,,,,,0.005884237417374967,0.001165157396384029,0.0767518569386148,0.28733336324890835,position_specialists,0.001165157396384029,False,,,S,0.073,0.222,0.04,0.08,-0.12134366139356062,-0.12149036552371784,-0.1519747987124273,-0.06294995500670575,0.0016230346657857976,,0,,,0,,0.1165157396384029,7.67518569386148,28.73333632489084,7,7,1,validated_position_specialists,,unavailable,,0,0
2026-10-07,大宮,4,042520261007,1791342300,1791342000,1,2,13748,佐々木省司,追,91.87,,,,,0.3001339041423794,0.3372990184672741,0.12742207006373485,0.12744038732416993,position_specialists,0.33729901846727406,False,,0.0038520831048183823,C,0.3329999999999999,0.5,0.25,0.1,-0.006276861138896209,0.12132005009823991,0.19244186324893967,-0.07402902333744717,2.6579393276456334e-05,,0,,,0,,33.72990184672741,12.742207006373485,12.744038732416994,1,5,5,validated_position_specialists,,unavailable,,0,0
2026-10-07,大宮,4,042520261007,1791342300,1791342000,2,7,15618,高本和也,逃,89.8,,,,,0.26816372810668615,0.33344693536245573,0.2146571134900228,0.18852564337422426,position_specialists,0.3334469353624557,False,,,C,0.38,0.523,0.21,0.17,0.15948835525250926,0.13365996980994138,0.10619931073695237,0.052981555917976896,0.0005315878655291308,,0,,,0,,33.34469353624557,21.46571134900228,18.85256433742243,2,1,1,validated_position_specialists,,unavailable,,0,0
2026-10-07,大宮,4,042520261007,1791342300,1791342000,3,1,14267,一ノ瀬匠,逃,86.34,,,,,0.19139822998173095,0.2197721553890497,0.16832582154251827,0.16300702990245472,position_specialists,0.21977215538904965,False,,,C,0.434,0.521,0.18,0.06,-0.04690011269181757,0.32855091417679705,0.13425195885614732,0.13934874981166523,0.004252702924233045,,0,,,0,,21.97721553890497,16.832582154251828,16.300702990245476,3,2,2,validated_position_specialists,,unavailable,,0,0
2026-10-07,大宮,4,042520261007,1791342300,1791342000,4,5,13817,吉川裕二,追,85.61,,,,,0.08668280956742949,0.0461470101280648,0.159594090247731,0.15556483597840476,position_specialists,0.04614701012806479,False,,,C,0.222,0.3879999999999999,0.11,0.08,-0.011715906835890397,0.056356401975954686,-0.14696939172060314,0.0682228254286278,0.00021263514621165221,,0,,,0,,4.61470101280648,15.9594090247731,15.556483597840478,4,3,4,validated_position_specialists,,unavailable,,0,0
2026-10-07,大宮,4,042520261007,1791342300,1791342000,5,3,15185,布居大地,逃,85.13,,,,,0.06619788076626312,0.02848201238615223,0.13974706109681642,0.12094315232727568,position_specialists,0.028482012386152222,False,,,C,0.25,0.625,0.21,0.24,-0.03126268786696111,0.0037326735653708887,-0.1616905851650014,-0.038466061145928425,0.00021263514621165221,,0,,,0,,2.848201238615223,13.974706109681643,12.094315232727569,5,4,6,validated_position_specialists,,unavailable,,0,0
2026-10-07,大宮,4,042520261007,1791342300,1791342000,6,4,13645,川木敬大,追,86.5,,,,,0.054205328171529815,0.02237309011815002,0.12240758176558518,0.16154880653284207,position_specialists,0.022373090118150016,False,,,C,0.208,0.583,0.24,0.24,-0.14229691737136857,-0.08981180629918709,-0.06211657797821743,-0.07402902333744717,0.0024453041814340008,,0,,,0,,2.237309011815002,12.240758176558518,16.15488065328421,6,6,3,validated_position_specialists,,unavailable,,0,0
2026-10-07,大宮,4,042520261007,1791342300,1791342000,7,6,14410,桶谷明誉,追,83.52,,,,,0.033218119263981154,0.01247977814885346,0.0678462617935915,0.08297014456062847,position_specialists,0.012479778148853456,False,,,C,0.294,0.47,0.05,0.0,0.07896413065242455,-0.23806583286361407,-0.06211657797821743,-0.07402902333744717,0.0018871369226284135,,0,,,0,,1.247977814885346,6.78462617935915,8.297014456062849,7,7,7,validated_position_specialists,,unavailable,,0,0
2026-10-07,奈良,4,045320261007,1791342900,1791342600,1,1,15899,加藤駿,逃,89.14,,,,,0.26460876909600345,0.3734894968993155,0.21584015629895062,0.15485889213601473,position_specialists,0.37348949689931543,False,,0.15382726093660912,B,0.57,0.5710000000000001,0.27,0.11,0.026671325323969715,0.2649712364571329,0.03797627767625082,0.18614725599732004,0.004343343046658955,,0,,,0,,37.34894968993155,21.584015629895063,15.485889213601473,1,1,4,validated_position_specialists,,unavailable,,0,0
2026-10-07,奈良,4,045320261007,1791342900,1791342600,2,7,15003,小笹隼人,両,91.0,,,,,0.2547047542938534,0.21966223596270634,0.15703850069450065,0.17008951226480443,position_specialists,0.21966223596270631,False,,,B,0.375,0.541,0.25,0.15,-0.2010264569265183,0.17428101786109573,0.04653676441980615,-0.0501165689223554,0.00045846398825844523,,0,,,0,,21.966223596270634,15.703850069450064,17.00895122648044,2,4,1,validated_position_specialists,,unavailable,,0,0
2026-10-07,奈良,4,045320261007,1791342900,1791342600,3,4,15665,福田要,両,89.47,,,,,0.17008695356645712,0.16565592079579505,0.17845640881861183,0.1591512027026856,position_specialists,0.16565592079579503,False,,,B,0.5,0.636,0.09,0.18,0.10554112602012344,-0.12197642046074354,0.13226890541721736,0.007159509846050768,0.0010617060780721893,,0,,,0,,16.565592079579506,17.845640881861183,15.91512027026856,3,3,3,validated_position_specialists,,unavailable,,0,0
2026-10-07,奈良,4,045320261007,1791342900,1791342600,4,2,13924,阿久津修,追,88.14,,,,,0.17180196410033755,0.14675381650786917,0.18413346250521676,0.16730417055416813,position_specialists,0.14675381650786914,False,,,B,0.284,0.476,0.17,0.13,0.15548887387264443,0.05962986025579904,-0.09063533103690369,0.007159509846050768,0.0007238905077764927,,0,,,0,,14.675381650786917,18.413346250521677,16.73041705541681,4,2,2,validated_position_specialists,,unavailable,,0,0
2026-10-07,奈良,4,045320261007,1791342900,1791342600,5,3,13589,佐竹和也,追,87.79,,,,,0.07795158347839126,0.06570217392685258,0.09684683813312331,0.136990018378477,position_specialists,0.06570217392685257,False,,,B,0.375,0.541,0.3,0.18,0.12488725870091302,-0.026358507948173498,0.037962880459213144,-0.0501165689223554,0.0025818761444028238,,0,,,0,,6.570217392685258,9.684683813312331,13.6990018378477,5,6,5,validated_position_specialists,,unavailable,,0,0
2026-10-07,奈良,4,045320261007,1791342900,1791342600,6,6,15924,利川寛太,逃,80.66,,,,,0.043241550664172214,0.02166649323451688,0.10549832244610512,0.10150997496639548,position_specialists,0.021666493234516877,False,,,B,0.375,0.4579999999999999,0.23,0.07,-0.2188873196343123,0.2076456576544845,-0.07347416589868003,-0.0501165689223554,0.00028955620311059725,,0,,,0,,2.166649323451688,10.549832244610512,10.150997496639548,6,5,7,validated_position_specialists,,unavailable,,0,0
2026-10-07,奈良,4,045320261007,1791342900,1791342600,7,5,12708,野木義規,追,82.16,,,,,0.017604424800784932,0.007069862672944613,0.062186311103491744,0.11009622899745473,position_specialists,0.007069862672944612,False,,,B,0.3329999999999999,0.444,0.0,0.33,0.0073251926431801475,-0.24245047335609246,-0.09063533103690369,-0.0501165689223554,0.0007238905077764927,,0,,,0,,0.7069862672944613,6.2186311103491745,11.009622899745473,7,7,6,validated_position_specialists,,unavailable,,0,0
2026-10-07,静岡,4,043820261007,1791343500,1791343200,1,5,15967,田崎隼翔,逃,79.71,,,,,0.9174878361093347,0.9553220596148521,0.4275452856327615,0.3939626599230321,position_specialists,0.9553220596148521,False,,0.9356347978024334,S,0.809,0.904,0.14,0.09,0.22949511139880677,0.39828812096517086,0.2848247603737274,0.06017937259749013,0.002127925404723231,,0,,,0,,95.5322059614852,42.754528563276146,39.396265992303206,1,1,1,validated_position_specialists,,unavailable,,0,0
2026-10-07,静岡,4,043820261007,1791343500,1791343200,2,4,13549,堀勝政,追,74.07,,,,,0.03414163934012963,0.019687261812418606,0.31474001576950605,0.15494594616612992,position_specialists,0.019687261812418606,False,,,S,0.259,0.5920000000000001,0.17,0.19,-0.01765347010760055,0.06243453020952628,0.005537716091917708,-0.046806178686936754,0.0019022363466465247,,0,,,0,,1.9687261812418606,31.4740015769506,15.494594616612991,2,2,2,validated_position_specialists,,unavailable,,0,0
2026-10-07,静岡,4,043820261007,1791343500,1791343200,3,2,14276,坂本敏也,両,70.9,,,,,0.018204457603935298,0.010944701013144372,0.08703747255025247,0.09091886659167821,position_specialists,0.010944701013144372,False,,,S,0.284,0.38,0.11,0.07,-0.06914275792143545,0.06313121815509148,-0.02177372556341381,0.17385152083719368,0.00035465423412053875,,0,,,0,,1.0944701013144371,8.703747255025245,9.091886659167821,3,3,4,validated_position_specialists,,unavailable,,0,0
2026-10-07,静岡,4,043820261007,1791343500,1791343200,4,7,13521,中野良,追,72.54,,,,,0.014385387152370541,0.008242646992216076,0.051723383855462504,0.0871353098279275,position_specialists,0.008242646992216076,False,,,S,0.2689999999999999,0.423,0.34,0.15,0.09562296308283613,0.0014969115167845974,0.005537716091917708,-0.046806178686936754,9.672388203287407e-05,,0,,,0,,0.8242646992216076,5.17233838554625,8.71353098279275,4,4,5,validated_position_specialists,,unavailable,,0,0
2026-10-07,静岡,4,043820261007,1791343500,1791343200,5,6,15905,上野幸星,逃,67.79,,,,,0.008157842035191478,0.003028928288670028,0.04710676132516466,0.05874276760530491,position_specialists,0.003028928288670028,False,,,S,0.125,0.208,0.11,0.13,-0.06914275792143545,-0.028275209884021067,-0.046736410115763426,-0.046806178686936754,0.0019022363466465247,,0,,,0,,0.3028928288670028,4.710676132516466,5.874276760530491,5,5,7,validated_position_specialists,,unavailable,,0,0
2026-10-07,静岡,4,043820261007,1791343500,1791343200,6,3,13261,柴田昌樹,追,69.59,,,,,0.004703438670681191,0.0020393414306520323,0.03619460486835157,0.06004006173014391,position_specialists,0.0020393414306520323,False,,,S,0.259,0.37,0.34,0.07,-0.04854704279590149,-0.01373749315640085,0.005537716091917708,-0.046806178686936754,0.0028372338729643087,,0,,,0,,0.20393414306520324,3.619460486835156,6.004006173014391,6,6,6,validated_position_specialists,,unavailable,,0,0
2026-10-07,静岡,4,043820261007,1791343500,1791343200,7,1,12885,田中智也,追,68.52,,,,,0.0029193990883571363,0.000735060848046784,0.035652475998501326,0.15425438815578352,position_specialists,0.000735060848046784,False,,,S,0.0,0.176,0.0,0.22,-0.12063204573527031,-0.11497197893206496,-0.2329277729703032,-0.046806178686936754,0.0028372338729643087,,0,,,0,,0.0735060848046784,3.5652475998501316,15.425438815578351,7,7,3,validated_position_specialists,,unavailable,,0,0
2026-10-07,大宮,5,052520261007,1791344100,1791343800,1,1,15365,古賀勝大,両,96.0,,,,,0.7839559379773999,0.8944830632049089,0.25826716556840845,0.28221702877912486,position_specialists,0.8944830632049089,False,,0.8245950512102829,S,0.7609999999999999,0.7609999999999999,0.1,0.05,0.23185480491451774,0.34749295065147745,0.20584050055839717,-0.08137614969090085,0.003695324844924443,,0,,,0,,89.44830632049089,25.826716556840847,28.221702877912477,1,1,1,validated_position_specialists,,unavailable,,0,0
2026-10-07,大宮,5,052520261007,1791344100,1791343800,2,3,15285,久樹克門,逃,92.33,,,,,0.10985533243857187,0.06988801199462596,0.14183896155246742,0.10575447020679402,position_specialists,0.06988801199462596,False,,,S,0.416,0.583,0.25,0.06,0.044369182272238974,0.16978867424859342,0.03770376441548525,0.09280916245739103,0.0008010844069416623,,0,,,0,,6.988801199462596,14.183896155246742,10.5754470206794,2,4,5,validated_position_specialists,,unavailable,,0,0
2026-10-07,大宮,5,052520261007,1791344100,1791343800,3,5,15507,上遠野拓馬,逃,87.45,,,,,0.03120631719544692,0.012977469907815235,0.14505412614329327,0.16273454668656362,position_specialists,0.012977469907815235,False,,,S,0.416,0.541,0.09,0.07,-0.039347598729477615,-0.08689528055557245,0.17448798653114175,-0.015468193742898496,0.0019122660036671945,,0,,,0,,1.2977469907815236,14.505412614329327,16.27345466865636,3,3,3,validated_position_specialists,,unavailable,,0,0
2026-10-07,大宮,5,052520261007,1791344100,1791343800,4,4,13332,吉村和之,追,88.5,,,,,0.032771645674476886,0.012127006102060384,0.12824196925774883,0.13144371410607752,position_specialists,0.012127006102060384,False,,,S,0.0,0.4,0.23,0.16,0.042934248919625245,0.0940704252570943,-0.1993159477374169,0.11634771815310617,0.0008010844069416623,,0,,,0,,1.2127006102060385,12.824196925774883,13.144371410607748,4,5,4,validated_position_specialists,,unavailable,,0,0
2026-10-07,大宮,5,052520261007,1791344100,1791343800,5,2,12886,中井達郎,追,89.07,,,,,0.025677958144071623,0.005570432900154717,0.19726817388973902,0.16789058664372405,position_specialists,0.005570432900154717,False,,,S,0.142,0.285,0.1,0.15,-0.2728251012508892,-0.01452663254466821,-0.1519120053068365,-0.08137614969090085,0.002093156031041118,,0,,,0,,0.5570432900154717,19.726817388973902,16.7890586643724,5,2,2,validated_position_specialists,,unavailable,,0,0
2026-10-07,大宮,5,052520261007,1791344100,1791343800,6,7,14528,落合達彦,追,87.0,,,,,0.008830893150521109,0.003034951088218633,0.08579673267943423,0.10344854154567075,position_specialists,0.003034951088218633,False,,,S,0.423,0.5760000000000001,0.0,1.0,-0.03889395847710414,-0.1270374056381699,0.061405735630775456,0.05043976220510384,0.0008010844069416623,,0,,,0,,0.3034951088218633,8.579673267943424,10.344854154567074,6,6,6,validated_position_specialists,,unavailable,,0,0
2026-10-07,大宮,5,052520261007,1791344100,1791343800,7,6,12989,森岡正臣,追,84.38,,,,,0.007701915419511562,0.0019190648022161466,0.04353287090890883,0.046511112032045186,position_specialists,0.0019190648022161466,False,,,S,0.142,0.38,0.28,0.12,0.03190842235108885,-0.01452663254466821,-0.12821003409154624,-0.08137614969090085,0.002093156031041118,,0,,,0,,0.19190648022161466,4.353287090890883,4.651111203204517,7,7,7,validated_position_specialists,,unavailable,,0,0
2026-10-07,奈良,5,055320261007,1791344700,1791344400,1,7,13800,中村一将,両,97.73,,,,,0.1895649076079422,0.3422881549152937,0.15577479301309663,0.10380115254364669,position_specialists,0.3422881549152937,False,,0.05147807943743116,C,0.23,0.346,0.25,0.16,0.07085789370739223,0.24426650514800588,0.2479900593203379,0.19595917942265428,0.0023934940065356404,,0,,,0,,34.22881549152937,15.57747930130966,10.38011525436467,1,3,7,validated_position_specialists,,unavailable,,0,0
2026-10-07,奈良,5,055320261007,1791344700,1791344400,2,2,14394,不破将登,両,99.07,,,,,0.28660845123998135,0.29081007547786253,0.20418461657436487,0.14907501525836606,position_specialists,0.29081007547786253,False,,,C,0.25,0.357,0.16,0.11,0.16676315191627833,-0.22099783132436585,0.22750873372175034,-0.032659863237109045,0.001426890657742401,,0,,,0,,29.081007547786253,20.418461657436485,14.907501525836606,2,1,3,validated_position_specialists,,unavailable,,0,0
2026-10-07,奈良,5,055320261007,1791344700,1791344400,3,3,14882,山本直,両,99.14,,,,,0.2932967019170569,0.23129461876723784,0.1936146448785109,0.17971661010264472,position_specialists,0.23129461876723784,False,,,C,0.284,0.285,0.18,0.05,0.10958769380625168,0.020939623641267467,-0.08491326235689167,-0.032659863237109045,0.002071292890271227,,0,,,0,,23.129461876723784,19.361464487851087,17.971661010264473,3,2,2,validated_position_specialists,,unavailable,,0,0
2026-10-07,奈良,5,055320261007,1791344700,1791344400,4,4,13306,齋藤登志信,追,97.61,,,,,0.06073897825224166,0.05802918823300072,0.11908631276724646,0.11624685951727319,position_specialists,0.05802918823300072,False,,,C,0.192,0.2689999999999999,0.0,0.0,0.023711501925363823,0.18111803105530536,0.06788418141599808,-0.032659863237109045,0.0017951205049017312,,0,,,0,,5.802918823300072,11.908631276724645,11.624685951727319,4,5,5,validated_position_specialists,,unavailable,,0,0
2026-10-07,奈良,5,055320261007,1791344700,1791344400,5,1,14478,内山貴裕,追,94.52,,,,,0.10103732697839155,0.05232006810934346,0.09554631861610861,0.21374275932467235,position_specialists,0.05232006810934346,False,,,C,0.0579999999999999,0.1169999999999999,0.25,0.13,-0.05184550968216646,0.11078449896964099,-0.1358457436145216,-0.032659863237109045,0.0007824884252135744,,0,,,0,,5.2320068109343465,9.55463186161086,21.374275932467235,5,7,1,validated_position_specialists,,unavailable,,0,0
2026-10-07,奈良,5,055320261007,1791344700,1791344400,6,6,12478,加倉正義,追,93.0,,,,,0.035107058060214365,0.014075888262523767,0.1296448502914547,0.12289006779787492,position_specialists,0.014075888262523767,False,,,C,0.0,0.156,0.16,0.05,-0.05103927235975192,0.017731631675166646,-0.18677822487215154,-0.032659863237109045,0.0021173216211661443,,0,,,0,,1.4075888262523766,12.964485029145466,12.289006779787492,6,4,4,validated_position_specialists,,unavailable,,0,0
2026-10-07,奈良,5,055320261007,1791344700,1791344400,7,5,13722,宝満大作,追,93.26,,,,,0.03364657594417202,0.011182006234737954,0.10214846385921791,0.11452753545552204,position_specialists,0.011182006234737954,False,,,C,0.038,0.115,0.18,0.13,-0.2680354593133674,-0.03810008870151796,-0.1358457436145216,-0.032659863237109045,0.002761723853694971,,0,,,0,,1.1182006234737953,10.21484638592179,11.452753545552204,7,6,6,validated_position_specialists,,unavailable,,0,0
2026-10-07,静岡,5,053820261007,1791345300,1791345000,1,1,15986,鈴木那樹,逃,79.55,,,,,0.946005413938429,0.9662021341471885,0.4119420526795525,0.4353820388571923,position_specialists,0.9662021341471884,False,,0.9491842376006074,S,0.809,0.809,0.2,0.0,0.24572676339531704,0.4067575344554178,0.09928930283232804,0.18961954010664772,0.004795166139168441,,0,,,0,,96.62021341471885,41.19420526795525,43.538203885719234,1,1,1,validated_position_specialists,,unavailable,,0,0
2026-10-07,静岡,5,053820261007,1791345300,1791345000,2,4,12878,安藤宜明,追,73.6,,,,,0.020874160542220004,0.017017896546580966,0.3396095322413244,0.13366806141123536,position_specialists,0.017017896546580962,False,,,S,0.35,0.6,0.19,0.22,0.01859767774489516,-0.014704221825685483,0.187275339993571,-0.017330818181790386,0.0005276234586787282,,0,,,0,,1.7017896546580966,33.96095322413244,13.366806141123538,2,2,3,validated_position_specialists,,unavailable,,0,0
2026-10-07,静岡,5,053820261007,1791345300,1791345000,3,7,14179,肥後公允,両,71.21,,,,,0.01385610040098766,0.007635472395198924,0.08365757434421452,0.08704527861535596,position_specialists,0.007635472395198923,False,,,S,0.214,0.357,0.0,0.33,0.043526479828478064,0.03802437969521676,-0.05747926775225663,-0.0458756951870922,0.001179393613517157,,0,,,0,,0.7635472395198923,8.365757434421452,8.704527861535599,3,3,4,validated_position_specialists,,unavailable,,0,0
2026-10-07,静岡,5,053820261007,1791345300,1791345000,4,3,12529,木本賢二,追,70.55,,,,,0.006404443734013574,0.0036230066677813565,0.052507691548937134,0.07088879463317047,position_specialists,0.003623006667781356,False,,,S,0.185,0.3329999999999999,0.16,0.08,-0.05618872850585351,0.030446776716379964,0.06135401624226625,-0.0458756951870922,0.0007448801769582046,,0,,,0,,0.36230066677813566,5.250769154893713,7.088879463317047,4,4,6,validated_position_specialists,,unavailable,,0,0
2026-10-07,静岡,5,053820261007,1791345300,1791345000,5,2,13402,沼川夢久,追,70.9,,,,,0.004649427987742923,0.0024315066463119124,0.03719734172229091,0.0712332129344968,position_specialists,0.002431506646311912,False,,,S,0.142,0.285,0.11,0.05,-0.05618872850585351,0.05302227598741269,-0.06456730750903847,0.01121405882351142,0.001179393613517157,,0,,,0,,0.24315066463119123,3.719734172229091,7.123321293449681,5,6,5,validated_position_specialists,,unavailable,,0,0
2026-10-07,静岡,5,053820261007,1791345300,1791345000,6,5,14810,小川辰徳,両,69.28,,,,,0.005861845263440646,0.002302024740365382,0.042357953762544226,0.054972251736493075,position_specialists,0.0023020247403653816,False,,,S,0.214,0.285,0.11,0.03,-0.08111753058943641,-0.052277617388914115,-0.09834411442217927,-0.0458756951870922,1.5518337019962474e-05,,0,,,0,,0.2302024740365382,4.235795376254423,5.4972251736493085,6,5,7,validated_position_specialists,,unavailable,,0,0
2026-10-07,静岡,5,053820261007,1791345300,1791345000,7,6,14381,吉澤賢,追,68.71,,,,,0.0023486081331661867,0.0007879588565731212,0.032727853701136456,0.14681036181205598,position_specialists,0.0007879588565731211,False,,,S,0.133,0.266,0.05,0.19,-0.11435593336754694,-0.09290302876574115,-0.12752796938469083,-0.0458756951870922,0.001179393613517157,,0,,,0,,0.07879588565731212,3.2727853701136453,14.6810361812056,7,7,2,validated_position_specialists,,unavailable,,0,0
2026-10-07,大宮,6,062520261007,1791345900,1791345600,1,3,15311,柳原真緒,両,58.08,,,,,0.9042813193553421,0.9261024130205507,0.5341215191320161,0.50090446014225,position_specialists,0.9261024130205507,False,,0.8645816953452387,S,0.769,0.769,0.0,0.0,0.19357015925565385,-0.03157423704635027,0.34617019055420695,0.19561022235318015,0.004397982644605517,,0,,,0,,92.61024130205507,53.412151913201626,50.090446014225,1,1,1,validated_position_specialists,,unavailable,,0,0
2026-10-07,大宮,6,062520261007,1791345900,1791345600,2,5,15492,永禮美瑠,両,54.04,,,,,0.06651802730694077,0.061520717675312094,0.1746430889074116,0.1529384476046449,position_specialists,0.061520717675312094,False,,,S,0.475,0.7609999999999999,0.0,0.0,0.1850642919177097,-0.03157423704635027,0.17344155258367772,-0.03490687469602205,0.00013490744308605887,,0,,,0,,6.1520717675312095,17.46430889074116,15.29384476046449,2,2,2,validated_position_specialists,,unavailable,,0,0
2026-10-07,大宮,6,062520261007,1791345900,1791345600,3,7,14902,中村由香里,追,51.16,,,,,0.007432280676436677,0.003428842873720821,0.08330283689379042,0.07955939668891293,position_specialists,0.003428842873720821,False,,,S,0.142,0.285,0.0,0.0,0.0007317237615754176,-0.03157423704635027,-0.11108280076542525,-0.03490687469602205,4.0472232925817605e-05,,0,,,0,,0.3428842873720821,8.330283689379044,7.955939668891293,3,3,5,validated_position_specialists,,unavailable,,0,0
2026-10-07,大宮,6,062520261007,1791345900,1791345600,4,2,15944,赤池七虹,両,49.83,,,,,0.0073960320626237685,0.0034147679344935134,0.0646021742808838,0.08069966607219203,position_specialists,0.0034147679344935134,False,,,S,0.0409999999999999,0.291,0.0,0.0,0.005884699973039129,-0.03157423704635027,-0.07737476190140988,-0.03490687469602205,0.0016458708056499177,,0,,,0,,0.34147679344935133,6.460217428088382,8.069966607219204,4,5,4,validated_position_specialists,,unavailable,,0,0
2026-10-07,大宮,6,062520261007,1791345900,1791345600,5,4,15151,山本知佳,両,49.75,,,,,0.006581909654249763,0.002772409211970485,0.06546222438760867,0.08501421167493613,position_specialists,0.002772409211970485,False,,,S,0.0,0.083,0.0,0.0,0.01265230198687145,-0.03157423704635027,-0.14269661780421444,-0.03490687469602205,0.0007150094483561117,,0,,,0,,0.2772409211970485,6.546222438760869,8.501421167493612,5,4,3,validated_position_specialists,,unavailable,,0,0
2026-10-07,大宮,6,062520261007,1791345900,1791345600,6,6,15864,田野口佳奈,両,49.14,,,,,0.004786256881021478,0.001913703126864984,0.05448119236377035,0.06898290498015326,position_specialists,0.001913703126864984,False,,,S,0.095,0.285,0.0,0.0,-0.16652728995779914,-0.03157423704635027,-0.045760944862620646,-0.02107584887306992,0.0016458708056499177,,0,,,0,,0.1913703126864984,5.448119236377036,6.898290498015326,6,6,6,validated_position_specialists,,unavailable,,0,0
2026-10-07,大宮,6,062520261007,1791345900,1791345600,7,1,14908,藤原亜衣里,追,46.0,,,,,0.003004174063385458,0.0008471461570873675,0.02338696403451903,0.03190091283691072,position_specialists,0.0008471461570873675,False,,,S,0.0,0.0,0.0,0.0,-0.23137588693705063,-0.03157423704635027,-0.14269661780421444,-0.03490687469602205,0.0016458708056499177,,0,,,0,,0.08471461570873676,2.3386964034519035,3.1900912836910718,7,7,7,validated_position_specialists,,unavailable,,0,0
2026-10-07,奈良,6,065320261007,1791346500,1791346200,1,4,15653,坂田康季,逃,103.23,,,,,0.5866477561131512,0.7442984416018223,0.23660733767169825,0.19393134452684765,position_specialists,0.7442984416018225,False,,0.6070948600508652,S,0.423,0.615,0.15,0.15,-0.09245410880507665,0.10198913110107291,0.38620475709816693,0.15798627465864262,0.0007377253439645213,,0,,,0,,74.42984416018223,23.660733767169827,19.39313445268477,1,2,2,validated_position_specialists,,unavailable,,0,0
2026-10-07,奈良,6,065320261007,1791346500,1791346200,2,2,15646,塩崎隼秀,両,97.53,,,,,0.13876358774232317,0.13720358155095716,0.10586248449576192,0.1031940160162339,position_specialists,0.1372035815509572,False,,,S,0.275,0.31,0.19,0.11,0.2318937549297998,0.34844126029260214,0.14255837962832668,0.04464829501222509,0.0032075014954979207,,0,,,0,,13.720358155095717,10.586248449576193,10.319401601623392,2,5,5,validated_position_specialists,,unavailable,,0,0
2026-10-07,奈良,6,065320261007,1791346500,1791346200,3,1,13744,菅原晃,追,99.1,,,,,0.16154155148263785,0.07898374152952489,0.3337504981833539,0.1723306238694902,position_specialists,0.0789837415295249,False,,,S,0.205,0.31,0.2,0.1,0.11700403137957907,0.02190786687006404,-0.020691532651493646,-0.06868968463419245,0.0019565759122537325,,0,,,0,,7.898374152952489,33.37504981833539,17.233062386949022,3,1,3,validated_position_specialists,,unavailable,,0,0
2026-10-07,奈良,6,065320261007,1791346500,1791346200,4,5,14330,坂田章,追,98.61,,,,,0.04521904859203579,0.017893157126021342,0.11357920720279151,0.12127439637274443,position_specialists,0.017893157126021346,False,,,S,0.152,0.23,0.24,0.2,-0.13752445229374552,0.17357071560331278,-0.09801980055495281,-0.04121381078051547,0.0015075257028840233,,0,,,0,,1.7893157126021342,11.35792072027915,12.127439637274444,4,4,4,validated_position_specialists,,unavailable,,0,0
2026-10-07,奈良,6,065320261007,1791346500,1791346200,5,3,15041,伊藤慶太郎,両,97.52,,,,,0.03525552002873813,0.012132011054384,0.12177740705203959,0.269017293017472,position_specialists,0.012132011054384004,False,,,S,0.315,0.315,0.5,0.0,-0.11028819527901892,-0.11707203158926087,-0.020691532651493646,0.04464829501222509,0.0025339261814433574,,0,,,0,,1.2132011054384,12.17774070520396,26.901729301747206,5,3,1,validated_position_specialists,,unavailable,,0,0
2026-10-07,奈良,6,065320261007,1791346500,1791346200,6,7,13115,望月永悟,追,98.39,,,,,0.02786204536092121,0.008571510189281841,0.05987053590894958,0.07690498688992868,position_specialists,0.008571510189281843,False,,,S,0.083,0.5,0.0,0.25,0.10165716534748051,-0.16969575999984465,-0.17534806845841197,-0.06868968463419245,0.0017320508075688778,,0,,,0,,0.8571510189281841,5.987053590894957,7.690498688992869,6,6,6,validated_position_specialists,,unavailable,,0,0
2026-10-07,奈良,6,065320261007,1791346500,1791346200,7,6,14307,谷田泰平,追,94.43,,,,,0.004710490680192618,0.0009175569480083811,0.028552529485405306,0.06334733930728313,position_specialists,0.0009175569480083814,False,,,S,0.043,0.086,0.05,0.07,-0.11028819527901892,-0.11707203158926087,-0.21401220241014154,-0.06868968463419245,0.0012830005981991689,,0,,,0,,0.09175569480083812,2.8552529485405307,6.334733930728314,7,7,7,validated_position_specialists,,unavailable,,0,0
2026-10-07,静岡,6,063820261007,1791347100,1791346800,1,3,15796,川田真也,逃,86.52,,,,,0.41601485045980247,0.520623519581006,0.16052700065157977,0.12715337256957662,position_specialists,0.5206235195810058,False,,0.28295553874875723,A,0.428,0.428,0.29,0.09,0.10961705560612901,0.1578330062350485,0.1608935114498965,0.1264911064067352,0.0027767105462200912,,0,,,0,,52.06235195810059,16.05270006515798,12.715337256957662,1,4,5,validated_position_specialists,,unavailable,,0,0
2026-10-07,静岡,6,063820261007,1791347100,1791346800,2,7,14314,中川繁樹,逃,86.78,,,,,0.23088274795661648,0.23766798083224863,0.21482916924653211,0.1712075092928471,position_specialists,0.2376679808322486,False,,,A,0.4,0.55,0.18,0.09,0.15740857465932018,0.11250934550064406,0.014693138590545468,0.1264911064067352,0.0020121090914638345,,0,,,0,,23.766798083224863,21.48291692465321,17.120750929284707,2,1,2,validated_position_specialists,,unavailable,,0,0
2026-10-07,静岡,6,063820261007,1791347100,1791346800,3,2,14078,植草亮介,追,85.38,,,,,0.1456531540664035,0.11903767175432131,0.1772576517810049,0.16691806953681265,position_specialists,0.1190376717543213,False,,,A,0.3329999999999999,0.444,0.22,0.07,-0.009861742026849162,0.16513307391122786,0.13166492103109165,-0.05059644256269407,0.0017304138186588975,,0,,,0,,11.903767175432131,17.725765178100488,16.691806953681265,3,3,4,validated_position_specialists,,unavailable,,0,0
2026-10-07,静岡,6,063820261007,1791347100,1791346800,4,1,14400,志水祐彦,追,86.64,,,,,0.10145699607509635,0.07698931930770454,0.17845889228701392,0.17109038520805425,position_specialists,0.07698931930770453,False,,,A,0.2769999999999999,0.3879999999999999,0.25,0.08,0.0591704521610939,0.07448575244241883,0.045025536345353015,-0.05059644256269407,0.0011670232730490243,,0,,,0,,7.6989319307704545,17.84588922870139,17.109038520805424,4,2,3,validated_position_specialists,,unavailable,,0,0
2026-10-07,静岡,6,063820261007,1791347100,1791346800,5,5,12417,須藤直道,追,82.24,,,,,0.06072936145328455,0.0309978377160527,0.11533386565628452,0.1775790287708961,position_specialists,0.030997837716052697,False,,,A,0.1369999999999999,0.31,0.09,0.05,-0.009861742026849162,0.09714758280962109,-0.04161384834038563,-0.05059644256269407,0.0017304138186588975,,0,,,0,,3.09978377160527,11.533386565628453,17.75790287708961,5,5,1,validated_position_specialists,,unavailable,,0,0
2026-10-07,静岡,6,063820261007,1791347100,1791346800,6,6,15892,山本和瑳,逃,79.33,,,,,0.03491690158160164,0.012486350415059107,0.09283892456967445,0.10127548082088889,position_specialists,0.012486350415059105,False,,,A,0.19,0.238,0.15,0.13,-0.1771320587130183,0.11250934550064406,-0.09577064136463813,-0.05059644256269407,0.0010865389093904707,,0,,,0,,1.2486350415059106,9.283892456967445,10.12754808208889,6,6,6,validated_position_specialists,,unavailable,,0,0
2026-10-07,静岡,6,063820261007,1791347100,1791346800,7,4,14456,亀井久幸,追,80.91,,,,,0.01034598840719506,0.00219732039360782,0.06075449580791034,0.08477615380092439,position_specialists,0.0021973203936078195,False,,,A,0.083,0.291,0.0,0.27,-0.12934053965982725,-0.3512520075255177,-0.2148926177118629,-0.05059644256269407,0.0027767105462200912,,0,,,0,,0.219732039360782,6.075449580791034,8.47761538009244,7,7,7,validated_position_specialists,,unavailable,,0,0
2026-10-07,大宮,7,072520261007,1791347700,1791347400,1,5,15218,太田りゆ,逃,58.71,,,,,0.8901027187184655,0.8833690684560619,0.601006656972871,0.48780780109238453,position_specialists,0.8833690684560619,False,,0.7768641632984107,S,0.857,0.952,0.0,0.0,0.2607196925138881,-0.03157423704635027,0.3330319112733288,0.18368109006807395,0.004837568084382901,,0,,,0,,88.3369068456062,60.100665697287106,48.78078010923845,1,1,1,validated_position_specialists,,unavailable,,0,0
2026-10-07,大宮,7,072520261007,1791347700,1791347400,2,4,15392,加藤舞,逃,54.8,,,,,0.0877140132226846,0.10650490515765125,0.1466187047877819,0.0978510032083973,position_specialists,0.10650490515765125,False,,,S,0.6,0.72,0.0,0.0,0.1479962479746769,-0.03157423704635027,0.2637475612026262,0.01418253237813754,0.0006423326917022938,,0,,,0,,10.650490515765124,14.66187047877819,9.78510032083973,2,2,4,validated_position_specialists,,unavailable,,0,0
2026-10-07,大宮,7,072520261007,1791347700,1791347400,3,6,15399,高木佑真,両,50.3,,,,,0.008677957063154952,0.004685850862558646,0.07823941330743242,0.1151962427687557,position_specialists,0.004685850862558646,False,,,S,0.166,0.266,0.0,0.0,0.028044076932449428,-0.03157423704635027,-0.07183836645890754,0.0020754925431420834,0.000501822415392417,,0,,,0,,0.4685850862558646,7.823941330743242,11.51962427687557,3,3,2,validated_position_specialists,,unavailable,,0,0
2026-10-07,大宮,7,072520261007,1791347700,1791347400,4,7,15402,鈴木樹里,両,50.2,,,,,0.00447288694029142,0.0019785323211169207,0.06551704837761428,0.09086613631832142,position_specialists,0.0019785323211169207,False,,,S,0.125,0.375,0.0,0.0,-0.019620829079615522,-0.03157423704635027,-0.1330086339973524,-0.05845970663183521,0.0007828429680121706,,0,,,0,,0.19785323211169206,6.551704837761428,9.086613631832142,4,4,5,validated_position_specialists,,unavailable,,0,0
2026-10-07,大宮,7,072520261007,1791347700,1791347400,5,1,15498,國村美留莉,追,48.83,,,,,0.003800530315656918,0.0015726086547953237,0.041637222566972935,0.10547225561539451,position_specialists,0.0015726086547953237,False,,,S,0.111,0.166,0.0,0.0,-0.08174318809771304,-0.03157423704635027,-0.12557498650502505,-0.024559995093847924,0.0004315672772374786,,0,,,0,,0.15726086547953239,4.163722256697294,10.54722556153945,5,6,3,validated_position_specialists,,unavailable,,0,0
2026-10-07,大宮,7,072520261007,1791347700,1791347400,6,3,15677,浜地晴帆,両,48.12,,,,,0.003067415429413819,0.0012306917328921117,0.04362254756084966,0.05854346006971498,position_specialists,0.0012306917328921117,False,,,S,0.166,0.208,0.0,0.0,-0.13663682061279428,-0.03157423704635027,-0.06440471896658019,-0.05845970663183521,0.001063863520631924,,0,,,0,,0.12306917328921117,4.362254756084966,5.8543460069714985,6,5,6,validated_position_specialists,,unavailable,,0,0
2026-10-07,大宮,7,072520261007,1791347700,1791347400,7,2,15774,金田舞夏,両,47.7,,,,,0.0021644783103326897,0.0006583428149238604,0.02335840642647787,0.04426310092703151,position_specialists,0.0006583428149238604,False,,,S,0.0,0.083,0.0,0.0,-0.19875917963089174,-0.03157423704635027,-0.20195276654808986,-0.05845970663183521,0.001415139211406616,,0,,,0,,0.06583428149238604,2.3358406426477867,4.426310092703151,7,7,7,validated_position_specialists,,unavailable,,0,0
2026-10-07,奈良,7,075320261007,1791348300,1791348000,1,4,014141,中川貴徳,追,101.8,,,,,0.25311889617108724,0.4847763104664449,0.3202339227573722,0.4292374839231714,position_specialists,0.4847763104664449,False,,0.24963041740184774,A,0.38,0.476,0.18,0.06,0.23388720312273603,0.33188665903561754,0.1764172342772897,0.06166437320788687,0.0011219677721630002,,0,,,0,,48.47763104664449,32.02339227573722,42.92374839231714,1,1,1,validated_position_specialists,,unavailable,,0,0
2026-10-07,奈良,7,075320261007,1791348300,1791348000,2,2,014114,坂本亮馬,追,99.14,,,,,0.3129069910920771,0.23514589306459718,0.21789046240449755,0.0918709513740533,position_specialists,0.23514589306459718,False,,,A,0.284,0.357,0.04,0.16,0.1353497100520158,0.11515905215426948,-0.07542541322531972,-0.059737361545140394,0.0008078167959573602,,0,,,0,,23.51458930645972,21.789046240449757,9.18709513740533,2,2,4,validated_position_specialists,,unavailable,,0,0
2026-10-07,奈良,7,075320261007,1791348300,1791348000,3,1,014096,伊藤成紀,両,97.0,,,,,0.13817404858809146,0.13318699217025357,0.07324794034381747,0.05949229623912329,position_specialists,0.13318699217025357,False,,,A,0.3,0.4,0.04,0.09,-0.050280501720523556,0.2173407572303629,0.09070156740857832,0.16283248550207627,0.0039493265580137615,,0,,,0,,13.318699217025356,7.324794034381747,5.949229623912329,3,6,6,validated_position_specialists,,unavailable,,0,0
2026-10-07,奈良,7,075320261007,1791348300,1791348000,4,5,015660,河崎正晴,逃,98.95,,,,,0.17987668024522432,0.09387613630442981,0.16925904184972346,0.17155889884730127,position_specialists,0.09387613630442981,False,,,A,0.13,0.347,0.08,0.16,-0.11910277670275393,-0.06130902304565602,-0.04052410944625108,-0.059737361545140394,0.0017053910136877613,,0,,,0,,9.387613630442981,16.925904184972346,17.155889884730126,4,3,2,validated_position_specialists,,unavailable,,0,0
2026-10-07,奈良,7,075320261007,1791348300,1791348000,5,6,015191,奥村諭志,両,93.89,,,,,0.06121524001446419,0.03230421552190242,0.08209998856805562,0.05661299645272805,position_specialists,0.03230421552190242,False,,,A,0.178,0.25,0.06,0.06,-0.06069880830759948,0.03157423704635027,0.06264220931199461,-0.059737361545140394,0.0004487871088652004,,0,,,0,,3.230421552190242,8.209998856805562,5.661299645272805,5,4,7,validated_position_specialists,,unavailable,,0,0
2026-10-07,奈良,7,075320261007,1791348300,1791348000,6,3,013274,八日市屋浩之,追,96.58,,,,,0.02299233039602906,0.01079945870960001,0.07373493842147663,0.10418501381972667,position_specialists,0.01079945870960001,False,,,A,0.166,0.25,0.11,0.29,0.018798390207162983,-0.1647170288197791,-0.07542541322531972,0.014452587470598488,0.001391240037482121,,0,,,0,,1.079945870960001,7.3734938421476635,10.418501381972668,6,5,3,validated_position_specialists,,unavailable,,0,0
2026-10-07,奈良,7,075320261007,1791348300,1791348000,7,7,014313,小谷実,追,94.28,,,,,0.031715813493026664,0.00991099376277205,0.06353370565505707,0.087042359343896,position_specialists,0.00991099376277205,False,,,A,0.093,0.187,0.16,0.05,-0.1579532166510382,-0.10156855472707853,-0.13838607510097206,-0.059737361545140394,0.002333692966099042,,0,,,0,,0.991099376277205,6.353370565505707,8.7042359343896,7,7,5,validated_position_specialists,,unavailable,,0,0
2026-10-07,静岡,7,073820261007,1791348900,1791348600,1,1,013980,森田康嗣,両,88.52,,,,,0.48423610732795896,0.5952115601565235,0.15672968737685278,0.11901970498673939,position_specialists,0.5952115601565234,False,,0.3074926882520331,A,0.523,0.5710000000000001,0.22,0.1,0.1766136540941838,0.23725225609932676,0.17960103902799063,-0.06281077333408441,0.0010192535285742316,,0,,,0,,59.52115601565235,15.672968737685277,11.901970498673938,1,3,5,validated_position_specialists,,unavailable,,0,0
2026-10-07,静岡,7,073820261007,1791348900,1791348600,2,5,014439,山崎司,追,86.91,,,,,0.2891911260159393,0.2877188719044904,0.2571391320536227,0.11519854806446712,position_specialists,0.28771887190449036,False,,,A,0.3329999999999999,0.5,0.17,0.14,0.10868532559642081,0.23228613917507712,0.07076527464418314,0.054124177021923806,0.001359004704765642,,0,,,0,,28.771887190449043,25.71391320536227,11.519854806446713,2,1,6,validated_position_specialists,,unavailable,,0,0
2026-10-07,静岡,7,073820261007,1791348900,1791348600,3,3,014597,上田隼,追,85.14,,,,,0.09923538253577982,0.05800632772521623,0.1446906216840004,0.12067121064209844,position_specialists,0.058006327725216224,False,,,A,0.237,0.38,0.22,0.14,0.013585665699552671,0.15549967872863257,-0.0433097653693902,-0.06281077333408441,0.0018120062730208565,,0,,,0,,5.800632772521623,14.46906216840004,12.067121064209845,3,4,4,validated_position_specialists,,unavailable,,0,0
2026-10-07,静岡,7,073820261007,1791348900,1791348600,4,7,012963,荻野哲,追,85.5,,,,,0.04394168249687989,0.026209261977057013,0.15749615482911772,0.1377011600479789,position_specialists,0.02620926197705701,False,,,A,0.307,0.461,0.25,0.13,0.013585665699552671,-0.03646647238747879,0.07076527464418314,-0.02539158922016178,0.001359004704765642,,0,,,0,,2.6209261977057015,15.749615482911771,13.770116004797888,4,2,2,validated_position_specialists,,unavailable,,0,0
2026-10-07,静岡,7,073820261007,1791348900,1791348600,5,2,013183,坂木田雄介,逃,81.67,,,,,0.04435522032887172,0.018700126842907786,0.11657692677548998,0.13340766721252226,position_specialists,0.018700126842907783,False,,,A,0.161,0.322,0.11,0.11,-0.13585665699552596,-0.06989358568645146,0.048220283427367866,-0.011359395177440796,0.0015571928908772984,,0,,,0,,1.8700126842907787,11.657692677548997,13.340766721252226,5,5,3,validated_position_specialists,,unavailable,,0,0
2026-10-07,静岡,7,073820261007,1791348900,1791348600,6,6,014941,江端隆司,逃,79.95,,,,,0.027524571040938854,0.011346046357526543,0.07126174033097837,0.09274478329970229,position_specialists,0.011346046357526542,False,,,A,0.047,0.095,0.08,0.08,-0.1630279883946312,0.1028759503180488,-0.1306322876535134,0.17105912737793202,0.003595699948025761,,0,,,0,,1.1346046357526542,7.126174033097837,9.27447832997023,6,7,7,validated_position_specialists,,unavailable,,0,0
2026-10-07,静岡,7,073820261007,1791348900,1791348600,7,4,013548,手島志誠,追,80.41,,,,,0.011515910253631375,0.002807805036278646,0.09610573694993807,0.2812569257464916,position_specialists,0.0028078050362786455,False,,,A,0.083,0.3329999999999999,0.03,0.31,-0.01358566569955255,-0.25318786737306853,-0.19540981872082133,-0.06281077333408441,0.002151757449212267,,0,,,0,,0.2807805036278646,9.610573694993807,28.125692574649158,7,6,1,validated_position_specialists,,unavailable,,0,0
2026-10-07,大宮,8,082520261007,1791349500,1791349200,1,5,015211,平尾一晃,逃,101.69,,,,,0.6893910027668573,0.8582290753981813,0.2822071331541922,0.2000258048063412,position_specialists,0.8582290753981813,False,,0.8177867544249773,S,0.5,0.5760000000000001,0.09,0.08,0.2383570307515748,0.14129635521172634,0.29003837424190165,-0.04706787243316416,0.0030082987710406814,,0,,,0,,85.82290753981813,28.22071331541922,20.002580480634116,1,1,1,validated_position_specialists,,unavailable,,0,0
2026-10-07,大宮,8,082520261007,1791349500,1791349200,2,4,014604,菱田浩二,逃,97.45,,,,,0.08088984193588859,0.04044232097320396,0.17959521883115281,0.1693057475709887,position_specialists,0.04044232097320396,False,,,S,0.2269999999999999,0.409,0.13,0.13,-0.02956785349099188,-0.04260409636122795,0.058983317245583894,0.0627571632442189,0.00039502913155079654,,0,,,0,,4.044232097320396,17.959521883115283,16.930574757098867,2,3,2,validated_position_specialists,,unavailable,,0,0
2026-10-07,大宮,8,082520261007,1791349500,1791349200,3,2,014268,山口貴弘,追,99.19,,,,,0.07353393931951276,0.03718517458103667,0.25350208566224364,0.15421885200709615,position_specialists,0.03718517458103667,False,,,S,0.3329999999999999,0.428,0.2,0.21,0.051777531628782944,-0.03325106243839811,0.02946556431480632,-0.04706787243316416,0.002096693082846536,,0,,,0,,3.7185174581036673,25.350208566224364,15.42188520070961,3,2,3,validated_position_specialists,,unavailable,,0,0
2026-10-07,大宮,8,082520261007,1791349500,1791349200,4,1,015786,角田光,逃,95.57,,,,,0.06478223087805607,0.02551403520700833,0.07340147974239546,0.1199852610990996,position_specialists,0.02551403520700833,False,,,S,0.157,0.315,0.12,0.11,-0.19400525051508702,0.2711084386749882,-0.04467920918868175,-0.04706787243316416,0.0027955907771287135,,0,,,0,,2.551403520700833,7.340147974239546,11.998526109909958,4,5,6,validated_position_specialists,,unavailable,,0,0
2026-10-07,大宮,8,082520261007,1791349500,1791349200,5,7,013976,明田春喜,追,96.39,,,,,0.03912174009655218,0.0191614756008042,0.0528812555312493,0.144787027927951,position_specialists,0.0191614756008042,False,,,S,0.178,0.25,0.28,0.1,0.001780414804092717,0.25882612535394106,-0.040901892278198515,-0.04706787243316416,0.00024309485018510552,,0,,,0,,1.9161475600804199,5.28812555312493,14.478702792795097,5,6,4,validated_position_specialists,,unavailable,,0,0
2026-10-07,大宮,8,082520261007,1791349500,1791349200,6,3,014310,三谷政史,追,98.68,,,,,0.047248816198918284,0.018182410066791395,0.13421050326091433,0.14058293617313583,position_specialists,0.018182410066791395,False,,,S,0.12,0.36,0.27,0.21,0.04804776192286173,-0.07652175692615204,-0.11126934887120335,-0.04706787243316416,0.002096693082846536,,0,,,0,,1.8182410066791395,13.421050326091432,14.058293617313579,6,4,5,validated_position_specialists,,unavailable,,0,0
2026-10-07,大宮,8,082520261007,1791349500,1791349200,7,6,012688,佐藤成人,追,94.07,,,,,0.005032428804214932,0.0012855081729741967,0.024202323817852284,0.07109437041538763,position_specialists,0.0012855081729741967,False,,,S,0.038,0.115,0.0,0.16,-0.1163896351012334,-0.1504879046407911,-0.18163680546420818,0.17258219892160195,0.0014585691011106334,,0,,,0,,0.12855081729741966,2.4202323817852283,7.1094370415387615,7,7,7,validated_position_specialists,,unavailable,,0,0
2026-10-07,奈良,8,085320261007,1791350100,1791349800,1,5,014052,飯野祐太,両,104.38,,,,,0.399041212921582,0.5891427579198658,0.23098766236825882,0.09082173669761731,position_specialists,0.5891427579198658,False,,0.3366956489009432,A,0.284,0.38,0.17,0.17,0.16494042535277992,0.372255913555113,0.062461141449170775,0.10498677165349081,0.0020487199499220204,,0,,,0,,58.91427579198658,23.09876623682588,9.082173669761733,1,1,6,validated_position_specialists,1.0,full_trifecta_market_proxy,0.0,0,0
2026-10-07,奈良,8,085320261007,1791350100,1791349800,2,1,014682,原田研太朗,逃,103.87,,,,,0.25685225636398196,0.2524471090189226,0.10599787187364536,0.08567054312784134,position_specialists,0.2524471090189226,False,,,A,0.25,0.437,0.11,0.08,-0.11521252374379243,0.17988129943353148,0.18768094818915898,0.03386670053338414,0.0037976272242456976,,0,,,0,,25.244710901892258,10.599787187364536,8.567054312784135,2,6,7,validated_position_specialists,2.0,full_trifecta_market_proxy,0.0,0,0
2026-10-07,奈良,8,085320261007,1791350100,1791349800,3,3,014791,木村弘,逃,99.6,,,,,0.1149582070511722,0.061373684540079576,0.15542039266227123,0.22253911375064656,position_specialists,0.061373684540079576,False,,,A,0.15,0.3,0.18,0.09,-0.0872475909531588,-0.01976282301075095,-0.0050832379029950026,0.10498677165349081,0.0007495316889958617,,0,,,0,,6.137368454007958,15.542039266227123,22.25391137506466,3,3,1,validated_position_specialists,5.0,full_trifecta_market_proxy,2.0,3,0
2026-10-07,奈良,8,085320261007,1791350100,1791349800,4,2,015630,原田翔真,逃,99.0,,,,,0.08203672128973985,0.033871030335325306,0.14965095478504628,0.14239959572125752,position_specialists,0.033871030335325306,False,,,A,0.217,0.26,0.18,0.1,-0.15029459502964354,0.00020158923367730853,0.01180285693504643,-0.08466675133346031,4.996877926639136e-05,,0,,,0,,3.3871030335325307,14.965095478504628,14.239959572125754,4,4,3,validated_position_specialists,3.0,full_trifecta_market_proxy,-1.0,0,0
2026-10-07,奈良,8,085320261007,1791350100,1791349800,5,7,013295,佐々木則幸,追,99.65,,,,,0.06575274867189435,0.02780552719850577,0.18228691573553008,0.213013359429967,position_specialists,0.02780552719850577,False,,,A,0.15,0.25,0.26,0.08,0.015273221308796449,-0.02703233133345188,-0.14823047292678787,0.010160010160015245,0.0021486575084548034,,0,,,0,,2.780552719850577,18.228691573553007,21.3013359429967,5,2,2,validated_position_specialists,6.0,full_trifecta_market_proxy,1.0,0,0
2026-10-07,奈良,8,085320261007,1791350100,1791349800,6,6,014946,元砂勇雪,追,98.4,,,,,0.054037934968113745,0.024256773228740022,0.10621499131632242,0.12397164068391889,position_specialists,0.024256773228740022,False,,,A,0.185,0.37,0.16,0.11,-0.02036429507839522,0.07278972988868933,-0.023010666186799658,-0.08466675133346031,0.0014490945987253323,,0,,,0,,2.425677322874002,10.621499131632243,12.397164068391891,6,5,4,validated_position_specialists,4.0,full_trifecta_market_proxy,-2.0,0,3
2026-10-07,奈良,8,085320261007,1791350100,1791349800,7,4,013533,佐藤愼太郎,追,99.25,,,,,0.027320918733515907,0.011103117758560937,0.06944121125892583,0.1215840105887514,position_specialists,0.011103117758560937,False,,,A,0.2,0.35,0.06,0.17,0.19290535814341353,-0.2099672788927219,-0.08562056955679377,-0.08466675133346031,0.0014490945987253323,,0,,,0,,1.1103117758560936,6.944121125892583,12.158401058875143,7,7,5,validated_position_specialists,7.0,full_trifecta_market_proxy,0.0,0,0
2026-10-07,静岡,8,083820261007,1791350700,1791350400,1,7,15704,坪内恒,逃,89.83,,,,,0.6185498750567224,0.8231002513806192,0.12931964858980263,0.11037495917793724,position_specialists,0.8231002513806192,False,,0.7675693413177584,S,0.4579999999999999,0.4579999999999999,0.21,0.05,0.1881949997354985,0.18948397916846327,0.2164748801921072,0.1486769918162896,0.0026502174184840997,,0,,,0,,82.31002513806192,12.931964858980264,11.037495917793725,1,2,5,validated_position_specialists,,unavailable,,0,0
2026-10-07,静岡,8,083820261007,1791350700,1791350400,2,5,15885,五輪拓巳,逃,81.66,,,,,0.10651887605171903,0.05553091006286071,0.09574742218838392,0.12180557346276293,position_specialists,0.05553091006286071,False,,,S,0.237,0.285,0.09,0.09,0.014405806168678344,0.25856949134688767,0.0091450446616171,-0.056670602261814425,0.002978562939358236,,0,,,0,,5.553091006286071,9.574742218838391,12.180557346276295,2,4,4,validated_position_specialists,,unavailable,,0,0
2026-10-07,静岡,8,083820261007,1791350700,1791350400,3,4,13601,工藤政志,追,84.82,,,,,0.06612360688235118,0.045638442448338694,0.12216982680479471,0.13704417199622676,position_specialists,0.045638442448338694,False,,,S,0.346,0.478,0.0,0.28,0.13026526854655845,0.05805958717410372,0.1744987130549469,-0.019334676065795517,0.00030489226938312645,,0,,,0,,4.563844244833869,12.216982680479472,13.704417199622677,3,3,2,validated_position_specialists,,unavailable,,0,0
2026-10-07,静岡,8,083820261007,1791350700,1791350400,4,1,13775,鈴木良太,追,84.73,,,,,0.11172381983651404,0.045589083632788616,0.4319924996007309,0.3282118370842765,position_specialists,0.045589083632788616,False,,,S,0.133,0.4,0.26,0.09,-0.12076356660551521,0.03485117104377374,-0.09039780588378196,0.0973400932967636,0.00030489226938312645,,0,,,0,,4.558908363278862,43.19924996007309,32.821183708427654,4,1,1,validated_position_specialists,,unavailable,,0,0
2026-10-07,静岡,8,083820261007,1791350700,1791350400,5,2,15266,福田真平,追,83.22,,,,,0.05617160756555756,0.02020814470700826,0.07762351434285464,0.12622131082391091,position_specialists,0.02020814470700826,False,,,S,0.0,0.222,0.09,0.19,-0.009195195426815855,0.13847943931141038,-0.1786966455300249,-0.056670602261814425,0.0024391381550650116,,0,,,0,,2.020814470700826,7.762351434285463,12.622131082391093,5,5,3,validated_position_specialists,,unavailable,,0,0
2026-10-07,静岡,8,083820261007,1791350700,1791350400,6,6,15534,牛田樹希斗,逃,77.63,,,,,0.02195624202845236,0.005265562298416348,0.06950163251733858,0.07950500824688232,position_specialists,0.005265562298416348,False,,,S,0.133,0.133,0.1,0.08,-0.12076356660551521,-0.19048633781287114,0.0035230392120390516,-0.056670602261814425,0.00014071950894605824,,0,,,0,,0.5265562298416347,6.9501632517338585,7.950500824688233,6,7,7,validated_position_specialists,,unavailable,,0,0
2026-10-07,静岡,8,083820261007,1791350700,1791350400,7,3,12944,渡邊恭典,追,80.66,,,,,0.01895597257868332,0.004667605469968225,0.0736454559560947,0.09683713920800327,position_specialists,0.004667605469968225,False,,,S,0.066,0.4,0.17,0.14,-0.08214374581288847,-0.1205912313576812,-0.13454722570690342,-0.056670602261814425,0.0024391381550650116,,0,,,0,,0.4667605469968225,7.36454559560947,9.68371392080033,7,6,6,validated_position_specialists,,unavailable,,0,0
2026-10-07,大宮,9,092520261007,1791351300,1791351000,1,2,15706,山田駿斗,逃,102.0,,,,,0.4745731430015234,0.70193728453857,0.20297640531518488,0.19724402310727712,position_specialists,0.7019372845385701,False,,0.5950259116890014,S,0.3329999999999999,0.4579999999999999,0.16,0.12,-0.10416548841885977,0.24439652212929516,0.32067416059346965,0.1176080680274246,0.00335337431639488,,0,,,0,,70.19372845385699,20.29764053151849,19.724402310727715,1,2,1,validated_position_specialists,,unavailable,,0,0
2026-10-07,大宮,9,092520261007,1791351300,1791351000,2,1,14831,伊藤裕貴,両,99.04,,,,,0.15596656401535816,0.1069113728495686,0.16983774983001795,0.12059406257788204,position_specialists,0.10691137284956863,False,,,S,0.16,0.44,0.15,0.17,0.1546703329037919,-0.08666036577750802,0.08000887743650914,-0.06802819621194169,0.001536963228347654,,0,,,0,,10.69113728495686,16.983774983001794,12.059406257788208,2,3,5,validated_position_specialists,,unavailable,,0,0
2026-10-07,大宮,9,092520261007,1791351300,1791351000,3,5,15097,長谷部翔,両,98.3,,,,,0.15446342711132016,0.07863280614495594,0.23959427884134113,0.18557982730762657,position_specialists,0.07863280614495595,False,,,S,0.13,0.347,0.13,0.08,0.012424584773940702,-0.05768355793169588,-0.012524669657957968,-0.06802819621194169,0.0021890082343133254,,0,,,0,,7.863280614495594,23.95942788413411,18.55798273076266,3,1,2,validated_position_specialists,,unavailable,,0,0
2026-10-07,大宮,9,092520261007,1791351300,1791351000,4,3,13438,前反祐一郎,追,95.78,,,,,0.061493326031969095,0.04378639122345241,0.10298703464958611,0.11284368873745539,position_specialists,0.04378639122345242,False,,,S,0.107,0.25,0.21,0.15,0.12505235312857627,0.297020250539879,-0.012524669657957968,-0.06802819621194169,0.001071216795515031,,0,,,0,,4.378639122345241,10.298703464958612,11.28436887374554,4,6,7,validated_position_specialists,,unavailable,,0,0
2026-10-07,大宮,9,092520261007,1791351300,1791351000,5,7,15130,瀬戸栄作,両,95.45,,,,,0.09528768828431126,0.042171653655453015,0.118529224493186,0.11572566303831382,position_specialists,0.04217165365545302,False,,,S,0.2,0.3,0.07,0.19,-0.10416548841885977,-0.039366524647964696,0.05687549066289236,-0.06802819621194169,0.0020492843044635383,,0,,,0,,4.217165365545301,11.8529224493186,11.572566303831383,5,4,6,validated_position_specialists,,unavailable,,0,0
2026-10-07,大宮,9,092520261007,1791351300,1791351000,6,4,14481,徳丸泰教,追,94.23,,,,,0.04612898617432635,0.02362397109385072,0.10865438930006291,0.1455204247606704,position_specialists,0.023623971093850726,False,,,S,0.0579999999999999,0.147,0.25,0.05,-0.02511800467760471,0.17878564771602065,-0.11438963217321782,0.09339464225707249,0.0018629857313304894,,0,,,0,,2.3623971093850717,10.865438930006292,14.552042476067044,6,5,3,validated_position_specialists,,unavailable,,0,0
2026-10-07,大宮,9,092520261007,1791351300,1791351000,7,6,13394,飯嶋則之,追,93.21,,,,,0.012086865381191603,0.0029365204941493523,0.057420917570621115,0.12249231047077459,position_specialists,0.002936520494149353,False,,,S,0.0,0.1,0.0,0.16,-0.058698289290984904,-0.16812587315393973,-0.3181195572037375,0.06111007456326964,0.0008849182223819826,,0,,,0,,0.2936520494149352,5.742091757062111,12.249231047077464,7,7,4,validated_position_specialists,,unavailable,,0,0
2026-10-07,奈良,9,095320261007,1791351900,1791351600,1,7,15297,上野優太,追,109.45,,,,,0.5277592718854137,0.4195606962871415,0.22511908632926347,0.22769785466580791,position_specialists,0.4195606962871415,False,,0.10198342591321091,B,0.136,0.272,0.23,0.08,-0.07476734270623339,0.17289185452590147,-0.13410443672963862,-0.0577207977069365,0.0013578136164839206,,0,,,0,,41.95606962871415,22.511908632926346,22.769785466580792,1,2,1,validated_position_specialists,,unavailable,,0,0
2026-10-07,奈良,9,095320261007,1791351900,1791351600,2,5,15663,松本秀之慎,逃,104.45,,,,,0.21042563418384364,0.3175772703739306,0.315876183590748,0.17837491315725254,position_specialists,0.3175772703739306,False,,,B,0.428,0.5710000000000001,0.16,0.16,-0.09046094706065244,0.1742557107659935,0.34194580821875287,0.09768134996558483,0.0028785648669459123,,0,,,0,,31.757727037393057,31.5876183590748,17.837491315725256,2,1,3,validated_position_specialists,,unavailable,,0,0
2026-10-07,奈良,9,095320261007,1791351900,1791351600,3,2,15370,城戸俊潔,逃,101.95,,,,,0.136282749744436,0.19475980646572555,0.1882320183680768,0.1556547034972172,position_specialists,0.19475980646572555,False,,,B,0.409,0.59,0.2,0.1,-0.027686529642976108,0.22824329541666938,0.2517450092855964,0.14741003722079168,0.0017380014290994188,,0,,,0,,19.475980646572555,18.82320183680768,15.56547034972172,3,3,4,validated_position_specialists,,unavailable,,0,0
2026-10-07,奈良,9,095320261007,1791351900,1791351600,4,1,12948,小林潤二,追,98.08,,,,,0.038736610623471966,0.027034365555623385,0.05406440352423033,0.07579767464989967,position_specialists,0.027034365555623385,False,,,B,0.152,0.307,0.14,0.16,0.2195819591127486,0.037922892899211885,-0.06311147933244325,-0.01420819635863052,0.0020638766970555605,,0,,,0,,2.7034365555623383,5.406440352423033,7.579767464989967,4,7,7,validated_position_specialists,,unavailable,,0,0
2026-10-07,奈良,9,095320261007,1791351900,1791351600,5,6,15118,木村幸希,両,96.96,,,,,0.036521108764325544,0.020930855427922262,0.06058531257667564,0.08515523630979115,position_specialists,0.020930855427922262,False,,,B,0.111,0.259,0.07,0.1,0.09658591155404976,0.14589806220056353,-0.13410443672963862,-0.0577207977069365,0.0005431254465935686,,0,,,0,,2.093085542792226,6.058531257667564,8.515523630979114,5,5,5,validated_position_specialists,,unavailable,,0,0
2026-10-07,奈良,9,095320261007,1791351900,1791351600,6,3,15291,山口敦也,追,101.27,,,,,0.026934399175197857,0.011591670237214762,0.10128820317018529,0.19564476008752027,position_specialists,0.011591670237214762,False,,,B,0.25,0.3329999999999999,0.14,0.28,0.03381149413637336,-0.241175919796192,-0.13410443672963862,-0.0577207977069365,0.0001629376339780709,,0,,,0,,1.1591670237214762,10.12882031701853,19.564476008752028,6,4,2,validated_position_specialists,,unavailable,,0,0
2026-10-07,奈良,9,095320261007,1791351900,1791351600,7,4,15426,太田龍希,逃,99.11,,,,,0.023340225623311124,0.00854533565244197,0.054834792440820485,0.08167485763251121,position_specialists,0.00854533565244197,False,,,B,0.175,0.294,0.12,0.12,-0.15706454539330983,-0.14966979713806153,-0.12826602798299006,-0.0577207977069365,0.0032044401349020546,,0,,,0,,0.854533565244197,5.483479244082049,8.167485763251122,7,6,6,validated_position_specialists,,unavailable,,0,0
2026-10-07,静岡,9,093820261007,1791352500,1791352200,1,4,15462,溝口葵,逃,90.12,,,,,0.43173298987513925,0.46655343728252646,0.15608046221166463,0.08924144215954113,position_specialists,0.46655343728252646,False,,0.1251291736034288,B,0.583,0.708,0.13,0.12,0.11474450904068659,0.12498290158844975,0.17998176885195213,-0.049935793846349254,0.00044108109139123097,,0,,,0,,46.655343728252646,15.608046221166465,8.924144215954113,1,3,5,validated_position_specialists,,unavailable,,0,0
2026-10-07,静岡,9,093820261007,1791352500,1791352200,2,2,14455,小野裕次,追,90.73,,,,,0.24783083229672198,0.3414242636790977,0.20045738837934354,0.20206589685934578,position_specialists,0.3414242636790977,False,,,B,0.583,0.6659999999999999,0.27,0.09,0.12522687854521916,0.3410717929477077,0.20943585476864907,-0.049935793846349254,0.00048518920053035374,,0,,,0,,34.14242636790977,20.04573883793436,20.206589685934578,2,2,3,validated_position_specialists,,unavailable,,0,0
2026-10-07,静岡,9,093820261007,1791352500,1791352200,3,1,14390,愛敬博之,追,88.72,,,,,0.2073397096448316,0.11977244605498114,0.29684717603761807,0.26324304422477673,position_specialists,0.11977244605498114,False,,,B,0.2,0.56,0.17,0.21,-0.03856014496310182,0.0686298546999175,-0.056524017139401285,-0.049935793846349254,0.0013673513833128157,,0,,,0,,11.977244605498113,29.68471760376181,26.324304422477674,3,1,1,validated_position_specialists,,unavailable,,0,0
2026-10-07,静岡,9,093820261007,1791352500,1791352200,4,5,14459,根藤浩二,両,86.0,,,,,0.05405109413121541,0.04571438983480045,0.13001342266437146,0.09925058521999844,position_specialists,0.04571438983480045,False,,,B,0.29,0.5,0.16,0.12,0.10295184334808753,0.16130849335482175,-0.001945758833704338,0.10073254965556659,0.00048518920053035374,,0,,,0,,4.5714389834800455,13.001342266437149,9.925058521999844,4,4,4,validated_position_specialists,,unavailable,,0,0
2026-10-07,静岡,9,093820261007,1791352500,1791352200,5,3,15088,神山尚,両,81.64,,,,,0.030887176601722837,0.017472937613200352,0.09454012794147972,0.08116480301416998,position_specialists,0.017472937613200352,False,,,B,0.25,0.285,0.04,0.09,-0.026767479270502752,-0.038482261360224326,0.018508961660685098,0.14894641957617966,0.003881513604242832,,0,,,0,,1.7472937613200352,9.454012794147973,8.116480301416997,5,5,6,validated_position_specialists,,unavailable,,0,0
2026-10-07,静岡,9,093820261007,1791352500,1791352200,6,7,13985,高橋陽介,追,85.0,,,,,0.023190721516786132,0.007935528488584198,0.0718557953736523,0.21399159371309506,position_specialists,0.007935528488584198,False,,,B,0.222,0.3329999999999999,0.0,0.2,-0.07393814204089914,-0.17614657822464316,-0.14517730777541807,-0.049935793846349254,0.00017643243655649234,,0,,,0,,0.7935528488584198,7.185579537365231,21.399159371309505,6,6,2,validated_position_specialists,,unavailable,,0,0
2026-10-07,静岡,9,093820261007,1791352500,1791352200,7,6,13175,峠祐介,追,77.12,,,,,0.004967475933582821,0.0011269970468096907,0.05020562739187024,0.05104263480907286,position_specialists,0.0011269970468096907,False,,,B,0.0,0.04,0.0,0.1,-0.20365746465948942,-0.11299810413194263,-0.2042795015327626,-0.049935793846349254,0.0032198919671559854,,0,,,0,,0.11269970468096907,5.020562739187025,5.104263480907286,7,7,7,validated_position_specialists,,unavailable,,0,0
2026-10-07,大宮,10,102520261007,1791353100,1791352800,1,2,15794,福田稔希,逃,104.42,,,,,0.26706526494771154,0.3872760435522357,0.2885166701445506,0.20214814631137493,position_specialists,0.3872760435522357,False,,0.0920718635557356,B,0.5329999999999999,0.5329999999999999,0.17,0.1,0.2085476955793677,0.1588178220140024,-0.0008773883490754905,0.12724259088665732,0.003363780601937462,,0,,,0,,38.72760435522357,28.851667014455064,20.214814631137493,1,1,2,validated_position_specialists,,unavailable,,0,0
2026-10-07,大宮,10,102520261007,1791353100,1791352800,2,7,15474,阿部将大,逃,108.63,,,,,0.42531332717687065,0.2952041799965001,0.13884299109511847,0.12833905451430294,position_specialists,0.2952041799965001,False,,,B,0.18,0.318,0.21,0.1,-0.2248128030409182,0.04117752647787112,-0.1563785270334727,-0.013690658513121366,2.9767969928649893e-05,,0,,,0,,29.52041799965001,13.884299109511847,12.833905451430294,2,3,4,validated_position_specialists,,unavailable,,0,0
2026-10-07,大宮,10,102520261007,1791353100,1791352800,3,4,15509,木村佑来,逃,103.23,,,,,0.10671529553485226,0.12074027676992749,0.1285805283014913,0.13048795776083164,position_specialists,0.12074027676992749,False,,,B,0.5,0.615,0.16,0.13,0.07743642047812554,-0.026045499542775272,0.21313917474296368,-0.08133861822501513,0.0012204867670746549,,0,,,0,,12.074027676992749,12.85805283014913,13.048795776083164,3,4,3,validated_position_specialists,,unavailable,,0,0
2026-10-07,大宮,10,102520261007,1791353100,1791352800,4,3,13619,竹内智彦,追,103.82,,,,,0.11307761887722124,0.1163391640067431,0.1676483970110179,0.23459253143626418,position_specialists,0.1163391640067431,False,,,B,0.275,0.413,0.28,0.13,0.12849434894624898,0.009772472362646894,0.0961083259276798,-0.08133861822501513,0.0008037351880735533,,0,,,0,,11.63391640067431,16.764839701101792,23.45925314362642,4,2,1,validated_position_specialists,,unavailable,,0,0
2026-10-07,大宮,10,102520261007,1791353100,1791352800,5,1,13804,湊聖二,追,102.18,,,,,0.051876761507858554,0.05182425808485868,0.09952645445456222,0.09909325492091371,position_specialists,0.05182425808485868,False,,,B,0.363,0.4539999999999999,0.25,0.08,-0.0026169261549931835,0.02657822886780852,0.0961083259276798,0.07086929112674586,0.0014288625565752058,,0,,,0,,5.182425808485868,9.952645445456222,9.909325492091371,5,6,6,validated_position_specialists,,unavailable,,0,0
2026-10-07,大宮,10,102520261007,1791353100,1791352800,6,6,14811,笠松将太,逃,96.28,,,,,0.02954994986357088,0.026489326097560394,0.11838481544841895,0.11302309941330518,position_specialists,0.026489326097560394,False,,,B,0.214,0.285,0.23,0.0,-0.04780490697581341,0.3794991154762022,-0.031158720293484495,0.05959463117476355,0.0025302774439352593,,0,,,0,,2.6489326097560393,11.838481544841894,11.302309941330519,6,5,5,validated_position_specialists,,unavailable,,0,0
2026-10-07,大宮,10,102520261007,1791353100,1791352800,7,5,13862,鈴木伸之,追,98.92,,,,,0.006401782091914917,0.0021267514921744558,0.05850014354484046,0.09231595564300744,position_specialists,0.0021267514921744558,False,,,B,0.115,0.23,0.04,0.26,-0.13924382883201744,-0.2214335667816697,-0.2169411909222907,-0.08133861822501513,0.0024707415040779593,,0,,,0,,0.21267514921744557,5.850014354484046,9.231595564300745,7,7,7,validated_position_specialists,,unavailable,,0,0
2026-10-07,奈良,10,105320261007,1791353700,1791353400,1,1,14757,藤井昭吾,両,103.75,,,,,0.5052001004624511,0.4481654961616756,0.23680729370834105,0.17857575463174505,position_specialists,0.4481654961616756,False,,0.15706955288248747,B,0.172,0.4479999999999999,0.17,0.17,-0.10467781134632326,0.07832159085248365,-0.02595542738092201,0.032659863237109045,0.0015075883606832394,,0,,,0,,44.81654961616756,23.6807293708341,17.857575463174506,1,1,2,validated_position_specialists,,unavailable,,0,0
2026-10-07,奈良,10,105320261007,1791353700,1791353400,2,7,15610,永井哉多,逃,96.4,,,,,0.17003094466496696,0.29109594327918814,0.18801048478375285,0.16221742018470287,position_specialists,0.29109594327918814,False,,,B,0.37,0.407,0.13,0.03,0.22376351256283378,0.3753421514066982,0.13382454955340614,0.09797958971132714,0.0036763996865784242,,0,,,0,,29.109594327918813,18.801048478375282,16.221742018470287,2,3,3,validated_position_specialists,,unavailable,,0,0
2026-10-07,奈良,10,105320261007,1791353700,1791353400,3,3,14864,土屋壮登,追,102.96,,,,,0.10178065069152205,0.1019269498595101,0.21615942191151782,0.1887103729294313,position_specialists,0.1019269498595101,False,,,B,0.345,0.423,0.31,0.06,-0.005031523862241205,0.006336001947966364,0.13954291369034774,-0.06531972647421808,0.0015075883606832394,,0,,,0,,10.192694985951011,21.615942191151778,18.87103729294313,3,2,1,validated_position_specialists,,unavailable,,0,0
2026-10-07,奈良,10,105320261007,1791353700,1791353400,4,5,15641,富武大,逃,97.31,,,,,0.09203884516707282,0.07073939457357727,0.10213646704075714,0.12461530540758031,position_specialists,0.07073939457357727,False,,,B,0.21,0.421,0.12,0.17,0.1114239684703928,0.03598151799968806,-0.00893030104166493,-0.06531972647421808,0.0023804026747630083,,0,,,0,,7.073939457357727,10.213646704075712,12.461530540758032,4,5,5,validated_position_specialists,,unavailable,,0,0
2026-10-07,奈良,10,105320261007,1791353700,1791353400,5,4,14700,川口公太朗,追,103.85,,,,,0.059294344885330856,0.044339869892936305,0.11249463913676583,0.10705096834278782,position_specialists,0.044339869892936305,False,,,B,0.284,0.392,0.0,0.13,-0.05888426287253018,-0.20078364995376885,0.0916794715772998,-0.06531972647421808,0.0018778732212019296,,0,,,0,,4.43398698929363,11.24946391367658,10.705096834278782,5,4,6,validated_position_specialists,,unavailable,,0,0
2026-10-07,奈良,10,105320261007,1791353700,1791353400,6,2,15201,門田凌,両,96.66,,,,,0.04796012424467222,0.035217381463176704,0.08914169592068656,0.1490160679170886,position_specialists,0.035217381463176704,False,,,B,0.147,0.296,0.15,0.15,0.00337307856203478,0.0680379352946955,-0.09977429687489195,0.13063945294843618,0.0003967337791271688,,0,,,0,,3.5217381463176705,8.914169592068655,14.90160679170886,6,6,4,validated_position_specialists,,unavailable,,0,0
2026-10-07,奈良,10,105320261007,1791353700,1791353400,7,6,15058,中西大,逃,94.0,,,,,0.023694989883983986,0.0085149647699358,0.05524999749817882,0.08981411058666408,position_specialists,0.0085149647699358,False,,,B,0.166,0.166,0.16,0.14,-0.16996696151416693,0.0051305513263235035,-0.23038690952357477,-0.06531972647421808,0.0007670186396458588,,0,,,0,,0.8514964769935801,5.524999749817881,8.981411058666408,7,7,7,validated_position_specialists,,unavailable,,0,0
2026-10-07,静岡,10,103820261007,1791354300,1791354000,1,2,15913,一守大葵,逃,92.35,,,,,0.7321232278030124,0.8474577264301283,0.26146916448798435,0.3759217283218381,position_specialists,0.8474577264301282,False,,0.752488378726309,S,0.7,0.8,0.2,0.07,0.1906970350901377,0.35708560201951545,0.2717025067937636,0.1723842525708513,0.004116678655660301,,0,,,0,,84.74577264301283,26.14691644879844,37.59217283218382,1,2,1,validated_position_specialists,,unavailable,,0,0
2026-10-07,静岡,10,103820261007,1791354300,1791354000,2,4,14032,藤田真,両,87.33,,,,,0.14495281500713797,0.0949693477038192,0.2921987486863432,0.13813052937052808,position_specialists,0.09496934770381919,False,,,S,0.2769999999999999,0.5,0.13,0.18,0.03712685638923028,0.15761116691896707,0.062308855966019205,0.05662622250147149,0.0016641892437775684,,0,,,0,,9.496934770381921,29.219874868634324,13.81305293705281,2,1,2,validated_position_specialists,,unavailable,,0,0
2026-10-07,静岡,10,103820261007,1791354300,1791354000,3,3,13482,松崎貴久,追,86.75,,,,,0.06993120630759184,0.04140596130297506,0.11630077177809486,0.12781692501058117,position_specialists,0.04140596130297505,False,,,S,0.25,0.625,0.15,0.27,0.10800540040503369,0.0994346676471673,0.08392604318411084,-0.0591318075679083,0.0003795519327913753,,0,,,0,,4.140596130297506,11.630077177809488,12.781692501058119,3,4,3,validated_position_specialists,,unavailable,,0,0
2026-10-07,静岡,10,103820261007,1791354300,1791354000,4,1,15247,小玉勇一,両,83.61,,,,,0.02062098938645559,0.007242056791920796,0.14130095973236537,0.12187195941129604,position_specialists,0.007242056791920795,False,,,S,0.237,0.285,0.08,0.17,-0.1400695036502782,-0.08893422573094921,0.08435029289525545,-0.031069254823816228,0.0007883001681051641,,0,,,0,,0.7242056791920796,14.13009597323654,12.187195941129605,4,3,4,validated_position_specialists,,unavailable,,0,0
2026-10-07,静岡,10,103820261007,1791354300,1791354000,5,6,15101,松岡晋乃介,逃,81.19,,,,,0.016013566617405,0.004734920444031937,0.08197928871595084,0.0839477674167325,position_specialists,0.004734920444031936,False,,,S,0.19,0.3329999999999999,0.08,0.18,0.001687584381328594,-0.10832639215488245,-0.06866701647596447,-0.0205457975447817,0.0015036095799042944,,0,,,0,,0.4734920444031937,8.197928871595085,8.394776741673253,5,5,5,validated_position_specialists,,unavailable,,0,0
2026-10-07,静岡,10,103820261007,1791354300,1791354000,6,5,14224,矢島一弥,追,81.93,,,,,0.013070360098919511,0.0035465154418126868,0.05717852785493976,0.07798884931320833,position_specialists,0.0035465154418126863,False,,,S,0.066,0.133,0.11,0.25,-0.10463023164237649,0.0994346676471673,-0.18947066987561925,-0.0591318075679083,0.0010948613445905058,,0,,,0,,0.35465154418126865,5.717852785493976,7.798884931320834,6,6,6,validated_position_specialists,,unavailable,,0,0
2026-10-07,静岡,10,103820261007,1791354300,1791354000,7,7,13723,高谷進太郎,両,81.55,,,,,0.0032878347794775263,0.0006434718853121161,0.0495725387443216,0.07432224115581569,position_specialists,0.000643471885312116,False,,,S,0.0,0.111,0.05,0.2,-0.09281714097307597,-0.1479393874728991,-0.24415001248756524,-0.0591318075679083,0.0020145448740465305,,0,,,0,,0.06434718853121162,4.95725387443216,7.43222411558157,7,7,7,validated_position_specialists,,unavailable,,0,0
2026-10-07,大宮,11,112520261007,1791354960,1791354660,1,1,15444,渡邉雅也,両,110.72,,,,,0.5194986575502929,0.6440661798568249,0.1717902671035322,0.1473279663688831,position_specialists,0.644066179856825,False,,0.36481651925548286,A,0.434,0.652,0.22,0.15,0.1787524170659479,0.0997263196379886,0.2368457838683873,0.046792638892243485,0.0009622504486493767,,0,,,0,,64.40661798568249,17.17902671035322,14.73279663688831,1,3,4,validated_position_specialists,,unavailable,,0,0
2026-10-07,大宮,11,112520261007,1791354960,1791354660,2,4,15527,北井佑季,逃,105.44,,,,,0.29390952928688696,0.2792496606013421,0.2826834387921065,0.2420214312756386,position_specialists,0.27924966060134215,False,,,A,0.5,0.611,0.0,0.0,0.10563821944373371,0.30734422773368925,0.14208161909414782,-0.05044831380569999,0.0038249455333812707,,0,,,0,,27.92496606013421,28.26834387921065,24.20214312756386,2,1,1,validated_position_specialists,,unavailable,,0,0
2026-10-07,大宮,11,112520261007,1791354960,1791354660,3,7,15197,川口雄太,両,102.16,,,,,0.06980849288282043,0.027508179879852913,0.1455033264039641,0.16387103163564784,position_specialists,0.02750817987985292,False,,,A,0.166,0.291,0.21,0.14,-0.10707361944083427,0.10077549906030553,-0.0938280940062034,-0.03765345160860216,0.0004570689631084536,,0,,,0,,2.7508179879852914,14.55033264039641,16.387103163564785,3,4,3,validated_position_specialists,,unavailable,,0,0
2026-10-07,大宮,11,112520261007,1791354960,1791354660,4,5,13669,荒澤貴史,追,102.66,,,,,0.05699552950724048,0.026221807987555572,0.2169010415651238,0.21992790752754587,position_specialists,0.02622180798755558,False,,,A,0.3329999999999999,0.6659999999999999,0.26,0.08,0.12247944381606213,-0.04105451065742834,-0.20912015140349638,0.1747412608632217,0.0019004446360825183,,0,,,0,,2.622180798755557,21.69010415651238,21.992790752754587,4,2,2,validated_position_specialists,,unavailable,,0,0
2026-10-07,大宮,11,112520261007,1791354960,1791354660,5,2,15468,和泉尚吾,両,100.14,,,,,0.02909148769022678,0.014670708401547746,0.08132110918945229,0.09883294712972218,position_specialists,0.01467070840154775,False,,,A,0.259,0.407,0.12,0.14,0.013892939245101392,-0.016316415585611834,0.10635143215380612,-0.017181672093245642,4.811252243246892e-05,,0,,,0,,1.4670708401547745,8.132110918945228,9.883294712972218,5,5,5,validated_position_specialists,,unavailable,,0,0
2026-10-07,大宮,11,112520261007,1791354960,1791354660,6,3,15289,橋本瑠偉,逃,97.62,,,,,0.01978791293852043,0.005225474166250387,0.048657657789049055,0.057702064773511676,position_specialists,0.0052254741662503875,False,,,A,0.147,0.222,0.1,0.06,-0.26680752826523524,-0.04210369007974529,-0.0715250019478948,-0.035094479169182596,0.0003849001794597505,,0,,,0,,0.5225474166250387,4.865765778904906,5.770206477351167,6,7,7,validated_position_specialists,,unavailable,,0,0
2026-10-07,大宮,11,112520261007,1791354960,1791354660,7,6,14071,朝倉佳弘,追,98.4,,,,,0.010908390144012105,0.0030579891066263307,0.05314315915677208,0.07031665128905072,position_specialists,0.0030579891066263316,False,,,A,0.18,0.318,0.15,0.13,-0.046881871864775236,-0.09262905964569523,-0.11080558775874672,-0.08115598307873477,0.0029108076071643636,,0,,,0,,0.3057989106626331,5.3143159156772075,7.031665128905072,7,6,6,validated_position_specialists,,unavailable,,0,0
2026-10-07,奈良,11,115320261007,1791355620,1791355320,1,4,15048,志佐明,両,90.0,,,,,0.24100170459741604,0.3835323050106602,0.16837459257336607,0.16322119186435158,position_specialists,0.3835323050106602,False,,0.15870866520437257,B,0.47,0.647,0.0,0.33,0.31760139841404145,0.3992724828363201,0.05094341848796654,-0.0019544194270745044,0.002478069751706587,,0,,,0,,38.35323050106602,16.837459257336608,16.32211918643516,1,3,2,validated_position_specialists,,unavailable,,0,0
2026-10-07,奈良,11,115320261007,1791355620,1791355320,2,5,14980,田原宥明,両,88.81,,,,,0.2521657284766181,0.22482363980628764,0.24846128924701016,0.2746135095851337,position_specialists,0.22482363980628764,False,,,B,0.5,0.6809999999999999,0.41,0.08,-0.13081836989200965,0.207820953178707,0.10018359791295078,0.039088388541490396,0.002378946961638323,,0,,,0,,22.482363980628765,24.846128924701016,27.46135095851337,2,1,1,validated_position_specialists,,unavailable,,0,0
2026-10-07,奈良,11,115320261007,1791355620,1791355320,3,2,14080,近藤隆司,両,95.05,,,,,0.1646136177109963,0.14692474712445153,0.18182439490393548,0.13107204281104923,position_specialists,0.14692474712445153,False,,,B,0.611,0.611,0.1,0.08,-0.07810450830398907,-0.013280121330576234,0.06398431860727996,-0.11140190734324756,0.0028415199819568863,,0,,,0,,14.692474712445152,18.18243949039355,13.107204281104924,3,2,4,validated_position_specialists,,unavailable,,0,0
2026-10-07,奈良,11,115320261007,1791355620,1791355320,4,1,15457,村田瑞季,逃,93.28,,,,,0.1400782572155447,0.11145225679367851,0.1161549309200741,0.13181070609880408,position_specialists,0.11145225679367851,False,,,B,0.38,0.6659999999999999,0.28,0.28,0.014171266991252355,-0.11471890135479937,0.0719664791930714,-0.11140190734324756,0.00029736837020479017,,0,,,0,,11.14522567936785,11.61549309200741,13.181070609880408,4,4,3,validated_position_specialists,,unavailable,,0,0
2026-10-07,奈良,11,115320261007,1791355620,1791355320,5,3,15685,小笠原一真,逃,92.77,,,,,0.07830722614998052,0.06542423251222597,0.11419719701441634,0.12125231564780367,position_specialists,0.06542423251222597,False,,,B,0.444,0.722,0.24,0.14,-0.08888447840006555,0.03266824578725089,-0.08823584586197607,0.11433353648385937,0.0007599413905233535,,0,,,0,,6.542423251222597,11.419719701441634,12.125231564780368,5,5,5,validated_position_specialists,,unavailable,,0,0
2026-10-07,奈良,11,115320261007,1791355620,1791355320,6,6,14954,日野博幸,逃,88.64,,,,,0.08497882395543255,0.037176186807214136,0.07524864380925454,0.07675102039301178,position_specialists,0.037176186807214136,False,,,B,0.294,0.352,0.0,0.66,-0.05891654589655945,-0.22193175796306266,-0.1584990859920652,0.07329072851529449,0.0022467832415473065,,0,,,0,,3.7176186807214138,7.524864380925454,7.675102039301178,6,7,7,validated_position_specialists,,unavailable,,0,0
2026-10-07,奈良,11,115320261007,1791355620,1791355320,7,7,14646,三浦雄大,追,93.68,,,,,0.038854641894011714,0.030666631945482036,0.09573895153194331,0.10127921359984593,position_specialists,0.030666631945482036,False,,,B,0.35,0.55,0.0,0.18,0.024951237087328843,-0.10038547887573818,-0.04034288234722744,-0.0019544194270745044,0.0015529237110694612,,0,,,0,,3.0666631945482035,9.57389515319433,10.127921359984594,7,6,6,validated_position_specialists,,unavailable,,0,0
2026-10-07,静岡,11,113820261007,1791356160,1791355860,1,2,14826,菅原裕太,追,95.91,,,,,0.3859019899344986,0.6134161380626012,0.15002763295797897,0.10130267515107998,position_specialists,0.6134161380626012,False,,0.4337383748725898,S,0.6659999999999999,0.833,0.17,0.14,0.16421511500012184,0.30357839578231777,0.15814637464957895,0.10404450870740979,0.0029190969083885145,,0,,,0,,61.34161380626012,15.002763295797896,10.130267515107999,1,4,6,validated_position_specialists,,unavailable,,0,0
2026-10-07,静岡,11,113820261007,1791356160,1791355860,2,5,15442,仁藤秀,両,95.18,,,,,0.16980487636017452,0.17967776319001139,0.1598677676532138,0.1081000937636905,position_specialists,0.17967776319001139,False,,,S,0.608,0.695,0.15,0.09,0.15827067644808118,0.196109559790388,0.10502010995875022,-0.06220052150986452,0.0014330112095725432,,0,,,0,,17.96777631900114,15.98677676532138,10.81000937636905,2,3,5,validated_position_specialists,,unavailable,,0,0
2026-10-07,静岡,11,113820261007,1791356160,1791355860,3,4,15332,鈴木涼介,逃,91.4,,,,,0.30446435673942435,0.13918764397255412,0.21398499058034723,0.293419656305355,position_specialists,0.13918764397255412,False,,,S,0.475,0.476,0.0,0.0,-0.0899096330996142,-0.1717458699226802,0.07485172270036097,0.009047348583253033,5.307448924342766e-05,,0,,,0,,13.918764397255412,21.398499058034723,29.3419656305355,3,1,1,validated_position_specialists,,unavailable,,0,0
2026-10-07,静岡,11,113820261007,1791356160,1791355860,4,1,14477,白上翔,両,92.09,,,,,0.05919708658794656,0.03132490427951745,0.11139522594761458,0.14434057027504577,position_specialists,0.03132490427951745,False,,,S,0.3329999999999999,0.476,0.0,0.42,-0.07653464635752287,0.03157423704635027,-0.08092181645915049,0.13571022874879535,0.0014330112095725432,,0,,,0,,3.132490427951745,11.13952259476146,14.434057027504577,4,5,2,validated_position_specialists,,unavailable,,0,0
2026-10-07,静岡,11,113820261007,1791356160,1791355860,5,3,15327,阿部架惟都,逃,90.84,,,,,0.043082300535043576,0.022084883924278056,0.2020115101169907,0.14076664174051967,position_specialists,0.022084883924278056,False,,,S,0.526,0.526,0.21,0.1,-0.009659712647066016,0.10470104715481146,-0.015563360894995451,-0.06220052150986452,0.0019106816127633915,,0,,,0,,2.208488392427806,20.20115101169907,14.076664174051968,5,2,3,validated_position_specialists,,unavailable,,0,0
2026-10-07,静岡,11,113820261007,1791356160,1791355860,6,7,12519,藤原誠,追,91.47,,,,,0.02506557637623989,0.010634127566238041,0.0707597034068746,0.08381587930805405,position_specialists,0.010634127566238041,False,,,S,0.208,0.5,0.07,0.19,0.0037152740950253675,0.047634560402703426,-0.13404808114997926,-0.06220052150986452,0.0004245959139474202,,0,,,0,,1.063412756623804,7.0759703406874594,8.381587930805408,6,7,7,validated_position_specialists,,unavailable,,0,0
2026-10-07,静岡,11,113820261007,1791356160,1791355860,7,6,14796,保科千春,追,90.76,,,,,0.012483813466672444,0.003674539004799778,0.09195316933698011,0.128254483456255,position_specialists,0.003674539004799778,False,,,S,0.26,0.391,0.0,0.05,-0.1500970734390254,-0.14348583137980428,-0.10748494880456487,-0.06220052150986452,0.0033967673115793623,,0,,,0,,0.3674539004799778,9.195316933698011,12.825448345625503,7,6,4,validated_position_specialists,,unavailable,,0,0
2026-10-07,四日市,1,014820261007,1791356640,1791356340,1,5,15603,小坂丈,逃,86.44,,,,,0.4039591395175108,0.5876792002206707,0.19014155295897872,0.10507138923690029,position_specialists,0.5876792002206708,False,,0.365854143715597,A,0.315,0.526,0.17,0.12,0.13357140052670988,0.30482702505285403,0.11185688050070605,0.18165919842049197,0.0026433997406852265,,0,,,0,,58.76792002206707,19.014155295897872,10.507138923690029,1,3,6,validated_position_specialists,,unavailable,,0,0
2026-10-07,四日市,1,014820261007,1791356640,1791356340,2,2,14950,市村昌樹,両,84.87,,,,,0.26390740734080587,0.22182505650507373,0.15824446074287904,0.12460823143663075,position_specialists,0.22182505650507378,False,,,A,0.29,0.375,0.12,0.1,0.02586308980786792,0.1889015998379737,0.13410761312193883,-0.05277250456908145,0.0004987546680538166,,0,,,0,,22.182505650507373,15.824446074287904,12.460823143663074,2,4,3,validated_position_specialists,,unavailable,,0,0
2026-10-07,四日市,1,014820261007,1791356640,1791356340,3,3,14058,佐藤謙,追,85.7,,,,,0.13097914244758616,0.10756169719470655,0.21459958901799442,0.17327216896047185,position_specialists,0.10756169719470658,False,,,A,0.222,0.481,0.18,0.06,0.14961306382526077,0.009674477818796596,0.08240918691061908,0.004059423428390881,0.0008977584024968691,,0,,,0,,10.756169719470655,21.459958901799443,17.327216896047183,3,1,2,validated_position_specialists,,unavailable,,0,0
2026-10-07,四日市,1,014820261007,1791356640,1791356340,4,7,14092,山出裕幸,追,81.14,,,,,0.07995788255593274,0.033058310811714085,0.21385614504622485,0.27058596328734047,position_specialists,0.03305831081171409,False,,,A,0.142,0.3329999999999999,0.15,0.07,-0.036011897200828494,0.038655834122516726,-0.07268609172334015,-0.05277250456908145,0.0029426525415175175,,0,,,0,,3.3058310811714087,21.385614504622485,27.058596328734048,4,2,1,validated_position_specialists,,unavailable,,0,0
2026-10-07,四日市,1,014820261007,1791356640,1791356340,5,1,14532,柴田竜史,追,81.41,,,,,0.05764969521150737,0.031091671762564974,0.09167619297755948,0.11936696989624583,position_specialists,0.03109167176256498,False,,,A,0.166,0.208,0.19,0.04,0.005238094138302327,0.09661854672995691,-0.020987665512020394,0.02537139642744301,0.0008478829356914885,,0,,,0,,3.1091671762564976,9.167619297755948,11.936696989624583,5,5,4,validated_position_specialists,,unavailable,,0,0
2026-10-07,四日市,1,014820261007,1791356640,1791356340,6,6,15045,大関祐也,逃,79.62,,,,,0.04764409225799493,0.014882880490078309,0.07126203574522248,0.10120835130247896,position_specialists,0.014882880490078312,False,,,A,0.0409999999999999,0.3329999999999999,0.1,0.15,-0.2010118625573525,-0.0429492505917872,-0.05861697915192374,-0.05277250456908145,0.0018952677386045028,,0,,,0,,1.488288049007831,7.126203574522248,10.120835130247896,6,6,7,validated_position_specialists,,unavailable,,0,0
2026-10-07,四日市,1,014820261007,1791356640,1791356340,7,4,14533,加藤正法,追,79.85,,,,,0.015902640668662205,0.003901183015191553,0.06022002351114105,0.10588692587993177,position_specialists,0.0039011830151915537,False,,,A,0.047,0.19,0.0,0.18,-0.0772618885399595,-0.22736213409622458,-0.17608294414597964,-0.05277250456908145,0.0026433997406852265,,0,,,0,,0.3901183015191553,6.022002351114105,10.588692587993178,7,7,5,validated_position_specialists,,unavailable,,0,0
2026-10-07,大宮,12,122520261007,1791357060,1791356760,1,5,15799,森田一郎,逃,108.55,,,,,0.534576999534511,0.6625646219206041,0.15835294886331505,0.08497869329324569,position_specialists,0.6625646219206041,False,,0.5353016484629503,S,0.35,0.45,0.11,0.11,0.1084226303988103,0.15931368210597993,0.10515426382911308,0.0617394906513032,0.0009351769295632347,,0,,,0,,66.25646219206041,15.835294886331505,8.497869329324569,1,3,4,validated_position_specialists,,unavailable,,0,0
2026-10-07,大宮,12,122520261007,1791357060,1791356760,2,3,15815,栗山和樹,逃,105.8,,,,,0.17053035735041608,0.12726297345765383,0.1781913190904564,0.28581358438306703,position_specialists,0.12726297345765383,False,,,S,0.272,0.4539999999999999,0.16,0.0,-0.1250984510327682,0.32856907774492117,-0.09843673323030484,0.013719886811400739,0.0028990484816460277,,0,,,0,,12.726297345765383,17.81913190904564,28.581358438306705,2,2,2,validated_position_specialists,,unavailable,,0,0
2026-10-07,大宮,12,122520261007,1791357060,1791356760,3,7,15186,南潤,逃,104.44,,,,,0.1175981675879616,0.10903546948569623,0.10986987573326545,0.10544687434458615,position_specialists,0.10903546948569623,False,,,S,0.24,0.4,0.15,0.1,0.23405514201374514,0.062120626082348696,0.03212388471171157,-0.03429971702850176,0.001917112705604631,,0,,,0,,10.903546948569623,10.986987573326545,10.544687434458615,3,4,3,validated_position_specialists,,unavailable,,0,0
2026-10-07,大宮,12,122520261007,1791357060,1791356760,4,1,14580,久木原洋,追,100.07,,,,,0.13075811156738534,0.07862851278049782,0.37074691222535555,0.3007567287973128,position_specialists,0.07862851278049782,False,,,S,0.3329999999999999,0.407,0.17,0.04,-0.10480263396152995,-0.13795759116850861,0.1937500699034635,0.013719886811400739,0.0018469744358873886,,0,,,0,,7.8628512780497815,37.074691222535556,30.07567287973128,4,1,1,validated_position_specialists,,unavailable,,0,0
2026-10-07,大宮,12,122520261007,1791357060,1791356760,5,2,14622,高市訓但,追,96.75,,,,,0.02019312233672322,0.011324368542792982,0.061951517788832844,0.07271052885079507,position_specialists,0.011324368542792982,False,,,S,0.102,0.413,0.2,0.09,0.1084226303988103,0.036989909674027516,-0.09843673323030484,0.0617394906513032,0.002992566174602351,,0,,,0,,1.1324368542792982,6.195151778883284,7.271052885079507,5,6,6,validated_position_specialists,,unavailable,,0,0
2026-10-07,大宮,12,122520261007,1791357060,1791356760,6,6,15727,中原航大,逃,95.2,,,,,0.018034822145956288,0.008716595908213906,0.06866871342774032,0.06739274453785518,position_specialists,0.008716595908213906,False,,,S,0.16,0.36,0.12,0.15,-0.11049965890853396,0.10099784849180114,-0.08267544628086924,0.0617394906513032,0.000607865004216103,,0,,,0,,0.8716595908213906,6.866871342774032,6.7392744537855185,6,5,7,validated_position_specialists,,unavailable,,0,0
2026-10-07,大宮,12,122520261007,1791357060,1791356760,7,4,14065,鰐淵圭佑,追,95.96,,,,,0.00830841947704653,0.0024674579045411635,0.05221871287103439,0.08290084579313817,position_specialists,0.0024674579045411635,False,,,S,0.1369999999999999,0.206,0.13,0.23,-0.11049965890853396,-0.18166745405648294,-0.05147930570280926,-0.1783585285482092,0.001519662510540256,,0,,,0,,0.24674579045411635,5.221871287103439,8.290084579313817,7,7,5,validated_position_specialists,,unavailable,,0,0
2026-10-07,奈良,12,125320261007,1791357600,1791357300,1,4,13851,和田健太郎,追,113.06,,,,,0.5260383888176837,0.6389087347034701,0.14664602025638956,0.11851066798339481,position_specialists,0.6389087347034701,False,,0.5312334635751529,S,0.611,0.7090000000000001,0.23,0.1,0.04001928036497239,0.07802235244590913,0.2157113810570766,-0.06072843866271672,0.0008400218706766102,,0,,,0,,63.89087347034701,14.664602025638956,11.851066798339483,1,3,5,validated_position_specialists,,unavailable,,0,0
2026-10-07,奈良,12,125320261007,1791357600,1791357300,2,1,15715,平野想真,逃,103.04,,,,,0.13077657073486698,0.10767527112831723,0.23959657348959643,0.20642051228013647,position_specialists,0.10767527112831723,False,,,S,0.346,0.391,0.11,0.06,0.008336897542034642,0.21993043388261022,0.05903191907845745,-0.06072843866271672,0.0009692560046268569,,0,,,0,,10.767527112831724,23.95965734895964,20.64205122801365,2,1,2,validated_position_specialists,,unavailable,,0,0
2026-10-07,奈良,12,125320261007,1791357600,1791357300,3,3,14497,川津悠揮,追,106.4,,,,,0.09732753908446573,0.07405331386185415,0.19795663976794312,0.14851642244929467,position_specialists,0.07405331386185415,False,,,S,0.363,0.4539999999999999,0.18,0.16,-0.14104488558871647,0.164480934600258,-0.05419190082361094,0.15509108950786116,0.0008400218706766102,,0,,,0,,7.4053313861854155,19.795663976794312,14.851642244929469,3,2,4,validated_position_specialists,,unavailable,,0,0
2026-10-07,奈良,12,125320261007,1791357600,1791357300,4,2,14730,中田健太,追,103.5,,,,,0.08644924841570306,0.07336737421735805,0.13287499033548403,0.2106593267385454,position_specialists,0.07336737421735805,False,,,S,0.31,0.517,0.28,0.19,0.06542048230962152,0.20771022567743241,-0.029655238834457524,0.07661126108219647,0.001744660808328345,,0,,,0,,7.336737421735805,13.287499033548404,21.065932673854544,4,5,1,validated_position_specialists,,unavailable,,0,0
2026-10-07,奈良,12,125320261007,1791357600,1791357300,5,7,15418,原大智,両,104.3,,,,,0.08556833090072972,0.07000951735959134,0.08425571721725143,0.10394818272189091,position_specialists,0.07000951735959134,False,,,S,0.391,0.652,0.13,0.23,0.2018482633503002,0.09024256065108696,0.00573083064271779,-0.06072843866271672,0.0014215754734527245,,0,,,0,,7.000951735959133,8.425571721725143,10.394818272189093,5,6,6,validated_position_specialists,,unavailable,,0,0
2026-10-07,奈良,12,125320261007,1791357600,1791357300,6,5,15349,寺沼拓摩,両,104.61,,,,,0.0664669758857906,0.03408519895037679,0.13940740206147884,0.15236855728974344,position_specialists,0.03408519895037679,False,,,S,0.428,0.428,0.12,0.14,-0.014299969421134259,-0.10428924919619789,-0.0442884423399589,-0.06072843866271672,0.003683172817582059,,0,,,0,,3.4085198950376787,13.940740206147883,15.236855728974346,6,4,3,validated_position_specialists,,unavailable,,0,0
2026-10-07,奈良,12,125320261007,1791357600,1791357300,7,6,14143,天田裕輝,追,96.3,,,,,0.007372946160760023,0.0019005897790324556,0.05926265687185667,0.05957633053699434,position_specialists,0.0019005897790324556,False,,,S,0.2,0.3,0.08,0.16,-0.16028006855707758,-0.2877311591870123,-0.15233854878022457,0.011211404060809239,0.002649299745980079,,0,,,0,,0.19005897790324555,5.9262656871856665,5.957633053699435,7,7,7,validated_position_specialists,,unavailable,,0,0
2026-10-07,四日市,2,024820261007,1791358020,1791357720,1,4,15187,鮫島康治,逃,85.8,,,,,0.36323204086921695,0.44781404408399206,0.17607741795320142,0.08925534632077885,position_specialists,0.44781404408399206,False,,0.11719366950705967,B,0.19,0.5710000000000001,0.11,0.17,0.16550453867410597,0.1611629984000173,0.06831701779299681,0.1568929081105472,0.0024282816402011386,,0,,,0,,44.781404408399204,17.60774179532014,8.925534632077884,1,2,7,validated_position_specialists,,unavailable,,0,0
2026-10-07,四日市,2,024820261007,1791358020,1791357720,2,5,15847,寺師幸成,逃,86.33,,,,,0.3325107643366975,0.3306203745769324,0.16615896025973212,0.10554932343550968,position_specialists,0.3306203745769324,False,,,B,0.25,0.312,0.11,0.12,0.041265206693543915,0.22595737907685082,0.02123990640156659,0.04706787243316416,0.003834128905580745,,0,,,0,,33.062037457693236,16.61589602597321,10.554932343550968,2,3,5,validated_position_specialists,,unavailable,,0,0
2026-10-07,四日市,2,024820261007,1791358020,1791357720,3,3,13493,立花成泰,追,84.2,,,,,0.11935831542086218,0.14158004154266288,0.15214014554720803,0.13872509178712142,position_specialists,0.14158004154266288,False,,,B,0.29,0.375,0.19,0.03,0.10959683928285303,0.25698298059515673,0.17607911542267196,0.04706787243316416,0.00025560859370538276,,0,,,0,,14.158004154266287,15.214014554720803,13.872509178712141,3,4,3,validated_position_specialists,,unavailable,,0,0
2026-10-07,四日市,2,024820261007,1791358020,1791357720,4,7,13333,小西誠也,追,81.94,,,,,0.10157177620285718,0.050678281453663564,0.23066391651536303,0.2720215232671738,position_specialists,0.050678281453663564,False,,,B,0.2769999999999999,0.2769999999999999,0.14,0.14,-0.030172409195279238,-0.04539079589673293,0.03981312167283149,-0.06275716324421889,0.0024282816402011386,,0,,,0,,5.067828145366357,23.066391651536303,27.202152326717382,4,1,1,validated_position_specialists,,unavailable,,0,0
2026-10-07,四日市,2,024820261007,1791358020,1791357720,5,2,13385,鎌田聡,追,80.11,,,,,0.03556265508548478,0.01420489713162822,0.12903436670333374,0.11160397532831107,position_specialists,0.01420489713162822,False,,,B,0.1169999999999999,0.176,0.02,0.05,-0.0022185594996526367,0.08419796545693406,-0.16458586895192928,-0.06275716324421889,0.0005538186196949965,,0,,,0,,1.420489713162822,12.903436670333374,11.160397532831107,5,5,4,validated_position_specialists,,unavailable,,0,0
2026-10-07,四日市,2,024820261007,1791358020,1791357720,6,6,15506,佐藤啓斗,逃,78.43,,,,,0.026040282020335585,0.008720235330591948,0.07677049272913856,0.10236591546198985,position_specialists,0.008720235330591948,False,,,B,0.086,0.13,0.07,0.02,-0.19789550736903785,-0.09801452430731672,0.02372257661379168,-0.06275716324421889,0.0006390214842634577,,0,,,0,,0.8720235330591948,7.677049272913856,10.236591546198985,6,6,6,validated_position_specialists,,unavailable,,0,0
2026-10-07,四日市,2,024820261007,1791358020,1791357720,7,1,13270,中川貴史,追,81.52,,,,,0.02172416606454579,0.006382125880528965,0.0691547002920231,0.18047882439911533,position_specialists,0.006382125880528965,False,,,B,0.095,0.285,0.08,0.13,-0.0860801085865322,-0.21652990445082268,-0.16458586895192928,-0.06275716324421889,0.00085202864568461,,0,,,0,,0.6382125880528965,6.91547002920231,18.047882439911533,7,7,2,validated_position_specialists,,unavailable,,0,0
2026-10-07,四日市,3,034820261007,1791359400,1791359100,1,4,13435,中石昌芳,追,88.95,,,,,0.4459167965608973,0.455864063468754,0.18123541588048464,0.119573577003972,position_specialists,0.45586406346875413,False,,0.09340437278420732,B,0.375,0.6659999999999999,0.36,0.15,0.10047080928253525,0.04929838272417387,0.16529101466528273,-0.058690595390242434,0.00301715933918172,,0,,,0,,45.5864063468754,18.123541588048464,11.957357700397198,1,2,5,validated_position_specialists,,unavailable,,0,0
2026-10-07,四日市,3,034820261007,1791359400,1791359100,2,2,15277,高井流星,逃,87.44,,,,,0.2923281363184575,0.36245969068454675,0.2518887234367889,0.12681298780378558,position_specialists,0.3624596906845468,False,,,B,0.481,0.5920000000000001,0.29,0.11,0.04531036497055518,0.19655408269212565,0.21078744778766145,0.0045146611838648015,0.0018802587186204929,,0,,,0,,36.24596906845468,25.18887234367889,12.681298780378555,2,1,4,validated_position_specialists,,unavailable,,0,0
2026-10-07,四日市,3,034820261007,1791359400,1791359100,3,5,15531,深瀬泰我,逃,83.5,,,,,0.10825538866421422,0.08888549041875365,0.13486466982998507,0.15105445947586943,position_specialists,0.08888549041875367,False,,,B,0.25,0.375,0.21,0.16,0.10047080928253525,0.1299276065659471,0.03198083111087041,0.06771991775797204,0.0018802587186204929,,0,,,0,,8.888549041875365,13.486466982998508,15.10544594758694,3,4,2,validated_position_specialists,,unavailable,,0,0
2026-10-07,四日市,3,034820261007,1791359400,1791359100,4,3,15109,大利航平,両,83.17,,,,,0.07788398175542748,0.06629493821804945,0.10672254330444184,0.11548885117860727,position_specialists,0.06629493821804947,False,,,B,0.25,0.3329999999999999,0.26,0.0,0.06369717974121515,0.3158042872288879,0.05947728212376553,-0.058690595390242434,0.0015741700900078544,,0,,,0,,6.629493821804945,10.672254330444183,11.548885117860726,4,6,6,validated_position_specialists,,unavailable,,0,0
2026-10-07,四日市,3,034820261007,1791359400,1791359100,5,1,12421,小沼良,追,85.33,,,,,0.04215171176981499,0.014436056861034918,0.13888418168847008,0.13052651735507154,position_specialists,0.014436056861034921,False,,,B,0.0,0.0,0.0,0.0,-0.23508856028201047,-0.061745744152790355,-0.18195128573873404,-0.058690595390242434,0.00301715933918172,,0,,,0,,1.4436056861034918,13.888418168847009,13.05265173550715,5,3,3,validated_position_specialists,,unavailable,,0,0
2026-10-07,四日市,3,034820261007,1791359400,1791359100,6,6,15459,中村泰輔,逃,78.71,,,,,0.019474278191134526,0.0064947278605506625,0.07578789501984634,0.08474843892232571,position_specialists,0.006494727860550664,False,,,B,0.047,0.19,0.14,0.14,-0.08339733842406512,-0.04774299643719558,-0.10363400421011196,-0.058690595390242434,0.00034981557555730127,,0,,,0,,0.6494727860550662,7.578789501984634,8.474843892232569,6,7,7,validated_position_specialists,,unavailable,,0,0
2026-10-07,四日市,3,034820261007,1791359400,1791359100,7,7,12042,山原利秀,追,81.79,,,,,0.01398970674005414,0.005565032488310424,0.11061657083998305,0.2717951682603686,position_specialists,0.005565032488310425,False,,,B,0.0,0.166,0.04,0.29,0.008536735429235068,-0.21372951974706225,-0.18195128573873404,0.1625278026191329,0.00034981557555730127,,0,,,0,,0.5565032488310424,11.061657083998305,27.179516826036853,7,5,1,validated_position_specialists,,unavailable,,0,0
2026-10-07,四日市,4,044820261007,1791360780,1791360480,1,7,15783,吉田優斗,逃,88.0,,,,,0.458182182003694,0.561968079416375,0.16707026485956114,0.08933405295614762,position_specialists,0.561968079416375,False,,0.33549747129047325,A,0.578,0.578,0.25,0.1,0.1420202215185461,0.2506854044597468,0.17314415968247965,-0.009217480159390863,0.003586807325378406,,0,,,0,,56.1968079416375,16.707026485956114,8.933405295614762,1,3,6,validated_position_specialists,,unavailable,,0,0
2026-10-07,四日市,4,044820261007,1791360780,1791360480,2,5,15754,成海大聖,逃,86.14,,,,,0.20328785445157102,0.22647060812590178,0.20489988860499533,0.18697179612375864,position_specialists,0.22647060812590178,False,,,A,0.3329999999999999,0.476,0.12,0.12,-0.06259519118904726,0.2816708220737625,0.16233808554248585,0.19151875442289906,0.0024350802025504777,,0,,,0,,22.647060812590176,20.489988860499533,18.697179612375862,2,2,1,validated_position_specialists,,unavailable,,0,0
2026-10-07,四日市,4,044820261007,1791360780,1791360480,3,2,12721,梅山英樹,追,87.27,,,,,0.22017102125208654,0.16318231103761918,0.2377040343356307,0.1281673245656074,position_specialists,0.16318231103761918,False,,,A,0.222,0.444,0.31,0.16,0.1420202215185461,0.055425791958205226,0.030465858963163686,-0.04745295341316038,0.0003290648922365512,,0,,,0,,16.318231103761917,23.770403433563068,12.81673245656074,3,1,5,validated_position_specialists,,unavailable,,0,0
2026-10-07,四日市,4,044820261007,1791360780,1791360480,4,3,14782,山口幸太郎,追,80.86,,,,,0.06095564253514421,0.026911631328055626,0.14875475431831467,0.1760656436649528,position_specialists,0.026911631328055626,False,,,A,0.217,0.26,0.16,0.06,-0.15560219696522606,0.00894766553718174,0.12755524293352447,-0.03550436802135741,0.0007897557413677228,,0,,,0,,2.6911631328055625,14.875475431831466,17.60656436649528,4,4,3,validated_position_specialists,,unavailable,,0,0
2026-10-07,四日市,4,044820261007,1791360780,1791360480,5,4,13932,井上雄三,追,82.54,,,,,0.030612509515202953,0.01496312953857024,0.11252966941499365,0.18228768898488815,position_specialists,0.01496312953857024,False,,,A,0.125,0.375,0.03,0.24,0.08621601805283878,-0.0077226821344953175,-0.042646756538229406,-0.004438046002669676,0.00148079201506448,,0,,,0,,1.4963129538570241,11.252966941499364,18.228768898488816,5,5,2,validated_position_specialists,,unavailable,,0,0
2026-10-07,四日市,4,044820261007,1791360780,1791360480,6,1,14625,藤野貴章,追,81.66,,,,,0.012853207839223281,0.003401031058959575,0.07728769894262308,0.16540823866175616,position_specialists,0.003401031058959575,False,,,A,0.055,0.3329999999999999,0.05,0.15,-0.0997979934995188,-0.14715706139756582,-0.18887198754101558,-0.04745295341316038,0.0012504465904988942,,0,,,0,,0.3401031058959575,7.7287698942623075,16.540823866175618,6,6,4,validated_position_specialists,,unavailable,,0,0
2026-10-07,四日市,4,044820261007,1791360780,1791360480,7,6,14328,藤田洋平,追,80.35,,,,,0.013937582403077988,0.003103209494518514,0.05175368952388147,0.07176525504288926,position_specialists,0.003103209494518514,False,,,A,0.0,0.2,0.0,0.0,-0.05226107943613854,-0.1997807898081496,-0.2619846030424087,-0.04745295341316038,0.0021718282887612374,,0,,,0,,0.3103209494518514,5.175368952388147,7.176525504288926,7,7,7,validated_position_specialists,,unavailable,,0,0
2026-10-07,四日市,5,054820261007,1791362160,1791361860,1,4,14036,篠原龍馬,両,90.8,,,,,0.23432778446017116,0.37051620859351975,0.10037807035947038,0.11399689548239798,position_specialists,0.37051620859351975,False,,0.013559845560445316,C,0.475,0.619,0.13,0.02,0.18170658704939038,0.35457902925434126,0.231495192910458,0.08624055904009736,0.003645701474408777,,0,,,0,,37.05162085935198,10.037807035947038,11.3996895482398,1,5,6,validated_position_specialists,,unavailable,,0,0
2026-10-07,四日市,5,054820261007,1791362160,1791361860,2,2,15445,内藤久文,逃,93.0,,,,,0.356715945341731,0.35695636303307443,0.24483142416351983,0.1832762345446797,position_specialists,0.35695636303307443,False,,,C,0.475,0.5710000000000001,0.11,0.06,0.08469374820098702,-0.00372683314031541,0.14060020798283943,-0.09994233010254272,0.0,,0,,,0,,35.695636303307445,24.48314241635198,18.327623454467975,2,1,2,validated_position_specialists,,unavailable,,0,0
2026-10-07,四日市,5,054820261007,1791362160,1791361860,3,1,13439,青井賢治,追,92.23,,,,,0.17126672336043985,0.16669150014244957,0.19746303720966618,0.1745244197067931,position_specialists,0.16669150014244957,False,,,C,0.428,0.642,0.19,0.14,0.02540812446029611,0.20951676461959726,-0.02459974124518273,0.08624055904009736,0.0014582805897635105,,0,,,0,,16.669150014244956,19.74630372096662,17.452441970679313,3,2,3,validated_position_specialists,,unavailable,,0,0
2026-10-07,四日市,5,054820261007,1791362160,1791361860,4,3,15421,秋本耀太郎,逃,89.58,,,,,0.07776865806673688,0.036588006847888356,0.11542589796313728,0.12024212675755082,position_specialists,0.036588006847888356,False,,,C,0.25,0.4579999999999999,0.05,0.12,-0.036572300359517085,-0.02843758227098139,0.02784599070688336,-0.09994233010254272,0.0017013273547240955,,0,,,0,,3.6588006847888357,11.542589796313727,12.024212675755084,4,4,5,validated_position_specialists,,unavailable,,0,0
2026-10-07,四日市,5,054820261007,1791362160,1791361860,5,7,14475,高間悠平,追,91.05,,,,,0.0735386891013232,0.03289505236632456,0.17649713800796554,0.1872282934798852,position_specialists,0.03289505236632456,False,,,C,0.175,0.47,0.24,0.22,-0.1820915586321219,0.0365415207049354,-0.20552519721685275,0.08624055904009736,0.0009721870598423402,,0,,,0,,3.289505236632456,17.649713800796555,18.722829347988522,5,3,1,validated_position_specialists,,unavailable,,0,0
2026-10-07,四日市,5,054820261007,1791362160,1791361860,6,5,14711,相澤政宏,追,91.38,,,,,0.05533352790254756,0.022184266839717106,0.09337941953695664,0.12669287636096382,position_specialists,0.022184266839717106,False,,,C,0.142,0.3329999999999999,0.17,0.17,-0.1093319294958195,-0.04994610125239554,-0.20552519721685275,-0.049165178518186345,0.002916561179527021,,0,,,0,,2.2184266839717104,9.337941953695664,12.669287636096383,6,6,4,validated_position_specialists,,unavailable,,0,0
2026-10-07,四日市,5,054820261007,1791362160,1791361860,7,6,14561,高橋義秋,両,89.5,,,,,0.031048671767050208,0.014168602177026184,0.07202501275928415,0.09403915366772929,position_specialists,0.014168602177026184,False,,,C,0.29,0.4579999999999999,0.5,0.0,0.03618732877678544,-0.20278442745167882,0.03570874407870727,-0.009671838397020256,0.0004860935299211707,,0,,,0,,1.4168602177026184,7.202501275928415,9.40391536677293,7,7,7,validated_position_specialists,,unavailable,,0,0
2026-10-07,四日市,6,064820261007,1791363600,1791363300,1,5,15837,小川三士郎,逃,100.6,,,,,0.3377652069846024,0.4406122601441071,0.24476240351961076,0.14167114180930512,position_specialists,0.4406122601441071,False,,0.09634265077320064,B,0.26,0.391,0.1,0.09,0.07456761057520689,0.36805054068290927,0.12596839705410862,0.11737150999845503,0.004448138594826014,,0,,,0,,44.06122601441071,24.476240351961074,14.167114180930513,1,1,4,validated_position_specialists,,unavailable,,0,0
2026-10-07,四日市,6,064820261007,1791363600,1791363300,2,3,14188,原誠宏,追,103.35,,,,,0.3673382438388515,0.34426960937090645,0.18495332872265052,0.11635885694365777,position_specialists,0.34426960937090645,False,,,B,0.284,0.38,0.21,0.18,0.10608297806359632,0.08700193465390539,0.15150424646384889,-0.06459371691190142,0.0010791342153128197,,0,,,0,,34.42696093709065,18.495332872265053,11.635885694365777,2,3,6,validated_position_specialists,,unavailable,,0,0
2026-10-07,四日市,6,064820261007,1791363600,1791363300,3,2,15050,堀内俊介,両,102.13,,,,,0.16795919435879386,0.14061354305451773,0.1820647100591982,0.14152104158431167,position_specialists,0.14061354305451773,False,,,B,0.13,0.434,0.1,0.23,0.16320458163630208,0.11288934375851871,0.025837044600307425,-0.06459371691190142,0.0003421645072943085,,0,,,0,,14.061354305451774,18.20647100591982,14.152104158431166,3,4,5,validated_position_specialists,,unavailable,,0,0
2026-10-07,四日市,6,064820261007,1791363600,1791363300,4,7,12813,成清貴之,追,97.92,,,,,0.09948300200417956,0.06525676910231754,0.20505059757625008,0.22090299722565454,position_specialists,0.06525676910231754,False,,,B,0.192,0.384,0.24,0.18,-0.03179675469810718,0.06737415027510608,0.09088246819893817,0.02363184765069564,0.0018161039233313306,,0,,,0,,6.525676910231754,20.50505975762501,22.090299722565454,4,2,1,validated_position_specialists,,unavailable,,0,0
2026-10-07,四日市,6,064820261007,1791363600,1791363300,5,4,13420,土屋裕二,追,95.63,,,,,0.010654556685010306,0.004894754740888722,0.07731042097648477,0.14839685151810036,position_specialists,0.004894754740888722,False,,,B,0.157,0.315,0.0,0.15,-0.04952414891032614,-0.11354103009039013,-0.030361088330883225,0.11737150999845503,0.0005790476277288305,,0,,,0,,0.4894754740888722,7.731042097648477,14.839685151810036,5,5,3,validated_position_specialists,,unavailable,,0,0
2026-10-07,四日市,6,064820261007,1791363600,1791363300,6,1,14028,山口泰生,追,94.11,,,,,0.009007095810776453,0.0027005512895402215,0.06489890274246583,0.16550569102934296,position_specialists,0.0027005512895402215,False,,,B,0.111,0.111,0.07,0.0,-0.07119096405859392,-0.11354103009039013,-0.15160464486070463,-0.06459371691190142,2.6320346714947143e-05,,0,,,0,,0.27005512895402217,6.489890274246584,16.550569102934297,6,6,2,validated_position_specialists,,unavailable,,0,0
2026-10-07,四日市,6,064820261007,1791363600,1791363300,7,6,14026,高橋成英,両,91.75,,,,,0.007792700317785969,0.0016525122977222165,0.040959636403339876,0.06564341988962764,position_specialists,0.0016525122977222165,False,,,B,0.0,0.0,0.0,0.0,-0.19134330260807844,-0.16616475850097392,-0.21222642312561535,-0.06459371691190142,0.0018161039233313306,,0,,,0,,0.16525122977222165,4.095963640333988,6.564341988962765,7,7,7,validated_position_specialists,,unavailable,,0,0
2026-10-07,四日市,7,074820261007,1791365040,1791364740,1,2,14222,木暮安由,追,102.2,,,,,0.4284990563289085,0.5751431530776411,0.16441490308646212,0.12383851815972498,position_specialists,0.5751431530776411,False,,0.37557976350748923,A,0.31,0.4479999999999999,0.2,0.1,0.14608154404157533,0.16329190445585443,0.2242536969053731,0.06017937259749013,0.0,,0,,,0,,57.51431530776411,16.441490308646213,12.383851815972498,1,4,5,validated_position_specialists,,unavailable,,0,0
2026-10-07,四日市,7,074820261007,1791365040,1791364740,2,1,15744,橋本宇宙,逃,99.92,,,,,0.21003046700602496,0.19956338957015185,0.18812660328688954,0.1370844290561239,position_specialists,0.19956338957015185,False,,,A,0.36,0.48,0.15,0.12,0.08168641442324823,0.06637557020587524,0.20065985620422827,-0.046806178686936754,0.001123902973898033,,0,,,0,,19.956338957015184,18.812660328688953,13.708442905612388,2,3,3,validated_position_specialists,,unavailable,,0,0
2026-10-07,四日市,7,074820261007,1791365040,1791364740,3,4,15517,橋本壮史,逃,100.15,,,,,0.2129993012033199,0.12548703849561937,0.19225417994561023,0.16626081459784212,position_specialists,0.12548703849561937,False,,,A,0.133,0.2,0.2,0.15,-0.009540019202715086,0.06637557020587524,-0.06818148106650765,-0.046806178686936754,0.0,,0,,,0,,12.548703849561937,19.225417994561024,16.62608145978421,3,2,2,validated_position_specialists,,unavailable,,0,0
2026-10-07,四日市,7,074820261007,1791365040,1791364740,4,3,14929,小酒大勇,追,95.6,,,,,0.103072680058058,0.07253578515481077,0.27831560093737034,0.2738369860798857,position_specialists,0.07253578515481077,False,,,A,0.08,0.16,0.15,0.1,0.03875632801103023,0.38475493365283164,-0.06828723701636366,-0.046806178686936754,0.0011239029738980327,,0,,,0,,7.253578515481077,27.831560093737036,27.38369860798857,4,1,1,validated_position_specialists,,unavailable,,0,0
2026-10-07,四日市,7,074820261007,1791365040,1791364740,5,7,14729,高橋昇平,追,98.65,,,,,0.03596919724276872,0.024885359063566034,0.11300852760605384,0.13026896047575923,position_specialists,0.024885359063566034,False,,,A,0.15,0.3,0.1,0.3,0.07095389282019375,-0.054880690074730114,-0.02649567502754413,0.17385152083719368,0.004120977570959454,,0,,,0,,2.4885359063566033,11.300852760605384,13.026896047575923,5,5,4,validated_position_specialists,,unavailable,,0,0
2026-10-07,四日市,7,074820261007,1791365040,1791364740,6,6,13204,佐野梅一,追,90.67,,,,,0.00519597214428169,0.0011960969004775838,0.03140487954373451,0.05379651792255296,position_specialists,0.0011960969004775838,False,,,A,0.0,0.0,0.0,0.0,-0.1735090992493812,-0.2182359330838025,-0.15187036099400275,-0.046806178686936754,0.0020604887854797265,,0,,,0,,0.11960969004775837,3.140487954373451,5.379651792255296,6,7,7,validated_position_specialists,,unavailable,,0,0
2026-10-07,四日市,7,074820261007,1791365040,1791364740,7,5,13074,島田竜二,追,92.52,,,,,0.004233326016638195,0.0011891777377333636,0.03247530559387936,0.1149137737081112,position_specialists,0.0011891777377333636,False,,,A,0.04,0.08,0.03,0.19,-0.15442906084395097,-0.16561220467321874,-0.1100787990051832,-0.046806178686936754,0.0020604887854797265,,0,,,0,,0.11891777377333636,3.2475305593879358,11.49137737081112,7,6,6,validated_position_specialists,,unavailable,,0,0
2026-10-07,四日市,8,084820261007,1791366480,1791366180,1,1,14767,藤井栄二,両,102.54,,,,,0.6123406303761354,0.7544712531825517,0.24978568455235498,0.17993997188102132,position_specialists,0.7544712531825516,False,,0.5746692774220985,S,0.4539999999999999,0.59,0.18,0.1,0.21832023141760454,0.38632888018820577,0.2130108245734062,0.03374089382348729,0.0032829526005987023,,0,,,0,,75.44712531825517,24.978568455235497,17.993997188102128,1,1,2,validated_position_specialists,,unavailable,,0,0
2026-10-07,四日市,8,084820261007,1791366480,1791366180,2,7,15458,貴志修己,逃,101.53,,,,,0.21422333280742561,0.17980197576045315,0.17922914815087457,0.09486961462514379,position_specialists,0.17980197576045312,False,,,S,0.481,0.517,0.17,0.14,0.08095019816607821,0.02583757410841474,0.22398628522778816,0.13766284679982815,0.0007445871877646538,,0,,,0,,17.980197576045313,17.922914815087456,9.486961462514378,2,2,5,validated_position_specialists,,unavailable,,0,0
2026-10-07,四日市,8,084820261007,1791366480,1791366180,3,2,15572,田村大,逃,98.34,,,,,0.0875050012281962,0.043844768513338316,0.1459663104064569,0.13274049786864556,position_specialists,0.04384476851333831,False,,,S,0.23,0.346,0.13,0.15,0.012265181540314998,0.012452027253231803,0.06568522758824018,0.0872764453567538,0.001861467969411635,,0,,,0,,4.384476851333831,14.596631040645692,13.274049786864552,3,3,3,validated_position_specialists,,unavailable,,0,0
2026-10-07,四日市,8,084820261007,1791366480,1791366180,4,4,15117,野崎将史,両,96.6,,,,,0.02958446346016819,0.009142359395593505,0.14171677073136044,0.12848337589949044,position_specialists,0.009142359395593503,False,,,S,0.086,0.26,0.1,0.13,-0.1251048517112114,0.17216013050527898,-0.11030532617278424,-0.07018105915285357,0.0007445871877646538,,0,,,0,,0.9142359395593505,14.171677073136044,12.84833758994904,4,4,4,validated_position_specialists,,unavailable,,0,0
2026-10-07,四日市,8,084820261007,1791366480,1791366180,5,6,14571,根本哲吏,両,93.68,,,,,0.023183945038483453,0.00544950175777341,0.08706196966943214,0.07064498382501237,position_specialists,0.005449501757773409,False,,,S,0.111,0.166,0.16,0.0,-0.12853910254249962,-0.01053980627391997,-0.09093732118453415,-0.04813700852150854,0.0031137282397430983,,0,,,0,,0.544950175777341,8.706196966943214,7.0644983825012355,5,6,7,validated_position_specialists,,unavailable,,0,0
2026-10-07,四日市,8,084820261007,1791366480,1791366180,6,5,14830,大洞翔平,追,98.0,,,,,0.01909172184087348,0.00458459140758728,0.11246460163847971,0.3047656864816836,position_specialists,0.004584591407587279,False,,,S,0.066,0.133,0.0,0.27,-0.042682831760295616,-0.17208482754626298,-0.15071984501605806,-0.07018105915285357,0.001455329503358187,,0,,,0,,0.45845914075872796,11.24646016384797,30.476568648168353,6,5,1,validated_position_specialists,,unavailable,,0,0
2026-10-07,四日市,8,084820261007,1791366480,1791366180,7,3,15612,小榑佑弥,逃,93.8,,,,,0.014070905248717694,0.00270554998270275,0.08377551485104129,0.08855586941900292,position_specialists,0.0027055499827027497,False,,,S,0.038,0.115,0.0,0.14,-0.015208825109990309,-0.22470855595684677,-0.15071984501605806,-0.07018105915285357,0.0009138115486202576,,0,,,0,,0.270554998270275,8.377551485104128,8.85558694190029,7,7,6,validated_position_specialists,,unavailable,,0,0
2026-10-07,四日市,9,094820261007,1791367980,1791367680,1,3,15440,長田龍拳,逃,102.73,,,,,0.3880969772966281,0.5070526911894817,0.19867007796108357,0.15127429637254994,position_specialists,0.5070526911894816,False,,0.3166121296292511,A,0.346,0.478,0.24,0.16,-0.034517509652256126,0.35005827144352164,0.1479336012827243,0.002180152173119524,0.003575976876249205,,0,,,0,,50.70526911894817,19.86700779610836,15.127429637254993,1,2,2,validated_position_specialists,,unavailable,,0,0
2026-10-07,四日市,9,094820261007,1791367980,1791367680,2,1,14883,才迫開,両,101.85,,,,,0.15858987431281046,0.1904405615602305,0.1577902124673421,0.14635900001999408,position_specialists,0.19044056156023048,False,,,A,0.356,0.4639999999999999,0.11,0.2,-0.06053840154395668,0.06342264048606744,0.2914119153045798,0.10137707605005666,0.0006310547428675065,,0,,,0,,19.04405615602305,15.779021246734212,14.635900001999408,2,4,4,validated_position_specialists,,unavailable,,0,0
2026-10-07,四日市,9,094820261007,1791367980,1791367680,3,4,14592,小島歩,追,99.81,,,,,0.18548415267505544,0.14391897126505354,0.2812504845722851,0.21560533474382712,position_specialists,0.1439189712650535,False,,,A,0.156,0.3429999999999999,0.13,0.15,0.032393355212117,0.11604636889665124,0.03000910327862264,0.002180152173119524,0.002313867390514192,,0,,,0,,14.391897126505354,28.125048457228512,21.560533474382712,3,1,1,validated_position_specialists,,unavailable,,0,0
2026-10-07,四日市,9,094820261007,1791367980,1791367680,4,7,15124,山本拳也,追,100.17,,,,,0.15505002688152653,0.10161077260661833,0.1604036063385095,0.14932835931525013,position_specialists,0.10161077260661831,False,,,A,0.235,0.294,0.16,0.18,0.1996705173730497,0.020501158577499814,-0.05198795195999241,-0.1504304999452453,0.0018090235962201862,,0,,,0,,10.161077260661832,16.040360633850955,14.932835931525013,4,3,3,validated_position_specialists,,unavailable,,0,0
2026-10-07,四日市,9,094820261007,1791367980,1791367680,5,5,14720,高橋広大,追,99.24,,,,,0.053353236919618865,0.028504104038509816,0.07857386174909127,0.10098464516429016,position_specialists,0.028504104038509812,False,,,A,0.12,0.4,0.26,0.24,0.032393355212117,-0.04319564830193446,-0.08274511399733343,-0.028341978250553446,0.0014303907504996825,,0,,,0,,2.8504104038509817,7.857386174909128,10.098464516429017,5,5,7,validated_position_specialists,,unavailable,,0,0
2026-10-07,四日市,9,094820261007,1791367980,1791367680,6,2,15604,安彦統賀,両,96.93,,,,,0.051411162696022375,0.026493731811802236,0.07244865544239756,0.11297053306003108,position_specialists,0.026493731811802233,False,,,A,0.062,0.187,0.13,0.16,0.032393355212117,0.06342264048606744,-0.1954993312732895,0.10137707605005666,0.00025242189714700286,,0,,,0,,2.6493731811802235,7.244865544239757,11.297053306003107,6,6,6,validated_position_specialists,,unavailable,,0,0
2026-10-07,四日市,9,094820261007,1791367980,1791367680,7,6,13852,五十嵐力,追,93.38,,,,,0.008014569218338163,0.0019791675283039934,0.050863101469290885,0.12347783132405757,position_specialists,0.001979167528303993,False,,,A,0.152,0.23,0.11,0.23,-0.2017946718131888,-0.20188933271378645,-0.1391222226353115,-0.028341978250553446,0.002019375177176022,,0,,,0,,0.19791675283039933,5.0863101469290894,12.347783132405757,7,7,5,validated_position_specialists,,unavailable,,0,0
2026-10-07,四日市,10,104820261007,1791369480,1791369180,1,4,15004,畑段嵐士,追,103.27,,,,,0.410537255425837,0.4321170156462986,0.28177903402308546,0.11803332659921008,position_specialists,0.39074873364093327,True,second_wheel+pace_conflict_consensus,0.062127198560652575,C,0.363,0.545,0.18,0.13,0.08320950562818238,0.18687060040312517,0.14589908222220097,-0.042753541460133805,0.001761634384512856,,0,,,0,,43.21170156462986,28.177903402308544,11.803332659921008,1,1,3,validated_position_specialists,,unavailable,,0,0
2026-10-07,四日市,10,104820261007,1791369480,1791369180,2,1,15825,南部翔大,逃,102.36,,,,,0.3276336601356225,0.36998981708564604,0.19206704527528093,0.09330803947579823,position_specialists,0.4234246755427107,True,second_wheel+pace_conflict_consensus,,C,0.4539999999999999,0.545,0.21,0.1,0.11675957829746547,0.3233806732092094,0.2422189317578756,-0.042753541460133805,0.0032123921129352064,,0,,,0,,36.99898170856461,19.206704527528093,9.330803947579822,2,2,7,validated_position_specialists,,unavailable,,0,0
2026-10-07,四日市,10,104820261007,1791369480,1791369180,3,5,14212,山崎将幸,追,102.34,,,,,0.15790406699587553,0.16306354800595288,0.15764034144942776,0.12464368429168092,position_specialists,0.14946110013058564,True,second_wheel+pace_conflict_consensus,,C,0.2689999999999999,0.5379999999999999,0.13,0.17,0.15030965096674856,0.14904384015979166,0.09951784127076543,0.026845246963339828,0.0022279493686486115,,0,,,0,,16.306354800595287,15.764034144942777,12.464368429168092,3,3,2,validated_position_specialists,,unavailable,,0,0
2026-10-07,四日市,10,104820261007,1791369480,1791369180,4,3,15325,後藤悠,逃,95.43,,,,,0.031958475498056964,0.012407152640354377,0.09088923702577857,0.10766582240341477,position_specialists,0.01316898763238616,True,second_wheel+pace_conflict_consensus,,C,0.1169999999999999,0.294,0.12,0.12,-0.1050436799050175,-0.017060168980792913,-0.10295541693766469,0.18692246033732915,0.0010362555203016794,,0,,,0,,1.2407152640354377,9.088923702577857,10.766582240341476,4,6,5,validated_position_specialists,,unavailable,,0,0
2026-10-07,四日市,10,104820261007,1791369480,1791369180,5,2,14723,石川裕二,追,96.84,,,,,0.028410256512688754,0.009800868178146627,0.10754259543565593,0.11201710131837372,position_specialists,0.009742856134584251,True,second_wheel+pace_conflict_consensus,,C,0.066,0.266,0.11,0.17,-0.004859435128685908,-0.021176580935209507,-0.1787696044378479,-0.042753541460133805,0.0022279493686486115,,0,,,0,,0.9800868178146627,10.754259543565594,11.201710131837373,5,4,4,validated_position_specialists,,unavailable,,0,0
2026-10-07,四日市,10,104820261007,1791369480,1791369180,6,6,15244,植原琢也,両,95.0,,,,,0.028808014858335677,0.009159189975019796,0.0789719413371239,0.10131304639307007,position_specialists,0.009883881391170853,True,second_wheel+pace_conflict_consensus,,C,0.107,0.285,0.06,0.12,-0.06776582138359177,-0.03597354910245973,-0.07352247038891704,-0.042753541460133805,0.0003108766560905041,,0,,,0,,0.9159189975019796,7.89719413371239,10.131304639307007,6,7,6,validated_position_specialists,,unavailable,,0,0
2026-10-07,四日市,10,104820261007,1791369480,1791369180,7,7,13783,上田裕和,追,95.7,,,,,0.014748270573583452,0.003462408468581674,0.09110980545364739,0.3430189795184522,position_specialists,0.00356976552762924,True,second_wheel+pace_conflict_consensus,,C,0.105,0.263,0.0,0.33,-0.17260979847510158,-0.21671871587957767,-0.13238836348641236,-0.042753541460133805,0.0018652599365430234,,0,,,0,,0.3462408468581674,9.110980545364738,34.30189795184522,7,5,1,validated_position_specialists,,unavailable,,0,0
2026-10-07,四日市,11,114820261007,1791371040,1791370740,1,3,15917,猿樂楓樹,逃,106.9,,,,,0.6967106736185993,0.8516189760200511,0.19428545181275877,0.21911929667711347,position_specialists,0.8516189760200513,False,,0.7977133957540713,S,0.619,0.7140000000000001,0.18,0.04,0.11899007902406365,0.3690846364546288,0.13299333946357395,0.15598531518411007,0.004572490263569783,,0,,,0,,85.16189760200511,19.42854518127588,21.911929667711348,1,2,2,validated_position_specialists,,unavailable,,0,0
2026-10-07,四日市,11,114820261007,1791371040,1791370740,2,7,15326,照井拓成,両,102.27,,,,,0.09226564256621891,0.05390558026598003,0.1548918568026668,0.1490177581023209,position_specialists,0.053905580265980045,False,,,S,0.363,0.59,0.17,0.12,0.14675443079634512,-0.07631843161695187,0.10113700082248861,0.08489825748301824,0.00204357106751722,,0,,,0,,5.390558026598003,15.489185680266681,14.90177581023209,2,3,3,validated_position_specialists,,unavailable,,0,0
2026-10-07,四日市,11,114820261007,1791371040,1791370740,3,5,14409,山本奨,両,101.26,,,,,0.10008378184430101,0.05100675314139407,0.3790931888460221,0.2501456246623313,position_specialists,0.051006753141394086,False,,,S,0.3329999999999999,0.518,0.19,0.17,0.021814847821078367,0.03440134915079462,0.14091215362256038,-0.057275857919165424,0.0009706962570706793,,0,,,0,,5.100675314139407,37.90931888460222,25.01456246623313,3,1,1,validated_position_specialists,,unavailable,,0,0
2026-10-07,四日市,11,114820261007,1791371040,1791370740,4,1,15036,尾形鉄馬,追,101.47,,,,,0.07139716534171889,0.0318251279941133,0.1280536633221301,0.11913727948796905,position_specialists,0.03182512799411331,False,,,S,0.315,0.473,0.15,0.17,0.06346137547950059,0.015035998365073733,0.021586695222345048,-0.057275857919165424,0.0006130713202551657,,0,,,0,,3.18251279941133,12.805366332213014,11.913727948796906,4,4,4,validated_position_specialists,,unavailable,,0,0
2026-10-07,四日市,11,114820261007,1791371040,1791370740,5,4,13798,木村直隆,追,97.37,,,,,0.01945033217805344,0.007065334370935052,0.06131662205297604,0.10024325114344684,position_specialists,0.007065334370935054,False,,,S,0.125,0.312,0.22,0.14,-0.04759603160962538,0.13122810307939908,-0.05796361037779851,-0.011780140990466655,0.0004598034901913753,,0,,,0,,0.7065334370935052,6.131662205297605,10.024325114344684,5,5,6,validated_position_specialists,,unavailable,,0,0
2026-10-07,四日市,11,114820261007,1791371040,1791370740,6,2,15113,酒井拳蔵,両,94.86,,,,,0.015675913327382114,0.003845364980426122,0.044423889610094296,0.05923937664725065,position_specialists,0.0038453649804261227,False,,,S,0.09,0.136,0.14,0.01,-0.15865343869875134,0.06892169927595485,-0.12160135717508386,-0.057275857919165424,0.0002554463834396522,,0,,,0,,0.3845364980426122,4.4423889610094305,5.923937664725065,6,6,7,validated_position_specialists,,unavailable,,0,0
2026-10-07,四日市,11,114820261007,1791371040,1791370740,7,6,14325,蓮井祐輝,追,94.11,,,,,0.004416491123726274,0.0007328632271001537,0.03793532755335175,0.10309741327956783,position_specialists,0.0007328632271001539,False,,,S,0.0,0.115,0.0,0.28,-0.14477126281261066,-0.17398725583481267,-0.21706422157808566,-0.057275857919165424,0.0011495087254784363,,0,,,0,,0.07328632271001537,3.7935327553351756,10.309741327956782,7,7,5,validated_position_specialists,,unavailable,,0,0
2026-10-07,四日市,12,124820261007,1791372600,1791372300,1,1,14930,杉森輝大,追,107.7,,,,,0.20356310654137005,0.2522660119806612,0.18201839182549026,0.13976606429575553,position_specialists,0.25226601198066123,False,,0.00957174171639455,C,0.295,0.444,0.14,0.16,0.04066707823619226,0.07811924891063689,0.10961815225237034,-0.09003181033527372,0.0013326728422176897,,0,,,0,,25.226601198066117,18.20183918254903,13.976606429575554,1,3,4,validated_position_specialists,,unavailable,,0,0
2026-10-07,四日市,12,124820261007,1791372600,1791372300,2,4,14045,吉本卓仁,両,101.9,,,,,0.21354221631998146,0.24269427026426663,0.20624308729706964,0.14787342598226155,position_specialists,0.24269427026426668,False,,,C,0.318,0.409,0.22,0.05,0.13555692745397488,0.20577229638287706,0.027249375494333053,0.15109686430180713,0.0034454468603676847,,0,,,0,,24.269427026426662,20.624308729706968,14.787342598226157,2,1,3,validated_position_specialists,,unavailable,,0,0
2026-10-07,四日市,12,124820261007,1791372600,1791372300,3,2,15518,吉田有希,逃,104.96,,,,,0.23905775160427323,0.20885564279727453,0.15602347032973765,0.20268092676596183,position_specialists,0.2088556427972746,False,,,C,0.4,0.44,0.2,0.07,-0.10166769559048144,0.13187306006025323,-0.06378875957845642,0.06341370988832322,0.0011701517638984592,,0,,,0,,20.885564279727454,15.602347032973768,20.268092676596186,3,4,1,validated_position_specialists,,unavailable,,0,0
2026-10-07,四日市,12,124820261007,1791372600,1791372300,4,7,15807,塩島嵩一朗,逃,102.68,,,,,0.12444843243686131,0.14523417448701725,0.07610000780055526,0.11486120777795754,position_specialists,0.14523417448701728,False,,,C,0.375,0.5,0.14,0.08,0.11183446514952922,0.19569958379637328,0.1399658427379487,-0.040710035977689,0.001397681273545382,,0,,,0,,14.523417448701725,7.610000780055526,11.486120777795756,4,7,5,validated_position_specialists,,unavailable,,0,0
2026-10-07,四日市,12,124820261007,1791372600,1791372300,5,3,15385,立部楓真,逃,104.36,,,,,0.08445920541266994,0.08142550089004422,0.11132201526675198,0.10366032790209175,position_specialists,0.08142550089004423,False,,,C,0.4,0.48,0.19,0.08,0.06438954054063792,-0.017055495324026927,0.14430052189532483,-0.09003181033527372,0.00019502529398307693,,0,,,0,,8.142550089004422,11.1322015266752,10.366032790209177,5,5,6,validated_position_specialists,,unavailable,,0,0
2026-10-07,四日市,12,124820261007,1791372600,1791372300,6,5,14472,坂口晃輔,追,104.5,,,,,0.112320828813207,0.06121748715849971,0.18222562247078739,0.1876402238322969,position_specialists,0.06121748715849972,False,,,C,0.222,0.3329999999999999,0.16,0.14,-0.19655754480826407,0.09939475682267694,-0.2198569547797788,-0.0023486559217897615,0.0015602023518646124,,0,,,0,,6.121748715849971,18.22256224707874,18.764022383229694,6,2,2,validated_position_specialists,,unavailable,,0,0
2026-10-07,四日市,12,124820261007,1791372600,1791372300,7,6,12987,堤洋,追,101.37,,,,,0.022608458871637097,0.008306912422236318,0.08606740500960773,0.1035178234436749,position_specialists,0.00830691242223632,False,,,C,0.208,0.3329999999999999,0.04,0.33,-0.05422277098159014,-0.3254373517747041,-0.13748817802174151,0.008611738379895727,0.002925379409746148,,0,,,0,,0.8306912422236319,8.606740500960775,10.351782344367491,7,6,7,validated_position_specialists,,unavailable,,0,0
2026-10-07,大垣,1,014420261007,1791373200,1791372900,1,1,14033,藤縄洋介,両,71.08,,,,,0.4719715698822772,0.6664960274456728,0.3769374343692606,0.21013897357768915,position_specialists,0.6664960274456728,False,,0.5229179383228905,S,0.3329999999999999,0.416,,,0.14383789950485665,0.0,0.19207701363930949,0.09797958971132711,0.002927459047444486,,0,,,0,,66.64960274456729,37.693743436926056,21.01389735776892,1,1,2,validated_position_specialists,,unavailable,,0,0
2026-10-07,大垣,1,014420261007,1791373200,1791372900,2,3,13266,伊藤嘉浩,両,68.36,,,,,0.1679288258817551,0.14357808912278236,0.19220020283660033,0.19827739326416116,position_specialists,0.14357808912278236,False,,,S,0.2,0.28,,,0.08180591841783746,0.0,0.10198074659017262,-0.06531972647421808,0.0028126567318584278,,0,,,0,,14.357808912278236,19.220020283660034,19.82773932641612,2,3,3,validated_position_specialists,,unavailable,,0,0
2026-10-07,大垣,1,014420261007,1791373200,1791372900,3,2,13109,志村正洋,追,69.4,,,,,0.11910184344201745,0.06880734969940987,0.20854849771352338,0.24021115920625527,position_specialists,0.06880734969940987,False,,,S,0.095,0.238,,,-0.07242535596797373,0.0,-0.0980192534098274,-0.06531972647421808,0.0008036162091024079,,0,,,0,,6.8807349699409865,20.854849771352338,24.02111592062553,3,2,1,validated_position_specialists,,unavailable,,0,0
2026-10-07,大垣,1,014420261007,1791373200,1791372900,4,4,13027,戸ノ下太郎,追,68.2,,,,,0.10182601943097032,0.06779287227066923,0.11841719575584146,0.16340404789083873,position_specialists,0.06779287227066923,False,,,S,0.12,0.28,,,0.08685597665581207,0.0,-0.04966987556830457,-0.06531972647421808,0.0008036162091024079,,0,,,0,,6.779287227066923,11.841719575584147,16.340404789083877,4,4,5,validated_position_specialists,,unavailable,,0,0
2026-10-07,大垣,1,014420261007,1791373200,1791372900,5,5,15824,中嶋響,逃,64.55,,,,,0.1391717413629799,0.05332566146146581,0.10389666932477423,0.1879684260610556,position_specialists,0.05332566146146581,False,,,S,0.1,0.1,,,-0.240074438610532,0.0,-0.1463686312513502,0.09797958971132711,0.0014924301026187571,,0,,,0,,5.332566146146581,10.389666932477423,18.796842606105564,5,5,4,validated_position_specialists,,unavailable,,0,0
2026-10-07,前橋,1,012220261007,1791373800,1791373500,1,2,15939,半田水晶,逃,55.87,,,,,0.4732456088975639,0.5642481701706703,0.29269851336216124,0.301995803780195,position_specialists,0.5642481701706703,False,,0.21418121494795228,A,0.583,0.7909999999999999,,,0.2290419541007695,0.0,0.17563442169045876,0.17674071137491557,0.002338573615192029,,0,,,0,,56.42481701706703,29.269851336216117,30.1995803780195,1,1,1,validated_position_specialists,,unavailable,,0,0
2026-10-07,前橋,1,012220261007,1791373800,1791373500,2,1,15320,那須萌美,両,56.36,,,,,0.3385913888204044,0.350066955222718,0.2743363554816703,0.22946692300949198,position_specialists,0.350066955222718,False,,,A,0.833,0.833,,,0.15959251846641198,0.0,0.2338117419261633,0.04844004682127315,0.0034015616220974968,,0,,,0,,35.006695522271805,27.43363554816702,22.9466923009492,2,2,2,validated_position_specialists,,unavailable,,0,0
2026-10-07,前橋,1,012220261007,1791373800,1791373500,3,3,15667,戸田瑞姫,両,53.18,,,,,0.08308155327311445,0.04261811210815805,0.10909360367290052,0.09165247171503542,position_specialists,0.04261811210815805,False,,,A,0.26,0.565,,,0.06841475327447266,0.0,-0.046392096202984144,-0.052367618185160156,0.0017007808110487484,,0,,,0,,4.2618112108158055,10.90936036729005,9.165247171503541,3,5,5,validated_position_specialists,,unavailable,,0,0
2026-10-07,前橋,1,012220261007,1791373800,1791373500,4,4,15149,中野咲,両,51.62,,,,,0.04683830301301046,0.021201395821231712,0.11751638073058164,0.10822906743703009,position_specialists,0.021201395821231712,False,,,A,0.29,0.4579999999999999,,,-0.01552023539827272,0.0,-0.03117710152693756,-0.052367618185160156,0.001488183209667655,,0,,,0,,2.1201395821231714,11.751638073058162,10.822906743703008,4,3,4,validated_position_specialists,,unavailable,,0,0
2026-10-07,前橋,1,012220261007,1791373800,1791373500,5,5,14962,石井貴子,逃,51.19,,,,,0.038124683498653486,0.0165370622552102,0.11507483102740594,0.11524049521026211,position_specialists,0.0165370622552102,False,,,A,0.142,0.38,,,-0.07048411799424238,0.0,-0.04508464989700647,-0.015710285455548045,0.0011692868075960144,,0,,,0,,1.6537062255210198,11.507483102740592,11.52404952102621,5,4,3,validated_position_specialists,,unavailable,,0,0
2026-10-07,前橋,1,012220261007,1791373800,1791373500,6,7,15581,刈込奈那,逃,45.33,,,,,0.011206832493193973,0.0028652010133594,0.04421025616256807,0.07798890176468437,position_specialists,0.0028652010133594,False,,,A,0.0,0.0,,,-0.17614743622456958,0.0,-0.14656312497500137,-0.052367618185160156,0.0006377928041432806,,0,,,0,,0.28652010133593997,4.421025616256807,7.798890176468437,6,7,6,validated_position_specialists,,unavailable,,0,0
2026-10-07,前橋,1,012220261007,1791373800,1791373500,7,6,15849,佐藤乃愛,両,47.61,,,,,0.008911630004059265,0.002463103408652372,0.04707005956271234,0.07542633708330108,position_specialists,0.002463103408652372,False,,,A,0.047,0.19,,,-0.19489743622456956,0.0,-0.1402291910146925,-0.052367618185160156,0.0020196772131203886,,0,,,0,,0.24631034086523718,4.707005956271233,7.542633708330109,7,6,7,validated_position_specialists,,unavailable,,0,0
2026-10-07,大垣,2,024420261007,1791374400,1791374100,1,1,14316,山崎光展,両,72.45,,,,,0.41506132498707066,0.5254503585181787,0.2981023832256744,0.19671744222184026,position_specialists,0.5254503585181786,False,,0.1307496041189375,B,0.272,0.424,,,0.1139331787969125,0.0,0.3288316012748831,-0.04,0.0004264014327112207,,0,,,0,,52.545035851817865,29.81023832256744,19.671744222184024,1,1,3,validated_position_specialists,,unavailable,,0,0
2026-10-07,大垣,2,024420261007,1791374400,1791374100,2,2,13210,川本恵二,追,71.96,,,,,0.3855539517659276,0.3947007543992411,0.2723814370546545,0.2008295010209788,position_specialists,0.39470075439924107,False,,,B,0.259,0.444,,,0.1139331787969125,0.0,0.079175247958741,0.16,0.000852802865422442,,0,,,0,,39.470075439924116,27.23814370546545,20.08295010209788,2,2,2,validated_position_specialists,,unavailable,,0,0
2026-10-07,大垣,2,024420261007,1791374400,1791374100,3,4,13525,亀井道佳,追,67.82,,,,,0.07002145409343227,0.032947267841664116,0.13577147258365366,0.19590218788146188,position_specialists,0.03294726784166411,False,,,B,0.13,0.217,,,0.07441122737641273,0.0,-0.11945016530582729,-0.04,0.002132007163556104,,0,,,0,,3.2947267841664116,13.577147258365367,19.59021878814619,3,4,4,validated_position_specialists,,unavailable,,0,0
2026-10-07,大垣,2,024420261007,1791374400,1791374100,4,3,14429,千澤大輔,追,68.28,,,,,0.08671179265530213,0.03283110002422687,0.1610090824671004,0.2313951540441547,position_specialists,0.032831100024226866,False,,,B,0.142,0.238,,,-0.17089976819536873,0.0,-0.11945016530582729,-0.04,0.0034112114616897675,,0,,,0,,3.283110002422687,16.10090824671004,23.13951540441547,4,3,1,validated_position_specialists,,unavailable,,0,0
2026-10-07,大垣,2,024420261007,1791374400,1791374100,5,5,11364,遠澤健二,追,66.54,,,,,0.04265147649826728,0.014070519216689363,0.1327356246689171,0.17515571483156442,position_specialists,0.014070519216689361,False,,,B,0.083,0.125,,,-0.1313778167748689,0.0,-0.16910651862196935,-0.04,0.0017056057308448833,,0,,,0,,1.4070519216689363,13.273562466891711,17.515571483156442,5,5,5,validated_position_specialists,,unavailable,,0,0
2026-10-07,前橋,2,022220261007,1791375000,1791374700,1,1,15587,吉川美穂,両,56.96,,,,,0.7061417620083766,0.8436535137458975,0.40912159124654485,0.44447153979164916,position_specialists,0.8436535137458974,False,,0.7632932125994689,S,0.777,0.8140000000000001,,,0.26276126787095344,0.0,0.2467924313941409,0.1949376016156885,0.004742165779543487,,0,,,0,,84.36535137458975,40.91215912465449,44.44715397916492,1,1,1,validated_position_specialists,,unavailable,,0,0
2026-10-07,前橋,2,022220261007,1791375000,1791374700,2,2,15504,西島叶子,両,54.83,,,,,0.13599913624074583,0.08036030114642852,0.18751670999372563,0.12191162445240875,position_specialists,0.0803603011464285,False,,,S,0.625,0.708,,,0.08149056593700785,0.0,0.10493053984204692,-0.038720482512705254,0.000142407380767072,,0,,,0,,8.036030114642852,18.751670999372564,12.191162445240876,2,2,2,validated_position_specialists,,unavailable,,0,0
2026-10-07,前橋,2,022220261007,1791375000,1791374700,3,3,15315,渡口まりあ,両,53.15,,,,,0.08761626287144976,0.054053054657190444,0.12183358081722526,0.08212299812796857,position_specialists,0.05405305465719044,False,,,S,0.3329999999999999,0.606,,,0.0884017294002624,0.0,0.15385499478767742,-0.02002783578243375,0.00024209254730402197,,0,,,0,,5.405305465719044,12.183358081722526,8.212299812796859,3,4,5,validated_position_specialists,,unavailable,,0,0
2026-10-07,前橋,2,022220261007,1791375000,1791374700,4,5,15857,伊藤優里,両,50.66,,,,,0.039918556409202444,0.013071386774318738,0.13318586201018054,0.11814489734873439,position_specialists,0.013071386774318737,False,,,S,0.266,0.4,,,-0.06720780907042868,0.0,-0.08043169536910488,-0.038720482512705254,0.0007405183799887729,,0,,,0,,1.3071386774318738,13.318586201018054,11.81448973487344,4,3,3,validated_position_specialists,,unavailable,,0,0
2026-10-07,前橋,2,022220261007,1791375000,1791374700,5,4,15674,野寺楓,追,51.05,,,,,0.0188939968828743,0.00628101955397584,0.07649264321218364,0.09616807509696657,position_specialists,0.006281019553975839,False,,,S,0.222,0.3329999999999999,,,-0.008974318680664919,0.0,-0.12144943904414479,-0.02002783578243375,0.001338629379210474,,0,,,0,,0.628101955397584,7.649264321218364,9.616807509696658,5,5,4,validated_position_specialists,,unavailable,,0,0
2026-10-07,前橋,2,022220261007,1791375000,1791374700,6,6,15147,佐々木恵理,両,47.76,,,,,0.005427648565678712,0.001301811558632,0.03575974173650296,0.06410036952405578,position_specialists,0.0013018115586319998,False,,,S,0.166,0.2,,,-0.1918875783057742,0.0,-0.10118345453670279,-0.038720482512705254,0.0016376848788213242,,0,,,0,,0.1301811558632,3.575974173650296,6.410036952405578,6,7,7,validated_position_specialists,,unavailable,,0,0
2026-10-07,前橋,2,022220261007,1791375000,1791374700,7,7,15217,南彩乃,追,47.6,,,,,0.0060026370216723635,0.0012789125635570726,0.03608987098363709,0.07308049565821687,position_specialists,0.0012789125635570724,False,,,S,0.0,0.066,,,-0.16458385715135604,0.0,-0.20251337707391276,-0.038720482512705254,0.0006408332134518227,,0,,,0,,0.12789125635570725,3.608987098363709,7.308049565821688,7,6,6,validated_position_specialists,,unavailable,,0,0
2026-10-07,大垣,3,034420261007,1791375600,1791375300,1,2,15963,福地晶,逃,74.0,,,,,0.37074113085307103,0.3810863392844684,0.30032380027930666,0.21834980504810064,position_specialists,0.38108633928446833,False,,0.06256563555658212,C,0.3879999999999999,0.444,,,0.13664378677875488,0.0,0.10270514903170205,-0.032659863237109045,0.004059336041448668,,0,,,0,,38.10863392844684,30.03238002793066,21.834980504810062,1,1,1,validated_position_specialists,,unavailable,,0,0
2026-10-07,大垣,3,034420261007,1791375600,1791375300,2,3,15990,児玉東次郎,逃,73.83,,,,,0.30521107619396776,0.31852070372788627,0.24627413289674457,0.18632233936345577,position_specialists,0.3185207037278862,False,,,C,0.5,0.611,,,0.035971659325995026,0.0,0.18042298246317373,-0.032659863237109045,0.0014622339504143053,,0,,,0,,31.852070372788628,24.62741328967445,18.632233936345575,2,2,2,validated_position_specialists,,unavailable,,0,0
2026-10-07,大垣,3,034420261007,1791375600,1791375300,3,1,15087,本馬鎌,両,76.0,,,,,0.13716501179590496,0.14039900408526923,0.11176566352488951,0.14153209520783613,position_specialists,0.1403990040852692,False,,,C,0.3329999999999999,0.611,,,0.05452290894361214,0.0,0.10427793929265217,-0.032659863237109045,0.0014404095630946893,,0,,,0,,14.039900408526924,11.17656635248895,14.15320952078361,3,4,3,validated_position_specialists,,unavailable,,0,0
2026-10-07,大垣,3,034420261007,1791375600,1791375300,4,5,14667,藤本龍也,両,71.05,,,,,0.11996248966501116,0.11414994934990248,0.12632170011255026,0.1248145029917453,position_specialists,0.11414994934990247,False,,,C,0.444,0.5,,,0.17374628601398912,0.0,0.11824871571799639,-0.032659863237109045,0.00039283897175309656,,0,,,0,,11.414994934990249,12.632170011255022,12.481450299174528,4,3,5,validated_position_specialists,,unavailable,,0,0
2026-10-07,大垣,3,034420261007,1791375600,1791375300,5,4,13331,橋本大祐,追,71.4,,,,,0.04682468302905394,0.039423162916778914,0.10727427120982351,0.13359627273970942,position_specialists,0.03942316291677891,False,,,C,0.16,0.48,,,0.02533628907305224,0.0,-0.021643384458652562,0.19595917942265423,0.001287638851857374,,0,,,0,,3.9423162916778915,10.72742712098235,13.359627273970938,5,5,4,validated_position_specialists,,unavailable,,0,0
2026-10-07,大垣,3,034420261007,1791375600,1791375300,6,7,13788,白崎芳典,追,67.27,,,,,0.010234645786044414,0.0032898828271388817,0.05206895266832949,0.09442955159146418,position_specialists,0.0032898828271388813,False,,,C,0.055,0.166,,,-0.25021296430293594,0.0,-0.21052537008560968,-0.032659863237109045,0.0011348681406200584,,0,,,0,,0.3289882827138882,5.206895266832948,9.442955159146416,6,7,7,validated_position_specialists,,unavailable,,0,0
2026-10-07,大垣,3,034420261007,1791375600,1791375300,7,6,13244,小林高志,追,67.29,,,,,0.009860962676946668,0.0031309578085558995,0.055971479308356074,0.10095543305768859,position_specialists,0.003130957808555899,False,,,C,0.0,0.074,,,-0.17600796583246747,0.0,-0.27348603196126203,-0.032659863237109045,0.0020514924080439513,,0,,,0,,0.31309578085559,5.5971479308356065,10.095543305768857,7,6,6,validated_position_specialists,,unavailable,,0,0
2026-10-07,前橋,3,032220261007,1791376200,1791375900,1,3,13615,山口貴弘,追,83.54,,,,,0.29124356518340894,0.35613550128031884,0.20885389295163043,0.14966906035183453,position_specialists,0.3561355012803189,False,,0.08667120110077053,B,0.3329999999999999,0.3329999999999999,,,-0.1894037416704824,0.0,0.267074306443295,0.15559377906513366,0.0023655922070522275,,0,,,0,,35.61355012803188,20.88538929516304,14.966906035183452,1,2,3,validated_position_specialists,,unavailable,,0,0
2026-10-07,前橋,3,032220261007,1791376200,1791375900,2,2,15414,大森光明,両,83.55,,,,,0.28186491463009355,0.2694643001795483,0.2668129668522266,0.22026938401376076,position_specialists,0.26946430017954837,False,,,B,0.2769999999999999,0.444,,,-0.0876826383806526,0.0,0.14685444130465491,-0.04942390629127776,0.0018560800393794396,,0,,,0,,26.94643001795483,26.681296685222655,22.026938401376075,2,1,1,validated_position_specialists,,unavailable,,0,0
2026-10-07,前橋,3,032220261007,1791376200,1791375900,3,1,14383,河野要,追,83.56,,,,,0.1814901612440804,0.2373029605220649,0.1415867934790119,0.12423631538159395,position_specialists,0.23730296052206495,False,,,B,0.217,0.391,,,0.274604795946022,0.0,0.03783304796004086,0.0915257523912551,0.0005822996201974715,,0,,,0,,23.73029605220649,14.158679347901186,12.423631538159395,3,3,6,validated_position_specialists,,unavailable,,0,0
2026-10-07,前橋,3,032220261007,1791376200,1791375900,4,5,12875,中曽直彦,追,80.92,,,,,0.07763392174987546,0.04754340710799389,0.09545997195115824,0.1275453513850064,position_specialists,0.0475434071079939,False,,,B,0.2,0.3329999999999999,,,0.031019801313909957,0.0,-0.07865399324725725,-0.04942390629127776,0.001965261218166465,,0,,,0,,4.754340710799389,9.545997195115822,12.75453513850064,4,6,5,validated_position_specialists,,unavailable,,0,0
2026-10-07,前橋,3,032220261007,1791376200,1791375900,5,4,14282,石川恭規,追,81.0,,,,,0.07043237760896097,0.045462762741390106,0.11215522811662841,0.15028578906968826,position_specialists,0.04546276274139011,False,,,B,0.166,0.25,,,-0.06162600527696801,0.0,0.01717426644837717,-0.04942390629127776,0.001965261218166465,,0,,,0,,4.546276274139011,11.21552281166284,15.028578906968825,5,4,2,validated_position_specialists,,unavailable,,0,0
2026-10-07,前橋,3,032220261007,1791376200,1791375900,6,7,13629,福森慎太郎,逃,78.39,,,,,0.0594937431932659,0.02711274360047778,0.06758323433633309,0.09746079969281825,position_specialists,0.027112743600477787,False,,,B,0.086,0.26,,,0.019049323158993194,0.0,-0.13689751385090632,-0.04942390629127776,0.0018560800393794396,,0,,,0,,2.711274360047778,6.758323433633308,9.746079969281825,6,7,7,validated_position_specialists,,unavailable,,0,0
2026-10-07,前橋,3,032220261007,1791376200,1791375900,7,6,13171,岩橋則明,追,80.26,,,,,0.03784131639031482,0.01697832456820599,0.10754791231301136,0.13053330010529782,position_specialists,0.016978324568205992,False,,,B,0.0,0.3329999999999999,,,0.014038464909177428,0.0,-0.2533845550582044,-0.04942390629127776,0.002729529469675646,,0,,,0,,1.697832456820599,10.754791231301134,13.053330010529782,7,5,4,validated_position_specialists,,unavailable,,0,0
2026-10-07,大垣,4,044420261007,1791376800,1791376500,1,1,15965,篠原輝利,逃,79.88,,,,,0.7891422955688894,0.8508746090849328,0.40765861471848686,0.4991708215911503,position_specialists,0.8508746090849328,False,,0.7596577395518314,S,0.722,0.833,,,0.24413277385984178,0.0,0.09478500643845515,-0.049492644830317456,0.00480288190423553,,0,,,0,,85.08746090849328,40.765861471848694,49.91708215911501,1,1,1,validated_position_specialists,,unavailable,,0,0
2026-10-07,大垣,4,044420261007,1791376800,1791376500,2,2,15720,山元大夢,両,76.68,,,,,0.12163349057235998,0.0912168695331015,0.175910361531204,0.11360065142670299,position_specialists,0.0912168695331015,False,,,S,0.351,0.764,,,0.09900382027815735,0.0,-0.06957194896684404,0.09264007878495319,0.0006439618195623059,,0,,,0,,9.12168695331015,17.591036153120406,11.360065142670297,2,2,2,validated_position_specialists,,unavailable,,0,0
2026-10-07,大垣,4,044420261007,1791376800,1791376500,3,4,14743,鈴木広人,両,71.29,,,,,0.029043999973932616,0.024975442596576716,0.16183676167942326,0.10832203815438075,position_specialists,0.024975442596576716,False,,,S,0.441,0.47,,,-0.09340000900124817,0.0,0.2639873253434848,0.1548231453666341,0.00045613962218996664,,0,,,0,,2.4975442596576714,16.18367616794233,10.832203815438074,3,3,3,validated_position_specialists,,unavailable,,0,0
2026-10-07,大垣,4,044420261007,1791376800,1791376500,4,3,14389,村本慎吾,追,76.33,,,,,0.027088359863422187,0.018472443637356045,0.08721097137030957,0.0685691333522086,position_specialists,0.018472443637356045,False,,,S,0.368,0.684,,,0.08813114495771696,0.0,-0.007918525849350683,-0.049492644830317456,0.0010196062143069844,,0,,,0,,1.8472443637356044,8.72109713703096,6.856913335220858,4,4,5,validated_position_specialists,,unavailable,,0,0
2026-10-07,大垣,4,044420261007,1791376800,1791376500,5,5,14202,島田茂希,逃,70.45,,,,,0.02054482176025051,0.010145253891392215,0.0833136556243398,0.08632306702558291,position_specialists,0.010145253891392215,False,,,S,0.416,0.4579999999999999,,,-0.013507107342205994,0.0,-0.040301172951106995,-0.049492644830317456,0.0008317840169346451,,0,,,0,,1.0145253891392214,8.331365562433982,8.63230670255829,5,5,4,validated_position_specialists,,unavailable,,0,0
2026-10-07,大垣,4,044420261007,1791376800,1791376500,6,7,14482,松本琢也,両,67.65,,,,,0.0069107783113392315,0.002260275518683682,0.04587364233677383,0.0579460150358139,position_specialists,0.002260275518683682,False,,,S,0.217,0.304,,,-0.20921526311013283,0.0,-0.09797597877572545,-0.049492644830317456,0.0002683174248176275,,0,,,0,,0.2260275518683682,4.587364233677384,5.794601503581389,6,6,7,validated_position_specialists,,unavailable,,0,0
2026-10-07,大垣,4,044420261007,1791376800,1791376500,7,6,11712,金田健一郎,追,69.8,,,,,0.00563625394980612,0.002055105737957032,0.03819599273946263,0.06606827341416066,position_specialists,0.002055105737957032,False,,,S,0.19,0.285,,,-0.1151453596421289,0.0,-0.14300470523891284,-0.049492644830317456,0.001583072806424002,,0,,,0,,0.2055105737957032,3.819599273946263,6.606827341416064,7,7,6,validated_position_specialists,,unavailable,,0,0
2026-10-07,前橋,4,042220261007,1791377400,1791377100,1,1,13859,荒木伸哉,追,86.59,,,,,0.25586281323550497,0.2976381888325441,0.16599953304999934,0.16472577865791035,position_specialists,0.29763818883254406,False,,0.061508550804628165,C,0.26,0.608,,,0.16625812185684402,0.0,0.10783461031507838,-0.07431769331552238,0.0008285679348701804,,0,,,0,,29.763818883254412,16.59995330499994,16.47257786579103,1,3,2,validated_position_specialists,,unavailable,,0,0
2026-10-07,前橋,4,042220261007,1791377400,1791377100,2,2,13416,飯尾主税,追,84.7,,,,,0.18141686563085085,0.23612963802791592,0.15089343507947445,0.13220571814986892,position_specialists,0.2361296380279159,False,,,C,0.25,0.416,,,0.17855380702360618,0.0,0.10783461031507838,0.11643105286098504,0.0023350550891795994,,0,,,0,,23.612963802791594,15.089343507947447,13.220571814986888,2,5,6,validated_position_specialists,,unavailable,,0,0
2026-10-07,前橋,4,042220261007,1791377400,1791377100,3,4,14988,伊早坂駿一,逃,82.64,,,,,0.23722675597195875,0.22737977281162125,0.15983698379285768,0.13551278115101104,position_specialists,0.22737977281162122,False,,,C,0.284,0.392,,,0.04129815835865672,0.0,0.10552501674404918,0.01816654725490546,0.0031259608451920445,,0,,,0,,22.737977281162124,15.98369837928577,13.5512781151011,3,4,5,validated_position_specialists,,unavailable,,0,0
2026-10-07,前橋,4,042220261007,1791377400,1791377100,4,5,15705,鳥海創,逃,81.0,,,,,0.19198926115808962,0.15642487564897675,0.199005486524985,0.214885051040731,position_specialists,0.15642487564897672,False,,,C,0.28,0.32,,,-0.10625006364248997,0.0,0.07534540862875833,0.11643105286098504,0.002146744194890922,,0,,,0,,15.642487564897674,19.900548652498504,21.488505104073095,4,1,1,validated_position_specialists,,unavailable,,0,0
2026-10-07,前橋,4,042220261007,1791377400,1791377100,5,3,14056,橋本紀彰,追,83.41,,,,,0.08201801911003499,0.058488202607826896,0.1713556269998318,0.13566101688954388,position_specialists,0.05848820260782689,False,,,C,0.166,0.3329999999999999,,,-0.020180267475154397,0.0,-0.002941309215413822,-0.07431769331552238,0.0013558384388784772,,0,,,0,,5.84882026078269,17.135562699983186,13.566101688954385,5,2,4,validated_position_specialists,,unavailable,,0,0
2026-10-07,前橋,4,042220261007,1791377400,1791377100,6,6,12717,伊藤一貴,追,79.5,,,,,0.0447106091682967,0.021876036995756593,0.10623722222081419,0.13623789624373556,position_specialists,0.02187603699575659,False,,,C,0.0409999999999999,0.125,,,-0.03047284081135159,0.0,-0.16910518851115214,-0.028075573030308453,0.0010168788291588576,,0,,,0,,2.1876036995756594,10.62372222208142,13.623789624373552,6,6,3,validated_position_specialists,,unavailable,,0,0
2026-10-07,前橋,4,042220261007,1791377400,1791377100,7,7,11372,黒瀬浩一,追,76.28,,,,,0.006775675725264124,0.0020632850753585846,0.04667171233203753,0.08077175786719931,position_specialists,0.002063285075358584,False,,,C,0.0,0.047,,,-0.22920691531011217,0.0,-0.22449314827639824,-0.07431769331552238,0.002146744194890922,,0,,,0,,0.20632850753585846,4.667171233203754,8.077175786719929,7,7,7,validated_position_specialists,,unavailable,,0,0
2026-10-07,大垣,5,054420261007,1791378000,1791377700,1,1,13828,引地正人,逃,83.93,,,,,0.42749981041876806,0.3990724712905427,0.3559242762518101,0.1992737018085712,position_specialists,0.3990724712905427,False,,0.2226580063402461,A,0.266,0.4,,,-0.04224874477840012,0.0,-0.02507516368185355,0.0,0.0024784954067474103,,0,,,0,,39.90724712905427,35.59242762518101,19.92737018085712,1,1,1,validated_position_specialists,,unavailable,,0,0
2026-10-07,大垣,5,054420261007,1791378000,1791377700,2,5,15455,枠元一葵,逃,82.14,,,,,0.169663084257287,0.17641446495029658,0.10306706935287564,0.13858361863170068,position_specialists,0.17641446495029658,False,,,A,0.237,0.428,,,0.00901313892029932,0.0,0.0465084937381077,0.12220201853215575,0.0017655035774091139,,0,,,0,,17.64144649502966,10.306706935287565,13.85836186317007,2,3,4,validated_position_specialists,,unavailable,,0,0
2026-10-07,大垣,5,054420261007,1791378000,1791377700,3,3,13285,吉川悟,追,83.66,,,,,0.11406722917275093,0.16361416389357,0.0920688314168435,0.10094462445004813,position_specialists,0.16361416389357,False,,,A,0.237,0.3329999999999999,,,0.0796624593695576,0.0,0.14120560182453487,0.12220201853215575,0.002240831463634645,,0,,,0,,16.361416389357,9.206883141684349,10.094462445004813,3,7,7,validated_position_specialists,,unavailable,,0,0
2026-10-07,大垣,5,054420261007,1791378000,1791377700,4,4,14220,山崎悟,追,83.23,,,,,0.11039993839482785,0.12494308768681452,0.09248018057315477,0.11425651854326778,position_specialists,0.12494308768681452,False,,,A,0.19,0.238,,,0.18218622676695637,0.0,0.06037656413798725,-0.06110100926607787,0.0008487997968313048,,0,,,0,,12.494308768681451,9.248018057315477,11.425651854326778,4,6,6,validated_position_specialists,,unavailable,,0,0
2026-10-07,大垣,5,054420261007,1791378000,1791377700,5,2,13547,土屋宏,追,83.79,,,,,0.08802434462977299,0.09254461441212287,0.16674765609398068,0.17867184981135967,position_specialists,0.09254461441212287,False,,,A,0.166,0.375,,,0.047788012421417,0.0,0.06037656413798725,-0.06110100926607787,0.0006111358537185396,,0,,,0,,9.254461441212287,16.67476560939807,17.867184981135967,5,2,2,validated_position_specialists,,unavailable,,0,0
2026-10-07,大垣,5,054420261007,1791378000,1791377700,6,7,12532,西郷剛,追,80.4,,,,,0.052379540750362066,0.02825707045435739,0.09672799890754755,0.1448333101907209,position_specialists,0.02825707045435739,False,,,A,0.09,0.136,,,-0.029104813126632045,0.0,-0.10128151123510798,-0.06110100926607787,0.0025124473986206626,,0,,,0,,2.825707045435739,9.672799890754755,14.483331019072091,6,4,3,validated_position_specialists,,unavailable,,0,0
2026-10-07,大垣,5,054420261007,1791378000,1791377700,7,6,14362,岩崎大和,追,80.66,,,,,0.0379660523762311,0.015154127312295958,0.09298398740378781,0.12343637656433165,position_specialists,0.015154127312295958,False,,,A,0.0409999999999999,0.291,,,-0.24729627957319764,0.0,-0.18211054892165557,-0.06110100926607787,0.0025124473986206626,,0,,,0,,1.5154127312295957,9.298398740378781,12.343637656433165,7,5,5,validated_position_specialists,,unavailable,,0,0
2026-10-07,前橋,5,052220261007,1791378600,1791378300,1,1,14347,外崎一成,追,86.0,,,,,0.28839419739882194,0.3810505394975162,0.21512404140879934,0.16182003636047054,position_specialists,0.3810505394975162,False,,0.11474282711521089,B,0.2769999999999999,0.3879999999999999,,,0.23376228790289708,0.0,0.08953229173952919,0.0,0.0007871941760441521,,0,,,0,,38.10505394975162,21.512404140879934,16.182003636047053,1,1,3,validated_position_specialists,,unavailable,,0,0
2026-10-07,前橋,5,052220261007,1791378600,1791378300,2,3,15895,鈴木小次廊,逃,84.09,,,,,0.2525697118230917,0.26630771238230533,0.19271829061737472,0.16815382378919363,position_specialists,0.26630771238230533,False,,,B,0.284,0.476,,,-0.01675681022441406,0.0,0.16587690778395964,0.0,0.0010627121376596052,,0,,,0,,26.630771238230533,19.27182906173747,16.815382378919363,2,2,2,validated_position_specialists,,unavailable,,0,0
2026-10-07,前橋,5,052220261007,1791378600,1791378300,3,2,13014,江連和洋,追,86.0,,,,,0.19361198631615512,0.18445372941672333,0.17838853174114394,0.12578668217161051,position_specialists,0.18445372941672333,False,,,B,0.25,0.437,,,0.010261658340298262,0.0,0.01641967623813609,0.0,0.0038178917538141365,,0,,,0,,18.445372941672332,17.838853174114394,12.578668217161052,3,3,5,validated_position_specialists,,unavailable,,0,0
2026-10-07,前橋,5,052220261007,1791378600,1791378300,4,7,15515,平山優太,両,80.19,,,,,0.09657017759888166,0.07108884382516201,0.16339636656999484,0.1893774893989365,position_specialists,0.07108884382516201,False,,,B,0.192,0.2689999999999999,,,-0.14006717195611176,0.0,0.19070040403371857,0.0,0.00023615825281324572,,0,,,0,,7.108884382516201,16.339636656999485,18.937748939893652,4,4,1,validated_position_specialists,,unavailable,,0,0
2026-10-07,前橋,5,052220261007,1791378600,1791378300,5,4,13106,赤井学,追,82.46,,,,,0.06777048509085264,0.051414617062384975,0.08104647335036193,0.10004682195751635,position_specialists,0.051414617062384975,False,,,B,0.187,0.375,,,0.10647528044247459,0.0,-0.056692939263257004,0.0,0.00196798544011038,,0,,,0,,5.1414617062384975,8.104647335036193,10.004682195751634,5,6,7,validated_position_specialists,,unavailable,,0,0
2026-10-07,前橋,5,052220261007,1791378600,1791378300,6,6,14083,成清謙二郎,追,80.41,,,,,0.0484290258747488,0.025392087288719417,0.09434374634327819,0.13082683237755732,position_specialists,0.025392087288719417,False,,,B,0.083,0.25,,,-0.0319932976972625,0.0,-0.1298055547646501,0.0,0.00196798544011038,,0,,,0,,2.539208728871942,9.434374634327819,13.082683237755733,6,5,4,validated_position_specialists,,unavailable,,0,0
2026-10-07,前橋,5,052220261007,1791378600,1791378300,7,5,14062,齋藤昌弘,追,80.77,,,,,0.05265441589744828,0.020292470527188772,0.0749825499690471,0.12398831394471516,position_specialists,0.020292470527188772,False,,,B,0.0,0.272,,,-0.16168194680788173,0.0,-0.2760307857674363,0.0,0.00196798544011038,,0,,,0,,2.029247052718877,7.49825499690471,12.398831394471516,7,7,6,validated_position_specialists,,unavailable,,0,0
2026-10-07,大垣,6,064420261007,1791379200,1791378900,1,1,15828,秋末蓮,逃,86.71,,,,,0.6504272512340352,0.7801816100412882,0.26397817022980163,0.26543543117163115,position_specialists,0.7801816100412884,False,,0.7107793644414082,S,0.38,0.5710000000000001,,,0.16069154508170258,0.0,0.1771229771080191,-0.049888765156985884,0.004751558125640517,,0,,,0,,78.01816100412881,26.397817022980167,26.543543117163114,1,1,1,validated_position_specialists,,unavailable,,0,0
2026-10-07,大垣,6,064420261007,1791379200,1791378900,2,2,13417,梅原大治,追,83.55,,,,,0.08316853701356235,0.06940224559988022,0.16400118623642984,0.11714212231130472,position_specialists,0.06940224559988023,False,,,S,0.166,0.3879999999999999,,,0.11020803852887506,0.0,0.11269310461579046,-0.049888765156985884,0.000945912034271029,,0,,,0,,6.940224559988022,16.40011862364299,11.714212231130471,2,2,6,validated_position_specialists,,unavailable,,0,0
2026-10-07,大垣,6,064420261007,1791379200,1791378900,3,3,13196,竹田和幸,追,83.29,,,,,0.07180346408606741,0.05282677113665875,0.1496109097459456,0.13400228296788994,position_specialists,0.05282677113665876,False,,,S,0.125,0.3329999999999999,,,-0.0001669062328388208,0.0,0.11269310461579046,-0.049888765156985884,0.0012538833942662478,,0,,,0,,5.282677113665875,14.961090974594562,13.400228296788994,3,3,2,validated_position_specialists,,unavailable,,0,0
2026-10-07,大垣,6,064420261007,1791379200,1791378900,4,7,14366,阿久津浩之,逃,78.75,,,,,0.06321348544252821,0.03152383670151064,0.11385175916572347,0.1178593944897347,position_specialists,0.03152383670151065,False,,,S,0.093,0.125,,,-0.20917217684046385,0.0,0.05313689313240572,0.09977753031397174,0.0006379406742758102,,0,,,0,,3.152383670151064,11.385175916572349,11.78593944897347,4,5,5,validated_position_specialists,,unavailable,,0,0
2026-10-07,大垣,6,064420261007,1791379200,1791378900,5,4,13112,佐藤明,追,82.0,,,,,0.052691563962436794,0.028897436054510613,0.11813448110146757,0.1258458513367929,position_specialists,0.02889743605451062,False,,,S,0.09,0.2269999999999999,,,-0.0001669062328388208,0.0,-0.04605197404808497,-0.049888765156985884,0.000945912034271029,,0,,,0,,2.8897436054510615,11.813448110146759,12.58458513367929,5,4,3,validated_position_specialists,,unavailable,,0,0
2026-10-07,大垣,6,064420261007,1791379200,1791378900,6,5,12891,朝日勇,追,81.04,,,,,0.04886443033795516,0.027777810330713304,0.1080057473506632,0.11469821392032978,position_specialists,0.02777781033071331,False,,,S,0.0409999999999999,0.208,,,0.11020803852887506,0.0,-0.20479705271196041,0.14966629547095764,0.000285973405709846,,0,,,0,,2.7777810330713306,10.800574735066322,11.469821392032978,6,6,7,validated_position_specialists,,unavailable,,0,0
2026-10-07,大垣,6,064420261007,1791379200,1791378900,7,6,13453,阿部宏之,追,79.19,,,,,0.029831267923414794,0.009390290135438089,0.08241774616996869,0.12501670380231678,position_specialists,0.00939029013543809,False,,,S,0.047,0.095,,,-0.17160163283331126,0.0,-0.20479705271196041,-0.049888765156985884,0.0012538833942662478,,0,,,0,,0.9390290135438089,8.24177461699687,12.501670380231678,7,7,4,validated_position_specialists,,unavailable,,0,0
2026-10-07,前橋,6,062220261007,1791379800,1791379500,1,3,14937,田中誇士,両,84.44,,,,,0.2769524566297847,0.3654011534063477,0.20117513299754522,0.15591108424909267,position_specialists,0.36540115340634777,False,,0.029675644793882128,C,0.3879999999999999,0.611,,,0.09599646439978296,0.0,0.14970341415056954,0.19595917942265428,0.000734732129907152,,0,,,0,,36.54011534063477,20.11751329975452,15.591108424909267,1,2,2,validated_position_specialists,,unavailable,,0,0
2026-10-07,前橋,6,062220261007,1791379800,1791379500,2,1,15780,小田恭介,逃,85.6,,,,,0.3425337132908975,0.3357255086124656,0.3154643899459177,0.2395892323190989,position_specialists,0.33572550861246564,False,,,C,0.3329999999999999,0.3329999999999999,,,0.03840750619921182,0.0,0.0795109844061299,-0.032659863237109045,0.004377778940696782,,0,,,0,,33.57255086124656,31.546438994591767,23.95892323190989,2,1,1,validated_position_specialists,,unavailable,,0,0
2026-10-07,前橋,6,062220261007,1791379800,1791379500,3,2,13826,田原大広,追,85.0,,,,,0.1432528140210508,0.13429028594732917,0.15625178550811716,0.13346371508083324,position_specialists,0.1342902859473292,False,,,C,0.284,0.428,,,0.06454161159346063,0.0,0.08013130279520589,-0.032659863237109045,0.0005204352586842323,,0,,,0,,13.429028594732916,15.625178550811716,13.346371508083324,3,3,4,validated_position_specialists,,unavailable,,0,0
2026-10-07,前橋,6,062220261007,1791379800,1791379500,4,4,14587,鈴木謙二,追,84.08,,,,,0.11716713423196731,0.10636335848913475,0.08744377674864026,0.11044319244909791,position_specialists,0.10636335848913478,False,,,C,0.25,0.291,,,0.09599646439978296,0.0,0.08013130279520589,-0.032659863237109045,0.001193939711099123,,0,,,0,,10.636335848913475,8.744377674864026,11.04431924490979,4,5,6,validated_position_specialists,,unavailable,,0,0
2026-10-07,前橋,6,062220261007,1791379800,1791379500,5,5,13983,大崎智久,追,81.85,,,,,0.05522363459426615,0.034303177028476066,0.11125588263577224,0.14470798352313272,position_specialists,0.03430317702847607,False,,,C,0.284,0.3329999999999999,,,-0.08960264706599613,0.0,0.05396422123831001,-0.032659863237109045,0.0016225334535449618,,0,,,0,,3.4303177028476064,11.125588263577225,14.470798352313272,5,4,3,validated_position_specialists,,unavailable,,0,0
2026-10-07,前橋,6,062220261007,1791379800,1791379500,6,7,13036,深澤伸介,追,79.61,,,,,0.03489870627480592,0.01196329955252541,0.06250826839556341,0.09747874111602076,position_specialists,0.011963299552525413,False,,,C,0.095,0.285,,,-0.19413906864299157,0.0,-0.1910889644781528,-0.032659863237109045,0.0014082365823220426,,0,,,0,,1.1963299552525408,6.250826839556341,9.747874111602076,6,7,7,validated_position_specialists,,unavailable,,0,0
2026-10-07,前橋,6,062220261007,1791379800,1791379500,7,6,13761,新井剛央,追,80.38,,,,,0.029971540957227625,0.01195321696372117,0.06590076376844399,0.11840605126272387,position_specialists,0.011953216963721173,False,,,C,0.047,0.095,,,-0.011200330883249256,0.0,-0.25235226090726853,-0.032659863237109045,0.0014082365823220426,,0,,,0,,1.195321696372117,6.590076376844399,11.840605126272386,7,6,5,validated_position_specialists,,unavailable,,0,0
2026-10-07,大垣,7,074420261007,1791380400,1791380100,1,3,15339,土田武志,逃,88.54,,,,,0.19450632514972305,0.3771929466440932,0.23270222859402212,0.183200603264868,position_specialists,0.3771929466440932,False,,0.08584351296146064,B,0.521,0.565,,,0.21766705578264095,0.0,0.2935665223292946,0.19595917942265423,0.0006715370352230832,,0,,,0,,37.71929466440932,23.27022285940221,18.320060326486804,1,1,2,validated_position_specialists,,unavailable,,0,0
2026-10-07,大垣,7,074420261007,1791380400,1791380100,2,1,15712,松本京太,逃,92.8,,,,,0.3533421074769278,0.29134943368263255,0.1933921259900976,0.1633092986719772,position_specialists,0.29134943368263255,False,,,B,0.3329999999999999,0.6,,,-0.10447923836720382,0.0,-0.06311220638539816,-0.032659863237109045,0.004180859606388873,,0,,,0,,29.134943368263254,19.339212599009763,16.33092986719772,2,2,3,validated_position_specialists,,unavailable,,0,0
2026-10-07,大垣,7,074420261007,1791380400,1791380100,3,2,14991,中島将尊,追,92.73,,,,,0.20467061801292,0.1413819602005254,0.1634708342893659,0.18657856852919663,position_specialists,0.1413819602005254,False,,,B,0.25,0.437,,,-0.10102054151768869,0.0,-0.18602032046215428,-0.032659863237109045,0.0005198996401727099,,0,,,0,,14.13819602005254,16.34708342893659,18.657856852919668,3,3,1,validated_position_specialists,,unavailable,,0,0
2026-10-07,大垣,7,074420261007,1791380400,1791380100,4,5,15811,水谷亮太,逃,87.52,,,,,0.11811076433652853,0.10103741013849246,0.13989852453972482,0.14599620309867975,position_specialists,0.10103741013849246,False,,,B,0.428,0.523,,,0.12790273825698784,0.0,-0.030304480932540706,-0.032659863237109045,0.0009964743103310265,,0,,,0,,10.103741013849246,13.989852453972482,14.599620309867976,4,4,4,validated_position_specialists,,unavailable,,0,0
2026-10-07,大垣,7,074420261007,1791380400,1791380100,5,4,13382,成田直喜,追,87.91,,,,,0.051655224000889406,0.04066902989935587,0.08802989263900637,0.11325212018809841,position_specialists,0.04066902989935587,False,,,B,0.3329999999999999,0.4579999999999999,,,-0.11620644754320714,0.0,0.0963264589251174,-0.032659863237109045,0.0002166248500719624,,0,,,0,,4.066902989935587,8.802989263900637,11.325212018809843,5,6,6,validated_position_specialists,,unavailable,,0,0
2026-10-07,大垣,7,074420261007,1791380400,1791380100,6,6,13550,安部達也,追,86.62,,,,,0.04959472530534906,0.03139820097079279,0.13396996416431656,0.13485965700474373,position_specialists,0.03139820097079279,False,,,B,0.294,0.411,,,-0.019524736318523736,0.0,-0.08553887586961473,-0.032659863237109045,0.0009748118253238308,,0,,,0,,3.1398200970792787,13.396996416431655,13.485965700474374,6,5,5,validated_position_specialists,,unavailable,,0,0
2026-10-07,大垣,7,074420261007,1791380400,1791380100,7,7,14091,伊原弘幸,追,83.7,,,,,0.0281202357176622,0.01697101846410773,0.04853642978346651,0.07280354924243625,position_specialists,0.01697101846410773,False,,,B,0.25,0.416,,,-0.004338830293005302,0.0,-0.024917097604704015,-0.032659863237109045,0.002794460565928314,,0,,,0,,1.697101846410773,4.8536429783466515,7.280354924243626,7,7,7,validated_position_specialists,,unavailable,,0,0
2026-10-07,前橋,7,072220261007,1791381000,1791380700,1,1,13747,伊藤大志,追,94.66,,,,,0.2790673254389062,0.30887619798581323,0.22980524409351916,0.18943108190365596,position_specialists,0.30887619798581323,False,,0.11666560698015027,B,0.5,0.722,,,0.10759637490783587,0.0,0.03678277645592663,-0.0820023312099971,0.001856673417945256,,0,,,0,,30.887619798581323,22.98052440935192,18.943108190365596,1,1,1,validated_position_specialists,,unavailable,,0,0
2026-10-07,前橋,7,072220261007,1791381000,1791380700,2,4,15803,西村剛,逃,89.9,,,,,0.17460752090047887,0.19221059100566296,0.16404624548118,0.1513048885347404,position_specialists,0.19221059100566296,False,,,B,0.57,0.619,,,0.05168708401655321,0.0,0.0171219367082307,0.15325025832687983,0.003978585895596978,,0,,,0,,19.221059100566297,16.404624548118004,15.13048885347404,2,3,3,validated_position_specialists,,unavailable,,0,0
2026-10-07,前橋,7,072220261007,1791381000,1791380700,3,3,15691,岡部伶音,逃,92.8,,,,,0.20404477929695883,0.1907633440226724,0.16912502204625232,0.1815528867975452,position_specialists,0.1907633440226724,False,,,B,0.3329999999999999,0.6659999999999999,,,-0.03565321883891673,0.0,-0.05521912940940043,0.07326437788434167,7.3618627779011075e-19,,0,,,0,,19.07633440226724,16.912502204625234,18.15528867975452,3,2,2,validated_position_specialists,,unavailable,,0,0
2026-10-07,前橋,7,072220261007,1791381000,1791380700,4,2,14082,高橋雅之,追,93.57,,,,,0.17171676082751366,0.17917835494749032,0.15063328396645867,0.1318560859694476,position_specialists,0.17917835494749032,False,,,B,0.523,0.6659999999999999,,,-0.05216534054328323,0.0,0.11895426244740571,-0.04906696867483433,0.001591434358238792,,0,,,0,,17.91783549474903,15.063328396645868,13.185608596944759,4,4,4,validated_position_specialists,,unavailable,,0,0
2026-10-07,前橋,7,072220261007,1791381000,1791380700,5,6,14813,新井僚太郎,両,85.5,,,,,0.08597403697796113,0.07593062684484338,0.11743505033829453,0.1124456812759863,position_specialists,0.07593062684484338,False,,,B,0.461,0.5760000000000001,,,0.14221384976111467,0.0,0.10912384257355776,-0.0820023312099971,0.001591434358238792,,0,,,0,,7.593062684484337,11.743505033829456,11.24456812759863,5,5,6,validated_position_specialists,,unavailable,,0,0
2026-10-07,前橋,7,072220261007,1791381000,1791380700,6,5,14818,田口裕一,追,87.82,,,,,0.0548285991285676,0.04042451800724925,0.10609194854637131,0.1292988963852505,position_specialists,0.04042451800724925,False,,,B,0.29,0.5,,,0.023523201340467363,0.0,-0.045388709535552456,-0.006721502558196486,0.001591434358238792,,0,,,0,,4.042451800724925,10.609194854637133,12.929889638525049,6,6,5,validated_position_specialists,,unavailable,,0,0
2026-10-07,前橋,7,072220261007,1791381000,1791380700,7,7,15107,田頭寛之,両,85.14,,,,,0.02976097742961368,0.012616367186268549,0.06286320552792404,0.1041104791333741,position_specialists,0.012616367186268549,False,,,B,0.19,0.285,,,-0.23720195064377073,0.0,-0.181374979240168,-0.006721502558196486,0.001060956238825861,,0,,,0,,1.261636718626855,6.2863205527924055,10.41104791333741,7,7,7,validated_position_specialists,,unavailable,,0,0
2026-10-07,大垣,8,084420261007,1791381600,1791381300,1,1,15536,疋田力也,両,94.22,,,,,0.6176829720751807,0.7316832186298868,0.2564583440347858,0.2762900820762154,position_specialists,0.7316832186298868,False,,0.6112096299696157,S,0.555,0.6659999999999999,,,0.09110401694651245,0.0,0.13459086498571854,0.09598903045188673,0.003448419153508968,,0,,,0,,73.16832186298868,25.64583440347858,27.629008207621542,1,1,1,validated_position_specialists,,unavailable,,0,0
2026-10-07,大垣,8,084420261007,1791381600,1791381300,2,3,15594,金田涼馬,逃,89.83,,,,,0.16254992706967925,0.1204735886602711,0.21547373610859963,0.1582370360761818,position_specialists,0.1204735886602711,False,,,S,0.5,0.6659999999999999,,,0.06825632460232711,0.0,0.005835306334120022,-0.038395612180754685,0.0021007610935169577,,0,,,0,,12.047358866027109,21.547373610859967,15.823703607618182,2,2,3,validated_position_specialists,,unavailable,,0,0
2026-10-07,大垣,8,084420261007,1791381600,1791381300,3,2,14819,太刀川一成,追,91.22,,,,,0.07149106782474789,0.055767661865781255,0.1381237846732515,0.16548341521900672,position_specialists,0.055767661865781255,False,,,S,0.3329999999999999,0.555,,,-0.033525685545741216,0.0,0.123669241923451,-0.06399268696792447,0.001506206067049894,,0,,,0,,5.5767661865781255,13.812378467325154,16.54834152190067,3,4,2,validated_position_specialists,,unavailable,,0,0
2026-10-07,大垣,8,084420261007,1791381600,1791381300,4,5,14674,丹波孝佑,逃,86.29,,,,,0.0683661994063651,0.053149066175344956,0.14572414408832687,0.12758227552792495,position_specialists,0.053149066175344956,False,,,S,0.375,0.5,,,0.0807127761751855,0.0,-0.013803682930768502,0.14718318002622632,0.0029331381305708467,,0,,,0,,5.314906617534495,14.572414408832689,12.758227552792494,4,3,4,validated_position_specialists,,unavailable,,0,0
2026-10-07,大垣,8,084420261007,1791381600,1791381300,5,6,15447,小浦凪,両,84.52,,,,,0.0327118522018736,0.01993886056447138,0.0773965803056948,0.09067682224142871,position_specialists,0.01993886056447138,False,,,S,0.272,0.318,,,0.1227777452699587,0.0,-0.03638168134185243,-0.01279853739358489,0.0007134660317604758,,0,,,0,,1.993886056447138,7.739658030569481,9.067682224142871,5,6,6,validated_position_specialists,,unavailable,,0,0
2026-10-07,大垣,8,084420261007,1791381600,1791381300,6,4,14098,菊谷信一,追,88.18,,,,,0.03276717956346043,0.01367543984776796,0.10652949460113108,0.11463371211899386,position_specialists,0.01367543984776796,False,,,S,0.25,0.25,,,-0.20490872853522502,0.0,-0.12732876603677168,-0.06399268696792447,0.00039637001764470915,,0,,,0,,1.3675439847767958,10.65294946011311,11.463371211899386,6,5,5,validated_position_specialists,,unavailable,,0,0
2026-10-07,大垣,8,084420261007,1791381600,1791381300,7,7,13952,東鉄也,両,80.73,,,,,0.014430801858692943,0.005312164256476499,0.060293916188210256,0.0670966567402485,position_specialists,0.005312164256476499,False,,,S,0.217,0.26,,,-0.1244164489130172,0.0,-0.08658128293389697,-0.06399268696792447,0.00039637001764470915,,0,,,0,,0.5312164256476499,6.029391618821027,6.70966567402485,7,7,7,validated_position_specialists,,unavailable,,0,0
2026-10-07,前橋,8,082220261007,1791382200,1791381900,1,3,15700,吉田晏生,逃,90.95,,,,,0.2378751956259086,0.32320943265332586,0.23171328034274832,0.17462203766938195,position_specialists,0.32320943265332586,False,,0.08839218010028746,B,0.583,0.75,,,0.09290875753604946,0.0,0.2084539051726473,-0.03228537249085049,0.0014329320977589047,,0,,,0,,32.32094326533259,23.171328034274836,17.462203766938195,1,1,1,validated_position_specialists,,unavailable,,0,0
2026-10-07,前橋,8,082220261007,1791382200,1791381900,2,2,15423,上川直紀,両,91.45,,,,,0.1966763676635601,0.2348172525530384,0.144920620324996,0.17239326629395976,position_specialists,0.2348172525530384,False,,,B,0.375,0.583,,,0.07095929955166222,0.0,0.03439086398366056,0.0774848939780411,0.0011654514395105762,,0,,,0,,23.48172525530384,14.492062032499602,17.239326629395975,2,4,2,validated_position_specialists,,unavailable,,0,0
2026-10-07,前橋,8,082220261007,1791382200,1791381900,3,5,15882,木村優駿,逃,88.07,,,,,0.17554110236493145,0.195443950722823,0.15289321258258098,0.1453288406230618,position_specialists,0.195443950722823,False,,,B,0.518,0.5920000000000001,,,0.09290875753604946,0.0,0.02972630981443644,0.14528417620882708,0.0033052967054972068,,0,,,0,,19.5443950722823,15.2893212582581,14.53288406230618,3,3,4,validated_position_specialists,,unavailable,,0,0
2026-10-07,前橋,8,082220261007,1791382200,1791381900,4,1,14378,加賀山淳,逃,91.66,,,,,0.24662460000049727,0.14580140415132278,0.21851779243512337,0.16809636834070282,position_specialists,0.14580140415132278,False,,,B,0.3329999999999999,0.5,,,-0.3091354800638161,0.0,-0.16096360193702708,0.022599760743595314,0.0025792777759660276,,0,,,0,,14.580140415132279,21.85177924351234,16.809636834070282,4,2,3,validated_position_specialists,,unavailable,,0,0
2026-10-07,前橋,8,082220261007,1791382200,1791381900,5,6,13188,山田幸司,追,87.56,,,,,0.0469378135708934,0.042812105712504406,0.09246297372911479,0.09237059617584686,position_specialists,0.042812105712504406,False,,,B,0.47,0.647,,,0.09859360391114612,0.0,0.07267530437136324,-0.04519952148719068,0.0025792777759660276,,0,,,0,,4.2812105712504405,9.24629737291148,9.237059617584686,5,5,7,validated_position_specialists,,unavailable,,0,0
2026-10-07,前橋,8,082220261007,1791382200,1791381900,6,4,13538,小林圭介,追,90.16,,,,,0.061208076092202995,0.03726348004273722,0.0787239940441318,0.13380709983581446,position_specialists,0.03726348004273722,False,,,B,0.166,0.3329999999999999,,,-0.06058209459156108,0.0,-0.182255026668728,-0.08394196847621124,0.00017195185173106837,,0,,,0,,3.7263480042737216,7.872399404413181,13.380709983581445,6,7,5,validated_position_specialists,,unavailable,,0,0
2026-10-07,前橋,8,082220261007,1791382200,1791381900,7,7,13908,菅田和宏,逃,83.36,,,,,0.03513684468200617,0.020652374164248345,0.08076812654130469,0.11338179106123226,position_specialists,0.020652374164248345,False,,,B,0.28,0.4,,,0.014347156120470144,0.0,-0.0020277547363524743,-0.08394196847621124,0.0005731728391035616,,0,,,0,,2.0652374164248344,8.076812654130471,11.338179106123226,7,6,6,validated_position_specialists,,unavailable,,0,0
2026-10-07,大垣,9,094420261007,1791382800,1791382500,1,2,15875,邊見竜馬,逃,95.04,,,,,0.749588137543968,0.838463599045247,0.491754612821523,0.5054820357053564,position_specialists,0.838463599045247,False,,0.7715081932403041,S,0.809,0.904,,,0.22124398761012806,0.0,0.02154011112122836,0.1928332652845938,0.004726096683995115,,0,,,0,,83.8463599045247,49.1754612821523,50.548203570535655,1,1,1,validated_position_specialists,,unavailable,,0,0
2026-10-07,大垣,9,094420261007,1791382800,1791382500,2,3,15434,片桐善也,逃,92.14,,,,,0.10557102936349393,0.06695540580494297,0.16010077375786555,0.1191522123381447,position_specialists,0.06695540580494297,False,,,S,0.428,0.476,,,0.02081983032436374,0.0,0.00846537334217453,-0.016826637459388644,0.00026712720387798473,,0,,,0,,6.695540580494297,16.010077375786555,11.915221233814473,2,2,2,validated_position_specialists,,unavailable,,0,0
2026-10-07,大垣,9,094420261007,1791382800,1791382500,3,1,13901,山田敦也,追,95.28,,,,,0.07626735281589588,0.056420617575576565,0.08545755719437617,0.09507033752400884,position_specialists,0.056420617575576565,False,,,S,0.57,0.809,,,-0.02603795149375574,0.0,0.0951341739336724,-0.042739659146847145,0.000955493460025099,,0,,,0,,5.642061757557657,8.545755719437617,9.507033752400886,3,3,3,validated_position_specialists,,unavailable,,0,0
2026-10-07,大垣,9,094420261007,1791382800,1791382500,4,4,14444,星野辰也,追,90.2,,,,,0.0355089927694045,0.025305129050286403,0.08223336253398546,0.06663484853621642,position_specialists,0.025305129050286403,False,,,S,0.5,0.75,,,0.11654732376597075,0.0,0.0951341739336724,-0.042739659146847145,0.0008835745974425649,,0,,,0,,2.5305129050286403,8.223336253398546,6.663484853621643,4,4,6,validated_position_specialists,,unavailable,,0,0
2026-10-07,大垣,9,094420261007,1791382800,1791382500,5,5,14024,櫻井丈,追,86.66,,,,,0.011759212294551007,0.005355030554360075,0.050457245764108746,0.06998761138195103,position_specialists,0.005355030554360075,False,,,S,0.3329999999999999,0.5,,,-0.017068781091205458,0.0,-0.04203725166218557,-0.042739659146847145,0.0010274123226076334,,0,,,0,,0.5355030554360075,5.0457245764108745,6.998761138195105,5,7,5,validated_position_specialists,,unavailable,,0,0
2026-10-07,大垣,9,094420261007,1791382800,1791382500,6,7,15234,八嶋稔真,逃,84.66,,,,,0.015227332348744325,0.005253534581408906,0.06998311702746217,0.07710980619797601,position_specialists,0.005253534581408906,False,,,S,0.428,0.428,,,-0.17818113365283716,0.0,-0.11624292202463435,-0.005047991237816594,0.000523980284529893,,0,,,0,,0.5253534581408906,6.998311702746217,7.710980619797603,6,5,4,validated_position_specialists,,unavailable,,0,0
2026-10-07,大垣,9,094420261007,1791382800,1791382500,7,6,14673,松田大,両,84.7,,,,,0.006077942863942284,0.002246683388178155,0.06001333090067891,0.06656314831634651,position_specialists,0.002246683388178155,False,,,S,0.3329999999999999,0.4579999999999999,,,-0.1373232754626641,0.0,-0.06199365864392771,-0.042739659146847145,0.0016027632232679084,,0,,,0,,0.2246683388178155,6.001333090067891,6.656314831634653,7,6,7,validated_position_specialists,,unavailable,,0,0
2026-10-07,前橋,9,092220261007,1791383400,1791383100,1,1,15162,蕗澤鴻太郎,逃,94.94,,,,,0.5886897011787691,0.7024102656354873,0.27840814305954464,0.28663876211098416,position_specialists,0.7024102656354873,False,,0.5125128773326738,S,0.722,0.777,,,0.21926163718161049,0.0,0.13366477342274521,-0.04960833142815026,0.0034668762264076806,,0,,,0,,70.24102656354873,27.840814305954463,28.663876211098415,1,1,1,validated_position_specialists,,unavailable,,0,0
2026-10-07,前橋,9,092220261007,1791383400,1791383100,2,2,14136,金澤竜二,両,93.23,,,,,0.24221100134548348,0.1898973883028134,0.26708409691327234,0.18877321703611058,position_specialists,0.1898973883028134,False,,,S,0.475,0.619,,,-0.04052071685313572,0.0,0.09299158878196259,-0.04960833142815026,0.0004160251471689221,,0,,,0,,18.98973883028134,26.708409691327233,18.87732170361106,2,2,2,validated_position_specialists,,unavailable,,0,0
2026-10-07,前橋,9,092220261007,1791383400,1791383100,3,4,14225,伊藤亮,追,89.28,,,,,0.057950780843431075,0.041956123627012974,0.08809919025999204,0.08580472852238834,position_specialists,0.041956123627012974,False,,,S,0.434,0.434,,,0.1274821605000559,0.0,0.061610270138466976,-0.04960833142815026,0.0010400628679223044,,0,,,0,,4.195612362701297,8.809919025999204,8.580472852238834,3,5,7,validated_position_specialists,,unavailable,,0,0
2026-10-07,前橋,9,092220261007,1791383400,1791383100,4,3,13827,佐藤雅彦,追,89.52,,,,,0.047435603447307816,0.036494633935450195,0.12028902685681267,0.11740522559736428,position_specialists,0.036494633935450195,False,,,S,0.428,0.7609999999999999,,,-0.007480105247776127,0.0,0.02441444494578298,0.18425951673312954,6.933752452815312e-05,,0,,,0,,3.6494633935450196,12.028902685681267,11.740522559736428,4,3,3,validated_position_specialists,,unavailable,,0,0
2026-10-07,前橋,9,092220261007,1791383400,1791383100,5,7,15617,添田龍児,逃,85.4,,,,,0.023103402152430653,0.01233852239396679,0.07406575183718796,0.11739825360849517,position_specialists,0.01233852239396679,False,,,S,0.259,0.518,,,0.021017967549452607,0.0,-0.02674754044636754,0.028347617958943014,6.933752452815312e-05,,0,,,0,,1.233852239396679,7.406575183718796,11.739825360849517,5,7,4,validated_position_specialists,,unavailable,,0,0
2026-10-07,前橋,9,092220261007,1791383400,1791383100,6,6,14164,田中孝彦,追,87.83,,,,,0.022119340973249264,0.011061250740454368,0.0809527039418458,0.10136176168889426,position_specialists,0.011061250740454368,False,,,S,0.29,0.583,,,-0.0524984838476847,0.0,-0.049977205439585025,-0.014173808979471497,0.0004160251471689221,,0,,,0,,1.1061250740454367,8.09527039418458,10.136176168889426,6,6,6,validated_position_specialists,,unavailable,,0,0
2026-10-07,前橋,9,092220261007,1791383400,1791383100,7,5,12501,金子真也,追,88.83,,,,,0.01849017005932865,0.005841815364814973,0.0911010871313446,0.10261805143576319,position_specialists,0.005841815364814973,False,,,S,0.166,0.166,,,-0.2672624592825224,0.0,-0.235956331403005,-0.04960833142815026,0.0038135638490484508,,0,,,0,,0.5841815364814973,9.11010871313446,10.26180514357632,7,4,5,validated_position_specialists,,unavailable,,0,0
