date,venue,race_no,race_id,start_at_x,close_at_x,seconds_to_close_at_prediction,strategy_version,bet_type,bet_label,candidate_rank,buy,prob,odds_used,expected_profit_100yen,is_selected,stake_yen,return_if_hit_yen,profit_if_hit_yen,loss_amount_yen,expected_profit_yen,purchase_authorized,authorization_reason,model_sha256,prediction_created_at_jst,odds_snapshot,actual_trifecta,actual_trifecta_odds,race_status,start_at_y,close_at_y,decided_at,official_result_available,source_url,actual_trio,actual_exacta,actual_quinella,actual_bracket_exacta,actual_bracket_quinella,actual_quinella_place,payouts_trifecta_json,payouts_trio_json,payouts_exacta_json,payouts_quinella_json,payouts_quinella_place_json,payouts_bracket_exacta_json,payouts_bracket_quinella_json,actual_for_bet_type,is_decided,display_status,is_hit,actual_return_yen,actual_profit_yen
2026-09-26,青森,4,041220260926,1790383200,1790382900,1045,near_close_v2_20260805,quinella_place,ワイド,2,3-4,0.3431568089682079,16.1,452,True,10000,161000.0,151000.0,10000,45200.0,False,external holdout ROI target was not met,02f306055c6d5e2aa86381af2f1bff6fb6d903971941dfd9ad4dfe47a943b6cd,2026-09-26T09:17:34+09:00,5-40 minutes before close,,,,,,,,,,,,,,,,,,,,,,,False,結果取得待ち,False,,
2026-09-26,別府,3,038620260926,1790407920,1790407620,781,near_close_v2_20260805,trifecta,3連単,1,2-4-3,0.1484001416688044,61.6,814,True,10000,616000.0,606000.0,10000,81400.0,False,external holdout ROI target was not met,02f306055c6d5e2aa86381af2f1bff6fb6d903971941dfd9ad4dfe47a943b6cd,2026-09-26T16:13:59+09:00,5-40 minutes before close,,,,,,,,,,,,,,,,,,,,,,,False,結果取得待ち,False,,
2026-09-26,奈良,5,055320260926,1790428680,1790428380,1699,near_close_v2_20260805,quinella_place,ワイド,1,1-2,0.7741004256006809,5.5,326,True,4500,24750.0,20250.0,4500,14670.0,False,external holdout ROI target was not met,02f306055c6d5e2aa86381af2f1bff6fb6d903971941dfd9ad4dfe47a943b6cd,2026-09-26T21:44:40+09:00,5-40 minutes before close,,,,,,,,,,,,,,,,,,,,,,,False,結果取得待ち,False,,
2026-09-26,奈良,5,055320260926,1790428680,1790428380,1699,near_close_v2_20260805,trifecta,3連単,1,1-2-4,0.1900640054626736,60.1,1042,True,3500,210350.0,206850.0,3500,36470.0,False,external holdout ROI target was not met,02f306055c6d5e2aa86381af2f1bff6fb6d903971941dfd9ad4dfe47a943b6cd,2026-09-26T21:44:40+09:00,5-40 minutes before close,,,,,,,,,,,,,,,,,,,,,,,False,結果取得待ち,False,,
2026-09-26,奈良,5,055320260926,1790428680,1790428380,1699,near_close_v2_20260805,trifecta,3連単,2,2-1-4,0.126528510049027,75.6,857,True,2000,151200.0,149200.0,2000,17140.0,False,external holdout ROI target was not met,02f306055c6d5e2aa86381af2f1bff6fb6d903971941dfd9ad4dfe47a943b6cd,2026-09-26T21:44:40+09:00,5-40 minutes before close,,,,,,,,,,,,,,,,,,,,,,,False,結果取得待ち,False,,
2026-09-27,青森,2,021220260927,1790466600,1790466300,321,near_close_v2_20260805,exacta,2車単,1,7-5,0.2483283823066531,51.4,1176,True,5800,298120.0,292320.0,5800,68208.0,False,external holdout ROI target was not met,02f306055c6d5e2aa86381af2f1bff6fb6d903971941dfd9ad4dfe47a943b6cd,2026-09-27T08:39:39+09:00,5-40 minutes before close,,,,,,,,,,,,,,,,,,,,,,,False,結果取得待ち,False,,
2026-09-27,青森,2,021220260927,1790466600,1790466300,321,near_close_v2_20260805,trifecta,3連単,2,7-5-1,0.0764616022600983,202.0,1445,True,2200,444400.0,442200.0,2200,31790.0,False,external holdout ROI target was not met,02f306055c6d5e2aa86381af2f1bff6fb6d903971941dfd9ad4dfe47a943b6cd,2026-09-27T08:39:39+09:00,5-40 minutes before close,,,,,,,,,,,,,,,,,,,,,,,False,結果取得待ち,False,,
2026-09-27,青森,2,021220260927,1790466600,1790466300,321,near_close_v2_20260805,trifecta,3連単,1,7-5-3,0.0764651086615339,179.7,1274,True,2000,359400.0,357400.0,2000,25480.0,False,external holdout ROI target was not met,02f306055c6d5e2aa86381af2f1bff6fb6d903971941dfd9ad4dfe47a943b6cd,2026-09-27T08:39:39+09:00,5-40 minutes before close,,,,,,,,,,,,,,,,,,,,,,,False,結果取得待ち,False,,
2026-09-27,岐阜,7,074320260927,1790500080,1790499780,1263,near_close_v2_20260805,trifecta,3連単,2,9-2-1,0.0841935512366633,124.8,951,True,10000,1248000.0,1238000.0,10000,95100.0,False,external holdout ROI target was not met,02f306055c6d5e2aa86381af2f1bff6fb6d903971941dfd9ad4dfe47a943b6cd,2026-09-27T17:41:57+09:00,5-40 minutes before close,,,,,,,,,,,,,,,,,,,,,,,False,結果取得待ち,False,,
2026-09-27,岐阜,12,124320260927,1790508600,1790508300,696,near_close_v2_20260805,trifecta,3連単,3,7-2-1,0.0862243837840696,133.5,1051,True,10000,1335000.0,1325000.0,10000,105100.0,False,external holdout ROI target was not met,02f306055c6d5e2aa86381af2f1bff6fb6d903971941dfd9ad4dfe47a943b6cd,2026-09-27T20:13:23+09:00,5-40 minutes before close,,,,,,,,,,,,,,,,,,,,,,,False,結果取得待ち,False,,
2026-09-27,いわき平,7,071320260927,1790516400,1790516100,1263,near_close_v2_20260805,exacta,2車単,2,2-3,0.1964517870307037,64.0,1157,True,10000,640000.0,630000.0,10000,115700.0,False,external holdout ROI target was not met,02f306055c6d5e2aa86381af2f1bff6fb6d903971941dfd9ad4dfe47a943b6cd,2026-09-27T22:13:56+09:00,5-40 minutes before close,,,,,,,,,,,,,,,,,,,,,,,False,結果取得待ち,False,,
2026-09-27,玉野,8,086120260927,1790518200,1790517900,1427,near_close_v2_20260805,quinella_place,ワイド,2,1-5,0.4327804463899753,13.1,467,True,10000,131000.0,121000.0,10000,46700.0,False,external holdout ROI target was not met,02f306055c6d5e2aa86381af2f1bff6fb6d903971941dfd9ad4dfe47a943b6cd,2026-09-27T22:41:12+09:00,5-40 minutes before close,,,,,,,,,,,,,,,,,,,,,,,False,結果取得待ち,False,,
2026-09-27,いわき平,9,091320260927,1790518800,1790518500,2027,near_close_v2_20260805,trifecta,3連単,1,1-2-4,0.1509409822874615,78.9,1091,True,6200,489180.0,482980.0,6200,67642.0,False,external holdout ROI target was not met,02f306055c6d5e2aa86381af2f1bff6fb6d903971941dfd9ad4dfe47a943b6cd,2026-09-27T22:41:12+09:00,5-40 minutes before close,,,,,,,,,,,,,,,,,,,,,,,False,結果取得待ち,False,,
2026-09-27,いわき平,9,091320260927,1790518800,1790518500,2027,near_close_v2_20260805,trifecta,3連単,3,1-4-2,0.0927736816032927,126.4,1073,True,3800,480320.0,476520.0,3800,40774.0,False,external holdout ROI target was not met,02f306055c6d5e2aa86381af2f1bff6fb6d903971941dfd9ad4dfe47a943b6cd,2026-09-27T22:41:12+09:00,5-40 minutes before close,,,,,,,,,,,,,,,,,,,,,,,False,結果取得待ち,False,,
2026-09-28,広島,2,026220260928,1790561340,1790561040,1300,near_close_v2_20260805,quinella_place,ワイド,1,2-5,0.2473744932110352,19.0,370,True,10000,190000.0,180000.0,10000,37000.0,False,external holdout ROI target was not met,02f306055c6d5e2aa86381af2f1bff6fb6d903971941dfd9ad4dfe47a943b6cd,2026-09-28T10:42:20+09:00,5-40 minutes before close,,,,,,,,,,,,,,,,,,,,,,,False,結果取得待ち,False,,
2026-09-28,岸和田,3,035620260928,1790563740,1790563440,1620,near_close_v2_20260805,trifecta,3連単,2,3-6-5,0.1515904914998962,98.7,1396,True,10000,987000.0,977000.0,10000,139600.0,False,external holdout ROI target was not met,02f306055c6d5e2aa86381af2f1bff6fb6d903971941dfd9ad4dfe47a943b6cd,2026-09-28T11:16:59+09:00,5-40 minutes before close,,,,,,,,,,,,,,,,,,,,,,,False,結果取得待ち,False,,
2026-09-28,広島,8,086220260928,1790570460,1790570160,1185,near_close_v2_20260805,quinella_place,ワイド,3,3-4,0.2479008563036281,48.1,1092,True,10000,481000.0,471000.0,10000,109200.0,False,external holdout ROI target was not met,02f306055c6d5e2aa86381af2f1bff6fb6d903971941dfd9ad4dfe47a943b6cd,2026-09-28T13:16:14+09:00,5-40 minutes before close,,,,,,,,,,,,,,,,,,,,,,,False,結果取得待ち,False,,
2026-09-28,岸和田,8,085620260928,1790571660,1790571360,609,near_close_v2_20260805,exacta,2車単,1,1-7,0.2972075619642279,30.9,818,True,4000,123600.0,119600.0,4000,32720.0,False,external holdout ROI target was not met,02f306055c6d5e2aa86381af2f1bff6fb6d903971941dfd9ad4dfe47a943b6cd,2026-09-28T13:45:51+09:00,5-40 minutes before close,,,,,,,,,,,,,,,,,,,,,,,False,結果取得待ち,False,,
2026-09-28,岸和田,8,085620260928,1790571660,1790571360,609,near_close_v2_20260805,trifecta,3連単,2,7-1-5,0.1166351089220231,176.9,1963,True,3700,654530.0,650830.0,3700,72631.0,False,external holdout ROI target was not met,02f306055c6d5e2aa86381af2f1bff6fb6d903971941dfd9ad4dfe47a943b6cd,2026-09-28T13:45:51+09:00,5-40 minutes before close,,,,,,,,,,,,,,,,,,,,,,,False,結果取得待ち,False,,
2026-09-28,岸和田,8,085620260928,1790571660,1790571360,609,near_close_v2_20260805,trifecta,3連単,1,1-7-5,0.1302493195377425,89.1,1061,True,2300,204930.0,202630.0,2300,24403.0,False,external holdout ROI target was not met,02f306055c6d5e2aa86381af2f1bff6fb6d903971941dfd9ad4dfe47a943b6cd,2026-09-28T13:45:51+09:00,5-40 minutes before close,,,,,,,,,,,,,,,,,,,,,,,False,結果取得待ち,False,,
2026-09-28,武雄,9,098420260928,1790572860,1790572560,1809,near_close_v2_20260805,quinella_place,ワイド,3,1-6,0.3184997240732543,16.8,435,True,10000,168000.0,158000.0,10000,43500.0,False,external holdout ROI target was not met,02f306055c6d5e2aa86381af2f1bff6fb6d903971941dfd9ad4dfe47a943b6cd,2026-09-28T13:45:51+09:00,5-40 minutes before close,,,,,,,,,,,,,,,,,,,,,,,False,結果取得待ち,False,,
2026-09-28,武雄,10,108420260928,1790574780,1790574480,1879,near_close_v2_20260805,exacta,2車単,7,2-3,0.0623803638751755,153.8,859,True,10000,1538000.0,1528000.0,10000,85900.0,False,external holdout ROI target was not met,02f306055c6d5e2aa86381af2f1bff6fb6d903971941dfd9ad4dfe47a943b6cd,2026-09-28T14:16:40+09:00,5-40 minutes before close,,,,,,,,,,,,,,,,,,,,,,,False,結果取得待ち,False,,
2026-09-28,平塚,1,013520260928,1790577240,1790576940,548,near_close_v2_20260805,quinella_place,ワイド,3,3-4,0.548885877059893,7.8,328,True,10000,78000.0,68000.0,10000,32800.0,False,external holdout ROI target was not met,02f306055c6d5e2aa86381af2f1bff6fb6d903971941dfd9ad4dfe47a943b6cd,2026-09-28T15:19:52+09:00,5-40 minutes before close,,,,,,,,,,,,,,,,,,,,,,,False,結果取得待ち,False,,
2026-09-28,平塚,4,043520260928,1790582040,1790581740,1918,near_close_v2_20260805,quinella_place,ワイド,3,5-7,0.1532961769285186,81.3,1146,True,10000,813000.0,803000.0,10000,114600.0,False,external holdout ROI target was not met,02f306055c6d5e2aa86381af2f1bff6fb6d903971941dfd9ad4dfe47a943b6cd,2026-09-28T16:17:01+09:00,5-40 minutes before close,,,,,,,,,,,,,,,,,,,,,,,False,結果取得待ち,False,,
2026-09-28,玉野,7,076120260928,1790603400,1790603100,1738,near_close_v2_20260805,quinella_place,ワイド,1,3-4,0.4557951618337296,9.3,324,True,10000,93000.0,83000.0,10000,32400.0,False,external holdout ROI target was not met,02f306055c6d5e2aa86381af2f1bff6fb6d903971941dfd9ad4dfe47a943b6cd,2026-09-28T22:16:01+09:00,5-40 minutes before close,,,,,,,,,,,,,,,,,,,,,,,False,結果取得待ち,False,,
2026-09-29,防府,1,016320260929,1790638200,1790637900,750,near_close_v2_20260805,trifecta,3連単,1,5-1-7,0.1058048621509069,52.5,455,True,2600,136500.0,133900.0,2600,11830.0,False,external holdout ROI target was not met,02f306055c6d5e2aa86381af2f1bff6fb6d903971941dfd9ad4dfe47a943b6cd,2026-09-29T08:12:29+09:00,5-40 minutes before close,3-4-2,1685.9,3.0,1790638200.0,1790637900.0,1790639044.0,True,https://www.winticket.jp/keirin/hofu/racecard/2026092963/1/1,2-3-4,3-4,3-4,3-4,3-4,2-3|2-4|3-4,"{""3-4-2"": 168590}","{""2-3-4"": 13950}","{""3-4"": 17650}","{""3-4"": 9460}","{""2-3"": 1570, ""2-4"": 2850, ""3-4"": 1080}",{},{},3-4-2,True,確定,False,0.0,-2600.0
2026-09-29,防府,1,016320260929,1790638200,1790637900,750,near_close_v2_20260805,trifecta,3連単,2,5-7-1,0.090892671638,24.7,125,True,600,14820.0,14220.0,600,750.0,False,external holdout ROI target was not met,02f306055c6d5e2aa86381af2f1bff6fb6d903971941dfd9ad4dfe47a943b6cd,2026-09-29T08:12:29+09:00,5-40 minutes before close,3-4-2,1685.9,3.0,1790638200.0,1790637900.0,1790639044.0,True,https://www.winticket.jp/keirin/hofu/racecard/2026092963/1/1,2-3-4,3-4,3-4,3-4,3-4,2-3|2-4|3-4,"{""3-4-2"": 168590}","{""2-3-4"": 13950}","{""3-4"": 17650}","{""3-4"": 9460}","{""2-3"": 1570, ""2-4"": 2850, ""3-4"": 1080}",{},{},3-4-2,True,確定,False,0.0,-600.0
2026-09-29,防府,1,016320260929,1790638200,1790637900,750,near_close_v2_20260805,trifecta,3連単,3,1-5-7,0.0855902367913738,88.3,656,True,3000,264900.0,261900.0,3000,19680.0,False,external holdout ROI target was not met,02f306055c6d5e2aa86381af2f1bff6fb6d903971941dfd9ad4dfe47a943b6cd,2026-09-29T08:12:29+09:00,5-40 minutes before close,3-4-2,1685.9,3.0,1790638200.0,1790637900.0,1790639044.0,True,https://www.winticket.jp/keirin/hofu/racecard/2026092963/1/1,2-3-4,3-4,3-4,3-4,3-4,2-3|2-4|3-4,"{""3-4-2"": 168590}","{""2-3-4"": 13950}","{""3-4"": 17650}","{""3-4"": 9460}","{""2-3"": 1570, ""2-4"": 2850, ""3-4"": 1080}",{},{},3-4-2,True,確定,False,0.0,-3000.0
2026-09-29,防府,1,016320260929,1790638200,1790637900,750,near_close_v2_20260805,trifecta,3連単,4,7-5-1,0.0683978265507398,24.8,70,True,300,7440.0,7140.0,300,210.0,False,external holdout ROI target was not met,02f306055c6d5e2aa86381af2f1bff6fb6d903971941dfd9ad4dfe47a943b6cd,2026-09-29T08:12:29+09:00,5-40 minutes before close,3-4-2,1685.9,3.0,1790638200.0,1790637900.0,1790639044.0,True,https://www.winticket.jp/keirin/hofu/racecard/2026092963/1/1,2-3-4,3-4,3-4,3-4,3-4,2-3|2-4|3-4,"{""3-4-2"": 168590}","{""2-3-4"": 13950}","{""3-4"": 17650}","{""3-4"": 9460}","{""2-3"": 1570, ""2-4"": 2850, ""3-4"": 1080}",{},{},3-4-2,True,確定,False,0.0,-300.0
2026-09-29,防府,1,016320260929,1790638200,1790637900,750,near_close_v2_20260805,trifecta,3連単,5,1-7-5,0.0541009540781264,53.9,192,True,600,32340.0,31740.0,600,1152.0,False,external holdout ROI target was not met,02f306055c6d5e2aa86381af2f1bff6fb6d903971941dfd9ad4dfe47a943b6cd,2026-09-29T08:12:29+09:00,5-40 minutes before close,3-4-2,1685.9,3.0,1790638200.0,1790637900.0,1790639044.0,True,https://www.winticket.jp/keirin/hofu/racecard/2026092963/1/1,2-3-4,3-4,3-4,3-4,3-4,2-3|2-4|3-4,"{""3-4-2"": 168590}","{""2-3-4"": 13950}","{""3-4"": 17650}","{""3-4"": 9460}","{""2-3"": 1570, ""2-4"": 2850, ""3-4"": 1080}",{},{},3-4-2,True,確定,False,0.0,-600.0
2026-09-29,防府,1,016320260929,1790638200,1790637900,750,near_close_v2_20260805,trifecta,3連単,6,7-1-5,0.0503268506979188,20.0,1,True,100,2000.0,1900.0,100,1.0,False,external holdout ROI target was not met,02f306055c6d5e2aa86381af2f1bff6fb6d903971941dfd9ad4dfe47a943b6cd,2026-09-29T08:12:29+09:00,5-40 minutes before close,3-4-2,1685.9,3.0,1790638200.0,1790637900.0,1790639044.0,True,https://www.winticket.jp/keirin/hofu/racecard/2026092963/1/1,2-3-4,3-4,3-4,3-4,3-4,2-3|2-4|3-4,"{""3-4-2"": 168590}","{""2-3-4"": 13950}","{""3-4"": 17650}","{""3-4"": 9460}","{""2-3"": 1570, ""2-4"": 2850, ""3-4"": 1080}",{},{},3-4-2,True,確定,False,0.0,-100.0
2026-09-29,防府,1,016320260929,1790638200,1790637900,750,near_close_v2_20260805,trifecta,3連単,7,5-1-3,0.0445893618812221,72.5,223,True,600,43500.0,42900.0,600,1338.0,False,external holdout ROI target was not met,02f306055c6d5e2aa86381af2f1bff6fb6d903971941dfd9ad4dfe47a943b6cd,2026-09-29T08:12:29+09:00,5-40 minutes before close,3-4-2,1685.9,3.0,1790638200.0,1790637900.0,1790639044.0,True,https://www.winticket.jp/keirin/hofu/racecard/2026092963/1/1,2-3-4,3-4,3-4,3-4,3-4,2-3|2-4|3-4,"{""3-4-2"": 168590}","{""2-3-4"": 13950}","{""3-4"": 17650}","{""3-4"": 9460}","{""2-3"": 1570, ""2-4"": 2850, ""3-4"": 1080}",{},{},3-4-2,True,確定,False,0.0,-600.0
2026-09-29,防府,1,016320260929,1790638200,1790637900,750,near_close_v2_20260805,trifecta,3連単,8,1-5-3,0.0360703087193366,125.1,351,True,700,87570.0,86870.0,700,2457.0,False,external holdout ROI target was not met,02f306055c6d5e2aa86381af2f1bff6fb6d903971941dfd9ad4dfe47a943b6cd,2026-09-29T08:12:29+09:00,5-40 minutes before close,3-4-2,1685.9,3.0,1790638200.0,1790637900.0,1790639044.0,True,https://www.winticket.jp/keirin/hofu/racecard/2026092963/1/1,2-3-4,3-4,3-4,3-4,3-4,2-3|2-4|3-4,"{""3-4-2"": 168590}","{""2-3-4"": 13950}","{""3-4"": 17650}","{""3-4"": 9460}","{""2-3"": 1570, ""2-4"": 2850, ""3-4"": 1080}",{},{},3-4-2,True,確定,False,0.0,-700.0
2026-09-29,防府,1,016320260929,1790638200,1790637900,750,near_close_v2_20260805,trifecta,3連単,13,3-5-1,0.0192818813615676,76.6,48,True,100,7660.0,7560.0,100,48.0,False,external holdout ROI target was not met,02f306055c6d5e2aa86381af2f1bff6fb6d903971941dfd9ad4dfe47a943b6cd,2026-09-29T08:12:29+09:00,5-40 minutes before close,3-4-2,1685.9,3.0,1790638200.0,1790637900.0,1790639044.0,True,https://www.winticket.jp/keirin/hofu/racecard/2026092963/1/1,2-3-4,3-4,3-4,3-4,3-4,2-3|2-4|3-4,"{""3-4-2"": 168590}","{""2-3-4"": 13950}","{""3-4"": 17650}","{""3-4"": 9460}","{""2-3"": 1570, ""2-4"": 2850, ""3-4"": 1080}",{},{},3-4-2,True,確定,False,0.0,-100.0
2026-09-29,防府,1,016320260929,1790638200,1790637900,750,near_close_v2_20260805,trifecta,3連単,14,1-3-5,0.018665190220281,205.1,283,True,300,61530.0,61230.0,300,849.0,False,external holdout ROI target was not met,02f306055c6d5e2aa86381af2f1bff6fb6d903971941dfd9ad4dfe47a943b6cd,2026-09-29T08:12:29+09:00,5-40 minutes before close,3-4-2,1685.9,3.0,1790638200.0,1790637900.0,1790639044.0,True,https://www.winticket.jp/keirin/hofu/racecard/2026092963/1/1,2-3-4,3-4,3-4,3-4,3-4,2-3|2-4|3-4,"{""3-4-2"": 168590}","{""2-3-4"": 13950}","{""3-4"": 17650}","{""3-4"": 9460}","{""2-3"": 1570, ""2-4"": 2850, ""3-4"": 1080}",{},{},3-4-2,True,確定,False,0.0,-300.0
2026-09-29,防府,1,016320260929,1790638200,1790637900,750,near_close_v2_20260805,trifecta,3連単,16,3-1-5,0.0151113578378761,175.4,165,True,200,35080.0,34880.0,200,330.0,False,external holdout ROI target was not met,02f306055c6d5e2aa86381af2f1bff6fb6d903971941dfd9ad4dfe47a943b6cd,2026-09-29T08:12:29+09:00,5-40 minutes before close,3-4-2,1685.9,3.0,1790638200.0,1790637900.0,1790639044.0,True,https://www.winticket.jp/keirin/hofu/racecard/2026092963/1/1,2-3-4,3-4,3-4,3-4,3-4,2-3|2-4|3-4,"{""3-4-2"": 168590}","{""2-3-4"": 13950}","{""3-4"": 17650}","{""3-4"": 9460}","{""2-3"": 1570, ""2-4"": 2850, ""3-4"": 1080}",{},{},3-4-2,True,確定,False,0.0,-200.0
2026-09-29,防府,1,016320260929,1790638200,1790637900,750,near_close_v2_20260805,trifecta,3連単,18,5-1-2,0.0125250266015455,262.7,229,True,200,52540.0,52340.0,200,458.0,False,external holdout ROI target was not met,02f306055c6d5e2aa86381af2f1bff6fb6d903971941dfd9ad4dfe47a943b6cd,2026-09-29T08:12:29+09:00,5-40 minutes before close,3-4-2,1685.9,3.0,1790638200.0,1790637900.0,1790639044.0,True,https://www.winticket.jp/keirin/hofu/racecard/2026092963/1/1,2-3-4,3-4,3-4,3-4,3-4,2-3|2-4|3-4,"{""3-4-2"": 168590}","{""2-3-4"": 13950}","{""3-4"": 17650}","{""3-4"": 9460}","{""2-3"": 1570, ""2-4"": 2850, ""3-4"": 1080}",{},{},3-4-2,True,確定,False,0.0,-200.0
2026-09-29,防府,1,016320260929,1790638200,1790637900,750,near_close_v2_20260805,trifecta,3連単,23,1-3-7,0.00951850632647,171.5,63,True,100,17150.0,17050.0,100,63.0,False,external holdout ROI target was not met,02f306055c6d5e2aa86381af2f1bff6fb6d903971941dfd9ad4dfe47a943b6cd,2026-09-29T08:12:29+09:00,5-40 minutes before close,3-4-2,1685.9,3.0,1790638200.0,1790637900.0,1790639044.0,True,https://www.winticket.jp/keirin/hofu/racecard/2026092963/1/1,2-3-4,3-4,3-4,3-4,3-4,2-3|2-4|3-4,"{""3-4-2"": 168590}","{""2-3-4"": 13950}","{""3-4"": 17650}","{""3-4"": 9460}","{""2-3"": 1570, ""2-4"": 2850, ""3-4"": 1080}",{},{},3-4-2,True,確定,False,0.0,-100.0
2026-09-29,防府,1,016320260929,1790638200,1790637900,750,near_close_v2_20260805,trifecta,3連単,27,3-1-7,0.0077061928372467,179.3,38,True,100,17930.0,17830.0,100,38.0,False,external holdout ROI target was not met,02f306055c6d5e2aa86381af2f1bff6fb6d903971941dfd9ad4dfe47a943b6cd,2026-09-29T08:12:29+09:00,5-40 minutes before close,3-4-2,1685.9,3.0,1790638200.0,1790637900.0,1790639044.0,True,https://www.winticket.jp/keirin/hofu/racecard/2026092963/1/1,2-3-4,3-4,3-4,3-4,3-4,2-3|2-4|3-4,"{""3-4-2"": 168590}","{""2-3-4"": 13950}","{""3-4"": 17650}","{""3-4"": 9460}","{""2-3"": 1570, ""2-4"": 2850, ""3-4"": 1080}",{},{},3-4-2,True,確定,False,0.0,-100.0
2026-09-29,防府,1,016320260929,1790638200,1790637900,750,near_close_v2_20260805,trifecta,3連単,28,5-2-1,0.0073760432773039,416.7,207,True,100,41670.0,41570.0,100,207.0,False,external holdout ROI target was not met,02f306055c6d5e2aa86381af2f1bff6fb6d903971941dfd9ad4dfe47a943b6cd,2026-09-29T08:12:29+09:00,5-40 minutes before close,3-4-2,1685.9,3.0,1790638200.0,1790637900.0,1790639044.0,True,https://www.winticket.jp/keirin/hofu/racecard/2026092963/1/1,2-3-4,3-4,3-4,3-4,3-4,2-3|2-4|3-4,"{""3-4-2"": 168590}","{""2-3-4"": 13950}","{""3-4"": 17650}","{""3-4"": 9460}","{""2-3"": 1570, ""2-4"": 2850, ""3-4"": 1080}",{},{},3-4-2,True,確定,False,0.0,-100.0
2026-09-29,防府,1,016320260929,1790638200,1790637900,750,near_close_v2_20260805,trifecta,3連単,31,1-5-4,0.0063026354316265,275.5,74,True,100,27550.0,27450.0,100,74.0,False,external holdout ROI target was not met,02f306055c6d5e2aa86381af2f1bff6fb6d903971941dfd9ad4dfe47a943b6cd,2026-09-29T08:12:29+09:00,5-40 minutes before close,3-4-2,1685.9,3.0,1790638200.0,1790637900.0,1790639044.0,True,https://www.winticket.jp/keirin/hofu/racecard/2026092963/1/1,2-3-4,3-4,3-4,3-4,3-4,2-3|2-4|3-4,"{""3-4-2"": 168590}","{""2-3-4"": 13950}","{""3-4"": 17650}","{""3-4"": 9460}","{""2-3"": 1570, ""2-4"": 2850, ""3-4"": 1080}",{},{},3-4-2,True,確定,False,0.0,-100.0
2026-09-29,防府,1,016320260929,1790638200,1790637900,750,near_close_v2_20260805,trifecta,3連単,32,5-2-7,0.0058039643850537,268.1,56,True,100,26810.0,26710.0,100,56.0,False,external holdout ROI target was not met,02f306055c6d5e2aa86381af2f1bff6fb6d903971941dfd9ad4dfe47a943b6cd,2026-09-29T08:12:29+09:00,5-40 minutes before close,3-4-2,1685.9,3.0,1790638200.0,1790637900.0,1790639044.0,True,https://www.winticket.jp/keirin/hofu/racecard/2026092963/1/1,2-3-4,3-4,3-4,3-4,3-4,2-3|2-4|3-4,"{""3-4-2"": 168590}","{""2-3-4"": 13950}","{""3-4"": 17650}","{""3-4"": 9460}","{""2-3"": 1570, ""2-4"": 2850, ""3-4"": 1080}",{},{},3-4-2,True,確定,False,0.0,-100.0
2026-09-29,防府,1,016320260929,1790638200,1790637900,750,near_close_v2_20260805,trifecta,3連単,36,5-4-1,0.0045161883209474,234.7,6,True,100,23470.0,23370.0,100,6.0,False,external holdout ROI target was not met,02f306055c6d5e2aa86381af2f1bff6fb6d903971941dfd9ad4dfe47a943b6cd,2026-09-29T08:12:29+09:00,5-40 minutes before close,3-4-2,1685.9,3.0,1790638200.0,1790637900.0,1790639044.0,True,https://www.winticket.jp/keirin/hofu/racecard/2026092963/1/1,2-3-4,3-4,3-4,3-4,3-4,2-3|2-4|3-4,"{""3-4-2"": 168590}","{""2-3-4"": 13950}","{""3-4"": 17650}","{""3-4"": 9460}","{""2-3"": 1570, ""2-4"": 2850, ""3-4"": 1080}",{},{},3-4-2,True,確定,False,0.0,-100.0
2026-09-29,防府,1,016320260929,1790638200,1790637900,750,near_close_v2_20260805,trifecta,3連単,37,5-1-6,0.0039693482871624,336.8,34,True,100,33680.0,33580.0,100,34.0,False,external holdout ROI target was not met,02f306055c6d5e2aa86381af2f1bff6fb6d903971941dfd9ad4dfe47a943b6cd,2026-09-29T08:12:29+09:00,5-40 minutes before close,3-4-2,1685.9,3.0,1790638200.0,1790637900.0,1790639044.0,True,https://www.winticket.jp/keirin/hofu/racecard/2026092963/1/1,2-3-4,3-4,3-4,3-4,3-4,2-3|2-4|3-4,"{""3-4-2"": 168590}","{""2-3-4"": 13950}","{""3-4"": 17650}","{""3-4"": 9460}","{""2-3"": 1570, ""2-4"": 2850, ""3-4"": 1080}",{},{},3-4-2,True,確定,False,0.0,-100.0
2026-09-29,防府,2,026320260929,1790639400,1790639100,1950,near_close_v2_20260805,trifecta,3連単,1,5-2-1,0.1944975790514894,16.7,225,True,3900,65130.0,61230.0,3900,8775.0,False,external holdout ROI target was not met,02f306055c6d5e2aa86381af2f1bff6fb6d903971941dfd9ad4dfe47a943b6cd,2026-09-29T08:12:29+09:00,5-40 minutes before close,7-1-5,164.8,3.0,1790639400.0,1790639100.0,1790640129.0,True,https://www.winticket.jp/keirin/hofu/racecard/2026092963/1/2,1-5-7,7-1,1-7,6-1,1-6,1-5|1-7|5-7,"{""7-1-5"": 16480}","{""1-5-7"": 490}","{""7-1"": 10540}","{""1-7"": 4300}","{""1-5"": 130, ""1-7"": 400, ""5-7"": 240}",{},{},7-1-5,True,確定,False,0.0,-3900.0
2026-09-29,防府,2,026320260929,1790639400,1790639100,1950,near_close_v2_20260805,trifecta,3連単,2,5-2-7,0.1755142449648179,12.1,112,True,1800,21780.0,19980.0,1800,2016.0,False,external holdout ROI target was not met,02f306055c6d5e2aa86381af2f1bff6fb6d903971941dfd9ad4dfe47a943b6cd,2026-09-29T08:12:29+09:00,5-40 minutes before close,7-1-5,164.8,3.0,1790639400.0,1790639100.0,1790640129.0,True,https://www.winticket.jp/keirin/hofu/racecard/2026092963/1/2,1-5-7,7-1,1-7,6-1,1-6,1-5|1-7|5-7,"{""7-1-5"": 16480}","{""1-5-7"": 490}","{""7-1"": 10540}","{""1-7"": 4300}","{""1-5"": 130, ""1-7"": 400, ""5-7"": 240}",{},{},7-1-5,True,確定,False,0.0,-1800.0
2026-09-29,防府,2,026320260929,1790639400,1790639100,1950,near_close_v2_20260805,trifecta,3連単,4,5-7-2,0.0771301731291139,15.5,20,True,200,3100.0,2900.0,200,40.0,False,external holdout ROI target was not met,02f306055c6d5e2aa86381af2f1bff6fb6d903971941dfd9ad4dfe47a943b6cd,2026-09-29T08:12:29+09:00,5-40 minutes before close,7-1-5,164.8,3.0,1790639400.0,1790639100.0,1790640129.0,True,https://www.winticket.jp/keirin/hofu/racecard/2026092963/1/2,1-5-7,7-1,1-7,6-1,1-6,1-5|1-7|5-7,"{""7-1-5"": 16480}","{""1-5-7"": 490}","{""7-1"": 10540}","{""1-7"": 4300}","{""1-5"": 130, ""1-7"": 400, ""5-7"": 240}",{},{},7-1-5,True,確定,False,0.0,-200.0
2026-09-29,防府,2,026320260929,1790639400,1790639100,1950,near_close_v2_20260805,trifecta,3連単,5,2-5-1,0.068623973691331,52.8,262,True,1700,89760.0,88060.0,1700,4454.0,False,external holdout ROI target was not met,02f306055c6d5e2aa86381af2f1bff6fb6d903971941dfd9ad4dfe47a943b6cd,2026-09-29T08:12:29+09:00,5-40 minutes before close,7-1-5,164.8,3.0,1790639400.0,1790639100.0,1790640129.0,True,https://www.winticket.jp/keirin/hofu/racecard/2026092963/1/2,1-5-7,7-1,1-7,6-1,1-6,1-5|1-7|5-7,"{""7-1-5"": 16480}","{""1-5-7"": 490}","{""7-1"": 10540}","{""1-7"": 4300}","{""1-5"": 130, ""1-7"": 400, ""5-7"": 240}",{},{},7-1-5,True,確定,False,0.0,-1700.0
2026-09-29,防府,2,026320260929,1790639400,1790639100,1950,near_close_v2_20260805,trifecta,3連単,6,2-5-7,0.0619261431821265,43.5,169,True,1000,43500.0,42500.0,1000,1690.0,False,external holdout ROI target was not met,02f306055c6d5e2aa86381af2f1bff6fb6d903971941dfd9ad4dfe47a943b6cd,2026-09-29T08:12:29+09:00,5-40 minutes before close,7-1-5,164.8,3.0,1790639400.0,1790639100.0,1790640129.0,True,https://www.winticket.jp/keirin/hofu/racecard/2026092963/1/2,1-5-7,7-1,1-7,6-1,1-6,1-5|1-7|5-7,"{""7-1-5"": 16480}","{""1-5-7"": 490}","{""7-1"": 10540}","{""1-7"": 4300}","{""1-5"": 130, ""1-7"": 400, ""5-7"": 240}",{},{},7-1-5,True,確定,False,0.0,-1000.0
2026-09-29,防府,2,026320260929,1790639400,1790639100,1950,near_close_v2_20260805,trifecta,3連単,7,5-2-6,0.033877014237778,60.5,105,True,400,24200.0,23800.0,400,420.0,False,external holdout ROI target was not met,02f306055c6d5e2aa86381af2f1bff6fb6d903971941dfd9ad4dfe47a943b6cd,2026-09-29T08:12:29+09:00,5-40 minutes before close,7-1-5,164.8,3.0,1790639400.0,1790639100.0,1790640129.0,True,https://www.winticket.jp/keirin/hofu/racecard/2026092963/1/2,1-5-7,7-1,1-7,6-1,1-6,1-5|1-7|5-7,"{""7-1-5"": 16480}","{""1-5-7"": 490}","{""7-1"": 10540}","{""1-7"": 4300}","{""1-5"": 130, ""1-7"": 400, ""5-7"": 240}",{},{},7-1-5,True,確定,False,0.0,-400.0
2026-09-29,防府,2,026320260929,1790639400,1790639100,1950,near_close_v2_20260805,trifecta,3連単,10,7-5-2,0.0232884685940922,51.5,20,True,100,5150.0,5050.0,100,20.0,False,external holdout ROI target was not met,02f306055c6d5e2aa86381af2f1bff6fb6d903971941dfd9ad4dfe47a943b6cd,2026-09-29T08:12:29+09:00,5-40 minutes before close,7-1-5,164.8,3.0,1790639400.0,1790639100.0,1790640129.0,True,https://www.winticket.jp/keirin/hofu/racecard/2026092963/1/2,1-5-7,7-1,1-7,6-1,1-6,1-5|1-7|5-7,"{""7-1-5"": 16480}","{""1-5-7"": 490}","{""7-1"": 10540}","{""1-7"": 4300}","{""1-5"": 130, ""1-7"": 400, ""5-7"": 240}",{},{},7-1-5,True,確定,False,0.0,-100.0
2026-09-29,防府,2,026320260929,1790639400,1790639100,1950,near_close_v2_20260805,trifecta,3連単,13,5-2-3,0.0170444736063128,74.4,27,True,100,7440.0,7340.0,100,27.0,False,external holdout ROI target was not met,02f306055c6d5e2aa86381af2f1bff6fb6d903971941dfd9ad4dfe47a943b6cd,2026-09-29T08:12:29+09:00,5-40 minutes before close,7-1-5,164.8,3.0,1790639400.0,1790639100.0,1790640129.0,True,https://www.winticket.jp/keirin/hofu/racecard/2026092963/1/2,1-5-7,7-1,1-7,6-1,1-6,1-5|1-7|5-7,"{""7-1-5"": 16480}","{""1-5-7"": 490}","{""7-1"": 10540}","{""1-7"": 4300}","{""1-5"": 130, ""1-7"": 400, ""5-7"": 240}",{},{},7-1-5,True,確定,False,0.0,-100.0
2026-09-29,防府,2,026320260929,1790639400,1790639100,1950,near_close_v2_20260805,trifecta,3連単,14,5-6-2,0.0130594856270349,112.6,47,True,100,11260.0,11160.0,100,47.0,False,external holdout ROI target was not met,02f306055c6d5e2aa86381af2f1bff6fb6d903971941dfd9ad4dfe47a943b6cd,2026-09-29T08:12:29+09:00,5-40 minutes before close,7-1-5,164.8,3.0,1790639400.0,1790639100.0,1790640129.0,True,https://www.winticket.jp/keirin/hofu/racecard/2026092963/1/2,1-5-7,7-1,1-7,6-1,1-6,1-5|1-7|5-7,"{""7-1-5"": 16480}","{""1-5-7"": 490}","{""7-1"": 10540}","{""1-7"": 4300}","{""1-5"": 130, ""1-7"": 400, ""5-7"": 240}",{},{},7-1-5,True,確定,False,0.0,-100.0
2026-09-29,防府,2,026320260929,1790639400,1790639100,1950,near_close_v2_20260805,trifecta,3連単,15,2-5-6,0.011952721186204,161.9,94,True,200,32380.0,32180.0,200,188.0,False,external holdout ROI target was not met,02f306055c6d5e2aa86381af2f1bff6fb6d903971941dfd9ad4dfe47a943b6cd,2026-09-29T08:12:29+09:00,5-40 minutes before close,7-1-5,164.8,3.0,1790639400.0,1790639100.0,1790640129.0,True,https://www.winticket.jp/keirin/hofu/racecard/2026092963/1/2,1-5-7,7-1,1-7,6-1,1-6,1-5|1-7|5-7,"{""7-1-5"": 16480}","{""1-5-7"": 490}","{""7-1"": 10540}","{""1-7"": 4300}","{""1-5"": 130, ""1-7"": 400, ""5-7"": 240}",{},{},7-1-5,True,確定,False,0.0,-200.0
2026-09-29,防府,2,026320260929,1790639400,1790639100,1950,near_close_v2_20260805,trifecta,3連単,17,5-4-2,0.0090852105517814,128.1,16,True,100,12810.0,12710.0,100,16.0,False,external holdout ROI target was not met,02f306055c6d5e2aa86381af2f1bff6fb6d903971941dfd9ad4dfe47a943b6cd,2026-09-29T08:12:29+09:00,5-40 minutes before close,7-1-5,164.8,3.0,1790639400.0,1790639100.0,1790640129.0,True,https://www.winticket.jp/keirin/hofu/racecard/2026092963/1/2,1-5-7,7-1,1-7,6-1,1-6,1-5|1-7|5-7,"{""7-1-5"": 16480}","{""1-5-7"": 490}","{""7-1"": 10540}","{""1-7"": 4300}","{""1-5"": 130, ""1-7"": 400, ""5-7"": 240}",{},{},7-1-5,True,確定,False,0.0,-100.0
2026-09-29,防府,2,026320260929,1790639400,1790639100,1950,near_close_v2_20260805,trifecta,3連単,22,5-3-2,0.0064760973636549,219.9,42,True,100,21990.0,21890.0,100,42.0,False,external holdout ROI target was not met,02f306055c6d5e2aa86381af2f1bff6fb6d903971941dfd9ad4dfe47a943b6cd,2026-09-29T08:12:29+09:00,5-40 minutes before close,7-1-5,164.8,3.0,1790639400.0,1790639100.0,1790640129.0,True,https://www.winticket.jp/keirin/hofu/racecard/2026092963/1/2,1-5-7,7-1,1-7,6-1,1-6,1-5|1-7|5-7,"{""7-1-5"": 16480}","{""1-5-7"": 490}","{""7-1"": 10540}","{""1-7"": 4300}","{""1-5"": 130, ""1-7"": 400, ""5-7"": 240}",{},{},7-1-5,True,確定,False,0.0,-100.0
2026-09-29,防府,2,026320260929,1790639400,1790639100,1950,near_close_v2_20260805,trifecta,3連単,25,2-5-3,0.0060137484180846,250.7,51,True,100,25070.0,24970.0,100,51.0,False,external holdout ROI target was not met,02f306055c6d5e2aa86381af2f1bff6fb6d903971941dfd9ad4dfe47a943b6cd,2026-09-29T08:12:29+09:00,5-40 minutes before close,7-1-5,164.8,3.0,1790639400.0,1790639100.0,1790640129.0,True,https://www.winticket.jp/keirin/hofu/racecard/2026092963/1/2,1-5-7,7-1,1-7,6-1,1-6,1-5|1-7|5-7,"{""7-1-5"": 16480}","{""1-5-7"": 490}","{""7-1"": 10540}","{""1-7"": 4300}","{""1-5"": 130, ""1-7"": 400, ""5-7"": 240}",{},{},7-1-5,True,確定,False,0.0,-100.0
2026-09-29,防府,2,026320260929,1790639400,1790639100,1950,near_close_v2_20260805,trifecta,3連単,27,6-5-2,0.0038060728169662,274.3,4,True,100,27430.0,27330.0,100,4.0,False,external holdout ROI target was not met,02f306055c6d5e2aa86381af2f1bff6fb6d903971941dfd9ad4dfe47a943b6cd,2026-09-29T08:12:29+09:00,5-40 minutes before close,7-1-5,164.8,3.0,1790639400.0,1790639100.0,1790640129.0,True,https://www.winticket.jp/keirin/hofu/racecard/2026092963/1/2,1-5-7,7-1,1-7,6-1,1-6,1-5|1-7|5-7,"{""7-1-5"": 16480}","{""1-5-7"": 490}","{""7-1"": 10540}","{""1-7"": 4300}","{""1-5"": 130, ""1-7"": 400, ""5-7"": 240}",{},{},7-1-5,True,確定,False,0.0,-100.0
2026-09-29,防府,2,026320260929,1790639400,1790639100,1950,near_close_v2_20260805,trifecta,3連単,32,4-5-2,0.0026412558623225,496.1,31,True,100,49610.0,49510.0,100,31.0,False,external holdout ROI target was not met,02f306055c6d5e2aa86381af2f1bff6fb6d903971941dfd9ad4dfe47a943b6cd,2026-09-29T08:12:29+09:00,5-40 minutes before close,7-1-5,164.8,3.0,1790639400.0,1790639100.0,1790640129.0,True,https://www.winticket.jp/keirin/hofu/racecard/2026092963/1/2,1-5-7,7-1,1-7,6-1,1-6,1-5|1-7|5-7,"{""7-1-5"": 16480}","{""1-5-7"": 490}","{""7-1"": 10540}","{""1-7"": 4300}","{""1-5"": 130, ""1-7"": 400, ""5-7"": 240}",{},{},7-1-5,True,確定,False,0.0,-100.0
2026-09-29,防府,3,036320260929,1790640660,1790640360,1403,near_close_v2_20260805,trifecta,3連単,1,3-7-5,0.2053956845253234,8.2,68,True,1700,13940.0,12240.0,1700,1156.0,False,external holdout ROI target was not met,02f306055c6d5e2aa86381af2f1bff6fb6d903971941dfd9ad4dfe47a943b6cd,2026-09-29T08:42:36+09:00,5-40 minutes before close,5-3-2,46.0,3.0,1790640660.0,1790640360.0,1790641448.0,True,https://www.winticket.jp/keirin/hofu/racecard/2026092963/1/3,2-3-5,5-3,3-5,5-3,3-5,2-3|2-5|3-5,"{""5-3-2"": 4600}","{""2-3-5"": 1080}","{""5-3"": 2210}","{""3-5"": 820}","{""2-3"": 410, ""2-5"": 330, ""3-5"": 280}",{},{},5-3-2,True,確定,False,0.0,-1700.0
2026-09-29,防府,3,036320260929,1790640660,1790640360,1403,near_close_v2_20260805,trifecta,3連単,2,3-5-7,0.1287920527958904,28.6,268,True,4200,120120.0,115920.0,4200,11256.0,False,external holdout ROI target was not met,02f306055c6d5e2aa86381af2f1bff6fb6d903971941dfd9ad4dfe47a943b6cd,2026-09-29T08:42:36+09:00,5-40 minutes before close,5-3-2,46.0,3.0,1790640660.0,1790640360.0,1790641448.0,True,https://www.winticket.jp/keirin/hofu/racecard/2026092963/1/3,2-3-5,5-3,3-5,5-3,3-5,2-3|2-5|3-5,"{""5-3-2"": 4600}","{""2-3-5"": 1080}","{""5-3"": 2210}","{""3-5"": 820}","{""2-3"": 410, ""2-5"": 330, ""3-5"": 280}",{},{},5-3-2,True,確定,False,0.0,-4200.0
2026-09-29,防府,3,036320260929,1790640660,1790640360,1403,near_close_v2_20260805,trifecta,3連単,3,3-7-4,0.1144401766291963,9.8,12,True,200,1960.0,1760.0,200,24.0,False,external holdout ROI target was not met,02f306055c6d5e2aa86381af2f1bff6fb6d903971941dfd9ad4dfe47a943b6cd,2026-09-29T08:42:36+09:00,5-40 minutes before close,5-3-2,46.0,3.0,1790640660.0,1790640360.0,1790641448.0,True,https://www.winticket.jp/keirin/hofu/racecard/2026092963/1/3,2-3-5,5-3,3-5,5-3,3-5,2-3|2-5|3-5,"{""5-3-2"": 4600}","{""2-3-5"": 1080}","{""5-3"": 2210}","{""3-5"": 820}","{""2-3"": 410, ""2-5"": 330, ""3-5"": 280}",{},{},5-3-2,True,確定,False,0.0,-200.0
2026-09-29,防府,3,036320260929,1790640660,1790640360,1403,near_close_v2_20260805,trifecta,3連単,4,7-3-5,0.0762393766853019,14.4,10,True,100,1440.0,1340.0,100,10.0,False,external holdout ROI target was not met,02f306055c6d5e2aa86381af2f1bff6fb6d903971941dfd9ad4dfe47a943b6cd,2026-09-29T08:42:36+09:00,5-40 minutes before close,5-3-2,46.0,3.0,1790640660.0,1790640360.0,1790641448.0,True,https://www.winticket.jp/keirin/hofu/racecard/2026092963/1/3,2-3-5,5-3,3-5,5-3,3-5,2-3|2-5|3-5,"{""5-3-2"": 4600}","{""2-3-5"": 1080}","{""5-3"": 2210}","{""3-5"": 820}","{""2-3"": 410, ""2-5"": 330, ""3-5"": 280}",{},{},5-3-2,True,確定,False,0.0,-100.0
2026-09-29,防府,3,036320260929,1790640660,1790640360,1403,near_close_v2_20260805,trifecta,3連単,5,3-4-7,0.0621609317940898,41.6,159,True,1200,49920.0,48720.0,1200,1908.0,False,external holdout ROI target was not met,02f306055c6d5e2aa86381af2f1bff6fb6d903971941dfd9ad4dfe47a943b6cd,2026-09-29T08:42:36+09:00,5-40 minutes before close,5-3-2,46.0,3.0,1790640660.0,1790640360.0,1790641448.0,True,https://www.winticket.jp/keirin/hofu/racecard/2026092963/1/3,2-3-5,5-3,3-5,5-3,3-5,2-3|2-5|3-5,"{""5-3-2"": 4600}","{""2-3-5"": 1080}","{""5-3"": 2210}","{""3-5"": 820}","{""2-3"": 410, ""2-5"": 330, ""3-5"": 280}",{},{},5-3-2,True,確定,False,0.0,-1200.0
2026-09-29,防府,3,036320260929,1790640660,1790640360,1403,near_close_v2_20260805,trifecta,3連単,6,5-3-7,0.0433552260132597,59.8,159,True,900,53820.0,52920.0,900,1431.0,False,external holdout ROI target was not met,02f306055c6d5e2aa86381af2f1bff6fb6d903971941dfd9ad4dfe47a943b6cd,2026-09-29T08:42:36+09:00,5-40 minutes before close,5-3-2,46.0,3.0,1790640660.0,1790640360.0,1790641448.0,True,https://www.winticket.jp/keirin/hofu/racecard/2026092963/1/3,2-3-5,5-3,3-5,5-3,3-5,2-3|2-5|3-5,"{""5-3-2"": 4600}","{""2-3-5"": 1080}","{""5-3"": 2210}","{""3-5"": 820}","{""2-3"": 410, ""2-5"": 330, ""3-5"": 280}",{},{},5-3-2,True,確定,False,0.0,-900.0
2026-09-29,防府,3,036320260929,1790640660,1790640360,1403,near_close_v2_20260805,trifecta,3連単,9,3-5-4,0.0346725107546785,43.8,52,True,300,13140.0,12840.0,300,156.0,False,external holdout ROI target was not met,02f306055c6d5e2aa86381af2f1bff6fb6d903971941dfd9ad4dfe47a943b6cd,2026-09-29T08:42:36+09:00,5-40 minutes before close,5-3-2,46.0,3.0,1790640660.0,1790640360.0,1790641448.0,True,https://www.winticket.jp/keirin/hofu/racecard/2026092963/1/3,2-3-5,5-3,3-5,5-3,3-5,2-3|2-5|3-5,"{""5-3-2"": 4600}","{""2-3-5"": 1080}","{""5-3"": 2210}","{""3-5"": 820}","{""2-3"": 410, ""2-5"": 330, ""3-5"": 280}",{},{},5-3-2,True,確定,False,0.0,-300.0
2026-09-29,防府,3,036320260929,1790640660,1790640360,1403,near_close_v2_20260805,trifecta,3連単,10,3-4-5,0.0300349239912337,65.8,98,True,400,26320.0,25920.0,400,392.0,False,external holdout ROI target was not met,02f306055c6d5e2aa86381af2f1bff6fb6d903971941dfd9ad4dfe47a943b6cd,2026-09-29T08:42:36+09:00,5-40 minutes before close,5-3-2,46.0,3.0,1790640660.0,1790640360.0,1790641448.0,True,https://www.winticket.jp/keirin/hofu/racecard/2026092963/1/3,2-3-5,5-3,3-5,5-3,3-5,2-3|2-5|3-5,"{""5-3-2"": 4600}","{""2-3-5"": 1080}","{""5-3"": 2210}","{""3-5"": 820}","{""2-3"": 410, ""2-5"": 330, ""3-5"": 280}",{},{},5-3-2,True,確定,False,0.0,-400.0
2026-09-29,防府,3,036320260929,1790640660,1790640360,1403,near_close_v2_20260805,trifecta,3連単,11,4-3-7,0.0201486886317388,92.9,87,True,300,27870.0,27570.0,300,261.0,False,external holdout ROI target was not met,02f306055c6d5e2aa86381af2f1bff6fb6d903971941dfd9ad4dfe47a943b6cd,2026-09-29T08:42:36+09:00,5-40 minutes before close,5-3-2,46.0,3.0,1790640660.0,1790640360.0,1790641448.0,True,https://www.winticket.jp/keirin/hofu/racecard/2026092963/1/3,2-3-5,5-3,3-5,5-3,3-5,2-3|2-5|3-5,"{""5-3-2"": 4600}","{""2-3-5"": 1080}","{""5-3"": 2210}","{""3-5"": 820}","{""2-3"": 410, ""2-5"": 330, ""3-5"": 280}",{},{},5-3-2,True,確定,False,0.0,-300.0
2026-09-29,防府,3,036320260929,1790640660,1790640360,1403,near_close_v2_20260805,trifecta,3連単,12,3-2-7,0.0195669687476505,78.0,53,True,200,15600.0,15400.0,200,106.0,False,external holdout ROI target was not met,02f306055c6d5e2aa86381af2f1bff6fb6d903971941dfd9ad4dfe47a943b6cd,2026-09-29T08:42:36+09:00,5-40 minutes before close,5-3-2,46.0,3.0,1790640660.0,1790640360.0,1790641448.0,True,https://www.winticket.jp/keirin/hofu/racecard/2026092963/1/3,2-3-5,5-3,3-5,5-3,3-5,2-3|2-5|3-5,"{""5-3-2"": 4600}","{""2-3-5"": 1080}","{""5-3"": 2210}","{""3-5"": 820}","{""2-3"": 410, ""2-5"": 330, ""3-5"": 280}",{},{},5-3-2,True,確定,False,0.0,-200.0
2026-09-29,防府,3,036320260929,1790640660,1790640360,1403,near_close_v2_20260805,trifecta,3連単,17,5-3-4,0.0116717957947187,153.3,79,True,200,30660.0,30460.0,200,158.0,False,external holdout ROI target was not met,02f306055c6d5e2aa86381af2f1bff6fb6d903971941dfd9ad4dfe47a943b6cd,2026-09-29T08:42:36+09:00,5-40 minutes before close,5-3-2,46.0,3.0,1790640660.0,1790640360.0,1790641448.0,True,https://www.winticket.jp/keirin/hofu/racecard/2026092963/1/3,2-3-5,5-3,3-5,5-3,3-5,2-3|2-5|3-5,"{""5-3-2"": 4600}","{""2-3-5"": 1080}","{""5-3"": 2210}","{""3-5"": 820}","{""2-3"": 410, ""2-5"": 330, ""3-5"": 280}",{},{},5-3-2,True,確定,False,0.0,-200.0
2026-09-29,防府,3,036320260929,1790640660,1790640360,1403,near_close_v2_20260805,trifecta,3連単,18,4-3-5,0.0097354449830632,276.4,169,True,200,55280.0,55080.0,200,338.0,False,external holdout ROI target was not met,02f306055c6d5e2aa86381af2f1bff6fb6d903971941dfd9ad4dfe47a943b6cd,2026-09-29T08:42:36+09:00,5-40 minutes before close,5-3-2,46.0,3.0,1790640660.0,1790640360.0,1790641448.0,True,https://www.winticket.jp/keirin/hofu/racecard/2026092963/1/3,2-3-5,5-3,3-5,5-3,3-5,2-3|2-5|3-5,"{""5-3-2"": 4600}","{""2-3-5"": 1080}","{""5-3"": 2210}","{""3-5"": 820}","{""2-3"": 410, ""2-5"": 330, ""3-5"": 280}",{},{},5-3-2,True,確定,False,0.0,-200.0
2026-09-29,防府,3,036320260929,1790640660,1790640360,1403,near_close_v2_20260805,trifecta,3連単,22,2-3-7,0.0061553623269471,179.5,10,True,100,17950.0,17850.0,100,10.0,False,external holdout ROI target was not met,02f306055c6d5e2aa86381af2f1bff6fb6d903971941dfd9ad4dfe47a943b6cd,2026-09-29T08:42:36+09:00,5-40 minutes before close,5-3-2,46.0,3.0,1790640660.0,1790640360.0,1790641448.0,True,https://www.winticket.jp/keirin/hofu/racecard/2026092963/1/3,2-3-5,5-3,3-5,5-3,3-5,2-3|2-5|3-5,"{""5-3-2"": 4600}","{""2-3-5"": 1080}","{""5-3"": 2210}","{""3-5"": 820}","{""2-3"": 410, ""2-5"": 330, ""3-5"": 280}",{},{},5-3-2,True,確定,False,0.0,-100.0
2026-09-29,防府,4,046320260929,1790641920,1790641620,364,near_close_v2_20260805,trifecta,3連単,1,1-5-7,0.1172569023728537,10.8,27,True,700,7560.0,6860.0,700,189.0,False,external holdout ROI target was not met,02f306055c6d5e2aa86381af2f1bff6fb6d903971941dfd9ad4dfe47a943b6cd,2026-09-29T09:20:56+09:00,5-40 minutes before close,1-5-2,14.3,3.0,1790641920.0,1790641620.0,1790642528.0,True,https://www.winticket.jp/keirin/hofu/racecard/2026092963/1/4,1-2-5,1-5,1-5,1-5,1-5,1-2|1-5|2-5,"{""1-5-2"": 1430}","{""1-2-5"": 740}","{""1-5"": 230}","{""1-5"": 160}","{""1-2"": 300, ""1-5"": 150, ""2-5"": 560}",{},{},1-5-2,True,確定,False,0.0,-700.0
2026-09-29,防府,4,046320260929,1790641920,1790641620,364,near_close_v2_20260805,trifecta,3連単,2,5-1-7,0.0828667973207646,17.5,45,True,800,14000.0,13200.0,800,360.0,False,external holdout ROI target was not met,02f306055c6d5e2aa86381af2f1bff6fb6d903971941dfd9ad4dfe47a943b6cd,2026-09-29T09:20:56+09:00,5-40 minutes before close,1-5-2,14.3,3.0,1790641920.0,1790641620.0,1790642528.0,True,https://www.winticket.jp/keirin/hofu/racecard/2026092963/1/4,1-2-5,1-5,1-5,1-5,1-5,1-2|1-5|2-5,"{""1-5-2"": 1430}","{""1-2-5"": 740}","{""1-5"": 230}","{""1-5"": 160}","{""1-2"": 300, ""1-5"": 150, ""2-5"": 560}",{},{},1-5-2,True,確定,False,0.0,-800.0
2026-09-29,防府,4,046320260929,1790641920,1790641620,364,near_close_v2_20260805,trifecta,3連単,4,1-7-5,0.0686334716620071,42.0,188,True,2600,109200.0,106600.0,2600,4888.0,False,external holdout ROI target was not met,02f306055c6d5e2aa86381af2f1bff6fb6d903971941dfd9ad4dfe47a943b6cd,2026-09-29T09:20:56+09:00,5-40 minutes before close,1-5-2,14.3,3.0,1790641920.0,1790641620.0,1790642528.0,True,https://www.winticket.jp/keirin/hofu/racecard/2026092963/1/4,1-2-5,1-5,1-5,1-5,1-5,1-2|1-5|2-5,"{""1-5-2"": 1430}","{""1-2-5"": 740}","{""1-5"": 230}","{""1-5"": 160}","{""1-2"": 300, ""1-5"": 150, ""2-5"": 560}",{},{},1-5-2,True,確定,False,0.0,-2600.0
2026-09-29,防府,4,046320260929,1790641920,1790641620,364,near_close_v2_20260805,trifecta,3連単,8,7-1-5,0.0393660382130384,60.4,138,True,1100,66440.0,65340.0,1100,1518.0,False,external holdout ROI target was not met,02f306055c6d5e2aa86381af2f1bff6fb6d903971941dfd9ad4dfe47a943b6cd,2026-09-29T09:20:56+09:00,5-40 minutes before close,1-5-2,14.3,3.0,1790641920.0,1790641620.0,1790642528.0,True,https://www.winticket.jp/keirin/hofu/racecard/2026092963/1/4,1-2-5,1-5,1-5,1-5,1-5,1-2|1-5|2-5,"{""1-5-2"": 1430}","{""1-2-5"": 740}","{""1-5"": 230}","{""1-5"": 160}","{""1-2"": 300, ""1-5"": 150, ""2-5"": 560}",{},{},1-5-2,True,確定,False,0.0,-1100.0
2026-09-29,防府,4,046320260929,1790641920,1790641620,364,near_close_v2_20260805,trifecta,3連単,10,5-7-1,0.0318283127271039,41.7,33,True,300,12510.0,12210.0,300,99.0,False,external holdout ROI target was not met,02f306055c6d5e2aa86381af2f1bff6fb6d903971941dfd9ad4dfe47a943b6cd,2026-09-29T09:20:56+09:00,5-40 minutes before close,1-5-2,14.3,3.0,1790641920.0,1790641620.0,1790642528.0,True,https://www.winticket.jp/keirin/hofu/racecard/2026092963/1/4,1-2-5,1-5,1-5,1-5,1-5,1-2|1-5|2-5,"{""1-5-2"": 1430}","{""1-2-5"": 740}","{""1-5"": 230}","{""1-5"": 160}","{""1-2"": 300, ""1-5"": 150, ""2-5"": 560}",{},{},1-5-2,True,確定,False,0.0,-300.0
2026-09-29,防府,4,046320260929,1790641920,1790641620,364,near_close_v2_20260805,trifecta,3連単,11,1-2-5,0.0310820121312921,84.1,161,True,1000,84100.0,83100.0,1000,1610.0,False,external holdout ROI target was not met,02f306055c6d5e2aa86381af2f1bff6fb6d903971941dfd9ad4dfe47a943b6cd,2026-09-29T09:20:56+09:00,5-40 minutes before close,1-5-2,14.3,3.0,1790641920.0,1790641620.0,1790642528.0,True,https://www.winticket.jp/keirin/hofu/racecard/2026092963/1/4,1-2-5,1-5,1-5,1-5,1-5,1-2|1-5|2-5,"{""1-5-2"": 1430}","{""1-2-5"": 740}","{""1-5"": 230}","{""1-5"": 160}","{""1-2"": 300, ""1-5"": 150, ""2-5"": 560}",{},{},1-5-2,True,確定,False,0.0,-1000.0
2026-09-29,防府,4,046320260929,1790641920,1790641620,364,near_close_v2_20260805,trifecta,3連単,12,7-5-1,0.0258319518070804,71.9,86,True,500,35950.0,35450.0,500,430.0,False,external holdout ROI target was not met,02f306055c6d5e2aa86381af2f1bff6fb6d903971941dfd9ad4dfe47a943b6cd,2026-09-29T09:20:56+09:00,5-40 minutes before close,1-5-2,14.3,3.0,1790641920.0,1790641620.0,1790642528.0,True,https://www.winticket.jp/keirin/hofu/racecard/2026092963/1/4,1-2-5,1-5,1-5,1-5,1-5,1-2|1-5|2-5,"{""1-5-2"": 1430}","{""1-2-5"": 740}","{""1-5"": 230}","{""1-5"": 160}","{""1-2"": 300, ""1-5"": 150, ""2-5"": 560}",{},{},1-5-2,True,確定,False,0.0,-500.0
2026-09-29,防府,4,046320260929,1790641920,1790641620,364,near_close_v2_20260805,trifecta,3連単,15,2-1-5,0.0168454098069007,247.9,318,True,1100,272690.0,271590.0,1100,3498.0,False,external holdout ROI target was not met,02f306055c6d5e2aa86381af2f1bff6fb6d903971941dfd9ad4dfe47a943b6cd,2026-09-29T09:20:56+09:00,5-40 minutes before close,1-5-2,14.3,3.0,1790641920.0,1790641620.0,1790642528.0,True,https://www.winticket.jp/keirin/hofu/racecard/2026092963/1/4,1-2-5,1-5,1-5,1-5,1-5,1-2|1-5|2-5,"{""1-5-2"": 1430}","{""1-2-5"": 740}","{""1-5"": 230}","{""1-5"": 160}","{""1-2"": 300, ""1-5"": 150, ""2-5"": 560}",{},{},1-5-2,True,確定,False,0.0,-1100.0
2026-09-29,防府,4,046320260929,1790641920,1790641620,364,near_close_v2_20260805,trifecta,3連単,17,5-2-1,0.0150006983951327,121.8,83,True,300,36540.0,36240.0,300,249.0,False,external holdout ROI target was not met,02f306055c6d5e2aa86381af2f1bff6fb6d903971941dfd9ad4dfe47a943b6cd,2026-09-29T09:20:56+09:00,5-40 minutes before close,1-5-2,14.3,3.0,1790641920.0,1790641620.0,1790642528.0,True,https://www.winticket.jp/keirin/hofu/racecard/2026092963/1/4,1-2-5,1-5,1-5,1-5,1-5,1-2|1-5|2-5,"{""1-5-2"": 1430}","{""1-2-5"": 740}","{""1-5"": 230}","{""1-5"": 160}","{""1-2"": 300, ""1-5"": 150, ""2-5"": 560}",{},{},1-5-2,True,確定,False,0.0,-300.0
2026-09-29,防府,4,046320260929,1790641920,1790641620,364,near_close_v2_20260805,trifecta,3連単,20,1-7-2,0.0135938715800937,152.2,107,True,300,45660.0,45360.0,300,321.0,False,external holdout ROI target was not met,02f306055c6d5e2aa86381af2f1bff6fb6d903971941dfd9ad4dfe47a943b6cd,2026-09-29T09:20:56+09:00,5-40 minutes before close,1-5-2,14.3,3.0,1790641920.0,1790641620.0,1790642528.0,True,https://www.winticket.jp/keirin/hofu/racecard/2026092963/1/4,1-2-5,1-5,1-5,1-5,1-5,1-2|1-5|2-5,"{""1-5-2"": 1430}","{""1-2-5"": 740}","{""1-5"": 230}","{""1-5"": 160}","{""1-2"": 300, ""1-5"": 150, ""2-5"": 560}",{},{},1-5-2,True,確定,False,0.0,-300.0
2026-09-29,防府,4,046320260929,1790641920,1790641620,364,near_close_v2_20260805,trifecta,3連単,21,1-2-7,0.0120476067084401,214.5,158,True,400,85800.0,85400.0,400,632.0,False,external holdout ROI target was not met,02f306055c6d5e2aa86381af2f1bff6fb6d903971941dfd9ad4dfe47a943b6cd,2026-09-29T09:20:56+09:00,5-40 minutes before close,1-5-2,14.3,3.0,1790641920.0,1790641620.0,1790642528.0,True,https://www.winticket.jp/keirin/hofu/racecard/2026092963/1/4,1-2-5,1-5,1-5,1-5,1-5,1-2|1-5|2-5,"{""1-5-2"": 1430}","{""1-2-5"": 740}","{""1-5"": 230}","{""1-5"": 160}","{""1-2"": 300, ""1-5"": 150, ""2-5"": 560}",{},{},1-5-2,True,確定,False,0.0,-400.0
2026-09-29,防府,4,046320260929,1790641920,1790641620,364,near_close_v2_20260805,trifecta,3連単,22,2-5-1,0.0115038125662525,274.0,215,True,500,137000.0,136500.0,500,1075.0,False,external holdout ROI target was not met,02f306055c6d5e2aa86381af2f1bff6fb6d903971941dfd9ad4dfe47a943b6cd,2026-09-29T09:20:56+09:00,5-40 minutes before close,1-5-2,14.3,3.0,1790641920.0,1790641620.0,1790642528.0,True,https://www.winticket.jp/keirin/hofu/racecard/2026092963/1/4,1-2-5,1-5,1-5,1-5,1-5,1-2|1-5|2-5,"{""1-5-2"": 1430}","{""1-2-5"": 740}","{""1-5"": 230}","{""1-5"": 160}","{""1-2"": 300, ""1-5"": 150, ""2-5"": 560}",{},{},1-5-2,True,確定,False,0.0,-500.0
2026-09-29,防府,4,046320260929,1790641920,1790641620,364,near_close_v2_20260805,trifecta,3連単,27,7-1-2,0.0077970246167999,233.8,82,True,200,46760.0,46560.0,200,164.0,False,external holdout ROI target was not met,02f306055c6d5e2aa86381af2f1bff6fb6d903971941dfd9ad4dfe47a943b6cd,2026-09-29T09:20:56+09:00,5-40 minutes before close,1-5-2,14.3,3.0,1790641920.0,1790641620.0,1790642528.0,True,https://www.winticket.jp/keirin/hofu/racecard/2026092963/1/4,1-2-5,1-5,1-5,1-5,1-5,1-2|1-5|2-5,"{""1-5-2"": 1430}","{""1-2-5"": 740}","{""1-5"": 230}","{""1-5"": 160}","{""1-2"": 300, ""1-5"": 150, ""2-5"": 560}",{},{},1-5-2,True,確定,False,0.0,-200.0
2026-09-29,防府,4,046320260929,1790641920,1790641620,364,near_close_v2_20260805,trifecta,3連単,29,1-2-3,0.0071578434286878,178.3,28,True,100,17830.0,17730.0,100,28.0,False,external holdout ROI target was not met,02f306055c6d5e2aa86381af2f1bff6fb6d903971941dfd9ad4dfe47a943b6cd,2026-09-29T09:20:56+09:00,5-40 minutes before close,1-5-2,14.3,3.0,1790641920.0,1790641620.0,1790642528.0,True,https://www.winticket.jp/keirin/hofu/racecard/2026092963/1/4,1-2-5,1-5,1-5,1-5,1-5,1-2|1-5|2-5,"{""1-5-2"": 1430}","{""1-2-5"": 740}","{""1-5"": 230}","{""1-5"": 160}","{""1-2"": 300, ""1-5"": 150, ""2-5"": 560}",{},{},1-5-2,True,確定,False,0.0,-100.0
2026-09-29,防府,4,046320260929,1790641920,1790641620,364,near_close_v2_20260805,trifecta,3連単,31,1-4-5,0.0054186496918612,214.5,16,True,100,21450.0,21350.0,100,16.0,False,external holdout ROI target was not met,02f306055c6d5e2aa86381af2f1bff6fb6d903971941dfd9ad4dfe47a943b6cd,2026-09-29T09:20:56+09:00,5-40 minutes before close,1-5-2,14.3,3.0,1790641920.0,1790641620.0,1790642528.0,True,https://www.winticket.jp/keirin/hofu/racecard/2026092963/1/4,1-2-5,1-5,1-5,1-5,1-5,1-2|1-5|2-5,"{""1-5-2"": 1430}","{""1-2-5"": 740}","{""1-5"": 230}","{""1-5"": 160}","{""1-2"": 300, ""1-5"": 150, ""2-5"": 560}",{},{},1-5-2,True,確定,False,0.0,-100.0
2026-09-29,防府,5,056320260929,1790643180,1790642880,1624,near_close_v2_20260805,trifecta,3連単,1,4-5-7,0.1470386541912631,32.4,376,True,2300,74520.0,72220.0,2300,8648.0,False,external holdout ROI target was not met,02f306055c6d5e2aa86381af2f1bff6fb6d903971941dfd9ad4dfe47a943b6cd,2026-09-29T09:20:56+09:00,5-40 minutes before close,1-6-7,117.8,3.0,1790643180.0,1790642880.0,1790643783.0,True,https://www.winticket.jp/keirin/hofu/racecard/2026092963/1/5,1-6-7,1-6,1-6,1-6,1-6,1-6|1-7|6-7,"{""1-6-7"": 11780}","{""1-6-7"": 7520}","{""1-6"": 3260}","{""1-6"": 2780}","{""1-6"": 1560, ""1-7"": 710, ""6-7"": 2600}",{},{},1-6-7,True,確定,False,0.0,-2300.0
2026-09-29,防府,5,056320260929,1790643180,1790642880,1624,near_close_v2_20260805,trifecta,3連単,2,5-4-7,0.1343420483207663,52.9,611,True,3300,174570.0,171270.0,3300,20163.0,False,external holdout ROI target was not met,02f306055c6d5e2aa86381af2f1bff6fb6d903971941dfd9ad4dfe47a943b6cd,2026-09-29T09:20:56+09:00,5-40 minutes before close,1-6-7,117.8,3.0,1790643180.0,1790642880.0,1790643783.0,True,https://www.winticket.jp/keirin/hofu/racecard/2026092963/1/5,1-6-7,1-6,1-6,1-6,1-6,1-6|1-7|6-7,"{""1-6-7"": 11780}","{""1-6-7"": 7520}","{""1-6"": 3260}","{""1-6"": 2780}","{""1-6"": 1560, ""1-7"": 710, ""6-7"": 2600}",{},{},1-6-7,True,確定,False,0.0,-3300.0
2026-09-29,防府,5,056320260929,1790643180,1790642880,1624,near_close_v2_20260805,trifecta,3連単,3,4-5-2,0.0815596729228923,33.3,172,True,600,19980.0,19380.0,600,1032.0,False,external holdout ROI target was not met,02f306055c6d5e2aa86381af2f1bff6fb6d903971941dfd9ad4dfe47a943b6cd,2026-09-29T09:20:56+09:00,5-40 minutes before close,1-6-7,117.8,3.0,1790643180.0,1790642880.0,1790643783.0,True,https://www.winticket.jp/keirin/hofu/racecard/2026092963/1/5,1-6-7,1-6,1-6,1-6,1-6,1-6|1-7|6-7,"{""1-6-7"": 11780}","{""1-6-7"": 7520}","{""1-6"": 3260}","{""1-6"": 2780}","{""1-6"": 1560, ""1-7"": 710, ""6-7"": 2600}",{},{},1-6-7,True,確定,False,0.0,-600.0
2026-09-29,防府,5,056320260929,1790643180,1790642880,1624,near_close_v2_20260805,trifecta,3連単,4,5-4-2,0.0745170960731233,42.3,215,True,700,29610.0,28910.0,700,1505.0,False,external holdout ROI target was not met,02f306055c6d5e2aa86381af2f1bff6fb6d903971941dfd9ad4dfe47a943b6cd,2026-09-29T09:20:56+09:00,5-40 minutes before close,1-6-7,117.8,3.0,1790643180.0,1790642880.0,1790643783.0,True,https://www.winticket.jp/keirin/hofu/racecard/2026092963/1/5,1-6-7,1-6,1-6,1-6,1-6,1-6|1-7|6-7,"{""1-6-7"": 11780}","{""1-6-7"": 7520}","{""1-6"": 3260}","{""1-6"": 2780}","{""1-6"": 1560, ""1-7"": 710, ""6-7"": 2600}",{},{},1-6-7,True,確定,False,0.0,-700.0
2026-09-29,防府,5,056320260929,1790643180,1790642880,1624,near_close_v2_20260805,trifecta,3連単,5,4-7-5,0.0727113933687908,46.8,240,True,800,37440.0,36640.0,800,1920.0,False,external holdout ROI target was not met,02f306055c6d5e2aa86381af2f1bff6fb6d903971941dfd9ad4dfe47a943b6cd,2026-09-29T09:20:56+09:00,5-40 minutes before close,1-6-7,117.8,3.0,1790643180.0,1790642880.0,1790643783.0,True,https://www.winticket.jp/keirin/hofu/racecard/2026092963/1/5,1-6-7,1-6,1-6,1-6,1-6,1-6|1-7|6-7,"{""1-6-7"": 11780}","{""1-6-7"": 7520}","{""1-6"": 3260}","{""1-6"": 2780}","{""1-6"": 1560, ""1-7"": 710, ""6-7"": 2600}",{},{},1-6-7,True,確定,False,0.0,-800.0
2026-09-29,防府,5,056320260929,1790643180,1790642880,1624,near_close_v2_20260805,trifecta,3連単,6,5-7-4,0.059239678638188,38.4,127,True,400,15360.0,14960.0,400,508.0,False,external holdout ROI target was not met,02f306055c6d5e2aa86381af2f1bff6fb6d903971941dfd9ad4dfe47a943b6cd,2026-09-29T09:20:56+09:00,5-40 minutes before close,1-6-7,117.8,3.0,1790643180.0,1790642880.0,1790643783.0,True,https://www.winticket.jp/keirin/hofu/racecard/2026092963/1/5,1-6-7,1-6,1-6,1-6,1-6,1-6|1-7|6-7,"{""1-6-7"": 11780}","{""1-6-7"": 7520}","{""1-6"": 3260}","{""1-6"": 2780}","{""1-6"": 1560, ""1-7"": 710, ""6-7"": 2600}",{},{},1-6-7,True,確定,False,0.0,-400.0
2026-09-29,防府,5,056320260929,1790643180,1790642880,1624,near_close_v2_20260805,trifecta,3連単,7,7-4-5,0.0488666685620175,86.8,324,True,700,60760.0,60060.0,700,2268.0,False,external holdout ROI target was not met,02f306055c6d5e2aa86381af2f1bff6fb6d903971941dfd9ad4dfe47a943b6cd,2026-09-29T09:20:56+09:00,5-40 minutes before close,1-6-7,117.8,3.0,1790643180.0,1790642880.0,1790643783.0,True,https://www.winticket.jp/keirin/hofu/racecard/2026092963/1/5,1-6-7,1-6,1-6,1-6,1-6,1-6|1-7|6-7,"{""1-6-7"": 11780}","{""1-6-7"": 7520}","{""1-6"": 3260}","{""1-6"": 2780}","{""1-6"": 1560, ""1-7"": 710, ""6-7"": 2600}",{},{},1-6-7,True,確定,False,0.0,-700.0
2026-09-29,防府,5,056320260929,1790643180,1790642880,1624,near_close_v2_20260805,trifecta,3連単,8,7-5-4,0.0435755133966417,51.4,124,True,300,15420.0,15120.0,300,372.0,False,external holdout ROI target was not met,02f306055c6d5e2aa86381af2f1bff6fb6d903971941dfd9ad4dfe47a943b6cd,2026-09-29T09:20:56+09:00,5-40 minutes before close,1-6-7,117.8,3.0,1790643180.0,1790642880.0,1790643783.0,True,https://www.winticket.jp/keirin/hofu/racecard/2026092963/1/5,1-6-7,1-6,1-6,1-6,1-6,1-6|1-7|6-7,"{""1-6-7"": 11780}","{""1-6-7"": 7520}","{""1-6"": 3260}","{""1-6"": 2780}","{""1-6"": 1560, ""1-7"": 710, ""6-7"": 2600}",{},{},1-6-7,True,確定,False,0.0,-300.0
2026-09-29,防府,5,056320260929,1790643180,1790642880,1624,near_close_v2_20260805,trifecta,3連単,10,5-2-4,0.0295206708134853,65.2,92,True,200,13040.0,12840.0,200,184.0,False,external holdout ROI target was not met,02f306055c6d5e2aa86381af2f1bff6fb6d903971941dfd9ad4dfe47a943b6cd,2026-09-29T09:20:56+09:00,5-40 minutes before close,1-6-7,117.8,3.0,1790643180.0,1790642880.0,1790643783.0,True,https://www.winticket.jp/keirin/hofu/racecard/2026092963/1/5,1-6-7,1-6,1-6,1-6,1-6,1-6|1-7|6-7,"{""1-6-7"": 11780}","{""1-6-7"": 7520}","{""1-6"": 3260}","{""1-6"": 2780}","{""1-6"": 1560, ""1-7"": 710, ""6-7"": 2600}",{},{},1-6-7,True,確定,False,0.0,-200.0
2026-09-29,防府,5,056320260929,1790643180,1790642880,1624,near_close_v2_20260805,trifecta,3連単,12,2-5-4,0.0203638759199542,88.0,79,True,100,8800.0,8700.0,100,79.0,False,external holdout ROI target was not met,02f306055c6d5e2aa86381af2f1bff6fb6d903971941dfd9ad4dfe47a943b6cd,2026-09-29T09:20:56+09:00,5-40 minutes before close,1-6-7,117.8,3.0,1790643180.0,1790642880.0,1790643783.0,True,https://www.winticket.jp/keirin/hofu/racecard/2026092963/1/5,1-6-7,1-6,1-6,1-6,1-6,1-6|1-7|6-7,"{""1-6-7"": 11780}","{""1-6-7"": 7520}","{""1-6"": 3260}","{""1-6"": 2780}","{""1-6"": 1560, ""1-7"": 710, ""6-7"": 2600}",{},{},1-6-7,True,確定,False,0.0,-100.0
2026-09-29,防府,5,056320260929,1790643180,1790642880,1624,near_close_v2_20260805,trifecta,3連単,13,4-5-1,0.0200306312751945,67.0,34,True,100,6700.0,6600.0,100,34.0,False,external holdout ROI target was not met,02f306055c6d5e2aa86381af2f1bff6fb6d903971941dfd9ad4dfe47a943b6cd,2026-09-29T09:20:56+09:00,5-40 minutes before close,1-6-7,117.8,3.0,1790643180.0,1790642880.0,1790643783.0,True,https://www.winticket.jp/keirin/hofu/racecard/2026092963/1/5,1-6-7,1-6,1-6,1-6,1-6,1-6|1-7|6-7,"{""1-6-7"": 11780}","{""1-6-7"": 7520}","{""1-6"": 3260}","{""1-6"": 2780}","{""1-6"": 1560, ""1-7"": 710, ""6-7"": 2600}",{},{},1-6-7,True,確定,False,0.0,-100.0
2026-09-29,防府,5,056320260929,1790643180,1790642880,1624,near_close_v2_20260805,trifecta,3連単,14,5-4-1,0.0183010110468458,102.7,88,True,100,10270.0,10170.0,100,88.0,False,external holdout ROI target was not met,02f306055c6d5e2aa86381af2f1bff6fb6d903971941dfd9ad4dfe47a943b6cd,2026-09-29T09:20:56+09:00,5-40 minutes before close,1-6-7,117.8,3.0,1790643180.0,1790642880.0,1790643783.0,True,https://www.winticket.jp/keirin/hofu/racecard/2026092963/1/5,1-6-7,1-6,1-6,1-6,1-6,1-6|1-7|6-7,"{""1-6-7"": 11780}","{""1-6-7"": 7520}","{""1-6"": 3260}","{""1-6"": 2780}","{""1-6"": 1560, ""1-7"": 710, ""6-7"": 2600}",{},{},1-6-7,True,確定,False,0.0,-100.0
2026-09-29,防府,5,056320260929,1790643180,1790642880,1624,near_close_v2_20260805,trifecta,3連単,18,7-4-2,0.0097678352068176,104.9,2,True,100,10490.0,10390.0,100,2.0,False,external holdout ROI target was not met,02f306055c6d5e2aa86381af2f1bff6fb6d903971941dfd9ad4dfe47a943b6cd,2026-09-29T09:20:56+09:00,5-40 minutes before close,1-6-7,117.8,3.0,1790643180.0,1790642880.0,1790643783.0,True,https://www.winticket.jp/keirin/hofu/racecard/2026092963/1/5,1-6-7,1-6,1-6,1-6,1-6,1-6|1-7|6-7,"{""1-6-7"": 11780}","{""1-6-7"": 7520}","{""1-6"": 3260}","{""1-6"": 2780}","{""1-6"": 1560, ""1-7"": 710, ""6-7"": 2600}",{},{},1-6-7,True,確定,False,0.0,-100.0
2026-09-29,防府,5,056320260929,1790643180,1790642880,1624,near_close_v2_20260805,trifecta,3連単,23,5-1-4,0.0066182676176784,219.5,45,True,100,21950.0,21850.0,100,45.0,False,external holdout ROI target was not met,02f306055c6d5e2aa86381af2f1bff6fb6d903971941dfd9ad4dfe47a943b6cd,2026-09-29T09:20:56+09:00,5-40 minutes before close,1-6-7,117.8,3.0,1790643180.0,1790642880.0,1790643783.0,True,https://www.winticket.jp/keirin/hofu/racecard/2026092963/1/5,1-6-7,1-6,1-6,1-6,1-6,1-6|1-7|6-7,"{""1-6-7"": 11780}","{""1-6-7"": 7520}","{""1-6"": 3260}","{""1-6"": 2780}","{""1-6"": 1560, ""1-7"": 710, ""6-7"": 2600}",{},{},1-6-7,True,確定,False,0.0,-100.0
2026-09-29,防府,5,056320260929,1790643180,1790642880,1624,near_close_v2_20260805,trifecta,3連単,30,4-5-6,0.0043907520290775,308.1,35,True,100,30810.0,30710.0,100,35.0,False,external holdout ROI target was not met,02f306055c6d5e2aa86381af2f1bff6fb6d903971941dfd9ad4dfe47a943b6cd,2026-09-29T09:20:56+09:00,5-40 minutes before close,1-6-7,117.8,3.0,1790643180.0,1790642880.0,1790643783.0,True,https://www.winticket.jp/keirin/hofu/racecard/2026092963/1/5,1-6-7,1-6,1-6,1-6,1-6,1-6|1-7|6-7,"{""1-6-7"": 11780}","{""1-6-7"": 7520}","{""1-6"": 3260}","{""1-6"": 2780}","{""1-6"": 1560, ""1-7"": 710, ""6-7"": 2600}",{},{},1-6-7,True,確定,False,0.0,-100.0
2026-09-29,防府,5,056320260929,1790643180,1790642880,1624,near_close_v2_20260805,trifecta,3連単,32,5-4-6,0.0040116160236856,374.5,50,True,100,37450.0,37350.0,100,50.0,False,external holdout ROI target was not met,02f306055c6d5e2aa86381af2f1bff6fb6d903971941dfd9ad4dfe47a943b6cd,2026-09-29T09:20:56+09:00,5-40 minutes before close,1-6-7,117.8,3.0,1790643180.0,1790642880.0,1790643783.0,True,https://www.winticket.jp/keirin/hofu/racecard/2026092963/1/5,1-6-7,1-6,1-6,1-6,1-6,1-6|1-7|6-7,"{""1-6-7"": 11780}","{""1-6-7"": 7520}","{""1-6"": 3260}","{""1-6"": 2780}","{""1-6"": 1560, ""1-7"": 710, ""6-7"": 2600}",{},{},1-6-7,True,確定,False,0.0,-100.0
2026-09-29,防府,6,066320260929,1790644440,1790644140,1079,near_close_v2_20260805,trifecta,3連単,1,7-3-4,0.2458372069109622,5.8,43,True,1400,8120.0,6720.0,1400,602.0,False,external holdout ROI target was not met,02f306055c6d5e2aa86381af2f1bff6fb6d903971941dfd9ad4dfe47a943b6cd,2026-09-29T09:51:00+09:00,5-40 minutes before close,3-7-4,11.2,3.0,1790644440.0,1790644140.0,1790644984.0,True,https://www.winticket.jp/keirin/hofu/racecard/2026092963/1/6,3-4-7,3-7,3-7,3-6,3-6,3-4|3-7|4-7,"{""3-7-4"": 1120}","{""3-4-7"": 350}","{""3-7"": 250}","{""3-7"": 100}","{""3-4"": 190, ""3-7"": 100, ""4-7"": 230}",{},{},3-7-4,True,確定,False,0.0,-1400.0
2026-09-29,防府,6,066320260929,1790644440,1790644140,1079,near_close_v2_20260805,trifecta,3連単,2,7-3-1,0.1628872118582494,8.0,30,True,700,5600.0,4900.0,700,210.0,False,external holdout ROI target was not met,02f306055c6d5e2aa86381af2f1bff6fb6d903971941dfd9ad4dfe47a943b6cd,2026-09-29T09:51:00+09:00,5-40 minutes before close,3-7-4,11.2,3.0,1790644440.0,1790644140.0,1790644984.0,True,https://www.winticket.jp/keirin/hofu/racecard/2026092963/1/6,3-4-7,3-7,3-7,3-6,3-6,3-4|3-7|4-7,"{""3-7-4"": 1120}","{""3-4-7"": 350}","{""3-7"": 250}","{""3-7"": 100}","{""3-4"": 190, ""3-7"": 100, ""4-7"": 230}",{},{},3-7-4,True,確定,False,0.0,-700.0
2026-09-29,防府,6,066320260929,1790644440,1790644140,1079,near_close_v2_20260805,trifecta,3連単,3,7-3-2,0.129876281167021,12.5,62,True,1100,13750.0,12650.0,1100,682.0,False,external holdout ROI target was not met,02f306055c6d5e2aa86381af2f1bff6fb6d903971941dfd9ad4dfe47a943b6cd,2026-09-29T09:51:00+09:00,5-40 minutes before close,3-7-4,11.2,3.0,1790644440.0,1790644140.0,1790644984.0,True,https://www.winticket.jp/keirin/hofu/racecard/2026092963/1/6,3-4-7,3-7,3-7,3-6,3-6,3-4|3-7|4-7,"{""3-7-4"": 1120}","{""3-4-7"": 350}","{""3-7"": 250}","{""3-7"": 100}","{""3-4"": 190, ""3-7"": 100, ""4-7"": 230}",{},{},3-7-4,True,確定,False,0.0,-1100.0
2026-09-29,防府,6,066320260929,1790644440,1790644140,1079,near_close_v2_20260805,trifecta,3連単,4,7-4-3,0.0844606729465459,46.4,292,True,3300,153120.0,149820.0,3300,9636.0,False,external holdout ROI target was not met,02f306055c6d5e2aa86381af2f1bff6fb6d903971941dfd9ad4dfe47a943b6cd,2026-09-29T09:51:00+09:00,5-40 minutes before close,3-7-4,11.2,3.0,1790644440.0,1790644140.0,1790644984.0,True,https://www.winticket.jp/keirin/hofu/racecard/2026092963/1/6,3-4-7,3-7,3-7,3-6,3-6,3-4|3-7|4-7,"{""3-7-4"": 1120}","{""3-4-7"": 350}","{""3-7"": 250}","{""3-7"": 100}","{""3-4"": 190, ""3-7"": 100, ""4-7"": 230}",{},{},3-7-4,True,確定,False,0.0,-3300.0
2026-09-29,防府,6,066320260929,1790644440,1790644140,1079,near_close_v2_20260805,trifecta,3連単,6,7-1-3,0.053474214824263,69.0,269,True,1900,131100.0,129200.0,1900,5111.0,False,external holdout ROI target was not met,02f306055c6d5e2aa86381af2f1bff6fb6d903971941dfd9ad4dfe47a943b6cd,2026-09-29T09:51:00+09:00,5-40 minutes before close,3-7-4,11.2,3.0,1790644440.0,1790644140.0,1790644984.0,True,https://www.winticket.jp/keirin/hofu/racecard/2026092963/1/6,3-4-7,3-7,3-7,3-6,3-6,3-4|3-7|4-7,"{""3-7-4"": 1120}","{""3-4-7"": 350}","{""3-7"": 250}","{""3-7"": 100}","{""3-4"": 190, ""3-7"": 100, ""4-7"": 230}",{},{},3-7-4,True,確定,False,0.0,-1900.0
2026-09-29,防府,6,066320260929,1790644440,1790644140,1079,near_close_v2_20260805,trifecta,3連単,7,7-2-3,0.0418958427101149,63.2,165,True,900,56880.0,55980.0,900,1485.0,False,external holdout ROI target was not met,02f306055c6d5e2aa86381af2f1bff6fb6d903971941dfd9ad4dfe47a943b6cd,2026-09-29T09:51:00+09:00,5-40 minutes before close,3-7-4,11.2,3.0,1790644440.0,1790644140.0,1790644984.0,True,https://www.winticket.jp/keirin/hofu/racecard/2026092963/1/6,3-4-7,3-7,3-7,3-6,3-6,3-4|3-7|4-7,"{""3-7-4"": 1120}","{""3-4-7"": 350}","{""3-7"": 250}","{""3-7"": 100}","{""3-4"": 190, ""3-7"": 100, ""4-7"": 230}",{},{},3-7-4,True,確定,False,0.0,-900.0
2026-09-29,防府,6,066320260929,1790644440,1790644140,1079,near_close_v2_20260805,trifecta,3連単,13,4-7-3,0.0105033200263814,149.1,57,True,100,14910.0,14810.0,100,57.0,False,external holdout ROI target was not met,02f306055c6d5e2aa86381af2f1bff6fb6d903971941dfd9ad4dfe47a943b6cd,2026-09-29T09:51:00+09:00,5-40 minutes before close,3-7-4,11.2,3.0,1790644440.0,1790644140.0,1790644984.0,True,https://www.winticket.jp/keirin/hofu/racecard/2026092963/1/6,3-4-7,3-7,3-7,3-6,3-6,3-4|3-7|4-7,"{""3-7-4"": 1120}","{""3-4-7"": 350}","{""3-7"": 250}","{""3-7"": 100}","{""3-4"": 190, ""3-7"": 100, ""4-7"": 230}",{},{},3-7-4,True,確定,False,0.0,-100.0
2026-09-29,防府,6,066320260929,1790644440,1790644140,1079,near_close_v2_20260805,trifecta,3連単,14,7-4-1,0.0097143340879601,160.9,56,True,100,16090.0,15990.0,100,56.0,False,external holdout ROI target was not met,02f306055c6d5e2aa86381af2f1bff6fb6d903971941dfd9ad4dfe47a943b6cd,2026-09-29T09:51:00+09:00,5-40 minutes before close,3-7-4,11.2,3.0,1790644440.0,1790644140.0,1790644984.0,True,https://www.winticket.jp/keirin/hofu/racecard/2026092963/1/6,3-4-7,3-7,3-7,3-6,3-6,3-4|3-7|4-7,"{""3-7-4"": 1120}","{""3-4-7"": 350}","{""3-7"": 250}","{""3-7"": 100}","{""3-4"": 190, ""3-7"": 100, ""4-7"": 230}",{},{},3-7-4,True,確定,False,0.0,-100.0
2026-09-29,防府,6,066320260929,1790644440,1790644140,1079,near_close_v2_20260805,trifecta,3連単,15,7-1-4,0.0092824696484044,157.1,46,True,100,15710.0,15610.0,100,46.0,False,external holdout ROI target was not met,02f306055c6d5e2aa86381af2f1bff6fb6d903971941dfd9ad4dfe47a943b6cd,2026-09-29T09:51:00+09:00,5-40 minutes before close,3-7-4,11.2,3.0,1790644440.0,1790644140.0,1790644984.0,True,https://www.winticket.jp/keirin/hofu/racecard/2026092963/1/6,3-4-7,3-7,3-7,3-6,3-6,3-4|3-7|4-7,"{""3-7-4"": 1120}","{""3-4-7"": 350}","{""3-7"": 250}","{""3-7"": 100}","{""3-4"": 190, ""3-7"": 100, ""4-7"": 230}",{},{},3-7-4,True,確定,False,0.0,-100.0
2026-09-29,防府,6,066320260929,1790644440,1790644140,1079,near_close_v2_20260805,trifecta,3連単,19,1-7-3,0.0066162796516829,216.3,43,True,100,21630.0,21530.0,100,43.0,False,external holdout ROI target was not met,02f306055c6d5e2aa86381af2f1bff6fb6d903971941dfd9ad4dfe47a943b6cd,2026-09-29T09:51:00+09:00,5-40 minutes before close,3-7-4,11.2,3.0,1790644440.0,1790644140.0,1790644984.0,True,https://www.winticket.jp/keirin/hofu/racecard/2026092963/1/6,3-4-7,3-7,3-7,3-6,3-6,3-4|3-7|4-7,"{""3-7-4"": 1120}","{""3-4-7"": 350}","{""3-7"": 250}","{""3-7"": 100}","{""3-4"": 190, ""3-7"": 100, ""4-7"": 230}",{},{},3-7-4,True,確定,False,0.0,-100.0
2026-09-29,防府,6,066320260929,1790644440,1790644140,1079,near_close_v2_20260805,trifecta,3連単,21,7-1-2,0.0049039470189602,290.0,42,True,100,29000.0,28900.0,100,42.0,False,external holdout ROI target was not met,02f306055c6d5e2aa86381af2f1bff6fb6d903971941dfd9ad4dfe47a943b6cd,2026-09-29T09:51:00+09:00,5-40 minutes before close,3-7-4,11.2,3.0,1790644440.0,1790644140.0,1790644984.0,True,https://www.winticket.jp/keirin/hofu/racecard/2026092963/1/6,3-4-7,3-7,3-7,3-6,3-6,3-4|3-7|4-7,"{""3-7-4"": 1120}","{""3-4-7"": 350}","{""3-7"": 250}","{""3-7"": 100}","{""3-4"": 190, ""3-7"": 100, ""4-7"": 230}",{},{},3-7-4,True,確定,False,0.0,-100.0
2026-09-29,防府,6,066320260929,1790644440,1790644140,1079,near_close_v2_20260805,trifecta,3連単,22,7-2-1,0.0048186948882145,212.8,3,True,100,21280.0,21180.0,100,3.0,False,external holdout ROI target was not met,02f306055c6d5e2aa86381af2f1bff6fb6d903971941dfd9ad4dfe47a943b6cd,2026-09-29T09:51:00+09:00,5-40 minutes before close,3-7-4,11.2,3.0,1790644440.0,1790644140.0,1790644984.0,True,https://www.winticket.jp/keirin/hofu/racecard/2026092963/1/6,3-4-7,3-7,3-7,3-6,3-6,3-4|3-7|4-7,"{""3-7-4"": 1120}","{""3-4-7"": 350}","{""3-7"": 250}","{""3-7"": 100}","{""3-4"": 190, ""3-7"": 100, ""4-7"": 230}",{},{},3-7-4,True,確定,False,0.0,-100.0
2026-09-29,防府,6,066320260929,1790644440,1790644140,1079,near_close_v2_20260805,trifecta,3連単,24,7-6-3,0.0036671110956853,393.9,44,True,100,39390.0,39290.0,100,44.0,False,external holdout ROI target was not met,02f306055c6d5e2aa86381af2f1bff6fb6d903971941dfd9ad4dfe47a943b6cd,2026-09-29T09:51:00+09:00,5-40 minutes before close,3-7-4,11.2,3.0,1790644440.0,1790644140.0,1790644984.0,True,https://www.winticket.jp/keirin/hofu/racecard/2026092963/1/6,3-4-7,3-7,3-7,3-6,3-6,3-4|3-7|4-7,"{""3-7-4"": 1120}","{""3-4-7"": 350}","{""3-7"": 250}","{""3-7"": 100}","{""3-4"": 190, ""3-7"": 100, ""4-7"": 230}",{},{},3-7-4,True,確定,False,0.0,-100.0
2026-09-29,防府,7,076320260929,1790645700,1790645400,824,near_close_v2_20260805,trifecta,3連単,1,3-7-4,0.0577280467535918,29.1,68,True,600,17460.0,16860.0,600,408.0,False,external holdout ROI target was not met,02f306055c6d5e2aa86381af2f1bff6fb6d903971941dfd9ad4dfe47a943b6cd,2026-09-29T10:16:16+09:00,5-40 minutes before close,5-3-7,63.7,3.0,1790645700.0,1790645400.0,1790646464.0,True,https://www.winticket.jp/keirin/hofu/racecard/2026092963/1/7,3-5-7,5-3,3-5,5-3,3-5,3-5|3-7|5-7,"{""5-3-7"": 6370}","{""3-5-7"": 630}","{""5-3"": 1560}","{""3-5"": 380}","{""3-5"": 220, ""3-7"": 170, ""5-7"": 470}",{},{},5-3-7,True,確定,False,0.0,-600.0
2026-09-29,防府,7,076320260929,1790645700,1790645400,824,near_close_v2_20260805,trifecta,3連単,2,3-7-5,0.0507692491801589,22.6,15,True,200,4520.0,4320.0,200,30.0,False,external holdout ROI target was not met,02f306055c6d5e2aa86381af2f1bff6fb6d903971941dfd9ad4dfe47a943b6cd,2026-09-29T10:16:16+09:00,5-40 minutes before close,5-3-7,63.7,3.0,1790645700.0,1790645400.0,1790646464.0,True,https://www.winticket.jp/keirin/hofu/racecard/2026092963/1/7,3-5-7,5-3,3-5,5-3,3-5,3-5|3-7|5-7,"{""5-3-7"": 6370}","{""3-5-7"": 630}","{""5-3"": 1560}","{""3-5"": 380}","{""3-5"": 220, ""3-7"": 170, ""5-7"": 470}",{},{},5-3-7,True,確定,False,0.0,-200.0
2026-09-29,防府,7,076320260929,1790645700,1790645400,824,near_close_v2_20260805,trifecta,3連単,3,3-7-2,0.0488846537116833,71.5,250,True,1700,121550.0,119850.0,1700,4250.0,False,external holdout ROI target was not met,02f306055c6d5e2aa86381af2f1bff6fb6d903971941dfd9ad4dfe47a943b6cd,2026-09-29T10:16:16+09:00,5-40 minutes before close,5-3-7,63.7,3.0,1790645700.0,1790645400.0,1790646464.0,True,https://www.winticket.jp/keirin/hofu/racecard/2026092963/1/7,3-5-7,5-3,3-5,5-3,3-5,3-5|3-7|5-7,"{""5-3-7"": 6370}","{""3-5-7"": 630}","{""5-3"": 1560}","{""3-5"": 380}","{""3-5"": 220, ""3-7"": 170, ""5-7"": 470}",{},{},5-3-7,True,確定,False,0.0,-1700.0
2026-09-29,防府,7,076320260929,1790645700,1790645400,824,near_close_v2_20260805,trifecta,3連単,4,3-4-7,0.047108909704272,33.1,56,True,400,13240.0,12840.0,400,224.0,False,external holdout ROI target was not met,02f306055c6d5e2aa86381af2f1bff6fb6d903971941dfd9ad4dfe47a943b6cd,2026-09-29T10:16:16+09:00,5-40 minutes before close,5-3-7,63.7,3.0,1790645700.0,1790645400.0,1790646464.0,True,https://www.winticket.jp/keirin/hofu/racecard/2026092963/1/7,3-5-7,5-3,3-5,5-3,3-5,3-5|3-7|5-7,"{""5-3-7"": 6370}","{""3-5-7"": 630}","{""5-3"": 1560}","{""3-5"": 380}","{""3-5"": 220, ""3-7"": 170, ""5-7"": 470}",{},{},5-3-7,True,確定,False,0.0,-400.0
2026-09-29,防府,7,076320260929,1790645700,1790645400,824,near_close_v2_20260805,trifecta,3連単,6,3-2-7,0.0384181203642917,82.0,215,True,1200,98400.0,97200.0,1200,2580.0,False,external holdout ROI target was not met,02f306055c6d5e2aa86381af2f1bff6fb6d903971941dfd9ad4dfe47a943b6cd,2026-09-29T10:16:16+09:00,5-40 minutes before close,5-3-7,63.7,3.0,1790645700.0,1790645400.0,1790646464.0,True,https://www.winticket.jp/keirin/hofu/racecard/2026092963/1/7,3-5-7,5-3,3-5,5-3,3-5,3-5|3-7|5-7,"{""5-3-7"": 6370}","{""3-5-7"": 630}","{""5-3"": 1560}","{""3-5"": 380}","{""3-5"": 220, ""3-7"": 170, ""5-7"": 470}",{},{},5-3-7,True,確定,False,0.0,-1200.0
2026-09-29,防府,7,076320260929,1790645700,1790645400,824,near_close_v2_20260805,trifecta,3連単,7,7-3-4,0.0314946615769739,65.3,106,True,500,32650.0,32150.0,500,530.0,False,external holdout ROI target was not met,02f306055c6d5e2aa86381af2f1bff6fb6d903971941dfd9ad4dfe47a943b6cd,2026-09-29T10:16:16+09:00,5-40 minutes before close,5-3-7,63.7,3.0,1790645700.0,1790645400.0,1790646464.0,True,https://www.winticket.jp/keirin/hofu/racecard/2026092963/1/7,3-5-7,5-3,3-5,5-3,3-5,3-5|3-7|5-7,"{""5-3-7"": 6370}","{""3-5-7"": 630}","{""5-3"": 1560}","{""3-5"": 380}","{""3-5"": 220, ""3-7"": 170, ""5-7"": 470}",{},{},5-3-7,True,確定,False,0.0,-500.0
2026-09-29,防府,7,076320260929,1790645700,1790645400,824,near_close_v2_20260805,trifecta,3連単,8,7-3-5,0.0276981538674124,88.1,144,True,600,52860.0,52260.0,600,864.0,False,external holdout ROI target was not met,02f306055c6d5e2aa86381af2f1bff6fb6d903971941dfd9ad4dfe47a943b6cd,2026-09-29T10:16:16+09:00,5-40 minutes before close,5-3-7,63.7,3.0,1790645700.0,1790645400.0,1790646464.0,True,https://www.winticket.jp/keirin/hofu/racecard/2026092963/1/7,3-5-7,5-3,3-5,5-3,3-5,3-5|3-7|5-7,"{""5-3-7"": 6370}","{""3-5-7"": 630}","{""5-3"": 1560}","{""3-5"": 380}","{""3-5"": 220, ""3-7"": 170, ""5-7"": 470}",{},{},5-3-7,True,確定,False,0.0,-600.0
2026-09-29,防府,7,076320260929,1790645700,1790645400,824,near_close_v2_20260805,trifecta,3連単,9,7-3-2,0.0266699760608345,181.6,384,True,1400,254240.0,252840.0,1400,5376.0,False,external holdout ROI target was not met,02f306055c6d5e2aa86381af2f1bff6fb6d903971941dfd9ad4dfe47a943b6cd,2026-09-29T10:16:16+09:00,5-40 minutes before close,5-3-7,63.7,3.0,1790645700.0,1790645400.0,1790646464.0,True,https://www.winticket.jp/keirin/hofu/racecard/2026092963/1/7,3-5-7,5-3,3-5,5-3,3-5,3-5|3-7|5-7,"{""5-3-7"": 6370}","{""3-5-7"": 630}","{""5-3"": 1560}","{""3-5"": 380}","{""3-5"": 220, ""3-7"": 170, ""5-7"": 470}",{},{},5-3-7,True,確定,False,0.0,-1400.0
2026-09-29,防府,7,076320260929,1790645700,1790645400,824,near_close_v2_20260805,trifecta,3連単,11,3-4-5,0.0238874085192082,42.5,2,True,100,4250.0,4150.0,100,2.0,False,external holdout ROI target was not met,02f306055c6d5e2aa86381af2f1bff6fb6d903971941dfd9ad4dfe47a943b6cd,2026-09-29T10:16:16+09:00,5-40 minutes before close,5-3-7,63.7,3.0,1790645700.0,1790645400.0,1790646464.0,True,https://www.winticket.jp/keirin/hofu/racecard/2026092963/1/7,3-5-7,5-3,3-5,5-3,3-5,3-5|3-7|5-7,"{""5-3-7"": 6370}","{""3-5-7"": 630}","{""5-3"": 1560}","{""3-5"": 380}","{""3-5"": 220, ""3-7"": 170, ""5-7"": 470}",{},{},5-3-7,True,確定,False,0.0,-100.0
2026-09-29,防府,7,076320260929,1790645700,1790645400,824,near_close_v2_20260805,trifecta,3連単,12,4-3-7,0.0237917606244075,75.1,79,True,300,22530.0,22230.0,300,237.0,False,external holdout ROI target was not met,02f306055c6d5e2aa86381af2f1bff6fb6d903971941dfd9ad4dfe47a943b6cd,2026-09-29T10:16:16+09:00,5-40 minutes before close,5-3-7,63.7,3.0,1790645700.0,1790645400.0,1790646464.0,True,https://www.winticket.jp/keirin/hofu/racecard/2026092963/1/7,3-5-7,5-3,3-5,5-3,3-5,3-5|3-7|5-7,"{""5-3-7"": 6370}","{""3-5-7"": 630}","{""5-3"": 1560}","{""3-5"": 380}","{""3-5"": 220, ""3-7"": 170, ""5-7"": 470}",{},{},5-3-7,True,確定,False,0.0,-300.0
2026-09-29,防府,7,076320260929,1790645700,1790645400,824,near_close_v2_20260805,trifecta,3連単,14,3-4-2,0.0230006886528345,96.0,121,True,400,38400.0,38000.0,400,484.0,False,external holdout ROI target was not met,02f306055c6d5e2aa86381af2f1bff6fb6d903971941dfd9ad4dfe47a943b6cd,2026-09-29T10:16:16+09:00,5-40 minutes before close,5-3-7,63.7,3.0,1790645700.0,1790645400.0,1790646464.0,True,https://www.winticket.jp/keirin/hofu/racecard/2026092963/1/7,3-5-7,5-3,3-5,5-3,3-5,3-5|3-7|5-7,"{""5-3-7"": 6370}","{""3-5-7"": 630}","{""5-3"": 1560}","{""3-5"": 380}","{""3-5"": 220, ""3-7"": 170, ""5-7"": 470}",{},{},5-3-7,True,確定,False,0.0,-400.0
2026-09-29,防府,7,076320260929,1790645700,1790645400,824,near_close_v2_20260805,trifecta,3連単,15,3-2-4,0.0221507389695991,108.2,140,True,500,54100.0,53600.0,500,700.0,False,external holdout ROI target was not met,02f306055c6d5e2aa86381af2f1bff6fb6d903971941dfd9ad4dfe47a943b6cd,2026-09-29T10:16:16+09:00,5-40 minutes before close,5-3-7,63.7,3.0,1790645700.0,1790645400.0,1790646464.0,True,https://www.winticket.jp/keirin/hofu/racecard/2026092963/1/7,3-5-7,5-3,3-5,5-3,3-5,3-5|3-7|5-7,"{""5-3-7"": 6370}","{""3-5-7"": 630}","{""5-3"": 1560}","{""3-5"": 380}","{""3-5"": 220, ""3-7"": 170, ""5-7"": 470}",{},{},5-3-7,True,確定,False,0.0,-500.0
2026-09-29,防府,7,076320260929,1790645700,1790645400,824,near_close_v2_20260805,trifecta,3連単,16,5-3-7,0.0200658445666864,72.7,46,True,200,14540.0,14340.0,200,92.0,False,external holdout ROI target was not met,02f306055c6d5e2aa86381af2f1bff6fb6d903971941dfd9ad4dfe47a943b6cd,2026-09-29T10:16:16+09:00,5-40 minutes before close,5-3-7,63.7,3.0,1790645700.0,1790645400.0,1790646464.0,True,https://www.winticket.jp/keirin/hofu/racecard/2026092963/1/7,3-5-7,5-3,3-5,5-3,3-5,3-5|3-7|5-7,"{""5-3-7"": 6370}","{""3-5-7"": 630}","{""5-3"": 1560}","{""3-5"": 380}","{""3-5"": 220, ""3-7"": 170, ""5-7"": 470}",{},{},5-3-7,True,確定,True,12740.0,12540.0
2026-09-29,防府,7,076320260929,1790645700,1790645400,824,near_close_v2_20260805,trifecta,3連単,18,3-2-5,0.0194805895836457,57.2,11,True,100,5720.0,5620.0,100,11.0,False,external holdout ROI target was not met,02f306055c6d5e2aa86381af2f1bff6fb6d903971941dfd9ad4dfe47a943b6cd,2026-09-29T10:16:16+09:00,5-40 minutes before close,5-3-7,63.7,3.0,1790645700.0,1790645400.0,1790646464.0,True,https://www.winticket.jp/keirin/hofu/racecard/2026092963/1/7,3-5-7,5-3,3-5,5-3,3-5,3-5|3-7|5-7,"{""5-3-7"": 6370}","{""3-5-7"": 630}","{""5-3"": 1560}","{""3-5"": 380}","{""3-5"": 220, ""3-7"": 170, ""5-7"": 470}",{},{},5-3-7,True,確定,False,0.0,-100.0
2026-09-29,防府,7,076320260929,1790645700,1790645400,824,near_close_v2_20260805,trifecta,3連単,19,2-3-7,0.019106490960579,128.6,146,True,400,51440.0,51040.0,400,584.0,False,external holdout ROI target was not met,02f306055c6d5e2aa86381af2f1bff6fb6d903971941dfd9ad4dfe47a943b6cd,2026-09-29T10:16:16+09:00,5-40 minutes before close,5-3-7,63.7,3.0,1790645700.0,1790645400.0,1790646464.0,True,https://www.winticket.jp/keirin/hofu/racecard/2026092963/1/7,3-5-7,5-3,3-5,5-3,3-5,3-5|3-7|5-7,"{""5-3-7"": 6370}","{""3-5-7"": 630}","{""5-3"": 1560}","{""3-5"": 380}","{""3-5"": 220, ""3-7"": 170, ""5-7"": 470}",{},{},5-3-7,True,確定,False,0.0,-400.0
2026-09-29,防府,7,076320260929,1790645700,1790645400,824,near_close_v2_20260805,trifecta,3連単,23,4-3-5,0.012064034361952,121.0,46,True,100,12100.0,12000.0,100,46.0,False,external holdout ROI target was not met,02f306055c6d5e2aa86381af2f1bff6fb6d903971941dfd9ad4dfe47a943b6cd,2026-09-29T10:16:16+09:00,5-40 minutes before close,5-3-7,63.7,3.0,1790645700.0,1790645400.0,1790646464.0,True,https://www.winticket.jp/keirin/hofu/racecard/2026092963/1/7,3-5-7,5-3,3-5,5-3,3-5,3-5|3-7|5-7,"{""5-3-7"": 6370}","{""3-5-7"": 630}","{""5-3"": 1560}","{""3-5"": 380}","{""3-5"": 220, ""3-7"": 170, ""5-7"": 470}",{},{},5-3-7,True,確定,False,0.0,-100.0
2026-09-29,防府,7,076320260929,1790645700,1790645400,824,near_close_v2_20260805,trifecta,3連単,25,4-3-2,0.0116162076783352,208.9,143,True,300,62670.0,62370.0,300,429.0,False,external holdout ROI target was not met,02f306055c6d5e2aa86381af2f1bff6fb6d903971941dfd9ad4dfe47a943b6cd,2026-09-29T10:16:16+09:00,5-40 minutes before close,5-3-7,63.7,3.0,1790645700.0,1790645400.0,1790646464.0,True,https://www.winticket.jp/keirin/hofu/racecard/2026092963/1/7,3-5-7,5-3,3-5,5-3,3-5,3-5|3-7|5-7,"{""5-3-7"": 6370}","{""3-5-7"": 630}","{""5-3"": 1560}","{""3-5"": 380}","{""3-5"": 220, ""3-7"": 170, ""5-7"": 470}",{},{},5-3-7,True,確定,False,0.0,-300.0
2026-09-29,防府,7,076320260929,1790645700,1790645400,824,near_close_v2_20260805,trifecta,3連単,28,2-3-4,0.0110162311398805,216.8,139,True,300,65040.0,64740.0,300,417.0,False,external holdout ROI target was not met,02f306055c6d5e2aa86381af2f1bff6fb6d903971941dfd9ad4dfe47a943b6cd,2026-09-29T10:16:16+09:00,5-40 minutes before close,5-3-7,63.7,3.0,1790645700.0,1790645400.0,1790646464.0,True,https://www.winticket.jp/keirin/hofu/racecard/2026092963/1/7,3-5-7,5-3,3-5,5-3,3-5,3-5|3-7|5-7,"{""5-3-7"": 6370}","{""3-5-7"": 630}","{""5-3"": 1560}","{""3-5"": 380}","{""3-5"": 220, ""3-7"": 170, ""5-7"": 470}",{},{},5-3-7,True,確定,False,0.0,-300.0
2026-09-29,防府,7,076320260929,1790645700,1790645400,824,near_close_v2_20260805,trifecta,3連単,29,7-5-3,0.0109099784922055,117.4,28,True,100,11740.0,11640.0,100,28.0,False,external holdout ROI target was not met,02f306055c6d5e2aa86381af2f1bff6fb6d903971941dfd9ad4dfe47a943b6cd,2026-09-29T10:16:16+09:00,5-40 minutes before close,5-3-7,63.7,3.0,1790645700.0,1790645400.0,1790646464.0,True,https://www.winticket.jp/keirin/hofu/racecard/2026092963/1/7,3-5-7,5-3,3-5,5-3,3-5,3-5|3-7|5-7,"{""5-3-7"": 6370}","{""3-5-7"": 630}","{""5-3"": 1560}","{""3-5"": 380}","{""3-5"": 220, ""3-7"": 170, ""5-7"": 470}",{},{},5-3-7,True,確定,False,0.0,-100.0
2026-09-29,防府,7,076320260929,1790645700,1790645400,824,near_close_v2_20260805,trifecta,3連単,30,7-2-3,0.0104636916757558,297.3,211,True,300,89190.0,88890.0,300,633.0,False,external holdout ROI target was not met,02f306055c6d5e2aa86381af2f1bff6fb6d903971941dfd9ad4dfe47a943b6cd,2026-09-29T10:16:16+09:00,5-40 minutes before close,5-3-7,63.7,3.0,1790645700.0,1790645400.0,1790646464.0,True,https://www.winticket.jp/keirin/hofu/racecard/2026092963/1/7,3-5-7,5-3,3-5,5-3,3-5,3-5|3-7|5-7,"{""5-3-7"": 6370}","{""3-5-7"": 630}","{""5-3"": 1560}","{""3-5"": 380}","{""3-5"": 220, ""3-7"": 170, ""5-7"": 470}",{},{},5-3-7,True,確定,False,0.0,-300.0
2026-09-29,防府,7,076320260929,1790645700,1790645400,824,near_close_v2_20260805,trifecta,3連単,31,5-7-3,0.0099777663562382,162.7,62,True,100,16270.0,16170.0,100,62.0,False,external holdout ROI target was not met,02f306055c6d5e2aa86381af2f1bff6fb6d903971941dfd9ad4dfe47a943b6cd,2026-09-29T10:16:16+09:00,5-40 minutes before close,5-3-7,63.7,3.0,1790645700.0,1790645400.0,1790646464.0,True,https://www.winticket.jp/keirin/hofu/racecard/2026092963/1/7,3-5-7,5-3,3-5,5-3,3-5,3-5|3-7|5-7,"{""5-3-7"": 6370}","{""3-5-7"": 630}","{""5-3"": 1560}","{""3-5"": 380}","{""3-5"": 220, ""3-7"": 170, ""5-7"": 470}",{},{},5-3-7,True,確定,False,0.0,-100.0
2026-09-29,防府,7,076320260929,1790645700,1790645400,824,near_close_v2_20260805,trifecta,3連単,33,5-3-2,0.009797047869114,114.5,12,True,100,11450.0,11350.0,100,12.0,False,external holdout ROI target was not met,02f306055c6d5e2aa86381af2f1bff6fb6d903971941dfd9ad4dfe47a943b6cd,2026-09-29T10:16:16+09:00,5-40 minutes before close,5-3-7,63.7,3.0,1790645700.0,1790645400.0,1790646464.0,True,https://www.winticket.jp/keirin/hofu/racecard/2026092963/1/7,3-5-7,5-3,3-5,5-3,3-5,3-5|3-7|5-7,"{""5-3-7"": 6370}","{""3-5-7"": 630}","{""5-3"": 1560}","{""3-5"": 380}","{""3-5"": 220, ""3-7"": 170, ""5-7"": 470}",{},{},5-3-7,True,確定,False,0.0,-100.0
2026-09-29,防府,7,076320260929,1790645700,1790645400,824,near_close_v2_20260805,trifecta,3連単,35,2-3-5,0.009688285248141,120.6,17,True,100,12060.0,11960.0,100,17.0,False,external holdout ROI target was not met,02f306055c6d5e2aa86381af2f1bff6fb6d903971941dfd9ad4dfe47a943b6cd,2026-09-29T10:16:16+09:00,5-40 minutes before close,5-3-7,63.7,3.0,1790645700.0,1790645400.0,1790646464.0,True,https://www.winticket.jp/keirin/hofu/racecard/2026092963/1/7,3-5-7,5-3,3-5,5-3,3-5,3-5|3-7|5-7,"{""5-3-7"": 6370}","{""3-5-7"": 630}","{""5-3"": 1560}","{""3-5"": 380}","{""3-5"": 220, ""3-7"": 170, ""5-7"": 470}",{},{},5-3-7,True,確定,False,0.0,-100.0
2026-09-29,広島,1,016220260929,1790646300,1790646000,1424,near_close_v2_20260805,trifecta,3連単,1,7-2-1,0.1429978682814549,22.8,226,True,1600,36480.0,34880.0,1600,3616.0,False,external holdout ROI target was not met,02f306055c6d5e2aa86381af2f1bff6fb6d903971941dfd9ad4dfe47a943b6cd,2026-09-29T10:16:16+09:00,5-40 minutes before close,5-3-7,108.3,3.0,1790646300.0,1790646000.0,1790646805.0,True,https://www.winticket.jp/keirin/hiroshima/racecard/2026092862/2/1,3-5-7,5-3,3-5,5-3,3-5,3-5|3-7|5-7,"{""5-3-7"": 10830}","{""3-5-7"": 1280}","{""5-3"": 2280}","{""3-5"": 1320}","{""3-5"": 400, ""3-7"": 730, ""5-7"": 360}",{},{},5-3-7,True,確定,False,0.0,-1600.0
2026-09-29,広島,1,016220260929,1790646300,1790646000,1424,near_close_v2_20260805,trifecta,3連単,2,2-7-1,0.1320243759183064,38.9,414,True,2700,105030.0,102330.0,2700,11178.0,False,external holdout ROI target was not met,02f306055c6d5e2aa86381af2f1bff6fb6d903971941dfd9ad4dfe47a943b6cd,2026-09-29T10:16:16+09:00,5-40 minutes before close,5-3-7,108.3,3.0,1790646300.0,1790646000.0,1790646805.0,True,https://www.winticket.jp/keirin/hiroshima/racecard/2026092862/2/1,3-5-7,5-3,3-5,5-3,3-5,3-5|3-7|5-7,"{""5-3-7"": 10830}","{""3-5-7"": 1280}","{""5-3"": 2280}","{""3-5"": 1320}","{""3-5"": 400, ""3-7"": 730, ""5-7"": 360}",{},{},5-3-7,True,確定,False,0.0,-2700.0
2026-09-29,広島,1,016220260929,1790646300,1790646000,1424,near_close_v2_20260805,trifecta,3連単,3,7-2-5,0.0922222623229261,37.3,244,True,1100,41030.0,39930.0,1100,2684.0,False,external holdout ROI target was not met,02f306055c6d5e2aa86381af2f1bff6fb6d903971941dfd9ad4dfe47a943b6cd,2026-09-29T10:16:16+09:00,5-40 minutes before close,5-3-7,108.3,3.0,1790646300.0,1790646000.0,1790646805.0,True,https://www.winticket.jp/keirin/hiroshima/racecard/2026092862/2/1,3-5-7,5-3,3-5,5-3,3-5,3-5|3-7|5-7,"{""5-3-7"": 10830}","{""3-5-7"": 1280}","{""5-3"": 2280}","{""3-5"": 1320}","{""3-5"": 400, ""3-7"": 730, ""5-7"": 360}",{},{},5-3-7,True,確定,False,0.0,-1100.0
2026-09-29,広島,1,016220260929,1790646300,1790646000,1424,near_close_v2_20260805,trifecta,3連単,4,2-7-5,0.0851452317106863,70.9,504,True,2100,148890.0,146790.0,2100,10584.0,False,external holdout ROI target was not met,02f306055c6d5e2aa86381af2f1bff6fb6d903971941dfd9ad4dfe47a943b6cd,2026-09-29T10:16:16+09:00,5-40 minutes before close,5-3-7,108.3,3.0,1790646300.0,1790646000.0,1790646805.0,True,https://www.winticket.jp/keirin/hiroshima/racecard/2026092862/2/1,3-5-7,5-3,3-5,5-3,3-5,3-5|3-7|5-7,"{""5-3-7"": 10830}","{""3-5-7"": 1280}","{""5-3"": 2280}","{""3-5"": 1320}","{""3-5"": 400, ""3-7"": 730, ""5-7"": 360}",{},{},5-3-7,True,確定,False,0.0,-2100.0
2026-09-29,広島,1,016220260929,1790646300,1790646000,1424,near_close_v2_20260805,trifecta,3連単,6,2-1-7,0.0480447033914917,21.9,5,True,100,2190.0,2090.0,100,5.0,False,external holdout ROI target was not met,02f306055c6d5e2aa86381af2f1bff6fb6d903971941dfd9ad4dfe47a943b6cd,2026-09-29T10:16:16+09:00,5-40 minutes before close,5-3-7,108.3,3.0,1790646300.0,1790646000.0,1790646805.0,True,https://www.winticket.jp/keirin/hiroshima/racecard/2026092862/2/1,3-5-7,5-3,3-5,5-3,3-5,3-5|3-7|5-7,"{""5-3-7"": 10830}","{""3-5-7"": 1280}","{""5-3"": 2280}","{""3-5"": 1320}","{""3-5"": 400, ""3-7"": 730, ""5-7"": 360}",{},{},5-3-7,True,確定,False,0.0,-100.0
2026-09-29,広島,1,016220260929,1790646300,1790646000,1424,near_close_v2_20260805,trifecta,3連単,8,7-2-3,0.0345047303917879,60.2,108,True,200,12040.0,11840.0,200,216.0,False,external holdout ROI target was not met,02f306055c6d5e2aa86381af2f1bff6fb6d903971941dfd9ad4dfe47a943b6cd,2026-09-29T10:16:16+09:00,5-40 minutes before close,5-3-7,108.3,3.0,1790646300.0,1790646000.0,1790646805.0,True,https://www.winticket.jp/keirin/hiroshima/racecard/2026092862/2/1,3-5-7,5-3,3-5,5-3,3-5,3-5|3-7|5-7,"{""5-3-7"": 10830}","{""3-5-7"": 1280}","{""5-3"": 2280}","{""3-5"": 1320}","{""3-5"": 400, ""3-7"": 730, ""5-7"": 360}",{},{},5-3-7,True,確定,False,0.0,-200.0
2026-09-29,広島,1,016220260929,1790646300,1790646000,1424,near_close_v2_20260805,trifecta,3連単,9,7-5-2,0.0344572109571761,78.1,169,True,300,23430.0,23130.0,300,507.0,False,external holdout ROI target was not met,02f306055c6d5e2aa86381af2f1bff6fb6d903971941dfd9ad4dfe47a943b6cd,2026-09-29T10:16:16+09:00,5-40 minutes before close,5-3-7,108.3,3.0,1790646300.0,1790646000.0,1790646805.0,True,https://www.winticket.jp/keirin/hiroshima/racecard/2026092862/2/1,3-5-7,5-3,3-5,5-3,3-5,3-5|3-7|5-7,"{""5-3-7"": 10830}","{""3-5-7"": 1280}","{""5-3"": 2280}","{""3-5"": 1320}","{""3-5"": 400, ""3-7"": 730, ""5-7"": 360}",{},{},5-3-7,True,確定,False,0.0,-300.0
2026-09-29,広島,1,016220260929,1790646300,1790646000,1424,near_close_v2_20260805,trifecta,3連単,11,2-7-3,0.0318568769657387,110.1,251,True,400,44040.0,43640.0,400,1004.0,False,external holdout ROI target was not met,02f306055c6d5e2aa86381af2f1bff6fb6d903971941dfd9ad4dfe47a943b6cd,2026-09-29T10:16:16+09:00,5-40 minutes before close,5-3-7,108.3,3.0,1790646300.0,1790646000.0,1790646805.0,True,https://www.winticket.jp/keirin/hiroshima/racecard/2026092862/2/1,3-5-7,5-3,3-5,5-3,3-5,3-5|3-7|5-7,"{""5-3-7"": 10830}","{""3-5-7"": 1280}","{""5-3"": 2280}","{""3-5"": 1320}","{""3-5"": 400, ""3-7"": 730, ""5-7"": 360}",{},{},5-3-7,True,確定,False,0.0,-400.0
2026-09-29,広島,1,016220260929,1790646300,1790646000,1424,near_close_v2_20260805,trifecta,3連単,12,2-5-7,0.0291022862966655,107.7,213,True,400,43080.0,42680.0,400,852.0,False,external holdout ROI target was not met,02f306055c6d5e2aa86381af2f1bff6fb6d903971941dfd9ad4dfe47a943b6cd,2026-09-29T10:16:16+09:00,5-40 minutes before close,5-3-7,108.3,3.0,1790646300.0,1790646000.0,1790646805.0,True,https://www.winticket.jp/keirin/hiroshima/racecard/2026092862/2/1,3-5-7,5-3,3-5,5-3,3-5,3-5|3-7|5-7,"{""5-3-7"": 10830}","{""3-5-7"": 1280}","{""5-3"": 2280}","{""3-5"": 1320}","{""3-5"": 400, ""3-7"": 730, ""5-7"": 360}",{},{},5-3-7,True,確定,False,0.0,-400.0
2026-09-29,広島,1,016220260929,1790646300,1790646000,1424,near_close_v2_20260805,trifecta,3連単,13,5-7-2,0.0209842096822932,136.5,186,True,200,27300.0,27100.0,200,372.0,False,external holdout ROI target was not met,02f306055c6d5e2aa86381af2f1bff6fb6d903971941dfd9ad4dfe47a943b6cd,2026-09-29T10:16:16+09:00,5-40 minutes before close,5-3-7,108.3,3.0,1790646300.0,1790646000.0,1790646805.0,True,https://www.winticket.jp/keirin/hiroshima/racecard/2026092862/2/1,3-5-7,5-3,3-5,5-3,3-5,3-5|3-7|5-7,"{""5-3-7"": 10830}","{""3-5-7"": 1280}","{""5-3"": 2280}","{""3-5"": 1320}","{""3-5"": 400, ""3-7"": 730, ""5-7"": 360}",{},{},5-3-7,True,確定,False,0.0,-200.0
2026-09-29,広島,1,016220260929,1790646300,1790646000,1424,near_close_v2_20260805,trifecta,3連単,14,5-2-7,0.019196190200012,148.7,185,True,200,29740.0,29540.0,200,370.0,False,external holdout ROI target was not met,02f306055c6d5e2aa86381af2f1bff6fb6d903971941dfd9ad4dfe47a943b6cd,2026-09-29T10:16:16+09:00,5-40 minutes before close,5-3-7,108.3,3.0,1790646300.0,1790646000.0,1790646805.0,True,https://www.winticket.jp/keirin/hiroshima/racecard/2026092862/2/1,3-5-7,5-3,3-5,5-3,3-5,3-5|3-7|5-7,"{""5-3-7"": 10830}","{""3-5-7"": 1280}","{""5-3"": 2280}","{""3-5"": 1320}","{""3-5"": 400, ""3-7"": 730, ""5-7"": 360}",{},{},5-3-7,True,確定,False,0.0,-200.0
2026-09-29,広島,1,016220260929,1790646300,1790646000,1424,near_close_v2_20260805,trifecta,3連単,15,7-2-6,0.0123618526309662,91.8,13,True,100,9180.0,9080.0,100,13.0,False,external holdout ROI target was not met,02f306055c6d5e2aa86381af2f1bff6fb6d903971941dfd9ad4dfe47a943b6cd,2026-09-29T10:16:16+09:00,5-40 minutes before close,5-3-7,108.3,3.0,1790646300.0,1790646000.0,1790646805.0,True,https://www.winticket.jp/keirin/hiroshima/racecard/2026092862/2/1,3-5-7,5-3,3-5,5-3,3-5,3-5|3-7|5-7,"{""5-3-7"": 10830}","{""3-5-7"": 1280}","{""5-3"": 2280}","{""3-5"": 1320}","{""3-5"": 400, ""3-7"": 730, ""5-7"": 360}",{},{},5-3-7,True,確定,False,0.0,-100.0
2026-09-29,広島,1,016220260929,1790646300,1790646000,1424,near_close_v2_20260805,trifecta,3連単,16,7-3-2,0.0119870192796412,123.0,47,True,100,12300.0,12200.0,100,47.0,False,external holdout ROI target was not met,02f306055c6d5e2aa86381af2f1bff6fb6d903971941dfd9ad4dfe47a943b6cd,2026-09-29T10:16:16+09:00,5-40 minutes before close,5-3-7,108.3,3.0,1790646300.0,1790646000.0,1790646805.0,True,https://www.winticket.jp/keirin/hiroshima/racecard/2026092862/2/1,3-5-7,5-3,3-5,5-3,3-5,3-5|3-7|5-7,"{""5-3-7"": 10830}","{""3-5-7"": 1280}","{""5-3"": 2280}","{""3-5"": 1320}","{""3-5"": 400, ""3-7"": 730, ""5-7"": 360}",{},{},5-3-7,True,確定,False,0.0,-100.0
2026-09-29,広島,1,016220260929,1790646300,1790646000,1424,near_close_v2_20260805,trifecta,3連単,17,2-7-6,0.0114132182417229,132.9,52,True,100,13290.0,13190.0,100,52.0,False,external holdout ROI target was not met,02f306055c6d5e2aa86381af2f1bff6fb6d903971941dfd9ad4dfe47a943b6cd,2026-09-29T10:16:16+09:00,5-40 minutes before close,5-3-7,108.3,3.0,1790646300.0,1790646000.0,1790646805.0,True,https://www.winticket.jp/keirin/hiroshima/racecard/2026092862/2/1,3-5-7,5-3,3-5,5-3,3-5,3-5|3-7|5-7,"{""5-3-7"": 10830}","{""3-5-7"": 1280}","{""5-3"": 2280}","{""3-5"": 1320}","{""3-5"": 400, ""3-7"": 730, ""5-7"": 360}",{},{},5-3-7,True,確定,False,0.0,-100.0
2026-09-29,広島,1,016220260929,1790646300,1790646000,1424,near_close_v2_20260805,trifecta,3連単,18,2-3-7,0.0101850665073785,231.8,136,True,100,23180.0,23080.0,100,136.0,False,external holdout ROI target was not met,02f306055c6d5e2aa86381af2f1bff6fb6d903971941dfd9ad4dfe47a943b6cd,2026-09-29T10:16:16+09:00,5-40 minutes before close,5-3-7,108.3,3.0,1790646300.0,1790646000.0,1790646805.0,True,https://www.winticket.jp/keirin/hiroshima/racecard/2026092862/2/1,3-5-7,5-3,3-5,5-3,3-5,3-5|3-7|5-7,"{""5-3-7"": 10830}","{""3-5-7"": 1280}","{""5-3"": 2280}","{""3-5"": 1320}","{""3-5"": 400, ""3-7"": 730, ""5-7"": 360}",{},{},5-3-7,True,確定,False,0.0,-100.0
2026-09-29,広島,1,016220260929,1790646300,1790646000,1424,near_close_v2_20260805,trifecta,3連単,21,3-7-2,0.0070122924698848,258.8,81,True,100,25880.0,25780.0,100,81.0,False,external holdout ROI target was not met,02f306055c6d5e2aa86381af2f1bff6fb6d903971941dfd9ad4dfe47a943b6cd,2026-09-29T10:16:16+09:00,5-40 minutes before close,5-3-7,108.3,3.0,1790646300.0,1790646000.0,1790646805.0,True,https://www.winticket.jp/keirin/hiroshima/racecard/2026092862/2/1,3-5-7,5-3,3-5,5-3,3-5,3-5|3-7|5-7,"{""5-3-7"": 10830}","{""3-5-7"": 1280}","{""5-3"": 2280}","{""3-5"": 1320}","{""3-5"": 400, ""3-7"": 730, ""5-7"": 360}",{},{},5-3-7,True,確定,False,0.0,-100.0
2026-09-29,広島,1,016220260929,1790646300,1790646000,1424,near_close_v2_20260805,trifecta,3連単,24,3-2-7,0.0064533931969738,249.1,61,True,100,24910.0,24810.0,100,61.0,False,external holdout ROI target was not met,02f306055c6d5e2aa86381af2f1bff6fb6d903971941dfd9ad4dfe47a943b6cd,2026-09-29T10:16:16+09:00,5-40 minutes before close,5-3-7,108.3,3.0,1790646300.0,1790646000.0,1790646805.0,True,https://www.winticket.jp/keirin/hiroshima/racecard/2026092862/2/1,3-5-7,5-3,3-5,5-3,3-5,3-5|3-7|5-7,"{""5-3-7"": 10830}","{""3-5-7"": 1280}","{""5-3"": 2280}","{""3-5"": 1320}","{""3-5"": 400, ""3-7"": 730, ""5-7"": 360}",{},{},5-3-7,True,確定,False,0.0,-100.0
2026-09-29,広島,1,016220260929,1790646300,1790646000,1424,near_close_v2_20260805,trifecta,3連単,29,7-6-2,0.0041819045463685,316.4,32,True,100,31640.0,31540.0,100,32.0,False,external holdout ROI target was not met,02f306055c6d5e2aa86381af2f1bff6fb6d903971941dfd9ad4dfe47a943b6cd,2026-09-29T10:16:16+09:00,5-40 minutes before close,5-3-7,108.3,3.0,1790646300.0,1790646000.0,1790646805.0,True,https://www.winticket.jp/keirin/hiroshima/racecard/2026092862/2/1,3-5-7,5-3,3-5,5-3,3-5,3-5|3-7|5-7,"{""5-3-7"": 10830}","{""3-5-7"": 1280}","{""5-3"": 2280}","{""3-5"": 1320}","{""3-5"": 400, ""3-7"": 730, ""5-7"": 360}",{},{},5-3-7,True,確定,False,0.0,-100.0
2026-09-29,武雄,1,018420260929,1790647080,1790646780,2204,near_close_v2_20260805,trifecta,3連単,18,4-3-1,0.0144668404056116,69.7,1,True,100,6970.0,6870.0,100,1.0,False,external holdout ROI target was not met,02f306055c6d5e2aa86381af2f1bff6fb6d903971941dfd9ad4dfe47a943b6cd,2026-09-29T10:16:16+09:00,5-40 minutes before close,5-7-6,456.7,3.0,1790647080.0,1790646780.0,1790647853.0,True,https://www.winticket.jp/keirin/takeo/racecard/2026092784/3/1,5-6-7,5-7,5-7,5-6,5-6,5-6|5-7|6-7,"{""5-7-6"": 45670}","{""5-6-7"": 2610}","{""5-7"": 6410}","{""5-7"": 1470}","{""5-6"": 1380, ""5-7"": 460, ""6-7"": 2220}",{},{},5-7-6,True,確定,False,0.0,-100.0
2026-09-29,武雄,1,018420260929,1790647080,1790646780,634,near_close_v2_20260805,trifecta,3連単,1,4-1-7,0.0946272430229337,24.9,136,True,1400,34860.0,33460.0,1400,1904.0,False,external holdout ROI target was not met,02f306055c6d5e2aa86381af2f1bff6fb6d903971941dfd9ad4dfe47a943b6cd,2026-09-29T10:42:25+09:00,5-40 minutes before close,5-7-6,456.7,3.0,1790647080.0,1790646780.0,1790647853.0,True,https://www.winticket.jp/keirin/takeo/racecard/2026092784/3/1,5-6-7,5-7,5-7,5-6,5-6,5-6|5-7|6-7,"{""5-7-6"": 45670}","{""5-6-7"": 2610}","{""5-7"": 6410}","{""5-7"": 1470}","{""5-6"": 1380, ""5-7"": 460, ""6-7"": 2220}",{},{},5-7-6,True,確定,False,0.0,-1400.0
2026-09-29,武雄,1,018420260929,1790647080,1790646780,634,near_close_v2_20260805,trifecta,3連単,2,4-1-5,0.0856872794922937,23.0,97,True,900,20700.0,19800.0,900,873.0,False,external holdout ROI target was not met,02f306055c6d5e2aa86381af2f1bff6fb6d903971941dfd9ad4dfe47a943b6cd,2026-09-29T10:42:25+09:00,5-40 minutes before close,5-7-6,456.7,3.0,1790647080.0,1790646780.0,1790647853.0,True,https://www.winticket.jp/keirin/takeo/racecard/2026092784/3/1,5-6-7,5-7,5-7,5-6,5-6,5-6|5-7|6-7,"{""5-7-6"": 45670}","{""5-6-7"": 2610}","{""5-7"": 6410}","{""5-7"": 1470}","{""5-6"": 1380, ""5-7"": 460, ""6-7"": 2220}",{},{},5-7-6,True,確定,False,0.0,-900.0
2026-09-29,武雄,1,018420260929,1790647080,1790646780,634,near_close_v2_20260805,trifecta,3連単,3,1-4-7,0.0673467853089299,21.2,43,True,400,8480.0,8080.0,400,172.0,False,external holdout ROI target was not met,02f306055c6d5e2aa86381af2f1bff6fb6d903971941dfd9ad4dfe47a943b6cd,2026-09-29T10:42:25+09:00,5-40 minutes before close,5-7-6,456.7,3.0,1790647080.0,1790646780.0,1790647853.0,True,https://www.winticket.jp/keirin/takeo/racecard/2026092784/3/1,5-6-7,5-7,5-7,5-6,5-6,5-6|5-7|6-7,"{""5-7-6"": 45670}","{""5-6-7"": 2610}","{""5-7"": 6410}","{""5-7"": 1470}","{""5-6"": 1380, ""5-7"": 460, ""6-7"": 2220}",{},{},5-7-6,True,確定,False,0.0,-400.0
2026-09-29,武雄,1,018420260929,1790647080,1790646780,634,near_close_v2_20260805,trifecta,3連単,4,1-4-5,0.0609841588037726,23.7,45,True,300,7110.0,6810.0,300,135.0,False,external holdout ROI target was not met,02f306055c6d5e2aa86381af2f1bff6fb6d903971941dfd9ad4dfe47a943b6cd,2026-09-29T10:42:25+09:00,5-40 minutes before close,5-7-6,456.7,3.0,1790647080.0,1790646780.0,1790647853.0,True,https://www.winticket.jp/keirin/takeo/racecard/2026092784/3/1,5-6-7,5-7,5-7,5-6,5-6,5-6|5-7|6-7,"{""5-7-6"": 45670}","{""5-6-7"": 2610}","{""5-7"": 6410}","{""5-7"": 1470}","{""5-6"": 1380, ""5-7"": 460, ""6-7"": 2220}",{},{},5-7-6,True,確定,False,0.0,-300.0
2026-09-29,武雄,1,018420260929,1790647080,1790646780,634,near_close_v2_20260805,trifecta,3連単,5,4-7-1,0.0604114897316791,48.0,190,True,1300,62400.0,61100.0,1300,2470.0,False,external holdout ROI target was not met,02f306055c6d5e2aa86381af2f1bff6fb6d903971941dfd9ad4dfe47a943b6cd,2026-09-29T10:42:25+09:00,5-40 minutes before close,5-7-6,456.7,3.0,1790647080.0,1790646780.0,1790647853.0,True,https://www.winticket.jp/keirin/takeo/racecard/2026092784/3/1,5-6-7,5-7,5-7,5-6,5-6,5-6|5-7|6-7,"{""5-7-6"": 45670}","{""5-6-7"": 2610}","{""5-7"": 6410}","{""5-7"": 1470}","{""5-6"": 1380, ""5-7"": 460, ""6-7"": 2220}",{},{},5-7-6,True,確定,False,0.0,-1300.0
2026-09-29,武雄,1,018420260929,1790647080,1790646780,634,near_close_v2_20260805,trifecta,3連単,6,4-5-1,0.0533973341848443,57.0,204,True,1200,68400.0,67200.0,1200,2448.0,False,external holdout ROI target was not met,02f306055c6d5e2aa86381af2f1bff6fb6d903971941dfd9ad4dfe47a943b6cd,2026-09-29T10:42:25+09:00,5-40 minutes before close,5-7-6,456.7,3.0,1790647080.0,1790646780.0,1790647853.0,True,https://www.winticket.jp/keirin/takeo/racecard/2026092784/3/1,5-6-7,5-7,5-7,5-6,5-6,5-6|5-7|6-7,"{""5-7-6"": 45670}","{""5-6-7"": 2610}","{""5-7"": 6410}","{""5-7"": 1470}","{""5-6"": 1380, ""5-7"": 460, ""6-7"": 2220}",{},{},5-7-6,True,確定,False,0.0,-1200.0
2026-09-29,武雄,1,018420260929,1790647080,1790646780,634,near_close_v2_20260805,trifecta,3連単,7,7-4-1,0.03569855368299,30.5,9,True,100,3050.0,2950.0,100,9.0,False,external holdout ROI target was not met,02f306055c6d5e2aa86381af2f1bff6fb6d903971941dfd9ad4dfe47a943b6cd,2026-09-29T10:42:25+09:00,5-40 minutes before close,5-7-6,456.7,3.0,1790647080.0,1790646780.0,1790647853.0,True,https://www.winticket.jp/keirin/takeo/racecard/2026092784/3/1,5-6-7,5-7,5-7,5-6,5-6,5-6|5-7|6-7,"{""5-7-6"": 45670}","{""5-6-7"": 2610}","{""5-7"": 6410}","{""5-7"": 1470}","{""5-6"": 1380, ""5-7"": 460, ""6-7"": 2220}",{},{},5-7-6,True,確定,False,0.0,-100.0
2026-09-29,武雄,1,018420260929,1790647080,1790646780,634,near_close_v2_20260805,trifecta,3連単,8,5-4-1,0.0311954178959062,109.3,241,True,800,87440.0,86640.0,800,1928.0,False,external holdout ROI target was not met,02f306055c6d5e2aa86381af2f1bff6fb6d903971941dfd9ad4dfe47a943b6cd,2026-09-29T10:42:25+09:00,5-40 minutes before close,5-7-6,456.7,3.0,1790647080.0,1790646780.0,1790647853.0,True,https://www.winticket.jp/keirin/takeo/racecard/2026092784/3/1,5-6-7,5-7,5-7,5-6,5-6,5-6|5-7|6-7,"{""5-7-6"": 45670}","{""5-6-7"": 2610}","{""5-7"": 6410}","{""5-7"": 1470}","{""5-6"": 1380, ""5-7"": 460, ""6-7"": 2220}",{},{},5-7-6,True,確定,False,0.0,-800.0
2026-09-29,武雄,1,018420260929,1790647080,1790646780,634,near_close_v2_20260805,trifecta,3連単,9,1-7-4,0.0284736362893474,53.0,51,True,200,10600.0,10400.0,200,102.0,False,external holdout ROI target was not met,02f306055c6d5e2aa86381af2f1bff6fb6d903971941dfd9ad4dfe47a943b6cd,2026-09-29T10:42:25+09:00,5-40 minutes before close,5-7-6,456.7,3.0,1790647080.0,1790646780.0,1790647853.0,True,https://www.winticket.jp/keirin/takeo/racecard/2026092784/3/1,5-6-7,5-7,5-7,5-6,5-6,5-6|5-7|6-7,"{""5-7-6"": 45670}","{""5-6-7"": 2610}","{""5-7"": 6410}","{""5-7"": 1470}","{""5-6"": 1380, ""5-7"": 460, ""6-7"": 2220}",{},{},5-7-6,True,確定,False,0.0,-200.0
2026-09-29,武雄,1,018420260929,1790647080,1790646780,634,near_close_v2_20260805,trifecta,3連単,11,1-5-4,0.0253723711714981,100.2,154,True,500,50100.0,49600.0,500,770.0,False,external holdout ROI target was not met,02f306055c6d5e2aa86381af2f1bff6fb6d903971941dfd9ad4dfe47a943b6cd,2026-09-29T10:42:25+09:00,5-40 minutes before close,5-7-6,456.7,3.0,1790647080.0,1790646780.0,1790647853.0,True,https://www.winticket.jp/keirin/takeo/racecard/2026092784/3/1,5-6-7,5-7,5-7,5-6,5-6,5-6|5-7|6-7,"{""5-7-6"": 45670}","{""5-6-7"": 2610}","{""5-7"": 6410}","{""5-7"": 1470}","{""5-6"": 1380, ""5-7"": 460, ""6-7"": 2220}",{},{},5-7-6,True,確定,False,0.0,-500.0
2026-09-29,武雄,1,018420260929,1790647080,1790646780,634,near_close_v2_20260805,trifecta,3連単,13,4-7-5,0.0228322532570158,127.2,190,True,500,63600.0,63100.0,500,950.0,False,external holdout ROI target was not met,02f306055c6d5e2aa86381af2f1bff6fb6d903971941dfd9ad4dfe47a943b6cd,2026-09-29T10:42:25+09:00,5-40 minutes before close,5-7-6,456.7,3.0,1790647080.0,1790646780.0,1790647853.0,True,https://www.winticket.jp/keirin/takeo/racecard/2026092784/3/1,5-6-7,5-7,5-7,5-6,5-6,5-6|5-7|6-7,"{""5-7-6"": 45670}","{""5-6-7"": 2610}","{""5-7"": 6410}","{""5-7"": 1470}","{""5-6"": 1380, ""5-7"": 460, ""6-7"": 2220}",{},{},5-7-6,True,確定,False,0.0,-500.0
2026-09-29,武雄,1,018420260929,1790647080,1790646780,634,near_close_v2_20260805,trifecta,3連単,14,4-5-7,0.0222868472189582,158.2,253,True,700,110740.0,110040.0,700,1771.0,False,external holdout ROI target was not met,02f306055c6d5e2aa86381af2f1bff6fb6d903971941dfd9ad4dfe47a943b6cd,2026-09-29T10:42:25+09:00,5-40 minutes before close,5-7-6,456.7,3.0,1790647080.0,1790646780.0,1790647853.0,True,https://www.winticket.jp/keirin/takeo/racecard/2026092784/3/1,5-6-7,5-7,5-7,5-6,5-6,5-6|5-7|6-7,"{""5-7-6"": 45670}","{""5-6-7"": 2610}","{""5-7"": 6410}","{""5-7"": 1470}","{""5-6"": 1380, ""5-7"": 460, ""6-7"": 2220}",{},{},5-7-6,True,確定,False,0.0,-700.0
2026-09-29,武雄,1,018420260929,1790647080,1790646780,634,near_close_v2_20260805,trifecta,3連単,15,5-1-4,0.0208272344057892,157.7,228,True,600,94620.0,94020.0,600,1368.0,False,external holdout ROI target was not met,02f306055c6d5e2aa86381af2f1bff6fb6d903971941dfd9ad4dfe47a943b6cd,2026-09-29T10:42:25+09:00,5-40 minutes before close,5-7-6,456.7,3.0,1790647080.0,1790646780.0,1790647853.0,True,https://www.winticket.jp/keirin/takeo/racecard/2026092784/3/1,5-6-7,5-7,5-7,5-6,5-6,5-6|5-7|6-7,"{""5-7-6"": 45670}","{""5-6-7"": 2610}","{""5-7"": 6410}","{""5-7"": 1470}","{""5-6"": 1380, ""5-7"": 460, ""6-7"": 2220}",{},{},5-7-6,True,確定,False,0.0,-600.0
2026-09-29,武雄,1,018420260929,1790647080,1790646780,634,near_close_v2_20260805,trifecta,3連単,19,7-4-5,0.0134921092364948,94.3,27,True,100,9430.0,9330.0,100,27.0,False,external holdout ROI target was not met,02f306055c6d5e2aa86381af2f1bff6fb6d903971941dfd9ad4dfe47a943b6cd,2026-09-29T10:42:25+09:00,5-40 minutes before close,5-7-6,456.7,3.0,1790647080.0,1790646780.0,1790647853.0,True,https://www.winticket.jp/keirin/takeo/racecard/2026092784/3/1,5-6-7,5-7,5-7,5-6,5-6,5-6|5-7|6-7,"{""5-7-6"": 45670}","{""5-6-7"": 2610}","{""5-7"": 6410}","{""5-7"": 1470}","{""5-6"": 1380, ""5-7"": 460, ""6-7"": 2220}",{},{},5-7-6,True,確定,False,0.0,-100.0
2026-09-29,武雄,1,018420260929,1790647080,1790646780,634,near_close_v2_20260805,trifecta,3連単,20,5-4-7,0.0130202663333509,308.3,301,True,500,154150.0,153650.0,500,1505.0,False,external holdout ROI target was not met,02f306055c6d5e2aa86381af2f1bff6fb6d903971941dfd9ad4dfe47a943b6cd,2026-09-29T10:42:25+09:00,5-40 minutes before close,5-7-6,456.7,3.0,1790647080.0,1790646780.0,1790647853.0,True,https://www.winticket.jp/keirin/takeo/racecard/2026092784/3/1,5-6-7,5-7,5-7,5-6,5-6,5-6|5-7|6-7,"{""5-7-6"": 45670}","{""5-6-7"": 2610}","{""5-7"": 6410}","{""5-7"": 1470}","{""5-6"": 1380, ""5-7"": 460, ""6-7"": 2220}",{},{},5-7-6,True,確定,False,0.0,-500.0
2026-09-29,武雄,1,018420260929,1790647080,1790646780,634,near_close_v2_20260805,trifecta,3連単,22,4-1-6,0.0107556755778147,100.2,8,True,100,10020.0,9920.0,100,8.0,False,external holdout ROI target was not met,02f306055c6d5e2aa86381af2f1bff6fb6d903971941dfd9ad4dfe47a943b6cd,2026-09-29T10:42:25+09:00,5-40 minutes before close,5-7-6,456.7,3.0,1790647080.0,1790646780.0,1790647853.0,True,https://www.winticket.jp/keirin/takeo/racecard/2026092784/3/1,5-6-7,5-7,5-7,5-6,5-6,5-6|5-7|6-7,"{""5-7-6"": 45670}","{""5-6-7"": 2610}","{""5-7"": 6410}","{""5-7"": 1470}","{""5-6"": 1380, ""5-7"": 460, ""6-7"": 2220}",{},{},5-7-6,True,確定,False,0.0,-100.0
2026-09-29,武雄,1,018420260929,1790647080,1790646780,634,near_close_v2_20260805,trifecta,3連単,23,4-2-1,0.0080180245228303,197.1,58,True,100,19710.0,19610.0,100,58.0,False,external holdout ROI target was not met,02f306055c6d5e2aa86381af2f1bff6fb6d903971941dfd9ad4dfe47a943b6cd,2026-09-29T10:42:25+09:00,5-40 minutes before close,5-7-6,456.7,3.0,1790647080.0,1790646780.0,1790647853.0,True,https://www.winticket.jp/keirin/takeo/racecard/2026092784/3/1,5-6-7,5-7,5-7,5-6,5-6,5-6|5-7|6-7,"{""5-7-6"": 45670}","{""5-6-7"": 2610}","{""5-7"": 6410}","{""5-7"": 1470}","{""5-6"": 1380, ""5-7"": 460, ""6-7"": 2220}",{},{},5-7-6,True,確定,False,0.0,-100.0
2026-09-29,武雄,1,018420260929,1790647080,1790646780,634,near_close_v2_20260805,trifecta,3連単,29,5-7-4,0.007035069753374,274.8,93,True,100,27480.0,27380.0,100,93.0,False,external holdout ROI target was not met,02f306055c6d5e2aa86381af2f1bff6fb6d903971941dfd9ad4dfe47a943b6cd,2026-09-29T10:42:25+09:00,5-40 minutes before close,5-7-6,456.7,3.0,1790647080.0,1790646780.0,1790647853.0,True,https://www.winticket.jp/keirin/takeo/racecard/2026092784/3/1,5-6-7,5-7,5-7,5-6,5-6,5-6|5-7|6-7,"{""5-7-6"": 45670}","{""5-6-7"": 2610}","{""5-7"": 6410}","{""5-7"": 1470}","{""5-6"": 1380, ""5-7"": 460, ""6-7"": 2220}",{},{},5-7-6,True,確定,False,0.0,-100.0
2026-09-29,武雄,1,018420260929,1790647080,1790646780,634,near_close_v2_20260805,trifecta,3連単,30,4-5-3,0.0063270633126072,160.8,2,True,100,16080.0,15980.0,100,2.0,False,external holdout ROI target was not met,02f306055c6d5e2aa86381af2f1bff6fb6d903971941dfd9ad4dfe47a943b6cd,2026-09-29T10:42:25+09:00,5-40 minutes before close,5-7-6,456.7,3.0,1790647080.0,1790646780.0,1790647853.0,True,https://www.winticket.jp/keirin/takeo/racecard/2026092784/3/1,5-6-7,5-7,5-7,5-6,5-6,5-6|5-7|6-7,"{""5-7-6"": 45670}","{""5-6-7"": 2610}","{""5-7"": 6410}","{""5-7"": 1470}","{""5-6"": 1380, ""5-7"": 460, ""6-7"": 2220}",{},{},5-7-6,True,確定,False,0.0,-100.0
2026-09-29,武雄,1,018420260929,1790647080,1790646780,634,near_close_v2_20260805,trifecta,3連単,34,4-6-1,0.0055844605190265,281.3,57,True,100,28130.0,28030.0,100,57.0,False,external holdout ROI target was not met,02f306055c6d5e2aa86381af2f1bff6fb6d903971941dfd9ad4dfe47a943b6cd,2026-09-29T10:42:25+09:00,5-40 minutes before close,5-7-6,456.7,3.0,1790647080.0,1790646780.0,1790647853.0,True,https://www.winticket.jp/keirin/takeo/racecard/2026092784/3/1,5-6-7,5-7,5-7,5-6,5-6,5-6|5-7|6-7,"{""5-7-6"": 45670}","{""5-6-7"": 2610}","{""5-7"": 6410}","{""5-7"": 1470}","{""5-6"": 1380, ""5-7"": 460, ""6-7"": 2220}",{},{},5-7-6,True,確定,False,0.0,-100.0
2026-09-29,広島,2,026220260929,1790647860,1790647560,1414,near_close_v2_20260805,trifecta,3連単,1,3-4-1,0.1858260661779586,26.6,394,True,3300,87780.0,84480.0,3300,13002.0,False,external holdout ROI target was not met,02f306055c6d5e2aa86381af2f1bff6fb6d903971941dfd9ad4dfe47a943b6cd,2026-09-29T10:42:25+09:00,5-40 minutes before close,7-1-2,106.9,3.0,1790647860.0,1790647560.0,1790648514.0,True,https://www.winticket.jp/keirin/hiroshima/racecard/2026092862/2/2,1-2-7,7-1,1-7,6-1,1-6,1-2|1-7|2-7,"{""7-1-2"": 10690}","{""1-2-7"": 2910}","{""7-1"": 3710}","{""1-7"": 2450}","{""1-2"": 1280, ""1-7"": 740, ""2-7"": 470}",{},{},7-1-2,True,確定,False,0.0,-3300.0
2026-09-29,広島,2,026220260929,1790647860,1790647560,1414,near_close_v2_20260805,trifecta,3連単,2,3-1-4,0.1388756229169664,37.1,415,True,2600,96460.0,93860.0,2600,10790.0,False,external holdout ROI target was not met,02f306055c6d5e2aa86381af2f1bff6fb6d903971941dfd9ad4dfe47a943b6cd,2026-09-29T10:42:25+09:00,5-40 minutes before close,7-1-2,106.9,3.0,1790647860.0,1790647560.0,1790648514.0,True,https://www.winticket.jp/keirin/hiroshima/racecard/2026092862/2/2,1-2-7,7-1,1-7,6-1,1-6,1-2|1-7|2-7,"{""7-1-2"": 10690}","{""1-2-7"": 2910}","{""7-1"": 3710}","{""1-7"": 2450}","{""1-2"": 1280, ""1-7"": 740, ""2-7"": 470}",{},{},7-1-2,True,確定,False,0.0,-2600.0
2026-09-29,広島,2,026220260929,1790647860,1790647560,1414,near_close_v2_20260805,trifecta,3連単,3,3-4-7,0.072294328687136,53.7,288,True,1000,53700.0,52700.0,1000,2880.0,False,external holdout ROI target was not met,02f306055c6d5e2aa86381af2f1bff6fb6d903971941dfd9ad4dfe47a943b6cd,2026-09-29T10:42:25+09:00,5-40 minutes before close,7-1-2,106.9,3.0,1790647860.0,1790647560.0,1790648514.0,True,https://www.winticket.jp/keirin/hiroshima/racecard/2026092862/2/2,1-2-7,7-1,1-7,6-1,1-6,1-2|1-7|2-7,"{""7-1-2"": 10690}","{""1-2-7"": 2910}","{""7-1"": 3710}","{""1-7"": 2450}","{""1-2"": 1280, ""1-7"": 740, ""2-7"": 470}",{},{},7-1-2,True,確定,False,0.0,-1000.0
2026-09-29,広島,2,026220260929,1790647860,1790647560,1414,near_close_v2_20260805,trifecta,3連単,4,3-4-5,0.065061657041623,18.5,20,True,100,1850.0,1750.0,100,20.0,False,external holdout ROI target was not met,02f306055c6d5e2aa86381af2f1bff6fb6d903971941dfd9ad4dfe47a943b6cd,2026-09-29T10:42:25+09:00,5-40 minutes before close,7-1-2,106.9,3.0,1790647860.0,1790647560.0,1790648514.0,True,https://www.winticket.jp/keirin/hiroshima/racecard/2026092862/2/2,1-2-7,7-1,1-7,6-1,1-6,1-2|1-7|2-7,"{""7-1-2"": 10690}","{""1-2-7"": 2910}","{""7-1"": 3710}","{""1-7"": 2450}","{""1-2"": 1280, ""1-7"": 740, ""2-7"": 470}",{},{},7-1-2,True,確定,False,0.0,-100.0
2026-09-29,広島,2,026220260929,1790647860,1790647560,1414,near_close_v2_20260805,trifecta,3連単,5,4-3-1,0.0443946627914991,39.3,74,True,200,7860.0,7660.0,200,148.0,False,external holdout ROI target was not met,02f306055c6d5e2aa86381af2f1bff6fb6d903971941dfd9ad4dfe47a943b6cd,2026-09-29T10:42:25+09:00,5-40 minutes before close,7-1-2,106.9,3.0,1790647860.0,1790647560.0,1790648514.0,True,https://www.winticket.jp/keirin/hiroshima/racecard/2026092862/2/2,1-2-7,7-1,1-7,6-1,1-6,1-2|1-7|2-7,"{""7-1-2"": 10690}","{""1-2-7"": 2910}","{""7-1"": 3710}","{""1-7"": 2450}","{""1-2"": 1280, ""1-7"": 740, ""2-7"": 470}",{},{},7-1-2,True,確定,False,0.0,-200.0
2026-09-29,広島,2,026220260929,1790647860,1790647560,1414,near_close_v2_20260805,trifecta,3連単,6,3-7-4,0.0437503750782455,100.0,338,True,700,70000.0,69300.0,700,2366.0,False,external holdout ROI target was not met,02f306055c6d5e2aa86381af2f1bff6fb6d903971941dfd9ad4dfe47a943b6cd,2026-09-29T10:42:25+09:00,5-40 minutes before close,7-1-2,106.9,3.0,1790647860.0,1790647560.0,1790648514.0,True,https://www.winticket.jp/keirin/hiroshima/racecard/2026092862/2/2,1-2-7,7-1,1-7,6-1,1-6,1-2|1-7|2-7,"{""7-1-2"": 10690}","{""1-2-7"": 2910}","{""7-1"": 3710}","{""1-7"": 2450}","{""1-2"": 1280, ""1-7"": 740, ""2-7"": 470}",{},{},7-1-2,True,確定,False,0.0,-700.0
2026-09-29,広島,2,026220260929,1790647860,1790647560,1414,near_close_v2_20260805,trifecta,3連単,8,3-4-2,0.0339697780602938,84.4,187,True,300,25320.0,25020.0,300,561.0,False,external holdout ROI target was not met,02f306055c6d5e2aa86381af2f1bff6fb6d903971941dfd9ad4dfe47a943b6cd,2026-09-29T10:42:25+09:00,5-40 minutes before close,7-1-2,106.9,3.0,1790647860.0,1790647560.0,1790648514.0,True,https://www.winticket.jp/keirin/hiroshima/racecard/2026092862/2/2,1-2-7,7-1,1-7,6-1,1-6,1-2|1-7|2-7,"{""7-1-2"": 10690}","{""1-2-7"": 2910}","{""7-1"": 3710}","{""1-7"": 2450}","{""1-2"": 1280, ""1-7"": 740, ""2-7"": 470}",{},{},7-1-2,True,確定,False,0.0,-300.0
2026-09-29,広島,2,026220260929,1790647860,1790647560,1414,near_close_v2_20260805,trifecta,3連単,9,3-1-7,0.0326050031220417,66.4,116,True,200,13280.0,13080.0,200,232.0,False,external holdout ROI target was not met,02f306055c6d5e2aa86381af2f1bff6fb6d903971941dfd9ad4dfe47a943b6cd,2026-09-29T10:42:25+09:00,5-40 minutes before close,7-1-2,106.9,3.0,1790647860.0,1790647560.0,1790648514.0,True,https://www.winticket.jp/keirin/hiroshima/racecard/2026092862/2/2,1-2-7,7-1,1-7,6-1,1-6,1-2|1-7|2-7,"{""7-1-2"": 10690}","{""1-2-7"": 2910}","{""7-1"": 3710}","{""1-7"": 2450}","{""1-2"": 1280, ""1-7"": 740, ""2-7"": 470}",{},{},7-1-2,True,確定,False,0.0,-200.0
2026-09-29,広島,2,026220260929,1790647860,1790647560,1414,near_close_v2_20260805,trifecta,3連単,10,1-3-4,0.0317919628398154,71.3,127,True,200,14260.0,14060.0,200,254.0,False,external holdout ROI target was not met,02f306055c6d5e2aa86381af2f1bff6fb6d903971941dfd9ad4dfe47a943b6cd,2026-09-29T10:42:25+09:00,5-40 minutes before close,7-1-2,106.9,3.0,1790647860.0,1790647560.0,1790648514.0,True,https://www.winticket.jp/keirin/hiroshima/racecard/2026092862/2/2,1-2-7,7-1,1-7,6-1,1-6,1-2|1-7|2-7,"{""7-1-2"": 10690}","{""1-2-7"": 2910}","{""7-1"": 3710}","{""1-7"": 2450}","{""1-2"": 1280, ""1-7"": 740, ""2-7"": 470}",{},{},7-1-2,True,確定,False,0.0,-200.0
2026-09-29,広島,2,026220260929,1790647860,1790647560,1414,near_close_v2_20260805,trifecta,3連単,12,3-7-1,0.0264023394728479,138.0,264,True,400,55200.0,54800.0,400,1056.0,False,external holdout ROI target was not met,02f306055c6d5e2aa86381af2f1bff6fb6d903971941dfd9ad4dfe47a943b6cd,2026-09-29T10:42:25+09:00,5-40 minutes before close,7-1-2,106.9,3.0,1790647860.0,1790647560.0,1790648514.0,True,https://www.winticket.jp/keirin/hiroshima/racecard/2026092862/2/2,1-2-7,7-1,1-7,6-1,1-6,1-2|1-7|2-7,"{""7-1-2"": 10690}","{""1-2-7"": 2910}","{""7-1"": 3710}","{""1-7"": 2450}","{""1-2"": 1280, ""1-7"": 740, ""2-7"": 470}",{},{},7-1-2,True,確定,False,0.0,-400.0
2026-09-29,広島,2,026220260929,1790647860,1790647560,1414,near_close_v2_20260805,trifecta,3連単,14,3-2-4,0.0193170072053114,189.1,265,True,300,56730.0,56430.0,300,795.0,False,external holdout ROI target was not met,02f306055c6d5e2aa86381af2f1bff6fb6d903971941dfd9ad4dfe47a943b6cd,2026-09-29T10:42:25+09:00,5-40 minutes before close,7-1-2,106.9,3.0,1790647860.0,1790647560.0,1790648514.0,True,https://www.winticket.jp/keirin/hiroshima/racecard/2026092862/2/2,1-2-7,7-1,1-7,6-1,1-6,1-2|1-7|2-7,"{""7-1-2"": 10690}","{""1-2-7"": 2910}","{""7-1"": 3710}","{""1-7"": 2450}","{""1-2"": 1280, ""1-7"": 740, ""2-7"": 470}",{},{},7-1-2,True,確定,False,0.0,-300.0
2026-09-29,広島,2,026220260929,1790647860,1790647560,1414,near_close_v2_20260805,trifecta,3連単,15,4-3-7,0.0172714324196563,104.8,81,True,100,10480.0,10380.0,100,81.0,False,external holdout ROI target was not met,02f306055c6d5e2aa86381af2f1bff6fb6d903971941dfd9ad4dfe47a943b6cd,2026-09-29T10:42:25+09:00,5-40 minutes before close,7-1-2,106.9,3.0,1790647860.0,1790647560.0,1790648514.0,True,https://www.winticket.jp/keirin/hiroshima/racecard/2026092862/2/2,1-2-7,7-1,1-7,6-1,1-6,1-2|1-7|2-7,"{""7-1-2"": 10690}","{""1-2-7"": 2910}","{""7-1"": 3710}","{""1-7"": 2450}","{""1-2"": 1280, ""1-7"": 740, ""2-7"": 470}",{},{},7-1-2,True,確定,False,0.0,-100.0
2026-09-29,広島,2,026220260929,1790647860,1790647560,1414,near_close_v2_20260805,trifecta,3連単,17,3-1-2,0.0153204924898628,116.0,78,True,100,11600.0,11500.0,100,78.0,False,external holdout ROI target was not met,02f306055c6d5e2aa86381af2f1bff6fb6d903971941dfd9ad4dfe47a943b6cd,2026-09-29T10:42:25+09:00,5-40 minutes before close,7-1-2,106.9,3.0,1790647860.0,1790647560.0,1790648514.0,True,https://www.winticket.jp/keirin/hiroshima/racecard/2026092862/2/2,1-2-7,7-1,1-7,6-1,1-6,1-2|1-7|2-7,"{""7-1-2"": 10690}","{""1-2-7"": 2910}","{""7-1"": 3710}","{""1-7"": 2450}","{""1-2"": 1280, ""1-7"": 740, ""2-7"": 470}",{},{},7-1-2,True,確定,False,0.0,-100.0
2026-09-29,広島,2,026220260929,1790647860,1790647560,1414,near_close_v2_20260805,trifecta,3連単,18,3-2-1,0.0116573670722124,280.6,227,True,200,56120.0,55920.0,200,454.0,False,external holdout ROI target was not met,02f306055c6d5e2aa86381af2f1bff6fb6d903971941dfd9ad4dfe47a943b6cd,2026-09-29T10:42:25+09:00,5-40 minutes before close,7-1-2,106.9,3.0,1790647860.0,1790647560.0,1790648514.0,True,https://www.winticket.jp/keirin/hiroshima/racecard/2026092862/2/2,1-2-7,7-1,1-7,6-1,1-6,1-2|1-7|2-7,"{""7-1-2"": 10690}","{""1-2-7"": 2910}","{""7-1"": 3710}","{""1-7"": 2450}","{""1-2"": 1280, ""1-7"": 740, ""2-7"": 470}",{},{},7-1-2,True,確定,False,0.0,-200.0
2026-09-29,広島,2,026220260929,1790647860,1790647560,1414,near_close_v2_20260805,trifecta,3連単,19,7-3-4,0.0096410133357561,124.2,20,True,100,12420.0,12320.0,100,20.0,False,external holdout ROI target was not met,02f306055c6d5e2aa86381af2f1bff6fb6d903971941dfd9ad4dfe47a943b6cd,2026-09-29T10:42:25+09:00,5-40 minutes before close,7-1-2,106.9,3.0,1790647860.0,1790647560.0,1790648514.0,True,https://www.winticket.jp/keirin/hiroshima/racecard/2026092862/2/2,1-2-7,7-1,1-7,6-1,1-6,1-2|1-7|2-7,"{""7-1-2"": 10690}","{""1-2-7"": 2910}","{""7-1"": 3710}","{""1-7"": 2450}","{""1-2"": 1280, ""1-7"": 740, ""2-7"": 470}",{},{},7-1-2,True,確定,False,0.0,-100.0
2026-09-29,広島,2,026220260929,1790647860,1790647560,1414,near_close_v2_20260805,trifecta,3連単,23,4-3-2,0.0081155290703112,164.1,33,True,100,16410.0,16310.0,100,33.0,False,external holdout ROI target was not met,02f306055c6d5e2aa86381af2f1bff6fb6d903971941dfd9ad4dfe47a943b6cd,2026-09-29T10:42:25+09:00,5-40 minutes before close,7-1-2,106.9,3.0,1790647860.0,1790647560.0,1790648514.0,True,https://www.winticket.jp/keirin/hiroshima/racecard/2026092862/2/2,1-2-7,7-1,1-7,6-1,1-6,1-2|1-7|2-7,"{""7-1-2"": 10690}","{""1-2-7"": 2910}","{""7-1"": 3710}","{""1-7"": 2450}","{""1-2"": 1280, ""1-7"": 740, ""2-7"": 470}",{},{},7-1-2,True,確定,False,0.0,-100.0
2026-09-29,広島,2,026220260929,1790647860,1790647560,1414,near_close_v2_20260805,trifecta,3連単,33,2-3-4,0.0042037152898608,414.2,74,True,100,41420.0,41320.0,100,74.0,False,external holdout ROI target was not met,02f306055c6d5e2aa86381af2f1bff6fb6d903971941dfd9ad4dfe47a943b6cd,2026-09-29T10:42:25+09:00,5-40 minutes before close,7-1-2,106.9,3.0,1790647860.0,1790647560.0,1790648514.0,True,https://www.winticket.jp/keirin/hiroshima/racecard/2026092862/2/2,1-2-7,7-1,1-7,6-1,1-6,1-2|1-7|2-7,"{""7-1-2"": 10690}","{""1-2-7"": 2910}","{""7-1"": 3710}","{""1-7"": 2450}","{""1-2"": 1280, ""1-7"": 740, ""2-7"": 470}",{},{},7-1-2,True,確定,False,0.0,-100.0
2026-09-29,武雄,2,028420260929,1790648640,1790648340,388,near_close_v2_20260805,trifecta,3連単,1,4-1-2,0.228024734385091,8.4,92,True,2000,16800.0,14800.0,2000,1840.0,False,external holdout ROI target was not met,02f306055c6d5e2aa86381af2f1bff6fb6d903971941dfd9ad4dfe47a943b6cd,2026-09-29T11:12:32+09:00,5-40 minutes before close,1-4-6,92.5,3.0,1790648640.0,1790648340.0,1790649443.0,True,https://www.winticket.jp/keirin/takeo/racecard/2026092784/3/2,1-4-6,1-4,1-4,1-4,1-4,1-4|1-6|4-6,"{""1-4-6"": 9250}","{""1-4-6"": 2120}","{""1-4"": 560}","{""1-4"": 180}","{""1-4"": 140, ""1-6"": 1410, ""4-6"": 640}",{},{},1-4-6,True,確定,False,0.0,-2000.0
2026-09-29,武雄,2,028420260929,1790648640,1790648340,388,near_close_v2_20260805,trifecta,3連単,2,4-1-7,0.1478598924428719,15.4,128,True,1900,29260.0,27360.0,1900,2432.0,False,external holdout ROI target was not met,02f306055c6d5e2aa86381af2f1bff6fb6d903971941dfd9ad4dfe47a943b6cd,2026-09-29T11:12:32+09:00,5-40 minutes before close,1-4-6,92.5,3.0,1790648640.0,1790648340.0,1790649443.0,True,https://www.winticket.jp/keirin/takeo/racecard/2026092784/3/2,1-4-6,1-4,1-4,1-4,1-4,1-4|1-6|4-6,"{""1-4-6"": 9250}","{""1-4-6"": 2120}","{""1-4"": 560}","{""1-4"": 180}","{""1-4"": 140, ""1-6"": 1410, ""4-6"": 640}",{},{},1-4-6,True,確定,False,0.0,-1900.0
2026-09-29,武雄,2,028420260929,1790648640,1790648340,388,near_close_v2_20260805,trifecta,3連単,3,4-1-3,0.0961965089449251,32.3,211,True,2000,64600.0,62600.0,2000,4220.0,False,external holdout ROI target was not met,02f306055c6d5e2aa86381af2f1bff6fb6d903971941dfd9ad4dfe47a943b6cd,2026-09-29T11:12:32+09:00,5-40 minutes before close,1-4-6,92.5,3.0,1790648640.0,1790648340.0,1790649443.0,True,https://www.winticket.jp/keirin/takeo/racecard/2026092784/3/2,1-4-6,1-4,1-4,1-4,1-4,1-4|1-6|4-6,"{""1-4-6"": 9250}","{""1-4-6"": 2120}","{""1-4"": 560}","{""1-4"": 180}","{""1-4"": 140, ""1-6"": 1410, ""4-6"": 640}",{},{},1-4-6,True,確定,False,0.0,-2000.0
2026-09-29,武雄,2,028420260929,1790648640,1790648340,388,near_close_v2_20260805,trifecta,3連単,4,4-2-1,0.0906925344599549,21.9,99,True,900,19710.0,18810.0,900,891.0,False,external holdout ROI target was not met,02f306055c6d5e2aa86381af2f1bff6fb6d903971941dfd9ad4dfe47a943b6cd,2026-09-29T11:12:32+09:00,5-40 minutes before close,1-4-6,92.5,3.0,1790648640.0,1790648340.0,1790649443.0,True,https://www.winticket.jp/keirin/takeo/racecard/2026092784/3/2,1-4-6,1-4,1-4,1-4,1-4,1-4|1-6|4-6,"{""1-4-6"": 9250}","{""1-4-6"": 2120}","{""1-4"": 560}","{""1-4"": 180}","{""1-4"": 140, ""1-6"": 1410, ""4-6"": 640}",{},{},1-4-6,True,確定,False,0.0,-900.0
2026-09-29,武雄,2,028420260929,1790648640,1790648340,388,near_close_v2_20260805,trifecta,3連単,5,4-7-1,0.0554746636819268,50.9,182,True,1000,50900.0,49900.0,1000,1820.0,False,external holdout ROI target was not met,02f306055c6d5e2aa86381af2f1bff6fb6d903971941dfd9ad4dfe47a943b6cd,2026-09-29T11:12:32+09:00,5-40 minutes before close,1-4-6,92.5,3.0,1790648640.0,1790648340.0,1790649443.0,True,https://www.winticket.jp/keirin/takeo/racecard/2026092784/3/2,1-4-6,1-4,1-4,1-4,1-4,1-4|1-6|4-6,"{""1-4-6"": 9250}","{""1-4-6"": 2120}","{""1-4"": 560}","{""1-4"": 180}","{""1-4"": 140, ""1-6"": 1410, ""4-6"": 640}",{},{},1-4-6,True,確定,False,0.0,-1000.0
2026-09-29,武雄,2,028420260929,1790648640,1790648340,388,near_close_v2_20260805,trifecta,3連単,6,1-4-2,0.0514998276489589,32.9,69,True,400,13160.0,12760.0,400,276.0,False,external holdout ROI target was not met,02f306055c6d5e2aa86381af2f1bff6fb6d903971941dfd9ad4dfe47a943b6cd,2026-09-29T11:12:32+09:00,5-40 minutes before close,1-4-6,92.5,3.0,1790648640.0,1790648340.0,1790649443.0,True,https://www.winticket.jp/keirin/takeo/racecard/2026092784/3/2,1-4-6,1-4,1-4,1-4,1-4,1-4|1-6|4-6,"{""1-4-6"": 9250}","{""1-4-6"": 2120}","{""1-4"": 560}","{""1-4"": 180}","{""1-4"": 140, ""1-6"": 1410, ""4-6"": 640}",{},{},1-4-6,True,確定,False,0.0,-400.0
2026-09-29,武雄,2,028420260929,1790648640,1790648340,388,near_close_v2_20260805,trifecta,3連単,7,4-3-1,0.0348192910900023,102.3,256,True,900,92070.0,91170.0,900,2304.0,False,external holdout ROI target was not met,02f306055c6d5e2aa86381af2f1bff6fb6d903971941dfd9ad4dfe47a943b6cd,2026-09-29T11:12:32+09:00,5-40 minutes before close,1-4-6,92.5,3.0,1790648640.0,1790648340.0,1790649443.0,True,https://www.winticket.jp/keirin/takeo/racecard/2026092784/3/2,1-4-6,1-4,1-4,1-4,1-4,1-4|1-6|4-6,"{""1-4-6"": 9250}","{""1-4-6"": 2120}","{""1-4"": 560}","{""1-4"": 180}","{""1-4"": 140, ""1-6"": 1410, ""4-6"": 640}",{},{},1-4-6,True,確定,False,0.0,-900.0
2026-09-29,武雄,2,028420260929,1790648640,1790648340,388,near_close_v2_20260805,trifecta,3連単,8,1-4-7,0.0333944429210104,38.0,27,True,100,3800.0,3700.0,100,27.0,False,external holdout ROI target was not met,02f306055c6d5e2aa86381af2f1bff6fb6d903971941dfd9ad4dfe47a943b6cd,2026-09-29T11:12:32+09:00,5-40 minutes before close,1-4-6,92.5,3.0,1790648640.0,1790648340.0,1790649443.0,True,https://www.winticket.jp/keirin/takeo/racecard/2026092784/3/2,1-4-6,1-4,1-4,1-4,1-4,1-4|1-6|4-6,"{""1-4-6"": 9250}","{""1-4-6"": 2120}","{""1-4"": 560}","{""1-4"": 180}","{""1-4"": 140, ""1-6"": 1410, ""4-6"": 640}",{},{},1-4-6,True,確定,False,0.0,-100.0
2026-09-29,武雄,2,028420260929,1790648640,1790648340,388,near_close_v2_20260805,trifecta,3連単,11,1-4-3,0.02172616775305,68.8,49,True,200,13760.0,13560.0,200,98.0,False,external holdout ROI target was not met,02f306055c6d5e2aa86381af2f1bff6fb6d903971941dfd9ad4dfe47a943b6cd,2026-09-29T11:12:32+09:00,5-40 minutes before close,1-4-6,92.5,3.0,1790648640.0,1790648340.0,1790649443.0,True,https://www.winticket.jp/keirin/takeo/racecard/2026092784/3/2,1-4-6,1-4,1-4,1-4,1-4,1-4|1-6|4-6,"{""1-4-6"": 9250}","{""1-4-6"": 2120}","{""1-4"": 560}","{""1-4"": 180}","{""1-4"": 140, ""1-6"": 1410, ""4-6"": 640}",{},{},1-4-6,True,確定,False,0.0,-200.0
2026-09-29,武雄,2,028420260929,1790648640,1790648340,388,near_close_v2_20260805,trifecta,3連単,13,4-2-7,0.0130013369871545,80.6,5,True,100,8060.0,7960.0,100,5.0,False,external holdout ROI target was not met,02f306055c6d5e2aa86381af2f1bff6fb6d903971941dfd9ad4dfe47a943b6cd,2026-09-29T11:12:32+09:00,5-40 minutes before close,1-4-6,92.5,3.0,1790648640.0,1790648340.0,1790649443.0,True,https://www.winticket.jp/keirin/takeo/racecard/2026092784/3/2,1-4-6,1-4,1-4,1-4,1-4,1-4|1-6|4-6,"{""1-4-6"": 9250}","{""1-4-6"": 2120}","{""1-4"": 560}","{""1-4"": 180}","{""1-4"": 140, ""1-6"": 1410, ""4-6"": 640}",{},{},1-4-6,True,確定,False,0.0,-100.0
2026-09-29,武雄,2,028420260929,1790648640,1790648340,388,near_close_v2_20260805,trifecta,3連単,14,4-7-2,0.0122642989151804,131.8,62,True,100,13180.0,13080.0,100,62.0,False,external holdout ROI target was not met,02f306055c6d5e2aa86381af2f1bff6fb6d903971941dfd9ad4dfe47a943b6cd,2026-09-29T11:12:32+09:00,5-40 minutes before close,1-4-6,92.5,3.0,1790648640.0,1790648340.0,1790649443.0,True,https://www.winticket.jp/keirin/takeo/racecard/2026092784/3/2,1-4-6,1-4,1-4,1-4,1-4,1-4|1-6|4-6,"{""1-4-6"": 9250}","{""1-4-6"": 2120}","{""1-4"": 560}","{""1-4"": 180}","{""1-4"": 140, ""1-6"": 1410, ""4-6"": 640}",{},{},1-4-6,True,確定,False,0.0,-100.0
2026-09-29,武雄,2,028420260929,1790648640,1790648340,388,near_close_v2_20260805,trifecta,3連単,16,7-4-1,0.0111097112697975,117.3,30,True,100,11730.0,11630.0,100,30.0,False,external holdout ROI target was not met,02f306055c6d5e2aa86381af2f1bff6fb6d903971941dfd9ad4dfe47a943b6cd,2026-09-29T11:12:32+09:00,5-40 minutes before close,1-4-6,92.5,3.0,1790648640.0,1790648340.0,1790649443.0,True,https://www.winticket.jp/keirin/takeo/racecard/2026092784/3/2,1-4-6,1-4,1-4,1-4,1-4,1-4|1-6|4-6,"{""1-4-6"": 9250}","{""1-4-6"": 2120}","{""1-4"": 560}","{""1-4"": 180}","{""1-4"": 140, ""1-6"": 1410, ""4-6"": 640}",{},{},1-4-6,True,確定,False,0.0,-100.0
2026-09-29,武雄,2,028420260929,1790648640,1790648340,388,near_close_v2_20260805,trifecta,3連単,17,4-6-1,0.0091079053072535,142.1,29,True,100,14210.0,14110.0,100,29.0,False,external holdout ROI target was not met,02f306055c6d5e2aa86381af2f1bff6fb6d903971941dfd9ad4dfe47a943b6cd,2026-09-29T11:12:32+09:00,5-40 minutes before close,1-4-6,92.5,3.0,1790648640.0,1790648340.0,1790649443.0,True,https://www.winticket.jp/keirin/takeo/racecard/2026092784/3/2,1-4-6,1-4,1-4,1-4,1-4,1-4|1-6|4-6,"{""1-4-6"": 9250}","{""1-4-6"": 2120}","{""1-4"": 560}","{""1-4"": 180}","{""1-4"": 140, ""1-6"": 1410, ""4-6"": 640}",{},{},1-4-6,True,確定,False,0.0,-100.0
2026-09-29,武雄,2,028420260929,1790648640,1790648340,388,near_close_v2_20260805,trifecta,3連単,19,4-3-2,0.0076978239361835,223.6,72,True,100,22360.0,22260.0,100,72.0,False,external holdout ROI target was not met,02f306055c6d5e2aa86381af2f1bff6fb6d903971941dfd9ad4dfe47a943b6cd,2026-09-29T11:12:32+09:00,5-40 minutes before close,1-4-6,92.5,3.0,1790648640.0,1790648340.0,1790649443.0,True,https://www.winticket.jp/keirin/takeo/racecard/2026092784/3/2,1-4-6,1-4,1-4,1-4,1-4,1-4|1-6|4-6,"{""1-4-6"": 9250}","{""1-4-6"": 2120}","{""1-4"": 560}","{""1-4"": 180}","{""1-4"": 140, ""1-6"": 1410, ""4-6"": 640}",{},{},1-4-6,True,確定,False,0.0,-100.0
2026-09-29,武雄,2,028420260929,1790648640,1790648340,388,near_close_v2_20260805,trifecta,3連単,21,3-4-1,0.0069272481424404,273.6,90,True,100,27360.0,27260.0,100,90.0,False,external holdout ROI target was not met,02f306055c6d5e2aa86381af2f1bff6fb6d903971941dfd9ad4dfe47a943b6cd,2026-09-29T11:12:32+09:00,5-40 minutes before close,1-4-6,92.5,3.0,1790648640.0,1790648340.0,1790649443.0,True,https://www.winticket.jp/keirin/takeo/racecard/2026092784/3/2,1-4-6,1-4,1-4,1-4,1-4,1-4|1-6|4-6,"{""1-4-6"": 9250}","{""1-4-6"": 2120}","{""1-4"": 560}","{""1-4"": 180}","{""1-4"": 140, ""1-6"": 1410, ""4-6"": 640}",{},{},1-4-6,True,確定,False,0.0,-100.0
2026-09-29,広島,3,036220260929,1790649420,1790649120,1168,near_close_v2_20260805,trifecta,3連単,1,5-1-3,0.1636012641075327,11.6,90,True,1900,22040.0,20140.0,1900,1710.0,False,external holdout ROI target was not met,02f306055c6d5e2aa86381af2f1bff6fb6d903971941dfd9ad4dfe47a943b6cd,2026-09-29T11:12:32+09:00,5-40 minutes before close,4-2-5,113.2,3.0,1790649420.0,1790649120.0,1790649904.0,True,https://www.winticket.jp/keirin/hiroshima/racecard/2026092862/2/3,2-4-5,4-2,2-4,4-2,2-4,2-4|2-5|4-5,"{""4-2-5"": 11320}","{""2-4-5"": 1620}","{""4-2"": 2490}","{""2-4"": 1670}","{""2-4"": 580, ""2-5"": 390, ""4-5"": 240}",{},{},4-2-5,True,確定,False,0.0,-1900.0
2026-09-29,広島,3,036220260929,1790649420,1790649120,1168,near_close_v2_20260805,trifecta,3連単,2,5-1-4,0.140676691686494,8.9,25,True,500,4450.0,3950.0,500,125.0,False,external holdout ROI target was not met,02f306055c6d5e2aa86381af2f1bff6fb6d903971941dfd9ad4dfe47a943b6cd,2026-09-29T11:12:32+09:00,5-40 minutes before close,4-2-5,113.2,3.0,1790649420.0,1790649120.0,1790649904.0,True,https://www.winticket.jp/keirin/hiroshima/racecard/2026092862/2/3,2-4-5,4-2,2-4,4-2,2-4,2-4|2-5|4-5,"{""4-2-5"": 11320}","{""2-4-5"": 1620}","{""4-2"": 2490}","{""2-4"": 1670}","{""2-4"": 580, ""2-5"": 390, ""4-5"": 240}",{},{},4-2-5,True,確定,False,0.0,-500.0
2026-09-29,広島,3,036220260929,1790649420,1790649120,1168,near_close_v2_20260805,trifecta,3連単,3,5-3-1,0.0976696518147611,28.9,182,True,2300,66470.0,64170.0,2300,4186.0,False,external holdout ROI target was not met,02f306055c6d5e2aa86381af2f1bff6fb6d903971941dfd9ad4dfe47a943b6cd,2026-09-29T11:12:32+09:00,5-40 minutes before close,4-2-5,113.2,3.0,1790649420.0,1790649120.0,1790649904.0,True,https://www.winticket.jp/keirin/hiroshima/racecard/2026092862/2/3,2-4-5,4-2,2-4,4-2,2-4,2-4|2-5|4-5,"{""4-2-5"": 11320}","{""2-4-5"": 1620}","{""4-2"": 2490}","{""2-4"": 1670}","{""2-4"": 580, ""2-5"": 390, ""4-5"": 240}",{},{},4-2-5,True,確定,False,0.0,-2300.0
2026-09-29,広島,3,036220260929,1790649420,1790649120,1168,near_close_v2_20260805,trifecta,3連単,4,5-4-1,0.0811406544887884,37.7,206,True,2200,82940.0,80740.0,2200,4532.0,False,external holdout ROI target was not met,02f306055c6d5e2aa86381af2f1bff6fb6d903971941dfd9ad4dfe47a943b6cd,2026-09-29T11:12:32+09:00,5-40 minutes before close,4-2-5,113.2,3.0,1790649420.0,1790649120.0,1790649904.0,True,https://www.winticket.jp/keirin/hiroshima/racecard/2026092862/2/3,2-4-5,4-2,2-4,4-2,2-4,2-4|2-5|4-5,"{""4-2-5"": 11320}","{""2-4-5"": 1620}","{""4-2"": 2490}","{""2-4"": 1670}","{""2-4"": 580, ""2-5"": 390, ""4-5"": 240}",{},{},4-2-5,True,確定,False,0.0,-2200.0
2026-09-29,広島,3,036220260929,1790649420,1790649120,1168,near_close_v2_20260805,trifecta,3連単,5,5-1-2,0.0524127192051236,19.8,4,True,100,1980.0,1880.0,100,4.0,False,external holdout ROI target was not met,02f306055c6d5e2aa86381af2f1bff6fb6d903971941dfd9ad4dfe47a943b6cd,2026-09-29T11:12:32+09:00,5-40 minutes before close,4-2-5,113.2,3.0,1790649420.0,1790649120.0,1790649904.0,True,https://www.winticket.jp/keirin/hiroshima/racecard/2026092862/2/3,2-4-5,4-2,2-4,4-2,2-4,2-4|2-5|4-5,"{""4-2-5"": 11320}","{""2-4-5"": 1620}","{""4-2"": 2490}","{""2-4"": 1670}","{""2-4"": 580, ""2-5"": 390, ""4-5"": 240}",{},{},4-2-5,True,確定,False,0.0,-100.0
2026-09-29,広島,3,036220260929,1790649420,1790649120,1168,near_close_v2_20260805,trifecta,3連単,8,5-1-7,0.0322184226381678,38.4,24,True,100,3840.0,3740.0,100,24.0,False,external holdout ROI target was not met,02f306055c6d5e2aa86381af2f1bff6fb6d903971941dfd9ad4dfe47a943b6cd,2026-09-29T11:12:32+09:00,5-40 minutes before close,4-2-5,113.2,3.0,1790649420.0,1790649120.0,1790649904.0,True,https://www.winticket.jp/keirin/hiroshima/racecard/2026092862/2/3,2-4-5,4-2,2-4,4-2,2-4,2-4|2-5|4-5,"{""4-2-5"": 11320}","{""2-4-5"": 1620}","{""4-2"": 2490}","{""2-4"": 1670}","{""2-4"": 580, ""2-5"": 390, ""4-5"": 240}",{},{},4-2-5,True,確定,False,0.0,-100.0
2026-09-29,広島,3,036220260929,1790649420,1790649120,1168,near_close_v2_20260805,trifecta,3連単,9,5-3-4,0.0321572584755309,59.3,91,True,400,23720.0,23320.0,400,364.0,False,external holdout ROI target was not met,02f306055c6d5e2aa86381af2f1bff6fb6d903971941dfd9ad4dfe47a943b6cd,2026-09-29T11:12:32+09:00,5-40 minutes before close,4-2-5,113.2,3.0,1790649420.0,1790649120.0,1790649904.0,True,https://www.winticket.jp/keirin/hiroshima/racecard/2026092862/2/3,2-4-5,4-2,2-4,4-2,2-4,2-4|2-5|4-5,"{""4-2-5"": 11320}","{""2-4-5"": 1620}","{""4-2"": 2490}","{""2-4"": 1670}","{""2-4"": 580, ""2-5"": 390, ""4-5"": 240}",{},{},4-2-5,True,確定,False,0.0,-400.0
2026-09-29,広島,3,036220260929,1790649420,1790649120,1168,near_close_v2_20260805,trifecta,3連単,10,5-4-3,0.0310686506733265,78.9,145,True,600,47340.0,46740.0,600,870.0,False,external holdout ROI target was not met,02f306055c6d5e2aa86381af2f1bff6fb6d903971941dfd9ad4dfe47a943b6cd,2026-09-29T11:12:32+09:00,5-40 minutes before close,4-2-5,113.2,3.0,1790649420.0,1790649120.0,1790649904.0,True,https://www.winticket.jp/keirin/hiroshima/racecard/2026092862/2/3,2-4-5,4-2,2-4,4-2,2-4,2-4|2-5|4-5,"{""4-2-5"": 11320}","{""2-4-5"": 1620}","{""4-2"": 2490}","{""2-4"": 1670}","{""2-4"": 580, ""2-5"": 390, ""4-5"": 240}",{},{},4-2-5,True,確定,False,0.0,-600.0
2026-09-29,広島,3,036220260929,1790649420,1790649120,1168,near_close_v2_20260805,trifecta,3連単,11,5-2-1,0.0267451050896533,57.3,53,True,200,11460.0,11260.0,200,106.0,False,external holdout ROI target was not met,02f306055c6d5e2aa86381af2f1bff6fb6d903971941dfd9ad4dfe47a943b6cd,2026-09-29T11:12:32+09:00,5-40 minutes before close,4-2-5,113.2,3.0,1790649420.0,1790649120.0,1790649904.0,True,https://www.winticket.jp/keirin/hiroshima/racecard/2026092862/2/3,2-4-5,4-2,2-4,4-2,2-4,2-4|2-5|4-5,"{""4-2-5"": 11320}","{""2-4-5"": 1620}","{""4-2"": 2490}","{""2-4"": 1670}","{""2-4"": 580, ""2-5"": 390, ""4-5"": 240}",{},{},4-2-5,True,確定,False,0.0,-200.0
2026-09-29,広島,3,036220260929,1790649420,1790649120,1168,near_close_v2_20260805,trifecta,3連単,12,3-5-1,0.0259562616526815,42.3,10,True,100,4230.0,4130.0,100,10.0,False,external holdout ROI target was not met,02f306055c6d5e2aa86381af2f1bff6fb6d903971941dfd9ad4dfe47a943b6cd,2026-09-29T11:12:32+09:00,5-40 minutes before close,4-2-5,113.2,3.0,1790649420.0,1790649120.0,1790649904.0,True,https://www.winticket.jp/keirin/hiroshima/racecard/2026092862/2/3,2-4-5,4-2,2-4,4-2,2-4,2-4|2-5|4-5,"{""4-2-5"": 11320}","{""2-4-5"": 1620}","{""4-2"": 2490}","{""2-4"": 1670}","{""2-4"": 580, ""2-5"": 390, ""4-5"": 240}",{},{},4-2-5,True,確定,False,0.0,-100.0
2026-09-29,広島,3,036220260929,1790649420,1790649120,1168,near_close_v2_20260805,trifecta,3連単,13,4-5-1,0.0214041460497115,106.2,127,True,400,42480.0,42080.0,400,508.0,False,external holdout ROI target was not met,02f306055c6d5e2aa86381af2f1bff6fb6d903971941dfd9ad4dfe47a943b6cd,2026-09-29T11:12:32+09:00,5-40 minutes before close,4-2-5,113.2,3.0,1790649420.0,1790649120.0,1790649904.0,True,https://www.winticket.jp/keirin/hiroshima/racecard/2026092862/2/3,2-4-5,4-2,2-4,4-2,2-4,2-4|2-5|4-5,"{""4-2-5"": 11320}","{""2-4-5"": 1620}","{""4-2"": 2490}","{""2-4"": 1670}","{""2-4"": 580, ""2-5"": 390, ""4-5"": 240}",{},{},4-2-5,True,確定,False,0.0,-400.0
2026-09-29,広島,3,036220260929,1790649420,1790649120,1168,near_close_v2_20260805,trifecta,3連単,14,5-7-1,0.0160177966313942,184.2,195,True,500,92100.0,91600.0,500,975.0,False,external holdout ROI target was not met,02f306055c6d5e2aa86381af2f1bff6fb6d903971941dfd9ad4dfe47a943b6cd,2026-09-29T11:12:32+09:00,5-40 minutes before close,4-2-5,113.2,3.0,1790649420.0,1790649120.0,1790649904.0,True,https://www.winticket.jp/keirin/hiroshima/racecard/2026092862/2/3,2-4-5,4-2,2-4,4-2,2-4,2-4|2-5|4-5,"{""4-2-5"": 11320}","{""2-4-5"": 1620}","{""4-2"": 2490}","{""2-4"": 1670}","{""2-4"": 580, ""2-5"": 390, ""4-5"": 240}",{},{},4-2-5,True,確定,False,0.0,-500.0
2026-09-29,広島,3,036220260929,1790649420,1790649120,1168,near_close_v2_20260805,trifecta,3連単,16,5-3-2,0.0119810136183803,108.8,30,True,100,10880.0,10780.0,100,30.0,False,external holdout ROI target was not met,02f306055c6d5e2aa86381af2f1bff6fb6d903971941dfd9ad4dfe47a943b6cd,2026-09-29T11:12:32+09:00,5-40 minutes before close,4-2-5,113.2,3.0,1790649420.0,1790649120.0,1790649904.0,True,https://www.winticket.jp/keirin/hiroshima/racecard/2026092862/2/3,2-4-5,4-2,2-4,4-2,2-4,2-4|2-5|4-5,"{""4-2-5"": 11320}","{""2-4-5"": 1620}","{""4-2"": 2490}","{""2-4"": 1670}","{""2-4"": 580, ""2-5"": 390, ""4-5"": 240}",{},{},4-2-5,True,確定,False,0.0,-100.0
2026-09-29,広島,3,036220260929,1790649420,1790649120,1168,near_close_v2_20260805,trifecta,3連単,17,5-2-3,0.010240665822663,143.9,47,True,100,14390.0,14290.0,100,47.0,False,external holdout ROI target was not met,02f306055c6d5e2aa86381af2f1bff6fb6d903971941dfd9ad4dfe47a943b6cd,2026-09-29T11:12:32+09:00,5-40 minutes before close,4-2-5,113.2,3.0,1790649420.0,1790649120.0,1790649904.0,True,https://www.winticket.jp/keirin/hiroshima/racecard/2026092862/2/3,2-4-5,4-2,2-4,4-2,2-4,2-4|2-5|4-5,"{""4-2-5"": 11320}","{""2-4-5"": 1620}","{""4-2"": 2490}","{""2-4"": 1670}","{""2-4"": 580, ""2-5"": 390, ""4-5"": 240}",{},{},4-2-5,True,確定,False,0.0,-100.0
2026-09-29,広島,3,036220260929,1790649420,1790649120,1168,near_close_v2_20260805,trifecta,3連単,21,3-5-4,0.0085459730787904,123.3,5,True,100,12330.0,12230.0,100,5.0,False,external holdout ROI target was not met,02f306055c6d5e2aa86381af2f1bff6fb6d903971941dfd9ad4dfe47a943b6cd,2026-09-29T11:12:32+09:00,5-40 minutes before close,4-2-5,113.2,3.0,1790649420.0,1790649120.0,1790649904.0,True,https://www.winticket.jp/keirin/hiroshima/racecard/2026092862/2/3,2-4-5,4-2,2-4,4-2,2-4,2-4|2-5|4-5,"{""4-2-5"": 11320}","{""2-4-5"": 1620}","{""4-2"": 2490}","{""2-4"": 1670}","{""2-4"": 580, ""2-5"": 390, ""4-5"": 240}",{},{},4-2-5,True,確定,False,0.0,-100.0
2026-09-29,広島,3,036220260929,1790649420,1790649120,1168,near_close_v2_20260805,trifecta,3連単,22,4-5-3,0.0081956195789773,246.7,102,True,200,49340.0,49140.0,200,204.0,False,external holdout ROI target was not met,02f306055c6d5e2aa86381af2f1bff6fb6d903971941dfd9ad4dfe47a943b6cd,2026-09-29T11:12:32+09:00,5-40 minutes before close,4-2-5,113.2,3.0,1790649420.0,1790649120.0,1790649904.0,True,https://www.winticket.jp/keirin/hiroshima/racecard/2026092862/2/3,2-4-5,4-2,2-4,4-2,2-4,2-4|2-5|4-5,"{""4-2-5"": 11320}","{""2-4-5"": 1620}","{""4-2"": 2490}","{""2-4"": 1670}","{""2-4"": 580, ""2-5"": 390, ""4-5"": 240}",{},{},4-2-5,True,確定,False,0.0,-200.0
2026-09-29,広島,3,036220260929,1790649420,1790649120,1168,near_close_v2_20260805,trifecta,3連単,31,5-7-4,0.0052737817419595,282.0,49,True,100,28200.0,28100.0,100,49.0,False,external holdout ROI target was not met,02f306055c6d5e2aa86381af2f1bff6fb6d903971941dfd9ad4dfe47a943b6cd,2026-09-29T11:12:32+09:00,5-40 minutes before close,4-2-5,113.2,3.0,1790649420.0,1790649120.0,1790649904.0,True,https://www.winticket.jp/keirin/hiroshima/racecard/2026092862/2/3,2-4-5,4-2,2-4,4-2,2-4,2-4|2-5|4-5,"{""4-2-5"": 11320}","{""2-4-5"": 1620}","{""4-2"": 2490}","{""2-4"": 1670}","{""2-4"": 580, ""2-5"": 390, ""4-5"": 240}",{},{},4-2-5,True,確定,False,0.0,-100.0
2026-09-29,広島,3,036220260929,1790649420,1790649120,1168,near_close_v2_20260805,trifecta,3連単,32,7-5-1,0.0040825310995513,406.4,66,True,100,40640.0,40540.0,100,66.0,False,external holdout ROI target was not met,02f306055c6d5e2aa86381af2f1bff6fb6d903971941dfd9ad4dfe47a943b6cd,2026-09-29T11:12:32+09:00,5-40 minutes before close,4-2-5,113.2,3.0,1790649420.0,1790649120.0,1790649904.0,True,https://www.winticket.jp/keirin/hiroshima/racecard/2026092862/2/3,2-4-5,4-2,2-4,4-2,2-4,2-4|2-5|4-5,"{""4-2-5"": 11320}","{""2-4-5"": 1620}","{""4-2"": 2490}","{""2-4"": 1670}","{""2-4"": 580, ""2-5"": 390, ""4-5"": 240}",{},{},4-2-5,True,確定,False,0.0,-100.0
2026-09-29,武雄,3,038420260929,1790650200,1790649900,1948,near_close_v2_20260805,trifecta,3連単,1,1-2-5,0.1073844659645635,26.9,189,True,1600,43040.0,41440.0,1600,3024.0,False,external holdout ROI target was not met,02f306055c6d5e2aa86381af2f1bff6fb6d903971941dfd9ad4dfe47a943b6cd,2026-09-29T11:12:32+09:00,5-40 minutes before close,2-1-5,28.5,3.0,1790650200.0,1790649900.0,1790650924.0,True,https://www.winticket.jp/keirin/takeo/racecard/2026092784/3/3,1-2-5,2-1,1-2,2-1,1-2,1-2|1-5|2-5,"{""2-1-5"": 2850}","{""1-2-5"": 440}","{""2-1"": 1190}","{""1-2"": 670}","{""1-2"": 250, ""1-5"": 160, ""2-5"": 220}",{},{},2-1-5,True,確定,False,0.0,-1600.0
2026-09-29,武雄,3,038420260929,1790650200,1790649900,1948,near_close_v2_20260805,trifecta,3連単,2,2-1-5,0.0764072374970278,30.5,133,True,800,24400.0,23600.0,800,1064.0,False,external holdout ROI target was not met,02f306055c6d5e2aa86381af2f1bff6fb6d903971941dfd9ad4dfe47a943b6cd,2026-09-29T11:12:32+09:00,5-40 minutes before close,2-1-5,28.5,3.0,1790650200.0,1790649900.0,1790650924.0,True,https://www.winticket.jp/keirin/takeo/racecard/2026092784/3/3,1-2-5,2-1,1-2,2-1,1-2,1-2|1-5|2-5,"{""2-1-5"": 2850}","{""1-2-5"": 440}","{""2-1"": 1190}","{""1-2"": 670}","{""1-2"": 250, ""1-5"": 160, ""2-5"": 220}",{},{},2-1-5,True,確定,True,22800.0,22000.0
2026-09-29,武雄,3,038420260929,1790650200,1790649900,1948,near_close_v2_20260805,trifecta,3連単,3,1-5-2,0.0689915479644433,17.7,22,True,200,3540.0,3340.0,200,44.0,False,external holdout ROI target was not met,02f306055c6d5e2aa86381af2f1bff6fb6d903971941dfd9ad4dfe47a943b6cd,2026-09-29T11:12:32+09:00,5-40 minutes before close,2-1-5,28.5,3.0,1790650200.0,1790649900.0,1790650924.0,True,https://www.winticket.jp/keirin/takeo/racecard/2026092784/3/3,1-2-5,2-1,1-2,2-1,1-2,1-2|1-5|2-5,"{""2-1-5"": 2850}","{""1-2-5"": 440}","{""2-1"": 1190}","{""1-2"": 670}","{""1-2"": 250, ""1-5"": 160, ""2-5"": 220}",{},{},2-1-5,True,確定,False,0.0,-200.0
2026-09-29,武雄,3,038420260929,1790650200,1790649900,1948,near_close_v2_20260805,trifecta,3連単,4,1-2-3,0.0564954182547537,58.5,230,True,1100,64350.0,63250.0,1100,2530.0,False,external holdout ROI target was not met,02f306055c6d5e2aa86381af2f1bff6fb6d903971941dfd9ad4dfe47a943b6cd,2026-09-29T11:12:32+09:00,5-40 minutes before close,2-1-5,28.5,3.0,1790650200.0,1790649900.0,1790650924.0,True,https://www.winticket.jp/keirin/takeo/racecard/2026092784/3/3,1-2-5,2-1,1-2,2-1,1-2,1-2|1-5|2-5,"{""2-1-5"": 2850}","{""1-2-5"": 440}","{""2-1"": 1190}","{""1-2"": 670}","{""1-2"": 250, ""1-5"": 160, ""2-5"": 220}",{},{},2-1-5,True,確定,False,0.0,-1100.0
2026-09-29,武雄,3,038420260929,1790650200,1790649900,1948,near_close_v2_20260805,trifecta,3連単,5,5-1-2,0.0409991236621157,27.1,11,True,100,2710.0,2610.0,100,11.0,False,external holdout ROI target was not met,02f306055c6d5e2aa86381af2f1bff6fb6d903971941dfd9ad4dfe47a943b6cd,2026-09-29T11:12:32+09:00,5-40 minutes before close,2-1-5,28.5,3.0,1790650200.0,1790649900.0,1790650924.0,True,https://www.winticket.jp/keirin/takeo/racecard/2026092784/3/3,1-2-5,2-1,1-2,2-1,1-2,1-2|1-5|2-5,"{""2-1-5"": 2850}","{""1-2-5"": 440}","{""2-1"": 1190}","{""1-2"": 670}","{""1-2"": 250, ""1-5"": 160, ""2-5"": 220}",{},{},2-1-5,True,確定,False,0.0,-100.0
2026-09-29,武雄,3,038420260929,1790650200,1790649900,1948,near_close_v2_20260805,trifecta,3連単,6,2-1-3,0.0401981683413071,98.2,295,True,1000,98200.0,97200.0,1000,2950.0,False,external holdout ROI target was not met,02f306055c6d5e2aa86381af2f1bff6fb6d903971941dfd9ad4dfe47a943b6cd,2026-09-29T11:12:32+09:00,5-40 minutes before close,2-1-5,28.5,3.0,1790650200.0,1790649900.0,1790650924.0,True,https://www.winticket.jp/keirin/takeo/racecard/2026092784/3/3,1-2-5,2-1,1-2,2-1,1-2,1-2|1-5|2-5,"{""2-1-5"": 2850}","{""1-2-5"": 440}","{""2-1"": 1190}","{""1-2"": 670}","{""1-2"": 250, ""1-5"": 160, ""2-5"": 220}",{},{},2-1-5,True,確定,False,0.0,-1000.0
2026-09-29,武雄,3,038420260929,1790650200,1790649900,1948,near_close_v2_20260805,trifecta,3連単,7,1-2-7,0.0398785849015644,40.1,60,True,200,8020.0,7820.0,200,120.0,False,external holdout ROI target was not met,02f306055c6d5e2aa86381af2f1bff6fb6d903971941dfd9ad4dfe47a943b6cd,2026-09-29T11:12:32+09:00,5-40 minutes before close,2-1-5,28.5,3.0,1790650200.0,1790649900.0,1790650924.0,True,https://www.winticket.jp/keirin/takeo/racecard/2026092784/3/3,1-2-5,2-1,1-2,2-1,1-2,1-2|1-5|2-5,"{""2-1-5"": 2850}","{""1-2-5"": 440}","{""2-1"": 1190}","{""1-2"": 670}","{""1-2"": 250, ""1-5"": 160, ""2-5"": 220}",{},{},2-1-5,True,確定,False,0.0,-200.0
2026-09-29,武雄,3,038420260929,1790650200,1790649900,1948,near_close_v2_20260805,trifecta,3連単,8,2-5-1,0.0322394451745316,38.8,25,True,100,3880.0,3780.0,100,25.0,False,external holdout ROI target was not met,02f306055c6d5e2aa86381af2f1bff6fb6d903971941dfd9ad4dfe47a943b6cd,2026-09-29T11:12:32+09:00,5-40 minutes before close,2-1-5,28.5,3.0,1790650200.0,1790649900.0,1790650924.0,True,https://www.winticket.jp/keirin/takeo/racecard/2026092784/3/3,1-2-5,2-1,1-2,2-1,1-2,1-2|1-5|2-5,"{""2-1-5"": 2850}","{""1-2-5"": 440}","{""2-1"": 1190}","{""1-2"": 670}","{""1-2"": 250, ""1-5"": 160, ""2-5"": 220}",{},{},2-1-5,True,確定,False,0.0,-100.0
2026-09-29,武雄,3,038420260929,1790650200,1790649900,1948,near_close_v2_20260805,trifecta,3連単,9,1-3-2,0.0319223743650155,123.6,295,True,800,98880.0,98080.0,800,2360.0,False,external holdout ROI target was not met,02f306055c6d5e2aa86381af2f1bff6fb6d903971941dfd9ad4dfe47a943b6cd,2026-09-29T11:12:32+09:00,5-40 minutes before close,2-1-5,28.5,3.0,1790650200.0,1790649900.0,1790650924.0,True,https://www.winticket.jp/keirin/takeo/racecard/2026092784/3/3,1-2-5,2-1,1-2,2-1,1-2,1-2|1-5|2-5,"{""2-1-5"": 2850}","{""1-2-5"": 440}","{""2-1"": 1190}","{""1-2"": 670}","{""1-2"": 250, ""1-5"": 160, ""2-5"": 220}",{},{},2-1-5,True,確定,False,0.0,-800.0
2026-09-29,武雄,3,038420260929,1790650200,1790649900,1948,near_close_v2_20260805,trifecta,3連単,10,1-2-4,0.0312297459711826,126.8,296,True,800,101440.0,100640.0,800,2368.0,False,external holdout ROI target was not met,02f306055c6d5e2aa86381af2f1bff6fb6d903971941dfd9ad4dfe47a943b6cd,2026-09-29T11:12:32+09:00,5-40 minutes before close,2-1-5,28.5,3.0,1790650200.0,1790649900.0,1790650924.0,True,https://www.winticket.jp/keirin/takeo/racecard/2026092784/3/3,1-2-5,2-1,1-2,2-1,1-2,1-2|1-5|2-5,"{""2-1-5"": 2850}","{""1-2-5"": 440}","{""2-1"": 1190}","{""1-2"": 670}","{""1-2"": 250, ""1-5"": 160, ""2-5"": 220}",{},{},2-1-5,True,確定,False,0.0,-800.0
2026-09-29,武雄,3,038420260929,1790650200,1790649900,1948,near_close_v2_20260805,trifecta,3連単,11,2-1-7,0.0283747977908156,45.2,28,True,100,4520.0,4420.0,100,28.0,False,external holdout ROI target was not met,02f306055c6d5e2aa86381af2f1bff6fb6d903971941dfd9ad4dfe47a943b6cd,2026-09-29T11:12:32+09:00,5-40 minutes before close,2-1-5,28.5,3.0,1790650200.0,1790649900.0,1790650924.0,True,https://www.winticket.jp/keirin/takeo/racecard/2026092784/3/3,1-2-5,2-1,1-2,2-1,1-2,1-2|1-5|2-5,"{""2-1-5"": 2850}","{""1-2-5"": 440}","{""2-1"": 1190}","{""1-2"": 670}","{""1-2"": 250, ""1-5"": 160, ""2-5"": 220}",{},{},2-1-5,True,確定,False,0.0,-100.0
2026-09-29,武雄,3,038420260929,1790650200,1790649900,1948,near_close_v2_20260805,trifecta,3連単,12,5-2-1,0.0269260846918941,42.5,14,True,100,4250.0,4150.0,100,14.0,False,external holdout ROI target was not met,02f306055c6d5e2aa86381af2f1bff6fb6d903971941dfd9ad4dfe47a943b6cd,2026-09-29T11:12:32+09:00,5-40 minutes before close,2-1-5,28.5,3.0,1790650200.0,1790649900.0,1790650924.0,True,https://www.winticket.jp/keirin/takeo/racecard/2026092784/3/3,1-2-5,2-1,1-2,2-1,1-2,1-2|1-5|2-5,"{""2-1-5"": 2850}","{""1-2-5"": 440}","{""2-1"": 1190}","{""1-2"": 670}","{""1-2"": 250, ""1-5"": 160, ""2-5"": 220}",{},{},2-1-5,True,確定,False,0.0,-100.0
2026-09-29,武雄,3,038420260929,1790650200,1790649900,1948,near_close_v2_20260805,trifecta,3連単,13,2-1-4,0.022220891969416,191.1,325,True,600,114660.0,114060.0,600,1950.0,False,external holdout ROI target was not met,02f306055c6d5e2aa86381af2f1bff6fb6d903971941dfd9ad4dfe47a943b6cd,2026-09-29T11:12:32+09:00,5-40 minutes before close,2-1-5,28.5,3.0,1790650200.0,1790649900.0,1790650924.0,True,https://www.winticket.jp/keirin/takeo/racecard/2026092784/3/3,1-2-5,2-1,1-2,2-1,1-2,1-2|1-5|2-5,"{""2-1-5"": 2850}","{""1-2-5"": 440}","{""2-1"": 1190}","{""1-2"": 670}","{""1-2"": 250, ""1-5"": 160, ""2-5"": 220}",{},{},2-1-5,True,確定,False,0.0,-600.0
2026-09-29,武雄,3,038420260929,1790650200,1790649900,1948,near_close_v2_20260805,trifecta,3連単,14,1-7-2,0.0216799790100372,92.5,101,True,200,18500.0,18300.0,200,202.0,False,external holdout ROI target was not met,02f306055c6d5e2aa86381af2f1bff6fb6d903971941dfd9ad4dfe47a943b6cd,2026-09-29T11:12:32+09:00,5-40 minutes before close,2-1-5,28.5,3.0,1790650200.0,1790649900.0,1790650924.0,True,https://www.winticket.jp/keirin/takeo/racecard/2026092784/3/3,1-2-5,2-1,1-2,2-1,1-2,1-2|1-5|2-5,"{""2-1-5"": 2850}","{""1-2-5"": 440}","{""2-1"": 1190}","{""1-2"": 670}","{""1-2"": 250, ""1-5"": 160, ""2-5"": 220}",{},{},2-1-5,True,確定,False,0.0,-200.0
2026-09-29,武雄,3,038420260929,1790650200,1790649900,1948,near_close_v2_20260805,trifecta,3連単,15,3-1-2,0.0178431803176336,265.5,374,True,600,159300.0,158700.0,600,2244.0,False,external holdout ROI target was not met,02f306055c6d5e2aa86381af2f1bff6fb6d903971941dfd9ad4dfe47a943b6cd,2026-09-29T11:12:32+09:00,5-40 minutes before close,2-1-5,28.5,3.0,1790650200.0,1790649900.0,1790650924.0,True,https://www.winticket.jp/keirin/takeo/racecard/2026092784/3/3,1-2-5,2-1,1-2,2-1,1-2,1-2|1-5|2-5,"{""2-1-5"": 2850}","{""1-2-5"": 440}","{""2-1"": 1190}","{""1-2"": 670}","{""1-2"": 250, ""1-5"": 160, ""2-5"": 220}",{},{},2-1-5,True,確定,False,0.0,-600.0
2026-09-29,武雄,3,038420260929,1790650200,1790649900,1948,near_close_v2_20260805,trifecta,3連単,16,1-4-2,0.0166499222982679,196.4,227,True,300,58920.0,58620.0,300,681.0,False,external holdout ROI target was not met,02f306055c6d5e2aa86381af2f1bff6fb6d903971941dfd9ad4dfe47a943b6cd,2026-09-29T11:12:32+09:00,5-40 minutes before close,2-1-5,28.5,3.0,1790650200.0,1790649900.0,1790650924.0,True,https://www.winticket.jp/keirin/takeo/racecard/2026092784/3/3,1-2-5,2-1,1-2,2-1,1-2,1-2|1-5|2-5,"{""2-1-5"": 2850}","{""1-2-5"": 440}","{""2-1"": 1190}","{""1-2"": 670}","{""1-2"": 250, ""1-5"": 160, ""2-5"": 220}",{},{},2-1-5,True,確定,False,0.0,-300.0
2026-09-29,武雄,3,038420260929,1790650200,1790649900,1948,near_close_v2_20260805,trifecta,3連単,18,2-3-1,0.0155609025744948,193.7,201,True,300,58110.0,57810.0,300,603.0,False,external holdout ROI target was not met,02f306055c6d5e2aa86381af2f1bff6fb6d903971941dfd9ad4dfe47a943b6cd,2026-09-29T11:12:32+09:00,5-40 minutes before close,2-1-5,28.5,3.0,1790650200.0,1790649900.0,1790650924.0,True,https://www.winticket.jp/keirin/takeo/racecard/2026092784/3/3,1-2-5,2-1,1-2,2-1,1-2,1-2|1-5|2-5,"{""2-1-5"": 2850}","{""1-2-5"": 440}","{""2-1"": 1190}","{""1-2"": 670}","{""1-2"": 250, ""1-5"": 160, ""2-5"": 220}",{},{},2-1-5,True,確定,False,0.0,-300.0
2026-09-29,武雄,3,038420260929,1790650200,1790649900,1948,near_close_v2_20260805,trifecta,3連単,19,1-3-5,0.0142737579884189,91.3,30,True,100,9130.0,9030.0,100,30.0,False,external holdout ROI target was not met,02f306055c6d5e2aa86381af2f1bff6fb6d903971941dfd9ad4dfe47a943b6cd,2026-09-29T11:12:32+09:00,5-40 minutes before close,2-1-5,28.5,3.0,1790650200.0,1790649900.0,1790650924.0,True,https://www.winticket.jp/keirin/takeo/racecard/2026092784/3/3,1-2-5,2-1,1-2,2-1,1-2,1-2|1-5|2-5,"{""2-1-5"": 2850}","{""1-2-5"": 440}","{""2-1"": 1190}","{""1-2"": 670}","{""1-2"": 250, ""1-5"": 160, ""2-5"": 220}",{},{},2-1-5,True,確定,False,0.0,-100.0
2026-09-29,武雄,3,038420260929,1790650200,1790649900,1948,near_close_v2_20260805,trifecta,3連単,20,3-2-1,0.0122241543572395,421.7,415,True,400,168680.0,168280.0,400,1660.0,False,external holdout ROI target was not met,02f306055c6d5e2aa86381af2f1bff6fb6d903971941dfd9ad4dfe47a943b6cd,2026-09-29T11:12:32+09:00,5-40 minutes before close,2-1-5,28.5,3.0,1790650200.0,1790649900.0,1790650924.0,True,https://www.winticket.jp/keirin/takeo/racecard/2026092784/3/3,1-2-5,2-1,1-2,2-1,1-2,1-2|1-5|2-5,"{""2-1-5"": 2850}","{""1-2-5"": 440}","{""2-1"": 1190}","{""1-2"": 670}","{""1-2"": 250, ""1-5"": 160, ""2-5"": 220}",{},{},2-1-5,True,確定,False,0.0,-400.0
2026-09-29,武雄,3,038420260929,1790650200,1790649900,1948,near_close_v2_20260805,trifecta,3連単,21,7-1-2,0.0118875145482255,119.4,42,True,100,11940.0,11840.0,100,42.0,False,external holdout ROI target was not met,02f306055c6d5e2aa86381af2f1bff6fb6d903971941dfd9ad4dfe47a943b6cd,2026-09-29T11:12:32+09:00,5-40 minutes before close,2-1-5,28.5,3.0,1790650200.0,1790649900.0,1790650924.0,True,https://www.winticket.jp/keirin/takeo/racecard/2026092784/3/3,1-2-5,2-1,1-2,2-1,1-2,1-2|1-5|2-5,"{""2-1-5"": 2850}","{""1-2-5"": 440}","{""2-1"": 1190}","{""1-2"": 670}","{""1-2"": 250, ""1-5"": 160, ""2-5"": 220}",{},{},2-1-5,True,確定,False,0.0,-100.0
2026-09-29,武雄,3,038420260929,1790650200,1790649900,1948,near_close_v2_20260805,trifecta,3連単,26,4-1-2,0.0090399004881273,387.5,250,True,200,77500.0,77300.0,200,500.0,False,external holdout ROI target was not met,02f306055c6d5e2aa86381af2f1bff6fb6d903971941dfd9ad4dfe47a943b6cd,2026-09-29T11:12:32+09:00,5-40 minutes before close,2-1-5,28.5,3.0,1790650200.0,1790649900.0,1790650924.0,True,https://www.winticket.jp/keirin/takeo/racecard/2026092784/3/3,1-2-5,2-1,1-2,2-1,1-2,1-2|1-5|2-5,"{""2-1-5"": 2850}","{""1-2-5"": 440}","{""2-1"": 1190}","{""1-2"": 670}","{""1-2"": 250, ""1-5"": 160, ""2-5"": 220}",{},{},2-1-5,True,確定,False,0.0,-200.0
2026-09-29,武雄,3,038420260929,1790650200,1790649900,1948,near_close_v2_20260805,trifecta,3連単,28,2-4-1,0.008263091233643,333.4,175,True,200,66680.0,66480.0,200,350.0,False,external holdout ROI target was not met,02f306055c6d5e2aa86381af2f1bff6fb6d903971941dfd9ad4dfe47a943b6cd,2026-09-29T11:12:32+09:00,5-40 minutes before close,2-1-5,28.5,3.0,1790650200.0,1790649900.0,1790650924.0,True,https://www.winticket.jp/keirin/takeo/racecard/2026092784/3/3,1-2-5,2-1,1-2,2-1,1-2,1-2|1-5|2-5,"{""2-1-5"": 2850}","{""1-2-5"": 440}","{""2-1"": 1190}","{""1-2"": 670}","{""1-2"": 250, ""1-5"": 160, ""2-5"": 220}",{},{},2-1-5,True,確定,False,0.0,-200.0
2026-09-29,武雄,3,038420260929,1790650200,1790649900,1948,near_close_v2_20260805,trifecta,3連単,33,4-2-1,0.0063052302458092,477.9,201,True,100,47790.0,47690.0,100,201.0,False,external holdout ROI target was not met,02f306055c6d5e2aa86381af2f1bff6fb6d903971941dfd9ad4dfe47a943b6cd,2026-09-29T11:12:32+09:00,5-40 minutes before close,2-1-5,28.5,3.0,1790650200.0,1790649900.0,1790650924.0,True,https://www.winticket.jp/keirin/takeo/racecard/2026092784/3/3,1-2-5,2-1,1-2,2-1,1-2,1-2|1-5|2-5,"{""2-1-5"": 2850}","{""1-2-5"": 440}","{""2-1"": 1190}","{""1-2"": 670}","{""1-2"": 250, ""1-5"": 160, ""2-5"": 220}",{},{},2-1-5,True,確定,False,0.0,-100.0
2026-09-29,広島,4,046220260929,1790650980,1790650680,919,near_close_v2_20260805,trifecta,3連単,1,4-2-1,0.230235605595082,9.4,116,True,3100,29140.0,26040.0,3100,3596.0,False,external holdout ROI target was not met,02f306055c6d5e2aa86381af2f1bff6fb6d903971941dfd9ad4dfe47a943b6cd,2026-09-29T11:42:40+09:00,5-40 minutes before close,2-4-5,8.9,3.0,1790650980.0,1790650680.0,1790651444.0,True,https://www.winticket.jp/keirin/hiroshima/racecard/2026092862/2/4,2-4-5,2-4,2-4,2-4,2-4,2-4|2-5|4-5,"{""2-4-5"": 890}","{""2-4-5"": 280}","{""2-4"": 290}","{""2-4"": 120}","{""2-4"": 120, ""2-5"": 220, ""4-5"": 240}",{},{},2-4-5,True,確定,False,0.0,-3100.0
2026-09-29,広島,4,046220260929,1790650980,1790650680,919,near_close_v2_20260805,trifecta,3連単,3,4-1-2,0.1078092749855518,41.9,352,True,4300,180170.0,175870.0,4300,15136.0,False,external holdout ROI target was not met,02f306055c6d5e2aa86381af2f1bff6fb6d903971941dfd9ad4dfe47a943b6cd,2026-09-29T11:42:40+09:00,5-40 minutes before close,2-4-5,8.9,3.0,1790650980.0,1790650680.0,1790651444.0,True,https://www.winticket.jp/keirin/hiroshima/racecard/2026092862/2/4,2-4-5,2-4,2-4,2-4,2-4,2-4|2-5|4-5,"{""2-4-5"": 890}","{""2-4-5"": 280}","{""2-4"": 290}","{""2-4"": 120}","{""2-4"": 120, ""2-5"": 220, ""4-5"": 240}",{},{},2-4-5,True,確定,False,0.0,-4300.0
2026-09-29,広島,4,046220260929,1790650980,1790650680,919,near_close_v2_20260805,trifecta,3連単,4,2-4-1,0.0908416261267376,12.0,9,True,100,1200.0,1100.0,100,9.0,False,external holdout ROI target was not met,02f306055c6d5e2aa86381af2f1bff6fb6d903971941dfd9ad4dfe47a943b6cd,2026-09-29T11:42:40+09:00,5-40 minutes before close,2-4-5,8.9,3.0,1790650980.0,1790650680.0,1790651444.0,True,https://www.winticket.jp/keirin/hiroshima/racecard/2026092862/2/4,2-4-5,2-4,2-4,2-4,2-4,2-4|2-5|4-5,"{""2-4-5"": 890}","{""2-4-5"": 280}","{""2-4"": 290}","{""2-4"": 120}","{""2-4"": 120, ""2-5"": 220, ""4-5"": 240}",{},{},2-4-5,True,確定,False,0.0,-100.0
2026-09-29,広島,4,046220260929,1790650980,1790650680,919,near_close_v2_20260805,trifecta,3連単,5,4-5-2,0.0530690772849373,35.1,86,True,600,21060.0,20460.0,600,516.0,False,external holdout ROI target was not met,02f306055c6d5e2aa86381af2f1bff6fb6d903971941dfd9ad4dfe47a943b6cd,2026-09-29T11:42:40+09:00,5-40 minutes before close,2-4-5,8.9,3.0,1790650980.0,1790650680.0,1790651444.0,True,https://www.winticket.jp/keirin/hiroshima/racecard/2026092862/2/4,2-4-5,2-4,2-4,2-4,2-4,2-4|2-5|4-5,"{""2-4-5"": 890}","{""2-4-5"": 280}","{""2-4"": 290}","{""2-4"": 120}","{""2-4"": 120, ""2-5"": 220, ""4-5"": 240}",{},{},2-4-5,True,確定,False,0.0,-600.0
2026-09-29,広島,4,046220260929,1790650980,1790650680,919,near_close_v2_20260805,trifecta,3連単,8,1-4-2,0.0364318107915317,70.2,156,True,700,49140.0,48440.0,700,1092.0,False,external holdout ROI target was not met,02f306055c6d5e2aa86381af2f1bff6fb6d903971941dfd9ad4dfe47a943b6cd,2026-09-29T11:42:40+09:00,5-40 minutes before close,2-4-5,8.9,3.0,1790650980.0,1790650680.0,1790651444.0,True,https://www.winticket.jp/keirin/hiroshima/racecard/2026092862/2/4,2-4-5,2-4,2-4,2-4,2-4,2-4|2-5|4-5,"{""2-4-5"": 890}","{""2-4-5"": 280}","{""2-4"": 290}","{""2-4"": 120}","{""2-4"": 120, ""2-5"": 220, ""4-5"": 240}",{},{},2-4-5,True,確定,False,0.0,-700.0
2026-09-29,広島,4,046220260929,1790650980,1790650680,919,near_close_v2_20260805,trifecta,3連単,9,4-1-5,0.0190025897587553,66.7,27,True,100,6670.0,6570.0,100,27.0,False,external holdout ROI target was not met,02f306055c6d5e2aa86381af2f1bff6fb6d903971941dfd9ad4dfe47a943b6cd,2026-09-29T11:42:40+09:00,5-40 minutes before close,2-4-5,8.9,3.0,1790650980.0,1790650680.0,1790651444.0,True,https://www.winticket.jp/keirin/hiroshima/racecard/2026092862/2/4,2-4-5,2-4,2-4,2-4,2-4,2-4|2-5|4-5,"{""2-4-5"": 890}","{""2-4-5"": 280}","{""2-4"": 290}","{""2-4"": 120}","{""2-4"": 120, ""2-5"": 220, ""4-5"": 240}",{},{},2-4-5,True,確定,False,0.0,-100.0
2026-09-29,広島,4,046220260929,1790650980,1790650680,919,near_close_v2_20260805,trifecta,3連単,11,5-4-2,0.0173990493036437,83.4,45,True,100,8340.0,8240.0,100,45.0,False,external holdout ROI target was not met,02f306055c6d5e2aa86381af2f1bff6fb6d903971941dfd9ad4dfe47a943b6cd,2026-09-29T11:42:40+09:00,5-40 minutes before close,2-4-5,8.9,3.0,1790650980.0,1790650680.0,1790651444.0,True,https://www.winticket.jp/keirin/hiroshima/racecard/2026092862/2/4,2-4-5,2-4,2-4,2-4,2-4,2-4|2-5|4-5,"{""2-4-5"": 890}","{""2-4-5"": 280}","{""2-4"": 290}","{""2-4"": 120}","{""2-4"": 120, ""2-5"": 220, ""4-5"": 240}",{},{},2-4-5,True,確定,False,0.0,-100.0
2026-09-29,広島,4,046220260929,1790650980,1790650680,919,near_close_v2_20260805,trifecta,3連単,14,4-7-2,0.0149726927374639,157.8,136,True,300,47340.0,47040.0,300,408.0,False,external holdout ROI target was not met,02f306055c6d5e2aa86381af2f1bff6fb6d903971941dfd9ad4dfe47a943b6cd,2026-09-29T11:42:40+09:00,5-40 minutes before close,2-4-5,8.9,3.0,1790650980.0,1790650680.0,1790651444.0,True,https://www.winticket.jp/keirin/hiroshima/racecard/2026092862/2/4,2-4-5,2-4,2-4,2-4,2-4,2-4|2-5|4-5,"{""2-4-5"": 890}","{""2-4-5"": 280}","{""2-4"": 290}","{""2-4"": 120}","{""2-4"": 120, ""2-5"": 220, ""4-5"": 240}",{},{},2-4-5,True,確定,False,0.0,-300.0
2026-09-29,広島,4,046220260929,1790650980,1790650680,919,near_close_v2_20260805,trifecta,3連単,15,2-1-4,0.0145621726150095,69.3,1,True,100,6930.0,6830.0,100,1.0,False,external holdout ROI target was not met,02f306055c6d5e2aa86381af2f1bff6fb6d903971941dfd9ad4dfe47a943b6cd,2026-09-29T11:42:40+09:00,5-40 minutes before close,2-4-5,8.9,3.0,1790650980.0,1790650680.0,1790651444.0,True,https://www.winticket.jp/keirin/hiroshima/racecard/2026092862/2/4,2-4-5,2-4,2-4,2-4,2-4,2-4|2-5|4-5,"{""2-4-5"": 890}","{""2-4-5"": 280}","{""2-4"": 290}","{""2-4"": 120}","{""2-4"": 120, ""2-5"": 220, ""4-5"": 240}",{},{},2-4-5,True,確定,False,0.0,-100.0
2026-09-29,広島,4,046220260929,1790650980,1790650680,919,near_close_v2_20260805,trifecta,3連単,17,1-2-4,0.0124720658382598,102.0,27,True,100,10200.0,10100.0,100,27.0,False,external holdout ROI target was not met,02f306055c6d5e2aa86381af2f1bff6fb6d903971941dfd9ad4dfe47a943b6cd,2026-09-29T11:42:40+09:00,5-40 minutes before close,2-4-5,8.9,3.0,1790650980.0,1790650680.0,1790651444.0,True,https://www.winticket.jp/keirin/hiroshima/racecard/2026092862/2/4,2-4-5,2-4,2-4,2-4,2-4,2-4|2-5|4-5,"{""2-4-5"": 890}","{""2-4-5"": 280}","{""2-4"": 290}","{""2-4"": 120}","{""2-4"": 120, ""2-5"": 220, ""4-5"": 240}",{},{},2-4-5,True,確定,False,0.0,-100.0
2026-09-29,広島,4,046220260929,1790650980,1790650680,919,near_close_v2_20260805,trifecta,3連単,20,4-3-2,0.0070774313776582,372.8,164,True,200,74560.0,74360.0,200,328.0,False,external holdout ROI target was not met,02f306055c6d5e2aa86381af2f1bff6fb6d903971941dfd9ad4dfe47a943b6cd,2026-09-29T11:42:40+09:00,5-40 minutes before close,2-4-5,8.9,3.0,1790650980.0,1790650680.0,1790651444.0,True,https://www.winticket.jp/keirin/hiroshima/racecard/2026092862/2/4,2-4-5,2-4,2-4,2-4,2-4,2-4|2-5|4-5,"{""2-4-5"": 890}","{""2-4-5"": 280}","{""2-4"": 290}","{""2-4"": 120}","{""2-4"": 120, ""2-5"": 220, ""4-5"": 240}",{},{},2-4-5,True,確定,False,0.0,-200.0
2026-09-29,広島,4,046220260929,1790650980,1790650680,919,near_close_v2_20260805,trifecta,3連単,26,4-6-2,0.0053589851078697,218.4,17,True,100,21840.0,21740.0,100,17.0,False,external holdout ROI target was not met,02f306055c6d5e2aa86381af2f1bff6fb6d903971941dfd9ad4dfe47a943b6cd,2026-09-29T11:42:40+09:00,5-40 minutes before close,2-4-5,8.9,3.0,1790650980.0,1790650680.0,1790651444.0,True,https://www.winticket.jp/keirin/hiroshima/racecard/2026092862/2/4,2-4-5,2-4,2-4,2-4,2-4,2-4|2-5|4-5,"{""2-4-5"": 890}","{""2-4-5"": 280}","{""2-4"": 290}","{""2-4"": 120}","{""2-4"": 120, ""2-5"": 220, ""4-5"": 240}",{},{},2-4-5,True,確定,False,0.0,-100.0
2026-09-29,広島,4,046220260929,1790650980,1790650680,919,near_close_v2_20260805,trifecta,3連単,27,4-7-1,0.0048134908643023,214.0,3,True,100,21400.0,21300.0,100,3.0,False,external holdout ROI target was not met,02f306055c6d5e2aa86381af2f1bff6fb6d903971941dfd9ad4dfe47a943b6cd,2026-09-29T11:42:40+09:00,5-40 minutes before close,2-4-5,8.9,3.0,1790650980.0,1790650680.0,1790651444.0,True,https://www.winticket.jp/keirin/hiroshima/racecard/2026092862/2/4,2-4-5,2-4,2-4,2-4,2-4,2-4|2-5|4-5,"{""2-4-5"": 890}","{""2-4-5"": 280}","{""2-4"": 290}","{""2-4"": 120}","{""2-4"": 120, ""2-5"": 220, ""4-5"": 240}",{},{},2-4-5,True,確定,False,0.0,-100.0
2026-09-29,広島,4,046220260929,1790650980,1790650680,919,near_close_v2_20260805,trifecta,3連単,28,7-4-2,0.0047887459840124,284.5,36,True,100,28450.0,28350.0,100,36.0,False,external holdout ROI target was not met,02f306055c6d5e2aa86381af2f1bff6fb6d903971941dfd9ad4dfe47a943b6cd,2026-09-29T11:42:40+09:00,5-40 minutes before close,2-4-5,8.9,3.0,1790650980.0,1790650680.0,1790651444.0,True,https://www.winticket.jp/keirin/hiroshima/racecard/2026092862/2/4,2-4-5,2-4,2-4,2-4,2-4,2-4|2-5|4-5,"{""2-4-5"": 890}","{""2-4-5"": 280}","{""2-4"": 290}","{""2-4"": 120}","{""2-4"": 120, ""2-5"": 220, ""4-5"": 240}",{},{},2-4-5,True,確定,False,0.0,-100.0
2026-09-29,武雄,4,048420260929,1790651760,1790651460,1699,near_close_v2_20260805,trifecta,3連単,1,4-2-1,0.0551468062921094,72.7,301,True,1500,109050.0,107550.0,1500,4515.0,False,external holdout ROI target was not met,02f306055c6d5e2aa86381af2f1bff6fb6d903971941dfd9ad4dfe47a943b6cd,2026-09-29T11:42:40+09:00,5-40 minutes before close,2-4-1,85.1,3.0,1790651760.0,1790651460.0,1790652774.0,True,https://www.winticket.jp/keirin/takeo/racecard/2026092784/3/4,1-2-4,2-4,2-4,2-4,2-4,1-2|1-4|2-4,"{""2-4-1"": 8510}","{""1-2-4"": 810}","{""2-4"": 2560}","{""2-4"": 1340}","{""1-2"": 260, ""1-4"": 180, ""2-4"": 450}",{},{},2-4-1,True,確定,False,0.0,-1500.0
2026-09-29,武雄,4,048420260929,1790651760,1790651460,1699,near_close_v2_20260805,trifecta,3連単,2,4-1-2,0.0533896459945344,50.9,172,True,800,40720.0,39920.0,800,1376.0,False,external holdout ROI target was not met,02f306055c6d5e2aa86381af2f1bff6fb6d903971941dfd9ad4dfe47a943b6cd,2026-09-29T11:42:40+09:00,5-40 minutes before close,2-4-1,85.1,3.0,1790651760.0,1790651460.0,1790652774.0,True,https://www.winticket.jp/keirin/takeo/racecard/2026092784/3/4,1-2-4,2-4,2-4,2-4,2-4,1-2|1-4|2-4,"{""2-4-1"": 8510}","{""1-2-4"": 810}","{""2-4"": 2560}","{""2-4"": 1340}","{""1-2"": 260, ""1-4"": 180, ""2-4"": 450}",{},{},2-4-1,True,確定,False,0.0,-800.0
2026-09-29,武雄,4,048420260929,1790651760,1790651460,1699,near_close_v2_20260805,trifecta,3連単,3,2-4-1,0.0520202037703892,56.0,191,True,900,50400.0,49500.0,900,1719.0,False,external holdout ROI target was not met,02f306055c6d5e2aa86381af2f1bff6fb6d903971941dfd9ad4dfe47a943b6cd,2026-09-29T11:42:40+09:00,5-40 minutes before close,2-4-1,85.1,3.0,1790651760.0,1790651460.0,1790652774.0,True,https://www.winticket.jp/keirin/takeo/racecard/2026092784/3/4,1-2-4,2-4,2-4,2-4,2-4,1-2|1-4|2-4,"{""2-4-1"": 8510}","{""1-2-4"": 810}","{""2-4"": 2560}","{""2-4"": 1340}","{""1-2"": 260, ""1-4"": 180, ""2-4"": 450}",{},{},2-4-1,True,確定,True,76590.0,75690.0
2026-09-29,武雄,4,048420260929,1790651760,1790651460,1699,near_close_v2_20260805,trifecta,3連単,4,1-4-2,0.049377768635441,21.4,6,True,100,2140.0,2040.0,100,6.0,False,external holdout ROI target was not met,02f306055c6d5e2aa86381af2f1bff6fb6d903971941dfd9ad4dfe47a943b6cd,2026-09-29T11:42:40+09:00,5-40 minutes before close,2-4-1,85.1,3.0,1790651760.0,1790651460.0,1790652774.0,True,https://www.winticket.jp/keirin/takeo/racecard/2026092784/3/4,1-2-4,2-4,2-4,2-4,2-4,1-2|1-4|2-4,"{""2-4-1"": 8510}","{""1-2-4"": 810}","{""2-4"": 2560}","{""2-4"": 1340}","{""1-2"": 260, ""1-4"": 180, ""2-4"": 450}",{},{},2-4-1,True,確定,False,0.0,-100.0
2026-09-29,武雄,4,048420260929,1790651760,1790651460,1699,near_close_v2_20260805,trifecta,3連単,5,2-1-4,0.0461801432015438,33.7,56,True,300,10110.0,9810.0,300,168.0,False,external holdout ROI target was not met,02f306055c6d5e2aa86381af2f1bff6fb6d903971941dfd9ad4dfe47a943b6cd,2026-09-29T11:42:40+09:00,5-40 minutes before close,2-4-1,85.1,3.0,1790651760.0,1790651460.0,1790652774.0,True,https://www.winticket.jp/keirin/takeo/racecard/2026092784/3/4,1-2-4,2-4,2-4,2-4,2-4,1-2|1-4|2-4,"{""2-4-1"": 8510}","{""1-2-4"": 810}","{""2-4"": 2560}","{""2-4"": 1340}","{""1-2"": 260, ""1-4"": 180, ""2-4"": 450}",{},{},2-4-1,True,確定,False,0.0,-300.0
2026-09-29,武雄,4,048420260929,1790651760,1790651460,1699,near_close_v2_20260805,trifecta,3連単,6,1-2-4,0.045277038408545,33.9,53,True,300,10170.0,9870.0,300,159.0,False,external holdout ROI target was not met,02f306055c6d5e2aa86381af2f1bff6fb6d903971941dfd9ad4dfe47a943b6cd,2026-09-29T11:42:40+09:00,5-40 minutes before close,2-4-1,85.1,3.0,1790651760.0,1790651460.0,1790652774.0,True,https://www.winticket.jp/keirin/takeo/racecard/2026092784/3/4,1-2-4,2-4,2-4,2-4,2-4,1-2|1-4|2-4,"{""2-4-1"": 8510}","{""1-2-4"": 810}","{""2-4"": 2560}","{""2-4"": 1340}","{""1-2"": 260, ""1-4"": 180, ""2-4"": 450}",{},{},2-4-1,True,確定,False,0.0,-300.0
2026-09-29,武雄,4,048420260929,1790651760,1790651460,1699,near_close_v2_20260805,trifecta,3連単,7,4-2-5,0.0392996042640561,88.2,247,True,900,79380.0,78480.0,900,2223.0,False,external holdout ROI target was not met,02f306055c6d5e2aa86381af2f1bff6fb6d903971941dfd9ad4dfe47a943b6cd,2026-09-29T11:42:40+09:00,5-40 minutes before close,2-4-1,85.1,3.0,1790651760.0,1790651460.0,1790652774.0,True,https://www.winticket.jp/keirin/takeo/racecard/2026092784/3/4,1-2-4,2-4,2-4,2-4,2-4,1-2|1-4|2-4,"{""2-4-1"": 8510}","{""1-2-4"": 810}","{""2-4"": 2560}","{""2-4"": 1340}","{""1-2"": 260, ""1-4"": 180, ""2-4"": 450}",{},{},2-4-1,True,確定,False,0.0,-900.0
2026-09-29,武雄,4,048420260929,1790651760,1790651460,1699,near_close_v2_20260805,trifecta,3連単,8,2-4-5,0.0370714744763809,75.1,178,True,600,45060.0,44460.0,600,1068.0,False,external holdout ROI target was not met,02f306055c6d5e2aa86381af2f1bff6fb6d903971941dfd9ad4dfe47a943b6cd,2026-09-29T11:42:40+09:00,5-40 minutes before close,2-4-1,85.1,3.0,1790651760.0,1790651460.0,1790652774.0,True,https://www.winticket.jp/keirin/takeo/racecard/2026092784/3/4,1-2-4,2-4,2-4,2-4,2-4,1-2|1-4|2-4,"{""2-4-1"": 8510}","{""1-2-4"": 810}","{""2-4"": 2560}","{""2-4"": 1340}","{""1-2"": 260, ""1-4"": 180, ""2-4"": 450}",{},{},2-4-1,True,確定,False,0.0,-600.0
2026-09-29,武雄,4,048420260929,1790651760,1790651460,1699,near_close_v2_20260805,trifecta,3連単,9,4-1-5,0.0357971782820395,58.5,109,True,400,23400.0,23000.0,400,436.0,False,external holdout ROI target was not met,02f306055c6d5e2aa86381af2f1bff6fb6d903971941dfd9ad4dfe47a943b6cd,2026-09-29T11:42:40+09:00,5-40 minutes before close,2-4-1,85.1,3.0,1790651760.0,1790651460.0,1790652774.0,True,https://www.winticket.jp/keirin/takeo/racecard/2026092784/3/4,1-2-4,2-4,2-4,2-4,2-4,1-2|1-4|2-4,"{""2-4-1"": 8510}","{""1-2-4"": 810}","{""2-4"": 2560}","{""2-4"": 1340}","{""1-2"": 260, ""1-4"": 180, ""2-4"": 450}",{},{},2-4-1,True,確定,False,0.0,-400.0
2026-09-29,武雄,4,048420260929,1790651760,1790651460,1699,near_close_v2_20260805,trifecta,3連単,10,4-5-2,0.0332099331561212,127.1,322,True,1000,127100.0,126100.0,1000,3220.0,False,external holdout ROI target was not met,02f306055c6d5e2aa86381af2f1bff6fb6d903971941dfd9ad4dfe47a943b6cd,2026-09-29T11:42:40+09:00,5-40 minutes before close,2-4-1,85.1,3.0,1790651760.0,1790651460.0,1790652774.0,True,https://www.winticket.jp/keirin/takeo/racecard/2026092784/3/4,1-2-4,2-4,2-4,2-4,2-4,1-2|1-4|2-4,"{""2-4-1"": 8510}","{""1-2-4"": 810}","{""2-4"": 2560}","{""2-4"": 1340}","{""1-2"": 260, ""1-4"": 180, ""2-4"": 450}",{},{},2-4-1,True,確定,False,0.0,-1000.0
2026-09-29,武雄,4,048420260929,1790651760,1790651460,1699,near_close_v2_20260805,trifecta,3連単,12,4-5-1,0.0312458212545621,96.7,202,True,600,58020.0,57420.0,600,1212.0,False,external holdout ROI target was not met,02f306055c6d5e2aa86381af2f1bff6fb6d903971941dfd9ad4dfe47a943b6cd,2026-09-29T11:42:40+09:00,5-40 minutes before close,2-4-1,85.1,3.0,1790651760.0,1790651460.0,1790652774.0,True,https://www.winticket.jp/keirin/takeo/racecard/2026092784/3/4,1-2-4,2-4,2-4,2-4,2-4,1-2|1-4|2-4,"{""2-4-1"": 8510}","{""1-2-4"": 810}","{""2-4"": 2560}","{""2-4"": 1340}","{""1-2"": 260, ""1-4"": 180, ""2-4"": 450}",{},{},2-4-1,True,確定,False,0.0,-600.0
2026-09-29,武雄,4,048420260929,1790651760,1790651460,1699,near_close_v2_20260805,trifecta,3連単,13,2-5-4,0.0290319577386698,45.3,32,True,100,4530.0,4430.0,100,32.0,False,external holdout ROI target was not met,02f306055c6d5e2aa86381af2f1bff6fb6d903971941dfd9ad4dfe47a943b6cd,2026-09-29T11:42:40+09:00,5-40 minutes before close,2-4-1,85.1,3.0,1790651760.0,1790651460.0,1790652774.0,True,https://www.winticket.jp/keirin/takeo/racecard/2026092784/3/4,1-2-4,2-4,2-4,2-4,2-4,1-2|1-4|2-4,"{""2-4-1"": 8510}","{""1-2-4"": 810}","{""2-4"": 2560}","{""2-4"": 1340}","{""1-2"": 260, ""1-4"": 180, ""2-4"": 450}",{},{},2-4-1,True,確定,False,0.0,-100.0
2026-09-29,武雄,4,048420260929,1790651760,1790651460,1699,near_close_v2_20260805,trifecta,3連単,14,5-4-2,0.02819387559267,171.8,384,True,1000,171800.0,170800.0,1000,3840.0,False,external holdout ROI target was not met,02f306055c6d5e2aa86381af2f1bff6fb6d903971941dfd9ad4dfe47a943b6cd,2026-09-29T11:42:40+09:00,5-40 minutes before close,2-4-1,85.1,3.0,1790651760.0,1790651460.0,1790652774.0,True,https://www.winticket.jp/keirin/takeo/racecard/2026092784/3/4,1-2-4,2-4,2-4,2-4,2-4,1-2|1-4|2-4,"{""2-4-1"": 8510}","{""1-2-4"": 810}","{""2-4"": 2560}","{""2-4"": 1340}","{""1-2"": 260, ""1-4"": 180, ""2-4"": 450}",{},{},2-4-1,True,確定,False,0.0,-1000.0
2026-09-29,武雄,4,048420260929,1790651760,1790651460,1699,near_close_v2_20260805,trifecta,3連単,15,5-4-1,0.0265264248831995,136.8,263,True,600,82080.0,81480.0,600,1578.0,False,external holdout ROI target was not met,02f306055c6d5e2aa86381af2f1bff6fb6d903971941dfd9ad4dfe47a943b6cd,2026-09-29T11:42:40+09:00,5-40 minutes before close,2-4-1,85.1,3.0,1790651760.0,1790651460.0,1790652774.0,True,https://www.winticket.jp/keirin/takeo/racecard/2026092784/3/4,1-2-4,2-4,2-4,2-4,2-4,1-2|1-4|2-4,"{""2-4-1"": 8510}","{""1-2-4"": 810}","{""2-4"": 2560}","{""2-4"": 1340}","{""1-2"": 260, ""1-4"": 180, ""2-4"": 450}",{},{},2-4-1,True,確定,False,0.0,-600.0
2026-09-29,武雄,4,048420260929,1790651760,1790651460,1699,near_close_v2_20260805,trifecta,3連単,17,5-2-4,0.0261283158775196,56.0,46,True,200,11200.0,11000.0,200,92.0,False,external holdout ROI target was not met,02f306055c6d5e2aa86381af2f1bff6fb6d903971941dfd9ad4dfe47a943b6cd,2026-09-29T11:42:40+09:00,5-40 minutes before close,2-4-1,85.1,3.0,1790651760.0,1790651460.0,1790652774.0,True,https://www.winticket.jp/keirin/takeo/racecard/2026092784/3/4,1-2-4,2-4,2-4,2-4,2-4,1-2|1-4|2-4,"{""2-4-1"": 8510}","{""1-2-4"": 810}","{""2-4"": 2560}","{""2-4"": 1340}","{""1-2"": 260, ""1-4"": 180, ""2-4"": 450}",{},{},2-4-1,True,確定,False,0.0,-200.0
2026-09-29,武雄,4,048420260929,1790651760,1790651460,1699,near_close_v2_20260805,trifecta,3連単,18,1-5-4,0.0261078488307564,48.7,27,True,100,4870.0,4770.0,100,27.0,False,external holdout ROI target was not met,02f306055c6d5e2aa86381af2f1bff6fb6d903971941dfd9ad4dfe47a943b6cd,2026-09-29T11:42:40+09:00,5-40 minutes before close,2-4-1,85.1,3.0,1790651760.0,1790651460.0,1790652774.0,True,https://www.winticket.jp/keirin/takeo/racecard/2026092784/3/4,1-2-4,2-4,2-4,2-4,2-4,1-2|1-4|2-4,"{""2-4-1"": 8510}","{""1-2-4"": 810}","{""2-4"": 2560}","{""2-4"": 1340}","{""1-2"": 260, ""1-4"": 180, ""2-4"": 450}",{},{},2-4-1,True,確定,False,0.0,-100.0
2026-09-29,武雄,4,048420260929,1790651760,1790651460,1699,near_close_v2_20260805,trifecta,3連単,20,5-1-4,0.0239653318892262,94.4,126,True,300,28320.0,28020.0,300,378.0,False,external holdout ROI target was not met,02f306055c6d5e2aa86381af2f1bff6fb6d903971941dfd9ad4dfe47a943b6cd,2026-09-29T11:42:40+09:00,5-40 minutes before close,2-4-1,85.1,3.0,1790651760.0,1790651460.0,1790652774.0,True,https://www.winticket.jp/keirin/takeo/racecard/2026092784/3/4,1-2-4,2-4,2-4,2-4,2-4,1-2|1-4|2-4,"{""2-4-1"": 8510}","{""1-2-4"": 810}","{""2-4"": 2560}","{""2-4"": 1340}","{""1-2"": 260, ""1-4"": 180, ""2-4"": 450}",{},{},2-4-1,True,確定,False,0.0,-300.0
2026-09-29,武雄,4,048420260929,1790651760,1790651460,1699,near_close_v2_20260805,trifecta,3連単,22,1-5-2,0.0223505287051423,53.2,19,True,100,5320.0,5220.0,100,19.0,False,external holdout ROI target was not met,02f306055c6d5e2aa86381af2f1bff6fb6d903971941dfd9ad4dfe47a943b6cd,2026-09-29T11:42:40+09:00,5-40 minutes before close,2-4-1,85.1,3.0,1790651760.0,1790651460.0,1790652774.0,True,https://www.winticket.jp/keirin/takeo/racecard/2026092784/3/4,1-2-4,2-4,2-4,2-4,2-4,1-2|1-4|2-4,"{""2-4-1"": 8510}","{""1-2-4"": 810}","{""2-4"": 2560}","{""2-4"": 1340}","{""1-2"": 260, ""1-4"": 180, ""2-4"": 450}",{},{},2-4-1,True,確定,False,0.0,-100.0
2026-09-29,武雄,4,048420260929,1790651760,1790651460,1699,near_close_v2_20260805,trifecta,3連単,24,5-1-2,0.0205163528328463,63.8,31,True,100,6380.0,6280.0,100,31.0,False,external holdout ROI target was not met,02f306055c6d5e2aa86381af2f1bff6fb6d903971941dfd9ad4dfe47a943b6cd,2026-09-29T11:42:40+09:00,5-40 minutes before close,2-4-1,85.1,3.0,1790651760.0,1790651460.0,1790652774.0,True,https://www.winticket.jp/keirin/takeo/racecard/2026092784/3/4,1-2-4,2-4,2-4,2-4,2-4,1-2|1-4|2-4,"{""2-4-1"": 8510}","{""1-2-4"": 810}","{""2-4"": 2560}","{""2-4"": 1340}","{""1-2"": 260, ""1-4"": 180, ""2-4"": 450}",{},{},2-4-1,True,確定,False,0.0,-100.0
2026-09-29,武雄,4,048420260929,1790651760,1790651460,1699,near_close_v2_20260805,trifecta,3連単,25,4-2-7,0.0068095892747579,189.9,29,True,100,18990.0,18890.0,100,29.0,False,external holdout ROI target was not met,02f306055c6d5e2aa86381af2f1bff6fb6d903971941dfd9ad4dfe47a943b6cd,2026-09-29T11:42:40+09:00,5-40 minutes before close,2-4-1,85.1,3.0,1790651760.0,1790651460.0,1790652774.0,True,https://www.winticket.jp/keirin/takeo/racecard/2026092784/3/4,1-2-4,2-4,2-4,2-4,2-4,1-2|1-4|2-4,"{""2-4-1"": 8510}","{""1-2-4"": 810}","{""2-4"": 2560}","{""2-4"": 1340}","{""1-2"": 260, ""1-4"": 180, ""2-4"": 450}",{},{},2-4-1,True,確定,False,0.0,-100.0
2026-09-29,広島,5,056220260929,1790652540,1790652240,515,near_close_v2_20260805,trifecta,3連単,1,7-5-1,0.3802464057566643,13.5,413,True,9200,124200.0,115000.0,9200,37996.0,False,external holdout ROI target was not met,02f306055c6d5e2aa86381af2f1bff6fb6d903971941dfd9ad4dfe47a943b6cd,2026-09-29T12:15:25+09:00,5-40 minutes before close,3-5-6,2343.0,3.0,1790652540.0,1790652240.0,1790653184.0,True,https://www.winticket.jp/keirin/hiroshima/racecard/2026092862/2/5,3-5-6,3-5,3-5,3-5,3-5,3-5|3-6|5-6,"{""3-5-6"": 234300}","{""3-5-6"": 18920}","{""3-5"": 13360}","{""3-5"": 3430}","{""3-5"": 860, ""3-6"": 4410, ""5-6"": 1370}",{},{},3-5-6,True,確定,False,0.0,-9200.0
2026-09-29,広島,5,056220260929,1790652540,1790652240,515,near_close_v2_20260805,trifecta,3連単,2,5-7-1,0.2256953560131477,5.9,33,True,500,2950.0,2450.0,500,165.0,False,external holdout ROI target was not met,02f306055c6d5e2aa86381af2f1bff6fb6d903971941dfd9ad4dfe47a943b6cd,2026-09-29T12:15:25+09:00,5-40 minutes before close,3-5-6,2343.0,3.0,1790652540.0,1790652240.0,1790653184.0,True,https://www.winticket.jp/keirin/hiroshima/racecard/2026092862/2/5,3-5-6,3-5,3-5,3-5,3-5,3-5|3-6|5-6,"{""3-5-6"": 234300}","{""3-5-6"": 18920}","{""3-5"": 13360}","{""3-5"": 3430}","{""3-5"": 860, ""3-6"": 4410, ""5-6"": 1370}",{},{},3-5-6,True,確定,False,0.0,-500.0
2026-09-29,広島,5,056220260929,1790652540,1790652240,515,near_close_v2_20260805,trifecta,3連単,3,7-5-2,0.070461028059789,17.3,22,True,100,1730.0,1630.0,100,22.0,False,external holdout ROI target was not met,02f306055c6d5e2aa86381af2f1bff6fb6d903971941dfd9ad4dfe47a943b6cd,2026-09-29T12:15:25+09:00,5-40 minutes before close,3-5-6,2343.0,3.0,1790652540.0,1790652240.0,1790653184.0,True,https://www.winticket.jp/keirin/hiroshima/racecard/2026092862/2/5,3-5-6,3-5,3-5,3-5,3-5,3-5|3-6|5-6,"{""3-5-6"": 234300}","{""3-5-6"": 18920}","{""3-5"": 13360}","{""3-5"": 3430}","{""3-5"": 860, ""3-6"": 4410, ""5-6"": 1370}",{},{},3-5-6,True,確定,False,0.0,-100.0
2026-09-29,広島,5,056220260929,1790652540,1790652240,515,near_close_v2_20260805,trifecta,3連単,4,7-5-4,0.0564299196178161,20.9,18,True,100,2090.0,1990.0,100,18.0,False,external holdout ROI target was not met,02f306055c6d5e2aa86381af2f1bff6fb6d903971941dfd9ad4dfe47a943b6cd,2026-09-29T12:15:25+09:00,5-40 minutes before close,3-5-6,2343.0,3.0,1790652540.0,1790652240.0,1790653184.0,True,https://www.winticket.jp/keirin/hiroshima/racecard/2026092862/2/5,3-5-6,3-5,3-5,3-5,3-5,3-5|3-6|5-6,"{""3-5-6"": 234300}","{""3-5-6"": 18920}","{""3-5"": 13360}","{""3-5"": 3430}","{""3-5"": 860, ""3-6"": 4410, ""5-6"": 1370}",{},{},3-5-6,True,確定,False,0.0,-100.0
2026-09-29,広島,5,056220260929,1790652540,1790652240,515,near_close_v2_20260805,trifecta,3連単,5,7-1-5,0.0488991400388303,24.5,20,True,100,2450.0,2350.0,100,20.0,False,external holdout ROI target was not met,02f306055c6d5e2aa86381af2f1bff6fb6d903971941dfd9ad4dfe47a943b6cd,2026-09-29T12:15:25+09:00,5-40 minutes before close,3-5-6,2343.0,3.0,1790652540.0,1790652240.0,1790653184.0,True,https://www.winticket.jp/keirin/hiroshima/racecard/2026092862/2/5,3-5-6,3-5,3-5,3-5,3-5,3-5|3-6|5-6,"{""3-5-6"": 234300}","{""3-5-6"": 18920}","{""3-5"": 13360}","{""3-5"": 3430}","{""3-5"": 860, ""3-6"": 4410, ""5-6"": 1370}",{},{},3-5-6,True,確定,False,0.0,-100.0
2026-09-29,武雄,5,058420260929,1790653320,1790653020,1295,near_close_v2_20260805,trifecta,3連単,1,1-3-4,0.2161641388242478,29.1,529,True,4700,136770.0,132070.0,4700,24863.0,False,external holdout ROI target was not met,02f306055c6d5e2aa86381af2f1bff6fb6d903971941dfd9ad4dfe47a943b6cd,2026-09-29T12:15:25+09:00,5-40 minutes before close,1-3-2,43.6,3.0,1790653320.0,1790653020.0,1790654054.0,True,https://www.winticket.jp/keirin/takeo/racecard/2026092784/3/5,1-2-3,1-3,1-3,1-3,1-3,1-2|1-3|2-3,"{""1-3-2"": 4360}","{""1-2-3"": 620}","{""1-3"": 1080}","{""1-3"": 410}","{""1-2"": 420, ""1-3"": 180, ""2-3"": 220}",{},{},1-3-2,True,確定,False,0.0,-4700.0
2026-09-29,武雄,5,058420260929,1790653320,1790653020,1295,near_close_v2_20260805,trifecta,3連単,2,1-4-3,0.1041142992911548,24.7,157,True,700,17290.0,16590.0,700,1099.0,False,external holdout ROI target was not met,02f306055c6d5e2aa86381af2f1bff6fb6d903971941dfd9ad4dfe47a943b6cd,2026-09-29T12:15:25+09:00,5-40 minutes before close,1-3-2,43.6,3.0,1790653320.0,1790653020.0,1790654054.0,True,https://www.winticket.jp/keirin/takeo/racecard/2026092784/3/5,1-2-3,1-3,1-3,1-3,1-3,1-2|1-3|2-3,"{""1-3-2"": 4360}","{""1-2-3"": 620}","{""1-3"": 1080}","{""1-3"": 410}","{""1-2"": 420, ""1-3"": 180, ""2-3"": 220}",{},{},1-3-2,True,確定,False,0.0,-700.0
2026-09-29,武雄,5,058420260929,1790653320,1790653020,1295,near_close_v2_20260805,trifecta,3連単,3,1-3-5,0.0991066328161385,27.6,174,True,800,22080.0,21280.0,800,1392.0,False,external holdout ROI target was not met,02f306055c6d5e2aa86381af2f1bff6fb6d903971941dfd9ad4dfe47a943b6cd,2026-09-29T12:15:25+09:00,5-40 minutes before close,1-3-2,43.6,3.0,1790653320.0,1790653020.0,1790654054.0,True,https://www.winticket.jp/keirin/takeo/racecard/2026092784/3/5,1-2-3,1-3,1-3,1-3,1-3,1-2|1-3|2-3,"{""1-3-2"": 4360}","{""1-2-3"": 620}","{""1-3"": 1080}","{""1-3"": 410}","{""1-2"": 420, ""1-3"": 180, ""2-3"": 220}",{},{},1-3-2,True,確定,False,0.0,-800.0
2026-09-29,武雄,5,058420260929,1790653320,1790653020,1295,near_close_v2_20260805,trifecta,3連単,4,3-1-4,0.0812391653530961,38.1,210,True,700,26670.0,25970.0,700,1470.0,False,external holdout ROI target was not met,02f306055c6d5e2aa86381af2f1bff6fb6d903971941dfd9ad4dfe47a943b6cd,2026-09-29T12:15:25+09:00,5-40 minutes before close,1-3-2,43.6,3.0,1790653320.0,1790653020.0,1790654054.0,True,https://www.winticket.jp/keirin/takeo/racecard/2026092784/3/5,1-2-3,1-3,1-3,1-3,1-3,1-2|1-3|2-3,"{""1-3-2"": 4360}","{""1-2-3"": 620}","{""1-3"": 1080}","{""1-3"": 410}","{""1-2"": 420, ""1-3"": 180, ""2-3"": 220}",{},{},1-3-2,True,確定,False,0.0,-700.0
2026-09-29,武雄,5,058420260929,1790653320,1790653020,1295,near_close_v2_20260805,trifecta,3連単,5,1-3-6,0.080400514075476,70.2,464,True,1600,112320.0,110720.0,1600,7424.0,False,external holdout ROI target was not met,02f306055c6d5e2aa86381af2f1bff6fb6d903971941dfd9ad4dfe47a943b6cd,2026-09-29T12:15:25+09:00,5-40 minutes before close,1-3-2,43.6,3.0,1790653320.0,1790653020.0,1790654054.0,True,https://www.winticket.jp/keirin/takeo/racecard/2026092784/3/5,1-2-3,1-3,1-3,1-3,1-3,1-2|1-3|2-3,"{""1-3-2"": 4360}","{""1-2-3"": 620}","{""1-3"": 1080}","{""1-3"": 410}","{""1-2"": 420, ""1-3"": 180, ""2-3"": 220}",{},{},1-3-2,True,確定,False,0.0,-1600.0
2026-09-29,武雄,5,058420260929,1790653320,1790653020,1295,near_close_v2_20260805,trifecta,3連単,6,1-5-3,0.0421522025317978,27.4,15,True,100,2740.0,2640.0,100,15.0,False,external holdout ROI target was not met,02f306055c6d5e2aa86381af2f1bff6fb6d903971941dfd9ad4dfe47a943b6cd,2026-09-29T12:15:25+09:00,5-40 minutes before close,1-3-2,43.6,3.0,1790653320.0,1790653020.0,1790654054.0,True,https://www.winticket.jp/keirin/takeo/racecard/2026092784/3/5,1-2-3,1-3,1-3,1-3,1-3,1-2|1-3|2-3,"{""1-3-2"": 4360}","{""1-2-3"": 620}","{""1-3"": 1080}","{""1-3"": 410}","{""1-2"": 420, ""1-3"": 180, ""2-3"": 220}",{},{},1-3-2,True,確定,False,0.0,-100.0
2026-09-29,武雄,5,058420260929,1790653320,1790653020,1295,near_close_v2_20260805,trifecta,3連単,7,3-1-5,0.0372464192013135,31.6,18,True,100,3160.0,3060.0,100,18.0,False,external holdout ROI target was not met,02f306055c6d5e2aa86381af2f1bff6fb6d903971941dfd9ad4dfe47a943b6cd,2026-09-29T12:15:25+09:00,5-40 minutes before close,1-3-2,43.6,3.0,1790653320.0,1790653020.0,1790654054.0,True,https://www.winticket.jp/keirin/takeo/racecard/2026092784/3/5,1-2-3,1-3,1-3,1-3,1-3,1-2|1-3|2-3,"{""1-3-2"": 4360}","{""1-2-3"": 620}","{""1-3"": 1080}","{""1-3"": 410}","{""1-2"": 420, ""1-3"": 180, ""2-3"": 220}",{},{},1-3-2,True,確定,False,0.0,-100.0
2026-09-29,武雄,5,058420260929,1790653320,1790653020,1295,near_close_v2_20260805,trifecta,3連単,8,4-1-3,0.0338325663289918,61.4,108,True,200,12280.0,12080.0,200,216.0,False,external holdout ROI target was not met,02f306055c6d5e2aa86381af2f1bff6fb6d903971941dfd9ad4dfe47a943b6cd,2026-09-29T12:15:25+09:00,5-40 minutes before close,1-3-2,43.6,3.0,1790653320.0,1790653020.0,1790654054.0,True,https://www.winticket.jp/keirin/takeo/racecard/2026092784/3/5,1-2-3,1-3,1-3,1-3,1-3,1-2|1-3|2-3,"{""1-3-2"": 4360}","{""1-2-3"": 620}","{""1-3"": 1080}","{""1-3"": 410}","{""1-2"": 420, ""1-3"": 180, ""2-3"": 220}",{},{},1-3-2,True,確定,False,0.0,-200.0
2026-09-29,武雄,5,058420260929,1790653320,1790653020,1295,near_close_v2_20260805,trifecta,3連単,9,1-6-3,0.0335687794914704,134.0,350,True,500,67000.0,66500.0,500,1750.0,False,external holdout ROI target was not met,02f306055c6d5e2aa86381af2f1bff6fb6d903971941dfd9ad4dfe47a943b6cd,2026-09-29T12:15:25+09:00,5-40 minutes before close,1-3-2,43.6,3.0,1790653320.0,1790653020.0,1790654054.0,True,https://www.winticket.jp/keirin/takeo/racecard/2026092784/3/5,1-2-3,1-3,1-3,1-3,1-3,1-2|1-3|2-3,"{""1-3-2"": 4360}","{""1-2-3"": 620}","{""1-3"": 1080}","{""1-3"": 410}","{""1-2"": 420, ""1-3"": 180, ""2-3"": 220}",{},{},1-3-2,True,確定,False,0.0,-500.0
2026-09-29,武雄,5,058420260929,1790653320,1790653020,1295,near_close_v2_20260805,trifecta,3連単,10,3-1-6,0.0302162546154897,48.8,47,True,100,4880.0,4780.0,100,47.0,False,external holdout ROI target was not met,02f306055c6d5e2aa86381af2f1bff6fb6d903971941dfd9ad4dfe47a943b6cd,2026-09-29T12:15:25+09:00,5-40 minutes before close,1-3-2,43.6,3.0,1790653320.0,1790653020.0,1790654054.0,True,https://www.winticket.jp/keirin/takeo/racecard/2026092784/3/5,1-2-3,1-3,1-3,1-3,1-3,1-2|1-3|2-3,"{""1-3-2"": 4360}","{""1-2-3"": 620}","{""1-3"": 1080}","{""1-3"": 410}","{""1-2"": 420, ""1-3"": 180, ""2-3"": 220}",{},{},1-3-2,True,確定,False,0.0,-100.0
2026-09-29,武雄,5,058420260929,1790653320,1790653020,1295,near_close_v2_20260805,trifecta,3連単,11,1-3-2,0.0300822809782328,41.9,26,True,100,4190.0,4090.0,100,26.0,False,external holdout ROI target was not met,02f306055c6d5e2aa86381af2f1bff6fb6d903971941dfd9ad4dfe47a943b6cd,2026-09-29T12:15:25+09:00,5-40 minutes before close,1-3-2,43.6,3.0,1790653320.0,1790653020.0,1790654054.0,True,https://www.winticket.jp/keirin/takeo/racecard/2026092784/3/5,1-2-3,1-3,1-3,1-3,1-3,1-2|1-3|2-3,"{""1-3-2"": 4360}","{""1-2-3"": 620}","{""1-3"": 1080}","{""1-3"": 410}","{""1-2"": 420, ""1-3"": 180, ""2-3"": 220}",{},{},1-3-2,True,確定,True,4360.0,4260.0
2026-09-29,武雄,5,058420260929,1790653320,1790653020,1295,near_close_v2_20260805,trifecta,3連単,17,1-2-3,0.0119693112496541,102.8,23,True,100,10280.0,10180.0,100,23.0,False,external holdout ROI target was not met,02f306055c6d5e2aa86381af2f1bff6fb6d903971941dfd9ad4dfe47a943b6cd,2026-09-29T12:15:25+09:00,5-40 minutes before close,1-3-2,43.6,3.0,1790653320.0,1790653020.0,1790654054.0,True,https://www.winticket.jp/keirin/takeo/racecard/2026092784/3/5,1-2-3,1-3,1-3,1-3,1-3,1-2|1-3|2-3,"{""1-3-2"": 4360}","{""1-2-3"": 620}","{""1-3"": 1080}","{""1-3"": 410}","{""1-2"": 420, ""1-3"": 180, ""2-3"": 220}",{},{},1-3-2,True,確定,False,0.0,-100.0
2026-09-29,武雄,5,058420260929,1790653320,1790653020,1295,near_close_v2_20260805,trifecta,3連単,19,4-3-1,0.0110312331666239,96.1,6,True,100,9610.0,9510.0,100,6.0,False,external holdout ROI target was not met,02f306055c6d5e2aa86381af2f1bff6fb6d903971941dfd9ad4dfe47a943b6cd,2026-09-29T12:15:25+09:00,5-40 minutes before close,1-3-2,43.6,3.0,1790653320.0,1790653020.0,1790654054.0,True,https://www.winticket.jp/keirin/takeo/racecard/2026092784/3/5,1-2-3,1-3,1-3,1-3,1-3,1-2|1-3|2-3,"{""1-3-2"": 4360}","{""1-2-3"": 620}","{""1-3"": 1080}","{""1-3"": 410}","{""1-2"": 420, ""1-3"": 180, ""2-3"": 220}",{},{},1-3-2,True,確定,False,0.0,-100.0
2026-09-29,武雄,5,058420260929,1790653320,1790653020,1295,near_close_v2_20260805,trifecta,3連単,20,1-6-4,0.0107602402112374,152.5,64,True,100,15250.0,15150.0,100,64.0,False,external holdout ROI target was not met,02f306055c6d5e2aa86381af2f1bff6fb6d903971941dfd9ad4dfe47a943b6cd,2026-09-29T12:15:25+09:00,5-40 minutes before close,1-3-2,43.6,3.0,1790653320.0,1790653020.0,1790654054.0,True,https://www.winticket.jp/keirin/takeo/racecard/2026092784/3/5,1-2-3,1-3,1-3,1-3,1-3,1-2|1-3|2-3,"{""1-3-2"": 4360}","{""1-2-3"": 620}","{""1-3"": 1080}","{""1-3"": 410}","{""1-2"": 420, ""1-3"": 180, ""2-3"": 220}",{},{},1-3-2,True,確定,False,0.0,-100.0
2026-09-29,武雄,5,058420260929,1790653320,1790653020,1295,near_close_v2_20260805,trifecta,3連単,21,6-1-3,0.0104877937618874,155.2,63,True,100,15520.0,15420.0,100,63.0,False,external holdout ROI target was not met,02f306055c6d5e2aa86381af2f1bff6fb6d903971941dfd9ad4dfe47a943b6cd,2026-09-29T12:15:25+09:00,5-40 minutes before close,1-3-2,43.6,3.0,1790653320.0,1790653020.0,1790654054.0,True,https://www.winticket.jp/keirin/takeo/racecard/2026092784/3/5,1-2-3,1-3,1-3,1-3,1-3,1-2|1-3|2-3,"{""1-3-2"": 4360}","{""1-2-3"": 620}","{""1-3"": 1080}","{""1-3"": 410}","{""1-2"": 420, ""1-3"": 180, ""2-3"": 220}",{},{},1-3-2,True,確定,False,0.0,-100.0
2026-09-29,広島,6,066220260929,1790654160,1790653860,2135,near_close_v2_20260805,trifecta,3連単,11,1-2-5,0.0176469109959375,58.5,3,True,100,5850.0,5750.0,100,3.0,False,external holdout ROI target was not met,02f306055c6d5e2aa86381af2f1bff6fb6d903971941dfd9ad4dfe47a943b6cd,2026-09-29T12:15:25+09:00,5-40 minutes before close,1-6-5,12.2,3.0,1790654160.0,1790653860.0,1790654989.0,True,https://www.winticket.jp/keirin/hiroshima/racecard/2026092862/2/6,1-5-6,1-6,1-6,1-6,1-6,1-5|1-6|5-6,"{""1-6-5"": 1220}","{""1-5-6"": 230}","{""1-6"": 970}","{""1-6"": 780}","{""1-5"": 100, ""1-6"": 150, ""5-6"": 170}",{},{},1-6-5,True,確定,False,0.0,-100.0
2026-09-29,広島,6,066220260929,1790654160,1790653860,2135,near_close_v2_20260805,trifecta,3連単,15,1-3-5,0.0045171740114147,229.4,4,True,100,22940.0,22840.0,100,4.0,False,external holdout ROI target was not met,02f306055c6d5e2aa86381af2f1bff6fb6d903971941dfd9ad4dfe47a943b6cd,2026-09-29T12:15:25+09:00,5-40 minutes before close,1-6-5,12.2,3.0,1790654160.0,1790653860.0,1790654989.0,True,https://www.winticket.jp/keirin/hiroshima/racecard/2026092862/2/6,1-5-6,1-6,1-6,1-6,1-6,1-5|1-6|5-6,"{""1-6-5"": 1220}","{""1-5-6"": 230}","{""1-6"": 970}","{""1-6"": 780}","{""1-5"": 100, ""1-6"": 150, ""5-6"": 170}",{},{},1-6-5,True,確定,False,0.0,-100.0
2026-09-29,広島,6,066220260929,1790654160,1790653860,352,near_close_v2_20260805,trifecta,3連単,1,1-5-6,0.2649461032342388,3.9,3,True,300,1170.0,870.0,300,9.0,False,external holdout ROI target was not met,02f306055c6d5e2aa86381af2f1bff6fb6d903971941dfd9ad4dfe47a943b6cd,2026-09-29T12:45:07+09:00,5-40 minutes before close,1-6-5,12.2,3.0,1790654160.0,1790653860.0,1790654989.0,True,https://www.winticket.jp/keirin/hiroshima/racecard/2026092862/2/6,1-5-6,1-6,1-6,1-6,1-6,1-5|1-6|5-6,"{""1-6-5"": 1220}","{""1-5-6"": 230}","{""1-6"": 970}","{""1-6"": 780}","{""1-5"": 100, ""1-6"": 150, ""5-6"": 170}",{},{},1-6-5,True,確定,False,0.0,-300.0
2026-09-29,広島,6,066220260929,1790654160,1790653860,352,near_close_v2_20260805,trifecta,3連単,3,1-5-2,0.1882398572584065,9.5,79,True,4900,46550.0,41650.0,4900,3871.0,False,external holdout ROI target was not met,02f306055c6d5e2aa86381af2f1bff6fb6d903971941dfd9ad4dfe47a943b6cd,2026-09-29T12:45:07+09:00,5-40 minutes before close,1-6-5,12.2,3.0,1790654160.0,1790653860.0,1790654989.0,True,https://www.winticket.jp/keirin/hiroshima/racecard/2026092862/2/6,1-5-6,1-6,1-6,1-6,1-6,1-5|1-6|5-6,"{""1-6-5"": 1220}","{""1-5-6"": 230}","{""1-6"": 970}","{""1-6"": 780}","{""1-5"": 100, ""1-6"": 150, ""5-6"": 170}",{},{},1-6-5,True,確定,False,0.0,-4900.0
2026-09-29,広島,6,066220260929,1790654160,1790653860,352,near_close_v2_20260805,trifecta,3連単,4,1-5-7,0.0514609536289568,55.8,187,True,3200,178560.0,175360.0,3200,5984.0,False,external holdout ROI target was not met,02f306055c6d5e2aa86381af2f1bff6fb6d903971941dfd9ad4dfe47a943b6cd,2026-09-29T12:45:07+09:00,5-40 minutes before close,1-6-5,12.2,3.0,1790654160.0,1790653860.0,1790654989.0,True,https://www.winticket.jp/keirin/hiroshima/racecard/2026092862/2/6,1-5-6,1-6,1-6,1-6,1-6,1-5|1-6|5-6,"{""1-6-5"": 1220}","{""1-5-6"": 230}","{""1-6"": 970}","{""1-6"": 780}","{""1-5"": 100, ""1-6"": 150, ""5-6"": 170}",{},{},1-6-5,True,確定,False,0.0,-3200.0
2026-09-29,広島,6,066220260929,1790654160,1790653860,352,near_close_v2_20260805,trifecta,3連単,5,1-5-3,0.0489747724712171,39.7,94,True,1500,59550.0,58050.0,1500,1410.0,False,external holdout ROI target was not met,02f306055c6d5e2aa86381af2f1bff6fb6d903971941dfd9ad4dfe47a943b6cd,2026-09-29T12:45:07+09:00,5-40 minutes before close,1-6-5,12.2,3.0,1790654160.0,1790653860.0,1790654989.0,True,https://www.winticket.jp/keirin/hiroshima/racecard/2026092862/2/6,1-5-6,1-6,1-6,1-6,1-6,1-5|1-6|5-6,"{""1-6-5"": 1220}","{""1-5-6"": 230}","{""1-6"": 970}","{""1-6"": 780}","{""1-5"": 100, ""1-6"": 150, ""5-6"": 170}",{},{},1-6-5,True,確定,False,0.0,-1500.0
2026-09-29,広島,6,066220260929,1790654160,1790653860,352,near_close_v2_20260805,trifecta,3連単,14,1-7-5,0.0047478534658223,325.8,55,True,100,32580.0,32480.0,100,55.0,False,external holdout ROI target was not met,02f306055c6d5e2aa86381af2f1bff6fb6d903971941dfd9ad4dfe47a943b6cd,2026-09-29T12:45:07+09:00,5-40 minutes before close,1-6-5,12.2,3.0,1790654160.0,1790653860.0,1790654989.0,True,https://www.winticket.jp/keirin/hiroshima/racecard/2026092862/2/6,1-5-6,1-6,1-6,1-6,1-6,1-5|1-6|5-6,"{""1-6-5"": 1220}","{""1-5-6"": 230}","{""1-6"": 970}","{""1-6"": 780}","{""1-5"": 100, ""1-6"": 150, ""5-6"": 170}",{},{},1-6-5,True,確定,False,0.0,-100.0
2026-09-29,武雄,6,068420260929,1790655000,1790654700,1192,near_close_v2_20260805,trifecta,3連単,1,2-7-4,0.1045030916523783,12.5,31,True,400,5000.0,4600.0,400,124.0,False,external holdout ROI target was not met,02f306055c6d5e2aa86381af2f1bff6fb6d903971941dfd9ad4dfe47a943b6cd,2026-09-29T12:45:07+09:00,5-40 minutes before close,2-1-7,102.5,3.0,1790655000.0,1790654700.0,1790655859.0,True,https://www.winticket.jp/keirin/takeo/racecard/2026092784/3/6,1-2-7,2-1,1-2,2-1,1-2,1-2|1-7|2-7,"{""2-1-7"": 10250}","{""1-2-7"": 1590}","{""2-1"": 3480}","{""1-2"": 3200}","{""1-2"": 560, ""1-7"": 750, ""2-7"": 190}",{},{},2-1-7,True,確定,False,0.0,-400.0
2026-09-29,武雄,6,068420260929,1790655000,1790654700,1192,near_close_v2_20260805,trifecta,3連単,2,2-4-7,0.1042016726215813,24.1,151,True,1800,43380.0,41580.0,1800,2718.0,False,external holdout ROI target was not met,02f306055c6d5e2aa86381af2f1bff6fb6d903971941dfd9ad4dfe47a943b6cd,2026-09-29T12:45:07+09:00,5-40 minutes before close,2-1-7,102.5,3.0,1790655000.0,1790654700.0,1790655859.0,True,https://www.winticket.jp/keirin/takeo/racecard/2026092784/3/6,1-2-7,2-1,1-2,2-1,1-2,1-2|1-7|2-7,"{""2-1-7"": 10250}","{""1-2-7"": 1590}","{""2-1"": 3480}","{""1-2"": 3200}","{""1-2"": 560, ""1-7"": 750, ""2-7"": 190}",{},{},2-1-7,True,確定,False,0.0,-1800.0
2026-09-29,武雄,6,068420260929,1790655000,1790654700,1192,near_close_v2_20260805,trifecta,3連単,3,7-2-4,0.0650018097930664,30.9,101,True,800,24720.0,23920.0,800,808.0,False,external holdout ROI target was not met,02f306055c6d5e2aa86381af2f1bff6fb6d903971941dfd9ad4dfe47a943b6cd,2026-09-29T12:45:07+09:00,5-40 minutes before close,2-1-7,102.5,3.0,1790655000.0,1790654700.0,1790655859.0,True,https://www.winticket.jp/keirin/takeo/racecard/2026092784/3/6,1-2-7,2-1,1-2,2-1,1-2,1-2|1-7|2-7,"{""2-1-7"": 10250}","{""1-2-7"": 1590}","{""2-1"": 3480}","{""1-2"": 3200}","{""1-2"": 560, ""1-7"": 750, ""2-7"": 190}",{},{},2-1-7,True,確定,False,0.0,-800.0
2026-09-29,武雄,6,068420260929,1790655000,1790654700,1192,near_close_v2_20260805,trifecta,3連単,4,4-2-7,0.0647405899225736,41.5,169,True,1300,53950.0,52650.0,1300,2197.0,False,external holdout ROI target was not met,02f306055c6d5e2aa86381af2f1bff6fb6d903971941dfd9ad4dfe47a943b6cd,2026-09-29T12:45:07+09:00,5-40 minutes before close,2-1-7,102.5,3.0,1790655000.0,1790654700.0,1790655859.0,True,https://www.winticket.jp/keirin/takeo/racecard/2026092784/3/6,1-2-7,2-1,1-2,2-1,1-2,1-2|1-7|2-7,"{""2-1-7"": 10250}","{""1-2-7"": 1590}","{""2-1"": 3480}","{""1-2"": 3200}","{""1-2"": 560, ""1-7"": 750, ""2-7"": 190}",{},{},2-1-7,True,確定,False,0.0,-1300.0
2026-09-29,武雄,6,068420260929,1790655000,1790654700,1192,near_close_v2_20260805,trifecta,3連単,6,2-4-5,0.0496055710373088,42.7,112,True,700,29890.0,29190.0,700,784.0,False,external holdout ROI target was not met,02f306055c6d5e2aa86381af2f1bff6fb6d903971941dfd9ad4dfe47a943b6cd,2026-09-29T12:45:07+09:00,5-40 minutes before close,2-1-7,102.5,3.0,1790655000.0,1790654700.0,1790655859.0,True,https://www.winticket.jp/keirin/takeo/racecard/2026092784/3/6,1-2-7,2-1,1-2,2-1,1-2,1-2|1-7|2-7,"{""2-1-7"": 10250}","{""1-2-7"": 1590}","{""2-1"": 3480}","{""1-2"": 3200}","{""1-2"": 560, ""1-7"": 750, ""2-7"": 190}",{},{},2-1-7,True,確定,False,0.0,-700.0
2026-09-29,武雄,6,068420260929,1790655000,1790654700,1192,near_close_v2_20260805,trifecta,3連単,7,2-5-7,0.0383490438035292,44.9,72,True,400,17960.0,17560.0,400,288.0,False,external holdout ROI target was not met,02f306055c6d5e2aa86381af2f1bff6fb6d903971941dfd9ad4dfe47a943b6cd,2026-09-29T12:45:07+09:00,5-40 minutes before close,2-1-7,102.5,3.0,1790655000.0,1790654700.0,1790655859.0,True,https://www.winticket.jp/keirin/takeo/racecard/2026092784/3/6,1-2-7,2-1,1-2,2-1,1-2,1-2|1-7|2-7,"{""2-1-7"": 10250}","{""1-2-7"": 1590}","{""2-1"": 3480}","{""1-2"": 3200}","{""1-2"": 560, ""1-7"": 750, ""2-7"": 190}",{},{},2-1-7,True,確定,False,0.0,-400.0
2026-09-29,武雄,6,068420260929,1790655000,1790654700,1192,near_close_v2_20260805,trifecta,3連単,8,2-5-4,0.038157712612765,82.0,213,True,900,73800.0,72900.0,900,1917.0,False,external holdout ROI target was not met,02f306055c6d5e2aa86381af2f1bff6fb6d903971941dfd9ad4dfe47a943b6cd,2026-09-29T12:45:07+09:00,5-40 minutes before close,2-1-7,102.5,3.0,1790655000.0,1790654700.0,1790655859.0,True,https://www.winticket.jp/keirin/takeo/racecard/2026092784/3/6,1-2-7,2-1,1-2,2-1,1-2,1-2|1-7|2-7,"{""2-1-7"": 10250}","{""1-2-7"": 1590}","{""2-1"": 3480}","{""1-2"": 3200}","{""1-2"": 560, ""1-7"": 750, ""2-7"": 190}",{},{},2-1-7,True,確定,False,0.0,-900.0
2026-09-29,武雄,6,068420260929,1790655000,1790654700,1192,near_close_v2_20260805,trifecta,3連単,9,7-4-2,0.0331148803147088,68.8,128,True,500,34400.0,33900.0,500,640.0,False,external holdout ROI target was not met,02f306055c6d5e2aa86381af2f1bff6fb6d903971941dfd9ad4dfe47a943b6cd,2026-09-29T12:45:07+09:00,5-40 minutes before close,2-1-7,102.5,3.0,1790655000.0,1790654700.0,1790655859.0,True,https://www.winticket.jp/keirin/takeo/racecard/2026092784/3/6,1-2-7,2-1,1-2,2-1,1-2,1-2|1-7|2-7,"{""2-1-7"": 10250}","{""1-2-7"": 1590}","{""2-1"": 3480}","{""1-2"": 3200}","{""1-2"": 560, ""1-7"": 750, ""2-7"": 190}",{},{},2-1-7,True,確定,False,0.0,-500.0
2026-09-29,武雄,6,068420260929,1790655000,1790654700,1192,near_close_v2_20260805,trifecta,3連単,10,4-7-2,0.0330772078561608,70.5,133,True,500,35250.0,34750.0,500,665.0,False,external holdout ROI target was not met,02f306055c6d5e2aa86381af2f1bff6fb6d903971941dfd9ad4dfe47a943b6cd,2026-09-29T12:45:07+09:00,5-40 minutes before close,2-1-7,102.5,3.0,1790655000.0,1790654700.0,1790655859.0,True,https://www.winticket.jp/keirin/takeo/racecard/2026092784/3/6,1-2-7,2-1,1-2,2-1,1-2,1-2|1-7|2-7,"{""2-1-7"": 10250}","{""1-2-7"": 1590}","{""2-1"": 3480}","{""1-2"": 3200}","{""1-2"": 560, ""1-7"": 750, ""2-7"": 190}",{},{},2-1-7,True,確定,False,0.0,-500.0
2026-09-29,武雄,6,068420260929,1790655000,1790654700,1192,near_close_v2_20260805,trifecta,3連単,11,7-2-5,0.0310995008525364,54.1,68,True,300,16230.0,15930.0,300,204.0,False,external holdout ROI target was not met,02f306055c6d5e2aa86381af2f1bff6fb6d903971941dfd9ad4dfe47a943b6cd,2026-09-29T12:45:07+09:00,5-40 minutes before close,2-1-7,102.5,3.0,1790655000.0,1790654700.0,1790655859.0,True,https://www.winticket.jp/keirin/takeo/racecard/2026092784/3/6,1-2-7,2-1,1-2,2-1,1-2,1-2|1-7|2-7,"{""2-1-7"": 10250}","{""1-2-7"": 1590}","{""2-1"": 3480}","{""1-2"": 3200}","{""1-2"": 560, ""1-7"": 750, ""2-7"": 190}",{},{},2-1-7,True,確定,False,0.0,-300.0
2026-09-29,武雄,6,068420260929,1790655000,1790654700,1192,near_close_v2_20260805,trifecta,3連単,12,4-2-5,0.0308199844743794,61.9,91,True,400,24760.0,24360.0,400,364.0,False,external holdout ROI target was not met,02f306055c6d5e2aa86381af2f1bff6fb6d903971941dfd9ad4dfe47a943b6cd,2026-09-29T12:45:07+09:00,5-40 minutes before close,2-1-7,102.5,3.0,1790655000.0,1790654700.0,1790655859.0,True,https://www.winticket.jp/keirin/takeo/racecard/2026092784/3/6,1-2-7,2-1,1-2,2-1,1-2,1-2|1-7|2-7,"{""2-1-7"": 10250}","{""1-2-7"": 1590}","{""2-1"": 3480}","{""1-2"": 3200}","{""1-2"": 560, ""1-7"": 750, ""2-7"": 190}",{},{},2-1-7,True,確定,False,0.0,-400.0
2026-09-29,武雄,6,068420260929,1790655000,1790654700,1192,near_close_v2_20260805,trifecta,3連単,13,5-2-7,0.0213052120152364,92.9,98,True,300,27870.0,27570.0,300,294.0,False,external holdout ROI target was not met,02f306055c6d5e2aa86381af2f1bff6fb6d903971941dfd9ad4dfe47a943b6cd,2026-09-29T12:45:07+09:00,5-40 minutes before close,2-1-7,102.5,3.0,1790655000.0,1790654700.0,1790655859.0,True,https://www.winticket.jp/keirin/takeo/racecard/2026092784/3/6,1-2-7,2-1,1-2,2-1,1-2,1-2|1-7|2-7,"{""2-1-7"": 10250}","{""1-2-7"": 1590}","{""2-1"": 3480}","{""1-2"": 3200}","{""1-2"": 560, ""1-7"": 750, ""2-7"": 190}",{},{},2-1-7,True,確定,False,0.0,-300.0
2026-09-29,武雄,6,068420260929,1790655000,1790654700,1192,near_close_v2_20260805,trifecta,3連単,14,5-2-4,0.0211989159728828,122.6,160,True,400,49040.0,48640.0,400,640.0,False,external holdout ROI target was not met,02f306055c6d5e2aa86381af2f1bff6fb6d903971941dfd9ad4dfe47a943b6cd,2026-09-29T12:45:07+09:00,5-40 minutes before close,2-1-7,102.5,3.0,1790655000.0,1790654700.0,1790655859.0,True,https://www.winticket.jp/keirin/takeo/racecard/2026092784/3/6,1-2-7,2-1,1-2,2-1,1-2,1-2|1-7|2-7,"{""2-1-7"": 10250}","{""1-2-7"": 1590}","{""2-1"": 3480}","{""1-2"": 3200}","{""1-2"": 560, ""1-7"": 750, ""2-7"": 190}",{},{},2-1-7,True,確定,False,0.0,-400.0
2026-09-29,武雄,6,068420260929,1790655000,1790654700,1192,near_close_v2_20260805,trifecta,3連単,16,2-4-3,0.0152725806422338,70.3,7,True,100,7030.0,6930.0,100,7.0,False,external holdout ROI target was not met,02f306055c6d5e2aa86381af2f1bff6fb6d903971941dfd9ad4dfe47a943b6cd,2026-09-29T12:45:07+09:00,5-40 minutes before close,2-1-7,102.5,3.0,1790655000.0,1790654700.0,1790655859.0,True,https://www.winticket.jp/keirin/takeo/racecard/2026092784/3/6,1-2-7,2-1,1-2,2-1,1-2,1-2|1-7|2-7,"{""2-1-7"": 10250}","{""1-2-7"": 1590}","{""2-1"": 3480}","{""1-2"": 3200}","{""1-2"": 560, ""1-7"": 750, ""2-7"": 190}",{},{},2-1-7,True,確定,False,0.0,-100.0
2026-09-29,武雄,6,068420260929,1790655000,1790654700,1192,near_close_v2_20260805,trifecta,3連単,17,7-5-2,0.0137377387824828,160.1,120,True,200,32020.0,31820.0,200,240.0,False,external holdout ROI target was not met,02f306055c6d5e2aa86381af2f1bff6fb6d903971941dfd9ad4dfe47a943b6cd,2026-09-29T12:45:07+09:00,5-40 minutes before close,2-1-7,102.5,3.0,1790655000.0,1790654700.0,1790655859.0,True,https://www.winticket.jp/keirin/takeo/racecard/2026092784/3/6,1-2-7,2-1,1-2,2-1,1-2,1-2|1-7|2-7,"{""2-1-7"": 10250}","{""1-2-7"": 1590}","{""2-1"": 3480}","{""1-2"": 3200}","{""1-2"": 560, ""1-7"": 750, ""2-7"": 190}",{},{},2-1-7,True,確定,False,0.0,-200.0
2026-09-29,武雄,6,068420260929,1790655000,1790654700,1192,near_close_v2_20260805,trifecta,3連単,18,4-5-2,0.0136362237613628,86.3,18,True,100,8630.0,8530.0,100,18.0,False,external holdout ROI target was not met,02f306055c6d5e2aa86381af2f1bff6fb6d903971941dfd9ad4dfe47a943b6cd,2026-09-29T12:45:07+09:00,5-40 minutes before close,2-1-7,102.5,3.0,1790655000.0,1790654700.0,1790655859.0,True,https://www.winticket.jp/keirin/takeo/racecard/2026092784/3/6,1-2-7,2-1,1-2,2-1,1-2,1-2|1-7|2-7,"{""2-1-7"": 10250}","{""1-2-7"": 1590}","{""2-1"": 3480}","{""1-2"": 3200}","{""1-2"": 560, ""1-7"": 750, ""2-7"": 190}",{},{},2-1-7,True,確定,False,0.0,-100.0
2026-09-29,武雄,6,068420260929,1790655000,1790654700,1192,near_close_v2_20260805,trifecta,3連単,19,5-7-2,0.0122701611132922,153.7,89,True,200,30740.0,30540.0,200,178.0,False,external holdout ROI target was not met,02f306055c6d5e2aa86381af2f1bff6fb6d903971941dfd9ad4dfe47a943b6cd,2026-09-29T12:45:07+09:00,5-40 minutes before close,2-1-7,102.5,3.0,1790655000.0,1790654700.0,1790655859.0,True,https://www.winticket.jp/keirin/takeo/racecard/2026092784/3/6,1-2-7,2-1,1-2,2-1,1-2,1-2|1-7|2-7,"{""2-1-7"": 10250}","{""1-2-7"": 1590}","{""2-1"": 3480}","{""1-2"": 3200}","{""1-2"": 560, ""1-7"": 750, ""2-7"": 190}",{},{},2-1-7,True,確定,False,0.0,-200.0
2026-09-29,武雄,6,068420260929,1790655000,1790654700,1192,near_close_v2_20260805,trifecta,3連単,20,5-4-2,0.01219336228376,96.4,18,True,100,9640.0,9540.0,100,18.0,False,external holdout ROI target was not met,02f306055c6d5e2aa86381af2f1bff6fb6d903971941dfd9ad4dfe47a943b6cd,2026-09-29T12:45:07+09:00,5-40 minutes before close,2-1-7,102.5,3.0,1790655000.0,1790654700.0,1790655859.0,True,https://www.winticket.jp/keirin/takeo/racecard/2026092784/3/6,1-2-7,2-1,1-2,2-1,1-2,1-2|1-7|2-7,"{""2-1-7"": 10250}","{""1-2-7"": 1590}","{""2-1"": 3480}","{""1-2"": 3200}","{""1-2"": 560, ""1-7"": 750, ""2-7"": 190}",{},{},2-1-7,True,確定,False,0.0,-100.0
2026-09-29,武雄,6,068420260929,1790655000,1790654700,1192,near_close_v2_20260805,trifecta,3連単,22,2-3-4,0.0102466614970365,148.7,52,True,100,14870.0,14770.0,100,52.0,False,external holdout ROI target was not met,02f306055c6d5e2aa86381af2f1bff6fb6d903971941dfd9ad4dfe47a943b6cd,2026-09-29T12:45:07+09:00,5-40 minutes before close,2-1-7,102.5,3.0,1790655000.0,1790654700.0,1790655859.0,True,https://www.winticket.jp/keirin/takeo/racecard/2026092784/3/6,1-2-7,2-1,1-2,2-1,1-2,1-2|1-7|2-7,"{""2-1-7"": 10250}","{""1-2-7"": 1590}","{""2-1"": 3480}","{""1-2"": 3200}","{""1-2"": 560, ""1-7"": 750, ""2-7"": 190}",{},{},2-1-7,True,確定,False,0.0,-100.0
2026-09-29,武雄,6,068420260929,1790655000,1790654700,1192,near_close_v2_20260805,trifecta,3連単,26,4-2-3,0.0094888676500334,134.0,27,True,100,13400.0,13300.0,100,27.0,False,external holdout ROI target was not met,02f306055c6d5e2aa86381af2f1bff6fb6d903971941dfd9ad4dfe47a943b6cd,2026-09-29T12:45:07+09:00,5-40 minutes before close,2-1-7,102.5,3.0,1790655000.0,1790654700.0,1790655859.0,True,https://www.winticket.jp/keirin/takeo/racecard/2026092784/3/6,1-2-7,2-1,1-2,2-1,1-2,1-2|1-7|2-7,"{""2-1-7"": 10250}","{""1-2-7"": 1590}","{""2-1"": 3480}","{""1-2"": 3200}","{""1-2"": 560, ""1-7"": 750, ""2-7"": 190}",{},{},2-1-7,True,確定,False,0.0,-100.0
2026-09-29,武雄,6,068420260929,1790655000,1790654700,1192,near_close_v2_20260805,trifecta,3連単,31,7-4-5,0.0059357714936473,178.7,6,True,100,17870.0,17770.0,100,6.0,False,external holdout ROI target was not met,02f306055c6d5e2aa86381af2f1bff6fb6d903971941dfd9ad4dfe47a943b6cd,2026-09-29T12:45:07+09:00,5-40 minutes before close,2-1-7,102.5,3.0,1790655000.0,1790654700.0,1790655859.0,True,https://www.winticket.jp/keirin/takeo/racecard/2026092784/3/6,1-2-7,2-1,1-2,2-1,1-2,1-2|1-7|2-7,"{""2-1-7"": 10250}","{""1-2-7"": 1590}","{""2-1"": 3480}","{""1-2"": 3200}","{""1-2"": 560, ""1-7"": 750, ""2-7"": 190}",{},{},2-1-7,True,確定,False,0.0,-100.0
2026-09-29,武雄,6,068420260929,1790655000,1790654700,1192,near_close_v2_20260805,trifecta,3連単,32,4-7-5,0.0059290187859999,180.1,7,True,100,18010.0,17910.0,100,7.0,False,external holdout ROI target was not met,02f306055c6d5e2aa86381af2f1bff6fb6d903971941dfd9ad4dfe47a943b6cd,2026-09-29T12:45:07+09:00,5-40 minutes before close,2-1-7,102.5,3.0,1790655000.0,1790654700.0,1790655859.0,True,https://www.winticket.jp/keirin/takeo/racecard/2026092784/3/6,1-2-7,2-1,1-2,2-1,1-2,1-2|1-7|2-7,"{""2-1-7"": 10250}","{""1-2-7"": 1590}","{""2-1"": 3480}","{""1-2"": 3200}","{""1-2"": 560, ""1-7"": 750, ""2-7"": 190}",{},{},2-1-7,True,確定,False,0.0,-100.0
2026-09-29,武雄,6,068420260929,1790655000,1790654700,1192,near_close_v2_20260805,trifecta,3連単,34,3-2-7,0.0053610332557436,209.6,12,True,100,20960.0,20860.0,100,12.0,False,external holdout ROI target was not met,02f306055c6d5e2aa86381af2f1bff6fb6d903971941dfd9ad4dfe47a943b6cd,2026-09-29T12:45:07+09:00,5-40 minutes before close,2-1-7,102.5,3.0,1790655000.0,1790654700.0,1790655859.0,True,https://www.winticket.jp/keirin/takeo/racecard/2026092784/3/6,1-2-7,2-1,1-2,2-1,1-2,1-2|1-7|2-7,"{""2-1-7"": 10250}","{""1-2-7"": 1590}","{""2-1"": 3480}","{""1-2"": 3200}","{""1-2"": 560, ""1-7"": 750, ""2-7"": 190}",{},{},2-1-7,True,確定,False,0.0,-100.0
2026-09-29,武雄,6,068420260929,1790655000,1790654700,1192,near_close_v2_20260805,trifecta,3連単,35,3-2-4,0.0053342859688542,315.8,68,True,100,31580.0,31480.0,100,68.0,False,external holdout ROI target was not met,02f306055c6d5e2aa86381af2f1bff6fb6d903971941dfd9ad4dfe47a943b6cd,2026-09-29T12:45:07+09:00,5-40 minutes before close,2-1-7,102.5,3.0,1790655000.0,1790654700.0,1790655859.0,True,https://www.winticket.jp/keirin/takeo/racecard/2026092784/3/6,1-2-7,2-1,1-2,2-1,1-2,1-2|1-7|2-7,"{""2-1-7"": 10250}","{""1-2-7"": 1590}","{""2-1"": 3480}","{""1-2"": 3200}","{""1-2"": 560, ""1-7"": 750, ""2-7"": 190}",{},{},2-1-7,True,確定,False,0.0,-100.0
2026-09-29,広島,7,076220260929,1790655840,1790655540,2032,near_close_v2_20260805,trifecta,3連単,1,7-1-3,0.4061584291049482,4.2,71,True,4200,17640.0,13440.0,4200,2982.0,False,external holdout ROI target was not met,02f306055c6d5e2aa86381af2f1bff6fb6d903971941dfd9ad4dfe47a943b6cd,2026-09-29T12:45:07+09:00,5-40 minutes before close,7-3-4,15.5,3.0,1790655840.0,1790655540.0,1790656348.0,True,https://www.winticket.jp/keirin/hiroshima/racecard/2026092862/2/7,3-4-7,7-3,3-7,6-3,3-6,3-4|3-7|4-7,"{""7-3-4"": 1550}","{""3-4-7"": 780}","{""7-3"": 380}","{""3-7"": 370}","{""3-4"": 750, ""3-7"": 210, ""4-7"": 280}",{},{},7-3-4,True,確定,False,0.0,-4200.0
2026-09-29,広島,7,076220260929,1790655840,1790655540,2032,near_close_v2_20260805,trifecta,3連単,2,7-3-1,0.2643173024216053,7.9,109,True,4200,33180.0,28980.0,4200,4578.0,False,external holdout ROI target was not met,02f306055c6d5e2aa86381af2f1bff6fb6d903971941dfd9ad4dfe47a943b6cd,2026-09-29T12:45:07+09:00,5-40 minutes before close,7-3-4,15.5,3.0,1790655840.0,1790655540.0,1790656348.0,True,https://www.winticket.jp/keirin/hiroshima/racecard/2026092862/2/7,3-4-7,7-3,3-7,6-3,3-6,3-4|3-7|4-7,"{""7-3-4"": 1550}","{""3-4-7"": 780}","{""7-3"": 380}","{""3-7"": 370}","{""3-4"": 750, ""3-7"": 210, ""4-7"": 280}",{},{},7-3-4,True,確定,False,0.0,-4200.0
2026-09-29,広島,7,076220260929,1790655840,1790655540,2032,near_close_v2_20260805,trifecta,3連単,6,1-7-3,0.0270072602813359,112.0,202,True,800,89600.0,88800.0,800,1616.0,False,external holdout ROI target was not met,02f306055c6d5e2aa86381af2f1bff6fb6d903971941dfd9ad4dfe47a943b6cd,2026-09-29T12:45:07+09:00,5-40 minutes before close,7-3-4,15.5,3.0,1790655840.0,1790655540.0,1790656348.0,True,https://www.winticket.jp/keirin/hiroshima/racecard/2026092862/2/7,3-4-7,7-3,3-7,6-3,3-6,3-4|3-7|4-7,"{""7-3-4"": 1550}","{""3-4-7"": 780}","{""7-3"": 380}","{""3-7"": 370}","{""3-4"": 750, ""3-7"": 210, ""4-7"": 280}",{},{},7-3-4,True,確定,False,0.0,-800.0
2026-09-29,広島,7,076220260929,1790655840,1790655540,2032,near_close_v2_20260805,trifecta,3連単,8,3-7-1,0.0173075153528383,210.1,264,True,700,147070.0,146370.0,700,1848.0,False,external holdout ROI target was not met,02f306055c6d5e2aa86381af2f1bff6fb6d903971941dfd9ad4dfe47a943b6cd,2026-09-29T12:45:07+09:00,5-40 minutes before close,7-3-4,15.5,3.0,1790655840.0,1790655540.0,1790656348.0,True,https://www.winticket.jp/keirin/hiroshima/racecard/2026092862/2/7,3-4-7,7-3,3-7,6-3,3-6,3-4|3-7|4-7,"{""7-3-4"": 1550}","{""3-4-7"": 780}","{""7-3"": 380}","{""3-7"": 370}","{""3-4"": 750, ""3-7"": 210, ""4-7"": 280}",{},{},7-3-4,True,確定,False,0.0,-700.0
2026-09-29,広島,7,076220260929,1790655840,1790655540,2032,near_close_v2_20260805,trifecta,3連単,19,7-2-1,0.0038594979524776,353.3,36,True,100,35330.0,35230.0,100,36.0,False,external holdout ROI target was not met,02f306055c6d5e2aa86381af2f1bff6fb6d903971941dfd9ad4dfe47a943b6cd,2026-09-29T12:45:07+09:00,5-40 minutes before close,7-3-4,15.5,3.0,1790655840.0,1790655540.0,1790656348.0,True,https://www.winticket.jp/keirin/hiroshima/racecard/2026092862/2/7,3-4-7,7-3,3-7,6-3,3-6,3-4|3-7|4-7,"{""7-3-4"": 1550}","{""3-4-7"": 780}","{""7-3"": 380}","{""3-7"": 370}","{""3-4"": 750, ""3-7"": 210, ""4-7"": 280}",{},{},7-3-4,True,確定,False,0.0,-100.0
2026-09-29,武雄,7,078420260929,1790656680,1790656380,980,near_close_v2_20260805,trifecta,3連単,1,7-5-1,0.2522296871463308,4.3,8,True,400,1720.0,1320.0,400,32.0,False,external holdout ROI target was not met,02f306055c6d5e2aa86381af2f1bff6fb6d903971941dfd9ad4dfe47a943b6cd,2026-09-29T13:16:40+09:00,5-40 minutes before close,,,2.0,1790656680.0,1790656380.0,0.0,False,https://www.winticket.jp/keirin/takeo/racecard/2026092784/3/7,,,,,,,{},{},{},{},{},{},{},,False,結果取得待ち,False,,
2026-09-29,武雄,7,078420260929,1790656680,1790656380,980,near_close_v2_20260805,trifecta,3連単,2,7-5-4,0.1236105929048672,17.0,110,True,2700,45900.0,43200.0,2700,2970.0,False,external holdout ROI target was not met,02f306055c6d5e2aa86381af2f1bff6fb6d903971941dfd9ad4dfe47a943b6cd,2026-09-29T13:16:40+09:00,5-40 minutes before close,,,2.0,1790656680.0,1790656380.0,0.0,False,https://www.winticket.jp/keirin/takeo/racecard/2026092784/3/7,,,,,,,{},{},{},{},{},{},{},,False,結果取得待ち,False,,
2026-09-29,武雄,7,078420260929,1790656680,1790656380,980,near_close_v2_20260805,trifecta,3連単,3,7-5-2,0.1016749582665162,24.1,145,True,2900,69890.0,66990.0,2900,4205.0,False,external holdout ROI target was not met,02f306055c6d5e2aa86381af2f1bff6fb6d903971941dfd9ad4dfe47a943b6cd,2026-09-29T13:16:40+09:00,5-40 minutes before close,,,2.0,1790656680.0,1790656380.0,0.0,False,https://www.winticket.jp/keirin/takeo/racecard/2026092784/3/7,,,,,,,{},{},{},{},{},{},{},,False,結果取得待ち,False,,
2026-09-29,武雄,7,078420260929,1790656680,1790656380,980,near_close_v2_20260805,trifecta,3連単,4,5-7-1,0.0901266308698695,11.5,4,True,100,1150.0,1050.0,100,4.0,False,external holdout ROI target was not met,02f306055c6d5e2aa86381af2f1bff6fb6d903971941dfd9ad4dfe47a943b6cd,2026-09-29T13:16:40+09:00,5-40 minutes before close,,,2.0,1790656680.0,1790656380.0,0.0,False,https://www.winticket.jp/keirin/takeo/racecard/2026092784/3/7,,,,,,,{},{},{},{},{},{},{},,False,結果取得待ち,False,,
2026-09-29,武雄,7,078420260929,1790656680,1790656380,980,near_close_v2_20260805,trifecta,3連単,5,7-1-5,0.0714213057285269,17.9,28,True,400,7160.0,6760.0,400,112.0,False,external holdout ROI target was not met,02f306055c6d5e2aa86381af2f1bff6fb6d903971941dfd9ad4dfe47a943b6cd,2026-09-29T13:16:40+09:00,5-40 minutes before close,,,2.0,1790656680.0,1790656380.0,0.0,False,https://www.winticket.jp/keirin/takeo/racecard/2026092784/3/7,,,,,,,{},{},{},{},{},{},{},,False,結果取得待ち,False,,
2026-09-29,武雄,7,078420260929,1790656680,1790656380,980,near_close_v2_20260805,trifecta,3連単,6,5-7-4,0.0441684973897599,42.5,88,True,800,34000.0,33200.0,800,704.0,False,external holdout ROI target was not met,02f306055c6d5e2aa86381af2f1bff6fb6d903971941dfd9ad4dfe47a943b6cd,2026-09-29T13:16:40+09:00,5-40 minutes before close,,,2.0,1790656680.0,1790656380.0,0.0,False,https://www.winticket.jp/keirin/takeo/racecard/2026092784/3/7,,,,,,,{},{},{},{},{},{},{},,False,結果取得待ち,False,,
2026-09-29,武雄,7,078420260929,1790656680,1790656380,980,near_close_v2_20260805,trifecta,3連単,7,7-5-3,0.0410012955390177,29.8,22,True,200,5960.0,5760.0,200,44.0,False,external holdout ROI target was not met,02f306055c6d5e2aa86381af2f1bff6fb6d903971941dfd9ad4dfe47a943b6cd,2026-09-29T13:16:40+09:00,5-40 minutes before close,,,2.0,1790656680.0,1790656380.0,0.0,False,https://www.winticket.jp/keirin/takeo/racecard/2026092784/3/7,,,,,,,{},{},{},{},{},{},{},,False,結果取得待ち,False,,
2026-09-29,武雄,7,078420260929,1790656680,1790656380,980,near_close_v2_20260805,trifecta,3連単,8,5-7-2,0.0363304634599948,54.5,98,True,800,43600.0,42800.0,800,784.0,False,external holdout ROI target was not met,02f306055c6d5e2aa86381af2f1bff6fb6d903971941dfd9ad4dfe47a943b6cd,2026-09-29T13:16:40+09:00,5-40 minutes before close,,,2.0,1790656680.0,1790656380.0,0.0,False,https://www.winticket.jp/keirin/takeo/racecard/2026092784/3/7,,,,,,,{},{},{},{},{},{},{},,False,結果取得待ち,False,,
2026-09-29,武雄,7,078420260929,1790656680,1790656380,980,near_close_v2_20260805,trifecta,3連単,9,7-4-5,0.0327848362394619,47.1,54,True,400,18840.0,18440.0,400,216.0,False,external holdout ROI target was not met,02f306055c6d5e2aa86381af2f1bff6fb6d903971941dfd9ad4dfe47a943b6cd,2026-09-29T13:16:40+09:00,5-40 minutes before close,,,2.0,1790656680.0,1790656380.0,0.0,False,https://www.winticket.jp/keirin/takeo/racecard/2026092784/3/7,,,,,,,{},{},{},{},{},{},{},,False,結果取得待ち,False,,
2026-09-29,武雄,7,078420260929,1790656680,1790656380,980,near_close_v2_20260805,trifecta,3連単,10,7-2-5,0.0266787597478989,97.0,159,True,900,87300.0,86400.0,900,1431.0,False,external holdout ROI target was not met,02f306055c6d5e2aa86381af2f1bff6fb6d903971941dfd9ad4dfe47a943b6cd,2026-09-29T13:16:40+09:00,5-40 minutes before close,,,2.0,1790656680.0,1790656380.0,0.0,False,https://www.winticket.jp/keirin/takeo/racecard/2026092784/3/7,,,,,,,{},{},{},{},{},{},{},,False,結果取得待ち,False,,
2026-09-29,武雄,7,078420260929,1790656680,1790656380,980,near_close_v2_20260805,trifecta,3連単,12,7-5-6,0.0201257944163847,74.7,50,True,200,14940.0,14740.0,200,100.0,False,external holdout ROI target was not met,02f306055c6d5e2aa86381af2f1bff6fb6d903971941dfd9ad4dfe47a943b6cd,2026-09-29T13:16:40+09:00,5-40 minutes before close,,,2.0,1790656680.0,1790656380.0,0.0,False,https://www.winticket.jp/keirin/takeo/racecard/2026092784/3/7,,,,,,,{},{},{},{},{},{},{},,False,結果取得待ち,False,,
2026-09-29,武雄,7,078420260929,1790656680,1790656380,980,near_close_v2_20260805,trifecta,3連単,15,4-7-5,0.0093906234471271,112.5,6,True,100,11250.0,11150.0,100,6.0,False,external holdout ROI target was not met,02f306055c6d5e2aa86381af2f1bff6fb6d903971941dfd9ad4dfe47a943b6cd,2026-09-29T13:16:40+09:00,5-40 minutes before close,,,2.0,1790656680.0,1790656380.0,0.0,False,https://www.winticket.jp/keirin/takeo/racecard/2026092784/3/7,,,,,,,{},{},{},{},{},{},{},,False,結果取得待ち,False,,
2026-09-29,武雄,7,078420260929,1790656680,1790656380,980,near_close_v2_20260805,trifecta,3連単,17,2-7-5,0.0076194279348712,199.4,52,True,100,19940.0,19840.0,100,52.0,False,external holdout ROI target was not met,02f306055c6d5e2aa86381af2f1bff6fb6d903971941dfd9ad4dfe47a943b6cd,2026-09-29T13:16:40+09:00,5-40 minutes before close,,,2.0,1790656680.0,1790656380.0,0.0,False,https://www.winticket.jp/keirin/takeo/racecard/2026092784/3/7,,,,,,,{},{},{},{},{},{},{},,False,結果取得待ち,False,,
2026-09-29,広島,8,086220260929,1790657520,1790657220,1820,near_close_v2_20260805,trifecta,3連単,1,3-1-5,0.1902475187046577,24.0,357,True,3200,76800.0,73600.0,3200,11424.0,False,external holdout ROI target was not met,02f306055c6d5e2aa86381af2f1bff6fb6d903971941dfd9ad4dfe47a943b6cd,2026-09-29T13:16:40+09:00,5-40 minutes before close,,,1.0,1790657520.0,1790657220.0,0.0,False,https://www.winticket.jp/keirin/hiroshima/racecard/2026092862/2/8,,,,,,,{},{},{},{},{},{},{},,False,結果取得待ち,False,,
2026-09-29,広島,8,086220260929,1790657520,1790657220,1820,near_close_v2_20260805,trifecta,3連単,2,3-5-1,0.1697526911812743,37.7,540,True,4300,162110.0,157810.0,4300,23220.0,False,external holdout ROI target was not met,02f306055c6d5e2aa86381af2f1bff6fb6d903971941dfd9ad4dfe47a943b6cd,2026-09-29T13:16:40+09:00,5-40 minutes before close,,,1.0,1790657520.0,1790657220.0,0.0,False,https://www.winticket.jp/keirin/hiroshima/racecard/2026092862/2/8,,,,,,,{},{},{},{},{},{},{},,False,結果取得待ち,False,,
2026-09-29,広島,8,086220260929,1790657520,1790657220,1820,near_close_v2_20260805,trifecta,3連単,4,3-5-4,0.0598061095414229,32.1,92,True,300,9630.0,9330.0,300,276.0,False,external holdout ROI target was not met,02f306055c6d5e2aa86381af2f1bff6fb6d903971941dfd9ad4dfe47a943b6cd,2026-09-29T13:16:40+09:00,5-40 minutes before close,,,1.0,1790657520.0,1790657220.0,0.0,False,https://www.winticket.jp/keirin/hiroshima/racecard/2026092862/2/8,,,,,,,{},{},{},{},{},{},{},,False,結果取得待ち,False,,
2026-09-29,広島,8,086220260929,1790657520,1790657220,1820,near_close_v2_20260805,trifecta,3連単,5,3-4-1,0.0553293880241357,25.9,43,True,200,5180.0,4980.0,200,86.0,False,external holdout ROI target was not met,02f306055c6d5e2aa86381af2f1bff6fb6d903971941dfd9ad4dfe47a943b6cd,2026-09-29T13:16:40+09:00,5-40 minutes before close,,,1.0,1790657520.0,1790657220.0,0.0,False,https://www.winticket.jp/keirin/hiroshima/racecard/2026092862/2/8,,,,,,,{},{},{},{},{},{},{},,False,結果取得待ち,False,,
2026-09-29,広島,8,086220260929,1790657520,1790657220,1820,near_close_v2_20260805,trifecta,3連単,6,1-3-5,0.0465169914259612,53.1,147,True,400,21240.0,20840.0,400,588.0,False,external holdout ROI target was not met,02f306055c6d5e2aa86381af2f1bff6fb6d903971941dfd9ad4dfe47a943b6cd,2026-09-29T13:16:40+09:00,5-40 minutes before close,,,1.0,1790657520.0,1790657220.0,0.0,False,https://www.winticket.jp/keirin/hiroshima/racecard/2026092862/2/8,,,,,,,{},{},{},{},{},{},{},,False,結果取得待ち,False,,
2026-09-29,広島,8,086220260929,1790657520,1790657220,1820,near_close_v2_20260805,trifecta,3連単,7,3-4-5,0.0459177876517249,41.4,90,True,200,8280.0,8080.0,200,180.0,False,external holdout ROI target was not met,02f306055c6d5e2aa86381af2f1bff6fb6d903971941dfd9ad4dfe47a943b6cd,2026-09-29T13:16:40+09:00,5-40 minutes before close,,,1.0,1790657520.0,1790657220.0,0.0,False,https://www.winticket.jp/keirin/hiroshima/racecard/2026092862/2/8,,,,,,,{},{},{},{},{},{},{},,False,結果取得待ち,False,,
2026-09-29,広島,8,086220260929,1790657520,1790657220,1820,near_close_v2_20260805,trifecta,3連単,8,5-3-1,0.0408013871777839,92.8,279,True,600,55680.0,55080.0,600,1674.0,False,external holdout ROI target was not met,02f306055c6d5e2aa86381af2f1bff6fb6d903971941dfd9ad4dfe47a943b6cd,2026-09-29T13:16:40+09:00,5-40 minutes before close,,,1.0,1790657520.0,1790657220.0,0.0,False,https://www.winticket.jp/keirin/hiroshima/racecard/2026092862/2/8,,,,,,,{},{},{},{},{},{},{},,False,結果取得待ち,False,,
2026-09-29,広島,8,086220260929,1790657520,1790657220,1820,near_close_v2_20260805,trifecta,3連単,10,3-5-2,0.0214964768357839,59.0,27,True,100,5900.0,5800.0,100,27.0,False,external holdout ROI target was not met,02f306055c6d5e2aa86381af2f1bff6fb6d903971941dfd9ad4dfe47a943b6cd,2026-09-29T13:16:40+09:00,5-40 minutes before close,,,1.0,1790657520.0,1790657220.0,0.0,False,https://www.winticket.jp/keirin/hiroshima/racecard/2026092862/2/8,,,,,,,{},{},{},{},{},{},{},,False,結果取得待ち,False,,
2026-09-29,広島,8,086220260929,1790657520,1790657220,1820,near_close_v2_20260805,trifecta,3連単,13,3-2-1,0.0179208414019053,59.0,6,True,100,5900.0,5800.0,100,6.0,False,external holdout ROI target was not met,02f306055c6d5e2aa86381af2f1bff6fb6d903971941dfd9ad4dfe47a943b6cd,2026-09-29T13:16:40+09:00,5-40 minutes before close,,,1.0,1790657520.0,1790657220.0,0.0,False,https://www.winticket.jp/keirin/hiroshima/racecard/2026092862/2/8,,,,,,,{},{},{},{},{},{},{},,False,結果取得待ち,False,,
2026-09-29,広島,8,086220260929,1790657520,1790657220,1820,near_close_v2_20260805,trifecta,3連単,15,5-3-4,0.0143748662481631,115.5,66,True,100,11550.0,11450.0,100,66.0,False,external holdout ROI target was not met,02f306055c6d5e2aa86381af2f1bff6fb6d903971941dfd9ad4dfe47a943b6cd,2026-09-29T13:16:40+09:00,5-40 minutes before close,,,1.0,1790657520.0,1790657220.0,0.0,False,https://www.winticket.jp/keirin/hiroshima/racecard/2026092862/2/8,,,,,,,{},{},{},{},{},{},{},,False,結果取得待ち,False,,
2026-09-29,広島,8,086220260929,1790657520,1790657220,1820,near_close_v2_20260805,trifecta,3連単,16,3-5-7,0.0139298745475283,83.6,16,True,100,8360.0,8260.0,100,16.0,False,external holdout ROI target was not met,02f306055c6d5e2aa86381af2f1bff6fb6d903971941dfd9ad4dfe47a943b6cd,2026-09-29T13:16:40+09:00,5-40 minutes before close,,,1.0,1790657520.0,1790657220.0,0.0,False,https://www.winticket.jp/keirin/hiroshima/racecard/2026092862/2/8,,,,,,,{},{},{},{},{},{},{},,False,結果取得待ち,False,,
2026-09-29,広島,8,086220260929,1790657520,1790657220,1820,near_close_v2_20260805,trifecta,3連単,19,4-3-5,0.0105346893188459,138.4,46,True,100,13840.0,13740.0,100,46.0,False,external holdout ROI target was not met,02f306055c6d5e2aa86381af2f1bff6fb6d903971941dfd9ad4dfe47a943b6cd,2026-09-29T13:16:40+09:00,5-40 minutes before close,,,1.0,1790657520.0,1790657220.0,0.0,False,https://www.winticket.jp/keirin/hiroshima/racecard/2026092862/2/8,,,,,,,{},{},{},{},{},{},{},,False,結果取得待ち,False,,
2026-09-29,広島,8,086220260929,1790657520,1790657220,1820,near_close_v2_20260805,trifecta,3連単,20,3-7-5,0.0094528570409833,131.6,24,True,100,13160.0,13060.0,100,24.0,False,external holdout ROI target was not met,02f306055c6d5e2aa86381af2f1bff6fb6d903971941dfd9ad4dfe47a943b6cd,2026-09-29T13:16:40+09:00,5-40 minutes before close,,,1.0,1790657520.0,1790657220.0,0.0,False,https://www.winticket.jp/keirin/hiroshima/racecard/2026092862/2/8,,,,,,,{},{},{},{},{},{},{},,False,結果取得待ち,False,,
2026-09-29,広島,8,086220260929,1790657520,1790657220,1820,near_close_v2_20260805,trifecta,3連単,22,5-1-3,0.0071408146870265,154.4,10,True,100,15440.0,15340.0,100,10.0,False,external holdout ROI target was not met,02f306055c6d5e2aa86381af2f1bff6fb6d903971941dfd9ad4dfe47a943b6cd,2026-09-29T13:16:40+09:00,5-40 minutes before close,,,1.0,1790657520.0,1790657220.0,0.0,False,https://www.winticket.jp/keirin/hiroshima/racecard/2026092862/2/8,,,,,,,{},{},{},{},{},{},{},,False,結果取得待ち,False,,
2026-09-29,広島,8,086220260929,1790657520,1790657220,1820,near_close_v2_20260805,trifecta,3連単,26,5-3-2,0.0051668463588507,211.3,9,True,100,21130.0,21030.0,100,9.0,False,external holdout ROI target was not met,02f306055c6d5e2aa86381af2f1bff6fb6d903971941dfd9ad4dfe47a943b6cd,2026-09-29T13:16:40+09:00,5-40 minutes before close,,,1.0,1790657520.0,1790657220.0,0.0,False,https://www.winticket.jp/keirin/hiroshima/racecard/2026092862/2/8,,,,,,,{},{},{},{},{},{},{},,False,結果取得待ち,False,,
