race_id,actual_trifecta,actual_trifecta_odds,race_status,decided_at,source_url,actual_trio,actual_exacta,actual_quinella,actual_bracket_exacta,actual_bracket_quinella,actual_quinella_place,payouts_trifecta_json,payouts_trio_json,payouts_exacta_json,payouts_quinella_json,payouts_quinella_place_json,payouts_bracket_exacta_json,payouts_bracket_quinella_json,start_at,close_at,official_result_available,result_source,secondary_result_url,actual_trifecta_buys,result_observed_at_jst
011220260930,1-2-3,6.8,3,1790769550,https://www.winticket.jp/keirin/aomori/racecard/2026093012/1/1,1-2-3,1-2,1-2,1-2,1-2,1-2|1-3|2-3,"{""1-2-3"": 680}","{""1-2-3"": 190}","{""1-2"": 340}","{""1-2"": 120}","{""1-2"": 100, ""1-3"": 130, ""2-3"": 120}",{},{},1790768940.0,1790768640.0,True,,,,
011220261001,,,1,0,https://www.winticket.jp/keirin/aomori/racecard/2026093012/2/1,,,,,,,{},{},{},{},{},{},{},1790855340.0,1790855040.0,False,,,,
011220261002,,,2,0,https://www.winticket.jp/keirin/aomori/racecard/2026093012/3/1,,,,,,,{},{},{},{},{},{},{},1790941740.0,1790941440.0,False,,,,
011320260801,1-4-7,12.6,3,1785567716,https://www.winticket.jp/keirin/iwakidaira/racecard/2026073113/2/1,1-4-7,1-4,1-4,1-4,1-4,1-4|1-7|4-7,"{""1-4-7"": 1260}","{""1-4-7"": 300}","{""1-4"": 880}","{""1-4"": 650}","{""1-4"": 170, ""1-7"": 130, ""4-7"": 270}",{},{},1785567000.0,1785566700.0,,,,,
011320260929,4-2-5,420.1,3,1790683025,https://www.winticket.jp/keirin/iwakidaira/racecard/2026092713/3/1,2-4-5,4-2,2-4,4-2,2-4,2-4|2-5|4-5,"{""4-2-5"": 42010}","{""2-4-5"": 11750}","{""4-2"": 5410}","{""2-4"": 1690}","{""2-4"": 330, ""2-5"": 1060, ""4-5"": 2650}",{},{},1790682000.0,1790681700.0,True,,,,
011320261006,5-2-3,68.0,3,1791270704,https://www.winticket.jp/keirin/iwakidaira/racecard/2026100413/3/1,2-3-5,5-2,2-5,5-2,2-5,2-3|2-5|3-5,"{""5-2-3"": 6800}","{""2-3-5"": 940}","{""5-2"": 1230}","{""2-5"": 1070}","{""2-3"": 900, ""2-5"": 380, ""3-5"": 110}",{},{},1791269940.0,1791269640.0,True,winticket,,,
012120261009,7-2-6,128.6,3,1791511264,https://www.winticket.jp/keirin/yahiko/racecard/2026100921/1/1,2-6-7,7-2,2-7,5-2,2-5,2-6|2-7|6-7,"{""7-2-6"": 12860}","{""2-6-7"": 3460}","{""7-2"": 1090}","{""2-7"": 440}","{""2-6"": 490, ""2-7"": 230, ""6-7"": 1230}","{""5-2"": 1150}","{""2-5"": 470}",1791510300.0,1791510000.0,True,winticket,,['7-2-6'],2026-10-09T11:22:12.458532+09:00
012220260930,7-1-5,123.9,3,1790769971,https://www.winticket.jp/keirin/maebashi/racecard/2026093022/1/1,1-5-7,7-1,1-7,6-1,1-6,1-5|1-7|5-7,"{""7-1-5"": 12390}","{""1-5-7"": 1630}","{""7-1"": 1110}","{""1-7"": 370}","{""1-5"": 260, ""1-7"": 190, ""5-7"": 980}",{},{},1790769420.0,1790769120.0,True,,,,
012220261001,,,1,0,https://www.winticket.jp/keirin/maebashi/racecard/2026093022/2/1,,,,,,,{},{},{},{},{},{},{},1790855820.0,1790855520.0,False,,,,
012220261002,,,1,0,https://www.winticket.jp/keirin/maebashi/racecard/2026093022/3/1,,,,,,,{},{},{},{},{},{},{},1790942220.0,1790941920.0,False,,,,
012220261006,2-1-3,4.2,3,1791288081,https://www.winticket.jp/keirin/maebashi/racecard/2026100622/1/1,1-2-3,2-1,1-2,2-1,1-2,1-2|1-3|2-3,"{""2-1-3"": 420}","{""1-2-3"": 180}","{""2-1"": 220}","{""1-2"": 120}","{""1-2"": 100, ""1-3"": 150, ""2-3"": 140}",{},{},1791287400.0,1791287100.0,True,winticket,,,
012220261007,2-1-5,10.5,3,1791374551,https://www.winticket.jp/keirin/maebashi/racecard/2026100622/2/1,1-2-5,2-1,1-2,2-1,1-2,1-2|1-5|2-5,"{""2-1-5"": 1050}","{""1-2-5"": 550}","{""2-1"": 190}","{""1-2"": 130}","{""1-2"": 100, ""1-5"": 340, ""2-5"": 280}",{},{},1791373800.0,1791373500.0,True,winticket,,,
012220261008,3-1-4,28.3,3,1791460837,https://www.winticket.jp/keirin/maebashi/racecard/2026100622/3/1,1-3-4,3-1,1-3,3-1,1-3,1-3|1-4|3-4,"{""3-1-4"": 2830}","{""1-3-4"": 1230}","{""3-1"": 600}","{""1-3"": 280}","{""1-3"": 160, ""1-4"": 350, ""3-4"": 570}",{},{},1791460200.0,1791459900.0,True,winticket,,['3-1-4'],2026-10-08T21:06:43.631499+09:00
012520261001,1-4-2,4.8,3,1790819701,https://www.winticket.jp/keirin/omiya/racecard/2026100125/1/1,1-2-4,1-4,1-4,1-4,1-4,1-2|1-4|2-4,"{""1-4-2"": 480}","{""1-2-4"": 320}","{""1-4"": 180}","{""1-4"": 150}","{""1-2"": 150, ""1-4"": 100, ""2-4"": 280}",{},{},1790819100.0,1790818800.0,True,,,,
012520261002,,,1,0,https://www.winticket.jp/keirin/omiya/racecard/2026100125/2/1,,,,,,,{},{},{},{},{},{},{},1790905500.0,1790905200.0,False,,,,
012520261003,,,1,0,https://www.winticket.jp/keirin/omiya/racecard/2026100125/3/1,,,,,,,{},{},{},{},{},{},{},1790991900.0,1790991600.0,False,,,,
012520261007,7-3-5,24.6,3,1791338094,https://www.winticket.jp/keirin/omiya/racecard/2026100625/2/1,3-5-7,7-3,3-7,6-3,3-6,3-5|3-7|5-7,"{""7-3-5"": 2460}","{""3-5-7"": 760}","{""7-3"": 450}","{""3-7"": 260}","{""3-5"": 310, ""3-7"": 150, ""5-7"": 350}",{},{},1791337500.0,1791337200.0,True,winticket,,,
012520261008,4-7-1,13.0,3,1791424490,https://www.winticket.jp/keirin/omiya/racecard/2026100625/3/1,1-4-7,4-7,4-7,4-6,4-6,1-4|1-7|4-7,"{""4-7-1"": 1300}","{""1-4-7"": 240}","{""4-7"": 880}","{""4-7"": 380}","{""1-4"": 190, ""1-7"": 130, ""4-7"": 140}",{},{},1791423900.0,1791423600.0,True,winticket,,,
012620260718,4-3-7,4.2,3,1784356646,https://www.winticket.jp/keirin/seibuen/racecard/2026071626/3/1,3-4-7,4-3,3-4,4-3,3-4,3-4|3-7|4-7,"{""4-3-7"": 420}","{""3-4-7"": 170}","{""4-3"": 250}","{""3-4"": 130}","{""3-4"": 100, ""3-7"": 110, ""4-7"": 150}",{},{},1784356020.0,1784355720.0,,,,,
012720260714,1-3-6,41.8,3,1784030399,https://www.winticket.jp/keirin/keiokaku/racecard/2026071327/2/1,1-3-6,1-3,1-3,1-3,1-3,1-3|1-6|3-6,"{""1-3-6"": 4180}","{""1-3-6"": 1390}","{""1-3"": 410}","{""1-3"": 260}","{""1-3"": 170, ""1-6"": 620, ""3-6"": 640}",{},{},1784029800.0,1784029500.0,,,,,
012720260719,3-1-2,8.6,3,1784462463,https://www.winticket.jp/keirin/keiokaku/racecard/2026071927/1/1,1-2-3,3-1,1-3,3-1,1-3,1-2|1-3|2-3,"{""3-1-2"": 860}","{""1-2-3"": 220}","{""3-1"": 420}","{""1-3"": 150}","{""1-2"": 190, ""1-3"": 110, ""2-3"": 210}",{},{},1784461800.0,1784461500.0,,,,,
012720260720,1-4-6,174.7,3,1784548825,https://www.winticket.jp/keirin/keiokaku/racecard/2026071927/2/1,1-4-6,1-4,1-4,1-4,1-4,1-4|1-6|4-6,"{""1-4-6"": 17470}","{""1-4-6"": 4130}","{""1-4"": 1750}","{""1-4"": 1170}","{""1-4"": 390, ""1-6"": 420, ""4-6"": 1180}",{},{},1784548200.0,1784547900.0,,,,,
012720260731,3-2-1,12.0,3,1785499160,https://www.winticket.jp/keirin/keiokaku/racecard/2026073127/1/1,1-2-3,3-2,2-3,3-2,2-3,1-2|1-3|2-3,"{""3-2-1"": 1200}","{""1-2-3"": 250}","{""3-2"": 360}","{""2-3"": 130}","{""1-2"": 130, ""1-3"": 200, ""2-3"": 130}",{},{},1785498540.0,1785498240.0,,,,,
012820260728,4-5-3,114.9,3,1785203645,https://www.winticket.jp/keirin/tachikawa/racecard/2026072728/2/1,3-4-5,4-5,4-5,4-5,4-5,3-4|3-5|4-5,"{""4-5-3"": 11490}","{""3-4-5"": 2800}","{""4-5"": 2700}","{""4-5"": 2020}","{""3-4"": 440, ""3-5"": 580, ""4-5"": 320}",{},{},1785203100.0,1785202800.0,,,,,
013420261001,5-2-1,9.4,3,1790838292,https://www.winticket.jp/keirin/kawasaki/racecard/2026100134/1/1,1-2-5,5-2,2-5,5-2,2-5,1-2|1-5|2-5,"{""5-2-1"": 940}","{""1-2-5"": 350}","{""5-2"": 360}","{""2-5"": 160}","{""1-2"": 180, ""1-5"": 230, ""2-5"": 100}",{},{},1790837700.0,1790837400.0,True,,,,
013420261002,,,1,0,https://www.winticket.jp/keirin/kawasaki/racecard/2026100134/2/1,,,,,,,{},{},{},{},{},{},{},1790924100.0,1790923800.0,False,,,,
013420261003,,,1,0,https://www.winticket.jp/keirin/kawasaki/racecard/2026100134/3/1,,,,,,,{},{},{},{},{},{},{},1791010500.0,1791010200.0,False,,,,
013520260729,1-3-5,26.7,3,1785309014,https://www.winticket.jp/keirin/hiratsuka/racecard/2026072835/2/1,1-3-5,1-3,1-3,1-3,1-3,1-3|1-5|3-5,"{""1-3-5"": 2670}","{""1-3-5"": 870}","{""1-3"": 370}","{""1-3"": 160}","{""1-3"": 100, ""1-5"": 690, ""3-5"": 380}",{},{},1785308340.0,1785308040.0,,,,,
013520260928,3-1-6,6.7,3,1790577882,https://www.winticket.jp/keirin/hiratsuka/racecard/2026092835/1/1,1-3-6,3-1,1-3,3-1,1-3,1-3|1-6|3-6,"{""3-1-6"": 670}","{""1-3-6"": 150}","{""3-1"": 310}","{""1-3"": 100}","{""1-3"": 100, ""1-6"": 160, ""3-6"": 220}",{},{},1790577240.0,1790576940.0,True,,,,
013520260930,4-5-3,337.1,3,1790751624,https://www.winticket.jp/keirin/hiratsuka/racecard/2026092835/3/1,3-4-5,4-5,4-5,4-5,4-5,3-4|3-5|4-5,"{""4-5-3"": 33710}","{""3-4-5"": 3270}","{""4-5"": 9420}","{""4-5"": 3650}","{""3-4"": 280, ""3-5"": 230, ""4-5"": 700}",{},{},1790751000.0,1790750700.0,True,,,,
013520261003,,,1,0,https://www.winticket.jp/keirin/hiratsuka/racecard/2026100335/1/1,,,,,,,{},{},{},{},{},{},{},1791028140.0,1791027840.0,False,,,,
013520261004,1-3-5,56.7,3,1791115211,https://www.winticket.jp/keirin/hiratsuka/racecard/2026100335/2/1,1-3-5,1-3,1-3,1-3,1-3,1-3|1-5|3-5,"{""1-3-5"": 5670}","{""1-3-5"": 2640}","{""1-3"": 730}","{""1-3"": 630}","{""1-3"": 730, ""1-5"": 1440, ""3-5"": 3800}",{},{},1791114540.0,1791114240.0,True,,,,
013820261007,3-7-4,83.5,3,1791339170,https://www.winticket.jp/keirin/shizuoka/racecard/2026100738/1/1,3-4-7,3-7,3-7,3-6,3-6,3-4|3-7|4-7,"{""3-7-4"": 8350}","{""3-4-7"": 1540}","{""3-7"": 440}","{""3-7"": 200}","{""3-4"": 500, ""3-7"": 170, ""4-7"": 470}",{},{},1791338460.0,1791338160.0,True,winticket,,,
013820261008,1-4-5,15.6,3,1791425220,https://www.winticket.jp/keirin/shizuoka/racecard/2026100738/2/1,1-4-5,1-4,1-4,1-4,1-4,1-4|1-5|4-5,"{""1-4-5"": 1560}","{""1-4-5"": 520}","{""1-4"": 370}","{""1-4"": 220}","{""1-4"": 120, ""1-5"": 240, ""4-5"": 240}",{},{},1791424680.0,1791424380.0,True,winticket,,,
013820261009,2-4-1,12.8,3,1791511553,https://www.winticket.jp/keirin/shizuoka/racecard/2026100738/3/1,1-2-4,2-4,2-4,2-4,2-4,1-2|1-4|2-4,"{""2-4-1"": 1280}","{""1-2-4"": 520}","{""2-4"": 460}","{""2-4"": 260}","{""1-2"": 150, ""1-4"": 420, ""2-4"": 150}",{},{},1791511020.0,1791510720.0,True,winticket,,['2-4-1'],2026-10-09T11:22:14.224886+09:00
014320260929,5-3-2,63.3,3,1790663690,https://www.winticket.jp/keirin/gifu/racecard/2026092643/4/1,2-3-5,5-3,3-5,5-3,3-5,2-3|2-5|3-5,"{""5-3-2"": 6330}","{""2-3-5"": 820}","{""5-3"": 2070}","{""3-5"": 550}","{""2-3"": 200, ""2-5"": 540, ""3-5"": 230}","{""5-3"": 1730}","{""3-5"": 460}",1790662980.0,1790662680.0,True,,,,
014420261006,2-1-6,5.0,3,1791287425,https://www.winticket.jp/keirin/ogaki/racecard/2026100644/1/1,1-2-6,2-1,1-2,2-1,1-2,1-2|1-6|2-6,"{""2-1-6"": 500}","{""1-2-6"": 280}","{""2-1"": 190}","{""1-2"": 110}","{""1-2"": 100, ""1-6"": 290, ""2-6"": 270}",{},{},1791286800.0,1791286500.0,True,winticket,,,
014420261007,3-5-2,87.7,3,1791373867,https://www.winticket.jp/keirin/ogaki/racecard/2026100644/2/1,2-3-5,3-5,3-5,3-5,3-5,2-3|2-5|3-5,"{""3-5-2"": 8770}","{""2-3-5"": 930}","{""3-5"": 2440}","{""3-5"": 860}","{""2-3"": 270, ""2-5"": 350, ""3-5"": 330}",{},{},1791373200.0,1791372900.0,True,winticket,,,
014420261008,3-2-1,13.4,3,1791460143,https://www.winticket.jp/keirin/ogaki/racecard/2026100644/3/1,1-2-3,3-2,2-3,3-2,2-3,1-2|1-3|2-3,"{""3-2-1"": 1340}","{""1-2-3"": 200}","{""3-2"": 520}","{""2-3"": 250}","{""1-2"": 100, ""1-3"": 170, ""2-3"": 120}",{},{},1791459600.0,1791459300.0,True,winticket,,['3-2-1'],2026-10-08T21:06:44.063274+09:00
014520260728,6-1-2,36.4,3,1785204517,https://www.winticket.jp/keirin/toyohashi/racecard/2026072545/4/1,1-2-6,6-1,1-6,6-1,1-6,1-2|1-6|2-6,"{""6-1-2"": 3640}","{""1-2-6"": 380}","{""6-1"": 740}","{""1-6"": 260}","{""1-2"": 150, ""1-6"": 170, ""2-6"": 200}",{},{},1785203880.0,1785203580.0,,,,,
014520260805,5-3-7,11.0,3,1785895874,https://www.winticket.jp/keirin/toyohashi/racecard/2026080545/1/1,3-5-7,5-3,3-5,5-3,3-5,3-5|3-7|5-7,"{""5-3-7"": 1100}","{""3-5-7"": 540}","{""5-3"": 320}","{""3-5"": 220}","{""3-5"": 130, ""3-7"": 330, ""5-7"": 230}",{},{},1785895080.0,1785894780.0,,,,,
014720261001,8-1-5,365.8,3,1790821121,https://www.winticket.jp/keirin/matsusaka/racecard/2026100147/1/1,1-5-8,8-1,1-8,6-1,1-6,1-5|1-8|5-8,"{""8-1-5"": 36580, ""8-5-1"": 30710}","{""1-5-8"": 780}","{""8-1"": 16970, ""8-5"": 15180}","{""1-8"": 4490, ""5-8"": 3100}","{""1-5"": 130, ""1-8"": 730, ""5-8"": 720}","{""6-1"": 1330, ""6-4"": 1860}","{""1-6"": 490, ""4-6"": 690}",1790819880.0,1790819580.0,True,,,,
014720261002,1-8-5,160.3,3,1790907241,https://www.winticket.jp/keirin/matsusaka/racecard/2026100147/2/1,1-5-8,1-8,1-8,1-6,1-6,1-5|1-8|5-8,"{""1-8-5"": 16030}","{""1-5-8"": 7030}","{""1-8"": 1910}","{""1-8"": 1460}","{""1-5"": 1140, ""1-8"": 370, ""5-8"": 3150}","{""1-6"": 1070}","{""1-6"": 640}",1790906280.0,1790905980.0,True,,,,
014720261003,,,2,0,https://www.winticket.jp/keirin/matsusaka/racecard/2026100147/3/1,,,,,,,{},{},{},{},{},{},{},1790992680.0,1790992380.0,False,,,,
014820261007,5-2-3,20.7,3,1791357516,https://www.winticket.jp/keirin/yokkaichi/racecard/2026100748/1/1,2-3-5,5-2,2-5,5-2,2-5,2-3|2-5|3-5,"{""5-2-3"": 2070}","{""2-3-5"": 320}","{""5-2"": 1320}","{""2-5"": 420}","{""2-3"": 110, ""2-5"": 210, ""3-5"": 160}",{},{},1791356640.0,1791356340.0,True,winticket,,,
014820261008,1-5-4,176.5,3,1791443493,https://www.winticket.jp/keirin/yokkaichi/racecard/2026100748/2/1,1-4-5,1-5,1-5,1-5,1-5,1-4|1-5|4-5,"{""1-5-4"": 17650}","{""1-4-5"": 960}","{""1-5"": 4250}","{""1-5"": 1880}","{""1-4"": 140, ""1-5"": 600, ""4-5"": 880}",{},{},1791442740.0,1791442440.0,True,winticket,,,
015320260930,2-1-4,9.0,3,1790769101,https://www.winticket.jp/keirin/nara/racecard/2026093053/1/1,1-2-4,2-1,1-2,2-1,1-2,1-2|1-4|2-4,"{""2-1-4"": 900}","{""1-2-4"": 340}","{""2-1"": 540}","{""1-2"": 260}","{""1-2"": 180, ""1-4"": 150, ""2-4"": 200}",{},{},1790768460.0,1790768160.0,True,,,,
015320261001,,,2,0,https://www.winticket.jp/keirin/nara/racecard/2026093053/2/1,,,,,,,{},{},{},{},{},{},{},1790854860.0,1790854560.0,False,,,,
015320261002,,,1,0,https://www.winticket.jp/keirin/nara/racecard/2026093053/3/1,,,,,,,{},{},{},{},{},{},{},1790941260.0,1790940960.0,False,,,,
015320261005,,,1,0,https://www.winticket.jp/keirin/nara/racecard/2026100553/1/1,,,,,,,{},{},{},{},{},{},{},1791164700.0,1791164400.0,False,,,,
015320261006,5-3-7,114.5,3,1791252533,https://www.winticket.jp/keirin/nara/racecard/2026100553/2/1,3-5-7,5-3,3-5,5-3,3-5,3-5|3-7|5-7,"{""5-3-7"": 11450}","{""3-5-7"": 1890}","{""5-3"": 1200}","{""3-5"": 510}","{""3-5"": 280, ""3-7"": 450, ""5-7"": 860}",{},{},1791251820.0,1791251520.0,True,winticket,,,
015320261007,6-2-1,639.8,3,1791338724,https://www.winticket.jp/keirin/nara/racecard/2026100553/3/1,1-2-6,6-2,2-6,6-2,2-6,1-2|1-6|2-6,"{""6-2-1"": 63980}","{""1-2-6"": 11310}","{""6-2"": 4260}","{""2-6"": 3570}","{""1-2"": 760, ""1-6"": 1270, ""2-6"": 1000}",{},{},1791337980.0,1791337680.0,True,winticket,,,
016120260929,5-6-1,445.4,3,1790683255,https://www.winticket.jp/keirin/tamano/racecard/2026092761/3/1,1-5-6,5-6,5-6,5-6,5-6,1-5|1-6|5-6,"{""5-6-1"": 44540}","{""1-5-6"": 4480}","{""5-6"": 15680}","{""5-6"": 5680}","{""1-5"": 970, ""1-6"": 390, ""5-6"": 1400}",{},{},1790682600.0,1790682300.0,True,,,,
016220260929,5-3-7,108.3,3,1790646805,https://www.winticket.jp/keirin/hiroshima/racecard/2026092862/2/1,3-5-7,5-3,3-5,5-3,3-5,3-5|3-7|5-7,"{""5-3-7"": 10830}","{""3-5-7"": 1280}","{""5-3"": 2280}","{""3-5"": 1320}","{""3-5"": 400, ""3-7"": 730, ""5-7"": 360}",{},{},1790646300.0,1790646000.0,True,,,,
016220260930,5-7-4,80.6,3,1790733289,https://www.winticket.jp/keirin/hiroshima/racecard/2026092862/3/1,4-5-7,5-7,5-7,5-6,5-6,4-5|4-7|5-7,"{""5-7-4"": 8060}","{""4-5-7"": 1090}","{""5-7"": 1970}","{""5-7"": 510}","{""4-5"": 390, ""4-7"": 160, ""5-7"": 330}",{},{},1790732700.0,1790732400.0,True,,,,
016320260929,3-4-2,1685.9,3,1790639044,https://www.winticket.jp/keirin/hofu/racecard/2026092963/1/1,2-3-4,3-4,3-4,3-4,3-4,2-3|2-4|3-4,"{""3-4-2"": 168590}","{""2-3-4"": 13950}","{""3-4"": 17650}","{""3-4"": 9460}","{""2-3"": 1570, ""2-4"": 2850, ""3-4"": 1080}",{},{},1790638200.0,1790637900.0,True,,,,
016320260930,2-5-6,46.1,3,1790725138,https://www.winticket.jp/keirin/hofu/racecard/2026092963/2/1,2-5-6,2-5,2-5,2-5,2-5,2-5|2-6|5-6,"{""2-5-6"": 4610}","{""2-5-6"": 3200}","{""2-5"": 270}","{""2-5"": 230}","{""2-5"": 160, ""2-6"": 780, ""5-6"": 1790}",{},{},1790724600.0,1790724300.0,True,,,,
016320261006,4-1-2,33.6,3,1791243623,https://www.winticket.jp/keirin/hofu/racecard/2026100463/3/1,1-2-4,4-1,1-4,4-1,1-4,1-2|1-4|2-4,"{""4-1-2"": 3360}","{""1-2-4"": 800}","{""4-1"": 1540}","{""1-4"": 740}","{""1-2"": 340, ""1-4"": 400, ""2-4"": 250}",{},{},1791243000.0,1791242700.0,True,winticket,,,
017320261003,,,1,0,https://www.winticket.jp/keirin/komatsushima/racecard/2026100373/1/1,,,,,,,{},{},{},{},{},{},{},1791028620.0,1791028320.0,False,,,,
017320261004,1-2-4,62.8,3,1791115789,https://www.winticket.jp/keirin/komatsushima/racecard/2026100373/2/1,1-2-4,1-2,1-2,1-2,1-2,1-2|1-4|2-4,"{""1-2-4"": 6280}","{""1-2-4"": 1690}","{""1-2"": 980}","{""1-2"": 610}","{""1-2"": 240, ""1-4"": 270, ""2-4"": 660}",{},{},1791115020.0,1791114720.0,True,,,,
017320261005,,,2,0,https://www.winticket.jp/keirin/komatsushima/racecard/2026100373/3/1,,,,,,,{},{},{},{},{},{},{},1791201420.0,1791201120.0,False,,,,
017420261007,1-5-3,24.2,3,1791330149,https://www.winticket.jp/keirin/kochi/racecard/2026100774/1/1,1-3-5,1-5,1-5,1-5,1-5,1-3|1-5|3-5,"{""1-5-3"": 2420}","{""1-3-5"": 1040}","{""1-5"": 600}","{""1-5"": 390}","{""1-3"": 820, ""1-5"": 200, ""3-5"": 750}",{},{},1791329400.0,1791329100.0,True,winticket,,,
017420261008,7-5-6,117.6,3,1791416385,https://www.winticket.jp/keirin/kochi/racecard/2026100774/2/1,5-6-7,7-5,5-7,6-5,5-6,5-6|5-7|6-7,"{""7-5-6"": 11760}","{""5-6-7"": 7040}","{""7-5"": 780}","{""5-7"": 830}","{""5-6"": 1430, ""5-7"": 210, ""6-7"": 880}",{},{},1791415800.0,1791415500.0,True,winticket,,,
017420261009,4-1-7,24.0,3,1791503513,https://www.winticket.jp/keirin/kochi/racecard/2026100774/3/1,1-4-7,4-1,1-4,4-1,1-4,1-4|1-7|4-7,"{""4-1-7"": 2400}","{""1-4-7"": 890}","{""4-1"": 320}","{""1-4"": 190}","{""1-4"": 120, ""1-7"": 500, ""4-7"": 410}",{},{},1791502800.0,1791502500.0,True,winticket,,['4-1-7'],2026-10-09T09:34:02.863213+09:00
017520261006,7-3-1,21.0,3,1791269794,https://www.winticket.jp/keirin/matsuyama/racecard/2026100475/3/1,1-3-7,7-3,3-7,6-3,3-6,1-3|1-7|3-7,"{""7-3-1"": 2100}","{""1-3-7"": 980}","{""7-3"": 590}","{""3-7"": 490}","{""1-3"": 650, ""1-7"": 420, ""3-7"": 330}",{},{},1791269100.0,1791268800.0,True,winticket,,,
018320260906,1-5-3,5.0,3,1788696213,https://www.winticket.jp/keirin/kurume/racecard/2026090583/2/1,1-3-5,1-5,1-5,1-5,1-5,1-3|1-5|3-5,"{""1-5-3"": 500}","{""1-3-5"": 210}","{""1-5"": 280}","{""1-5"": 200}","{""1-3"": 130, ""1-5"": 140, ""3-5"": 200}",{},{},1788695400.0,1788695100.0,,,,,
018320261001,7-3-4,832.5,3,1790839461,https://www.winticket.jp/keirin/kurume/racecard/2026100183/1/1,3-4-7,7-3,3-7,6-3,3-6,3-4|3-7|4-7,"{""7-3-4"": 83250}","{""3-4-7"": 3880}","{""7-3"": 8430}","{""3-7"": 2510}","{""3-4"": 640, ""3-7"": 320, ""4-7"": 1820}",{},{},1790838600.0,1790838300.0,True,,,,
018320261002,,,2,0,https://www.winticket.jp/keirin/kurume/racecard/2026100183/2/1,,,,,,,{},{},{},{},{},{},{},1790925000.0,1790924700.0,False,,,,
018320261003,,,1,0,https://www.winticket.jp/keirin/kurume/racecard/2026100183/3/1,,,,,,,{},{},{},{},{},{},{},1791011400.0,1791011100.0,False,,,,
018420260929,5-7-6,456.7,3,1790647853,https://www.winticket.jp/keirin/takeo/racecard/2026092784/3/1,5-6-7,5-7,5-7,5-6,5-6,5-6|5-7|6-7,"{""5-7-6"": 45670}","{""5-6-7"": 2610}","{""5-7"": 6410}","{""5-7"": 1470}","{""5-6"": 1380, ""5-7"": 460, ""6-7"": 2220}",{},{},1790647080.0,1790646780.0,True,,,,
018420261003,,,1,0,https://www.winticket.jp/keirin/takeo/racecard/2026100384/1/1,,,,,,,{},{},{},{},{},{},{},1791027660.0,1791027360.0,False,,,,
018420261004,3-4-2,93.7,3,1791114879,https://www.winticket.jp/keirin/takeo/racecard/2026100384/2/1,2-3-4,3-4,3-4,3-4,3-4,2-3|2-4|3-4,"{""3-4-2"": 9370}","{""2-3-4"": 1240}","{""3-4"": 2440}","{""3-4"": 650}","{""2-3"": 530, ""2-4"": 470, ""3-4"": 360}",{},{},1791114060.0,1791113760.0,True,,,,
018420261005,,,3,0,https://www.winticket.jp/keirin/takeo/racecard/2026100384/3/1,,,,,,,"{""1-2-5"": 5000}","{""1-2-5"": 2510}","{""1-2"": 670}","{""1-2"": 530}","{""1-2"": 340, ""1-5"": 1090, ""2-5"": 1190}",{},{},1791200460.0,1791200160.0,False,,,,
018420261009,4-7-2,7.3,3,1791503033,https://www.winticket.jp/keirin/takeo/racecard/2026100984/1/1,2-4-7,4-7,4-7,4-6,4-6,2-4|2-7|4-7,"{""4-7-2"": 730}","{""2-4-7"": 380}","{""4-7"": 250}","{""4-7"": 160}","{""2-4"": 140, ""2-7"": 410, ""4-7"": 110}",{},{},1791502200.0,1791501900.0,True,winticket,,['4-7-2'],2026-10-09T09:33:59.762513+09:00
018520260930,1-3-4,17.5,3,1790726092,https://www.winticket.jp/keirin/sasebo/racecard/2026093085/1/1,1-3-4,1-3,1-3,1-3,1-3,1-3|1-4|3-4,"{""1-3-4"": 1750}","{""1-3-4"": 700}","{""1-3"": 270}","{""1-3"": 120}","{""1-3"": 100, ""1-4"": 450, ""3-4"": 410}",{},{},1790725200.0,1790724900.0,True,,,,
021220260927,7-2-1,16.2,3,1790467170,https://www.winticket.jp/keirin/aomori/racecard/2026092612/2/2,1-2-7,7-2,2-7,6-2,2-6,1-2|1-7|2-7,"{""7-2-1"": 1620}","{""1-2-7"": 800}","{""7-2"": 260}","{""2-7"": 190}","{""1-2"": 520, ""1-7"": 340, ""2-7"": 120}",{},{},1790466600.0,1790466300.0,True,,,,
021220260930,1-2-3,4.9,3,1790770980,https://www.winticket.jp/keirin/aomori/racecard/2026093012/1/2,1-2-3,1-2,1-2,1-2,1-2,1-2|1-3|2-3,"{""1-2-3"": 490}","{""1-2-3"": 340}","{""1-2"": 170}","{""1-2"": 150}","{""1-2"": 110, ""1-3"": 160, ""2-3"": 270}",{},{},1790770380.0,1790770080.0,True,,,,
021220261001,1-2-5,9.9,3,1790857443,https://www.winticket.jp/keirin/aomori/racecard/2026093012/2/2,1-2-5,1-2,1-2,1-2,1-2,1-2|1-5|2-5,"{""1-2-5"": 990}","{""1-2-5"": 530}","{""1-2"": 150}","{""1-2"": 110}","{""1-2"": 100, ""1-5"": 340, ""2-5"": 350}",{},{},1790856780.0,1790856480.0,True,,,,
021220261002,,,1,0,https://www.winticket.jp/keirin/aomori/racecard/2026093012/3/2,,,,,,,{},{},{},{},{},{},{},1790943180.0,1790942880.0,False,,,,
021320260717,1-2-3,2.8,3,1784290374,https://www.winticket.jp/keirin/iwakidaira/racecard/2026071613/2/2,1-2-3,1-2,1-2,1-2,1-2,1-2|1-3|2-3,"{""1-2-3"": 280}","{""1-2-3"": 130}","{""1-2"": 160}","{""1-2"": 140}","{""1-2"": 100, ""1-3"": 120, ""2-3"": 150}",{},{},1784289600.0,1784289300.0,,,,,
021320260722,2-1-7,30.5,3,1784723462,https://www.winticket.jp/keirin/iwakidaira/racecard/2026072213/1/2,1-2-7,2-1,1-2,2-1,1-2,1-2|1-7|2-7,"{""2-1-7"": 3050}","{""1-2-7"": 1560}","{""2-1"": 380}","{""1-2"": 120}","{""1-2"": 100, ""1-7"": 1010, ""2-7"": 850}",{},{},1784722380.0,1784722080.0,,,,,
021320260723,2-4-1,37.5,3,1784809504,https://www.winticket.jp/keirin/iwakidaira/racecard/2026072213/2/2,1-2-4,2-4,2-4,2-4,2-4,1-2|1-4|2-4,"{""1-2-6"": 100, ""1-3-6"": 100, ""1-4-6"": 100, ""1-5-6"": 100, ""1-6-2"": 100, ""1-6-3"": 100, ""1-6-4"": 100, ""1-6-5"": 100, ""1-6-7"": 100, ""1-7-6"": 100, ""2-1-6"": 100, ""2-3-6"": 100, ""2-4-1"": 3750, ""2-4-6"": 100, ""2-5-6"": 100, ""2-6-1"": 100, ""2-6-3"": 100, ""2-6-4"": 100, ""2-6-5"": 100, ""2-6-7"": 100, ""2-7-6"": 100, ""3-1-6"": 100, ""3-2-6"": 100, ""3-4-6"": 100, ""3-5-6"": 100, ""3-6-1"": 100, ""3-6-2"": 100, ""3-6-4"": 100, ""3-6-5"": 100, ""3-6-7"": 100, ""3-7-6"": 100, ""4-1-6"": 100, ""4-2-6"": 100, ""4-3-6"": 100, ""4-5-6"": 100, ""4-6-1"": 100, ""4-6-2"": 100, ""4-6-3"": 100, ""4-6-5"": 100, ""4-6-7"": 100, ""4-7-6"": 100, ""5-1-6"": 100, ""5-2-6"": 100, ""5-3-6"": 100, ""5-4-6"": 100, ""5-6-1"": 100, ""5-6-2"": 100, ""5-6-3"": 100, ""5-6-4"": 100, ""5-6-7"": 100, ""5-7-6"": 100, ""6-1-2"": 100, ""6-1-3"": 100, ""6-1-4"": 100, ""6-1-5"": 100, ""6-1-7"": 100, ""6-2-1"": 100, ""6-2-3"": 100, ""6-2-4"": 100, ""6-2-5"": 100, ""6-2-7"": 100, ""6-3-1"": 100, ""6-3-2"": 100, ""6-3-4"": 100, ""6-3-5"": 100, ""6-3-7"": 100, ""6-4-1"": 100, ""6-4-2"": 100, ""6-4-3"": 100, ""6-4-5"": 100, ""6-4-7"": 100, ""6-5-1"": 100, ""6-5-2"": 100, ""6-5-3"": 100, ""6-5-4"": 100, ""6-5-7"": 100, ""6-7-1"": 100, ""6-7-2"": 100, ""6-7-3"": 100, ""6-7-4"": 100, ""6-7-5"": 100, ""7-1-6"": 100, ""7-2-6"": 100, ""7-3-6"": 100, ""7-4-6"": 100, ""7-5-6"": 100, ""7-6-1"": 100, ""7-6-2"": 100, ""7-6-3"": 100, ""7-6-4"": 100, ""7-6-5"": 100}","{""1-2-4"": 1020, ""1-2-6"": 100, ""1-3-6"": 100, ""1-4-6"": 100, ""1-5-6"": 100, ""1-6-7"": 100, ""2-3-6"": 100, ""2-4-6"": 100, ""2-5-6"": 100, ""2-6-7"": 100, ""3-4-6"": 100, ""3-5-6"": 100, ""3-6-7"": 100, ""4-5-6"": 100, ""4-6-7"": 100, ""5-6-7"": 100}","{""1-6"": 100, ""2-4"": 820, ""2-6"": 100, ""3-6"": 100, ""4-6"": 100, ""5-6"": 100, ""6-1"": 100, ""6-2"": 100, ""6-3"": 100, ""6-4"": 100, ""6-5"": 100, ""6-7"": 100, ""7-6"": 100}","{""1-6"": 100, ""2-4"": 580, ""2-6"": 100, ""3-6"": 100, ""4-6"": 100, ""5-6"": 100, ""6-7"": 100}","{""1-2"": 250, ""1-4"": 230, ""1-6"": 100, ""2-4"": 250, ""2-6"": 100, ""3-6"": 100, ""4-6"": 100, ""5-6"": 100, ""6-7"": 100}",{},{},1784808780.0,1784808480.0,,,,,
021320260724,4-1-2,155.8,3,1784895843,https://www.winticket.jp/keirin/iwakidaira/racecard/2026072213/3/2,1-2-4,4-1,1-4,4-1,1-4,1-2|1-4|2-4,"{""4-1-2"": 15580}","{""1-2-4"": 2250}","{""4-1"": 3030}","{""1-4"": 1040}","{""1-2"": 410, ""1-4"": 360, ""2-4"": 1370}",{},{},1784895180.0,1784894880.0,,,,,
021320260929,1-2-4,18.1,3,1790683906,https://www.winticket.jp/keirin/iwakidaira/racecard/2026092713/3/2,1-2-4,1-2,1-2,1-2,1-2,1-2|1-4|2-4,"{""1-2-4"": 1810}","{""1-2-4"": 580}","{""1-2"": 490}","{""1-2"": 200}","{""1-2"": 120, ""1-4"": 370, ""2-4"": 380}",{},{},1790683200.0,1790682900.0,True,,,,
021320261005,4-7-2,12.6,3,1791185525,https://www.winticket.jp/keirin/iwakidaira/racecard/2026100413/2/2,2-4-7,4-7,4-7,4-6,4-6,2-4|2-7|4-7,"{""4-7-2"": 1260}","{""2-4-7"": 580}","{""4-7"": 770}","{""4-7"": 390}","{""2-4"": 360, ""2-7"": 280, ""4-7"": 250}",{},{},1791184860.0,1791184560.0,True,,,,
021320261006,4-2-7,293.7,3,1791271990,https://www.winticket.jp/keirin/iwakidaira/racecard/2026100413/3/2,2-4-7,4-2,2-4,4-2,2-4,2-4|2-7|4-7,"{""4-2-7"": 29370}","{""2-4-7"": 2330}","{""4-2"": 5660}","{""2-4"": 4020}","{""2-4"": 550, ""2-7"": 660, ""4-7"": 180}",{},{},1791271320.0,1791271020.0,True,winticket,,,
022120260730,1-4-5,12.2,3,1785395826,https://www.winticket.jp/keirin/yahiko/racecard/2026073021/1/2,1-4-5,1-4,1-4,1-4,1-4,1-4|1-5|4-5,"{""1-4-5"": 1220}","{""1-4-5"": 420}","{""1-4"": 340}","{""1-4"": 220}","{""1-4"": 160, ""1-5"": 230, ""4-5"": 340}",{},{},1785395220.0,1785394920.0,,,,,
022120260801,7-5-1,42.7,3,1785569814,https://www.winticket.jp/keirin/yahiko/racecard/2026073021/3/2,1-5-7,7-5,5-7,6-5,5-6,1-5|1-7|5-7,"{""7-5-1"": 4270}","{""1-5-7"": 680}","{""7-5"": 960}","{""5-7"": 300}","{""1-5"": 340, ""1-7"": 400, ""5-7"": 140}",{},{},1785569160.0,1785568860.0,,,,,
022220260930,1-3-5,28.9,3,1790771410,https://www.winticket.jp/keirin/maebashi/racecard/2026093022/1/2,1-3-5,1-3,1-3,1-3,1-3,1-3|1-5|3-5,"{""1-3-5"": 2890}","{""1-3-5"": 1480}","{""1-3"": 290}","{""1-3"": 200}","{""1-3"": 140, ""1-5"": 920, ""3-5"": 780}",{},{},1790770860.0,1790770560.0,True,,,,
022220261001,4-2-5,57.9,3,1790858032,https://www.winticket.jp/keirin/maebashi/racecard/2026093022/2/2,2-4-5,4-2,2-4,4-2,2-4,2-4|2-5|4-5,"{""4-2-5"": 5790}","{""2-4-5"": 1720}","{""4-2"": 510}","{""2-4"": 350}","{""2-4"": 220, ""2-5"": 1200, ""4-5"": 650}",{},{},1790857260.0,1790856960.0,True,,,,
022220261002,,,1,0,https://www.winticket.jp/keirin/maebashi/racecard/2026093022/3/2,,,,,,,{},{},{},{},{},{},{},1790943660.0,1790943360.0,False,,,,
022220261006,1-2-3,3.4,3,1791289181,https://www.winticket.jp/keirin/maebashi/racecard/2026100622/1/2,1-2-3,1-2,1-2,1-2,1-2,1-2|1-3|2-3,"{""1-2-3"": 340}","{""1-2-3"": 210}","{""1-2"": 180}","{""1-2"": 140}","{""1-2"": 120, ""1-3"": 150, ""2-3"": 190}",{},{},1791288600.0,1791288300.0,True,winticket,,,
022220261007,1-4-3,26.5,3,1791375612,https://www.winticket.jp/keirin/maebashi/racecard/2026100622/2/2,1-3-4,1-4,1-4,1-4,1-4,1-3|1-4|3-4,"{""1-4-3"": 2650}","{""1-3-4"": 1050}","{""1-4"": 770}","{""1-4"": 790}","{""1-3"": 180, ""1-4"": 290, ""3-4"": 710}",{},{},1791375000.0,1791374700.0,True,winticket,,,
022220261008,1-3-6,9.1,3,1791461936,https://www.winticket.jp/keirin/maebashi/racecard/2026100622/3/2,1-3-6,1-3,1-3,1-3,1-3,1-3|1-6|3-6,"{""1-3-6"": 910}","{""1-3-6"": 440}","{""1-3"": 220}","{""1-3"": 120}","{""1-3"": 130, ""1-6"": 450, ""3-6"": 270}",{},{},1791461400.0,1791461100.0,True,winticket,,['1-3-6'],2026-10-08T21:31:05.574832+09:00
022520261001,1-7-6,28.9,3,1790821370,https://www.winticket.jp/keirin/omiya/racecard/2026100125/1/2,1-6-7,1-7,1-7,1-6,1-6,1-6|1-7|6-7,"{""1-7-6"": 2890}","{""1-6-7"": 630}","{""1-7"": 1030}","{""1-7"": 500}","{""1-6"": 160, ""1-7"": 280, ""6-7"": 350}",{},{},1790820720.0,1790820420.0,True,,,,
022520261002,4-3-5,31.4,3,1790907690,https://www.winticket.jp/keirin/omiya/racecard/2026100125/2/2,3-4-5,4-3,3-4,4-3,3-4,3-4|3-5|4-5,"{""4-3-5"": 3140}","{""3-4-5"": 850}","{""4-3"": 460}","{""3-4"": 250}","{""3-4"": 140, ""3-5"": 400, ""4-5"": 530}",{},{},1790907120.0,1790906820.0,True,,,,
022520261003,,,3,0,https://www.winticket.jp/keirin/omiya/racecard/2026100125/3/2,,,,,,,"{""4-3-1"": 470}","{""1-3-4"": 150}","{""4-3"": 330}","{""3-4"": 120}","{""1-3"": 150, ""1-4"": 130, ""3-4"": 100}",{},{},1790993520.0,1790993220.0,False,,,,
022520261006,4-2-6,802.7,3,1791253363,https://www.winticket.jp/keirin/omiya/racecard/2026100625/1/2,2-4-6,4-2,2-4,4-2,2-4,2-4|2-6|4-6,"{""4-2-6"": 80270}","{""2-4-6"": 11320}","{""4-2"": 8440}","{""2-4"": 4880}","{""2-4"": 1270, ""2-6"": 1360, ""4-6"": 1480}",{},{},1791252600.0,1791252300.0,True,winticket,,,
022520261007,3-5-2,12.5,3,1791339599,https://www.winticket.jp/keirin/omiya/racecard/2026100625/2/2,2-3-5,3-5,3-5,3-5,3-5,2-3|2-5|3-5,"{""3-5-2"": 1250}","{""2-3-5"": 280}","{""3-5"": 820}","{""3-5"": 420}","{""2-3"": 180, ""2-5"": 140, ""3-5"": 170}",{},{},1791339000.0,1791338700.0,True,winticket,,,
022520261008,3-4-1,10.7,3,1791426115,https://www.winticket.jp/keirin/omiya/racecard/2026100625/3/2,1-3-4,3-4,3-4,3-4,3-4,1-3|1-4|3-4,"{""3-4-1"": 1070}","{""1-3-4"": 420}","{""3-4"": 250}","{""3-4"": 120}","{""1-3"": 260, ""1-4"": 310, ""3-4"": 120}",{},{},1791425520.0,1791425220.0,True,winticket,,,
022620260718,1-3-2,69.9,3,1784358330,https://www.winticket.jp/keirin/seibuen/racecard/2026071626/3/2,1-2-3,1-3,1-3,1-3,1-3,1-2|1-3|2-3,"{""1-3-2"": 6990}","{""1-2-3"": 5440}","{""1-3"": 220}","{""1-3"": 130}","{""1-2"": 640, ""1-3"": 110, ""2-3"": 850}",{},{},1784357640.0,1784357340.0,,,,,
022720260714,7-1-3,170.2,3,1784031560,https://www.winticket.jp/keirin/keiokaku/racecard/2026071327/2/2,1-3-7,7-1,1-7,6-1,1-6,1-3|1-7|3-7,"{""7-1-3"": 17020}","{""1-3-7"": 470}","{""7-1"": 8650}","{""1-7"": 1530}","{""1-3"": 140, ""1-7"": 350, ""3-7"": 360}",{},{},1784031000.0,1784030700.0,,,,,
022820260817,4-1-7,45.7,3,1786934164,https://www.winticket.jp/keirin/tachikawa/racecard/2026081728/1/2,1-4-7,4-1,1-4,4-1,1-4,1-4|1-7|4-7,"{""4-1-7"": 4570}","{""1-4-7"": 460}","{""4-1"": 840}","{""1-4"": 150}","{""1-4"": 110, ""1-7"": 180, ""4-7"": 300}",{},{},1786933560.0,1786933260.0,,,,,
022820260917,1-5-7,43.4,3,1789612501,https://www.winticket.jp/keirin/tachikawa/racecard/2026091628/2/2,1-5-7,1-5,1-5,1-5,1-5,1-5|1-7|5-7,"{""1-5-7"": 4340}","{""1-5-7"": 930}","{""1-5"": 1000}","{""1-5"": 630}","{""1-5"": 260, ""1-7"": 130, ""5-7"": 350}",{},{},1789611960.0,1789611660.0,,,,,
023420261001,2-1-4,114.9,3,1790839701,https://www.winticket.jp/keirin/kawasaki/racecard/2026100134/1/2,1-2-4,2-1,1-2,2-1,1-2,1-2|1-4|2-4,"{""2-1-4"": 11490}","{""1-2-4"": 1180}","{""2-1"": 2060}","{""1-2"": 720}","{""1-2"": 230, ""1-4"": 170, ""2-4"": 940}",{},{},1790839080.0,1790838780.0,True,,,,
023420261002,,,1,0,https://www.winticket.jp/keirin/kawasaki/racecard/2026100134/2/2,,,,,,,{},{},{},{},{},{},{},1790925480.0,1790925180.0,False,,,,
023420261003,,,2,0,https://www.winticket.jp/keirin/kawasaki/racecard/2026100134/3/2,,,,,,,{},{},{},{},{},{},{},1791011880.0,1791011580.0,False,,,,
023520260930,2-6-3,130.8,3,1790753204,https://www.winticket.jp/keirin/hiratsuka/racecard/2026092835/3/2,2-3-6,2-6,2-6,2-6,2-6,2-3|2-6|3-6,"{""2-6-3"": 13080}","{""2-3-6"": 7000}","{""2-6"": 2280}","{""2-6"": 1810}","{""2-3"": 370, ""2-6"": 1010, ""3-6"": 1950}",{},{},1790752620.0,1790752320.0,True,,,,
023520261005,,,1,0,https://www.winticket.jp/keirin/hiratsuka/racecard/2026100335/3/2,,,,,,,{},{},{},{},{},{},{},1791202380.0,1791202080.0,False,,,,
023520261008,1-6-4,279.8,3,1791444216,https://www.winticket.jp/keirin/hiratsuka/racecard/2026100835/1/2,1-4-6,1-6,1-6,1-6,1-6,1-4|1-6|4-6,"{""1-6-4"": 27980}","{""1-4-6"": 680}","{""1-6"": 17590}","{""1-6"": 9320}","{""1-4"": 230, ""1-6"": 560, ""4-6"": 390}",{},{},1791443220.0,1791442920.0,True,winticket,,,
023720260723,1-7-4,24.1,3,1784809744,https://www.winticket.jp/keirin/ito/racecard/2026072237/2/2,1-4-7,1-7,1-7,1-6,1-6,1-4|1-7|4-7,"{""1-7-4"": 2410}","{""1-4-7"": 990}","{""1-7"": 520}","{""1-7"": 470}","{""1-4"": 220, ""1-7"": 260, ""4-7"": 1070}",{},{},1784809260.0,1784808960.0,,,,,
023720260902,2-1-3,21.5,3,1788351211,https://www.winticket.jp/keirin/ito/racecard/2026090237/1/2,1-2-3,2-1,1-2,2-1,1-2,1-2|1-3|2-3,"{""2-1-3"": 2150}","{""1-2-3"": 400}","{""2-1"": 400}","{""1-2"": 120}","{""1-2"": 100, ""1-3"": 170, ""2-3"": 230}",{},{},1788350700.0,1788350400.0,,,,,
023720260903,2-1-3,4.4,3,1788437615,https://www.winticket.jp/keirin/ito/racecard/2026090237/2/2,1-2-3,2-1,1-2,2-1,1-2,1-2|1-3|2-3,"{""2-1-3"": 440}","{""1-2-3"": 120}","{""2-1"": 230}","{""1-2"": 110}","{""1-2"": 100, ""1-3"": 110, ""2-3"": 120}",{},{},1788437100.0,1788436800.0,,,,,
023820261007,4-3-1,46.9,3,1791340619,https://www.winticket.jp/keirin/shizuoka/racecard/2026100738/1/2,1-3-4,4-3,3-4,4-3,3-4,1-3|1-4|3-4,"{""4-3-1"": 4690}","{""1-3-4"": 3010}","{""4-3"": 1020}","{""3-4"": 680}","{""1-3"": 560, ""1-4"": 1110, ""3-4"": 170}",{},{},1791340080.0,1791339780.0,True,winticket,,,
023820261008,1-5-2,188.2,3,1791426890,https://www.winticket.jp/keirin/shizuoka/racecard/2026100738/2/2,1-2-5,1-5,1-5,1-5,1-5,1-2|1-5|2-5,"{""1-5-2"": 18820}","{""1-2-5"": 1640}","{""1-5"": 3380}","{""1-5"": 1540}","{""1-2"": 870, ""1-5"": 420, ""2-5"": 260}",{},{},1791426360.0,1791426060.0,True,winticket,,,
024220260804,4-7-1,15.8,3,1785828306,https://www.winticket.jp/keirin/nagoya/racecard/2026080442/1/2,1-4-7,4-7,4-7,4-6,4-6,1-4|1-7|4-7,"{""4-7-1"": 1580}","{""1-4-7"": 560}","{""4-7"": 670}","{""4-7"": 460}","{""1-4"": 320, ""1-7"": 490, ""4-7"": 230}",{},{},1785827640.0,1785827340.0,,,,,
024420261006,3-1-7,48.1,3,1791288712,https://www.winticket.jp/keirin/ogaki/racecard/2026100644/1/2,1-3-7,3-1,1-3,3-1,1-3,1-3|1-7|3-7,"{""3-1-7"": 4810}","{""1-3-7"": 1260}","{""3-1"": 680}","{""1-3"": 250}","{""1-3"": 140, ""1-7"": 440, ""3-7"": 530}",{},{},1791288000.0,1791287700.0,True,winticket,,,
024420261007,2-1-4,2.5,3,1791374992,https://www.winticket.jp/keirin/ogaki/racecard/2026100644/2/2,1-2-4,2-1,1-2,2-1,1-2,1-2|1-4|2-4,"{""2-1-4"": 250}","{""1-2-4"": 140}","{""2-1"": 170}","{""1-2"": 110}","{""1-2"": 100, ""1-4"": 110, ""2-4"": 120}",{},{},1791374400.0,1791374100.0,True,winticket,,,
024420261008,1-3-2,11.5,3,1791461517,https://www.winticket.jp/keirin/ogaki/racecard/2026100644/3/2,1-2-3,1-3,1-3,1-3,1-3,1-2|1-3|2-3,"{""1-3-2"": 1150}","{""1-2-3"": 120}","{""1-3"": 720}","{""1-3"": 710}","{""1-2"": 100, ""1-3"": 130, ""2-3"": 140}",{},{},1791460800.0,1791460500.0,True,winticket,,['1-3-2'],2026-10-08T21:31:06.463245+09:00
024520260719,5-3-2,58.6,3,1784463084,https://www.winticket.jp/keirin/toyohashi/racecard/2026071945/1/2,2-3-5,5-3,3-5,5-3,3-5,2-3|2-5|3-5,"{""5-3-2"": 5860}","{""2-3-5"": 780}","{""5-3"": 1350}","{""3-5"": 380}","{""2-3"": 330, ""2-5"": 820, ""3-5"": 210}",{},{},1784462400.0,1784462100.0,,,,,
024520260818,4-3-1,472.2,3,1787011560,https://www.winticket.jp/keirin/toyohashi/racecard/2026081845/1/2,1-3-4,4-3,3-4,4-3,3-4,1-3|1-4|3-4,"{""4-3-1"": 47220}","{""1-3-4"": 4890}","{""4-3"": 8410}","{""3-4"": 910}","{""1-3"": 580, ""1-4"": 2960, ""3-4"": 570}",{},{},1787010600.0,1787010300.0,,,,,
024720261001,9-4-2,96.9,3,1790822656,https://www.winticket.jp/keirin/matsusaka/racecard/2026100147/1/2,2-4-9,9-4,4-9,6-4,4-6,2-4|2-9|4-9,"{""9-4-2"": 9690}","{""2-4-9"": 700}","{""9-4"": 6180}","{""4-9"": 3640}","{""2-4"": 630, ""2-9"": 160, ""4-9"": 700}","{""6-4"": 1940}","{""4-6"": 1400}",1790821560.0,1790821260.0,True,,,,
024720261002,,,3,0,https://www.winticket.jp/keirin/matsusaka/racecard/2026100147/2/2,,,,,,,"{""1-4-8"": 19760}","{""1-4-8"": 10260}","{""1-4"": 4200}","{""1-4"": 3040}","{""1-4"": 770, ""1-8"": 2300, ""4-8"": 920}","{""1-4"": 2160}","{""1-4"": 990}",1790907960.0,1790907660.0,False,,,,
024720261003,,,1,0,https://www.winticket.jp/keirin/matsusaka/racecard/2026100147/3/2,,,,,,,{},{},{},{},{},{},{},1790994360.0,1790994060.0,False,,,,
024820261007,5-1-3,196.3,3,1791358937,https://www.winticket.jp/keirin/yokkaichi/racecard/2026100748/1/2,1-3-5,5-1,1-5,5-1,1-5,1-3|1-5|3-5,"{""5-1-3"": 19630}","{""1-3-5"": 2040}","{""5-1"": 8050}","{""1-5"": 6820}","{""1-3"": 1000, ""1-5"": 620, ""3-5"": 210}",{},{},1791358020.0,1791357720.0,True,winticket,,,
024820261008,3-4-6,11.3,3,1791444696,https://www.winticket.jp/keirin/yokkaichi/racecard/2026100748/2/2,3-4-6,3-4,3-4,3-4,3-4,3-4|3-6|4-6,"{""3-4-6"": 1130}","{""3-4-6"": 450}","{""3-4"": 560}","{""3-4"": 420}","{""3-4"": 140, ""3-6"": 250, ""4-6"": 230}",{},{},1791444060.0,1791443760.0,True,winticket,,,
025320260716,1-2-5,18.7,3,1784204408,https://www.winticket.jp/keirin/nara/racecard/2026071653/1/2,1-2-5,1-2,1-2,1-2,1-2,1-2|1-5|2-5,"{""1-2-5"": 1870}","{""1-2-5"": 870}","{""1-2"": 210}","{""1-2"": 180}","{""1-2"": 160, ""1-5"": 180, ""2-5"": 890}",{},{},1784203800.0,1784203500.0,,,,,
025320260718,4-3-7,459.4,3,1784377186,https://www.winticket.jp/keirin/nara/racecard/2026071653/3/2,3-4-7,4-3,3-4,4-3,3-4,3-4|3-7|4-7,"{""4-3-7"": 45940}","{""3-4-7"": 6380}","{""4-3"": 5600}","{""3-4"": 1600}","{""3-4"": 880, ""3-7"": 3610, ""4-7"": 3660}",{},{},1784376600.0,1784376300.0,,,,,
025320260803,1-3-5,3.6,3,1785760259,https://www.winticket.jp/keirin/nara/racecard/2026080353/1/2,1-3-5,1-3,1-3,1-3,1-3,1-3|1-5|3-5,"{""1-3-5"": 360}","{""1-3-5"": 290}","{""1-3"": 190}","{""1-3"": 160}","{""1-3"": 100, ""1-5"": 200, ""3-5"": 260}",{},{},1785759660.0,1785759360.0,,,,,
025320260820,7-5-2,20.6,3,1787193321,https://www.winticket.jp/keirin/nara/racecard/2026082053/1/2,2-5-7,7-5,5-7,6-5,5-6,2-5|2-7|5-7,"{""7-5-2"": 2060}","{""2-5-7"": 880}","{""7-5"": 1250}","{""5-7"": 1040}","{""2-5"": 340, ""2-7"": 260, ""5-7"": 520}",{},{},1787192700.0,1787192400.0,,,,,
025320260930,1-6-2,71.9,3,1790770471,https://www.winticket.jp/keirin/nara/racecard/2026093053/1/2,1-2-6,1-6,1-6,1-6,1-6,1-2|1-6|2-6,"{""1-6-2"": 7190}","{""1-2-6"": 1010}","{""1-6"": 2390}","{""1-6"": 690}","{""1-2"": 190, ""1-6"": 300, ""2-6"": 580}",{},{},1790769900.0,1790769600.0,True,,,,
025320261001,5-6-1,35.5,3,1790856913,https://www.winticket.jp/keirin/nara/racecard/2026093053/2/2,1-5-6,5-6,5-6,5-6,5-6,1-5|1-6|5-6,"{""5-6-1"": 3550}","{""1-5-6"": 200}","{""5-6"": 2110}","{""5-6"": 1650}","{""1-5"": 110, ""1-6"": 210, ""5-6"": 200}",{},{},1790856300.0,1790856000.0,True,,,,
025320261002,,,2,0,https://www.winticket.jp/keirin/nara/racecard/2026093053/3/2,,,,,,,{},{},{},{},{},{},{},1790942700.0,1790942400.0,False,,,,
025320261005,,,1,0,https://www.winticket.jp/keirin/nara/racecard/2026100553/1/2,,,,,,,{},{},{},{},{},{},{},1791166380.0,1791166080.0,False,,,,
025320261006,1-2-7,24.3,3,1791254083,https://www.winticket.jp/keirin/nara/racecard/2026100553/2/2,1-2-7,1-2,1-2,1-2,1-2,1-2|1-7|2-7,"{""1-2-7"": 2430}","{""1-2-7"": 410}","{""1-2"": 1180}","{""1-2"": 650}","{""1-2"": 210, ""1-7"": 110, ""2-7"": 260}",{},{},1791253380.0,1791253080.0,True,winticket,,,
025320261007,4-7-1,23.1,3,1791340109,https://www.winticket.jp/keirin/nara/racecard/2026100553/3/2,1-4-7,4-7,4-7,4-6,4-6,1-4|1-7|4-7,"{""4-7-1"": 2310}","{""1-4-7"": 300}","{""4-7"": 1220}","{""4-7"": 490}","{""1-4"": 280, ""1-7"": 120, ""4-7"": 150}",{},{},1791339540.0,1791339240.0,True,winticket,,,
025520260730,2-3-5,79.3,3,1785378377,https://www.winticket.jp/keirin/wakayama/racecard/2026072955/2/2,2-3-5,2-3,2-3,2-3,2-3,2-3|2-5|3-5,"{""2-3-5"": 7930}","{""2-3-5"": 1970}","{""2-3"": 2190}","{""2-3"": 1660}","{""2-3"": 280, ""2-5"": 150, ""3-5"": 650}",{},{},1785377520.0,1785377220.0,,,,,
026120260929,6-1-3,8.0,3,1790684330,https://www.winticket.jp/keirin/tamano/racecard/2026092761/3/2,1-3-6,6-1,1-6,6-1,1-6,1-3|1-6|3-6,"{""6-1-3"": 800}","{""1-3-6"": 300}","{""6-1"": 590}","{""1-6"": 250}","{""1-3"": 140, ""1-6"": 130, ""3-6"": 160}",{},{},1790683800.0,1790683500.0,True,,,,
026220260928,1-6-3,3005.8,3,1790562126,https://www.winticket.jp/keirin/hiroshima/racecard/2026092862/1/2,1-3-6,1-6,1-6,1-6,1-6,1-3|1-6|3-6,"{""1-6-3"": 300580}","{""1-3-6"": 54580}","{""1-6"": 18680}","{""1-6"": 8560}","{""1-3"": 980, ""1-6"": 3390, ""3-6"": 5050}",{},{},1790561340.0,1790561040.0,True,,,,
026220260929,7-1-2,106.9,3,1790648514,https://www.winticket.jp/keirin/hiroshima/racecard/2026092862/2/2,1-2-7,7-1,1-7,6-1,1-6,1-2|1-7|2-7,"{""7-1-2"": 10690}","{""1-2-7"": 2910}","{""7-1"": 3710}","{""1-7"": 2450}","{""1-2"": 1280, ""1-7"": 740, ""2-7"": 470}",{},{},1790647860.0,1790647560.0,True,,,,
026220260930,1-7-5,62.8,3,1790735068,https://www.winticket.jp/keirin/hiroshima/racecard/2026092862/3/2,1-5-7,1-7,1-7,1-6,1-6,1-5|1-7|5-7,"{""1-7-5"": 6280}","{""1-5-7"": 2180}","{""1-7"": 940}","{""1-7"": 490}","{""1-5"": 480, ""1-7"": 340, ""5-7"": 800}",{},{},1790734440.0,1790734140.0,True,,,,
026320260929,7-1-5,164.8,3,1790640129,https://www.winticket.jp/keirin/hofu/racecard/2026092963/1/2,1-5-7,7-1,1-7,6-1,1-6,1-5|1-7|5-7,"{""7-1-5"": 16480}","{""1-5-7"": 490}","{""7-1"": 10540}","{""1-7"": 4300}","{""1-5"": 130, ""1-7"": 400, ""5-7"": 240}",{},{},1790639400.0,1790639100.0,True,,,,
026320260930,6-3-7,241.4,3,1790726482,https://www.winticket.jp/keirin/hofu/racecard/2026092963/2/2,3-6-7,6-3,3-6,6-3,3-6,3-6|3-7|6-7,"{""6-3-7"": 24140}","{""3-6-7"": 6500}","{""6-3"": 2710}","{""3-6"": 470}","{""3-6"": 550, ""3-7"": 2340, ""6-7"": 1420}",{},{},1790725800.0,1790725500.0,True,,,,
026320261006,1-5-3,14.5,3,1791244833,https://www.winticket.jp/keirin/hofu/racecard/2026100463/3/2,1-3-5,1-5,1-5,1-5,1-5,1-3|1-5|3-5,"{""1-5-3"": 1450}","{""1-3-5"": 590}","{""1-5"": 610}","{""1-5"": 440}","{""1-3"": 130, ""1-5"": 250, ""3-5"": 290}",{},{},1791244200.0,1791243900.0,True,winticket,,,
027320261005,,,2,0,https://www.winticket.jp/keirin/komatsushima/racecard/2026100373/3/2,,,,,,,{},{},{},{},{},{},{},1791202860.0,1791202560.0,False,,,,
027420261007,5-7-4,291.9,3,1791331269,https://www.winticket.jp/keirin/kochi/racecard/2026100774/1/2,4-5-7,5-7,5-7,5-6,5-6,4-5|4-7|5-7,"{""5-7-4"": 29190}","{""4-5-7"": 5420}","{""5-7"": 1980}","{""5-7"": 700}","{""4-5"": 3080, ""4-7"": 360, ""5-7"": 240}",{},{},1791330600.0,1791330300.0,True,winticket,,,
027420261008,3-6-1,1848.7,3,1791417694,https://www.winticket.jp/keirin/kochi/racecard/2026100774/2/2,1-3-6,3-6,3-6,3-6,3-6,1-3|1-6|3-6,"{""3-6-1"": 184870}","{""1-3-6"": 24950}","{""3-6"": 15920}","{""3-6"": 11020}","{""1-3"": 2390, ""1-6"": 4510, ""3-6"": 2200}",{},{},1791417000.0,1791416700.0,True,winticket,,,
027420261009,1-6-7,389.8,3,1791504763,https://www.winticket.jp/keirin/kochi/racecard/2026100774/3/2,1-6-7,1-6,1-6,1-6,1-6,1-6|1-7|6-7,"{""1-6-7"": 38980}","{""1-6-7"": 4510}","{""1-6"": 7020}","{""1-6"": 2560}","{""1-6"": 1080, ""1-7"": 250, ""6-7"": 1490}",{},{},1791504000.0,1791503700.0,True,winticket,,['1-6-7'],2026-10-09T09:34:03.407393+09:00
027520260821,1-2-3,37.4,3,1787314442,https://www.winticket.jp/keirin/matsuyama/racecard/2026082175/1/2,1-2-3,1-2,1-2,1-2,1-2,1-2|1-3|2-3,"{""1-2-3"": 3740, ""1-3-2"": 5230}","{""1-2-3"": 2470}","{""1-2"": 630, ""1-3"": 1660}","{""1-2"": 540, ""1-3"": 730}","{""1-2"": 240, ""1-3"": 380, ""2-3"": 1580}",{},{},1787313600.0,1787313300.0,,,,,
027520261006,7-1-3,10.7,3,1791271020,https://www.winticket.jp/keirin/matsuyama/racecard/2026100475/3/2,1-3-7,7-1,1-7,6-1,1-6,1-3|1-7|3-7,"{""7-1-3"": 1070}","{""1-3-7"": 360}","{""7-1"": 310}","{""1-7"": 230}","{""1-3"": 300, ""1-7"": 150, ""3-7"": 270}",{},{},1791270420.0,1791270120.0,True,winticket,,,
028120260725,4-1-6,15.8,3,1784965504,https://www.winticket.jp/keirin/kokura/racecard/2026072481/2/2,1-4-6,4-1,1-4,4-1,1-4,1-4|1-6|4-6,"{""4-1-6"": 1580}","{""1-4-6"": 500}","{""4-1"": 550}","{""1-4"": 200}","{""1-4"": 160, ""1-6"": 390, ""4-6"": 480}",{},{},1784964660.0,1784964360.0,,,,,
028320261001,7-1-5,1.6,3,1790841083,https://www.winticket.jp/keirin/kurume/racecard/2026100183/1/2,1-5-7,7-1,1-7,6-1,1-6,1-5|1-7|5-7,"{""7-1-5"": 160}","{""1-5-7"": 110}","{""7-1"": 110}","{""1-7"": 100}","{""1-5"": 130, ""1-7"": 100, ""5-7"": 110}",{},{},1790839920.0,1790839620.0,True,,,,
028320261002,,,1,0,https://www.winticket.jp/keirin/kurume/racecard/2026100183/2/2,,,,,,,{},{},{},{},{},{},{},1790926320.0,1790926020.0,False,,,,
028320261003,,,1,0,https://www.winticket.jp/keirin/kurume/racecard/2026100183/3/2,,,,,,,{},{},{},{},{},{},{},1791012720.0,1791012420.0,False,,,,
028420260801,1-2-5,7.5,3,1785587871,https://www.winticket.jp/keirin/takeo/racecard/2026073184/2/2,1-2-5,1-2,1-2,1-2,1-2,1-2|1-5|2-5,"{""1-2-5"": 750}","{""1-2-5"": 610}","{""1-2"": 120}","{""1-2"": 100}","{""1-2"": 100, ""1-5"": 300, ""2-5"": 580}",{},{},1785586860.0,1785586560.0,,,,,
028420260822,1-7-6,15.4,3,1787356936,https://www.winticket.jp/keirin/takeo/racecard/2026082184/2/2,1-6-7,1-7,1-7,1-6,1-6,1-6|1-7|6-7,"{""1-7-6"": 1540}","{""1-6-7"": 790}","{""1-7"": 240}","{""1-7"": 140}","{""1-6"": 250, ""1-7"": 130, ""6-7"": 290}",{},{},1787356200.0,1787355900.0,,,,,
028420260929,1-4-6,92.5,3,1790649443,https://www.winticket.jp/keirin/takeo/racecard/2026092784/3/2,1-4-6,1-4,1-4,1-4,1-4,1-4|1-6|4-6,"{""1-4-6"": 9250}","{""1-4-6"": 2120}","{""1-4"": 560}","{""1-4"": 180}","{""1-4"": 140, ""1-6"": 1410, ""4-6"": 640}",{},{},1790648640.0,1790648340.0,True,,,,
028420261003,,,1,0,https://www.winticket.jp/keirin/takeo/racecard/2026100384/1/2,,,,,,,{},{},{},{},{},{},{},1791029100.0,1791028800.0,False,,,,
028420261004,6-1-4,81.6,3,1791116409,https://www.winticket.jp/keirin/takeo/racecard/2026100384/2/2,1-4-6,6-1,1-6,6-1,1-6,1-4|1-6|4-6,"{""6-1-4"": 8160}","{""1-4-6"": 890}","{""6-1"": 3810}","{""1-6"": 1200}","{""1-4"": 160, ""1-6"": 490, ""4-6"": 780}",{},{},1791115500.0,1791115200.0,True,,,,
028420261005,,,1,0,https://www.winticket.jp/keirin/takeo/racecard/2026100384/3/2,,,,,,,{},{},{},{},{},{},{},1791201900.0,1791201600.0,False,,,,
028420261009,6-5-3,8.5,3,1791504323,https://www.winticket.jp/keirin/takeo/racecard/2026100984/1/2,3-5-6,6-5,5-6,6-5,5-6,3-5|3-6|5-6,"{""6-5-3"": 850}","{""3-5-6"": 300}","{""6-5"": 440}","{""5-6"": 480}","{""3-5"": 220, ""3-6"": 110, ""5-6"": 160}",{},{},1791503400.0,1791503100.0,True,winticket,,['6-5-3'],2026-10-09T09:34:00.404376+09:00
028520260802,1-3-2,115.0,3,1785637649,https://www.winticket.jp/keirin/sasebo/racecard/2026073185/3/2,1-2-3,1-3,1-3,1-3,1-3,1-2|1-3|2-3,"{""1-3-2"": 11500}","{""1-2-3"": 580}","{""1-3"": 2860}","{""1-3"": 550}","{""1-2"": 330, ""1-3"": 210, ""2-3"": 110}",{},{},1785636720.0,1785636420.0,,,,,
028520260930,5-4-1,4.7,3,1790727293,https://www.winticket.jp/keirin/sasebo/racecard/2026093085/1/2,1-4-5,5-4,4-5,5-4,4-5,1-4|1-5|4-5,"{""5-4-1"": 470}","{""1-4-5"": 180}","{""5-4"": 180}","{""4-5"": 110}","{""1-4"": 150, ""1-5"": 150, ""4-5"": 100}",{},{},1790726400.0,1790726100.0,True,,,,
028620260924,2-7-5,4.4,3,1790235782,https://www.winticket.jp/keirin/beppu/racecard/2026092486/1/2,2-5-7,2-7,2-7,2-6,2-6,2-5|2-7|5-7,"{""2-7-5"": 440}","{""2-5-7"": 140}","{""2-7"": 280}","{""2-7"": 120}","{""2-5"": 160, ""2-7"": 100, ""5-7"": 180}",{},{},1790235060.0,1790234760.0,True,,,,
028620260925,2-4-1,47.7,3,1790321824,https://www.winticket.jp/keirin/beppu/racecard/2026092486/2/2,1-2-4,2-4,2-4,2-4,2-4,1-2|1-4|2-4,"{""2-4-1"": 4770}","{""1-2-4"": 750}","{""2-4"": 2240}","{""2-4"": 1090}","{""1-2"": 210, ""1-4"": 190, ""2-4"": 510}",{},{},1790320860.0,1790320560.0,True,,,,
031220260921,5-2-4,9.0,3,1789977435,https://www.winticket.jp/keirin/aomori/racecard/2026092112/1/3,2-4-5,5-2,2-5,5-2,2-5,2-4|2-5|4-5,"{""5-2-4"": 900}","{""2-4-5"": 230}","{""5-2"": 300}","{""2-5"": 130}","{""2-4"": 220, ""2-5"": 100, ""4-5"": 150}",{},{},1789976640.0,1789976340.0,,,,,
031220260930,3-2-4,42.8,3,1790772370,https://www.winticket.jp/keirin/aomori/racecard/2026093012/1/3,2-3-4,3-2,2-3,3-2,2-3,2-3|2-4|3-4,"{""3-2-4"": 4280}","{""2-3-4"": 1050}","{""3-2"": 1570}","{""2-3"": 510}","{""2-3"": 320, ""2-4"": 490, ""3-4"": 950}",{},{},1790771820.0,1790771520.0,True,,,,
031220261001,3-5-2,212.7,3,1790858788,https://www.winticket.jp/keirin/aomori/racecard/2026093012/2/3,2-3-5,3-5,3-5,3-5,3-5,2-3|2-5|3-5,"{""3-5-2"": 21270}","{""2-3-5"": 2120}","{""3-5"": 6310}","{""3-5"": 3010}","{""2-3"": 250, ""2-5"": 420, ""3-5"": 530}",{},{},1790858220.0,1790857920.0,True,,,,
031220261002,1-2-5,4.4,3,1790945223,https://www.winticket.jp/keirin/aomori/racecard/2026093012/3/3,1-2-5,1-2,1-2,1-2,1-2,1-2|1-5|2-5,"{""1-2-5"": 440}","{""1-2-5"": 170}","{""1-2"": 220}","{""1-2"": 120}","{""1-2"": 100, ""1-5"": 140, ""2-5"": 130}",{},{},1790944620.0,1790944320.0,True,,,,
031320260718,1-4-5,187.4,3,1784377956,https://www.winticket.jp/keirin/iwakidaira/racecard/2026071613/3/3,1-4-5,1-4,1-4,1-4,1-4,1-4|1-5|4-5,"{""1-4-5"": 18740}","{""1-4-5"": 7270}","{""1-4"": 2840}","{""1-4"": 1820}","{""1-4"": 460, ""1-5"": 860, ""4-5"": 2390}",{},{},1784377200.0,1784376900.0,,,,,
031320260722,1-5-3,51.1,3,1784724562,https://www.winticket.jp/keirin/iwakidaira/racecard/2026072213/1/3,1-3-5,1-5,1-5,1-5,1-5,1-3|1-5|3-5,"{""1-5-3"": 5110}","{""1-3-5"": 840}","{""1-5"": 1470}","{""1-5"": 1060}","{""1-3"": 240, ""1-5"": 400, ""3-5"": 550}",{},{},1784723820.0,1784723520.0,,,,,
031320260723,1-4-6,179.5,3,1784810884,https://www.winticket.jp/keirin/iwakidaira/racecard/2026072213/2/3,1-4-6,1-4,1-4,1-4,1-4,1-4|1-6|4-6,"{""1-4-6"": 17950}","{""1-4-6"": 8460}","{""1-4"": 2610}","{""1-4"": 1920}","{""1-4"": 340, ""1-6"": 990, ""4-6"": 2160}",{},{},1784810220.0,1784809920.0,,,,,
031320260929,7-1-3,609.9,3,1790685061,https://www.winticket.jp/keirin/iwakidaira/racecard/2026092713/3/3,1-3-7,7-1,1-7,6-1,1-6,1-3|1-7|3-7,"{""7-1-3"": 60990}","{""1-3-7"": 2580}","{""7-1"": 12730}","{""1-7"": 1760}","{""1-3"": 220, ""1-7"": 360, ""3-7"": 1140}",{},{},1790684400.0,1790684100.0,True,,,,
031320261005,,,2,0,https://www.winticket.jp/keirin/iwakidaira/racecard/2026100413/2/3,,,,,,,{},{},{},{},{},{},{},1791186360.0,1791186060.0,False,,,,
031320261006,3-5-2,86.9,3,1791273930,https://www.winticket.jp/keirin/iwakidaira/racecard/2026100413/3/3,2-3-5,3-5,3-5,3-5,3-5,2-3|2-5|3-5,"{""3-5-2"": 8690}","{""2-3-5"": 510}","{""3-5"": 2760}","{""3-5"": 1010}","{""2-3"": 160, ""2-5"": 230, ""3-5"": 280}",{},{},1791272760.0,1791272460.0,True,winticket,,,
032220260930,1-4-2,8.9,3,1790772880,https://www.winticket.jp/keirin/maebashi/racecard/2026093022/1/3,1-2-4,1-4,1-4,1-4,1-4,1-2|1-4|2-4,"{""1-4-2"": 890}","{""1-2-4"": 360}","{""1-4"": 290}","{""1-4"": 140}","{""1-2"": 240, ""1-4"": 140, ""2-4"": 280}",{},{},1790772300.0,1790772000.0,True,,,,
032220261002,1-4-3,22.9,3,1790945693,https://www.winticket.jp/keirin/maebashi/racecard/2026093022/3/3,1-3-4,1-4,1-4,1-4,1-4,1-3|1-4|3-4,"{""1-4-3"": 2290}","{""1-3-4"": 490}","{""1-4"": 1160}","{""1-4"": 940}","{""1-3"": 220, ""1-4"": 200, ""3-4"": 200}",{},{},1790945100.0,1790944800.0,True,,,,
032220261006,3-1-5,8.9,3,1791290351,https://www.winticket.jp/keirin/maebashi/racecard/2026100622/1/3,1-3-5,3-1,1-3,3-1,1-3,1-3|1-5|3-5,"{""3-1-5"": 890}","{""1-3-5"": 200}","{""3-1"": 500}","{""1-3"": 160}","{""1-3"": 120, ""1-5"": 110, ""3-5"": 200}",{},{},1791289800.0,1791289500.0,True,winticket,,,
032220261007,2-5-4,68.8,3,1791376751,https://www.winticket.jp/keirin/maebashi/racecard/2026100622/2/3,2-4-5,2-5,2-5,2-5,2-5,2-4|2-5|4-5,"{""2-5-4"": 6880}","{""2-4-5"": 1150}","{""2-5"": 1910}","{""2-5"": 1310}","{""2-4"": 240, ""2-5"": 360, ""4-5"": 570}",{},{},1791376200.0,1791375900.0,True,winticket,,,
032220261008,3-5-1,45.4,3,1791463126,https://www.winticket.jp/keirin/maebashi/racecard/2026100622/3/3,1-3-5,3-5,3-5,3-5,3-5,1-3|1-5|3-5,"{""3-5-1"": 4540}","{""1-3-5"": 1820}","{""3-5"": 1000}","{""3-5"": 960}","{""1-3"": 180, ""1-5"": 570, ""3-5"": 470}",{},{},1791462600.0,1791462300.0,True,winticket,,['3-5-1'],2026-10-08T22:01:10.972133+09:00
032420260808,3-2-1,4.6,3,1786192190,https://www.winticket.jp/keirin/utsunomiya/racecard/2026080624/3/3,1-2-3,3-2,2-3,3-2,2-3,1-2|1-3|2-3,"{""3-2-1"": 460}","{""1-2-3"": 130}","{""3-2"": 390}","{""2-3"": 190}","{""1-2"": 120, ""1-3"": 120, ""2-3"": 110}",{},{},1786191600.0,1786191300.0,,,,,
032520261001,3-4-1,10.4,3,1790822996,https://www.winticket.jp/keirin/omiya/racecard/2026100125/1/3,1-3-4,3-4,3-4,3-4,3-4,1-3|1-4|3-4,"{""3-4-1"": 1040}","{""1-3-4"": 440}","{""3-4"": 220}","{""3-4"": 120}","{""1-3"": 200, ""1-4"": 250, ""3-4"": 100}",{},{},1790822400.0,1790822100.0,True,,,,
032520261002,,,2,0,https://www.winticket.jp/keirin/omiya/racecard/2026100125/2/3,,,,,,,{},{},{},{},{},{},{},1790908800.0,1790908500.0,False,,,,
032520261003,,,2,0,https://www.winticket.jp/keirin/omiya/racecard/2026100125/3/3,,,,,,,{},{},{},{},{},{},{},1790995200.0,1790994900.0,False,,,,
032520261006,3-2-7,42.8,3,1791254788,https://www.winticket.jp/keirin/omiya/racecard/2026100625/1/3,2-3-7,3-2,2-3,3-2,2-3,2-3|2-7|3-7,"{""3-2-7"": 4280}","{""2-3-7"": 840}","{""3-2"": 1770}","{""2-3"": 650}","{""2-3"": 190, ""2-7"": 290, ""3-7"": 240}",{},{},1791254220.0,1791253920.0,True,winticket,,,
032520261008,2-7-1,334.0,3,1791427760,https://www.winticket.jp/keirin/omiya/racecard/2026100625/3/3,1-2-7,2-7,2-7,2-6,2-6,1-2|1-7|2-7,"{""2-7-1"": 33400}","{""1-2-7"": 4610}","{""2-7"": 6330}","{""2-7"": 2960}","{""1-2"": 530, ""1-7"": 1200, ""2-7"": 630}",{},{},1791427200.0,1791426900.0,True,winticket,,,
032620260716,1-4-2,18.2,3,1784188823,https://www.winticket.jp/keirin/seibuen/racecard/2026071626/1/3,1-2-4,1-4,1-4,1-4,1-4,1-2|1-4|2-4,"{""1-4-2"": 1820}","{""1-2-4"": 280}","{""1-4"": 750}","{""1-4"": 530}","{""1-2"": 160, ""1-4"": 190, ""2-4"": 170}",{},{},1784187960.0,1784187660.0,,,,,
032620260718,1-6-5,522.2,3,1784359770,https://www.winticket.jp/keirin/seibuen/racecard/2026071626/3/3,1-5-6,1-6,1-6,1-6,1-6,1-5|1-6|5-6,"{""1-6-5"": 52220}","{""1-5-6"": 13660}","{""1-6"": 8650}","{""1-6"": 4630}","{""1-5"": 2120, ""1-6"": 2870, ""5-6"": 7810}",{},{},1784359140.0,1784358840.0,,,,,
032720260802,4-1-5,40.2,3,1785674835,https://www.winticket.jp/keirin/keiokaku/racecard/2026073127/3/3,1-4-5,4-1,1-4,4-1,1-4,1-4|1-5|4-5,"{""4-1-5"": 4020}","{""1-4-5"": 1270}","{""4-1"": 1510}","{""1-4"": 720}","{""1-4"": 320, ""1-5"": 250, ""4-5"": 400}",{},{},1785674220.0,1785673920.0,,,,,
033120261003,1-2-7,21.0,3,1790986940,https://www.winticket.jp/keirin/matsudo/racecard/2026100331/1/3,1-2-7,1-2,1-2,1-2,1-2,1-2|1-7|2-7,"{""1-2-7"": 2100}","{""1-2-7"": 880}","{""1-2"": 980}","{""1-2"": 620}","{""1-2"": 220, ""1-7"": 450, ""2-7"": 660}",{},{},1790986260.0,1790985960.0,True,,,,
033420261001,1-7-4,12.4,3,1790841082,https://www.winticket.jp/keirin/kawasaki/racecard/2026100134/1/3,1-4-7,1-7,1-7,1-6,1-6,1-4|1-7|4-7,"{""1-7-4"": 1240}","{""1-4-7"": 190}","{""1-7"": 630}","{""1-7"": 390}","{""1-4"": 100, ""1-7"": 150, ""4-7"": 140}",{},{},1790840520.0,1790840220.0,True,,,,
033420261002,,,1,0,https://www.winticket.jp/keirin/kawasaki/racecard/2026100134/2/3,,,,,,,{},{},{},{},{},{},{},1790926920.0,1790926620.0,False,,,,
033420261003,,,1,0,https://www.winticket.jp/keirin/kawasaki/racecard/2026100134/3/3,,,,,,,{},{},{},{},{},{},{},1791013320.0,1791013020.0,False,,,,
033520260929,1-7-4,28.2,3,1790667120,https://www.winticket.jp/keirin/hiratsuka/racecard/2026092835/2/3,1-4-7,1-7,1-7,1-6,1-6,1-4|1-7|4-7,"{""1-7-4"": 2820}","{""1-4-7"": 170}","{""1-7"": 1670}","{""1-7"": 1230}","{""1-4"": 100, ""1-7"": 180, ""4-7"": 180}",{},{},1790666520.0,1790666220.0,True,,,,
033520260930,6-7-1,59.0,3,1790754835,https://www.winticket.jp/keirin/hiratsuka/racecard/2026092835/3/3,1-6-7,6-7,6-7,6-6,6-6,1-6|1-7|6-7,"{""6-7-1"": 5900}","{""1-6-7"": 1640}","{""6-7"": 3510}","{""6-7"": 2030}","{""1-6"": 450, ""1-7"": 810, ""6-7"": 700}",{},{},1790754240.0,1790753940.0,True,,,,
033520261005,,,1,0,https://www.winticket.jp/keirin/hiratsuka/racecard/2026100335/3/3,,,,,,,{},{},{},{},{},{},{},1791203820.0,1791203520.0,False,,,,
033520261008,1-7-3,35.2,3,1791445355,https://www.winticket.jp/keirin/hiratsuka/racecard/2026100835/1/3,1-3-7,1-7,1-7,1-6,1-6,1-3|1-7|3-7,"{""1-7-3"": 3520}","{""1-3-7"": 250}","{""1-7"": 2320}","{""1-7"": 960}","{""1-3"": 150, ""1-7"": 150, ""3-7"": 120}",{},{},1791444660.0,1791444360.0,True,winticket,,,
033720260903,1-2-6,2.2,3,1788439059,https://www.winticket.jp/keirin/ito/racecard/2026090237/2/3,1-2-6,1-2,1-2,1-2,1-2,1-2|1-6|2-6,"{""1-2-6"": 220}","{""1-2-6"": 200}","{""1-2"": 160}","{""1-2"": 130}","{""1-2"": 110, ""1-6"": 180, ""2-6"": 180}",{},{},1788438540.0,1788438240.0,,,,,
033720260924,2-4-1,6.6,3,1790236302,https://www.winticket.jp/keirin/ito/racecard/2026092337/2/3,1-2-4,2-4,2-4,2-4,2-4,1-2|1-4|2-4,"{""2-4-1"": 660}","{""1-2-4"": 300}","{""2-4"": 260}","{""2-4"": 260}","{""1-2"": 130, ""1-4"": 200, ""2-4"": 100}",{},{},1790235660.0,1790235360.0,True,,,,
033820261007,4-6-3,112.4,3,1791342340,https://www.winticket.jp/keirin/shizuoka/racecard/2026100738/1/3,3-4-6,4-6,4-6,4-6,4-6,3-4|3-6|4-6,"{""4-6-3"": 11240}","{""3-4-6"": 190}","{""4-6"": 6990}","{""4-6"": 5590}","{""3-4"": 100, ""3-6"": 150, ""4-6"": 160}",{},{},1791341700.0,1791341400.0,True,winticket,,,
033820261008,2-3-7,19.9,3,1791428810,https://www.winticket.jp/keirin/shizuoka/racecard/2026100738/2/3,2-3-7,2-3,2-3,2-3,2-3,2-3|2-7|3-7,"{""2-3-7"": 1990}","{""2-3-7"": 600}","{""2-3"": 760}","{""2-3"": 460}","{""2-3"": 190, ""2-7"": 360, ""3-7"": 280}",{},{},1791428040.0,1791427740.0,True,winticket,,,
033820261009,5-2-7,4.4,3,1791514458,https://www.winticket.jp/keirin/shizuoka/racecard/2026100738/3/3,2-5-7,5-2,2-5,5-2,2-5,2-5|2-7|5-7,"{""5-2-7"": 440}","{""2-5-7"": 160}","{""5-2"": 290}","{""2-5"": 170}","{""2-5"": 110, ""2-7"": 130, ""5-7"": 150}",{},{},1791513900.0,1791513600.0,True,winticket,,['5-2-7'],2026-10-09T12:07:10.525779+09:00
034220260804,1-5-6,5.4,3,1785829706,https://www.winticket.jp/keirin/nagoya/racecard/2026080442/1/3,1-5-6,1-5,1-5,1-5,1-5,1-5|1-6|5-6,"{""1-5-6"": 540}","{""1-5-6"": 450}","{""1-5"": 170}","{""1-5"": 160}","{""1-5"": 100, ""1-6"": 310, ""5-6"": 460}",{},{},1785829080.0,1785828780.0,,,,,
034320260824,2-4-5,14.8,3,1787539764,https://www.winticket.jp/keirin/gifu/racecard/2026082443/1/3,2-4-5,2-4,2-4,2-4,2-4,2-4|2-5|4-5,"{""2-4-5"": 1480}","{""2-4-5"": 740}","{""2-4"": 270}","{""2-4"": 190}","{""2-4"": 150, ""2-5"": 200, ""4-5"": 560}",{},{},1787539020.0,1787538720.0,,,,,
034320260929,1-5-8,187.6,3,1790666370,https://www.winticket.jp/keirin/gifu/racecard/2026092643/4/3,1-5-8,1-5,1-5,1-5,1-5,1-5|1-8|5-8,"{""1-5-8"": 18760}","{""1-5-8"": 6500}","{""1-5"": 2620}","{""1-5"": 1410}","{""1-5"": 400, ""1-8"": 1190, ""5-8"": 320}","{""1-5"": 2910}","{""1-5"": 1400}",1790665620.0,1790665320.0,True,,,,
034420261006,3-2-5,611.8,3,1791290080,https://www.winticket.jp/keirin/ogaki/racecard/2026100644/1/3,2-3-5,3-2,2-3,3-2,2-3,2-3|2-5|3-5,"{""3-2-5"": 61180}","{""2-3-5"": 6190}","{""3-2"": 6970}","{""2-3"": 2580}","{""2-3"": 440, ""2-5"": 210, ""3-5"": 1990}",{},{},1791289200.0,1791288900.0,True,winticket,,,
034420261007,2-1-5,16.7,3,1791376143,https://www.winticket.jp/keirin/ogaki/racecard/2026100644/2/3,1-2-5,2-1,1-2,2-1,1-2,1-2|1-5|2-5,"{""2-1-5"": 1670}","{""1-2-5"": 1030}","{""2-1"": 260}","{""1-2"": 190}","{""1-2"": 150, ""1-5"": 720, ""2-5"": 610}",{},{},1791375600.0,1791375300.0,True,winticket,,,
034420261008,6-3-5,459.3,3,1791462628,https://www.winticket.jp/keirin/ogaki/racecard/2026100644/3/3,3-5-6,6-3,3-6,6-3,3-6,3-5|3-6|5-6,"{""6-3-5"": 45930}","{""3-5-6"": 6040}","{""6-3"": 6450}","{""3-6"": 2380}","{""3-5"": 400, ""3-6"": 880, ""5-6"": 1320}",{},{},1791462000.0,1791461700.0,True,winticket,,['6-3-5'],2026-10-08T21:31:07.689139+09:00
034520260719,1-4-3,2.9,3,1784464332,https://www.winticket.jp/keirin/toyohashi/racecard/2026071945/1/3,1-3-4,1-4,1-4,1-4,1-4,1-3|1-4|3-4,"{""1-4-3"": 290}","{""1-3-4"": 170}","{""1-4"": 190}","{""1-4"": 190}","{""1-3"": 170, ""1-4"": 130, ""3-4"": 220}",{},{},1784463600.0,1784463300.0,,,,,
034520260721,1-2-6,9.9,3,1784637068,https://www.winticket.jp/keirin/toyohashi/racecard/2026071945/3/3,1-2-6,1-2,1-2,1-2,1-2,1-2|1-6|2-6,"{""1-2-6"": 990}","{""1-2-6"": 370}","{""1-2"": 360}","{""1-2"": 250}","{""1-2"": 180, ""1-6"": 270, ""2-6"": 310}",{},{},1784636400.0,1784636100.0,,,,,
034720260723,5-2-4,2.5,3,1784791759,https://www.winticket.jp/keirin/matsusaka/racecard/2026072147/3/3,2-4-5,5-2,2-5,5-2,2-5,2-4|2-5|4-5,"{""5-2-4"": 250}","{""2-4-5"": 170}","{""5-2"": 210}","{""2-5"": 180}","{""2-4"": 130, ""2-5"": 100, ""4-5"": 140}",{},{},1784791020.0,1784790720.0,,,,,
034720261001,6-4-1,1223.3,3,1790824151,https://www.winticket.jp/keirin/matsusaka/racecard/2026100147/1/3,1-4-6,6-4,4-6,5-4,4-5,1-4|1-6|4-6,"{""6-4-1"": 122330}","{""1-4-6"": 14810}","{""6-4"": 23700}","{""4-6"": 6730}","{""1-4"": 590, ""1-6"": 1960, ""4-6"": 2880}","{""5-4"": 5070}","{""4-5"": 1510}",1790823240.0,1790822940.0,True,,,,
034720261002,2-6-9,97.8,3,1790910651,https://www.winticket.jp/keirin/matsusaka/racecard/2026100147/2/3,2-6-9,2-6,2-6,2-5,2-5,2-6|2-9|6-9,"{""2-6-9"": 9780}","{""2-6-9"": 3900}","{""2-6"": 1670}","{""2-6"": 1490}","{""2-6"": 670, ""2-9"": 400, ""6-9"": 2110}","{""2-5"": 1130}","{""2-5"": 760}",1790909640.0,1790909340.0,True,,,,
034720261003,,,1,0,https://www.winticket.jp/keirin/matsusaka/racecard/2026100147/3/3,,,,,,,{},{},{},{},{},{},{},1790996040.0,1790995740.0,False,,,,
034820260803,3-5-4,135.5,3,1785760838,https://www.winticket.jp/keirin/yokkaichi/racecard/2026080348/1/3,3-4-5,3-5,3-5,3-5,3-5,3-4|3-5|4-5,"{""3-5-4"": 13550}","{""3-4-5"": 990}","{""3-5"": 5430}","{""3-5"": 4190}","{""3-4"": 230, ""3-5"": 700, ""4-5"": 250}",{},{},1785760140.0,1785759840.0,,,,,
034820261007,4-2-1,21.6,3,1791360166,https://www.winticket.jp/keirin/yokkaichi/racecard/2026100748/1/3,1-2-4,4-2,2-4,4-2,2-4,1-2|1-4|2-4,"{""4-2-1"": 2160}","{""1-2-4"": 700}","{""4-2"": 210}","{""2-4"": 160}","{""1-2"": 510, ""1-4"": 530, ""2-4"": 130}",{},{},1791359400.0,1791359100.0,True,winticket,,,
034820261008,1-5-4,37.3,3,1791446071,https://www.winticket.jp/keirin/yokkaichi/racecard/2026100748/2/3,1-4-5,1-5,1-5,1-5,1-5,1-4|1-5|4-5,"{""1-5-4"": 3730}","{""1-4-5"": 870}","{""1-5"": 1640}","{""1-5"": 510}","{""1-4"": 400, ""1-5"": 270, ""4-5"": 210}",{},{},1791445380.0,1791445080.0,True,winticket,,,
035320260717,1-3-2,10.1,3,1784292104,https://www.winticket.jp/keirin/nara/racecard/2026071653/2/3,1-2-3,1-3,1-3,1-3,1-3,1-2|1-3|2-3,"{""1-3-2"": 1010}","{""1-2-3"": 550}","{""1-3"": 320}","{""1-3"": 370}","{""1-2"": 140, ""1-3"": 160, ""2-3"": 420}",{},{},1784291400.0,1784291100.0,,,,,
035320260803,6-3-1,7142.6,3,1785762368,https://www.winticket.jp/keirin/nara/racecard/2026080353/1/3,1-3-6,6-3,3-6,6-3,3-6,1-3|1-6|3-6,"{""6-3-1"": 714260}","{""1-3-6"": 25700}","{""6-3"": 85570}","{""3-6"": 26370}","{""1-3"": 840, ""1-6"": 5690, ""3-6"": 1630}",{},{},1785761100.0,1785760800.0,,,,,
035320260821,4-7-1,17.5,3,1787281624,https://www.winticket.jp/keirin/nara/racecard/2026082053/2/3,1-4-7,4-7,4-7,4-6,4-6,1-4|1-7|4-7,"{""4-7-1"": 1750}","{""1-4-7"": 280}","{""4-7"": 760}","{""4-7"": 180}","{""1-4"": 260, ""1-7"": 240, ""4-7"": 130}",{},{},1787280720.0,1787280420.0,,,,,
035320260930,1-2-6,54.9,3,1790772060,https://www.winticket.jp/keirin/nara/racecard/2026093053/1/3,1-2-6,1-2,1-2,1-2,1-2,1-2|1-6|2-6,"{""1-2-6"": 5490}","{""1-2-6"": 3560}","{""1-2"": 330}","{""1-2"": 270}","{""1-2"": 120, ""1-6"": 620, ""2-6"": 1150}",{},{},1790771340.0,1790771040.0,True,,,,
035320261001,1-2-7,2.8,3,1790858302,https://www.winticket.jp/keirin/nara/racecard/2026093053/2/3,1-2-7,1-2,1-2,1-2,1-2,1-2|1-7|2-7,"{""1-2-7"": 280}","{""1-2-7"": 140}","{""1-2"": 170}","{""1-2"": 100}","{""1-2"": 100, ""1-7"": 140, ""2-7"": 140}",{},{},1790857740.0,1790857440.0,True,,,,
035320261002,,,1,0,https://www.winticket.jp/keirin/nara/racecard/2026093053/3/3,,,,,,,{},{},{},{},{},{},{},1790944140.0,1790943840.0,False,,,,
035320261005,,,2,0,https://www.winticket.jp/keirin/nara/racecard/2026100553/1/3,,,,,,,{},{},{},{},{},{},{},1791168120.0,1791167820.0,False,,,,
035620260928,6-3-5,200.0,3,1790564356,https://www.winticket.jp/keirin/kishiwada/racecard/2026092656/3/3,3-5-6,6-3,3-6,6-3,3-6,3-5|3-6|5-6,"{""6-3-5"": 20000}","{""3-5-6"": 980}","{""6-3"": 4880}","{""3-6"": 2020}","{""3-5"": 140, ""3-6"": 370, ""5-6"": 610}",{},{},1790563740.0,1790563440.0,True,,,,
036120260929,2-5-6,403.6,3,1790685567,https://www.winticket.jp/keirin/tamano/racecard/2026092761/3/3,2-5-6,2-5,2-5,2-5,2-5,2-5|2-6|5-6,"{""2-5-6"": 40360}","{""2-5-6"": 7090}","{""2-5"": 4450}","{""2-5"": 3140}","{""2-5"": 1150, ""2-6"": 340, ""5-6"": 1510}",{},{},1790685000.0,1790684700.0,True,,,,
036220260929,4-2-5,113.2,3,1790649904,https://www.winticket.jp/keirin/hiroshima/racecard/2026092862/2/3,2-4-5,4-2,2-4,4-2,2-4,2-4|2-5|4-5,"{""4-2-5"": 11320}","{""2-4-5"": 1620}","{""4-2"": 2490}","{""2-4"": 1670}","{""2-4"": 580, ""2-5"": 390, ""4-5"": 240}",{},{},1790649420.0,1790649120.0,True,,,,
036220260930,7-2-5,32.6,3,1790736798,https://www.winticket.jp/keirin/hiroshima/racecard/2026092862/3/3,2-5-7,7-2,2-7,6-2,2-6,2-5|2-7|5-7,"{""7-2-5"": 3260}","{""2-5-7"": 1370}","{""7-2"": 760}","{""2-7"": 220}","{""2-5"": 550, ""2-7"": 140, ""5-7"": 580}",{},{},1790736180.0,1790735880.0,True,,,,
036320260929,5-3-2,46.0,3,1790641448,https://www.winticket.jp/keirin/hofu/racecard/2026092963/1/3,2-3-5,5-3,3-5,5-3,3-5,2-3|2-5|3-5,"{""5-3-2"": 4600}","{""2-3-5"": 1080}","{""5-3"": 2210}","{""3-5"": 820}","{""2-3"": 410, ""2-5"": 330, ""3-5"": 280}",{},{},1790640660.0,1790640360.0,True,,,,
036320260930,7-2-5,18.7,3,1790727533,https://www.winticket.jp/keirin/hofu/racecard/2026092963/2/3,2-5-7,7-2,2-7,6-2,2-6,2-5|2-7|5-7,"{""7-2-5"": 1870}","{""2-5-7"": 840}","{""7-2"": 490}","{""2-7"": 260}","{""2-5"": 610, ""2-7"": 210, ""5-7"": 600}",{},{},1790727000.0,1790726700.0,True,,,,
036320261006,6-1-5,648.8,3,1791246018,https://www.winticket.jp/keirin/hofu/racecard/2026100463/3/3,1-5-6,6-1,1-6,6-1,1-6,1-5|1-6|5-6,"{""6-1-5"": 64880}","{""1-5-6"": 6030}","{""6-1"": 5050}","{""1-6"": 1050}","{""1-5"": 2240, ""1-6"": 430, ""5-6"": 2720}",{},{},1791245460.0,1791245160.0,True,winticket,,,
037320261005,,,1,0,https://www.winticket.jp/keirin/komatsushima/racecard/2026100373/3/3,,,,,,,{},{},{},{},{},{},{},1791204300.0,1791204000.0,False,,,,
037420261007,3-1-4,65.2,3,1791332809,https://www.winticket.jp/keirin/kochi/racecard/2026100774/1/3,1-3-4,3-1,1-3,3-1,1-3,1-3|1-4|3-4,"{""3-1-4"": 6520}","{""1-3-4"": 1060}","{""3-1"": 1890}","{""1-3"": 1840}","{""1-3"": 330, ""1-4"": 600, ""3-4"": 100}",{},{},1791331860.0,1791331560.0,True,winticket,,,
037420261008,1-4-3,65.4,3,1791418914,https://www.winticket.jp/keirin/kochi/racecard/2026100774/2/3,1-3-4,1-4,1-4,1-4,1-4,1-3|1-4|3-4,"{""1-4-3"": 6540}","{""1-3-4"": 1190}","{""1-4"": 1040}","{""1-4"": 470}","{""1-3"": 420, ""1-4"": 190, ""3-4"": 390}",{},{},1791418260.0,1791417960.0,True,winticket,,,
037420261009,7-2-5,4.7,3,1791505993,https://www.winticket.jp/keirin/kochi/racecard/2026100774/3/3,2-5-7,7-2,2-7,6-2,2-6,2-5|2-7|5-7,"{""7-2-5"": 470}","{""2-5-7"": 210}","{""7-2"": 280}","{""2-7"": 200}","{""2-5"": 150, ""2-7"": 130, ""5-7"": 170}",{},{},1791505200.0,1791504900.0,True,winticket,,['7-2-5'],2026-10-09T09:34:04.117776+09:00
037520260921,3-2-7,254.3,3,1789978405,https://www.winticket.jp/keirin/matsuyama/racecard/2026091975/3/3,2-3-7,3-2,2-3,3-2,2-3,2-3|2-7|3-7,"{""3-2-7"": 25430}","{""2-3-7"": 710}","{""3-2"": 13190}","{""2-3"": 4300}","{""2-3"": 690, ""2-7"": 310, ""3-7"": 190}",{},{},1789977540.0,1789977240.0,,,,,
037520261005,3-4-7,53.9,3,1791186375,https://www.winticket.jp/keirin/matsuyama/racecard/2026100475/2/3,3-4-7,3-4,3-4,3-4,3-4,3-4|3-7|4-7,"{""3-4-7"": 5390}","{""3-4-7"": 1370}","{""3-4"": 1950}","{""3-4"": 1280}","{""3-4"": 410, ""3-7"": 330, ""4-7"": 850}",{},{},1791185580.0,1791185280.0,True,,,,
037520261006,1-5-4,6.4,3,1791272650,https://www.winticket.jp/keirin/matsuyama/racecard/2026100475/3/3,1-4-5,1-5,1-5,1-5,1-5,1-4|1-5|4-5,"{""1-5-4"": 640}","{""1-4-5"": 270}","{""1-5"": 360}","{""1-5"": 210}","{""1-4"": 190, ""1-5"": 110, ""4-5"": 240}",{},{},1791271980.0,1791271680.0,True,winticket,,,
038320261001,1-4-3,10.1,3,1790842021,https://www.winticket.jp/keirin/kurume/racecard/2026100183/1/3,1-3-4,1-4,1-4,1-4,1-4,1-3|1-4|3-4,"{""1-4-3"": 1010}","{""1-3-4"": 610}","{""1-4"": 150}","{""1-4"": 120}","{""1-3"": 430, ""1-4"": 100, ""3-4"": 490}",{},{},1790841240.0,1790840940.0,True,,,,
038320261002,,,3,0,https://www.winticket.jp/keirin/kurume/racecard/2026100183/2/3,,,,,,,"{""7-1-4"": 280}","{""1-4-7"": 190}","{""7-1"": 130}","{""1-7"": 130}","{""1-4"": 210, ""1-7"": 100, ""4-7"": 230}",{},{},1790927640.0,1790927340.0,False,,,,
038320261003,,,1,0,https://www.winticket.jp/keirin/kurume/racecard/2026100183/3/3,,,,,,,{},{},{},{},{},{},{},1791014040.0,1791013740.0,False,,,,
038420260929,2-1-5,28.5,3,1790650924,https://www.winticket.jp/keirin/takeo/racecard/2026092784/3/3,1-2-5,2-1,1-2,2-1,1-2,1-2|1-5|2-5,"{""2-1-5"": 2850}","{""1-2-5"": 440}","{""2-1"": 1190}","{""1-2"": 670}","{""1-2"": 250, ""1-5"": 160, ""2-5"": 220}",{},{},1790650200.0,1790649900.0,True,,,,
038420261005,,,1,0,https://www.winticket.jp/keirin/takeo/racecard/2026100384/3/3,,,,,,,{},{},{},{},{},{},{},1791203340.0,1791203040.0,False,,,,
038420261009,5-2-7,17.4,3,1791505343,https://www.winticket.jp/keirin/takeo/racecard/2026100984/1/3,2-5-7,5-2,2-5,5-2,2-5,2-5|2-7|5-7,"{""5-2-7"": 1740}","{""2-5-7"": 800}","{""5-2"": 310}","{""2-5"": 230}","{""2-5"": 150, ""2-7"": 350, ""5-7"": 190}",{},{},1791504600.0,1791504300.0,True,winticket,,['5-2-7'],2026-10-09T09:34:01.015742+09:00
038520260731,1-5-2,7.1,3,1785465994,https://www.winticket.jp/keirin/sasebo/racecard/2026073185/1/3,1-2-5,1-5,1-5,1-5,1-5,1-2|1-5|2-5,"{""1-5-2"": 710}","{""1-2-5"": 240}","{""1-5"": 270}","{""1-5"": 140}","{""1-2"": 180, ""1-5"": 110, ""2-5"": 130}",{},{},1785465240.0,1785464940.0,,,,,
038520260930,6-4-3,2311.7,3,1790728337,https://www.winticket.jp/keirin/sasebo/racecard/2026093085/1/3,3-4-6,6-4,4-6,6-4,4-6,3-4|3-6|4-6,"{""6-4-3"": 231170}","{""3-4-6"": 14310}","{""6-4"": 26300}","{""4-6"": 2060}","{""3-4"": 840, ""3-6"": 3320, ""4-6"": 790}",{},{},1790727600.0,1790727300.0,True,,,,
038520261002,3-5-1,37.4,3,1790900510,https://www.winticket.jp/keirin/sasebo/racecard/2026093085/3/3,1-3-5,3-5,3-5,3-5,3-5,1-3|1-5|3-5,"{""3-5-1"": 3740}","{""1-3-5"": 560}","{""3-5"": 920}","{""3-5"": 340}","{""1-3"": 280, ""1-5"": 230, ""3-5"": 170}",{},{},1790899860.0,1790899560.0,True,,,,
038620260926,3-4-2,22.7,3,1790408656,https://www.winticket.jp/keirin/beppu/racecard/2026092486/3/3,2-3-4,3-4,3-4,3-4,3-4,2-3|2-4|3-4,"{""3-4-2"": 2270}","{""2-3-4"": 560}","{""3-4"": 650}","{""3-4"": 270}","{""2-3"": 200, ""2-4"": 250, ""3-4"": 140}",{},{},1790407920.0,1790407620.0,True,,,,
041220260926,1-5-3,53.3,3,1790384002,https://www.winticket.jp/keirin/aomori/racecard/2026092612/1/4,1-3-5,1-5,1-5,1-5,1-5,1-3|1-5|3-5,"{""1-5-3"": 5330}","{""1-3-5"": 370}","{""1-5"": 3230}","{""1-5"": 1630}","{""1-3"": 280, ""1-5"": 290, ""3-5"": 100}",{},{},1790383200.0,1790382900.0,True,,,,
041220260930,2-1-5,39.7,3,1790773840,https://www.winticket.jp/keirin/aomori/racecard/2026093012/1/4,1-2-5,2-1,1-2,2-1,1-2,1-2|1-5|2-5,"{""2-1-5"": 3970}","{""1-2-5"": 1470}","{""2-1"": 220}","{""1-2"": 120}","{""1-2"": 100, ""1-5"": 490, ""2-5"": 730}",{},{},1790773260.0,1790772960.0,True,,,,
041220261002,6-1-7,576.9,3,1790946703,https://www.winticket.jp/keirin/aomori/racecard/2026093012/3/4,1-6-7,6-1,1-6,6-1,1-6,1-6|1-7|6-7,"{""6-1-7"": 57690}","{""1-6-7"": 7510}","{""6-1"": 4660}","{""1-6"": 810}","{""1-6"": 470, ""1-7"": 680, ""6-7"": 3530}",{},{},1790946060.0,1790945760.0,True,,,,
041320260712,3-1-7,133.5,3,1783861593,https://www.winticket.jp/keirin/iwakidaira/racecard/2026071013/3/4,1-3-7,3-1,1-3,3-1,1-3,1-3|1-7|3-7,"{""3-1-7"": 13350}","{""1-3-7"": 1150}","{""3-1"": 2460}","{""1-3"": 960}","{""1-3"": 190, ""1-7"": 170, ""3-7"": 800}",{},{},1783860600.0,1783860300.0,,,,,
041320260929,3-7-1,63.6,3,1790686266,https://www.winticket.jp/keirin/iwakidaira/racecard/2026092713/3/4,1-3-7,3-7,3-7,3-6,3-6,1-3|1-7|3-7,"{""3-7-1"": 6360}","{""1-3-7"": 1220}","{""3-7"": 3070}","{""3-7"": 2680}","{""1-3"": 130, ""1-7"": 620, ""3-7"": 430}",{},{},1790685600.0,1790685300.0,True,,,,
041320261005,3-2-4,10.7,3,1791188660,https://www.winticket.jp/keirin/iwakidaira/racecard/2026100413/2/4,2-3-4,3-2,2-3,3-2,2-3,2-3|2-4|3-4,"{""3-2-4"": 1070}","{""2-3-4"": 360}","{""3-2"": 260}","{""2-3"": 210}","{""2-3"": 100, ""2-4"": 270, ""3-4"": 150}",{},{},1791187920.0,1791187620.0,True,,,,
042120261009,5-3-9,676.9,3,1791516038,https://www.winticket.jp/keirin/yahiko/racecard/2026100921/1/4,3-5-9,5-3,3-5,4-3,3-4,3-5|3-9|5-9,"{""5-3-9"": 67690}","{""3-5-9"": 4190}","{""5-3"": 12130}","{""3-5"": 5570}","{""3-5"": 930, ""3-9"": 280, ""5-9"": 1220}","{""4-3"": 6730}","{""3-4"": 3190}",1791514620.0,1791514320.0,True,winticket,,['5-3-9'],2026-10-09T12:27:13.741340+09:00
042220260710,5-2-4,166.0,3,1783654299,https://www.winticket.jp/keirin/maebashi/racecard/2026071022/1/4,2-4-5,5-2,2-5,5-2,2-5,2-4|2-5|4-5,"{""5-2-4"": 16600}","{""2-4-5"": 5100}","{""5-2"": 4260}","{""2-5"": 1840}","{""2-4"": 600, ""2-5"": 330, ""4-5"": 510}",{},{},1783653720.0,1783653420.0,,,,,
042220260930,1-2-5,3.5,3,1790774381,https://www.winticket.jp/keirin/maebashi/racecard/2026093022/1/4,1-2-5,1-2,1-2,1-2,1-2,1-2|1-5|2-5,"{""1-2-5"": 350}","{""1-2-5"": 160}","{""1-2"": 210}","{""1-2"": 100}","{""1-2"": 100, ""1-5"": 140, ""2-5"": 130}",{},{},1790773740.0,1790773440.0,True,,,,
042220261002,,,3,0,https://www.winticket.jp/keirin/maebashi/racecard/2026093022/3/4,,,,,,,"{""1-3-5"": 10010}","{""1-3-5"": 2540}","{""1-3"": 2140}","{""1-3"": 500}","{""1-3"": 280, ""1-5"": 1120, ""3-5"": 1190}",{},{},1790946540.0,1790946240.0,False,,,,
042220261006,2-3-1,35.8,3,1791291541,https://www.winticket.jp/keirin/maebashi/racecard/2026100622/1/4,1-2-3,2-3,2-3,2-3,2-3,1-2|1-3|2-3,"{""2-3-1"": 3580}","{""1-2-3"": 540}","{""2-3"": 970}","{""2-3"": 590}","{""1-2"": 210, ""1-3"": 430, ""2-3"": 260}",{},{},1791291000.0,1791290700.0,True,winticket,,,
042220261008,1-2-5,40.3,3,1791464557,https://www.winticket.jp/keirin/maebashi/racecard/2026100622/3/4,1-2-5,1-2,1-2,1-2,1-2,1-2|1-5|2-5,"{""1-2-5"": 4030}","{""1-2-5"": 1950}","{""1-2"": 1020}","{""1-2"": 530}","{""1-2"": 290, ""1-5"": 560, ""2-5"": 630}",{},{},1791463800.0,1791463500.0,True,winticket,,['1-2-5'],2026-10-08T22:24:14.322757+09:00
042520261001,1-4-7,9.2,3,1790824706,https://www.winticket.jp/keirin/omiya/racecard/2026100125/1/4,1-4-7,1-4,1-4,1-4,1-4,1-4|1-7|4-7,"{""1-4-7"": 920}","{""1-4-7"": 400}","{""1-4"": 200}","{""1-4"": 170}","{""1-4"": 140, ""1-7"": 190, ""4-7"": 410}",{},{},1790824080.0,1790823780.0,True,,,,
042520261002,4-1-5,5.9,3,1790911021,https://www.winticket.jp/keirin/omiya/racecard/2026100125/2/4,1-4-5,4-1,1-4,4-1,1-4,1-4|1-5|4-5,"{""4-1-5"": 590}","{""1-4-5"": 330}","{""4-1"": 250}","{""1-4"": 160}","{""1-4"": 110, ""1-5"": 300, ""4-5"": 250}",{},{},1790910480.0,1790910180.0,True,,,,
042520261003,,,2,0,https://www.winticket.jp/keirin/omiya/racecard/2026100125/3/4,,,,,,,{},{},{},{},{},{},{},1790996880.0,1790996580.0,False,,,,
042520261007,5-1-3,108.7,3,1791343000,https://www.winticket.jp/keirin/omiya/racecard/2026100625/2/4,1-3-5,5-1,1-5,5-1,1-5,1-3|1-5|3-5,"{""5-1-3"": 10870}","{""1-3-5"": 2560}","{""5-1"": 2100}","{""1-5"": 770}","{""1-3"": 840, ""1-5"": 400, ""3-5"": 1080}",{},{},1791342300.0,1791342000.0,True,winticket,,,
042520261008,4-7-2,62.3,3,1791429550,https://www.winticket.jp/keirin/omiya/racecard/2026100625/3/4,2-4-7,4-7,4-7,4-6,4-6,2-4|2-7|4-7,"{""4-7-2"": 6230}","{""2-4-7"": 210}","{""4-7"": 2510}","{""4-7"": 330}","{""2-4"": 200, ""2-7"": 110, ""4-7"": 160}",{},{},1791428880.0,1791428580.0,True,winticket,,,
042620260716,4-3-1,2.4,3,1784190084,https://www.winticket.jp/keirin/seibuen/racecard/2026071626/1/4,1-3-4,4-3,3-4,4-3,3-4,1-3|1-4|3-4,"{""4-3-1"": 240}","{""1-3-4"": 180}","{""4-3"": 150}","{""3-4"": 140}","{""1-3"": 170, ""1-4"": 150, ""3-4"": 100}",{},{},1784189520.0,1784189220.0,,,,,
042620260728,2-1-3,1.6,3,1785242912,https://www.winticket.jp/keirin/seibuen/racecard/2026072826/1/4,1-2-3,2-1,1-2,2-1,1-2,1-2|1-3|2-3,"{""2-1-3"": 160}","{""1-2-3"": 130}","{""2-1"": 150}","{""1-2"": 110}","{""1-2"": 100, ""1-3"": 130, ""2-3"": 130}",{},{},1785242400.0,1785242100.0,,,,,
042620260831,4-3-5,2.2,3,1788146898,https://www.winticket.jp/keirin/seibuen/racecard/2026083126/1/4,3-4-5,4-3,3-4,4-3,3-4,3-4|3-5|4-5,"{""4-3-5"": 220}","{""3-4-5"": 140}","{""4-3"": 170}","{""3-4"": 120}","{""3-4"": 100, ""3-5"": 120, ""4-5"": 160}",{},{},1788146340.0,1788146040.0,,,,,
042720260714,3-5-2,15.9,3,1784033960,https://www.winticket.jp/keirin/keiokaku/racecard/2026071327/2/4,2-3-5,3-5,3-5,3-5,3-5,2-3|2-5|3-5,"{""3-5-2"": 1590}","{""2-3-5"": 690}","{""3-5"": 640}","{""3-5"": 400}","{""2-3"": 250, ""2-5"": 780, ""3-5"": 230}",{},{},1784033400.0,1784033100.0,,,,,
042720260715,2-3-1,28.4,3,1784120459,https://www.winticket.jp/keirin/keiokaku/racecard/2026071327/3/4,1-2-3,2-3,2-3,2-3,2-3,1-2|1-3|2-3,"{""2-3-1"": 2840}","{""1-2-3"": 770}","{""2-3"": 1590}","{""2-3"": 1230}","{""1-2"": 200, ""1-3"": 340, ""2-3"": 630}",{},{},1784119800.0,1784119500.0,,,,,
042720260721,4-2-1,46.1,3,1784638857,https://www.winticket.jp/keirin/keiokaku/racecard/2026071927/3/4,1-2-4,4-2,2-4,4-2,2-4,1-2|1-4|2-4,"{""4-2-1"": 4610}","{""1-2-4"": 410}","{""4-2"": 2700}","{""2-4"": 1090}","{""1-2"": 120, ""1-4"": 340, ""2-4"": 250}",{},{},1784638200.0,1784637900.0,,,,,
042820260728,5-3-4,99.5,3,1785208646,https://www.winticket.jp/keirin/tachikawa/racecard/2026072728/2/4,3-4-5,5-3,3-5,5-3,3-5,3-4|3-5|4-5,"{""5-3-4"": 9950}","{""3-4-5"": 3690}","{""5-3"": 1440}","{""3-5"": 1570}","{""3-4"": 1060, ""3-5"": 370, ""4-5"": 290}",{},{},1785208080.0,1785207780.0,,,,,
042820260808,1-7-6,205.8,3,1786159143,https://www.winticket.jp/keirin/tachikawa/racecard/2026080828/1/4,1-6-7,1-7,1-7,1-6,1-6,1-6|1-7|6-7,"{""1-7-6"": 20580}","{""1-6-7"": 18670}","{""1-7"": 1550}","{""1-7"": 2940}","{""1-6"": 4000, ""1-7"": 1110, ""6-7"": 18930}",{},{},1786158540.0,1786158240.0,,,,,
043120261003,,,1,0,https://www.winticket.jp/keirin/matsudo/racecard/2026100331/1/4,,,,,,,{},{},{},{},{},{},{},1790987520.0,1790987220.0,False,,,,
043420261001,4-2-5,2.2,3,1790842577,https://www.winticket.jp/keirin/kawasaki/racecard/2026100134/1/4,2-4-5,4-2,2-4,4-2,2-4,2-4|2-5|4-5,"{""4-2-5"": 220}","{""2-4-5"": 130}","{""4-2"": 170}","{""2-4"": 120}","{""2-4"": 100, ""2-5"": 140, ""4-5"": 140}",{},{},1790841960.0,1790841660.0,True,,,,
043420261002,,,2,0,https://www.winticket.jp/keirin/kawasaki/racecard/2026100134/2/4,,,,,,,{},{},{},{},{},{},{},1790928360.0,1790928060.0,False,,,,
043420261003,,,1,0,https://www.winticket.jp/keirin/kawasaki/racecard/2026100134/3/4,,,,,,,{},{},{},{},{},{},{},1791014760.0,1791014460.0,False,,,,
043520260728,1-4-5,8.5,3,1785227372,https://www.winticket.jp/keirin/hiratsuka/racecard/2026072835/1/4,1-4-5,1-4,1-4,1-4,1-4,1-4|1-5|4-5,"{""1-4-5"": 850}","{""1-4-5"": 430}","{""1-4"": 190}","{""1-4"": 130}","{""1-4"": 100, ""1-5"": 320, ""4-5"": 320}",{},{},1785226680.0,1785226380.0,,,,,
043520260928,4-5-1,1.4,3,1790582691,https://www.winticket.jp/keirin/hiratsuka/racecard/2026092835/1/4,1-4-5,4-5,4-5,4-5,4-5,1-4|1-5|4-5,"{""4-5-1"": 140}","{""1-4-5"": 110}","{""4-5"": 130}","{""4-5"": 100}","{""1-4"": 100, ""1-5"": 110, ""4-5"": 100}",{},{},1790582040.0,1790581740.0,True,,,,
043520260929,7-4-3,114.2,3,1790668675,https://www.winticket.jp/keirin/hiratsuka/racecard/2026092835/2/4,3-4-7,7-4,4-7,6-4,4-6,3-4|3-7|4-7,"{""7-4-3"": 11420}","{""3-4-7"": 330}","{""7-4"": 9560}","{""4-7"": 4400}","{""3-4"": 100, ""3-7"": 210, ""4-7"": 270}",{},{},1790668080.0,1790667780.0,True,,,,
043520260930,3-6-2,180.5,3,1790756569,https://www.winticket.jp/keirin/hiratsuka/racecard/2026092835/3/4,2-3-6,3-6,3-6,3-6,3-6,2-3|2-6|3-6,"{""3-6-2"": 18050}","{""2-3-6"": 3940}","{""3-6"": 3030}","{""3-6"": 1300}","{""2-3"": 1370, ""2-6"": 730, ""3-6"": 470}",{},{},1790755920.0,1790755620.0,True,,,,
043520261005,,,2,0,https://www.winticket.jp/keirin/hiratsuka/racecard/2026100335/3/4,,,,,,,{},{},{},{},{},{},{},1791205260.0,1791204960.0,False,,,,
043520261008,4-7-5,9.1,3,1791446731,https://www.winticket.jp/keirin/hiratsuka/racecard/2026100835/1/4,4-5-7,4-7,4-7,4-6,4-6,4-5|4-7|5-7,"{""4-7-5"": 910}","{""4-5-7"": 530}","{""4-7"": 330}","{""4-7"": 170}","{""4-5"": 260, ""4-7"": 130, ""5-7"": 230}",{},{},1791446100.0,1791445800.0,True,winticket,,,
043720260711,4-3-1,23.3,3,1783757753,https://www.winticket.jp/keirin/ito/racecard/2026071037/2/4,1-3-4,4-3,3-4,4-3,3-4,1-3|1-4|3-4,"{""4-3-1"": 2330}","{""1-3-4"": 640}","{""4-3"": 1280}","{""3-4"": 630}","{""1-3"": 270, ""1-4"": 280, ""3-4"": 420}",{},{},1783757160.0,1783756860.0,,,,,
043720260806,1-3-2,11.6,3,1786021139,https://www.winticket.jp/keirin/ito/racecard/2026080637/1/4,1-2-3,1-3,1-3,1-3,1-3,1-2|1-3|2-3,"{""1-3-2"": 1160}","{""1-2-3"": 200}","{""1-3"": 480}","{""1-3"": 400}","{""1-2"": 110, ""1-3"": 120, ""2-3"": 200}",{},{},1786020600.0,1786020300.0,,,,,
043820261008,2-1-7,57.4,3,1791430319,https://www.winticket.jp/keirin/shizuoka/racecard/2026100738/2/4,1-2-7,2-1,1-2,2-1,1-2,1-2|1-7|2-7,"{""2-1-7"": 5740}","{""1-2-7"": 3070}","{""2-1"": 360}","{""1-2"": 380}","{""1-2"": 160, ""1-7"": 1350, ""2-7"": 440}",{},{},1791429720.0,1791429420.0,True,winticket,,,
043820261009,2-4-5,19.4,3,1791515909,https://www.winticket.jp/keirin/shizuoka/racecard/2026100738/3/4,2-4-5,2-4,2-4,2-4,2-4,2-4|2-5|4-5,"{""2-4-5"": 1940}","{""2-4-5"": 1220}","{""2-4"": 220}","{""2-4"": 160}","{""2-4"": 110, ""2-5"": 380, ""4-5"": 860}",{},{},1791515400.0,1791515100.0,True,winticket,,['2-4-5'],2026-10-09T12:27:14.131081+09:00
044220260806,7-2-1,219.9,3,1786004233,https://www.winticket.jp/keirin/nagoya/racecard/2026080442/3/4,1-2-7,7-2,2-7,6-2,2-6,1-2|1-7|2-7,"{""7-2-1"": 21990}","{""1-2-7"": 4150}","{""7-2"": 3460}","{""2-7"": 2000}","{""1-2"": 820, ""1-7"": 690, ""2-7"": 730}",{},{},1786003500.0,1786003200.0,,,,,
044320260730,3-5-1,5.3,3,1785382428,https://www.winticket.jp/keirin/gifu/racecard/2026073043/1/4,1-3-5,3-5,3-5,3-5,3-5,1-3|1-5|3-5,"{""3-5-1"": 530}","{""1-3-5"": 370}","{""3-5"": 150}","{""3-5"": 120}","{""1-3"": 170, ""1-5"": 380, ""3-5"": 120}",{},{},1785381720.0,1785381420.0,,,,,
044320260731,5-2-7,2.3,3,1785468588,https://www.winticket.jp/keirin/gifu/racecard/2026073043/2/4,2-5-7,5-2,2-5,5-2,2-5,2-5|2-7|5-7,"{""5-2-7"": 230}","{""2-5-7"": 190}","{""5-2"": 160}","{""2-5"": 110}","{""2-5"": 110, ""2-7"": 180, ""5-7"": 170}",{},{},1785467940.0,1785467640.0,,,,,
044320260929,2-5-9,460.9,3,1790668036,https://www.winticket.jp/keirin/gifu/racecard/2026092643/4/4,2-5-9,2-5,2-5,2-4,2-4,2-5|2-9|5-9,"{""2-5-9"": 46090}","{""2-5-9"": 17120}","{""2-5"": 2330}","{""2-5"": 1410}","{""2-5"": 790, ""2-9"": 2590, ""5-9"": 2040}","{""2-4"": 1560}","{""2-4"": 1160}",1790667240.0,1790666940.0,True,,,,
044420261006,1-2-3,6.7,3,1791290971,https://www.winticket.jp/keirin/ogaki/racecard/2026100644/1/4,1-2-3,1-2,1-2,1-2,1-2,1-2|1-3|2-3,"{""1-2-3"": 670}","{""1-2-3"": 550}","{""1-2"": 120}","{""1-2"": 100}","{""1-2"": 100, ""1-3"": 210, ""2-3"": 360}",{},{},1791290400.0,1791290100.0,True,winticket,,,
044420261007,1-3-4,2.6,3,1791377382,https://www.winticket.jp/keirin/ogaki/racecard/2026100644/2/4,1-3-4,1-3,1-3,1-3,1-3,1-3|1-4|3-4,"{""1-3-4"": 260}","{""1-3-4"": 160}","{""1-3"": 180}","{""1-3"": 150}","{""1-3"": 110, ""1-4"": 150, ""3-4"": 170}",{},{},1791376800.0,1791376500.0,True,winticket,,,
044420261008,1-2-3,3.6,3,1791463767,https://www.winticket.jp/keirin/ogaki/racecard/2026100644/3/4,1-2-3,1-2,1-2,1-2,1-2,1-2|1-3|2-3,"{""1-2-3"": 360}","{""1-2-3"": 150}","{""1-2"": 230}","{""1-2"": 210}","{""1-2"": 120, ""1-3"": 120, ""2-3"": 150}",{},{},1791463200.0,1791462900.0,True,winticket,,['1-2-3'],2026-10-08T22:01:11.525051+09:00
044520260805,2-6-3,300.7,3,1785901085,https://www.winticket.jp/keirin/toyohashi/racecard/2026080545/1/4,2-3-6,2-6,2-6,2-6,2-6,2-3|2-6|3-6,"{""2-6-3"": 30070}","{""2-3-6"": 8130}","{""2-6"": 6400}","{""2-6"": 6420}","{""2-3"": 560, ""2-6"": 1960, ""3-6"": 4100}",{},{},1785900120.0,1785899820.0,,,,,
044620260812,2-5-7,2.2,3,1786506031,https://www.winticket.jp/keirin/toyama/racecard/2026081046/3/4,2-5-7,2-5,2-5,2-5,2-5,2-5|2-7|5-7,"{""2-5-7"": 220}","{""2-5-7"": 140}","{""2-5"": 150}","{""2-5"": 130}","{""2-5"": 100, ""2-7"": 130, ""5-7"": 140}",{},{},1786505340.0,1786505040.0,,,,,
044720261001,9-2-8,256.4,3,1790826437,https://www.winticket.jp/keirin/matsusaka/racecard/2026100147/1/4,2-8-9,9-2,2-9,6-2,2-6,2-8|2-9|8-9,"{""9-2-8"": 25640}","{""2-8-9"": 9690}","{""9-2"": 2240}","{""2-9"": 1350}","{""2-8"": 1440, ""2-9"": 470, ""8-9"": 3290}","{""6-2"": 3290}","{""2-6"": 1520}",1790824920.0,1790824620.0,True,,,,
044720261002,,,3,0,https://www.winticket.jp/keirin/matsusaka/racecard/2026100147/2/4,,,,,,,"{""1-9-2"": 2440}","{""1-2-9"": 890}","{""1-9"": 490}","{""1-9"": 440}","{""1-2"": 260, ""1-9"": 250, ""2-9"": 560}","{""1-6"": 490}","{""1-6"": 430}",1790911320.0,1790911020.0,False,,,,
044720261003,,,1,0,https://www.winticket.jp/keirin/matsusaka/racecard/2026100147/3/4,,,,,,,{},{},{},{},{},{},{},1790997720.0,1790997420.0,False,,,,
044720261004,,,2,0,https://www.winticket.jp/keirin/matsusaka/racecard/2026100147/4/4,,,,,,,{},{},{},{},{},{},{},1791083580.0,1791083280.0,False,,,,
044820261007,7-1-5,338.7,3,1791361576,https://www.winticket.jp/keirin/yokkaichi/racecard/2026100748/1/4,1-5-7,7-1,1-7,6-1,1-6,1-5|1-7|5-7,"{""7-1-5"": 33870}","{""1-5-7"": 4000}","{""7-1"": 8840}","{""1-7"": 5310}","{""1-5"": 1330, ""1-7"": 830, ""5-7"": 290}",{},{},1791360780.0,1791360480.0,True,winticket,,,
044820261008,2-6-5,229.9,3,1791447501,https://www.winticket.jp/keirin/yokkaichi/racecard/2026100748/2/4,2-5-6,2-6,2-6,2-6,2-6,2-5|2-6|5-6,"{""2-6-5"": 22990}","{""2-5-6"": 8310}","{""2-6"": 4690}","{""2-6"": 2490}","{""2-5"": 1100, ""2-6"": 970, ""5-6"": 4570}",{},{},1791446820.0,1791446520.0,True,winticket,,,
045320260717,5-1-3,29.7,3,1784293185,https://www.winticket.jp/keirin/nara/racecard/2026071653/2/4,1-3-5,5-1,1-5,5-1,1-5,1-3|1-5|3-5,"{""5-1-3"": 2970}","{""1-3-5"": 540}","{""5-1"": 1880}","{""1-5"": 950}","{""1-3"": 170, ""1-5"": 360, ""3-5"": 440}",{},{},1784292600.0,1784292300.0,,,,,
045320260718,2-6-3,12.4,3,1784379537,https://www.winticket.jp/keirin/nara/racecard/2026071653/3/4,2-3-6,2-6,2-6,2-6,2-6,2-3|2-6|3-6,"{""2-6-3"": 1240}","{""2-3-6"": 480}","{""2-6"": 670}","{""2-6"": 410}","{""2-3"": 250, ""2-6"": 240, ""3-6"": 520}",{},{},1784379000.0,1784378700.0,,,,,
045320260820,4-1-7,2.4,3,1787196551,https://www.winticket.jp/keirin/nara/racecard/2026082053/1/4,1-4-7,4-1,1-4,4-1,1-4,1-4|1-7|4-7,"{""4-1-7"": 240}","{""1-4-7"": 130}","{""4-1"": 190}","{""1-4"": 120}","{""1-4"": 100, ""1-7"": 120, ""4-7"": 140}",{},{},1787195940.0,1787195640.0,,,,,
045320260930,5-1-4,65.1,3,1790773370,https://www.winticket.jp/keirin/nara/racecard/2026093053/1/4,1-4-5,5-1,1-5,5-1,1-5,1-4|1-5|4-5,"{""5-1-4"": 6510}","{""1-4-5"": 3540}","{""5-1"": 900}","{""1-5"": 600}","{""1-4"": 540, ""1-5"": 270, ""4-5"": 1780}",{},{},1790772780.0,1790772480.0,True,,,,
045320261002,2-6-4,552.9,3,1790946653,https://www.winticket.jp/keirin/nara/racecard/2026093053/3/4,2-4-6,2-6,2-6,2-6,2-6,2-4|2-6|4-6,"{""2-6-4"": 55290}","{""2-4-6"": 7260}","{""2-6"": 7110}","{""2-6"": 7210}","{""2-4"": 510, ""2-6"": 770, ""4-6"": 1890}",{},{},1790945580.0,1790945280.0,True,,,,
045320261005,,,1,0,https://www.winticket.jp/keirin/nara/racecard/2026100553/1/4,,,,,,,{},{},{},{},{},{},{},1791169860.0,1791169560.0,False,,,,
045320261007,7-1-3,23.0,3,1791343610,https://www.winticket.jp/keirin/nara/racecard/2026100553/3/4,1-3-7,7-1,1-7,6-1,1-6,1-3|1-7|3-7,"{""7-1-3"": 2300}","{""1-3-7"": 710}","{""7-1"": 380}","{""1-7"": 250}","{""1-3"": 400, ""1-7"": 130, ""3-7"": 510}",{},{},1791342900.0,1791342600.0,True,winticket,,,
046120260803,1-4-3,9.5,3,1785762608,https://www.winticket.jp/keirin/tamano/racecard/2026080361/1/4,1-3-4,1-4,1-4,1-4,1-4,1-3|1-4|3-4,"{""1-4-3"": 950}","{""1-3-4"": 290}","{""1-4"": 290}","{""1-4"": 140}","{""1-3"": 180, ""1-4"": 130, ""3-4"": 240}",{},{},1785762060.0,1785761760.0,,,,,
046120260929,2-3-5,208.1,3,1790686777,https://www.winticket.jp/keirin/tamano/racecard/2026092761/3/4,2-3-5,2-3,2-3,2-3,2-3,2-3|2-5|3-5,"{""2-3-5"": 20810}","{""2-3-5"": 8550}","{""2-3"": 1390}","{""2-3"": 560}","{""2-3"": 240, ""2-5"": 1460, ""3-5"": 1180}",{},{},1790686200.0,1790685900.0,True,,,,
046220260715,7-6-2,47.5,3,1784119664,https://www.winticket.jp/keirin/hiroshima/racecard/2026071362/3/4,2-6-7,7-6,6-7,6-6,6-6,2-6|2-7|6-7,"{""7-6-2"": 4750}","{""2-6-7"": 350}","{""7-6"": 2020}","{""6-7"": 720}","{""2-6"": 200, ""2-7"": 330, ""6-7"": 230}",{},{},1784119200.0,1784118900.0,,,,,
046220260723,1-3-4,16.0,3,1784811654,https://www.winticket.jp/keirin/hiroshima/racecard/2026072262/2/4,1-3-4,1-3,1-3,1-3,1-3,1-3|1-4|3-4,"{""1-3-4"": 1600}","{""1-3-4"": 1070}","{""1-3"": 180}","{""1-3"": 140}","{""1-3"": 150, ""1-4"": 270, ""3-4"": 670}",{},{},1784811180.0,1784810880.0,,,,,
046220260724,1-2-5,5.8,3,1784898019,https://www.winticket.jp/keirin/hiroshima/racecard/2026072262/3/4,1-2-5,1-2,1-2,1-2,1-2,1-2|1-5|2-5,"{""1-2-5"": 580}","{""1-2-5"": 400}","{""1-2"": 270}","{""1-2"": 170}","{""1-2"": 140, ""1-5"": 220, ""2-5"": 290}",{},{},1784897580.0,1784897280.0,,,,,
046220260804,7-4-1,70.6,3,1785804860,https://www.winticket.jp/keirin/hiroshima/racecard/2026080362/2/4,1-4-7,7-4,4-7,6-4,4-6,1-4|1-7|4-7,"{""7-4-1"": 7060}","{""1-4-7"": 970}","{""7-4"": 3800}","{""4-7"": 1590}","{""1-4"": 250, ""1-7"": 390, ""4-7"": 400}",{},{},1785804000.0,1785803700.0,,,,,
046220260929,2-4-5,8.9,3,1790651444,https://www.winticket.jp/keirin/hiroshima/racecard/2026092862/2/4,2-4-5,2-4,2-4,2-4,2-4,2-4|2-5|4-5,"{""2-4-5"": 890}","{""2-4-5"": 280}","{""2-4"": 290}","{""2-4"": 120}","{""2-4"": 120, ""2-5"": 220, ""4-5"": 240}",{},{},1790650980.0,1790650680.0,True,,,,
046220260930,3-7-4,30.9,3,1790738518,https://www.winticket.jp/keirin/hiroshima/racecard/2026092862/3/4,3-4-7,3-7,3-7,3-6,3-6,3-4|3-7|4-7,"{""3-7-4"": 3090}","{""3-4-7"": 720}","{""3-7"": 1490}","{""3-7"": 1570}","{""3-4"": 230, ""3-7"": 310, ""4-7"": 190}",{},{},1790737920.0,1790737620.0,True,,,,
046320260801,2-7-4,37.7,3,1785545458,https://www.winticket.jp/keirin/hofu/racecard/2026073163/2/4,2-4-7,2-7,2-7,2-6,2-6,2-4|2-7|4-7,"{""2-7-4"": 3770}","{""2-4-7"": 1220}","{""2-7"": 190}","{""2-7"": 140}","{""2-4"": 310, ""2-7"": 100, ""4-7"": 960}",{},{},1785544800.0,1785544500.0,,,,,
046320260929,1-5-2,14.3,3,1790642528,https://www.winticket.jp/keirin/hofu/racecard/2026092963/1/4,1-2-5,1-5,1-5,1-5,1-5,1-2|1-5|2-5,"{""1-5-2"": 1430}","{""1-2-5"": 740}","{""1-5"": 230}","{""1-5"": 160}","{""1-2"": 300, ""1-5"": 150, ""2-5"": 560}",{},{},1790641920.0,1790641620.0,True,,,,
047320260917,5-2-7,212.0,3,1789606381,https://www.winticket.jp/keirin/komatsushima/racecard/2026091773/1/4,2-5-7,5-2,2-5,5-2,2-5,2-5|2-7|5-7,"{""5-2-7"": 21200}","{""2-5-7"": 8750}","{""5-2"": 1490}","{""2-5"": 1190}","{""2-5"": 970, ""2-7"": 5730, ""5-7"": 1850}",{},{},1789605600.0,1789605300.0,,,,,
047320261005,,,1,0,https://www.winticket.jp/keirin/komatsushima/racecard/2026100373/3/4,,,,,,,{},{},{},{},{},{},{},1791205740.0,1791205440.0,False,,,,
047420261007,2-6-5,371.3,3,1791333869,https://www.winticket.jp/keirin/kochi/racecard/2026100774/1/4,2-5-6,2-6,2-6,2-6,2-6,2-5|2-6|5-6,"{""2-6-5"": 37130}","{""2-5-6"": 4070}","{""2-6"": 7740}","{""2-6"": 3680}","{""2-5"": 240, ""2-6"": 1590, ""5-6"": 3100}",{},{},1791333120.0,1791332820.0,True,winticket,,,
047420261008,2-4-3,242.5,3,1791420334,https://www.winticket.jp/keirin/kochi/racecard/2026100774/2/4,2-3-4,2-4,2-4,2-4,2-4,2-3|2-4|3-4,"{""2-4-3"": 24250}","{""2-3-4"": 6280}","{""2-4"": 3130}","{""2-4"": 2030}","{""2-3"": 310, ""2-4"": 380, ""3-4"": 1160}",{},{},1791419520.0,1791419220.0,True,winticket,,,
047420261009,1-4-3,8.2,3,1791507153,https://www.winticket.jp/keirin/kochi/racecard/2026100774/3/4,1-3-4,1-4,1-4,1-4,1-4,1-3|1-4|3-4,"{""1-4-3"": 820}","{""1-3-4"": 580}","{""1-4"": 500}","{""1-4"": 310}","{""1-3"": 400, ""1-4"": 180, ""3-4"": 350}",{},{},1791506400.0,1791506100.0,True,winticket,,['1-4-3'],2026-10-09T10:05:59.754472+09:00
047520260727,6-1-4,284.5,3,1785157295,https://www.winticket.jp/keirin/matsuyama/racecard/2026072575/3/4,1-4-6,6-1,1-6,6-1,1-6,1-4|1-6|4-6,"{""6-1-4"": 28450}","{""1-4-6"": 2510}","{""6-1"": 7110}","{""1-6"": 6210}","{""1-4"": 980, ""1-6"": 1140, ""4-6"": 290}",{},{},1785156600.0,1785156300.0,,,,,
047520261005,,,1,0,https://www.winticket.jp/keirin/matsuyama/racecard/2026100475/2/4,,,,,,,{},{},{},{},{},{},{},1791187140.0,1791186840.0,False,,,,
048320261001,1-5-3,2.1,3,1790843457,https://www.winticket.jp/keirin/kurume/racecard/2026100183/1/4,1-3-5,1-5,1-5,1-5,1-5,1-3|1-5|3-5,"{""1-5-3"": 210}","{""1-3-5"": 140}","{""1-5"": 140}","{""1-5"": 130}","{""1-3"": 120, ""1-5"": 100, ""3-5"": 140}",{},{},1790842680.0,1790842380.0,True,,,,
048320261002,,,1,0,https://www.winticket.jp/keirin/kurume/racecard/2026100183/2/4,,,,,,,{},{},{},{},{},{},{},1790929080.0,1790928780.0,False,,,,
048420260929,2-4-1,85.1,3,1790652774,https://www.winticket.jp/keirin/takeo/racecard/2026092784/3/4,1-2-4,2-4,2-4,2-4,2-4,1-2|1-4|2-4,"{""2-4-1"": 8510}","{""1-2-4"": 810}","{""2-4"": 2560}","{""2-4"": 1340}","{""1-2"": 260, ""1-4"": 180, ""2-4"": 450}",{},{},1790651760.0,1790651460.0,True,,,,
048420261005,,,3,0,https://www.winticket.jp/keirin/takeo/racecard/2026100384/3/4,,,,,,,"{""1-4-3"": 6370}","{""1-3-4"": 1870}","{""1-4"": 1500}","{""1-4"": 1030}","{""1-3"": 480, ""1-4"": 310, ""3-4"": 990}",{},{},1791204780.0,1791204480.0,False,,,,
048420261009,5-3-1,8.9,3,1791506564,https://www.winticket.jp/keirin/takeo/racecard/2026100984/1/4,1-3-5,5-3,3-5,5-3,3-5,1-3|1-5|3-5,"{""5-3-1"": 890}","{""1-3-5"": 370}","{""5-3"": 260}","{""3-5"": 120}","{""1-3"": 170, ""1-5"": 250, ""3-5"": 100}",{},{},1791505800.0,1791505500.0,True,winticket,,['5-3-1'],2026-10-09T10:05:59.288091+09:00
048520260802,1-5-6,6.6,3,1785640769,https://www.winticket.jp/keirin/sasebo/racecard/2026073185/3/4,1-5-6,1-5,1-5,1-5,1-5,1-5|1-6|5-6,"{""1-5-6"": 660}","{""1-5-6"": 390}","{""1-5"": 330}","{""1-5"": 210}","{""1-5"": 130, ""1-6"": 300, ""5-6"": 340}",{},{},1785640080.0,1785639780.0,,,,,
048520260930,3-1-2,445.0,3,1790729498,https://www.winticket.jp/keirin/sasebo/racecard/2026093085/1/4,1-2-3,3-1,1-3,3-1,1-3,1-2|1-3|2-3,"{""3-1-2"": 44500}","{""1-2-3"": 7070}","{""3-1"": 4940}","{""1-3"": 5040}","{""1-2"": 2210, ""1-3"": 1250, ""2-3"": 310}",{},{},1790728800.0,1790728500.0,True,,,,
048520261001,4-7-3,16.5,3,1790815859,https://www.winticket.jp/keirin/sasebo/racecard/2026093085/2/4,3-4-7,4-7,4-7,4-6,4-6,3-4|3-7|4-7,"{""4-7-3"": 1650}","{""3-4-7"": 750}","{""4-7"": 820}","{""4-7"": 590}","{""3-4"": 350, ""3-7"": 820, ""4-7"": 330}",{},{},1790815200.0,1790814900.0,True,,,,
048520261002,,,1,0,https://www.winticket.jp/keirin/sasebo/racecard/2026093085/3/4,,,,,,,{},{},{},{},{},{},{},1790901120.0,1790900820.0,False,,,,
048620260925,1-4-5,41.5,3,1790324794,https://www.winticket.jp/keirin/beppu/racecard/2026092486/2/4,1-4-5,1-4,1-4,1-4,1-4,1-4|1-5|4-5,"{""1-4-5"": 4150}","{""1-4-5"": 3640}","{""1-4"": 120}","{""1-4"": 120}","{""1-4"": 100, ""1-5"": 1340, ""4-5"": 1870}",{},{},1790323920.0,1790323620.0,True,,,,
048720260925,7-4-1,6.2,3,1790297188,https://www.winticket.jp/keirin/kumamoto/racecard/2026092487/2/4,1-4-7,7-4,4-7,6-4,4-6,1-4|1-7|4-7,"{""7-4-1"": 620}","{""1-4-7"": 250}","{""7-4"": 280}","{""4-7"": 240}","{""1-4"": 280, ""1-7"": 140, ""4-7"": 140}",{},{},1790296320.0,1790296020.0,True,,,,
051220260730,5-1-3,1.4,3,1785373312,https://www.winticket.jp/keirin/aomori/racecard/2026073012/1/5,1-3-5,5-1,1-5,5-1,1-5,1-3|1-5|3-5,"{""5-1-3"": 140}","{""1-3-5"": 120}","{""5-1"": 120}","{""1-5"": 120}","{""1-3"": 120, ""1-5"": 100, ""3-5"": 110}",{},{},1785372780.0,1785372480.0,,,,,
051220260731,4-2-5,1.3,3,1785459543,https://www.winticket.jp/keirin/aomori/racecard/2026073012/2/5,2-4-5,4-2,2-4,4-2,2-4,2-4|2-5|4-5,"{""4-2-5"": 130}","{""2-4-5"": 120}","{""4-2"": 100}","{""2-4"": 100}","{""2-4"": 100, ""2-5"": 110, ""4-5"": 110}",{},{},1785459000.0,1785458700.0,,,,,
051220260930,2-1-6,67.4,3,1790775645,https://www.winticket.jp/keirin/aomori/racecard/2026093012/1/5,1-2-6,2-1,1-2,2-1,1-2,1-2|1-6|2-6,"{""2-1-6"": 6740}","{""1-2-6"": 3050}","{""2-1"": 510}","{""1-2"": 240}","{""1-2"": 140, ""1-6"": 2740, ""2-6"": 1590}",{},{},1790774820.0,1790774520.0,True,,,,
051320260711,2-3-4,11.4,3,1783776254,https://www.winticket.jp/keirin/iwakidaira/racecard/2026071013/2/5,2-3-4,2-3,2-3,2-3,2-3,2-3|2-4|3-4,"{""2-3-4"": 1140}","{""2-3-4"": 250}","{""2-3"": 500}","{""2-3"": 210}","{""2-3"": 140, ""2-4"": 140, ""3-4"": 250}",{},{},1783775400.0,1783775100.0,,,,,
051320260718,1-4-2,9.0,3,1784380242,https://www.winticket.jp/keirin/iwakidaira/racecard/2026071613/3/5,1-2-4,1-4,1-4,1-4,1-4,1-2|1-4|2-4,"{""1-4-2"": 900}","{""1-2-4"": 200}","{""1-4"": 530}","{""1-4"": 380}","{""1-2"": 110, ""1-4"": 140, ""2-4"": 150}",{},{},1784379600.0,1784379300.0,,,,,
051320260722,2-1-3,14.7,3,1784727503,https://www.winticket.jp/keirin/iwakidaira/racecard/2026072213/1/5,1-2-3,2-1,1-2,2-1,1-2,1-2|1-3|2-3,"{""2-1-3"": 1470}","{""1-2-3"": 400}","{""2-1"": 370}","{""1-2"": 130}","{""1-2"": 130, ""1-3"": 200, ""2-3"": 220}",{},{},1784726820.0,1784726520.0,,,,,
051320260929,3-2-1,9.6,3,1790687457,https://www.winticket.jp/keirin/iwakidaira/racecard/2026092713/3/5,1-2-3,3-2,2-3,3-2,2-3,1-2|1-3|2-3,"{""3-2-1"": 960}","{""1-2-3"": 150}","{""3-2"": 620}","{""2-3"": 170}","{""1-2"": 120, ""1-3"": 150, ""2-3"": 100}",{},{},1790686800.0,1790686500.0,True,,,,
051320261005,,,3,0,https://www.winticket.jp/keirin/iwakidaira/racecard/2026100413/2/5,,,,,,,"{""2-3-4"": 440}","{""2-3-4"": 190}","{""2-3"": 220}","{""2-3"": 170}","{""2-3"": 100, ""2-4"": 140, ""3-4"": 170}",{},{},1791189480.0,1791189180.0,False,,,,
052220260930,1-4-6,3.1,3,1790775936,https://www.winticket.jp/keirin/maebashi/racecard/2026093022/1/5,1-4-6,1-4,1-4,1-4,1-4,1-4|1-6|4-6,"{""1-4-6"": 310}","{""1-4-6"": 250}","{""1-4"": 160}","{""1-4"": 140}","{""1-4"": 120, ""1-6"": 200, ""4-6"": 210}",{},{},1790775360.0,1790775060.0,True,,,,
052220261002,,,2,0,https://www.winticket.jp/keirin/maebashi/racecard/2026093022/3/5,,,,,,,{},{},{},{},{},{},{},1790948160.0,1790947860.0,False,,,,
052220261006,3-1-2,17.7,3,1791292781,https://www.winticket.jp/keirin/maebashi/racecard/2026100622/1/5,1-2-3,3-1,1-3,3-1,1-3,1-2|1-3|2-3,"{""3-1-2"": 1770}","{""1-2-3"": 200}","{""3-1"": 920}","{""1-3"": 440}","{""1-2"": 120, ""1-3"": 170, ""2-3"": 140}",{},{},1791292200.0,1791291900.0,True,winticket,,,
052220261007,3-2-5,32.1,3,1791379192,https://www.winticket.jp/keirin/maebashi/racecard/2026100622/2/5,2-3-5,3-2,2-3,3-2,2-3,2-3|2-5|3-5,"{""3-2-5"": 3210}","{""2-3-5"": 1950}","{""3-2"": 930}","{""2-3"": 790}","{""2-3"": 240, ""2-5"": 970, ""3-5"": 600}",{},{},1791378600.0,1791378300.0,True,winticket,,,
052520261001,2-7-3,41.4,3,1790826421,https://www.winticket.jp/keirin/omiya/racecard/2026100125/1/5,2-3-7,2-7,2-7,2-6,2-6,2-3|2-7|3-7,"{""2-7-3"": 4140}","{""2-3-7"": 1840}","{""2-7"": 430}","{""2-7"": 250}","{""2-3"": 880, ""2-7"": 160, ""3-7"": 1280}",{},{},1790825760.0,1790825460.0,True,,,,
052520261002,,,2,0,https://www.winticket.jp/keirin/omiya/racecard/2026100125/2/5,,,,,,,{},{},{},{},{},{},{},1790912160.0,1790911860.0,False,,,,
052520261003,,,2,0,https://www.winticket.jp/keirin/omiya/racecard/2026100125/3/5,,,,,,,{},{},{},{},{},{},{},1790998560.0,1790998260.0,False,,,,
052520261007,1-3-6,25.8,3,1791344710,https://www.winticket.jp/keirin/omiya/racecard/2026100625/2/5,1-3-6,1-3,1-3,1-3,1-3,1-3|1-6|3-6,"{""1-3-6"": 2580}","{""1-3-6"": 1390}","{""1-3"": 320}","{""1-3"": 290}","{""1-3"": 150, ""1-6"": 720, ""3-6"": 690}",{},{},1791344100.0,1791343800.0,True,winticket,,,
052620260805,1-3-2,33.6,3,1785919286,https://www.winticket.jp/keirin/seibuen/racecard/2026080326/3/5,1-2-3,1-3,1-3,1-3,1-3,1-2|1-3|2-3,"{""1-3-2"": 3360}","{""1-2-3"": 680}","{""1-3"": 1560}","{""1-3"": 1570}","{""1-2"": 160, ""1-3"": 350, ""2-3"": 460}",{},{},1785918660.0,1785918360.0,,,,,
052720260713,1-6-5,32.3,3,1783948814,https://www.winticket.jp/keirin/keiokaku/racecard/2026071327/1/5,1-5-6,1-6,1-6,1-6,1-6,1-5|1-6|5-6,"{""1-6-5"": 3230}","{""1-5-6"": 480}","{""1-6"": 1430}","{""1-6"": 1220}","{""1-5"": 230, ""1-6"": 230, ""5-6"": 450}",{},{},1783948200.0,1783947900.0,,,,,
052720260719,2-4-6,77.9,3,1784467233,https://www.winticket.jp/keirin/keiokaku/racecard/2026071927/1/5,2-4-6,2-4,2-4,2-4,2-4,2-4|2-6|4-6,"{""2-4-6"": 7790}","{""2-4-6"": 1870}","{""2-4"": 2040}","{""2-4"": 1090}","{""2-4"": 390, ""2-6"": 480, ""4-6"": 750}",{},{},1784466600.0,1784466300.0,,,,,
053120261003,,,2,0,https://www.winticket.jp/keirin/matsudo/racecard/2026100331/1/5,,,,,,,{},{},{},{},{},{},{},1790988780.0,1790988480.0,False,,,,
053120261005,,,2,0,https://www.winticket.jp/keirin/matsudo/racecard/2026100331/3/5,,,,,,,{},{},{},{},{},{},{},1791162000.0,1791161700.0,False,,,,
053420261001,7-2-1,195.6,3,1790843982,https://www.winticket.jp/keirin/kawasaki/racecard/2026100134/1/5,1-2-7,7-2,2-7,6-2,2-6,1-2|1-7|2-7,"{""7-2-1"": 19560}","{""1-2-7"": 3900}","{""7-2"": 2620}","{""2-7"": 1260}","{""1-2"": 630, ""1-7"": 840, ""2-7"": 390}",{},{},1790843400.0,1790843100.0,True,,,,
053420261002,,,2,0,https://www.winticket.jp/keirin/kawasaki/racecard/2026100134/2/5,,,,,,,{},{},{},{},{},{},{},1790929800.0,1790929500.0,False,,,,
053420261003,,,2,0,https://www.winticket.jp/keirin/kawasaki/racecard/2026100134/3/5,,,,,,,{},{},{},{},{},{},{},1791016200.0,1791015900.0,False,,,,
053520260929,5-2-7,3.8,3,1790670406,https://www.winticket.jp/keirin/hiratsuka/racecard/2026092835/2/5,2-5-7,5-2,2-5,5-2,2-5,2-5|2-7|5-7,"{""5-2-7"": 380}","{""2-5-7"": 250}","{""5-2"": 170}","{""2-5"": 120}","{""2-5"": 100, ""2-7"": 240, ""5-7"": 170}",{},{},1790669760.0,1790669460.0,True,,,,
053520260930,5-1-7,20.7,3,1790758264,https://www.winticket.jp/keirin/hiratsuka/racecard/2026092835/3/5,1-5-7,5-1,1-5,5-1,1-5,1-5|1-7|5-7,"{""5-1-7"": 2070}","{""1-5-7"": 710}","{""5-1"": 270}","{""1-5"": 160}","{""1-5"": 100, ""1-7"": 540, ""5-7"": 480}",{},{},1790757600.0,1790757300.0,True,,,,
053520261005,,,1,0,https://www.winticket.jp/keirin/hiratsuka/racecard/2026100335/3/5,,,,,,,{},{},{},{},{},{},{},1791206820.0,1791206520.0,False,,,,
053520261008,1-7-4,123.9,3,1791448151,https://www.winticket.jp/keirin/hiratsuka/racecard/2026100835/1/5,1-4-7,1-7,1-7,1-6,1-6,1-4|1-7|4-7,"{""1-7-4"": 12390}","{""1-4-7"": 500}","{""1-7"": 6170}","{""1-7"": 4630}","{""1-4"": 160, ""1-7"": 440, ""4-7"": 320}",{},{},1791447540.0,1791447240.0,True,winticket,,,
053820261007,1-4-7,4.3,3,1791345829,https://www.winticket.jp/keirin/shizuoka/racecard/2026100738/1/5,1-4-7,1-4,1-4,1-4,1-4,1-4|1-7|4-7,"{""1-4-7"": 430}","{""1-4-7"": 300}","{""1-4"": 140}","{""1-4"": 130}","{""1-4"": 100, ""1-7"": 160, ""4-7"": 230}",{},{},1791345300.0,1791345000.0,True,winticket,,,
053820261008,7-6-4,26.5,3,1791432040,https://www.winticket.jp/keirin/shizuoka/racecard/2026100738/2/5,4-6-7,7-6,6-7,6-6,6-6,4-6|4-7|6-7,"{""7-6-4"": 2650}","{""4-6-7"": 1140}","{""7-6"": 670}","{""6-7"": 570}","{""4-6"": 1110, ""4-7"": 150, ""6-7"": 270}",{},{},1791431520.0,1791431220.0,True,winticket,,,
054220260712,3-6-1,13.8,3,1783861848,https://www.winticket.jp/keirin/nagoya/racecard/2026071042/3/5,1-3-6,3-6,3-6,3-6,3-6,1-3|1-6|3-6,"{""3-6-1"": 1380}","{""1-3-6"": 190}","{""3-6"": 810}","{""3-6"": 590}","{""1-3"": 130, ""1-6"": 140, ""3-6"": 150}",{},{},1783861200.0,1783860900.0,,,,,
054320260730,4-5-3,37.4,3,1785384458,https://www.winticket.jp/keirin/gifu/racecard/2026073043/1/5,3-4-5,4-5,4-5,4-5,4-5,3-4|3-5|4-5,"{""4-5-3"": 3740}","{""3-4-5"": 1230}","{""4-5"": 1090}","{""4-5"": 840}","{""3-4"": 190, ""3-5"": 860, ""4-5"": 310}",{},{},1785383520.0,1785383220.0,,,,,
054320260929,2-7-3,22.4,3,1790669720,https://www.winticket.jp/keirin/gifu/racecard/2026092643/4/5,2-3-7,2-7,2-7,2-5,2-5,2-3|2-7|3-7,"{""2-7-3"": 2240}","{""2-3-7"": 690}","{""2-7"": 440}","{""2-7"": 310}","{""2-3"": 290, ""2-7"": 200, ""3-7"": 430}","{""2-5"": 390}","{""2-5"": 330}",1790668920.0,1790668620.0,True,,,,
054420261006,4-3-2,47.2,3,1791292241,https://www.winticket.jp/keirin/ogaki/racecard/2026100644/1/5,2-3-4,4-3,3-4,4-3,3-4,2-3|2-4|3-4,"{""4-3-2"": 4720}","{""2-3-4"": 1000}","{""4-3"": 2210}","{""3-4"": 1000}","{""2-3"": 430, ""2-4"": 320, ""3-4"": 280}",{},{},1791291600.0,1791291300.0,True,winticket,,,
054420261007,1-2-4,13.8,3,1791378622,https://www.winticket.jp/keirin/ogaki/racecard/2026100644/2/5,1-2-4,1-2,1-2,1-2,1-2,1-2|1-4|2-4,"{""1-2-4"": 1380}","{""1-2-4"": 490}","{""1-2"": 710}","{""1-2"": 360}","{""1-2"": 190, ""1-4"": 430, ""2-4"": 360}",{},{},1791378000.0,1791377700.0,True,winticket,,,
054420261008,4-1-2,33.5,3,1791465128,https://www.winticket.jp/keirin/ogaki/racecard/2026100644/3/5,1-2-4,4-1,1-4,4-1,1-4,1-2|1-4|2-4,"{""4-1-2"": 3350}","{""1-2-4"": 130}","{""4-1"": 2080}","{""1-4"": 850}","{""1-2"": 100, ""1-4"": 130, ""2-4"": 120}",{},{},1791464400.0,1791464100.0,True,winticket,,['4-1-2'],2026-10-08T22:24:14.640382+09:00
054720261001,5-1-2,13.9,3,1790827651,https://www.winticket.jp/keirin/matsusaka/racecard/2026100147/1/5,1-2-5,5-1,1-5,4-1,1-4,1-2|1-5|2-5,"{""5-1-2"": 1390}","{""1-2-5"": 510}","{""5-1"": 390}","{""1-5"": 260}","{""1-2"": 260, ""1-5"": 140, ""2-5"": 170}","{""4-1"": 500}","{""1-4"": 350}",1790826600.0,1790826300.0,True,,,,
054720261003,,,1,0,https://www.winticket.jp/keirin/matsusaka/racecard/2026100147/3/5,,,,,,,{},{},{},{},{},{},{},1790999400.0,1790999100.0,False,,,,
054820261007,,,1,0,https://www.winticket.jp/keirin/yokkaichi/racecard/2026100748/1/5,,,,,,,{},{},{},{},{},{},{},1791362160.0,1791361860.0,False,winticket,,,
054820261008,2-7-5,141.4,3,1791449490,https://www.winticket.jp/keirin/yokkaichi/racecard/2026100748/2/5,2-5-7,2-7,2-7,2-6,2-6,2-5|2-7|5-7,"{""2-7-5"": 14140}","{""2-5-7"": 6370}","{""2-7"": 1800}","{""2-7"": 1170}","{""2-5"": 1070, ""2-7"": 480, ""5-7"": 1540}",{},{},1791448260.0,1791447960.0,True,winticket,,,
055320260803,3-5-6,754.3,3,1785764809,https://www.winticket.jp/keirin/nara/racecard/2026080353/1/5,3-5-6,3-5,3-5,3-5,3-5,3-5|3-6|5-6,"{""3-5-6"": 75430}","{""3-5-6"": 19640}","{""3-5"": 7020}","{""3-5"": 5120}","{""3-5"": 600, ""3-6"": 1420, ""5-6"": 4480}",{},{},1785764160.0,1785763860.0,,,,,
055320260815,1-7-3,3.0,3,1786764860,https://www.winticket.jp/keirin/nara/racecard/2026081453/2/5,1-3-7,1-7,1-7,1-6,1-6,1-3|1-7|3-7,"{""1-7-3"": 300}","{""1-3-7"": 220}","{""1-7"": 160}","{""1-7"": 120}","{""1-3"": 170, ""1-7"": 100, ""3-7"": 210}",{},{},1786764240.0,1786763940.0,,,,,
055320260926,5-4-7,124.2,3,1790429383,https://www.winticket.jp/keirin/nara/racecard/2026092453/3/5,4-5-7,5-4,4-5,5-4,4-5,4-5|4-7|5-7,"{""5-4-7"": 12420}","{""4-5-7"": 4870}","{""5-4"": 1560}","{""4-5"": 510}","{""4-5"": 430, ""4-7"": 1930, ""5-7"": 1870}",{},{},1790428680.0,1790428380.0,True,,,,
055320260930,2-3-6,120.4,3,1790774887,https://www.winticket.jp/keirin/nara/racecard/2026093053/1/5,2-3-6,2-3,2-3,2-3,2-3,2-3|2-6|3-6,"{""2-3-6"": 12040}","{""2-3-6"": 9070}","{""2-3"": 1130}","{""2-3"": 770}","{""2-3"": 240, ""2-6"": 2520, ""3-6"": 310}",{},{},1790774280.0,1790773980.0,True,,,,
055320261002,,,2,0,https://www.winticket.jp/keirin/nara/racecard/2026093053/3/5,,,,,,,{},{},{},{},{},{},{},1790947080.0,1790946780.0,False,,,,
055320261005,6-2-5,369.3,3,1791172189,https://www.winticket.jp/keirin/nara/racecard/2026100553/1/5,2-5-6,6-2,2-6,6-2,2-6,2-5|2-6|5-6,"{""6-2-5"": 36930}","{""2-5-6"": 3310}","{""6-2"": 6550}","{""2-6"": 2550}","{""2-5"": 440, ""2-6"": 1140, ""5-6"": 1060}",{},{},1791171600.0,1791171300.0,True,,,,
055320261007,3-2-5,41.5,3,1791345339,https://www.winticket.jp/keirin/nara/racecard/2026100553/3/5,2-3-5,3-2,2-3,3-2,2-3,2-3|2-5|3-5,"{""3-2-5"": 4150}","{""2-3-5"": 1380}","{""3-2"": 910}","{""2-3"": 470}","{""2-3"": 250, ""2-5"": 420, ""3-5"": 980}",{},{},1791344700.0,1791344400.0,True,winticket,,,
055520260730,7-1-5,23.4,3,1785383378,https://www.winticket.jp/keirin/wakayama/racecard/2026072955/2/5,1-5-7,7-1,1-7,6-1,1-6,1-5|1-7|5-7,"{""7-1-5"": 2340}","{""1-5-7"": 1060}","{""7-1"": 380}","{""1-7"": 280}","{""1-5"": 420, ""1-7"": 140, ""5-7"": 390}",{},{},1785382620.0,1785382320.0,,,,,
056120260929,1-2-4,6.2,3,1790687951,https://www.winticket.jp/keirin/tamano/racecard/2026092761/3/5,1-2-4,1-2,1-2,1-2,1-2,1-2|1-4|2-4,"{""1-2-4"": 620}","{""1-2-4"": 370}","{""1-2"": 300}","{""1-2"": 220}","{""1-2"": 140, ""1-4"": 220, ""2-4"": 350}",{},{},1790687400.0,1790687100.0,True,,,,
056220260929,3-5-6,2343.0,3,1790653184,https://www.winticket.jp/keirin/hiroshima/racecard/2026092862/2/5,3-5-6,3-5,3-5,3-5,3-5,3-5|3-6|5-6,"{""3-5-6"": 234300}","{""3-5-6"": 18920}","{""3-5"": 13360}","{""3-5"": 3430}","{""3-5"": 860, ""3-6"": 4410, ""5-6"": 1370}",{},{},1790652540.0,1790652240.0,True,,,,
056220260930,4-7-6,68.3,3,1790740208,https://www.winticket.jp/keirin/hiroshima/racecard/2026092862/3/5,4-6-7,4-7,4-7,4-6,4-6,4-6|4-7|6-7,"{""4-7-6"": 6830}","{""4-6-7"": 4200}","{""4-7"": 430}","{""4-7"": 290}","{""4-6"": 630, ""4-7"": 190, ""6-7"": 1910}",{},{},1790739660.0,1790739360.0,True,,,,
056320260825,6-5-3,27.1,3,1787629710,https://www.winticket.jp/keirin/hofu/racecard/2026082363/3/5,3-5-6,6-5,5-6,6-5,5-6,3-5|3-6|5-6,"{""6-5-3"": 2710}","{""3-5-6"": 410}","{""6-5"": 890}","{""5-6"": 690}","{""3-5"": 240, ""3-6"": 160, ""5-6"": 140}",{},{},1787629020.0,1787628720.0,,,,,
056320260929,1-6-7,117.8,3,1790643783,https://www.winticket.jp/keirin/hofu/racecard/2026092963/1/5,1-6-7,1-6,1-6,1-6,1-6,1-6|1-7|6-7,"{""1-6-7"": 11780}","{""1-6-7"": 7520}","{""1-6"": 3260}","{""1-6"": 2780}","{""1-6"": 1560, ""1-7"": 710, ""6-7"": 2600}",{},{},1790643180.0,1790642880.0,True,,,,
056320260930,4-1-2,47.1,3,1790729978,https://www.winticket.jp/keirin/hofu/racecard/2026092963/2/5,1-2-4,4-1,1-4,4-1,1-4,1-2|1-4|2-4,"{""4-1-2"": 4710}","{""1-2-4"": 1240}","{""4-1"": 590}","{""1-4"": 150}","{""1-2"": 450, ""1-4"": 160, ""2-4"": 610}",{},{},1790729400.0,1790729100.0,True,,,,
056320261001,5-3-7,8.2,3,1790816490,https://www.winticket.jp/keirin/hofu/racecard/2026092963/3/5,3-5-7,5-3,3-5,5-3,3-5,3-5|3-7|5-7,"{""5-3-7"": 820}","{""3-5-7"": 160}","{""5-3"": 410}","{""3-5"": 130}","{""3-5"": 100, ""3-7"": 140, ""5-7"": 180}",{},{},1790815800.0,1790815500.0,True,,,,
057320260804,4-3-2,67.0,3,1785815356,https://www.winticket.jp/keirin/komatsushima/racecard/2026080473/1/5,2-3-4,4-3,3-4,4-3,3-4,2-3|2-4|3-4,"{""4-3-2"": 6700}","{""2-3-4"": 2470}","{""4-3"": 910}","{""3-4"": 960}","{""2-3"": 2040, ""2-4"": 410, ""3-4"": 370}",{},{},1785814440.0,1785814140.0,,,,,
057320261005,6-3-5,253.3,3,1791208072,https://www.winticket.jp/keirin/komatsushima/racecard/2026100373/3/5,3-5-6,6-3,3-6,6-3,3-6,3-5|3-6|5-6,"{""6-3-5"": 25330}","{""3-5-6"": 6280}","{""6-3"": 2540}","{""3-6"": 1640}","{""3-5"": 850, ""3-6"": 660, ""5-6"": 680}",{},{},1791207360.0,1791207060.0,True,,,,
057420261007,3-4-6,6.9,3,1791335130,https://www.winticket.jp/keirin/kochi/racecard/2026100774/1/5,3-4-6,3-4,3-4,3-4,3-4,3-4|3-6|4-6,"{""3-4-6"": 690}","{""3-4-6"": 510}","{""3-4"": 130}","{""3-4"": 130}","{""3-4"": 100, ""3-6"": 560, ""4-6"": 380}",{},{},1791334380.0,1791334080.0,True,winticket,,,
057420261009,4-7-2,21.1,3,1791508374,https://www.winticket.jp/keirin/kochi/racecard/2026100774/3/5,2-4-7,4-7,4-7,4-6,4-6,2-4|2-7|4-7,"{""4-7-2"": 2110}","{""2-4-7"": 1490}","{""4-7"": 870}","{""4-7"": 590}","{""2-4"": 670, ""2-7"": 740, ""4-7"": 320}",{},{},1791507600.0,1791507300.0,True,winticket,,['4-7-2'],2026-10-09T10:26:35.801888+09:00
057520261005,7-3-2,9.6,3,1791189331,https://www.winticket.jp/keirin/matsuyama/racecard/2026100475/2/5,2-3-7,7-3,3-7,6-3,3-6,2-3|2-7|3-7,"{""7-3-2"": 960}","{""2-3-7"": 440}","{""7-3"": 280}","{""3-7"": 240}","{""2-3"": 320, ""2-7"": 200, ""3-7"": 140}",{},{},1791188700.0,1791188400.0,True,,,,
058320261001,4-1-5,22.3,3,1790845121,https://www.winticket.jp/keirin/kurume/racecard/2026100183/1/5,1-4-5,4-1,1-4,4-1,1-4,1-4|1-5|4-5,"{""4-1-5"": 2230}","{""1-4-5"": 390}","{""4-1"": 1330}","{""1-4"": 920}","{""1-4"": 240, ""1-5"": 310, ""4-5"": 100}",{},{},1790844120.0,1790843820.0,True,,,,
058320261003,,,1,0,https://www.winticket.jp/keirin/kurume/racecard/2026100183/3/5,,,,,,,{},{},{},{},{},{},{},1791016920.0,1791016620.0,False,,,,
058420260821,1-4-5,13.4,3,1787274436,https://www.winticket.jp/keirin/takeo/racecard/2026082184/1/5,1-4-5,1-4,1-4,1-4,1-4,1-4|1-5|4-5,"{""1-4-5"": 1340}","{""1-4-5"": 820}","{""1-4"": 490}","{""1-4"": 370}","{""1-4"": 190, ""1-5"": 500, ""4-5"": 590}",{},{},1787273580.0,1787273280.0,,,,,
058420260929,1-3-2,43.6,3,1790654054,https://www.winticket.jp/keirin/takeo/racecard/2026092784/3/5,1-2-3,1-3,1-3,1-3,1-3,1-2|1-3|2-3,"{""1-3-2"": 4360}","{""1-2-3"": 620}","{""1-3"": 1080}","{""1-3"": 410}","{""1-2"": 420, ""1-3"": 180, ""2-3"": 220}",{},{},1790653320.0,1790653020.0,True,,,,
058420261005,,,1,0,https://www.winticket.jp/keirin/takeo/racecard/2026100384/3/5,,,,,,,{},{},{},{},{},{},{},1791206280.0,1791205980.0,False,,,,
058420261009,5-2-4,6.3,3,1791507664,https://www.winticket.jp/keirin/takeo/racecard/2026100984/1/5,2-4-5,5-2,2-5,5-2,2-5,2-4|2-5|4-5,"{""5-2-4"": 630}","{""2-4-5"": 400}","{""5-2"": 190}","{""2-5"": 190}","{""2-4"": 280, ""2-5"": 160, ""4-5"": 310}",{},{},1791507000.0,1791506700.0,True,winticket,,['5-2-4'],2026-10-09T10:06:00.123676+09:00
058520260801,3-7-4,1185.2,3,1785555718,https://www.winticket.jp/keirin/sasebo/racecard/2026073185/2/5,3-4-7,3-7,3-7,3-6,3-6,3-4|3-7|4-7,"{""3-7-4"": 118520}","{""3-4-7"": 7510}","{""3-7"": 11990}","{""3-7"": 2730}","{""3-4"": 2450, ""3-7"": 470, ""4-7"": 480}",{},{},1785554880.0,1785554580.0,,,,,
058520260802,4-1-3,11.1,3,1785642589,https://www.winticket.jp/keirin/sasebo/racecard/2026073185/3/5,1-3-4,4-1,1-4,4-1,1-4,1-3|1-4|3-4,"{""4-1-3"": 1110}","{""1-3-4"": 580}","{""4-1"": 440}","{""1-4"": 380}","{""1-3"": 330, ""1-4"": 160, ""3-4"": 220}",{},{},1785641760.0,1785641460.0,,,,,
058520260930,2-7-1,112.1,3,1790730657,https://www.winticket.jp/keirin/sasebo/racecard/2026093085/1/5,1-2-7,2-7,2-7,2-6,2-6,1-2|1-7|2-7,"{""2-7-1"": 11210}","{""1-2-7"": 530}","{""2-7"": 5410}","{""2-7"": 2200}","{""1-2"": 170, ""1-7"": 210, ""2-7"": 390}",{},{},1790730000.0,1790729700.0,True,,,,
058520261001,1-5-4,7.6,3,1790817140,https://www.winticket.jp/keirin/sasebo/racecard/2026093085/2/5,1-4-5,1-5,1-5,1-5,1-5,1-4|1-5|4-5,"{""1-5-4"": 760}","{""1-4-5"": 350}","{""1-5"": 360}","{""1-5"": 240}","{""1-4"": 210, ""1-5"": 140, ""4-5"": 290}",{},{},1790816400.0,1790816100.0,True,,,,
058520261002,,,2,0,https://www.winticket.jp/keirin/sasebo/racecard/2026093085/3/5,,,,,,,{},{},{},{},{},{},{},1790902380.0,1790902080.0,False,,,,
061220260930,1-2-4,3.9,3,1790777010,https://www.winticket.jp/keirin/aomori/racecard/2026093012/1/6,1-2-4,1-2,1-2,1-2,1-2,1-2|1-4|2-4,"{""1-2-4"": 390}","{""1-2-4"": 130}","{""1-2"": 250}","{""1-2"": 120}","{""1-2"": 100, ""1-4"": 140, ""2-4"": 130}",{},{},1790776440.0,1790776140.0,True,,,,
061220261002,,,1,0,https://www.winticket.jp/keirin/aomori/racecard/2026093012/3/6,,,,,,,{},{},{},{},{},{},{},1790949240.0,1790948940.0,False,,,,
061320260717,1-6-3,98.9,3,1784295079,https://www.winticket.jp/keirin/iwakidaira/racecard/2026071613/2/6,1-3-6,1-6,1-6,1-6,1-6,1-3|1-6|3-6,"{""1-6-3"": 9890}","{""1-3-6"": 3770}","{""1-6"": 2890}","{""1-6"": 2360}","{""1-3"": 270, ""1-6"": 440, ""3-6"": 1410}",{},{},1784294400.0,1784294100.0,,,,,
061320260722,2-1-4,11.8,3,1784729142,https://www.winticket.jp/keirin/iwakidaira/racecard/2026072213/1/6,1-2-4,2-1,1-2,2-1,1-2,1-2|1-4|2-4,"{""2-1-4"": 1180}","{""1-2-4"": 280}","{""2-1"": 580}","{""1-2"": 170}","{""1-2"": 130, ""1-4"": 200, ""2-4"": 250}",{},{},1784728440.0,1784728140.0,,,,,
061320260929,6-2-4,449.4,3,1790688681,https://www.winticket.jp/keirin/iwakidaira/racecard/2026092713/3/6,2-4-6,6-2,2-6,6-2,2-6,2-4|2-6|4-6,"{""6-2-4"": 44940}","{""2-4-6"": 2150}","{""6-2"": 16330}","{""2-6"": 7680}","{""2-4"": 140, ""2-6"": 1740, ""4-6"": 1130}",{},{},1790688000.0,1790687700.0,True,,,,
062220260930,1-3-2,4.0,3,1790777546,https://www.winticket.jp/keirin/maebashi/racecard/2026093022/1/6,1-2-3,1-3,1-3,1-3,1-3,1-2|1-3|2-3,"{""1-3-2"": 400}","{""1-2-3"": 290}","{""1-3"": 160}","{""1-3"": 140}","{""1-2"": 140, ""1-3"": 120, ""2-3"": 170}",{},{},1790776980.0,1790776680.0,True,,,,
062220261001,3-1-7,83.3,3,1790863923,https://www.winticket.jp/keirin/maebashi/racecard/2026093022/2/6,1-3-7,3-1,1-3,3-1,1-3,1-3|1-7|3-7,"{""3-1-7"": 8330}","{""1-3-7"": 1970}","{""3-1"": 1000}","{""1-3"": 520}","{""1-3"": 260, ""1-7"": 370, ""3-7"": 1460}",{},{},1790863380.0,1790863080.0,True,,,,
062220261002,,,2,0,https://www.winticket.jp/keirin/maebashi/racecard/2026093022/3/6,,,,,,,{},{},{},{},{},{},{},1790949780.0,1790949480.0,False,,,,
062220261006,2-1-3,27.9,3,1791294054,https://www.winticket.jp/keirin/maebashi/racecard/2026100622/1/6,1-2-3,2-1,1-2,2-1,1-2,1-2|1-3|2-3,"{""2-1-3"": 2790}","{""1-2-3"": 1010}","{""2-1"": 270}","{""1-2"": 120}","{""1-2"": 100, ""1-3"": 530, ""2-3"": 430}",{},{},1791293400.0,1791293100.0,True,winticket,,,
062220261007,2-1-3,12.2,3,1791380382,https://www.winticket.jp/keirin/maebashi/racecard/2026100622/2/6,1-2-3,2-1,1-2,2-1,1-2,1-2|1-3|2-3,"{""2-1-3"": 1220}","{""1-2-3"": 350}","{""2-1"": 290}","{""1-2"": 150}","{""1-2"": 110, ""1-3"": 230, ""2-3"": 160}",{},{},1791379800.0,1791379500.0,True,winticket,,,
062220261008,5-2-3,49.1,3,1791466747,https://www.winticket.jp/keirin/maebashi/racecard/2026100622/3/6,2-3-5,5-2,2-5,5-2,2-5,2-3|2-5|3-5,"{""5-2-3"": 4910}","{""2-3-5"": 1200}","{""5-2"": 2200}","{""2-5"": 1110}","{""2-3"": 380, ""2-5"": 430, ""3-5"": 450}",{},{},1791466200.0,1791465900.0,True,winticket,,['5-2-3'],2026-10-08T22:54:07.257928+09:00
062320260728,3-7-2,97.0,3,1785201706,https://www.winticket.jp/keirin/toride/racecard/2026072623/3/6,2-3-7,3-7,3-7,3-6,3-6,2-3|2-7|3-7,"{""3-7-2"": 9700}","{""2-3-7"": 520}","{""3-7"": 2490}","{""3-7"": 260}","{""2-3"": 590, ""2-7"": 210, ""3-7"": 160}",{},{},1785201000.0,1785200700.0,,,,,
062520261002,,,2,0,https://www.winticket.jp/keirin/omiya/racecard/2026100125/2/6,,,,,,,{},{},{},{},{},{},{},1790913840.0,1790913540.0,False,,,,
062520261003,,,1,0,https://www.winticket.jp/keirin/omiya/racecard/2026100125/3/6,,,,,,,{},{},{},{},{},{},{},1791000240.0,1790999940.0,False,,,,
062520261006,1-2-3,6.1,3,1791259923,https://www.winticket.jp/keirin/omiya/racecard/2026100625/1/6,1-2-3,1-2,1-2,1-2,1-2,1-2|1-3|2-3,"{""1-2-3"": 610}","{""1-2-3"": 400}","{""1-2"": 140}","{""1-2"": 130}","{""1-2"": 100, ""1-3"": 170, ""2-3"": 370}",{},{},1791259260.0,1791258960.0,True,winticket,,,
062520261007,3-2-7,42.8,3,1791346540,https://www.winticket.jp/keirin/omiya/racecard/2026100625/2/6,2-3-7,3-2,2-3,3-2,2-3,2-3|2-7|3-7,"{""3-2-7"": 4280}","{""2-3-7"": 1770}","{""3-2"": 730}","{""2-3"": 710}","{""2-3"": 340, ""2-7"": 1340, ""3-7"": 490}",{},{},1791345900.0,1791345600.0,True,winticket,,,
062520261008,7-1-3,36.9,3,1791433059,https://www.winticket.jp/keirin/omiya/racecard/2026100625/3/6,1-3-7,7-1,1-7,6-1,1-6,1-3|1-7|3-7,"{""7-1-3"": 3690}","{""1-3-7"": 890}","{""7-1"": 750}","{""1-7"": 370}","{""1-3"": 360, ""1-7"": 150, ""3-7"": 330}",{},{},1791432420.0,1791432120.0,True,winticket,,,
062620260718,5-4-1,147.8,3,1784364636,https://www.winticket.jp/keirin/seibuen/racecard/2026071626/3/6,1-4-5,5-4,4-5,5-4,4-5,1-4|1-5|4-5,"{""5-4-1"": 14780}","{""1-4-5"": 3040}","{""5-4"": 3930}","{""4-5"": 2260}","{""1-4"": 640, ""1-5"": 1290, ""4-5"": 590}",{},{},1784363940.0,1784363640.0,,,,,
062620260805,3-5-1,29.5,3,1785920730,https://www.winticket.jp/keirin/seibuen/racecard/2026080326/3/6,1-3-5,3-5,3-5,3-5,3-5,1-3|1-5|3-5,"{""3-5-1"": 2950}","{""1-3-5"": 1210}","{""3-5"": 870}","{""3-5"": 590}","{""1-3"": 200, ""1-5"": 430, ""3-5"": 260}",{},{},1785920100.0,1785919800.0,,,,,
062720260713,1-6-3,22.2,3,1783950064,https://www.winticket.jp/keirin/keiokaku/racecard/2026071327/1/6,1-3-6,1-6,1-6,1-6,1-6,1-3|1-6|3-6,"{""1-6-3"": 2220}","{""1-3-6"": 300}","{""1-6"": 1160}","{""1-6"": 250}","{""1-3"": 240, ""1-6"": 160, ""3-6"": 170}",{},{},1783949400.0,1783949100.0,,,,,
062720260720,1-4-3,43.1,3,1784554899,https://www.winticket.jp/keirin/keiokaku/racecard/2026071927/2/6,1-3-4,1-4,1-4,1-4,1-4,1-3|1-4|3-4,"{""1-4-3"": 4310}","{""1-3-4"": 2540}","{""1-4"": 350}","{""1-4"": 340}","{""1-3"": 490, ""1-4"": 180, ""3-4"": 1050}",{},{},1784554200.0,1784553900.0,,,,,
062720260721,1-2-7,117.9,3,1784641217,https://www.winticket.jp/keirin/keiokaku/racecard/2026071927/3/6,1-2-7,1-2,1-2,1-2,1-2,1-2|1-7|2-7,"{""1-2-7"": 11790}","{""1-2-7"": 640}","{""1-2"": 3180}","{""1-2"": 1180}","{""1-2"": 290, ""1-7"": 300, ""2-7"": 140}",{},{},1784640600.0,1784640300.0,,,,,
063120261005,,,2,0,https://www.winticket.jp/keirin/matsudo/racecard/2026100331/3/6,,,,,,,{},{},{},{},{},{},{},1791163200.0,1791162900.0,False,,,,
063420261001,1-4-6,280.4,3,1790845561,https://www.winticket.jp/keirin/kawasaki/racecard/2026100134/1/6,1-4-6,1-4,1-4,1-4,1-4,1-4|1-6|4-6,"{""1-4-6"": 28040}","{""1-4-6"": 9670}","{""1-4"": 2160}","{""1-4"": 670}","{""1-4"": 380, ""1-6"": 3680, ""4-6"": 2770}",{},{},1790844840.0,1790844540.0,True,,,,
063420261002,,,2,0,https://www.winticket.jp/keirin/kawasaki/racecard/2026100134/2/6,,,,,,,{},{},{},{},{},{},{},1790931240.0,1790930940.0,False,,,,
063420261003,,,2,0,https://www.winticket.jp/keirin/kawasaki/racecard/2026100134/3/6,,,,,,,{},{},{},{},{},{},{},1791017640.0,1791017340.0,False,,,,
063520260929,5-1-2,19.2,3,1790672245,https://www.winticket.jp/keirin/hiratsuka/racecard/2026092835/2/6,1-2-5,5-1,1-5,5-1,1-5,1-2|1-5|2-5,"{""5-1-2"": 1920}","{""1-2-5"": 510}","{""5-1"": 300}","{""1-5"": 110}","{""1-2"": 240, ""1-5"": 100, ""2-5"": 290}",{},{},1790671440.0,1790671140.0,True,,,,
063520260930,,,1,0,https://www.winticket.jp/keirin/hiratsuka/racecard/2026092835/3/6,,,,,,,{},{},{},{},{},{},{},1790759280.0,1790758980.0,False,,,,
063520261003,1-2-3,4.8,3,1791036258,https://www.winticket.jp/keirin/hiratsuka/racecard/2026100335/1/6,1-2-3,1-2,1-2,1-2,1-2,1-2|1-3|2-3,"{""1-2-3"": 480}","{""1-2-3"": 200}","{""1-2"": 300}","{""1-2"": 150}","{""1-2"": 120, ""1-3"": 130, ""2-3"": 200}",{},{},1791035640.0,1791035340.0,True,,,,
063520261005,,,2,0,https://www.winticket.jp/keirin/hiratsuka/racecard/2026100335/3/6,,,,,,,{},{},{},{},{},{},{},1791208440.0,1791208140.0,False,,,,
063520261008,7-6-1,19.0,3,1791449691,https://www.winticket.jp/keirin/hiratsuka/racecard/2026100835/1/6,1-6-7,7-6,6-7,6-6,6-6,1-6|1-7|6-7,"{""7-6-1"": 1900}","{""1-6-7"": 730}","{""7-6"": 480}","{""6-7"": 290}","{""1-6"": 510, ""1-7"": 390, ""6-7"": 240}",{},{},1791448980.0,1791448680.0,True,winticket,,,
063720260722,4-3-6,35.4,3,1784729472,https://www.winticket.jp/keirin/ito/racecard/2026072237/1/6,3-4-6,4-3,3-4,4-3,3-4,3-4|3-6|4-6,"{""4-3-6"": 3540}","{""3-4-6"": 2740}","{""4-3"": 750}","{""3-4"": 580}","{""3-4"": 250, ""3-6"": 1610, ""4-6"": 2150}",{},{},1784728980.0,1784728680.0,,,,,
063720260723,1-6-2,157.2,3,1784815915,https://www.winticket.jp/keirin/ito/racecard/2026072237/2/6,1-2-6,1-6,1-6,1-6,1-6,1-2|1-6|2-6,"{""1-6-2"": 15720}","{""1-2-6"": 1250}","{""1-6"": 4320}","{""1-6"": 2330}","{""1-2"": 320, ""1-6"": 720, ""2-6"": 670}",{},{},1784815380.0,1784815080.0,,,,,
063820261007,6-2-7,372.8,3,1791348010,https://www.winticket.jp/keirin/shizuoka/racecard/2026100738/1/6,2-6-7,6-2,2-6,6-2,2-6,2-6|2-7|6-7,"{""6-2-7"": 37280}","{""2-6-7"": 5660}","{""6-2"": 6940}","{""2-6"": 2050}","{""2-6"": 1130, ""2-7"": 630, ""6-7"": 1240}",{},{},1791347100.0,1791346800.0,True,winticket,,,
063820261008,4-5-1,22.6,3,1791433872,https://www.winticket.jp/keirin/shizuoka/racecard/2026100738/2/6,1-4-5,4-5,4-5,4-5,4-5,1-4|1-5|4-5,"{""4-5-1"": 2260}","{""1-4-5"": 590}","{""4-5"": 650}","{""4-5"": 480}","{""1-4"": 280, ""1-5"": 460, ""4-5"": 150}",{},{},1791433320.0,1791433020.0,True,winticket,,,
064320260801,2-1-6,8.4,3,1785558644,https://www.winticket.jp/keirin/gifu/racecard/2026073043/3/6,1-2-6,2-1,1-2,2-1,1-2,1-2|1-6|2-6,"{""2-1-6"": 840}","{""1-2-6"": 210}","{""2-1"": 490}","{""1-2"": 240}","{""1-2"": 100, ""1-6"": 160, ""2-6"": 130}",{},{},1785557580.0,1785557280.0,,,,,
064320260929,5-7-4,68.0,3,1790671320,https://www.winticket.jp/keirin/gifu/racecard/2026092643/4/6,4-5-7,5-7,5-7,4-5,4-5,4-5|4-7|5-7,"{""5-7-4"": 6800}","{""4-5-7"": 3080}","{""5-7"": 530}","{""5-7"": 350}","{""4-5"": 700, ""4-7"": 2130, ""5-7"": 190}","{""4-5"": 450}","{""4-5"": 280}",1790670600.0,1790670300.0,True,,,,
064420261006,3-6-5,647.2,3,1791293370,https://www.winticket.jp/keirin/ogaki/racecard/2026100644/1/6,3-5-6,3-6,3-6,3-6,3-6,3-5|3-6|5-6,"{""3-6-5"": 64720}","{""3-5-6"": 4390}","{""3-6"": 8860}","{""3-6"": 4270}","{""3-5"": 580, ""3-6"": 860, ""5-6"": 960}",{},{},1791292800.0,1791292500.0,True,winticket,,,
064420261007,5-1-3,68.7,3,1791379742,https://www.winticket.jp/keirin/ogaki/racecard/2026100644/2/6,1-3-5,5-1,1-5,5-1,1-5,1-3|1-5|3-5,"{""5-1-3"": 6870}","{""1-3-5"": 140}","{""5-1"": 6110}","{""1-5"": 1080}","{""1-3"": 100, ""1-5"": 150, ""3-5"": 150}",{},{},1791379200.0,1791378900.0,True,winticket,,,
064520260719,2-1-4,30.0,3,1784467912,https://www.winticket.jp/keirin/toyohashi/racecard/2026071945/1/6,1-2-4,2-1,1-2,2-1,1-2,1-2|1-4|2-4,"{""2-1-4"": 3000}","{""1-2-4"": 1090}","{""2-1"": 230}","{""1-2"": 130}","{""1-2"": 150, ""1-4"": 670, ""2-4"": 450}",{},{},1784467200.0,1784466900.0,,,,,
064520260805,6-2-4,4.6,3,1785904550,https://www.winticket.jp/keirin/toyohashi/racecard/2026080545/1/6,2-4-6,6-2,2-6,6-2,2-6,2-4|2-6|4-6,"{""6-2-4"": 460}","{""2-4-6"": 270}","{""6-2"": 170}","{""2-6"": 200}","{""2-4"": 210, ""2-6"": 100, ""4-6"": 180}",{},{},1785903720.0,1785903420.0,,,,,
064720261001,9-5-3,8.0,3,1790829345,https://www.winticket.jp/keirin/matsusaka/racecard/2026100147/1/6,3-5-9,9-5,5-9,6-4,4-6,3-5|3-9|5-9,"{""9-5-3"": 800}","{""3-5-9"": 470}","{""9-5"": 310}","{""5-9"": 230}","{""3-5"": 470, ""3-9"": 280, ""5-9"": 150}","{""6-4"": 270}","{""4-6"": 200}",1790828280.0,1790827980.0,True,,,,
064720261002,,,1,0,https://www.winticket.jp/keirin/matsusaka/racecard/2026100147/2/6,,,,,,,{},{},{},{},{},{},{},1790914680.0,1790914380.0,False,,,,
064720261003,,,1,0,https://www.winticket.jp/keirin/matsusaka/racecard/2026100147/3/6,,,,,,,{},{},{},{},{},{},{},1791001080.0,1791000780.0,False,,,,
064820260803,2-1-4,6.8,3,1785765349,https://www.winticket.jp/keirin/yokkaichi/racecard/2026080348/1/6,1-2-4,2-1,1-2,2-1,1-2,1-2|1-4|2-4,"{""2-1-4"": 680}","{""1-2-4"": 160}","{""2-1"": 400}","{""1-2"": 130}","{""1-2"": 100, ""1-4"": 130, ""2-4"": 140}",{},{},1785764700.0,1785764400.0,,,,,
064820261007,3-5-7,15.0,3,1791364346,https://www.winticket.jp/keirin/yokkaichi/racecard/2026100748/1/6,3-5-7,3-5,3-5,3-5,3-5,3-5|3-7|5-7,"{""3-5-7"": 1500}","{""3-5-7"": 580}","{""3-5"": 450}","{""3-5"": 230}","{""3-5"": 150, ""3-7"": 280, ""5-7"": 320}",{},{},1791363600.0,1791363300.0,True,winticket,,,
064820261008,2-5-6,4.1,3,1791450381,https://www.winticket.jp/keirin/yokkaichi/racecard/2026100748/2/6,2-5-6,2-5,2-5,2-5,2-5,2-5|2-6|5-6,"{""2-5-6"": 410}","{""2-5-6"": 150}","{""2-5"": 280}","{""2-5"": 210}","{""2-5"": 110, ""2-6"": 140, ""5-6"": 170}",{},{},1791449700.0,1791449400.0,True,winticket,,,
065320260930,2-4-6,11.8,3,1790776440,https://www.winticket.jp/keirin/nara/racecard/2026093053/1/6,2-4-6,2-4,2-4,2-4,2-4,2-4|2-6|4-6,"{""2-4-6"": 1180}","{""2-4-6"": 780}","{""2-4"": 500}","{""2-4"": 420}","{""2-4"": 270, ""2-6"": 600, ""4-6"": 500}",{},{},1790775900.0,1790775600.0,True,,,,
065320261002,,,1,0,https://www.winticket.jp/keirin/nara/racecard/2026093053/3/6,,,,,,,{},{},{},{},{},{},{},1790948700.0,1790948400.0,False,,,,
065320261005,,,1,0,https://www.winticket.jp/keirin/nara/racecard/2026100553/1/6,,,,,,,{},{},{},{},{},{},{},1791173340.0,1791173040.0,False,,,,
065320261006,5-3-2,18.0,3,1791260764,https://www.winticket.jp/keirin/nara/racecard/2026100553/2/6,2-3-5,5-3,3-5,5-3,3-5,2-3|2-5|3-5,"{""5-3-2"": 1800}","{""2-3-5"": 710}","{""5-3"": 380}","{""3-5"": 260}","{""2-3"": 430, ""2-5"": 360, ""3-5"": 150}",{},{},1791260100.0,1791259800.0,True,winticket,,,
065320261007,2-5-1,56.7,3,1791347141,https://www.winticket.jp/keirin/nara/racecard/2026100553/3/6,1-2-5,2-5,2-5,2-5,2-5,1-2|1-5|2-5,"{""2-5-1"": 5670}","{""1-2-5"": 3200}","{""2-5"": 760}","{""2-5"": 410}","{""1-2"": 580, ""1-5"": 980, ""2-5"": 240}",{},{},1791346500.0,1791346200.0,True,winticket,,,
066120260803,1-7-2,95.2,3,1785765800,https://www.winticket.jp/keirin/tamano/racecard/2026080361/1/6,1-2-7,1-7,1-7,1-6,1-6,1-2|1-7|2-7,"{""1-7-2"": 9520}","{""1-2-7"": 2170}","{""1-7"": 3350}","{""1-7"": 1790}","{""1-2"": 310, ""1-7"": 480, ""2-7"": 690}",{},{},1785765240.0,1785764940.0,,,,,
066120260929,1-2-4,22.5,3,1790689142,https://www.winticket.jp/keirin/tamano/racecard/2026092761/3/6,1-2-4,1-2,1-2,1-2,1-2,1-2|1-4|2-4,"{""1-2-4"": 2250}","{""1-2-4"": 480}","{""1-2"": 1160}","{""1-2"": 500}","{""1-2"": 190, ""1-4"": 150, ""2-4"": 350}",{},{},1790688600.0,1790688300.0,True,,,,
066220260803,5-1-7,2.8,3,1785720432,https://www.winticket.jp/keirin/hiroshima/racecard/2026080362/1/6,1-5-7,5-1,1-5,5-1,1-5,1-5|1-7|5-7,"{""5-1-7"": 280}","{""1-5-7"": 160}","{""5-1"": 200}","{""1-5"": 120}","{""1-5"": 100, ""1-7"": 140, ""5-7"": 140}",{},{},1785719640.0,1785719340.0,,,,,
066220260929,1-6-5,12.2,3,1790654989,https://www.winticket.jp/keirin/hiroshima/racecard/2026092862/2/6,1-5-6,1-6,1-6,1-6,1-6,1-5|1-6|5-6,"{""1-6-5"": 1220}","{""1-5-6"": 230}","{""1-6"": 970}","{""1-6"": 780}","{""1-5"": 100, ""1-6"": 150, ""5-6"": 170}",{},{},1790654160.0,1790653860.0,True,,,,
066220260930,1-3-4,96.8,3,1790742029,https://www.winticket.jp/keirin/hiroshima/racecard/2026092862/3/6,1-3-4,1-3,1-3,1-3,1-3,1-3|1-4|3-4,"{""1-3-4"": 9680}","{""1-3-4"": 2630}","{""1-3"": 1350}","{""1-3"": 760}","{""1-3"": 350, ""1-4"": 710, ""3-4"": 840}",{},{},1790741400.0,1790741100.0,True,,,,
066320260824,5-3-7,4.4,3,1787545759,https://www.winticket.jp/keirin/hofu/racecard/2026082363/2/6,3-5-7,5-3,3-5,5-3,3-5,3-5|3-7|5-7,"{""5-3-7"": 440}","{""3-5-7"": 300}","{""5-3"": 310}","{""3-5"": 270}","{""3-5"": 150, ""3-7"": 260, ""5-7"": 140}",{},{},1787544720.0,1787544420.0,,,,,
066320260825,2-5-7,27.6,3,1787631855,https://www.winticket.jp/keirin/hofu/racecard/2026082363/3/6,2-5-7,2-5,2-5,2-5,2-5,2-5|2-7|5-7,"{""2-5-7"": 2760}","{""2-5-7"": 1950}","{""2-5"": 980}","{""2-5"": 700}","{""2-5"": 250, ""2-7"": 600, ""5-7"": 1310}",{},{},1787630640.0,1787630340.0,,,,,
066320260929,3-7-4,11.2,3,1790644984,https://www.winticket.jp/keirin/hofu/racecard/2026092963/1/6,3-4-7,3-7,3-7,3-6,3-6,3-4|3-7|4-7,"{""3-7-4"": 1120}","{""3-4-7"": 350}","{""3-7"": 250}","{""3-7"": 100}","{""3-4"": 190, ""3-7"": 100, ""4-7"": 230}",{},{},1790644440.0,1790644140.0,True,,,,
066320260930,2-6-1,257.5,3,1790731488,https://www.winticket.jp/keirin/hofu/racecard/2026092963/2/6,1-2-6,2-6,2-6,2-6,2-6,1-2|1-6|2-6,"{""2-6-1"": 25750}","{""1-2-6"": 3940}","{""2-6"": 6420}","{""2-6"": 2770}","{""1-2"": 240, ""1-6"": 1510, ""2-6"": 980}",{},{},1790730600.0,1790730300.0,True,,,,
066320261001,4-7-1,7.3,3,1790817525,https://www.winticket.jp/keirin/hofu/racecard/2026092963/3/6,1-4-7,4-7,4-7,4-6,4-6,1-4|1-7|4-7,"{""4-7-1"": 730}","{""1-4-7"": 230}","{""4-7"": 360}","{""4-7"": 120}","{""1-4"": 220, ""1-7"": 180, ""4-7"": 100}",{},{},1790817000.0,1790816700.0,True,,,,
066320261005,,,1,0,https://www.winticket.jp/keirin/hofu/racecard/2026100463/2/6,,,,,,,{},{},{},{},{},{},{},1791162600.0,1791162300.0,False,,,,
067320261003,2-4-1,22.3,3,1791037458,https://www.winticket.jp/keirin/komatsushima/racecard/2026100373/1/6,1-2-4,2-4,2-4,2-4,2-4,1-2|1-4|2-4,"{""2-4-1"": 2230}","{""1-2-4"": 340}","{""2-4"": 1080}","{""2-4"": 770}","{""1-2"": 110, ""1-4"": 300, ""2-4"": 240}",{},{},1791036180.0,1791035880.0,True,,,,
067320261005,,,1,0,https://www.winticket.jp/keirin/komatsushima/racecard/2026100373/3/6,,,,,,,{},{},{},{},{},{},{},1791208980.0,1791208680.0,False,,,,
067420261007,2-5-7,3.5,3,1791336335,https://www.winticket.jp/keirin/kochi/racecard/2026100774/1/6,2-5-7,2-5,2-5,2-5,2-5,2-5|2-7|5-7,"{""2-5-7"": 350}","{""2-5-7"": 240}","{""2-5"": 160}","{""2-5"": 230}","{""2-5"": 150, ""2-7"": 210, ""5-7"": 280}",{},{},1791335640.0,1791335340.0,True,winticket,,,
067420261009,1-4-6,17.3,3,1791509663,https://www.winticket.jp/keirin/kochi/racecard/2026100774/3/6,1-4-6,1-4,1-4,1-4,1-4,1-4|1-6|4-6,"{""1-4-6"": 1730}","{""1-4-6"": 900}","{""1-4"": 190}","{""1-4"": 110}","{""1-4"": 130, ""1-6"": 450, ""4-6"": 460}",{},{},1791508800.0,1791508500.0,True,winticket,,['1-4-6'],2026-10-09T10:58:52.054717+09:00
067520260726,1-2-3,5.9,3,1785073379,https://www.winticket.jp/keirin/matsuyama/racecard/2026072575/2/6,1-2-3,1-2,1-2,1-2,1-2,1-2|1-3|2-3,"{""1-2-3"": 590}","{""1-2-3"": 450}","{""1-2"": 450}","{""1-2"": 320}","{""1-2"": 150, ""1-3"": 240, ""2-3"": 380}",{},{},1785072600.0,1785072300.0,,,,,
067520261005,,,2,0,https://www.winticket.jp/keirin/matsuyama/racecard/2026100475/2/6,,,,,,,{},{},{},{},{},{},{},1791190260.0,1791189960.0,False,,,,
068320261001,,,2,0,https://www.winticket.jp/keirin/kurume/racecard/2026100183/1/6,,,,,,,{},{},{},{},{},{},{},1790845560.0,1790845260.0,False,,,,
068320261002,,,2,0,https://www.winticket.jp/keirin/kurume/racecard/2026100183/2/6,,,,,,,{},{},{},{},{},{},{},1790931960.0,1790931660.0,False,,,,
068320261003,,,1,0,https://www.winticket.jp/keirin/kurume/racecard/2026100183/3/6,,,,,,,{},{},{},{},{},{},{},1791018360.0,1791018060.0,False,,,,
068420260726,1-4-2,331.4,3,1785072830,https://www.winticket.jp/keirin/takeo/racecard/2026072584/2/6,1-2-4,1-4,1-4,1-4,1-4,1-2|1-4|2-4,"{""1-4-2"": 33140}","{""1-2-4"": 3470}","{""1-4"": 6340}","{""1-4"": 2860}","{""1-2"": 130, ""1-4"": 810, ""2-4"": 530}",{},{},1785072000.0,1785071700.0,,,,,
068420260929,2-1-7,102.5,3,1790655859,https://www.winticket.jp/keirin/takeo/racecard/2026092784/3/6,1-2-7,2-1,1-2,2-1,1-2,1-2|1-7|2-7,"{""2-1-7"": 10250}","{""1-2-7"": 1590}","{""2-1"": 3480}","{""1-2"": 3200}","{""1-2"": 560, ""1-7"": 750, ""2-7"": 190}",{},{},1790655000.0,1790654700.0,True,,,,
068420261003,2-1-6,9.0,3,1791035838,https://www.winticket.jp/keirin/takeo/racecard/2026100384/1/6,1-2-6,2-1,1-2,2-1,1-2,1-2|1-6|2-6,"{""2-1-6"": 900}","{""1-2-6"": 180}","{""2-1"": 490}","{""1-2"": 120}","{""1-2"": 100, ""1-6"": 170, ""2-6"": 150}",{},{},1791035100.0,1791034800.0,True,,,,
068420261005,,,3,0,https://www.winticket.jp/keirin/takeo/racecard/2026100384/3/6,,,,,,,"{""1-2-4"": 3460}","{""1-2-4"": 1360}","{""1-2"": 610}","{""1-2"": 380}","{""1-2"": 180, ""1-4"": 300, ""2-4"": 820}",{},{},1791207900.0,1791207600.0,False,,,,
068420261009,7-5-3,19.1,3,1791509063,https://www.winticket.jp/keirin/takeo/racecard/2026100984/1/6,3-5-7,7-5,5-7,6-5,5-6,3-5|3-7|5-7,"{""7-5-3"": 1910}","{""3-5-7"": 1440}","{""7-5"": 150}","{""5-7"": 100}","{""3-5"": 730, ""3-7"": 520, ""5-7"": 100}",{},{},1791508200.0,1791507900.0,True,winticket,,['7-5-3'],2026-10-09T10:26:35.913150+09:00
068520260802,5-2-7,6.8,3,1785644279,https://www.winticket.jp/keirin/sasebo/racecard/2026073185/3/6,2-5-7,5-2,2-5,5-2,2-5,2-5|2-7|5-7,"{""5-2-7"": 680}","{""2-5-7"": 190}","{""5-2"": 420}","{""2-5"": 170}","{""2-5"": 100, ""2-7"": 140, ""5-7"": 200}",{},{},1785643440.0,1785643140.0,,,,,
068520260930,5-1-2,18.8,3,1790732008,https://www.winticket.jp/keirin/sasebo/racecard/2026093085/1/6,1-2-5,5-1,1-5,5-1,1-5,1-2|1-5|2-5,"{""5-1-2"": 1880}","{""1-2-5"": 1380}","{""5-1"": 150}","{""1-5"": 140}","{""1-2"": 690, ""1-5"": 120, ""2-5"": 550}",{},{},1790731200.0,1790730900.0,True,,,,
068520261001,7-3-5,14.0,3,1790818206,https://www.winticket.jp/keirin/sasebo/racecard/2026093085/2/6,3-5-7,7-3,3-7,6-3,3-6,3-5|3-7|5-7,"{""7-3-5"": 1400}","{""3-5-7"": 860}","{""7-3"": 540}","{""3-7"": 390}","{""3-5"": 840, ""3-7"": 240, ""5-7"": 670}",{},{},1790817600.0,1790817300.0,True,,,,
071220260930,3-6-5,87.0,3,1790778626,https://www.winticket.jp/keirin/aomori/racecard/2026093012/1/7,3-5-6,3-6,3-6,3-6,3-6,3-5|3-6|5-6,"{""3-6-5"": 8700}","{""3-5-6"": 3250}","{""3-6"": 1740}","{""3-6"": 1270}","{""3-5"": 840, ""3-6"": 460, ""5-6"": 1410}",{},{},1790778060.0,1790777760.0,True,,,,
071220261001,1-5-2,12.6,3,1790864973,https://www.winticket.jp/keirin/aomori/racecard/2026093012/2/7,1-2-5,1-5,1-5,1-5,1-5,1-2|1-5|2-5,"{""1-5-2"": 1260}","{""1-2-5"": 160}","{""1-5"": 960}","{""1-5"": 690}","{""1-2"": 100, ""1-5"": 150, ""2-5"": 150}",{},{},1790864460.0,1790864160.0,True,,,,
071220261002,2-3-6,88.5,3,1790951474,https://www.winticket.jp/keirin/aomori/racecard/2026093012/3/7,2-3-6,2-3,2-3,2-3,2-3,2-3|2-6|3-6,"{""2-3-6"": 8850}","{""2-3-6"": 3100}","{""2-3"": 2720}","{""2-3"": 960}","{""2-3"": 380, ""2-6"": 280, ""3-6"": 1210}",{},{},1790950860.0,1790950560.0,True,,,,
071320260716,4-2-3,196.3,3,1784210121,https://www.winticket.jp/keirin/iwakidaira/racecard/2026071613/1/7,2-3-4,4-2,2-4,4-2,2-4,2-3|2-4|3-4,"{""4-2-3"": 19630}","{""2-3-4"": 5740}","{""4-2"": 2930}","{""2-4"": 1120}","{""2-3"": 240, ""2-4"": 300, ""3-4"": 1710}",{},{},1784209200.0,1784208900.0,,,,,
071320260724,2-3-4,49.4,3,1784903549,https://www.winticket.jp/keirin/iwakidaira/racecard/2026072213/3/7,2-3-4,2-3,2-3,2-3,2-3,2-3|2-4|3-4,"{""2-3-4"": 4940}","{""2-3-4"": 760}","{""2-3"": 1610}","{""2-3"": 530}","{""2-3"": 330, ""2-4"": 620, ""3-4"": 330}",{},{},1784902860.0,1784902560.0,,,,,
071320260927,1-2-6,15.9,3,1790517203,https://www.winticket.jp/keirin/iwakidaira/racecard/2026092713/1/7,1-2-6,1-2,1-2,1-2,1-2,1-2|1-6|2-6,"{""1-2-6"": 1590}","{""1-2-6"": 160}","{""1-2"": 630}","{""1-2"": 150}","{""1-2"": 100, ""1-6"": 190, ""2-6"": 130}",{},{},1790516400.0,1790516100.0,True,,,,
071320260929,1-3-2,9.0,3,1790689862,https://www.winticket.jp/keirin/iwakidaira/racecard/2026092713/3/7,1-2-3,1-3,1-3,1-3,1-3,1-2|1-3|2-3,"{""1-3-2"": 900}","{""1-2-3"": 320}","{""1-3"": 450}","{""1-3"": 250}","{""1-2"": 170, ""1-3"": 160, ""2-3"": 200}",{},{},1790689200.0,1790688900.0,True,,,,
071320261005,,,2,0,https://www.winticket.jp/keirin/iwakidaira/racecard/2026100413/2/7,,,,,,,{},{},{},{},{},{},{},1791192600.0,1791192300.0,False,,,,
071320261006,3-1-7,42.2,3,1791279700,https://www.winticket.jp/keirin/iwakidaira/racecard/2026100413/3/7,1-3-7,3-1,1-3,3-1,1-3,1-3|1-7|3-7,"{""3-1-7"": 4220}","{""1-3-7"": 1260}","{""3-1"": 550}","{""1-3"": 480}","{""1-3"": 140, ""1-7"": 380, ""3-7"": 310}",{},{},1791279000.0,1791278700.0,True,winticket,,,
072220260930,1-2-4,6.5,3,1790779301,https://www.winticket.jp/keirin/maebashi/racecard/2026093022/1/7,1-2-4,1-2,1-2,1-2,1-2,1-2|1-4|2-4,"{""1-2-4"": 650}","{""1-2-4"": 490}","{""1-2"": 140}","{""1-2"": 130}","{""1-2"": 120, ""1-4"": 250, ""2-4"": 470}",{},{},1790778600.0,1790778300.0,True,,,,
072220261001,1-3-2,12.7,3,1790865533,https://www.winticket.jp/keirin/maebashi/racecard/2026093022/2/7,1-2-3,1-3,1-3,1-3,1-3,1-2|1-3|2-3,"{""1-3-2"": 1270}","{""1-2-3"": 620}","{""1-3"": 770}","{""1-3"": 470}","{""1-2"": 240, ""1-3"": 240, ""2-3"": 500}",{},{},1790865000.0,1790864700.0,True,,,,
072220261002,3-1-5,43.1,3,1790951984,https://www.winticket.jp/keirin/maebashi/racecard/2026093022/3/7,1-3-5,3-1,1-3,3-1,1-3,1-3|1-5|3-5,"{""3-1-5"": 4310}","{""1-3-5"": 1280}","{""3-1"": 1160}","{""1-3"": 320}","{""1-3"": 170, ""1-5"": 280, ""3-5"": 480}",{},{},1790951400.0,1790951100.0,True,,,,
072220261006,2-1-3,12.8,3,1791295301,https://www.winticket.jp/keirin/maebashi/racecard/2026100622/1/7,1-2-3,2-1,1-2,2-1,1-2,1-2|1-3|2-3,"{""2-1-3"": 1280}","{""1-2-3"": 310}","{""2-1"": 360}","{""1-2"": 110}","{""1-2"": 130, ""1-3"": 260, ""2-3"": 240}",{},{},1791294600.0,1791294300.0,True,winticket,,,
072220261007,7-5-4,2460.0,3,1791381611,https://www.winticket.jp/keirin/maebashi/racecard/2026100622/2/7,4-5-7,7-5,5-7,6-5,5-6,4-5|4-7|5-7,"{""7-5-4"": 246000}","{""4-5-7"": 29530}","{""7-5"": 29020}","{""5-7"": 17100}","{""4-5"": 2210, ""4-7"": 3020, ""5-7"": 2540}",{},{},1791381000.0,1791380700.0,True,winticket,,,
072220261008,6-4-3,99.3,3,1791467936,https://www.winticket.jp/keirin/maebashi/racecard/2026100622/3/7,3-4-6,6-4,4-6,6-4,4-6,3-4|3-6|4-6,"{""6-4-3"": 9930}","{""3-4-6"": 2380}","{""6-4"": 1610}","{""4-6"": 1650}","{""3-4"": 1030, ""3-6"": 510, ""4-6"": 650}",{},{},1791467400.0,1791467100.0,True,winticket,,['6-4-3'],2026-10-08T23:21:56.678664+09:00
072520261001,2-1-5,674.2,3,1790829736,https://www.winticket.jp/keirin/omiya/racecard/2026100125/1/7,1-2-5,2-1,1-2,2-1,1-2,1-2|1-5|2-5,"{""2-1-5"": 67420}","{""1-2-5"": 7290}","{""2-1"": 17260}","{""1-2"": 8340}","{""1-2"": 3080, ""1-5"": 930, ""2-5"": 850}",{},{},1790829120.0,1790828820.0,True,,,,
072520261002,,,3,0,https://www.winticket.jp/keirin/omiya/racecard/2026100125/2/7,,,,,,,"{""6-3-2"": 34720}","{""2-3-6"": 1410}","{""6-3"": 9750}","{""3-6"": 3850}","{""2-3"": 430, ""2-6"": 850, ""3-6"": 870}",{},{},1790915520.0,1790915220.0,False,,,,
072520261003,,,1,0,https://www.winticket.jp/keirin/omiya/racecard/2026100125/3/7,,,,,,,{},{},{},{},{},{},{},1791001920.0,1791001620.0,False,,,,
072520261006,7-3-1,3.0,3,1791261794,https://www.winticket.jp/keirin/omiya/racecard/2026100625/1/7,1-3-7,7-3,3-7,6-3,3-6,1-3|1-7|3-7,"{""7-3-1"": 300}","{""1-3-7"": 190}","{""7-3"": 150}","{""3-7"": 160}","{""1-3"": 210, ""1-7"": 130, ""3-7"": 100}",{},{},1791260940.0,1791260640.0,True,winticket,,,
072520261007,5-4-7,5.1,3,1791348320,https://www.winticket.jp/keirin/omiya/racecard/2026100625/2/7,4-5-7,5-4,4-5,5-4,4-5,4-5|4-7|5-7,"{""5-4-7"": 510}","{""4-5-7"": 430}","{""5-4"": 140}","{""4-5"": 130}","{""4-5"": 100, ""4-7"": 320, ""5-7"": 200}",{},{},1791347700.0,1791347400.0,True,winticket,,,
072520261008,5-2-3,38.6,3,1791434840,https://www.winticket.jp/keirin/omiya/racecard/2026100625/3/7,2-3-5,5-2,2-5,5-2,2-5,2-3|2-5|3-5,"{""5-2-3"": 3860}","{""2-3-5"": 660}","{""5-2"": 770}","{""2-5"": 170}","{""2-3"": 370, ""2-5"": 130, ""3-5"": 490}",{},{},1791434220.0,1791433920.0,True,winticket,,,
072620260717,1-2-3,5.0,3,1784279708,https://www.winticket.jp/keirin/seibuen/racecard/2026071626/2/7,1-2-3,1-2,1-2,1-2,1-2,1-2|1-3|2-3,"{""1-2-3"": 500}","{""1-2-3"": 440}","{""1-2"": 230}","{""1-2"": 150}","{""1-2"": 110, ""1-3"": 330, ""2-3"": 360}",{},{},1784279160.0,1784278860.0,,,,,
072620260805,4-3-1,10.5,3,1785922161,https://www.winticket.jp/keirin/seibuen/racecard/2026080326/3/7,1-3-4,4-3,3-4,4-3,3-4,1-3|1-4|3-4,"{""4-3-1"": 1050}","{""1-3-4"": 190}","{""4-3"": 680}","{""3-4"": 200}","{""1-3"": 140, ""1-4"": 180, ""3-4"": 100}",{},{},1785921540.0,1785921240.0,,,,,
072720260720,1-3-6,17.3,3,1784556045,https://www.winticket.jp/keirin/keiokaku/racecard/2026071927/2/7,1-3-6,1-3,1-3,1-3,1-3,1-3|1-6|3-6,"{""1-3-6"": 1730}","{""1-3-6"": 1060}","{""1-3"": 320}","{""1-3"": 290}","{""1-3"": 200, ""1-6"": 390, ""3-6"": 540}",{},{},1784555400.0,1784555100.0,,,,,
072720260721,2-1-6,16.1,3,1784642427,https://www.winticket.jp/keirin/keiokaku/racecard/2026071927/3/7,1-2-6,2-1,1-2,2-1,1-2,1-2|1-6|2-6,"{""2-1-6"": 1610}","{""1-2-6"": 1030}","{""2-1"": 270}","{""1-2"": 190}","{""1-2"": 180, ""1-6"": 860, ""2-6"": 440}",{},{},1784641800.0,1784641500.0,,,,,
073120261003,,,2,0,https://www.winticket.jp/keirin/matsudo/racecard/2026100331/1/7,,,,,,,{},{},{},{},{},{},{},1790991300.0,1790991000.0,False,,,,
073120261005,,,2,0,https://www.winticket.jp/keirin/matsudo/racecard/2026100331/3/7,,,,,,,{},{},{},{},{},{},{},1791164400.0,1791164100.0,False,,,,
073420261002,,,1,0,https://www.winticket.jp/keirin/kawasaki/racecard/2026100134/2/7,,,,,,,{},{},{},{},{},{},{},1790932680.0,1790932380.0,False,,,,
073420261003,,,1,0,https://www.winticket.jp/keirin/kawasaki/racecard/2026100134/3/7,,,,,,,{},{},{},{},{},{},{},1791019080.0,1791018780.0,False,,,,
073520260929,5-2-4,12.6,3,1790673821,https://www.winticket.jp/keirin/hiratsuka/racecard/2026092835/2/7,2-4-5,5-2,2-5,5-2,2-5,2-4|2-5|4-5,"{""5-2-4"": 1260}","{""2-4-5"": 290}","{""5-2"": 460}","{""2-5"": 210}","{""2-4"": 170, ""2-5"": 130, ""4-5"": 290}",{},{},1790673240.0,1790672940.0,True,,,,
073520260930,5-6-2,167.7,3,1790761580,https://www.winticket.jp/keirin/hiratsuka/racecard/2026092835/3/7,2-5-6,5-6,5-6,5-6,5-6,2-5|2-6|5-6,"{""5-6-2"": 16770}","{""2-5-6"": 4390}","{""5-6"": 8280}","{""5-6"": 3700}","{""2-5"": 1270, ""2-6"": 1380, ""5-6"": 1920}",{},{},1790760960.0,1790760660.0,True,,,,
073520261003,1-2-6,4.4,3,1791037839,https://www.winticket.jp/keirin/hiratsuka/racecard/2026100335/1/7,1-2-6,1-2,1-2,1-2,1-2,1-2|1-6|2-6,"{""1-2-6"": 440}","{""1-2-6"": 280}","{""1-2"": 140}","{""1-2"": 100}","{""1-2"": 100, ""1-6"": 200, ""2-6"": 220}",{},{},1791037260.0,1791036960.0,True,,,,
073520261005,,,1,0,https://www.winticket.jp/keirin/hiratsuka/racecard/2026100335/3/7,,,,,,,{},{},{},{},{},{},{},1791210060.0,1791209760.0,False,,,,
073520261008,7-2-3,8.1,3,1791451090,https://www.winticket.jp/keirin/hiratsuka/racecard/2026100835/1/7,2-3-7,7-2,2-7,6-2,2-6,2-3|2-7|3-7,"{""7-2-3"": 810}","{""2-3-7"": 330}","{""7-2"": 530}","{""2-7"": 480}","{""2-3"": 260, ""2-7"": 190, ""3-7"": 100}",{},{},1791450420.0,1791450120.0,True,winticket,,,
073620260801,7-2-1,19.4,3,1785559665,https://www.winticket.jp/keirin/odawara/racecard/2026080136/1/7,1-2-7,7-2,2-7,5-2,2-5,1-2|1-7|2-7,"{""7-2-1"": 1940}","{""1-2-7"": 1020}","{""7-2"": 200}","{""2-7"": 110}","{""1-2"": 600, ""1-7"": 510, ""2-7"": 100}","{""5-2"": 210}","{""2-5"": 120}",1785558780.0,1785558480.0,,,,,
073720260827,4-1-6,1.6,3,1787794769,https://www.winticket.jp/keirin/ito/racecard/2026082737/1/7,1-4-6,4-1,1-4,4-1,1-4,1-4|1-6|4-6,"{""4-1-6"": 160}","{""1-4-6"": 150}","{""4-1"": 110}","{""1-4"": 100}","{""1-4"": 100, ""1-6"": 140, ""4-6"": 140}",{},{},1787794200.0,1787793900.0,,,,,
073820261007,1-5-3,9.3,3,1791349461,https://www.winticket.jp/keirin/shizuoka/racecard/2026100738/1/7,1-3-5,1-5,1-5,1-5,1-5,1-3|1-5|3-5,"{""1-5-3"": 930}","{""1-3-5"": 390}","{""1-5"": 320}","{""1-5"": 150}","{""1-3"": 190, ""1-5"": 110, ""3-5"": 230}",{},{},1791348900.0,1791348600.0,True,winticket,,,
073820261008,7-5-3,140.2,3,1791435681,https://www.winticket.jp/keirin/shizuoka/racecard/2026100738/2/7,3-5-7,7-5,5-7,6-5,5-6,3-5|3-7|5-7,"{""7-5-3"": 14020}","{""3-5-7"": 5520}","{""7-5"": 1560}","{""5-7"": 1590}","{""3-5"": 1790, ""3-7"": 580, ""5-7"": 400}",{},{},1791435120.0,1791434820.0,True,winticket,,,
074320260927,1-3-5,215.9,3,1790500878,https://www.winticket.jp/keirin/gifu/racecard/2026092643/2/7,1-3-5,1-3,1-3,1-3,1-3,1-3|1-5|3-5,"{""1-3-5"": 21590}","{""1-3-5"": 3100}","{""1-3"": 6820}","{""1-3"": 4860}","{""1-3"": 980, ""1-5"": 280, ""3-5"": 490}","{""1-3"": 6530}","{""1-3"": 3700}",1790500080.0,1790499780.0,True,,,,
074320260929,7-1-5,45.5,3,1790673096,https://www.winticket.jp/keirin/gifu/racecard/2026092643/4/7,1-5-7,7-1,1-7,5-1,1-5,1-5|1-7|5-7,"{""7-1-5"": 4550}","{""1-5-7"": 1110}","{""7-1"": 660}","{""1-7"": 230}","{""1-5"": 340, ""1-7"": 190, ""5-7"": 860}","{""5-1"": 790}","{""1-5"": 280}",1790672340.0,1790672040.0,True,,,,
074420260924,2-3-5,407.8,3,1790225857,https://www.winticket.jp/keirin/ogaki/racecard/2026092244/3/7,2-3-5,2-3,2-3,2-3,2-3,2-3|2-5|3-5,"{""2-3-5"": 40780}","{""2-3-5"": 3830}","{""2-3"": 5270}","{""2-3"": 1450}","{""2-3"": 420, ""2-5"": 990, ""3-5"": 400}",{},{},1790225160.0,1790224860.0,True,,,,
074420261006,3-1-2,15.0,3,1791294571,https://www.winticket.jp/keirin/ogaki/racecard/2026100644/1/7,1-2-3,3-1,1-3,3-1,1-3,1-2|1-3|2-3,"{""3-1-2"": 1500}","{""1-2-3"": 420}","{""3-1"": 260}","{""1-3"": 190}","{""1-2"": 310, ""1-3"": 120, ""2-3"": 260}",{},{},1791294000.0,1791293700.0,True,winticket,,,
074420261007,5-7-4,298.8,3,1791381062,https://www.winticket.jp/keirin/ogaki/racecard/2026100644/2/7,4-5-7,5-7,5-7,5-6,5-6,4-5|4-7|5-7,"{""5-7-4"": 29880}","{""4-5-7"": 9740}","{""5-7"": 4410}","{""5-7"": 3190}","{""4-5"": 1410, ""4-7"": 2720, ""5-7"": 1110}",{},{},1791380400.0,1791380100.0,True,winticket,,,
074420261008,5-2-4,118.9,3,1791467409,https://www.winticket.jp/keirin/ogaki/racecard/2026100644/3/7,2-4-5,5-2,2-5,5-2,2-5,2-4|2-5|4-5,"{""5-2-4"": 11890}","{""2-4-5"": 2250}","{""5-2"": 5080}","{""2-5"": 2500}","{""2-4"": 170, ""2-5"": 510, ""4-5"": 1120}",{},{},1791466800.0,1791466500.0,True,winticket,,['5-2-4'],2026-10-08T22:54:09.288289+09:00
074520260720,2-4-5,16.9,3,1784555515,https://www.winticket.jp/keirin/toyohashi/racecard/2026071945/2/7,2-4-5,2-4,2-4,2-4,2-4,2-4|2-5|4-5,"{""2-4-5"": 1690}","{""2-4-5"": 1060}","{""2-4"": 570}","{""2-4"": 490}","{""2-4"": 210, ""2-5"": 200, ""4-5"": 460}",{},{},1784554800.0,1784554500.0,,,,,
074520260721,4-1-3,44.1,3,1784641917,https://www.winticket.jp/keirin/toyohashi/racecard/2026071945/3/7,1-3-4,4-1,1-4,4-1,1-4,1-3|1-4|3-4,"{""4-1-3"": 4410}","{""1-3-4"": 1390}","{""4-1"": 1740}","{""1-4"": 800}","{""1-3"": 270, ""1-4"": 340, ""3-4"": 460}",{},{},1784641200.0,1784640900.0,,,,,
074720261001,7-3-8,198.9,3,1790830927,https://www.winticket.jp/keirin/matsusaka/racecard/2026100147/1/7,3-7-8,7-3,3-7,5-3,3-5,3-7|3-8|7-8,"{""7-3-8"": 19890}","{""3-7-8"": 5420}","{""7-3"": 2510}","{""3-7"": 1060}","{""3-7"": 530, ""3-8"": 3010, ""7-8"": 3180}","{""5-3"": 2720}","{""3-5"": 1140}",1790829960.0,1790829660.0,True,,,,
074720261002,,,2,0,https://www.winticket.jp/keirin/matsusaka/racecard/2026100147/2/7,,,,,,,{},{},{},{},{},{},{},1790916360.0,1790916060.0,False,,,,
074720261003,,,1,0,https://www.winticket.jp/keirin/matsusaka/racecard/2026100147/3/7,,,,,,,{},{},{},{},{},{},{},1791002760.0,1791002460.0,False,,,,
074820261007,2-1-3,48.5,3,1791365887,https://www.winticket.jp/keirin/yokkaichi/racecard/2026100748/1/7,1-2-3,2-1,1-2,2-1,1-2,1-2|1-3|2-3,"{""2-1-3"": 4850}","{""1-2-3"": 670}","{""2-1"": 1280}","{""1-2"": 640}","{""1-2"": 260, ""1-3"": 230, ""2-3"": 330}",{},{},1791365040.0,1791364740.0,True,winticket,,,
074820261008,1-2-7,90.4,3,1791451910,https://www.winticket.jp/keirin/yokkaichi/racecard/2026100748/2/7,1-2-7,1-2,1-2,1-2,1-2,1-2|1-7|2-7,"{""1-2-7"": 9040}","{""1-2-7"": 410}","{""1-2"": 3660}","{""1-2"": 2420}","{""1-2"": 400, ""1-7"": 160, ""2-7"": 160}",{},{},1791451140.0,1791450840.0,True,winticket,,,
075320260716,1-2-5,1.8,3,1784210350,https://www.winticket.jp/keirin/nara/racecard/2026071653/1/7,1-2-5,1-2,1-2,1-2,1-2,1-2|1-5|2-5,"{""1-2-5"": 180}","{""1-2-5"": 140}","{""1-2"": 140}","{""1-2"": 120}","{""1-2"": 100, ""1-5"": 100, ""2-5"": 120}",{},{},1784209800.0,1784209500.0,,,,,
075320260803,1-4-3,3.5,3,1785768039,https://www.winticket.jp/keirin/nara/racecard/2026080353/1/7,1-3-4,1-4,1-4,1-4,1-4,1-3|1-4|3-4,"{""1-4-3"": 350}","{""1-3-4"": 190}","{""1-4"": 250}","{""1-4"": 140}","{""1-3"": 130, ""1-4"": 110, ""3-4"": 170}",{},{},1785767400.0,1785767100.0,,,,,
075320260930,1-2-4,8.5,3,1790778085,https://www.winticket.jp/keirin/nara/racecard/2026093053/1/7,1-2-4,1-2,1-2,1-2,1-2,1-2|1-4|2-4,"{""1-2-4"": 850}","{""1-2-4"": 600}","{""1-2"": 260}","{""1-2"": 250}","{""1-2"": 170, ""1-4"": 210, ""2-4"": 540}",{},{},1790777520.0,1790777220.0,True,,,,
075320261001,1-2-3,3.1,3,1790864723,https://www.winticket.jp/keirin/nara/racecard/2026093053/2/7,1-2-3,1-2,1-2,1-2,1-2,1-2|1-3|2-3,"{""1-2-3"": 310}","{""1-2-3"": 200}","{""1-2"": 160}","{""1-2"": 130}","{""1-2"": 100, ""1-3"": 160, ""2-3"": 170}",{},{},1790863920.0,1790863620.0,True,,,,
075320261002,,,1,0,https://www.winticket.jp/keirin/nara/racecard/2026093053/3/7,,,,,,,{},{},{},{},{},{},{},1790950320.0,1790950020.0,False,,,,
075320261005,,,3,0,https://www.winticket.jp/keirin/nara/racecard/2026100553/1/7,,,,,,,"{""3-4-7"": 6660}","{""3-4-7"": 1280}","{""3-4"": 3570}","{""3-4"": 1920}","{""3-4"": 670, ""3-7"": 520, ""4-7"": 440}",{},{},1791175080.0,1791174780.0,False,,,,
075320261006,5-7-6,1012.3,3,1791262423,https://www.winticket.jp/keirin/nara/racecard/2026100553/2/7,5-6-7,5-7,5-7,5-6,5-6,5-6|5-7|6-7,"{""5-7-6"": 101230}","{""5-6-7"": 21920}","{""5-7"": 9640}","{""5-7"": 4620}","{""5-6"": 2730, ""5-7"": 610, ""6-7"": 1320}",{},{},1791261780.0,1791261480.0,True,winticket,,,
075320261007,2-4-1,82.1,3,1791349010,https://www.winticket.jp/keirin/nara/racecard/2026100553/3/7,1-2-4,2-4,2-4,2-4,2-4,1-2|1-4|2-4,"{""2-4-1"": 8210}","{""1-2-4"": 1090}","{""2-4"": 1810}","{""2-4"": 710}","{""1-2"": 250, ""1-4"": 390, ""2-4"": 290}",{},{},1791348300.0,1791348000.0,True,winticket,,,
076120260805,3-7-1,192.6,3,1785940176,https://www.winticket.jp/keirin/tamano/racecard/2026080361/3/7,1-3-7,3-7,3-7,3-6,3-6,1-3|1-7|3-7,"{""3-7-1"": 19260}","{""1-3-7"": 1280}","{""3-7"": 6180}","{""3-7"": 3030}","{""1-3"": 470, ""1-7"": 440, ""3-7"": 1070}",{},{},1785939660.0,1785939360.0,,,,,
076120260928,3-6-1,111.1,3,1790604023,https://www.winticket.jp/keirin/tamano/racecard/2026092761/2/7,1-3-6,3-6,3-6,3-6,3-6,1-3|1-6|3-6,"{""3-6-1"": 11110}","{""1-3-6"": 2000}","{""3-6"": 1870}","{""3-6"": 1500}","{""1-3"": 310, ""1-6"": 970, ""3-6"": 770}",{},{},1790603400.0,1790603100.0,True,,,,
076120260929,1-2-5,16.0,3,1790690332,https://www.winticket.jp/keirin/tamano/racecard/2026092761/3/7,1-2-5,1-2,1-2,1-2,1-2,1-2|1-5|2-5,"{""1-2-5"": 1600}","{""1-2-5"": 560}","{""1-2"": 220}","{""1-2"": 130}","{""1-2"": 120, ""1-5"": 340, ""2-5"": 270}",{},{},1790689800.0,1790689500.0,True,,,,
076220260713,6-3-7,31.6,3,1783950464,https://www.winticket.jp/keirin/hiroshima/racecard/2026071362/1/7,3-6-7,6-3,3-6,6-3,3-6,3-6|3-7|6-7,"{""6-3-7"": 3160}","{""3-6-7"": 1690}","{""6-3"": 660}","{""3-6"": 620}","{""3-6"": 300, ""3-7"": 1380, ""6-7"": 690}",{},{},1783950000.0,1783949700.0,,,,,
076220260715,4-5-7,343.8,3,1784123310,https://www.winticket.jp/keirin/hiroshima/racecard/2026071362/3/7,4-5-7,4-5,4-5,4-5,4-5,4-5|4-7|5-7,"{""4-5-7"": 34380}","{""4-5-7"": 4580}","{""4-5"": 3690}","{""4-5"": 2930}","{""4-5"": 400, ""4-7"": 300, ""5-7"": 1180}",{},{},1784122800.0,1784122500.0,,,,,
076220260723,1-3-5,24.3,3,1784816514,https://www.winticket.jp/keirin/hiroshima/racecard/2026072262/2/7,1-3-5,1-3,1-3,1-3,1-3,1-3|1-5|3-5,"{""1-3-5"": 2430}","{""1-3-5"": 720}","{""1-3"": 660}","{""1-3"": 430}","{""1-3"": 170, ""1-5"": 210, ""3-5"": 310}",{},{},1784815920.0,1784815620.0,,,,,
076220260724,3-1-6,51.5,3,1784902849,https://www.winticket.jp/keirin/hiroshima/racecard/2026072262/3/7,1-3-6,3-1,1-3,3-1,1-3,1-3|1-6|3-6,"{""3-1-6"": 5150}","{""1-3-6"": 2390}","{""3-1"": 480}","{""1-3"": 450}","{""1-3"": 200, ""1-6"": 1540, ""3-6"": 350}",{},{},1784902320.0,1784902020.0,,,,,
076220260804,3-5-1,103.7,3,1785808285,https://www.winticket.jp/keirin/hiroshima/racecard/2026080362/2/7,1-3-5,3-5,3-5,3-5,3-5,1-3|1-5|3-5,"{""3-5-1"": 10370}","{""1-3-5"": 740}","{""3-5"": 4320}","{""3-5"": 1720}","{""1-3"": 320, ""1-5"": 150, ""3-5"": 330}",{},{},1785807600.0,1785807300.0,,,,,
076220260805,4-7-1,181.0,3,1785894846,https://www.winticket.jp/keirin/hiroshima/racecard/2026080362/3/7,1-4-7,4-7,4-7,4-6,4-6,1-4|1-7|4-7,"{""4-7-1"": 18100}","{""1-4-7"": 230}","{""4-7"": 10300}","{""4-7"": 2820}","{""1-4"": 180, ""1-7"": 120, ""4-7"": 230}",{},{},1785894000.0,1785893700.0,,,,,
076220260929,7-3-4,15.5,3,1790656348,https://www.winticket.jp/keirin/hiroshima/racecard/2026092862/2/7,3-4-7,7-3,3-7,6-3,3-6,3-4|3-7|4-7,"{""7-3-4"": 1550}","{""3-4-7"": 780}","{""7-3"": 380}","{""3-7"": 370}","{""3-4"": 750, ""3-7"": 210, ""4-7"": 280}",{},{},1790655840.0,1790655540.0,True,,,,
076220260930,,,1,0,https://www.winticket.jp/keirin/hiroshima/racecard/2026092862/3/7,,,,,,,{},{},{},{},{},{},{},1790743140.0,1790742840.0,False,,,,
076320260823,2-5-7,50.4,3,1787460341,https://www.winticket.jp/keirin/hofu/racecard/2026082363/1/7,2-5-7,2-5,2-5,2-5,2-5,2-5|2-7|5-7,"{""2-5-7"": 5040}","{""2-5-7"": 2290}","{""2-5"": 1610}","{""2-5"": 970}","{""2-5"": 470, ""2-7"": 390, ""5-7"": 580}",{},{},1787459520.0,1787459220.0,,,,,
076320260929,5-3-7,63.7,3,1790646464,https://www.winticket.jp/keirin/hofu/racecard/2026092963/1/7,3-5-7,5-3,3-5,5-3,3-5,3-5|3-7|5-7,"{""5-3-7"": 6370}","{""3-5-7"": 630}","{""5-3"": 1560}","{""3-5"": 380}","{""3-5"": 220, ""3-7"": 170, ""5-7"": 470}",{},{},1790645700.0,1790645400.0,True,,,,
076320260930,5-3-7,6.3,3,1790732507,https://www.winticket.jp/keirin/hofu/racecard/2026092963/2/7,3-5-7,5-3,3-5,5-3,3-5,3-5|3-7|5-7,"{""5-3-7"": 630}","{""3-5-7"": 540}","{""5-3"": 210}","{""3-5"": 170}","{""3-5"": 140, ""3-7"": 500, ""5-7"": 220}",{},{},1790731800.0,1790731500.0,True,,,,
076320261001,4-5-3,178.3,3,1790818815,https://www.winticket.jp/keirin/hofu/racecard/2026092963/3/7,3-4-5,4-5,4-5,4-5,4-5,3-4|3-5|4-5,"{""4-5-3"": 17830}","{""3-4-5"": 2300}","{""4-5"": 5870}","{""4-5"": 2690}","{""3-4"": 430, ""3-5"": 320, ""4-5"": 620}",{},{},1790818200.0,1790817900.0,True,,,,
076320261005,,,1,0,https://www.winticket.jp/keirin/hofu/racecard/2026100463/2/7,,,,,,,{},{},{},{},{},{},{},1791163800.0,1791163500.0,False,,,,
077320261003,,,3,0,https://www.winticket.jp/keirin/komatsushima/racecard/2026100373/1/7,,,,,,,"{""3-4-6"": 7170}","{""3-4-6"": 4370}","{""3-4"": 550}","{""3-4"": 360}","{""3-4"": 270, ""3-6"": 940, ""4-6"": 1700}",{},{},1791037800.0,1791037500.0,False,,,,
077320261005,5-6-1,182.0,3,1791211342,https://www.winticket.jp/keirin/komatsushima/racecard/2026100373/3/7,1-5-6,5-6,5-6,5-6,5-6,1-5|1-6|5-6,"{""5-6-1"": 18200}","{""1-5-6"": 2480}","{""5-6"": 2540}","{""5-6"": 1640}","{""1-5"": 450, ""1-6"": 680, ""5-6"": 450}",{},{},1791210600.0,1791210300.0,True,winticket,,,
077420261007,1-4-7,3.4,3,1791337624,https://www.winticket.jp/keirin/kochi/racecard/2026100774/1/7,1-4-7,1-4,1-4,1-4,1-4,1-4|1-7|4-7,"{""1-4-7"": 340}","{""1-4-7"": 150}","{""1-4"": 210}","{""1-4"": 180}","{""1-4"": 100, ""1-7"": 130, ""4-7"": 150}",{},{},1791336900.0,1791336600.0,True,winticket,,,
077420261008,3-5-2,72.3,3,1791423948,https://www.winticket.jp/keirin/kochi/racecard/2026100774/2/7,2-3-5,3-5,3-5,3-5,3-5,2-3|2-5|3-5,"{""3-5-2"": 7230}","{""2-3-5"": 230}","{""3-5"": 3480}","{""3-5"": 420}","{""2-3"": 240, ""2-5"": 140, ""3-5"": 160}",{},{},1791423300.0,1791423000.0,True,winticket,,,
077420261009,5-2-3,27.4,3,1791510813,https://www.winticket.jp/keirin/kochi/racecard/2026100774/3/7,2-3-5,5-2,2-5,5-2,2-5,2-3|2-5|3-5,"{""5-2-3"": 2740}","{""2-3-5"": 510}","{""5-2"": 660}","{""2-5"": 260}","{""2-3"": 170, ""2-5"": 150, ""3-5"": 430}",{},{},1791510000.0,1791509700.0,True,winticket,,['5-2-3'],2026-10-09T10:58:52.810222+09:00
077520260712,3-7-4,60.4,3,1783849306,https://www.winticket.jp/keirin/matsuyama/racecard/2026071175/2/7,3-4-7,3-7,3-7,3-6,3-6,3-4|3-7|4-7,"{""3-7-4"": 6040}","{""3-4-7"": 1160}","{""3-7"": 2260}","{""3-7"": 1110}","{""3-4"": 310, ""3-7"": 280, ""4-7"": 400}",{},{},1783848600.0,1783848300.0,,,,,
077520261005,,,1,0,https://www.winticket.jp/keirin/matsuyama/racecard/2026100475/2/7,,,,,,,{},{},{},{},{},{},{},1791191820.0,1791191520.0,False,,,,
078120260724,1-5-6,51.4,3,1784885653,https://www.winticket.jp/keirin/kokura/racecard/2026072481/1/7,1-5-6,1-5,1-5,1-5,1-5,1-5|1-6|5-6,"{""1-5-6"": 5140}","{""1-5-6"": 1810}","{""1-5"": 1490}","{""1-5"": 1210}","{""1-5"": 340, ""1-6"": 190, ""5-6"": 740}",{},{},1784884380.0,1784884080.0,,,,,
078320261001,,,2,0,https://www.winticket.jp/keirin/kurume/racecard/2026100183/1/7,,,,,,,{},{},{},{},{},{},{},1790847000.0,1790846700.0,False,,,,
078320261002,,,1,0,https://www.winticket.jp/keirin/kurume/racecard/2026100183/2/7,,,,,,,{},{},{},{},{},{},{},1790933400.0,1790933100.0,False,,,,
078320261003,,,1,0,https://www.winticket.jp/keirin/kurume/racecard/2026100183/3/7,,,,,,,{},{},{},{},{},{},{},1791019800.0,1791019500.0,False,,,,
078420260725,2-1-3,3.8,3,1784987545,https://www.winticket.jp/keirin/takeo/racecard/2026072584/1/7,1-2-3,2-1,1-2,2-1,1-2,1-2|1-3|2-3,"{""2-1-3"": 380}","{""1-2-3"": 120}","{""2-1"": 280}","{""1-2"": 110}","{""1-2"": 100, ""1-3"": 150, ""2-3"": 120}",{},{},1784986800.0,1784986500.0,,,,,
078420260731,1-7-5,27.0,3,1785509095,https://www.winticket.jp/keirin/takeo/racecard/2026073184/1/7,1-5-7,1-7,1-7,1-6,1-6,1-5|1-7|5-7,"{""1-7-5"": 2700}","{""1-5-7"": 1610}","{""1-7"": 800}","{""1-7"": 1150}","{""1-5"": 300, ""1-7"": 180, ""5-7"": 2050}",{},{},1785508200.0,1785507900.0,,,,,
078420260929,5-7-1,7.6,3,1790657460,https://www.winticket.jp/keirin/takeo/racecard/2026092784/3/7,1-5-7,5-7,5-7,5-6,5-6,1-5|1-7|5-7,"{""5-7-1"": 760}","{""1-5-7"": 210}","{""5-7"": 460}","{""5-7"": 140}","{""1-5"": 210, ""1-7"": 200, ""5-7"": 110}",{},{},1790656680.0,1790656380.0,True,,,,
078420261003,4-6-3,297.4,3,1791037429,https://www.winticket.jp/keirin/takeo/racecard/2026100384/1/7,3-4-6,4-6,4-6,4-6,4-6,3-4|3-6|4-6,"{""4-6-3"": 29740}","{""3-4-6"": 4760}","{""4-6"": 9620}","{""4-6"": 3690}","{""3-4"": 880, ""3-6"": 650, ""4-6"": 1400}",{},{},1791036720.0,1791036420.0,True,,,,
078420261005,,,1,0,https://www.winticket.jp/keirin/takeo/racecard/2026100384/3/7,,,,,,,{},{},{},{},{},{},{},1791209520.0,1791209220.0,False,,,,
078420261009,3-2-7,3.3,3,1791510353,https://www.winticket.jp/keirin/takeo/racecard/2026100984/1/7,2-3-7,3-2,2-3,3-2,2-3,2-3|2-7|3-7,"{""3-2-7"": 330}","{""2-3-7"": 120}","{""3-2"": 190}","{""2-3"": 100}","{""2-3"": 100, ""2-7"": 120, ""3-7"": 130}",{},{},1791509400.0,1791509100.0,True,winticket,,['3-2-7'],2026-10-09T10:58:51.290766+09:00
078520260930,7-1-3,15.4,3,1790733158,https://www.winticket.jp/keirin/sasebo/racecard/2026093085/1/7,1-3-7,7-1,1-7,6-1,1-6,1-3|1-7|3-7,"{""7-1-3"": 1540}","{""1-3-7"": 810}","{""7-1"": 290}","{""1-7"": 140}","{""1-3"": 330, ""1-7"": 140, ""3-7"": 500}",{},{},1790732400.0,1790732100.0,True,,,,
078520261001,3-7-1,25.7,3,1790819520,https://www.winticket.jp/keirin/sasebo/racecard/2026093085/2/7,1-3-7,3-7,3-7,3-6,3-6,1-3|1-7|3-7,"{""3-7-1"": 2570}","{""1-3-7"": 890}","{""3-7"": 210}","{""3-7"": 150}","{""1-3"": 260, ""1-7"": 690, ""3-7"": 110}",{},{},1790818800.0,1790818500.0,True,,,,
078520261002,,,2,0,https://www.winticket.jp/keirin/sasebo/racecard/2026093085/3/7,,,,,,,{},{},{},{},{},{},{},1790904900.0,1790904600.0,False,,,,
078720260925,2-7-1,197.9,3,1790300842,https://www.winticket.jp/keirin/kumamoto/racecard/2026092487/2/7,1-2-7,2-7,2-7,2-6,2-6,1-2|1-7|2-7,"{""2-7-1"": 19790}","{""1-2-7"": 3750}","{""2-7"": 4540}","{""2-7"": 1690}","{""1-2"": 1150, ""1-7"": 990, ""2-7"": 1040}",{},{},1790300100.0,1790299800.0,True,,,,
081120260714,5-2-4,731.8,3,1784022419,https://www.winticket.jp/keirin/hakodate/racecard/2026071411/1/8,2-4-5,5-2,2-5,5-2,2-5,2-4|2-5|4-5,"{""5-2-4"": 73180}","{""2-4-5"": 10150}","{""5-2"": 10250}","{""2-5"": 3850}","{""2-4"": 490, ""2-5"": 1470, ""4-5"": 480}",{},{},1784021760.0,1784021460.0,,,,,
081320260710,3-2-1,19.0,3,1783693385,https://www.winticket.jp/keirin/iwakidaira/racecard/2026071013/1/8,1-2-3,3-2,2-3,3-2,2-3,1-2|1-3|2-3,"{""3-2-1"": 1900}","{""1-2-3"": 170}","{""3-2"": 1490}","{""2-3"": 890}","{""1-2"": 100, ""1-3"": 160, ""2-3"": 150}",{},{},1783692600.0,1783692300.0,,,,,
081320260802,5-6-4,333.0,3,1785664736,https://www.winticket.jp/keirin/iwakidaira/racecard/2026073113/3/8,4-5-6,5-6,5-6,5-6,5-6,4-5|4-6|5-6,"{""5-6-4"": 33300}","{""4-5-6"": 4840}","{""5-6"": 7380}","{""5-6"": 6450}","{""4-5"": 820, ""4-6"": 560, ""5-6"": 1280}",{},{},1785663960.0,1785663660.0,,,,,
081320260929,4-1-3,33.0,3,1790691117,https://www.winticket.jp/keirin/iwakidaira/racecard/2026092713/3/8,1-3-4,4-1,1-4,4-1,1-4,1-3|1-4|3-4,"{""4-1-3"": 3300}","{""1-3-4"": 680}","{""4-1"": 980}","{""1-4"": 390}","{""1-3"": 180, ""1-4"": 150, ""3-4"": 500}",{},{},1790690400.0,1790690100.0,True,,,,
081320261005,,,2,0,https://www.winticket.jp/keirin/iwakidaira/racecard/2026100413/2/8,,,,,,,{},{},{},{},{},{},{},1791194160.0,1791193860.0,False,,,,
081320261006,7-1-4,20.8,3,1791281251,https://www.winticket.jp/keirin/iwakidaira/racecard/2026100413/3/8,1-4-7,7-1,1-7,6-1,1-6,1-4|1-7|4-7,"{""7-1-4"": 2080}","{""1-4-7"": 990}","{""7-1"": 1100}","{""1-7"": 790}","{""1-4"": 1070, ""1-7"": 420, ""4-7"": 450}",{},{},1791280560.0,1791280260.0,True,winticket,,,
082220261006,6-2-1,132.2,3,1791296361,https://www.winticket.jp/keirin/maebashi/racecard/2026100622/1/8,1-2-6,6-2,2-6,6-2,2-6,1-2|1-6|2-6,"{""6-2-1"": 13220}","{""1-2-6"": 1180}","{""6-2"": 5150}","{""2-6"": 1170}","{""1-2"": 130, ""1-6"": 1130, ""2-6"": 270}",{},{},1791295800.0,1791295500.0,True,winticket,,,
082220261007,1-2-5,182.1,3,1791383362,https://www.winticket.jp/keirin/maebashi/racecard/2026100622/2/8,1-2-5,1-2,1-2,1-2,1-2,1-2|1-5|2-5,"{""1-2-5"": 18210}","{""1-2-5"": 3840}","{""1-2"": 1980}","{""1-2"": 1060}","{""1-2"": 290, ""1-5"": 590, ""2-5"": 630}",{},{},1791382200.0,1791381900.0,True,winticket,,,
082220261008,1-3-2,5.9,3,1791469307,https://www.winticket.jp/keirin/maebashi/racecard/2026100622/3/8,1-2-3,1-3,1-3,1-3,1-3,1-2|1-3|2-3,"{""1-3-2"": 590}","{""1-2-3"": 190}","{""1-3"": 320}","{""1-3"": 180}","{""1-2"": 150, ""1-3"": 110, ""2-3"": 140}",{},{},1791468600.0,1791468300.0,True,winticket,,['1-3-2'],2026-10-08T23:21:58.610359+09:00
082520261001,7-4-3,8.5,3,1790832045,https://www.winticket.jp/keirin/omiya/racecard/2026100125/1/8,3-4-7,7-4,4-7,6-4,4-6,3-4|3-7|4-7,"{""7-4-3"": 850}","{""3-4-7"": 440}","{""7-4"": 380}","{""4-7"": 200}","{""3-4"": 400, ""3-7"": 330, ""4-7"": 150}",{},{},1790830860.0,1790830560.0,True,,,,
082520261002,7-5-1,331.5,3,1790917957,https://www.winticket.jp/keirin/omiya/racecard/2026100125/2/8,1-5-7,7-5,5-7,6-5,5-6,1-5|1-7|5-7,"{""7-5-1"": 33150}","{""1-5-7"": 810}","{""7-5"": 5590}","{""5-7"": 3530}","{""1-5"": 150, ""1-7"": 260, ""5-7"": 690}",{},{},1790917260.0,1790916960.0,True,,,,
082520261003,,,1,0,https://www.winticket.jp/keirin/omiya/racecard/2026100125/3/8,,,,,,,{},{},{},{},{},{},{},1791003660.0,1791003360.0,False,,,,
082520261007,5-2-6,24.2,3,1791350191,https://www.winticket.jp/keirin/omiya/racecard/2026100625/2/8,2-5-6,5-2,2-5,5-2,2-5,2-5|2-6|5-6,"{""5-2-6"": 2420}","{""2-5-6"": 2350}","{""5-2"": 240}","{""2-5"": 180}","{""2-5"": 140, ""2-6"": 1090, ""5-6"": 830}",{},{},1791349500.0,1791349200.0,True,winticket,,,
082520261008,1-7-6,13.2,3,1791436660,https://www.winticket.jp/keirin/omiya/racecard/2026100625/3/8,1-6-7,1-7,1-7,1-6,1-6,1-6|1-7|6-7,"{""1-7-6"": 1320}","{""1-6-7"": 650}","{""1-7"": 410}","{""1-7"": 200}","{""1-6"": 420, ""1-7"": 120, ""6-7"": 510}",{},{},1791436020.0,1791435720.0,True,winticket,,,
082720260713,2-1-3,12.8,3,1783952344,https://www.winticket.jp/keirin/keiokaku/racecard/2026071327/1/8,1-2-3,2-1,1-2,2-1,1-2,1-2|1-3|2-3,"{""2-1-3"": 1280}","{""1-2-3"": 490}","{""2-1"": 280}","{""1-2"": 140}","{""1-2"": 100, ""1-3"": 290, ""2-3"": 310}",{},{},1783951800.0,1783951500.0,,,,,
082720260715,5-1-2,337.8,3,1784125225,https://www.winticket.jp/keirin/keiokaku/racecard/2026071327/3/8,1-2-5,5-1,1-5,5-1,1-5,1-2|1-5|2-5,"{""5-1-2"": 33780}","{""1-2-5"": 7230}","{""5-1"": 6800}","{""1-5"": 5140}","{""1-2"": 870, ""1-5"": 950, ""2-5"": 1230}",{},{},1784124600.0,1784124300.0,,,,,
082720260719,1-2-4,4.4,3,1784470892,https://www.winticket.jp/keirin/keiokaku/racecard/2026071927/1/8,1-2-4,1-2,1-2,1-2,1-2,1-2|1-4|2-4,"{""1-2-4"": 440}","{""1-2-4"": 180}","{""1-2"": 280}","{""1-2"": 140}","{""1-2"": 100, ""1-4"": 160, ""2-4"": 170}",{},{},1784470200.0,1784469900.0,,,,,
082820260728,5-4-7,61.4,3,1785215436,https://www.winticket.jp/keirin/tachikawa/racecard/2026072728/2/8,4-5-7,5-4,4-5,5-4,4-5,4-5|4-7|5-7,"{""5-4-7"": 6140}","{""4-5-7"": 490}","{""5-4"": 2050}","{""4-5"": 1270}","{""4-5"": 190, ""4-7"": 170, ""5-7"": 250}",{},{},1785214860.0,1785214560.0,,,,,
083420261001,4-6-2,198.3,3,1790848392,https://www.winticket.jp/keirin/kawasaki/racecard/2026100134/1/8,2-4-6,4-6,4-6,4-6,4-6,2-4|2-6|4-6,"{""4-6-2"": 19830}","{""2-4-6"": 1970}","{""4-6"": 8310}","{""4-6"": 4810}","{""2-4"": 230, ""2-6"": 1360, ""4-6"": 790}",{},{},1790847780.0,1790847480.0,True,,,,
083420261002,,,1,0,https://www.winticket.jp/keirin/kawasaki/racecard/2026100134/2/8,,,,,,,{},{},{},{},{},{},{},1790934180.0,1790933880.0,False,,,,
083420261003,,,1,0,https://www.winticket.jp/keirin/kawasaki/racecard/2026100134/3/8,,,,,,,{},{},{},{},{},{},{},1791020580.0,1791020280.0,False,,,,
083520260729,2-7-6,5.5,3,1785319545,https://www.winticket.jp/keirin/hiratsuka/racecard/2026072835/2/8,2-6-7,2-7,2-7,2-6,2-6,2-6|2-7|6-7,"{""2-7-6"": 550}","{""2-6-7"": 270}","{""2-7"": 230}","{""2-7"": 140}","{""2-6"": 220, ""2-7"": 110, ""6-7"": 330}",{},{},1785318960.0,1785318660.0,,,,,
083520260929,1-7-5,24.0,3,1790675646,https://www.winticket.jp/keirin/hiratsuka/racecard/2026092835/2/8,1-5-7,1-7,1-7,1-6,1-6,1-5|1-7|5-7,"{""1-7-5"": 2400}","{""1-5-7"": 150}","{""1-7"": 1510}","{""1-7"": 500}","{""1-5"": 130, ""1-7"": 120, ""5-7"": 100}",{},{},1790675040.0,1790674740.0,True,,,,
083520260930,3-7-5,24.8,3,1790763300,https://www.winticket.jp/keirin/hiratsuka/racecard/2026092835/3/8,3-5-7,3-7,3-7,3-6,3-6,3-5|3-7|5-7,"{""3-7-5"": 2480}","{""3-5-7"": 270}","{""3-7"": 1230}","{""3-7"": 630}","{""3-5"": 130, ""3-7"": 140, ""5-7"": 160}",{},{},1790762640.0,1790762340.0,True,,,,
083520261008,1-7-5,23.5,3,1791452871,https://www.winticket.jp/keirin/hiratsuka/racecard/2026100835/1/8,1-5-7,1-7,1-7,1-6,1-6,1-5|1-7|5-7,"{""1-7-5"": 2350}","{""1-5-7"": 700}","{""1-7"": 910}","{""1-7"": 480}","{""1-5"": 460, ""1-7"": 250, ""5-7"": 270}",{},{},1791451860.0,1791451560.0,True,winticket,,,
083620260803,5-1-6,16.4,3,1785735008,https://www.winticket.jp/keirin/odawara/racecard/2026080136/3/8,1-5-6,5-1,1-5,4-1,1-4,1-5|1-6|5-6,"{""5-1-6"": 1640}","{""1-5-6"": 780}","{""5-1"": 490}","{""1-5"": 380}","{""1-5"": 220, ""1-6"": 770, ""5-6"": 490}","{""4-1"": 690}","{""1-4"": 420}",1785734280.0,1785733980.0,,,,,
083820261007,1-7-4,11.6,3,1791351231,https://www.winticket.jp/keirin/shizuoka/racecard/2026100738/1/8,1-4-7,1-7,1-7,1-6,1-6,1-4|1-7|4-7,"{""1-7-4"": 1160}","{""1-4-7"": 180}","{""1-7"": 690}","{""1-7"": 170}","{""1-4"": 170, ""1-7"": 110, ""4-7"": 160}",{},{},1791350700.0,1791350400.0,True,winticket,,,
083820261008,1-3-4,174.2,3,1791437469,https://www.winticket.jp/keirin/shizuoka/racecard/2026100738/2/8,1-3-4,1-3,1-3,1-3,1-3,1-3|1-4|3-4,"{""1-3-4"": 17420}","{""1-3-4"": 3630}","{""1-3"": 2800}","{""1-3"": 1340}","{""1-3"": 330, ""1-4"": 840, ""3-4"": 660}",{},{},1791436920.0,1791436620.0,True,winticket,,,
084220260710,2-1-7,42.1,3,1783692626,https://www.winticket.jp/keirin/nagoya/racecard/2026071042/1/8,1-2-7,2-1,1-2,2-1,1-2,1-2|1-7|2-7,"{""2-1-7"": 4210}","{""1-2-7"": 1780}","{""2-1"": 300}","{""1-2"": 120}","{""1-2"": 100, ""1-7"": 1790, ""2-7"": 1700}",{},{},1783692000.0,1783691700.0,,,,,
084320260929,7-5-9,77.6,3,1790674971,https://www.winticket.jp/keirin/gifu/racecard/2026092643/4/8,5-7-9,7-5,5-7,5-4,4-5,5-7|5-9|7-9,"{""7-5-9"": 7760}","{""5-7-9"": 1550}","{""7-5"": 1730}","{""5-7"": 740}","{""5-7"": 300, ""5-9"": 290, ""7-9"": 510}","{""5-4"": 1560}","{""4-5"": 660}",1790674140.0,1790673840.0,True,,,,
084420261006,1-3-2,13.2,3,1791295760,https://www.winticket.jp/keirin/ogaki/racecard/2026100644/1/8,1-2-3,1-3,1-3,1-3,1-3,1-2|1-3|2-3,"{""1-3-2"": 1320}","{""1-2-3"": 220}","{""1-3"": 590}","{""1-3"": 470}","{""1-2"": 120, ""1-3"": 170, ""2-3"": 220}",{},{},1791295200.0,1791294900.0,True,winticket,,,
084420261007,6-1-2,22.1,3,1791382202,https://www.winticket.jp/keirin/ogaki/racecard/2026100644/2/8,1-2-6,6-1,1-6,6-1,1-6,1-2|1-6|2-6,"{""6-1-2"": 2210}","{""1-2-6"": 460}","{""6-1"": 610}","{""1-6"": 210}","{""1-2"": 220, ""1-6"": 120, ""2-6"": 230}",{},{},1791381600.0,1791381300.0,True,winticket,,,
084420261008,1-7-2,3.5,3,1791468536,https://www.winticket.jp/keirin/ogaki/racecard/2026100644/3/8,1-2-7,1-7,1-7,1-6,1-6,1-2|1-7|2-7,"{""1-7-2"": 350}","{""1-2-7"": 240}","{""1-7"": 290}","{""1-7"": 240}","{""1-2"": 150, ""1-7"": 140, ""2-7"": 160}",{},{},1791468000.0,1791467700.0,True,winticket,,['1-7-2'],2026-10-08T23:21:58.262372+09:00
084520260806,6-5-3,267.4,3,1785994046,https://www.winticket.jp/keirin/toyohashi/racecard/2026080545/2/8,3-5-6,6-5,5-6,6-5,5-6,3-5|3-6|5-6,"{""6-5-3"": 26740}","{""3-5-6"": 7790}","{""6-5"": 7300}","{""5-6"": 3850}","{""3-5"": 2280, ""3-6"": 310, ""5-6"": 1540}",{},{},1785993360.0,1785993060.0,,,,,
084720261001,9-1-8,120.3,3,1790832890,https://www.winticket.jp/keirin/matsusaka/racecard/2026100147/1/8,1-8-9,9-1,1-9,6-1,1-6,1-8|1-9|8-9,"{""9-1-8"": 12030}","{""1-8-9"": 6070}","{""9-1"": 310}","{""1-9"": 230}","{""1-8"": 5430, ""1-9"": 150, ""8-9"": 2840}","{""6-1"": 310}","{""1-6"": 200}",1790831760.0,1790831460.0,True,,,,
084720261002,,,2,0,https://www.winticket.jp/keirin/matsusaka/racecard/2026100147/2/8,,,,,,,{},{},{},{},{},{},{},1790918160.0,1790917860.0,False,,,,
084720261003,,,1,0,https://www.winticket.jp/keirin/matsusaka/racecard/2026100147/3/8,,,,,,,{},{},{},{},{},{},{},1791004560.0,1791004260.0,False,,,,
084820261007,7-1-5,19.6,3,1791367327,https://www.winticket.jp/keirin/yokkaichi/racecard/2026100748/1/8,1-5-7,7-1,1-7,6-1,1-6,1-5|1-7|5-7,"{""7-1-5"": 1960}","{""1-5-7"": 220}","{""7-1"": 820}","{""1-7"": 150}","{""1-5"": 150, ""1-7"": 110, ""5-7"": 210}",{},{},1791366480.0,1791366180.0,True,winticket,,,
084820261008,3-7-4,597.9,3,1791453672,https://www.winticket.jp/keirin/yokkaichi/racecard/2026100748/2/8,3-4-7,3-7,3-7,3-6,3-6,3-4|3-7|4-7,"{""3-7-4"": 59790}","{""3-4-7"": 4860}","{""3-7"": 9140}","{""3-7"": 4650}","{""3-4"": 460, ""3-7"": 1750, ""4-7"": 500}",{},{},1791452580.0,1791452280.0,True,winticket,,,
085320261005,,,1,0,https://www.winticket.jp/keirin/nara/racecard/2026100553/1/8,,,,,,,{},{},{},{},{},{},{},1791176820.0,1791176520.0,False,,,,
085320261007,5-1-4,19.6,3,1791350711,https://www.winticket.jp/keirin/nara/racecard/2026100553/3/8,1-4-5,5-1,1-5,5-1,1-5,1-4|1-5|4-5,"{""5-1-4"": 1960}","{""1-4-5"": 560}","{""5-1"": 690}","{""1-5"": 320}","{""1-4"": 400, ""1-5"": 180, ""4-5"": 160}",{},{},1791350100.0,1791349800.0,True,winticket,,,
085620260928,5-1-2,61.0,3,1790572297,https://www.winticket.jp/keirin/kishiwada/racecard/2026092656/3/8,1-2-5,5-1,1-5,5-1,1-5,1-2|1-5|2-5,"{""5-1-2"": 6100}","{""1-2-5"": 1940}","{""5-1"": 710}","{""1-5"": 210}","{""1-2"": 940, ""1-5"": 180, ""2-5"": 540}",{},{},1790571660.0,1790571360.0,True,,,,
086120260927,1-2-3,1.7,3,1790518732,https://www.winticket.jp/keirin/tamano/racecard/2026092761/1/8,1-2-3,1-2,1-2,1-2,1-2,1-2|1-3|2-3,"{""1-2-3"": 170}","{""1-2-3"": 110}","{""1-2"": 140}","{""1-2"": 140}","{""1-2"": 100, ""1-3"": 120, ""2-3"": 140}",{},{},1790518200.0,1790517900.0,True,,,,
086120260929,1-3-2,19.5,3,1790691552,https://www.winticket.jp/keirin/tamano/racecard/2026092761/3/8,1-2-3,1-3,1-3,1-3,1-3,1-2|1-3|2-3,"{""1-3-2"": 1950}","{""1-2-3"": 520}","{""1-3"": 670}","{""1-3"": 540}","{""1-2"": 190, ""1-3"": 210, ""2-3"": 550}",{},{},1790691000.0,1790690700.0,True,,,,
086220260928,3-5-7,8.6,3,1790571017,https://www.winticket.jp/keirin/hiroshima/racecard/2026092862/1/8,3-5-7,3-5,3-5,3-5,3-5,3-5|3-7|5-7,"{""3-5-7"": 860}","{""3-5-7"": 160}","{""3-5"": 450}","{""3-5"": 140}","{""3-5"": 100, ""3-7"": 180, ""5-7"": 100}",{},{},1790570460.0,1790570160.0,True,,,,
086220260929,1-3-6,33.2,3,1790658075,https://www.winticket.jp/keirin/hiroshima/racecard/2026092862/2/8,1-3-6,1-3,1-3,1-3,1-3,1-3|1-6|3-6,"{""1-3-6"": 3320}","{""1-3-6"": 740}","{""1-3"": 980}","{""1-3"": 260}","{""1-3"": 200, ""1-6"": 600, ""3-6"": 340}",{},{},1790657520.0,1790657220.0,True,,,,
086220260930,4-5-1,15.2,3,1790745433,https://www.winticket.jp/keirin/hiroshima/racecard/2026092862/3/8,1-4-5,4-5,4-5,4-5,4-5,1-4|1-5|4-5,"{""4-5-1"": 1520}","{""1-4-5"": 770}","{""4-5"": 750}","{""4-5"": 580}","{""1-4"": 190, ""1-5"": 550, ""4-5"": 270}",{},{},1790744880.0,1790744580.0,True,,,,
087520260725,5-1-3,367.4,3,1784989450,https://www.winticket.jp/keirin/matsuyama/racecard/2026072575/1/8,1-3-5,5-1,1-5,5-1,1-5,1-3|1-5|3-5,"{""5-1-3"": 36740, ""5-3-1"": 42590}","{""1-3-5"": 2820}","{""5-1"": 8900, ""5-3"": 18560}","{""1-5"": 1020, ""3-5"": 4070}","{""1-3"": 310, ""1-5"": 660, ""3-5"": 1520}",{},{},1784988600.0,1784988300.0,,,,,
087520260815,1-3-7,78.4,3,1786788741,https://www.winticket.jp/keirin/matsuyama/racecard/2026081175/5/8,1-3-7,1-3,1-3,1-3,1-3,1-3|1-7|3-7,"{""1-3-7"": 7840}","{""1-3-7"": 1410}","{""1-3"": 2600}","{""1-3"": 1590}","{""1-3"": 570, ""1-7"": 440, ""3-7"": 310}","{""1-3"": 2530}","{""1-3"": 1720}",1786787160.0,1786786860.0,,,,,
087520261005,,,3,0,https://www.winticket.jp/keirin/matsuyama/racecard/2026100475/2/8,,,,,,,"{""7-3-2"": 7160}","{""2-3-7"": 3090}","{""7-3"": 1070}","{""3-7"": 960}","{""2-3"": 870, ""2-7"": 510, ""3-7"": 240}",{},{},1791193380.0,1791193080.0,False,,,,
087520261006,7-6-4,512.1,3,1791280570,https://www.winticket.jp/keirin/matsuyama/racecard/2026100475/3/8,4-6-7,7-6,6-7,6-6,6-6,4-6|4-7|6-7,"{""7-6-4"": 51210}","{""4-6-7"": 7740}","{""7-6"": 8030}","{""6-7"": 5330}","{""4-6"": 2290, ""4-7"": 330, ""6-7"": 1590}",{},{},1791279780.0,1791279480.0,True,winticket,,,
088320261001,,,3,0,https://www.winticket.jp/keirin/kurume/racecard/2026100183/1/8,,,,,,,"{""3-2-7"": 31440}","{""2-3-7"": 4720}","{""3-2"": 4540}","{""2-3"": 1980}","{""2-3"": 720, ""2-7"": 460, ""3-7"": 360}",{},{},1790848560.0,1790848260.0,False,,,,
088320261002,,,1,0,https://www.winticket.jp/keirin/kurume/racecard/2026100183/2/8,,,,,,,{},{},{},{},{},{},{},1790934960.0,1790934660.0,False,,,,
088320261003,,,3,0,https://www.winticket.jp/keirin/kurume/racecard/2026100183/3/8,,,,,,,"{""3-4-1"": 6110}","{""1-3-4"": 1070}","{""3-4"": 1480}","{""3-4"": 480}","{""1-3"": 570, ""1-4"": 180, ""3-4"": 160}",{},{},1791021360.0,1791021060.0,False,,,,
088420260726,1-2-4,3.6,3,1785075219,https://www.winticket.jp/keirin/takeo/racecard/2026072584/2/8,1-2-4,1-2,1-2,1-2,1-2,1-2|1-4|2-4,"{""1-2-4"": 360}","{""1-2-4"": 150}","{""1-2"": 210}","{""1-2"": 110}","{""1-2"": 100, ""1-4"": 150, ""2-4"": 160}",{},{},1785074400.0,1785074100.0,,,,,
088420260929,2-7-4,9.7,3,1790659119,https://www.winticket.jp/keirin/takeo/racecard/2026092784/3/8,2-4-7,2-7,2-7,2-6,2-6,2-4|2-7|4-7,"{""2-7-4"": 970}","{""2-4-7"": 460}","{""2-7"": 500}","{""2-7"": 280}","{""2-4"": 340, ""2-7"": 130, ""4-7"": 290}",{},{},1790658360.0,1790658060.0,True,,,,
088520260714,3-1-4,13.5,3,1784023479,https://www.winticket.jp/keirin/sasebo/racecard/2026071385/2/8,1-3-4,3-1,1-3,3-1,1-3,1-3|1-4|3-4,"{""3-1-4"": 1350}","{""1-3-4"": 290}","{""3-1"": 800}","{""1-3"": 400}","{""1-3"": 140, ""1-4"": 270, ""3-4"": 130}",{},{},1784022480.0,1784022180.0,,,,,
088520260731,1-7-2,672.4,3,1785474523,https://www.winticket.jp/keirin/sasebo/racecard/2026073185/1/8,1-2-7,1-7,1-7,1-6,1-6,1-2|1-7|2-7,"{""1-7-2"": 67240}","{""1-2-7"": 3230}","{""1-7"": 16740}","{""1-7"": 8220}","{""1-2"": 1240, ""1-7"": 1610, ""2-7"": 320}",{},{},1785473580.0,1785473280.0,,,,,
091320260710,2-1-6,40.0,3,1783694676,https://www.winticket.jp/keirin/iwakidaira/racecard/2026071013/1/9,1-2-6,2-1,1-2,2-1,1-2,1-2|1-6|2-6,"{""2-1-6"": 4000}","{""1-2-6"": 340}","{""2-1"": 1260}","{""1-2"": 320}","{""1-2"": 180, ""1-6"": 170, ""2-6"": 360}",{},{},1783693800.0,1783693500.0,,,,,
091320260712,2-7-3,181.7,3,1783867563,https://www.winticket.jp/keirin/iwakidaira/racecard/2026071013/3/9,2-3-7,2-7,2-7,2-6,2-6,2-3|2-7|3-7,"{""2-7-3"": 18170}","{""2-3-7"": 1080}","{""2-7"": 4930}","{""2-7"": 2610}","{""2-3"": 260, ""2-7"": 420, ""3-7"": 230}",{},{},1783866600.0,1783866300.0,,,,,
091320260718,5-2-4,3.7,3,1784385457,https://www.winticket.jp/keirin/iwakidaira/racecard/2026071613/3/9,2-4-5,5-2,2-5,5-2,2-5,2-4|2-5|4-5,"{""5-2-4"": 370}","{""2-4-5"": 280}","{""5-2"": 180}","{""2-5"": 150}","{""2-4"": 200, ""2-5"": 100, ""4-5"": 220}",{},{},1784384400.0,1784384100.0,,,,,
091320260927,2-7-6,168.8,3,1790519563,https://www.winticket.jp/keirin/iwakidaira/racecard/2026092713/1/9,2-6-7,2-7,2-7,2-6,2-6,2-6|2-7|6-7,"{""2-7-6"": 16880}","{""2-6-7"": 3240}","{""2-7"": 2580}","{""2-7"": 2010}","{""2-6"": 590, ""2-7"": 390, ""6-7"": 960}",{},{},1790518800.0,1790518500.0,True,,,,
091320260929,3-7-4,196.5,3,1790692346,https://www.winticket.jp/keirin/iwakidaira/racecard/2026092713/3/9,3-4-7,3-7,3-7,3-6,3-6,3-4|3-7|4-7,"{""3-7-4"": 19650}","{""3-4-7"": 5310}","{""3-7"": 2730}","{""3-7"": 1980}","{""3-4"": 630, ""3-7"": 530, ""4-7"": 620}",{},{},1790691600.0,1790691300.0,True,,,,
091320261005,,,2,0,https://www.winticket.jp/keirin/iwakidaira/racecard/2026100413/2/9,,,,,,,{},{},{},{},{},{},{},1791195720.0,1791195420.0,False,,,,
091320261006,1-7-3,11.0,3,1791282811,https://www.winticket.jp/keirin/iwakidaira/racecard/2026100413/3/9,1-3-7,1-7,1-7,1-6,1-6,1-3|1-7|3-7,"{""1-7-3"": 1100}","{""1-3-7"": 360}","{""1-7"": 370}","{""1-7"": 190}","{""1-3"": 250, ""1-7"": 140, ""3-7"": 320}",{},{},1791282120.0,1791281820.0,True,winticket,,,
092220260817,2-1-5,62.4,3,1786976946,https://www.winticket.jp/keirin/maebashi/racecard/2026081522/3/9,1-2-5,2-1,1-2,2-1,1-2,1-2|1-5|2-5,"{""2-1-5"": 6240}","{""1-2-5"": 490}","{""2-1"": 2440}","{""1-2"": 840}","{""1-2"": 210, ""1-5"": 170, ""2-5"": 380}",{},{},1786976400.0,1786976100.0,,,,,
092220261006,1-4-2,29.6,3,1791297591,https://www.winticket.jp/keirin/maebashi/racecard/2026100622/1/9,1-2-4,1-4,1-4,1-4,1-4,1-2|1-4|2-4,"{""1-4-2"": 2960}","{""1-2-4"": 780}","{""1-4"": 1100}","{""1-4"": 530}","{""1-2"": 450, ""1-4"": 200, ""2-4"": 260}",{},{},1791297000.0,1791296700.0,True,winticket,,,
092220261007,1-2-5,19.1,3,1791383981,https://www.winticket.jp/keirin/maebashi/racecard/2026100622/2/9,1-2-5,1-2,1-2,1-2,1-2,1-2|1-5|2-5,"{""1-2-5"": 1910}","{""1-2-5"": 650}","{""1-2"": 430}","{""1-2"": 320}","{""1-2"": 210, ""1-5"": 160, ""2-5"": 460}",{},{},1791383400.0,1791383100.0,True,winticket,,,
092220261008,1-4-7,18.4,3,1791470397,https://www.winticket.jp/keirin/maebashi/racecard/2026100622/3/9,1-4-7,1-4,1-4,1-4,1-4,1-4|1-7|4-7,"{""1-4-7"": 1840}","{""1-4-7"": 2120}","{""1-4"": 180}","{""1-4"": 160}","{""1-4"": 140, ""1-7"": 640, ""4-7"": 1360}",{},{},1791469800.0,1791469500.0,True,winticket,,['1-4-7'],2026-10-08T23:46:25.285460+09:00
092520261001,2-7-6,15.6,3,1790833311,https://www.winticket.jp/keirin/omiya/racecard/2026100125/1/9,2-6-7,2-7,2-7,2-6,2-6,2-6|2-7|6-7,"{""2-7-6"": 1560}","{""2-6-7"": 820}","{""2-7"": 470}","{""2-7"": 230}","{""2-6"": 600, ""2-7"": 140, ""6-7"": 530}",{},{},1790832660.0,1790832360.0,True,,,,
092520261002,,,1,0,https://www.winticket.jp/keirin/omiya/racecard/2026100125/2/9,,,,,,,{},{},{},{},{},{},{},1790919060.0,1790918760.0,False,,,,
092520261003,7-4-6,32.0,3,1791006107,https://www.winticket.jp/keirin/omiya/racecard/2026100125/3/9,4-6-7,7-4,4-7,6-4,4-6,4-6|4-7|6-7,"{""7-4-6"": 3200}","{""4-6-7"": 2040}","{""7-4"": 150}","{""4-7"": 130}","{""4-6"": 1420, ""4-7"": 100, ""6-7"": 810}",{},{},1791005460.0,1791005160.0,True,,,,
092520261007,6-3-7,3385.4,3,1791352311,https://www.winticket.jp/keirin/omiya/racecard/2026100625/2/9,3-6-7,6-3,3-6,6-3,3-6,3-6|3-7|6-7,"{""6-3-7"": 338540}","{""3-6-7"": 11670}","{""6-3"": 32290}","{""3-6"": 7000}","{""3-6"": 2030, ""3-7"": 790, ""6-7"": 2030}",{},{},1791351300.0,1791351000.0,True,winticket,,,
092520261008,1-4-7,26.7,3,1791438460,https://www.winticket.jp/keirin/omiya/racecard/2026100625/3/9,1-4-7,1-4,1-4,1-4,1-4,1-4|1-7|4-7,"{""1-4-7"": 2670}","{""1-4-7"": 1230}","{""1-4"": 550}","{""1-4"": 370}","{""1-4"": 190, ""1-7"": 400, ""4-7"": 510}",{},{},1791437820.0,1791437520.0,True,winticket,,,
092620260729,1-2-3,6.3,3,1785335345,https://www.winticket.jp/keirin/seibuen/racecard/2026072826/2/9,1-2-3,1-2,1-2,1-2,1-2,1-2|1-3|2-3,"{""1-2-3"": 630}","{""1-2-3"": 300}","{""1-2"": 210}","{""1-2"": 160}","{""1-2"": 110, ""1-3"": 180, ""2-3"": 260}",{},{},1785334800.0,1785334500.0,,,,,
092720260714,3-4-1,293.4,3,1784040001,https://www.winticket.jp/keirin/keiokaku/racecard/2026071327/2/9,1-3-4,3-4,3-4,3-4,3-4,1-3|1-4|3-4,"{""3-4-1"": 29340}","{""1-3-4"": 600}","{""3-4"": 10190}","{""3-4"": 8590}","{""1-3"": 150, ""1-4"": 240, ""3-4"": 640}",{},{},1784039400.0,1784039100.0,,,,,
092820260728,5-4-2,4.1,3,1785217422,https://www.winticket.jp/keirin/tachikawa/racecard/2026072728/2/9,2-4-5,5-4,4-5,5-4,4-5,2-4|2-5|4-5,"{""5-4-2"": 410}","{""2-4-5"": 260}","{""5-4"": 290}","{""4-5"": 200}","{""2-4"": 230, ""2-5"": 210, ""4-5"": 130}",{},{},1785216660.0,1785216360.0,,,,,
092820260729,1-5-4,4.0,3,1785304184,https://www.winticket.jp/keirin/tachikawa/racecard/2026072728/3/9,1-4-5,1-5,1-5,1-5,1-5,1-4|1-5|4-5,"{""1-5-4"": 400}","{""1-4-5"": 100}","{""1-5"": 440}","{""1-5"": 340}","{""1-4"": 100, ""1-5"": 100, ""4-5"": 100}",{},{},1785303540.0,1785303240.0,,,,,
093420261001,,,1,0,https://www.winticket.jp/keirin/kawasaki/racecard/2026100134/1/9,,,,,,,{},{},{},{},{},{},{},1790849340.0,1790849040.0,False,,,,
093420261002,,,1,0,https://www.winticket.jp/keirin/kawasaki/racecard/2026100134/2/9,,,,,,,{},{},{},{},{},{},{},1790935740.0,1790935440.0,False,,,,
093420261003,,,1,0,https://www.winticket.jp/keirin/kawasaki/racecard/2026100134/3/9,,,,,,,{},{},{},{},{},{},{},1791022140.0,1791021840.0,False,,,,
093520260929,3-1-5,24.8,3,1790677426,https://www.winticket.jp/keirin/hiratsuka/racecard/2026092835/2/9,1-3-5,3-1,1-3,3-1,1-3,1-3|1-5|3-5,"{""3-1-5"": 2480}","{""1-3-5"": 350}","{""3-1"": 950}","{""1-3"": 510}","{""1-3"": 180, ""1-5"": 300, ""3-5"": 140}",{},{},1790676840.0,1790676540.0,True,,,,
093520260930,1-4-2,56.4,3,1790764940,https://www.winticket.jp/keirin/hiratsuka/racecard/2026092835/3/9,1-2-4,1-4,1-4,1-4,1-4,1-2|1-4|2-4,"{""1-4-2"": 5640}","{""1-2-4"": 710}","{""1-4"": 1750}","{""1-4"": 1070}","{""1-2"": 300, ""1-4"": 370, ""2-4"": 170}",{},{},1790764320.0,1790764020.0,True,,,,
093520261008,5-4-2,142.0,3,1791454061,https://www.winticket.jp/keirin/hiratsuka/racecard/2026100835/1/9,2-4-5,5-4,4-5,5-4,4-5,2-4|2-5|4-5,"{""5-4-2"": 14200}","{""2-4-5"": 3010}","{""5-4"": 1580}","{""4-5"": 760}","{""2-4"": 1260, ""2-5"": 310, ""4-5"": 190}",{},{},1791453360.0,1791453060.0,True,winticket,,,
093620260802,7-9-3,236.1,3,1785650245,https://www.winticket.jp/keirin/odawara/racecard/2026080136/2/9,3-7-9,7-9,7-9,5-6,5-6,3-7|3-9|7-9,"{""7-9-3"": 23610}","{""3-7-9"": 2350}","{""7-9"": 10930}","{""7-9"": 4470}","{""3-7"": 280, ""3-9"": 430, ""7-9"": 600}","{""5-6"": 3670}","{""5-6"": 1660}",1785649560.0,1785649260.0,,,,,
093820261007,1-4-7,5.2,3,1791353310,https://www.winticket.jp/keirin/shizuoka/racecard/2026100738/1/9,1-4-7,1-4,1-4,1-4,1-4,1-4|1-7|4-7,"{""1-4-7"": 520, ""1-7-4"": 1780}","{""1-4-7"": 250}","{""1-4"": 300, ""1-7"": 1190}","{""1-4"": 130, ""1-7"": 590}","{""1-4"": 130, ""1-7"": 270, ""4-7"": 250}",{},{},1791352500.0,1791352200.0,True,winticket,,,
093820261008,5-4-3,106.6,3,1791439270,https://www.winticket.jp/keirin/shizuoka/racecard/2026100738/2/9,3-4-5,5-4,4-5,5-4,4-5,3-4|3-5|4-5,"{""5-4-3"": 10660}","{""3-4-5"": 1230}","{""5-4"": 2700}","{""4-5"": 1590}","{""3-4"": 560, ""3-5"": 190, ""4-5"": 240}",{},{},1791438720.0,1791438420.0,True,winticket,,,
094220260712,3-6-1,65.9,3,1783866703,https://www.winticket.jp/keirin/nagoya/racecard/2026071042/3/9,1-3-6,3-6,3-6,3-6,3-6,1-3|1-6|3-6,"{""3-6-1"": 6590}","{""1-3-6"": 1810}","{""3-6"": 1710}","{""3-6"": 900}","{""1-3"": 240, ""1-6"": 370, ""3-6"": 290}",{},{},1783866000.0,1783865700.0,,,,,
094320260929,2-9-5,10.2,3,1790676726,https://www.winticket.jp/keirin/gifu/racecard/2026092643/4/9,2-5-9,2-9,2-9,2-6,2-6,2-5|2-9|5-9,"{""2-9-5"": 1020}","{""2-5-9"": 280}","{""2-9"": 530}","{""2-9"": 490}","{""2-5"": 130, ""2-9"": 170, ""5-9"": 290}","{""2-6"": 500}","{""2-6"": 450}",1790675940.0,1790675640.0,True,,,,
094420261006,5-7-2,927.3,3,1791296951,https://www.winticket.jp/keirin/ogaki/racecard/2026100644/1/9,2-5-7,5-7,5-7,5-6,5-6,2-5|2-7|5-7,"{""5-7-2"": 92730}","{""2-5-7"": 9740}","{""5-7"": 12580}","{""5-7"": 7620}","{""2-5"": 780, ""2-7"": 830, ""5-7"": 1640}",{},{},1791296400.0,1791296100.0,True,winticket,,,
094420261007,2-1-3,4.7,3,1791383572,https://www.winticket.jp/keirin/ogaki/racecard/2026100644/2/9,1-2-3,2-1,1-2,2-1,1-2,1-2|1-3|2-3,"{""2-1-3"": 470}","{""1-2-3"": 250}","{""2-1"": 150}","{""1-2"": 160}","{""1-2"": 120, ""1-3"": 240, ""2-3"": 210}",{},{},1791382800.0,1791382500.0,True,winticket,,,
094420261008,2-1-3,9.2,3,1791469787,https://www.winticket.jp/keirin/ogaki/racecard/2026100644/3/9,1-2-3,2-1,1-2,2-1,1-2,1-2|1-3|2-3,"{""2-1-3"": 920}","{""1-2-3"": 420}","{""2-1"": 250}","{""1-2"": 210}","{""1-2"": 140, ""1-3"": 290, ""2-3"": 210}",{},{},1791469200.0,1791468900.0,True,winticket,,['2-1-3'],2026-10-08T23:46:25.605455+09:00
094720261001,1-7-5,10.4,3,1790834541,https://www.winticket.jp/keirin/matsusaka/racecard/2026100147/1/9,1-5-7,1-7,1-7,1-5,1-5,1-5|1-7|5-7,"{""1-7-5"": 1040}","{""1-5-7"": 610}","{""1-7"": 450}","{""1-7"": 420}","{""1-5"": 210, ""1-7"": 250, ""5-7"": 740}","{""1-5"": 530}","{""1-5"": 410}",1790833560.0,1790833260.0,True,,,,
094720261002,,,1,0,https://www.winticket.jp/keirin/matsusaka/racecard/2026100147/2/9,,,,,,,{},{},{},{},{},{},{},1790919960.0,1790919660.0,False,,,,
094720261003,,,2,0,https://www.winticket.jp/keirin/matsusaka/racecard/2026100147/3/9,,,,,,,{},{},{},{},{},{},{},1791006360.0,1791006060.0,False,,,,
094820261007,3-1-7,21.4,3,1791368761,https://www.winticket.jp/keirin/yokkaichi/racecard/2026100748/1/9,1-3-7,3-1,1-3,3-1,1-3,1-3|1-7|3-7,"{""3-1-7"": 2140}","{""1-3-7"": 590}","{""3-1"": 880}","{""1-3"": 500}","{""1-3"": 230, ""1-7"": 300, ""3-7"": 210}",{},{},1791367980.0,1791367680.0,True,winticket,,,
094820261008,5-2-7,99.9,3,1791454911,https://www.winticket.jp/keirin/yokkaichi/racecard/2026100748/2/9,2-5-7,5-2,2-5,5-2,2-5,2-5|2-7|5-7,"{""5-2-7"": 9990}","{""2-5-7"": 960}","{""5-2"": 2220}","{""2-5"": 1470}","{""2-5"": 330, ""2-7"": 280, ""5-7"": 360}",{},{},1791454140.0,1791453840.0,True,winticket,,,
095320260718,4-3-2,14.7,3,1784385687,https://www.winticket.jp/keirin/nara/racecard/2026071653/3/9,2-3-4,4-3,3-4,4-3,3-4,2-3|2-4|3-4,"{""4-3-2"": 1470}","{""2-3-4"": 630}","{""4-3"": 660}","{""3-4"": 480}","{""2-3"": 600, ""2-4"": 210, ""3-4"": 220}",{},{},1784385000.0,1784384700.0,,,,,
095320261005,,,3,0,https://www.winticket.jp/keirin/nara/racecard/2026100553/1/9,,,,,,,"{""1-5-3"": 1400}","{""1-3-5"": 860}","{""1-5"": 280}","{""1-5"": 230}","{""1-3"": 390, ""1-5"": 130, ""3-5"": 620}",{},{},1791178620.0,1791178320.0,False,,,,
095320261006,1-4-6,48.3,3,1791265739,https://www.winticket.jp/keirin/nara/racecard/2026100553/2/9,1-4-6,1-4,1-4,1-4,1-4,1-4|1-6|4-6,"{""1-4-6"": 4830}","{""1-4-6"": 1630}","{""1-4"": 580}","{""1-4"": 490}","{""1-4"": 340, ""1-6"": 500, ""4-6"": 740}",{},{},1791265140.0,1791264840.0,True,winticket,,,
095320261007,4-2-1,388.5,3,1791352500,https://www.winticket.jp/keirin/nara/racecard/2026100553/3/9,1-2-4,4-2,2-4,4-2,2-4,1-2|1-4|2-4,"{""4-2-1"": 38850}","{""1-2-4"": 6200}","{""4-2"": 8520}","{""2-4"": 4570}","{""1-2"": 2260, ""1-4"": 1280, ""2-4"": 1420}",{},{},1791351900.0,1791351600.0,True,winticket,,,
096120260929,1-2-5,23.4,3,1790692726,https://www.winticket.jp/keirin/tamano/racecard/2026092761/3/9,1-2-5,1-2,1-2,1-2,1-2,1-2|1-5|2-5,"{""1-2-5"": 2340}","{""1-2-5"": 1480}","{""1-2"": 760}","{""1-2"": 550}","{""1-2"": 350, ""1-5"": 570, ""2-5"": 1450}",{},{},1790692200.0,1790691900.0,True,,,,
096220260715,3-2-6,7.1,3,1784125655,https://www.winticket.jp/keirin/hiroshima/racecard/2026071362/3/9,2-3-6,3-2,2-3,3-2,2-3,2-3|2-6|3-6,"{""3-2-6"": 710}","{""2-3-6"": 290}","{""3-2"": 370}","{""2-3"": 240}","{""2-3"": 120, ""2-6"": 230, ""3-6"": 190}",{},{},1784125200.0,1784124900.0,,,,,
096220260929,1-2-7,924.5,3,1790660010,https://www.winticket.jp/keirin/hiroshima/racecard/2026092862/2/9,1-2-7,1-2,1-2,1-2,1-2,1-2|1-7|2-7,"{""1-2-7"": 92450}","{""1-2-7"": 5450}","{""1-2"": 24150}","{""1-2"": 6600}","{""1-2"": 700, ""1-7"": 710, ""2-7"": 440}",{},{},1790659200.0,1790658900.0,True,,,,
096220260930,4-1-2,22.9,3,1790747293,https://www.winticket.jp/keirin/hiroshima/racecard/2026092862/3/9,1-2-4,4-1,1-4,4-1,1-4,1-2|1-4|2-4,"{""4-1-2"": 2290}","{""1-2-4"": 1020}","{""4-1"": 400}","{""1-4"": 300}","{""1-2"": 310, ""1-4"": 190, ""2-4"": 300}",{},{},1790746680.0,1790746380.0,True,,,,
097320260805,7-3-6,58.2,3,1785909440,https://www.winticket.jp/keirin/komatsushima/racecard/2026080473/2/9,3-6-7,7-3,3-7,6-3,3-6,3-6|3-7|6-7,"{""7-3-6"": 5820}","{""3-6-7"": 1000}","{""7-3"": 950}","{""3-7"": 330}","{""3-6"": 240, ""3-7"": 150, ""6-7"": 610}",{},{},1785908220.0,1785907920.0,,,,,
097520260712,1-7-5,6.7,3,1783852346,https://www.winticket.jp/keirin/matsuyama/racecard/2026071175/2/9,1-5-7,1-7,1-7,1-6,1-6,1-5|1-7|5-7,"{""1-7-5"": 670}","{""1-5-7"": 290}","{""1-7"": 310}","{""1-7"": 140}","{""1-5"": 290, ""1-7"": 140, ""5-7"": 270}",{},{},1783851720.0,1783851420.0,,,,,
097520260726,3-1-2,13.3,3,1785076909,https://www.winticket.jp/keirin/matsuyama/racecard/2026072575/2/9,1-2-3,3-1,1-3,3-1,1-3,1-2|1-3|2-3,"{""3-1-2"": 1330}","{""1-2-3"": 260}","{""3-1"": 620}","{""1-3"": 250}","{""1-2"": 190, ""1-3"": 150, ""2-3"": 200}",{},{},1785076200.0,1785075900.0,,,,,
097520260727,4-7-2,33.9,3,1785163241,https://www.winticket.jp/keirin/matsuyama/racecard/2026072575/3/9,2-4-7,4-7,4-7,4-6,4-6,2-4|2-7|4-7,"{""4-7-2"": 3390}","{""2-4-7"": 1470}","{""4-7"": 740}","{""4-7"": 940}","{""2-4"": 240, ""2-7"": 770, ""4-7"": 260}",{},{},1785162600.0,1785162300.0,,,,,
097520261005,,,1,0,https://www.winticket.jp/keirin/matsuyama/racecard/2026100475/2/9,,,,,,,{},{},{},{},{},{},{},1791194940.0,1791194640.0,False,,,,
097520261006,2-7-3,16.4,3,1791282500,https://www.winticket.jp/keirin/matsuyama/racecard/2026100475/3/9,2-3-7,2-7,2-7,2-6,2-6,2-3|2-7|3-7,"{""2-7-3"": 1640}","{""2-3-7"": 500}","{""2-7"": 390}","{""2-7"": 280}","{""2-3"": 170, ""2-7"": 150, ""3-7"": 240}",{},{},1791281340.0,1791281040.0,True,winticket,,,
098320261002,,,1,0,https://www.winticket.jp/keirin/kurume/racecard/2026100183/2/9,,,,,,,{},{},{},{},{},{},{},1790936520.0,1790936220.0,False,,,,
098320261003,,,1,0,https://www.winticket.jp/keirin/kurume/racecard/2026100183/3/9,,,,,,,{},{},{},{},{},{},{},1791022920.0,1791022620.0,False,,,,
098420260725,1-3-5,30.0,3,1784990305,https://www.winticket.jp/keirin/takeo/racecard/2026072584/1/9,1-3-5,1-3,1-3,1-3,1-3,1-3|1-5|3-5,"{""1-3-5"": 3000}","{""1-3-5"": 740}","{""1-3"": 360}","{""1-3"": 280}","{""1-3"": 110, ""1-5"": 310, ""3-5"": 640}",{},{},1784989200.0,1784988900.0,,,,,
098420260726,1-4-5,5.0,3,1785076369,https://www.winticket.jp/keirin/takeo/racecard/2026072584/2/9,1-4-5,1-4,1-4,1-4,1-4,1-4|1-5|4-5,"{""1-4-5"": 500}","{""1-4-5"": 420}","{""1-4"": 190}","{""1-4"": 160}","{""1-4"": 130, ""1-5"": 300, ""4-5"": 430}",{},{},1785075600.0,1785075300.0,,,,,
098420260928,3-1-2,104.6,3,1790573706,https://www.winticket.jp/keirin/takeo/racecard/2026092784/2/9,1-2-3,3-1,1-3,3-1,1-3,1-2|1-3|2-3,"{""3-1-2"": 10460}","{""1-2-3"": 2470}","{""3-1"": 2420}","{""1-3"": 1290}","{""1-2"": 510, ""1-3"": 510, ""2-3"": 280}",{},{},1790572860.0,1790572560.0,True,,,,
098420260929,1-5-4,9.3,3,1790660790,https://www.winticket.jp/keirin/takeo/racecard/2026092784/3/9,1-4-5,1-5,1-5,1-5,1-5,1-4|1-5|4-5,"{""1-5-4"": 930}","{""1-4-5"": 440}","{""1-5"": 380}","{""1-5"": 270}","{""1-4"": 230, ""1-5"": 150, ""4-5"": 230}",{},{},1790660040.0,1790659740.0,True,,,,
098520260714,3-6-4,24.8,3,1784024839,https://www.winticket.jp/keirin/sasebo/racecard/2026071385/2/9,3-4-6,3-6,3-6,3-6,3-6,3-4|3-6|4-6,"{""3-6-4"": 2480}","{""3-4-6"": 900}","{""3-6"": 810}","{""3-6"": 450}","{""3-4"": 510, ""3-6"": 220, ""4-6"": 660}",{},{},1784023920.0,1784023620.0,,,,,
098520260801,5-1-4,160.3,3,1785562665,https://www.winticket.jp/keirin/sasebo/racecard/2026073185/2/9,1-4-5,5-1,1-5,5-1,1-5,1-4|1-5|4-5,"{""5-1-4"": 16030}","{""1-4-5"": 1800}","{""5-1"": 4110}","{""1-5"": 3880}","{""1-4"": 340, ""1-5"": 460, ""4-5"": 380}",{},{},1785561780.0,1785561480.0,,,,,
101320260802,2-5-4,19.0,3,1785667950,https://www.winticket.jp/keirin/iwakidaira/racecard/2026073113/3/10,2-4-5,2-5,2-5,2-5,2-5,2-4|2-5|4-5,"{""2-5-4"": 1900}","{""2-4-5"": 820}","{""2-5"": 910}","{""2-5"": 670}","{""2-4"": 280, ""2-5"": 280, ""4-5"": 410}",{},{},1785667080.0,1785666780.0,,,,,
101320261005,,,1,0,https://www.winticket.jp/keirin/iwakidaira/racecard/2026100413/2/10,,,,,,,{},{},{},{},{},{},{},1791197280.0,1791196980.0,False,,,,
101320261006,1-2-4,8.4,3,1791284591,https://www.winticket.jp/keirin/iwakidaira/racecard/2026100413/3/10,1-2-4,1-2,1-2,1-2,1-2,1-2|1-4|2-4,"{""1-2-4"": 840}","{""1-2-4"": 240}","{""1-2"": 500}","{""1-2"": 430}","{""1-2"": 140, ""1-4"": 100, ""2-4"": 230}",{},{},1791283680.0,1791283380.0,True,winticket,,,
102520261001,5-1-4,8.9,3,1790835111,https://www.winticket.jp/keirin/omiya/racecard/2026100125/1/10,1-4-5,5-1,1-5,5-1,1-5,1-4|1-5|4-5,"{""5-1-4"": 890}","{""1-4-5"": 200}","{""5-1"": 490}","{""1-5"": 130}","{""1-4"": 140, ""1-5"": 100, ""4-5"": 220}",{},{},1790834460.0,1790834160.0,True,,,,
102520261002,,,2,0,https://www.winticket.jp/keirin/omiya/racecard/2026100125/2/10,,,,,,,{},{},{},{},{},{},{},1790920860.0,1790920560.0,False,,,,
102520261003,,,1,0,https://www.winticket.jp/keirin/omiya/racecard/2026100125/3/10,,,,,,,{},{},{},{},{},{},{},1791007260.0,1791006960.0,False,,,,
102520261006,3-7-1,205.9,3,1791266609,https://www.winticket.jp/keirin/omiya/racecard/2026100625/1/10,1-3-7,3-7,3-7,3-6,3-6,1-3|1-7|3-7,"{""3-7-1"": 20590}","{""1-3-7"": 1020}","{""3-7"": 5730}","{""3-7"": 2690}","{""1-3"": 530, ""1-7"": 290, ""3-7"": 680}",{},{},1791265980.0,1791265680.0,True,winticket,,,
102520261007,3-2-4,101.8,3,1791354035,https://www.winticket.jp/keirin/omiya/racecard/2026100625/2/10,2-3-4,3-2,2-3,3-2,2-3,2-3|2-4|3-4,"{""3-2-4"": 10180}","{""2-3-4"": 1050}","{""3-2"": 3180}","{""2-3"": 1110}","{""2-3"": 490, ""2-4"": 410, ""3-4"": 280}",{},{},1791353100.0,1791352800.0,True,winticket,,,
102520261008,7-3-4,170.6,3,1791440341,https://www.winticket.jp/keirin/omiya/racecard/2026100625/3/10,3-4-7,7-3,3-7,6-3,3-6,3-4|3-7|4-7,"{""7-3-4"": 17060}","{""3-4-7"": 810}","{""7-3"": 4560}","{""3-7"": 1480}","{""3-4"": 140, ""3-7"": 460, ""4-7"": 570}",{},{},1791439620.0,1791439320.0,True,winticket,,,
102820260924,6-2-3,77.5,3,1790230650,https://www.winticket.jp/keirin/tachikawa/racecard/2026092228/3/10,2-3-6,6-2,2-6,6-2,2-6,2-3|2-6|3-6,"{""6-2-3"": 7750}","{""2-3-6"": 2300}","{""6-2"": 2020}","{""2-6"": 1150}","{""2-3"": 210, ""2-6"": 530, ""3-6"": 780}",{},{},1790229960.0,1790229660.0,True,,,,
103420261001,,,2,0,https://www.winticket.jp/keirin/kawasaki/racecard/2026100134/1/10,,,,,,,{},{},{},{},{},{},{},1790850900.0,1790850600.0,False,,,,
103420261002,7-5-3,92.8,3,1790937952,https://www.winticket.jp/keirin/kawasaki/racecard/2026100134/2/10,3-5-7,7-5,5-7,6-5,5-6,3-5|3-7|5-7,"{""7-5-3"": 9280}","{""3-5-7"": 1050}","{""7-5"": 1910}","{""5-7"": 1090}","{""3-5"": 350, ""3-7"": 580, ""5-7"": 390}",{},{},1790937300.0,1790937000.0,True,,,,
103420261003,,,2,0,https://www.winticket.jp/keirin/kawasaki/racecard/2026100134/3/10,,,,,,,{},{},{},{},{},{},{},1791023700.0,1791023400.0,False,,,,
103520260929,4-2-1,7.9,3,1790679306,https://www.winticket.jp/keirin/hiratsuka/racecard/2026092835/2/10,1-2-4,4-2,2-4,4-2,2-4,1-2|1-4|2-4,"{""4-2-1"": 790}","{""1-2-4"": 250}","{""4-2"": 330}","{""2-4"": 150}","{""1-2"": 190, ""1-4"": 140, ""2-4"": 100}",{},{},1790678640.0,1790678340.0,True,,,,
103520260930,1-4-7,4.4,3,1790766680,https://www.winticket.jp/keirin/hiratsuka/racecard/2026092835/3/10,1-4-7,1-4,1-4,1-4,1-4,1-4|1-7|4-7,"{""1-4-7"": 440}","{""1-4-7"": 160}","{""1-4"": 240}","{""1-4"": 200}","{""1-4"": 110, ""1-7"": 110, ""4-7"": 160}",{},{},1790766060.0,1790765760.0,True,,,,
103520261008,2-5-1,45.2,3,1791455921,https://www.winticket.jp/keirin/hiratsuka/racecard/2026100835/1/10,1-2-5,2-5,2-5,2-5,2-5,1-2|1-5|2-5,"{""2-5-1"": 4520, ""5-2-1"": 3200}","{""1-2-5"": 620}","{""2-5"": 1740, ""5-2"": 1560}","{""2-5"": 1810}","{""1-2"": 290, ""1-5"": 100, ""2-5"": 280}",{},{},1791454920.0,1791454620.0,True,winticket,,,
103820261007,2-4-6,12.1,3,1791354855,https://www.winticket.jp/keirin/shizuoka/racecard/2026100738/1/10,2-4-6,2-4,2-4,2-4,2-4,2-4|2-6|4-6,"{""2-4-6"": 1210}","{""2-4-6"": 950}","{""2-4"": 170}","{""2-4"": 130}","{""2-4"": 110, ""2-6"": 440, ""4-6"": 610}",{},{},1791354300.0,1791354000.0,True,winticket,,,
103820261008,1-4-7,4.7,3,1791441070,https://www.winticket.jp/keirin/shizuoka/racecard/2026100738/2/10,1-4-7,1-4,1-4,1-4,1-4,1-4|1-7|4-7,"{""1-4-7"": 470}","{""1-4-7"": 220}","{""1-4"": 300}","{""1-4"": 140}","{""1-4"": 100, ""1-7"": 180, ""4-7"": 140}",{},{},1791440520.0,1791440220.0,True,winticket,,,
104320260731,7-4-2,9.0,3,1785479003,https://www.winticket.jp/keirin/gifu/racecard/2026073043/2/10,2-4-7,7-4,4-7,6-4,4-6,2-4|2-7|4-7,"{""7-4-2"": 900}","{""2-4-7"": 310}","{""7-4"": 370}","{""4-7"": 230}","{""2-4"": 130, ""2-7"": 220, ""4-7"": 150}",{},{},1785478380.0,1785478080.0,,,,,
104320260929,2-1-9,30.8,3,1790678536,https://www.winticket.jp/keirin/gifu/racecard/2026092643/4/10,1-2-9,2-1,1-2,2-1,1-2,1-2|1-9|2-9,"{""2-1-9"": 3080}","{""1-2-9"": 590}","{""2-1"": 1200}","{""1-2"": 700}","{""1-2"": 230, ""1-9"": 250, ""2-9"": 260}","{""2-1"": 1220}","{""1-2"": 760}",1790677740.0,1790677440.0,True,,,,
104720261001,7-2-9,13.0,3,1790836342,https://www.winticket.jp/keirin/matsusaka/racecard/2026100147/1/10,2-7-9,7-2,2-7,5-2,2-5,2-7|2-9|7-9,"{""7-2-9"": 1300}","{""2-7-9"": 650}","{""7-2"": 190}","{""2-7"": 150}","{""2-7"": 110, ""2-9"": 490, ""7-9"": 320}","{""5-2"": 190}","{""2-5"": 140}",1790835360.0,1790835060.0,True,,,,
104720261002,,,2,0,https://www.winticket.jp/keirin/matsusaka/racecard/2026100147/2/10,,,,,,,{},{},{},{},{},{},{},1790921760.0,1790921460.0,False,,,,
104720261003,,,1,0,https://www.winticket.jp/keirin/matsusaka/racecard/2026100147/3/10,,,,,,,{},{},{},{},{},{},{},1791008160.0,1791007860.0,False,,,,
104820260819,2-5-1,3.3,3,1787136623,https://www.winticket.jp/keirin/yokkaichi/racecard/2026081748/3/10,1-2-5,2-5,2-5,2-5,2-5,1-2|1-5|2-5,"{""2-5-1"": 330}","{""1-2-5"": 180}","{""2-5"": 180}","{""2-5"": 140}","{""1-2"": 120, ""1-5"": 150, ""2-5"": 100}",{},{},1787135880.0,1787135580.0,,,,,
104820261007,4-7-1,13.6,3,1791370246,https://www.winticket.jp/keirin/yokkaichi/racecard/2026100748/1/10,1-4-7,4-7,4-7,4-6,4-6,1-4|1-7|4-7,"{""4-7-1"": 1360}","{""1-4-7"": 210}","{""4-7"": 970}","{""4-7"": 830}","{""1-4"": 100, ""1-7"": 250, ""4-7"": 180}",{},{},1791369480.0,1791369180.0,True,winticket,,,
104820261008,5-7-6,67.0,3,1791456392,https://www.winticket.jp/keirin/yokkaichi/racecard/2026100748/2/10,5-6-7,5-7,5-7,5-6,5-6,5-6|5-7|6-7,"{""5-7-6"": 6700}","{""5-6-7"": 2140}","{""5-7"": 2040}","{""5-7"": 940}","{""5-6"": 230, ""5-7"": 250, ""6-7"": 1390}",{},{},1791455700.0,1791455400.0,True,winticket,,,
105320261005,,,1,0,https://www.winticket.jp/keirin/nara/racecard/2026100553/1/10,,,,,,,{},{},{},{},{},{},{},1791180420.0,1791180120.0,False,,,,
105320261007,1-5-2,72.5,3,1791354326,https://www.winticket.jp/keirin/nara/racecard/2026100553/3/10,1-2-5,1-5,1-5,1-5,1-5,1-2|1-5|2-5,"{""1-5-2"": 7250}","{""1-2-5"": 1330}","{""1-5"": 2590}","{""1-5"": 1000}","{""1-2"": 860, ""1-5"": 330, ""2-5"": 510}",{},{},1791353700.0,1791353400.0,True,winticket,,,
106220260929,5-4-6,249.4,3,1790661641,https://www.winticket.jp/keirin/hiroshima/racecard/2026092862/2/10,4-5-6,5-4,4-5,5-4,4-5,4-5|4-6|5-6,"{""5-4-6"": 24940}","{""4-5-6"": 5300}","{""5-4"": 820}","{""4-5"": 480}","{""4-5"": 210, ""4-6"": 850, ""5-6"": 1600}",{},{},1790660880.0,1790660580.0,True,,,,
106220260930,4-1-7,21.5,3,1790749064,https://www.winticket.jp/keirin/hiroshima/racecard/2026092862/3/10,1-4-7,4-1,1-4,4-1,1-4,1-4|1-7|4-7,"{""4-1-7"": 2150}","{""1-4-7"": 720}","{""4-1"": 1190}","{""1-4"": 570}","{""1-4"": 480, ""1-7"": 360, ""4-7"": 280}",{},{},1790748480.0,1790748180.0,True,,,,
107320260805,2-5-1,8.5,3,1785910865,https://www.winticket.jp/keirin/komatsushima/racecard/2026080473/2/10,1-2-5,2-5,2-5,2-5,2-5,1-2|1-5|2-5,"{""2-5-1"": 850}","{""1-2-5"": 330}","{""2-5"": 460}","{""2-5"": 430}","{""1-2"": 150, ""1-5"": 330, ""2-5"": 200}",{},{},1785910020.0,1785909720.0,,,,,
107320260924,4-3-1,81.2,3,1790230142,https://www.winticket.jp/keirin/komatsushima/racecard/2026092373/2/10,1-3-4,4-3,3-4,4-3,3-4,1-3|1-4|3-4,"{""4-3-1"": 8120}","{""1-3-4"": 1920}","{""4-3"": 2030}","{""3-4"": 900}","{""1-3"": 880, ""1-4"": 960, ""3-4"": 490}",{},{},1790229360.0,1790229060.0,True,,,,
107320260925,1-3-2,53.5,3,1790317269,https://www.winticket.jp/keirin/komatsushima/racecard/2026092373/3/10,1-2-3,1-3,1-3,1-3,1-3,1-2|1-3|2-3,"{""1-3-2"": 5350}","{""1-2-3"": 1630}","{""1-3"": 630}","{""1-3"": 360}","{""1-2"": 410, ""1-3"": 210, ""2-3"": 900}",{},{},1790316420.0,1790316120.0,True,,,,
107520261005,,,1,0,https://www.winticket.jp/keirin/matsuyama/racecard/2026100475/2/10,,,,,,,{},{},{},{},{},{},{},1791196500.0,1791196200.0,False,,,,
107520261006,1-7-5,25.2,3,1791283540,https://www.winticket.jp/keirin/matsuyama/racecard/2026100475/3/10,1-5-7,1-7,1-7,1-6,1-6,1-5|1-7|5-7,"{""1-7-5"": 2520}","{""1-5-7"": 570}","{""1-7"": 820}","{""1-7"": 480}","{""1-5"": 150, ""1-7"": 200, ""5-7"": 320}",{},{},1791282900.0,1791282600.0,True,winticket,,,
108320261001,,,1,0,https://www.winticket.jp/keirin/kurume/racecard/2026100183/1/10,,,,,,,{},{},{},{},{},{},{},1790851680.0,1790851380.0,False,,,,
108320261002,,,2,0,https://www.winticket.jp/keirin/kurume/racecard/2026100183/2/10,,,,,,,{},{},{},{},{},{},{},1790938080.0,1790937780.0,False,,,,
108320261003,,,1,0,https://www.winticket.jp/keirin/kurume/racecard/2026100183/3/10,,,,,,,{},{},{},{},{},{},{},1791024480.0,1791024180.0,False,,,,
108420260928,5-3-2,33.8,3,1790575802,https://www.winticket.jp/keirin/takeo/racecard/2026092784/2/10,2-3-5,5-3,3-5,5-3,3-5,2-3|2-5|3-5,"{""5-3-2"": 3380}","{""2-3-5"": 610}","{""5-3"": 990}","{""3-5"": 660}","{""2-3"": 300, ""2-5"": 200, ""3-5"": 180}",{},{},1790574780.0,1790574480.0,True,,,,
108420260929,5-1-4,21.7,3,1790662592,https://www.winticket.jp/keirin/takeo/racecard/2026092784/3/10,1-4-5,5-1,1-5,5-1,1-5,1-4|1-5|4-5,"{""5-1-4"": 2170}","{""1-4-5"": 590}","{""5-1"": 860}","{""1-5"": 250}","{""1-4"": 170, ""1-5"": 180, ""4-5"": 350}",{},{},1790661720.0,1790661420.0,True,,,,
111320261004,5-6-2,28.8,3,1791113319,https://www.winticket.jp/keirin/iwakidaira/racecard/2026100413/1/11,2-5-6,5-6,5-6,5-6,5-6,2-5|2-6|5-6,"{""5-6-2"": 2880}","{""2-5-6"": 670}","{""5-6"": 1600}","{""5-6"": 460}","{""2-5"": 570, ""2-6"": 260, ""5-6"": 260}",{},{},1791112560.0,1791112260.0,True,,,,
111320261005,,,1,0,https://www.winticket.jp/keirin/iwakidaira/racecard/2026100413/2/11,,,,,,,{},{},{},{},{},{},{},1791198960.0,1791198660.0,False,,,,
111320261006,7-4-3,57.0,3,1791286250,https://www.winticket.jp/keirin/iwakidaira/racecard/2026100413/3/11,3-4-7,7-4,4-7,6-4,4-6,3-4|3-7|4-7,"{""7-4-3"": 5700}","{""3-4-7"": 1380}","{""7-4"": 730}","{""4-7"": 370}","{""3-4"": 590, ""3-7"": 700, ""4-7"": 220}",{},{},1791285360.0,1791285060.0,True,winticket,,,
112120260730,2-5-7,2.3,3,1785409964,https://www.winticket.jp/keirin/yahiko/racecard/2026073021/1/11,2-5-7,2-5,2-5,2-5,2-5,2-5|2-7|5-7,"{""2-5-7"": 230}","{""2-5-7"": 160}","{""2-5"": 150}","{""2-5"": 140}","{""2-5"": 100, ""2-7"": 150, ""5-7"": 130}",{},{},1785409320.0,1785409020.0,,,,,
112520261001,7-2-5,7.0,3,1790837241,https://www.winticket.jp/keirin/omiya/racecard/2026100125/1/11,2-5-7,7-2,2-7,6-2,2-6,2-5|2-7|5-7,"{""7-2-5"": 700}","{""2-5-7"": 450}","{""7-2"": 440}","{""2-7"": 410}","{""2-5"": 410, ""2-7"": 220, ""5-7"": 200}",{},{},1790836320.0,1790836020.0,True,,,,
112520261002,,,1,0,https://www.winticket.jp/keirin/omiya/racecard/2026100125/2/11,,,,,,,{},{},{},{},{},{},{},1790922720.0,1790922420.0,False,,,,
112520261003,,,1,0,https://www.winticket.jp/keirin/omiya/racecard/2026100125/3/11,,,,,,,{},{},{},{},{},{},{},1791009120.0,1791008820.0,False,,,,
112520261007,1-3-7,178.7,3,1791355610,https://www.winticket.jp/keirin/omiya/racecard/2026100625/2/11,1-3-7,1-3,1-3,1-3,1-3,1-3|1-7|3-7,"{""1-3-7"": 17870}","{""1-3-7"": 3840}","{""1-3"": 2500}","{""1-3"": 1570}","{""1-3"": 680, ""1-7"": 340, ""3-7"": 2250}",{},{},1791354960.0,1791354660.0,True,winticket,,,
113420261001,,,1,0,https://www.winticket.jp/keirin/kawasaki/racecard/2026100134/1/11,,,,,,,{},{},{},{},{},{},{},1790852520.0,1790852220.0,False,,,,
113420261002,,,2,0,https://www.winticket.jp/keirin/kawasaki/racecard/2026100134/2/11,,,,,,,{},{},{},{},{},{},{},1790938920.0,1790938620.0,False,,,,
113420261003,,,1,0,https://www.winticket.jp/keirin/kawasaki/racecard/2026100134/3/11,,,,,,,{},{},{},{},{},{},{},1791025320.0,1791025020.0,False,,,,
113520260929,3-5-2,12.9,3,1790681036,https://www.winticket.jp/keirin/hiratsuka/racecard/2026092835/2/11,2-3-5,3-5,3-5,3-5,3-5,2-3|2-5|3-5,"{""3-5-2"": 1290}","{""2-3-5"": 370}","{""3-5"": 290}","{""3-5"": 180}","{""2-3"": 210, ""2-5"": 190, ""3-5"": 130}",{},{},1790680440.0,1790680140.0,True,,,,
113520260930,2-3-5,45.9,3,1790768390,https://www.winticket.jp/keirin/hiratsuka/racecard/2026092835/3/11,2-3-5,2-3,2-3,2-3,2-3,2-3|2-5|3-5,"{""2-3-5"": 4590}","{""2-3-5"": 290}","{""2-3"": 2310}","{""2-3"": 2410}","{""2-3"": 290, ""2-5"": 130, ""3-5"": 240}",{},{},1790767800.0,1790767500.0,True,,,,
113520261008,4-1-5,16.4,3,1791457231,https://www.winticket.jp/keirin/hiratsuka/racecard/2026100835/1/11,1-4-5,4-1,1-4,4-1,1-4,1-4|1-5|4-5,"{""4-1-5"": 1640}","{""1-4-5"": 640}","{""4-1"": 180}","{""1-4"": 130}","{""1-4"": 100, ""1-5"": 410, ""4-5"": 390}",{},{},1791456480.0,1791456180.0,True,winticket,,['4-1-5'],2026-10-08T20:20:55.629299+09:00
113820261007,2-5-1,15.0,3,1791356721,https://www.winticket.jp/keirin/shizuoka/racecard/2026100738/1/11,1-2-5,2-5,2-5,2-5,2-5,1-2|1-5|2-5,"{""2-5-1"": 1500}","{""1-2-5"": 740}","{""2-5"": 380}","{""2-5"": 180}","{""1-2"": 480, ""1-5"": 640, ""2-5"": 170}",{},{},1791356160.0,1791355860.0,True,winticket,,,
113820261008,1-5-4,15.3,3,1791442886,https://www.winticket.jp/keirin/shizuoka/racecard/2026100738/2/11,1-4-5,1-5,1-5,1-5,1-5,1-4|1-5|4-5,"{""1-5-4"": 1530}","{""1-4-5"": 340}","{""1-5"": 380}","{""1-5"": 110}","{""1-4"": 260, ""1-5"": 120, ""4-5"": 150}",{},{},1791442320.0,1791442020.0,True,winticket,,,
114320260826,4-6-5,2.5,3,1787727137,https://www.winticket.jp/keirin/gifu/racecard/2026082443/3/11,4-5-6,4-6,4-6,4-6,4-6,4-5|4-6|5-6,"{""4-6-5"": 250, ""6-4-5"": 430}","{""4-5-6"": 260}","{""4-6"": 100, ""6-4"": 120}","{""4-6"": 100}","{""4-5"": 250, ""4-6"": 100, ""5-6"": 280}",{},{},1787726220.0,1787725920.0,,,,,
114320260929,5-2-4,471.4,3,1790680406,https://www.winticket.jp/keirin/gifu/racecard/2026092643/4/11,2-4-5,5-2,2-5,4-2,2-4,2-4|2-5|4-5,"{""5-2-4"": 47140}","{""2-4-5"": 7200}","{""5-2"": 5330}","{""2-5"": 3050}","{""2-4"": 860, ""2-5"": 980, ""4-5"": 470}","{""4-2"": 2860}","{""2-4"": 2230}",1790679540.0,1790679240.0,True,,,,
114620260911,1-3-7,82.0,3,1789109813,https://www.winticket.jp/keirin/toyama/racecard/2026091046/2/11,1-3-7,1-3,1-3,1-3,1-3,1-3|1-7|3-7,"{""1-3-7"": 8200}","{""1-3-7"": 240}","{""1-3"": 5060}","{""1-3"": 2900}","{""1-3"": 190, ""1-7"": 110, ""3-7"": 150}",{},{},1789109160.0,1789108860.0,,,,,
114720260718,2-1-6,90.3,3,1784357860,https://www.winticket.jp/keirin/matsusaka/racecard/2026071647/3/11,1-2-6,2-1,1-2,2-1,1-2,1-2|1-6|2-6,"{""2-1-6"": 9030}","{""1-2-6"": 2330}","{""2-1"": 1770}","{""1-2"": 1160}","{""1-2"": 530, ""1-6"": 850, ""2-6"": 500}",{},{},1784357100.0,1784356800.0,,,,,
114720261001,3-6-4,2674.9,3,1790838431,https://www.winticket.jp/keirin/matsusaka/racecard/2026100147/1/11,3-4-6,3-6,3-6,3-5,3-5,3-4|3-6|4-6,"{""3-6-4"": 267490}","{""3-4-6"": 50550}","{""3-6"": 8370}","{""3-6"": 6560}","{""3-4"": 9730, ""3-6"": 4740, ""4-6"": 21090}","{""3-5"": 10520}","{""3-5"": 6120}",1790837280.0,1790836980.0,True,,,,
114720261002,,,1,0,https://www.winticket.jp/keirin/matsusaka/racecard/2026100147/2/11,,,,,,,{},{},{},{},{},{},{},1790923680.0,1790923380.0,False,,,,
114720261003,,,1,0,https://www.winticket.jp/keirin/matsusaka/racecard/2026100147/3/11,,,,,,,{},{},{},{},{},{},{},1791010080.0,1791009780.0,False,,,,
114820261007,3-5-1,8.3,3,1791371881,https://www.winticket.jp/keirin/yokkaichi/racecard/2026100748/1/11,1-3-5,3-5,3-5,3-5,3-5,1-3|1-5|3-5,"{""3-5-1"": 830}","{""1-3-5"": 490}","{""3-5"": 240}","{""3-5"": 150}","{""1-3"": 220, ""1-5"": 310, ""3-5"": 130}",{},{},1791371040.0,1791370740.0,True,winticket,,,
114820261008,7-5-6,30.4,3,1791457997,https://www.winticket.jp/keirin/yokkaichi/racecard/2026100748/2/11,5-6-7,7-5,5-7,6-5,5-6,5-6|5-7|6-7,"{""7-5-6"": 3040}","{""5-6-7"": 1310}","{""7-5"": 330}","{""5-7"": 190}","{""5-6"": 680, ""5-7"": 140, ""6-7"": 240}",{},{},1791457260.0,1791456960.0,True,winticket,,['7-5-6'],2026-10-08T20:20:55.107899+09:00
115320261007,1-4-2,51.2,3,1791356275,https://www.winticket.jp/keirin/nara/racecard/2026100553/3/11,1-2-4,1-4,1-4,1-4,1-4,1-2|1-4|2-4,"{""1-4-2"": 5120}","{""1-2-4"": 600}","{""1-4"": 1890}","{""1-4"": 820}","{""1-2"": 260, ""1-4"": 270, ""2-4"": 290}",{},{},1791355620.0,1791355320.0,True,winticket,,,
116220260929,5-3-6,647.0,3,1790663339,https://www.winticket.jp/keirin/hiroshima/racecard/2026092862/2/11,3-5-6,5-3,3-5,5-3,3-5,3-5|3-6|5-6,"{""5-3-6"": 64700}","{""3-5-6"": 18920}","{""5-3"": 3970}","{""3-5"": 2050}","{""3-5"": 720, ""3-6"": 3850, ""5-6"": 830}",{},{},1790662560.0,1790662260.0,True,,,,
116220260930,5-2-3,8.2,3,1790750964,https://www.winticket.jp/keirin/hiroshima/racecard/2026092862/3/11,2-3-5,5-2,2-5,5-2,2-5,2-3|2-5|3-5,"{""5-2-3"": 820}","{""2-3-5"": 420}","{""5-2"": 340}","{""2-5"": 230}","{""2-3"": 230, ""2-5"": 140, ""3-5"": 300}",{},{},1790750340.0,1790750040.0,True,,,,
117320260804,4-3-1,29.7,3,1785825665,https://www.winticket.jp/keirin/komatsushima/racecard/2026080473/1/11,1-3-4,4-3,3-4,4-3,3-4,1-3|1-4|3-4,"{""4-3-1"": 2970}","{""1-3-4"": 230}","{""4-3"": 2920}","{""3-4"": 1960}","{""1-3"": 240, ""1-4"": 100, ""3-4"": 200}",{},{},1785824880.0,1785824580.0,,,,,
117520261005,,,2,0,https://www.winticket.jp/keirin/matsuyama/racecard/2026100475/2/11,,,,,,,{},{},{},{},{},{},{},1791198120.0,1791197820.0,False,,,,
117520261006,4-1-6,85.4,3,1791285320,https://www.winticket.jp/keirin/matsuyama/racecard/2026100475/3/11,1-4-6,4-1,1-4,4-1,1-4,1-4|1-6|4-6,"{""4-1-6"": 8540}","{""1-4-6"": 3050}","{""4-1"": 1180}","{""1-4"": 830}","{""1-4"": 290, ""1-6"": 580, ""4-6"": 1810}",{},{},1791284520.0,1791284220.0,True,winticket,,,
118120260724,5-1-3,23.2,3,1784892433,https://www.winticket.jp/keirin/kokura/racecard/2026072481/1/11,1-3-5,5-1,1-5,5-1,1-5,1-3|1-5|3-5,"{""5-1-3"": 2320}","{""1-3-5"": 1150}","{""5-1"": 270}","{""1-5"": 200}","{""1-3"": 660, ""1-5"": 160, ""3-5"": 260}",{},{},1784891580.0,1784891280.0,,,,,
118320261001,,,1,0,https://www.winticket.jp/keirin/kurume/racecard/2026100183/1/11,,,,,,,{},{},{},{},{},{},{},1790853360.0,1790853060.0,False,,,,
118320261002,,,1,0,https://www.winticket.jp/keirin/kurume/racecard/2026100183/2/11,,,,,,,{},{},{},{},{},{},{},1790939760.0,1790939460.0,False,,,,
118320261003,,,1,0,https://www.winticket.jp/keirin/kurume/racecard/2026100183/3/11,,,,,,,{},{},{},{},{},{},{},1791026160.0,1791025860.0,False,,,,
118520260731,4-3-1,77.3,3,1785479904,https://www.winticket.jp/keirin/sasebo/racecard/2026073185/1/11,1-3-4,4-3,3-4,4-3,3-4,1-3|1-4|3-4,"{""4-3-1"": 7730}","{""1-3-4"": 270}","{""4-3"": 4470}","{""3-4"": 1430}","{""1-3"": 150, ""1-4"": 110, ""3-4"": 140}",{},{},1785479100.0,1785478800.0,,,,,
122520261001,5-7-4,115.8,3,1790838811,https://www.winticket.jp/keirin/omiya/racecard/2026100125/1/12,4-5-7,5-7,5-7,5-6,5-6,4-5|4-7|5-7,"{""5-7-4"": 11580}","{""4-5-7"": 2620}","{""5-7"": 2460}","{""5-7"": 1720}","{""4-5"": 320, ""4-7"": 800, ""5-7"": 610}",{},{},1790838180.0,1790837880.0,True,,,,
122520261002,,,1,0,https://www.winticket.jp/keirin/omiya/racecard/2026100125/2/12,,,,,,,{},{},{},{},{},{},{},1790924580.0,1790924280.0,False,,,,
122520261003,,,2,0,https://www.winticket.jp/keirin/omiya/racecard/2026100125/3/12,,,,,,,{},{},{},{},{},{},{},1791010980.0,1791010680.0,False,,,,
122520261007,1-4-3,351.1,3,1791357685,https://www.winticket.jp/keirin/omiya/racecard/2026100625/2/12,1-3-4,1-4,1-4,1-4,1-4,1-3|1-4|3-4,"{""1-4-3"": 35110}","{""1-3-4"": 6930}","{""1-4"": 5470}","{""1-4"": 3690}","{""1-3"": 410, ""1-4"": 850, ""3-4"": 1440}",{},{},1791357060.0,1791356760.0,True,winticket,,,
122520261008,5-2-4,32.4,3,1791444290,https://www.winticket.jp/keirin/omiya/racecard/2026100625/3/12,2-4-5,5-2,2-5,5-2,2-5,2-4|2-5|4-5,"{""5-2-4"": 3240}","{""2-4-5"": 920}","{""5-2"": 660}","{""2-5"": 640}","{""2-4"": 610, ""2-5"": 290, ""4-5"": 160}",{},{},1791443640.0,1791443340.0,True,winticket,,,
123420261001,,,1,0,https://www.winticket.jp/keirin/kawasaki/racecard/2026100134/1/12,,,,,,,{},{},{},{},{},{},{},1790854200.0,1790853900.0,False,,,,
123420261002,,,1,0,https://www.winticket.jp/keirin/kawasaki/racecard/2026100134/2/12,,,,,,,{},{},{},{},{},{},{},1790940600.0,1790940300.0,False,,,,
123420261003,,,1,0,https://www.winticket.jp/keirin/kawasaki/racecard/2026100134/3/12,,,,,,,{},{},{},{},{},{},{},1791027000.0,1791026700.0,False,,,,
123520261008,7-2-3,5.4,3,1791458772,https://www.winticket.jp/keirin/hiratsuka/racecard/2026100835/1/12,2-3-7,7-2,2-7,6-2,2-6,2-3|2-7|3-7,"{""1-2-3"": 100, ""1-2-4"": 100, ""1-2-5"": 100, ""1-2-6"": 100, ""1-2-7"": 100, ""1-3-2"": 100, ""1-3-4"": 100, ""1-3-5"": 100, ""1-3-6"": 100, ""1-3-7"": 100, ""1-4-2"": 100, ""1-4-3"": 100, ""1-4-5"": 100, ""1-4-6"": 100, ""1-4-7"": 100, ""1-5-2"": 100, ""1-5-3"": 100, ""1-5-4"": 100, ""1-5-6"": 100, ""1-5-7"": 100, ""1-6-2"": 100, ""1-6-3"": 100, ""1-6-4"": 100, ""1-6-5"": 100, ""1-6-7"": 100, ""1-7-2"": 100, ""1-7-3"": 100, ""1-7-4"": 100, ""1-7-5"": 100, ""1-7-6"": 100, ""2-1-3"": 100, ""2-1-4"": 100, ""2-1-5"": 100, ""2-1-6"": 100, ""2-1-7"": 100, ""2-3-1"": 100, ""2-4-1"": 100, ""2-5-1"": 100, ""2-6-1"": 100, ""2-7-1"": 100, ""3-1-2"": 100, ""3-1-4"": 100, ""3-1-5"": 100, ""3-1-6"": 100, ""3-1-7"": 100, ""3-2-1"": 100, ""3-4-1"": 100, ""3-5-1"": 100, ""3-6-1"": 100, ""3-7-1"": 100, ""4-1-2"": 100, ""4-1-3"": 100, ""4-1-5"": 100, ""4-1-6"": 100, ""4-1-7"": 100, ""4-2-1"": 100, ""4-3-1"": 100, ""4-5-1"": 100, ""4-6-1"": 100, ""4-7-1"": 100, ""5-1-2"": 100, ""5-1-3"": 100, ""5-1-4"": 100, ""5-1-6"": 100, ""5-1-7"": 100, ""5-2-1"": 100, ""5-3-1"": 100, ""5-4-1"": 100, ""5-6-1"": 100, ""5-7-1"": 100, ""6-1-2"": 100, ""6-1-3"": 100, ""6-1-4"": 100, ""6-1-5"": 100, ""6-1-7"": 100, ""6-2-1"": 100, ""6-3-1"": 100, ""6-4-1"": 100, ""6-5-1"": 100, ""6-7-1"": 100, ""7-1-2"": 100, ""7-1-3"": 100, ""7-1-4"": 100, ""7-1-5"": 100, ""7-1-6"": 100, ""7-2-1"": 100, ""7-2-3"": 540, ""7-3-1"": 100, ""7-4-1"": 100, ""7-5-1"": 100, ""7-6-1"": 100}","{""1-2-3"": 100, ""1-2-4"": 100, ""1-2-5"": 100, ""1-2-6"": 100, ""1-2-7"": 100, ""1-3-4"": 100, ""1-3-5"": 100, ""1-3-6"": 100, ""1-3-7"": 100, ""1-4-5"": 100, ""1-4-6"": 100, ""1-4-7"": 100, ""1-5-6"": 100, ""1-5-7"": 100, ""1-6-7"": 100, ""2-3-7"": 310}","{""1-2"": 100, ""1-3"": 100, ""1-4"": 100, ""1-5"": 100, ""1-6"": 100, ""1-7"": 100, ""2-1"": 100, ""3-1"": 100, ""4-1"": 100, ""5-1"": 100, ""6-1"": 100, ""7-1"": 100, ""7-2"": 230}","{""1-2"": 100, ""1-3"": 100, ""1-4"": 100, ""1-5"": 100, ""1-6"": 100, ""1-7"": 100, ""2-7"": 170}","{""1-2"": 100, ""1-3"": 100, ""1-4"": 100, ""1-5"": 100, ""1-6"": 100, ""1-7"": 100, ""2-3"": 210, ""2-7"": 120, ""3-7"": 140}",{},{},1791458100.0,1791457800.0,True,winticket,,['7-2-3'],2026-10-08T20:40:16.849749+09:00
124220260804,3-5-1,24.3,3,1785843336,https://www.winticket.jp/keirin/nagoya/racecard/2026080442/1/12,1-3-5,3-5,3-5,3-5,3-5,1-3|1-5|3-5,"{""3-5-1"": 2430}","{""1-3-5"": 1250}","{""3-5"": 700}","{""3-5"": 570}","{""1-3"": 490, ""1-5"": 800, ""3-5"": 330}",{},{},1785842220.0,1785841920.0,,,,,
124320260927,2-9-5,115.6,3,1790509542,https://www.winticket.jp/keirin/gifu/racecard/2026092643/2/12,2-5-9,2-9,2-9,2-6,2-6,2-5|2-9|5-9,"{""2-9-5"": 11560}","{""2-5-9"": 4360}","{""2-9"": 2150}","{""2-9"": 1130}","{""2-5"": 810, ""2-9"": 550, ""5-9"": 2300}","{""2-6"": 1800}","{""2-6"": 920}",1790508600.0,1790508300.0,True,,,,
124320260929,1-2-4,160.0,3,1790682226,https://www.winticket.jp/keirin/gifu/racecard/2026092643/4/12,1-2-4,1-2,1-2,1-2,1-2,1-2|1-4|2-4,"{""1-2-4"": 16000}","{""1-2-4"": 4510}","{""1-2"": 1070}","{""1-2"": 400}","{""1-2"": 220, ""1-4"": 2070, ""2-4"": 990}","{""1-2"": 1050}","{""1-2"": 430}",1790681400.0,1790681100.0,True,,,,
124720261001,3-2-6,652.1,3,1790840532,https://www.winticket.jp/keirin/matsusaka/racecard/2026100147/1/12,2-3-6,3-2,2-3,3-2,2-3,2-3|2-6|3-6,"{""3-2-6"": 65210}","{""2-3-6"": 11880}","{""3-2"": 3260}","{""2-3"": 1950}","{""2-3"": 510, ""2-6"": 2460, ""3-6"": 1560}","{""3-2"": 3340}","{""2-3"": 1910}",1790839500.0,1790839200.0,True,,,,
124720261002,,,1,0,https://www.winticket.jp/keirin/matsusaka/racecard/2026100147/2/12,,,,,,,{},{},{},{},{},{},{},1790925900.0,1790925600.0,False,,,,
124720261003,,,2,0,https://www.winticket.jp/keirin/matsusaka/racecard/2026100147/3/12,,,,,,,{},{},{},{},{},{},{},1791012300.0,1791012000.0,False,,,,
124820261007,4-5-2,208.3,3,1791373341,https://www.winticket.jp/keirin/yokkaichi/racecard/2026100748/1/12,2-4-5,4-5,4-5,4-5,4-5,2-4|2-5|4-5,"{""4-5-2"": 20830}","{""2-4-5"": 1020}","{""4-5"": 4480}","{""4-5"": 2040}","{""2-4"": 450, ""2-5"": 200, ""4-5"": 450}",{},{},1791372600.0,1791372300.0,True,winticket,,,
124820261008,3-4-1,25.1,3,1791459916,https://www.winticket.jp/keirin/yokkaichi/racecard/2026100748/2/12,1-3-4,3-4,3-4,3-4,3-4,1-3|1-4|3-4,"{""3-4-1"": 2510}","{""1-3-4"": 360}","{""3-4"": 1690}","{""3-4"": 840}","{""1-3"": 180, ""1-4"": 120, ""3-4"": 230}",{},{},1791459000.0,1791458700.0,True,winticket,,['3-4-1'],2026-10-08T21:06:43.464521+09:00
125320261006,3-6-5,763.3,3,1791271930,https://www.winticket.jp/keirin/nara/racecard/2026100553/2/12,3-5-6,3-6,3-6,3-6,3-6,3-5|3-6|5-6,"{""3-6-5"": 76330}","{""3-5-6"": 9300}","{""3-6"": 17920}","{""3-6"": 9720}","{""3-5"": 250, ""3-6"": 2180, ""5-6"": 870}",{},{},1791270900.0,1791270600.0,True,winticket,,,
125320261007,1-4-2,24.3,3,1791358256,https://www.winticket.jp/keirin/nara/racecard/2026100553/3/12,1-2-4,1-4,1-4,1-4,1-4,1-2|1-4|2-4,"{""1-4-2"": 2430}","{""1-2-4"": 750}","{""1-4"": 800}","{""1-4"": 320}","{""1-2"": 550, ""1-4"": 170, ""2-4"": 250}",{},{},1791357600.0,1791357300.0,True,winticket,,,
126220260930,4-5-3,41.9,3,1790752794,https://www.winticket.jp/keirin/hiroshima/racecard/2026092862/3/12,3-4-5,4-5,4-5,4-5,4-5,3-4|3-5|4-5,"{""4-5-3"": 4190}","{""3-4-5"": 430}","{""4-5"": 1640}","{""4-5"": 640}","{""3-4"": 250, ""3-5"": 160, ""4-5"": 210}",{},{},1790752200.0,1790751900.0,True,,,,
127520261004,3-7-1,206.4,3,1791114139,https://www.winticket.jp/keirin/matsuyama/racecard/2026100475/1/12,1-3-7,3-7,3-7,3-6,3-6,1-3|1-7|3-7,"{""3-7-1"": 20640}","{""1-3-7"": 2670}","{""3-7"": 5650}","{""3-7"": 2020}","{""1-3"": 480, ""1-7"": 410, ""3-7"": 380}",{},{},1791113400.0,1791113100.0,True,,,,
127520261005,4-2-1,26.5,3,1791200541,https://www.winticket.jp/keirin/matsuyama/racecard/2026100475/2/12,1-2-4,4-2,2-4,4-2,2-4,1-2|1-4|2-4,"{""4-2-1"": 2650}","{""1-2-4"": 440}","{""4-2"": 1100}","{""2-4"": 660}","{""1-2"": 340, ""1-4"": 150, ""2-4"": 200}",{},{},1791199800.0,1791199500.0,True,,,,
127520261006,3-2-6,314.8,3,1791287266,https://www.winticket.jp/keirin/matsuyama/racecard/2026100475/3/12,2-3-6,3-2,2-3,3-2,2-3,2-3|2-6|3-6,"{""3-2-6"": 31480}","{""2-3-6"": 7590}","{""3-2"": 2170}","{""2-3"": 1390}","{""2-3"": 430, ""2-6"": 2530, ""3-6"": 720}",{},{},1791286200.0,1791285900.0,True,winticket,,,
128420260929,1-7-4,121.1,3,1790666840,https://www.winticket.jp/keirin/takeo/racecard/2026092784/3/12,1-4-7,1-7,1-7,1-6,1-6,1-4|1-7|4-7,"{""1-7-4"": 12110}","{""1-4-7"": 3720}","{""1-7"": 710}","{""1-7"": 590}","{""1-4"": 1120, ""1-7"": 380, ""4-7"": 2070}",{},{},1790666100.0,1790665800.0,True,,,,
