date,venue,race_no,race_id,start_at,close_at,variant,ticket_rank,buy,prob,variant_score,trifecta_portfolio_mode,prediction_created_at_jst
2026-10-06,防府,1,016320261006,1791243000,1791242700,production_top10,1,2-5-4,0.04781282619836546,0.04781282619836546,balanced_2head,2026-10-06T08:18:02+09:00
2026-10-06,防府,1,016320261006,1791243000,1791242700,production_top10,2,2-5-1,0.037746012966877636,0.037746012966877636,balanced_2head,2026-10-06T08:18:02+09:00
2026-10-06,防府,1,016320261006,1791243000,1791242700,production_top10,3,2-5-3,0.03712482622222556,0.03712482622222556,balanced_2head,2026-10-06T08:18:02+09:00
2026-10-06,防府,1,016320261006,1791243000,1791242700,production_top10,4,2-4-5,0.029878490350563728,0.029878490350563728,balanced_2head,2026-10-06T08:18:02+09:00
2026-10-06,防府,1,016320261006,1791243000,1791242700,production_top10,5,5-4-2,0.02870964883052866,0.02870964883052866,balanced_2head,2026-10-06T08:18:02+09:00
2026-10-06,防府,1,016320261006,1791243000,1791242700,production_top10,6,5-2-4,0.027588636976681565,0.027588636976681565,balanced_2head,2026-10-06T08:18:02+09:00
2026-10-06,防府,1,016320261006,1791243000,1791242700,production_top10,7,2-4-1,0.025761882934822337,0.025761882934822337,balanced_2head,2026-10-06T08:18:02+09:00
2026-10-06,防府,1,016320261006,1791243000,1791242700,production_top10,8,2-4-3,0.02533791921154293,0.02533791921154293,balanced_2head,2026-10-06T08:18:02+09:00
2026-10-06,防府,1,016320261006,1791243000,1791242700,production_top10,9,2-5-6,0.0253264328838231,0.0253264328838231,balanced_2head,2026-10-06T08:18:02+09:00
2026-10-06,防府,1,016320261006,1791243000,1791242700,production_top10,10,5-2-1,0.021779951779882494,0.021779951779882494,balanced_2head,2026-10-06T08:18:02+09:00
2026-10-06,防府,2,026320261006,1791244200,1791243900,production_top10,1,1-3-7,0.03259293090525307,0.03259293090525307,balanced_2head,2026-10-06T08:18:02+09:00
2026-10-06,防府,2,026320261006,1791244200,1791243900,production_top10,2,1-5-7,0.027367622778880243,0.027367622778880243,balanced_2head,2026-10-06T08:18:02+09:00
2026-10-06,防府,2,026320261006,1791244200,1791243900,production_top10,3,3-1-7,0.026308590690855838,0.026308590690855838,balanced_2head,2026-10-06T08:18:02+09:00
2026-10-06,防府,2,026320261006,1791244200,1791243900,production_top10,4,3-5-7,0.025750728795903982,0.025750728795903982,balanced_2head,2026-10-06T08:18:02+09:00
2026-10-06,防府,2,026320261006,1791244200,1791243900,production_top10,5,1-7-5,0.025497527135888296,0.025497527135888296,balanced_2head,2026-10-06T08:18:02+09:00
2026-10-06,防府,2,026320261006,1791244200,1791243900,production_top10,6,3-7-5,0.023993146617728743,0.023993146617728743,balanced_2head,2026-10-06T08:18:02+09:00
2026-10-06,防府,2,026320261006,1791244200,1791243900,production_top10,7,1-3-5,0.023113428304893595,0.023113428304893595,balanced_2head,2026-10-06T08:18:02+09:00
2026-10-06,防府,2,026320261006,1791244200,1791243900,production_top10,8,3-1-5,0.018656859258946907,0.018656859258946907,balanced_2head,2026-10-06T08:18:02+09:00
2026-10-06,防府,2,026320261006,1791244200,1791243900,production_top10,9,1-7-4,0.017689381128556857,0.017689381128556857,balanced_2head,2026-10-06T08:18:02+09:00
2026-10-06,防府,2,026320261006,1791244200,1791243900,production_top10,10,3-7-4,0.016645689314590952,0.016645689314590952,balanced_2head,2026-10-06T08:18:02+09:00
2026-10-06,防府,3,036320261006,1791245460,1791245160,production_top10,1,4-3-7,0.19371828791132864,0.19371828791132864,clear_1head,2026-10-06T08:18:02+09:00
2026-10-06,防府,3,036320261006,1791245460,1791245160,production_top10,2,4-3-1,0.08732826802405787,0.08732826802405787,clear_1head,2026-10-06T08:18:02+09:00
2026-10-06,防府,3,036320261006,1791245460,1791245160,production_top10,3,4-3-6,0.06890843672279667,0.06890843672279667,clear_1head,2026-10-06T08:18:02+09:00
2026-10-06,防府,3,036320261006,1791245460,1791245160,production_top10,4,4-3-2,0.05817197001163915,0.05817197001163915,clear_1head,2026-10-06T08:18:02+09:00
2026-10-06,防府,3,036320261006,1791245460,1791245160,production_top10,5,4-1-7,0.04185162397367037,0.04185162397367037,clear_1head,2026-10-06T08:18:02+09:00
2026-10-06,防府,3,036320261006,1791245460,1791245160,production_top10,6,4-6-7,0.04042184460893553,0.04042184460893553,clear_1head,2026-10-06T08:18:02+09:00
2026-10-06,防府,3,036320261006,1791245460,1791245160,production_top10,7,4-1-3,0.027378388106883228,0.027378388106883228,clear_1head,2026-10-06T08:18:02+09:00
2026-10-06,防府,3,036320261006,1791245460,1791245160,production_top10,8,4-6-3,0.02644305870653427,0.02644305870653427,clear_1head,2026-10-06T08:18:02+09:00
2026-10-06,防府,3,036320261006,1791245460,1791245160,production_top10,9,4-6-1,0.018222180869426882,0.018222180869426882,clear_1head,2026-10-06T08:18:02+09:00
2026-10-06,防府,3,036320261006,1791245460,1791245160,production_top10,10,4-1-6,0.0148872365816903,0.0148872365816903,clear_1head,2026-10-06T08:18:02+09:00
2026-10-06,防府,4,046320261006,1791246720,1791246420,production_top10,1,1-7-4,0.03351312705859994,0.03351312705859994,balanced_2head,2026-10-06T08:18:02+09:00
2026-10-06,防府,4,046320261006,1791246720,1791246420,production_top10,2,1-7-2,0.027806736074748654,0.027806736074748654,balanced_2head,2026-10-06T08:18:02+09:00
2026-10-06,防府,4,046320261006,1791246720,1791246420,production_top10,3,1-4-7,0.02685429593481212,0.02685429593481212,balanced_2head,2026-10-06T08:18:02+09:00
2026-10-06,防府,4,046320261006,1791246720,1791246420,production_top10,4,1-6-7,0.02521604718812953,0.02521604718812953,balanced_2head,2026-10-06T08:18:02+09:00
2026-10-06,防府,4,046320261006,1791246720,1791246420,production_top10,5,1-7-6,0.025109220040295633,0.025109220040295633,balanced_2head,2026-10-06T08:18:02+09:00
2026-10-06,防府,4,046320261006,1791246720,1791246420,production_top10,6,1-7-3,0.02489420888644592,0.02489420888644592,balanced_2head,2026-10-06T08:18:02+09:00
2026-10-06,防府,4,046320261006,1791246720,1791246420,production_top10,7,1-6-4,0.024004293197872933,0.024004293197872933,balanced_2head,2026-10-06T08:18:02+09:00
2026-10-06,防府,4,046320261006,1791246720,1791246420,production_top10,8,1-4-2,0.021210980589323317,0.021210980589323317,balanced_2head,2026-10-06T08:18:02+09:00
2026-10-06,防府,4,046320261006,1791246720,1791246420,production_top10,9,1-6-2,0.019917002804513046,0.019917002804513046,balanced_2head,2026-10-06T08:18:02+09:00
2026-10-06,防府,4,046320261006,1791246720,1791246420,production_top10,10,1-4-6,0.01915331513400473,0.01915331513400473,balanced_2head,2026-10-06T08:18:02+09:00
2026-10-06,防府,5,056320261006,1791247980,1791247680,production_top10,1,7-2-3,0.051276134440295794,0.051276134440295794,balanced_2head,2026-10-06T08:18:02+09:00
2026-10-06,防府,5,056320261006,1791247980,1791247680,production_top10,2,7-2-1,0.04582881545078776,0.04582881545078776,balanced_2head,2026-10-06T08:18:02+09:00
2026-10-06,防府,5,056320261006,1791247980,1791247680,production_top10,3,7-2-4,0.04473469768200841,0.04473469768200841,balanced_2head,2026-10-06T08:18:02+09:00
2026-10-06,防府,5,056320261006,1791247980,1791247680,production_top10,4,7-3-1,0.02914927507426978,0.02914927507426978,balanced_2head,2026-10-06T08:18:02+09:00
2026-10-06,防府,5,056320261006,1791247980,1791247680,production_top10,5,7-1-3,0.028707002662777606,0.028707002662777606,balanced_2head,2026-10-06T08:18:02+09:00
2026-10-06,防府,5,056320261006,1791247980,1791247680,production_top10,6,7-3-4,0.028453364881259383,0.028453364881259383,balanced_2head,2026-10-06T08:18:02+09:00
2026-10-06,防府,5,056320261006,1791247980,1791247680,production_top10,7,7-2-5,0.025298280636711974,0.025298280636711974,balanced_2head,2026-10-06T08:18:02+09:00
2026-10-06,防府,5,056320261006,1791247980,1791247680,production_top10,8,7-1-4,0.025044771792835614,0.025044771792835614,balanced_2head,2026-10-06T08:18:02+09:00
2026-10-06,防府,5,056320261006,1791247980,1791247680,production_top10,9,7-3-2,0.024571397887523837,0.024571397887523837,balanced_2head,2026-10-06T08:18:02+09:00
2026-10-06,防府,5,056320261006,1791247980,1791247680,production_top10,10,2-7-3,0.023646618220592226,0.023646618220592226,balanced_2head,2026-10-06T08:18:02+09:00
2026-10-06,防府,6,066320261006,1791249240,1791248940,production_top10,1,1-5-2,0.05707054799366333,0.05707054799366333,clear_1head,2026-10-06T08:18:02+09:00
2026-10-06,防府,6,066320261006,1791249240,1791248940,production_top10,2,1-5-7,0.05304776949529178,0.05304776949529178,clear_1head,2026-10-06T08:18:02+09:00
2026-10-06,防府,6,066320261006,1791249240,1791248940,production_top10,3,1-5-4,0.050140438798820026,0.050140438798820026,clear_1head,2026-10-06T08:18:02+09:00
2026-10-06,防府,6,066320261006,1791249240,1791248940,production_top10,4,1-7-5,0.042025834483278304,0.042025834483278304,clear_1head,2026-10-06T08:18:02+09:00
2026-10-06,防府,6,066320261006,1791249240,1791248940,production_top10,5,1-5-6,0.040187142174556954,0.040187142174556954,clear_1head,2026-10-06T08:18:02+09:00
2026-10-06,防府,6,066320261006,1791249240,1791248940,production_top10,6,1-4-5,0.02976633071750401,0.02976633071750401,clear_1head,2026-10-06T08:18:02+09:00
2026-10-06,防府,6,066320261006,1791249240,1791248940,production_top10,7,1-7-2,0.024820621065592022,0.024820621065592022,clear_1head,2026-10-06T08:18:02+09:00
2026-10-06,防府,6,066320261006,1791249240,1791248940,production_top10,8,1-7-4,0.02180663889237933,0.02180663889237933,clear_1head,2026-10-06T08:18:02+09:00
2026-10-06,防府,6,066320261006,1791249240,1791248940,production_top10,9,1-4-2,0.017580110528114038,0.017580110528114038,clear_1head,2026-10-06T08:18:02+09:00
2026-10-06,防府,6,066320261006,1791249240,1791248940,production_top10,10,1-7-6,0.017477838617118255,0.017477838617118255,clear_1head,2026-10-06T08:18:02+09:00
2026-10-06,防府,7,076320261006,1791250500,1791250200,production_top10,1,2-1-5,0.04321700883573541,0.04321700883573541,balanced_2head,2026-10-06T08:18:02+09:00
2026-10-06,防府,7,076320261006,1791250500,1791250200,production_top10,2,2-1-3,0.03554612209300367,0.03554612209300367,balanced_2head,2026-10-06T08:18:02+09:00
2026-10-06,防府,7,076320261006,1791250500,1791250200,production_top10,3,2-1-7,0.034963985958141694,0.034963985958141694,balanced_2head,2026-10-06T08:18:02+09:00
2026-10-06,防府,7,076320261006,1791250500,1791250200,production_top10,4,2-1-4,0.028475002660491522,0.028475002660491522,balanced_2head,2026-10-06T08:18:02+09:00
2026-10-06,防府,7,076320261006,1791250500,1791250200,production_top10,5,2-1-6,0.023548813144885366,0.023548813144885366,balanced_2head,2026-10-06T08:18:02+09:00
2026-10-06,防府,7,076320261006,1791250500,1791250200,production_top10,6,2-5-1,0.02259290802929037,0.02259290802929037,balanced_2head,2026-10-06T08:18:02+09:00
2026-10-06,防府,7,076320261006,1791250500,1791250200,production_top10,7,2-3-1,0.01966476599544534,0.01966476599544534,balanced_2head,2026-10-06T08:18:02+09:00
2026-10-06,防府,7,076320261006,1791250500,1791250200,production_top10,8,2-3-5,0.01631625537567284,0.01631625537567284,balanced_2head,2026-10-06T08:18:02+09:00
2026-10-06,防府,7,076320261006,1791250500,1791250200,production_top10,9,2-5-3,0.015418473158095396,0.015418473158095396,balanced_2head,2026-10-06T08:18:02+09:00
2026-10-06,防府,7,076320261006,1791250500,1791250200,production_top10,10,2-5-7,0.015165965997223035,0.015165965997223035,balanced_2head,2026-10-06T08:18:02+09:00
2026-10-06,大宮,1,012520261006,1791251100,1791250800,production_top10,1,7-1-4,0.09694440546277741,0.09694440546277741,clear_1head,2026-10-06T08:18:02+09:00
2026-10-06,大宮,1,012520261006,1791251100,1791250800,production_top10,2,7-1-3,0.05038058402098368,0.05038058402098368,clear_1head,2026-10-06T08:18:02+09:00
2026-10-06,大宮,1,012520261006,1791251100,1791250800,production_top10,3,7-3-4,0.04946373226188187,0.04946373226188187,clear_1head,2026-10-06T08:18:02+09:00
2026-10-06,大宮,1,012520261006,1791251100,1791250800,production_top10,4,7-1-2,0.04818999371946263,0.04818999371946263,clear_1head,2026-10-06T08:18:02+09:00
2026-10-06,大宮,1,012520261006,1791251100,1791250800,production_top10,5,7-1-5,0.03866303676125282,0.03866303676125282,clear_1head,2026-10-06T08:18:02+09:00
2026-10-06,大宮,1,012520261006,1791251100,1791250800,production_top10,6,7-5-4,0.03728750235483417,0.03728750235483417,clear_1head,2026-10-06T08:18:02+09:00
2026-10-06,大宮,1,012520261006,1791251100,1791250800,production_top10,7,7-3-2,0.02458787524316184,0.02458787524316184,clear_1head,2026-10-06T08:18:02+09:00
2026-10-06,大宮,1,012520261006,1791251100,1791250800,production_top10,8,7-3-5,0.01972695680231073,0.01972695680231073,clear_1head,2026-10-06T08:18:02+09:00
2026-10-06,大宮,1,012520261006,1791251100,1791250800,production_top10,9,7-5-3,0.019377767457057025,0.019377767457057025,clear_1head,2026-10-06T08:18:02+09:00
2026-10-06,大宮,1,012520261006,1791251100,1791250800,production_top10,10,7-3-1,0.01896646142608227,0.01896646142608227,clear_1head,2026-10-06T08:18:02+09:00
2026-10-06,奈良,1,015320261006,1791251820,1791251520,production_top10,1,5-3-4,0.048484743675132703,0.048484743675132703,balanced_2head,2026-10-06T08:18:02+09:00
2026-10-06,奈良,1,015320261006,1791251820,1791251520,production_top10,2,5-4-3,0.042293098938864154,0.042293098938864154,balanced_2head,2026-10-06T08:18:02+09:00
2026-10-06,奈良,1,015320261006,1791251820,1791251520,production_top10,3,5-3-2,0.04013610279462687,0.04013610279462687,balanced_2head,2026-10-06T08:18:02+09:00
2026-10-06,奈良,1,015320261006,1791251820,1791251520,production_top10,4,5-3-7,0.03625910583504348,0.03625910583504348,balanced_2head,2026-10-06T08:18:02+09:00
2026-10-06,奈良,1,015320261006,1791251820,1791251520,production_top10,5,5-2-3,0.03169847034838752,0.03169847034838752,balanced_2head,2026-10-06T08:18:02+09:00
2026-10-06,奈良,1,015320261006,1791251820,1791251520,production_top10,6,5-4-2,0.030817716304740776,0.030817716304740776,balanced_2head,2026-10-06T08:18:02+09:00
2026-10-06,奈良,1,015320261006,1791251820,1791251520,production_top10,7,5-3-1,0.028840499938972215,0.028840499938972215,balanced_2head,2026-10-06T08:18:02+09:00
2026-10-06,奈良,1,015320261006,1791251820,1791251520,production_top10,8,5-2-4,0.027902245366359504,0.027902245366359504,balanced_2head,2026-10-06T08:18:02+09:00
2026-10-06,奈良,1,015320261006,1791251820,1791251520,production_top10,9,5-4-7,0.027840840522202696,0.027840840522202696,balanced_2head,2026-10-06T08:18:02+09:00
2026-10-06,奈良,1,015320261006,1791251820,1791251520,production_top10,10,5-4-1,0.022144610047319418,0.022144610047319418,balanced_2head,2026-10-06T08:18:02+09:00
2026-10-06,大宮,2,022520261006,1791252600,1791252300,production_top10,1,1-5-7,0.048699966518405975,0.048699966518405975,clear_1head,2026-10-06T08:18:02+09:00
2026-10-06,大宮,2,022520261006,1791252600,1791252300,production_top10,2,1-4-5,0.04761644608083552,0.04761644608083552,clear_1head,2026-10-06T08:18:02+09:00
2026-10-06,大宮,2,022520261006,1791252600,1791252300,production_top10,3,1-5-4,0.043404520461312365,0.043404520461312365,clear_1head,2026-10-06T08:18:02+09:00
2026-10-06,大宮,2,022520261006,1791252600,1791252300,production_top10,4,1-3-5,0.04331507089784151,0.04331507089784151,clear_1head,2026-10-06T08:18:02+09:00
2026-10-06,大宮,2,022520261006,1791252600,1791252300,production_top10,5,1-5-3,0.04076745619808541,0.04076745619808541,clear_1head,2026-10-06T08:18:02+09:00
2026-10-06,大宮,2,022520261006,1791252600,1791252300,production_top10,6,1-4-7,0.03217538876332121,0.03217538876332121,clear_1head,2026-10-06T08:18:02+09:00
2026-10-06,大宮,2,022520261006,1791252600,1791252300,production_top10,7,1-3-7,0.02926886317981202,0.02926886317981202,clear_1head,2026-10-06T08:18:02+09:00
2026-10-06,大宮,2,022520261006,1791252600,1791252300,production_top10,8,1-5-2,0.028042016771580292,0.028042016771580292,clear_1head,2026-10-06T08:18:02+09:00
2026-10-06,大宮,2,022520261006,1791252600,1791252300,production_top10,9,1-4-3,0.026934489812622597,0.026934489812622597,clear_1head,2026-10-06T08:18:02+09:00
2026-10-06,大宮,2,022520261006,1791252600,1791252300,production_top10,10,1-3-4,0.026086280167920847,0.026086280167920847,clear_1head,2026-10-06T08:18:02+09:00
2026-10-06,奈良,2,025320261006,1791253380,1791253080,production_top10,1,1-7-4,0.08345119039553446,0.08345119039553446,clear_1head,2026-10-06T08:18:02+09:00
2026-10-06,奈良,2,025320261006,1791253380,1791253080,production_top10,2,1-7-5,0.06945265160353394,0.06945265160353394,clear_1head,2026-10-06T08:18:02+09:00
2026-10-06,奈良,2,025320261006,1791253380,1791253080,production_top10,3,1-7-2,0.06683386433525228,0.06683386433525228,clear_1head,2026-10-06T08:18:02+09:00
2026-10-06,奈良,2,025320261006,1791253380,1791253080,production_top10,4,1-7-3,0.04906675451813045,0.04906675451813045,clear_1head,2026-10-06T08:18:02+09:00
2026-10-06,奈良,2,025320261006,1791253380,1791253080,production_top10,5,1-4-7,0.04146371305939911,0.04146371305939911,clear_1head,2026-10-06T08:18:02+09:00
2026-10-06,奈良,2,025320261006,1791253380,1791253080,production_top10,6,1-2-7,0.035969215199084165,0.035969215199084165,clear_1head,2026-10-06T08:18:02+09:00
2026-10-06,奈良,2,025320261006,1791253380,1791253080,production_top10,7,1-2-4,0.0350402153984433,0.0350402153984433,clear_1head,2026-10-06T08:18:02+09:00
2026-10-06,奈良,2,025320261006,1791253380,1791253080,production_top10,8,1-4-5,0.033617103438281025,0.033617103438281025,clear_1head,2026-10-06T08:18:02+09:00
2026-10-06,奈良,2,025320261006,1791253380,1791253080,production_top10,9,1-4-2,0.032349534231806004,0.032349534231806004,clear_1head,2026-10-06T08:18:02+09:00
2026-10-06,奈良,2,025320261006,1791253380,1791253080,production_top10,10,1-2-5,0.029162386547706965,0.029162386547706965,clear_1head,2026-10-06T08:18:02+09:00
2026-10-06,大宮,3,032520261006,1791254220,1791253920,production_top10,1,3-7-4,0.05241424171037473,0.05241424171037473,balanced_2head,2026-10-06T08:18:02+09:00
2026-10-06,大宮,3,032520261006,1791254220,1791253920,production_top10,2,3-2-7,0.03663287352690436,0.03663287352690436,balanced_2head,2026-10-06T08:18:02+09:00
2026-10-06,大宮,3,032520261006,1791254220,1791253920,production_top10,3,3-7-2,0.03567518664244728,0.03567518664244728,balanced_2head,2026-10-06T08:18:02+09:00
2026-10-06,大宮,3,032520261006,1791254220,1791253920,production_top10,4,3-5-7,0.030128697242693677,0.030128697242693677,balanced_2head,2026-10-06T08:18:02+09:00
2026-10-06,大宮,3,032520261006,1791254220,1791253920,production_top10,5,3-2-4,0.02714440341382621,0.02714440341382621,balanced_2head,2026-10-06T08:18:02+09:00
2026-10-06,大宮,3,032520261006,1791254220,1791253920,production_top10,6,5-3-7,0.026979380534390304,0.026979380534390304,balanced_2head,2026-10-06T08:18:02+09:00
2026-10-06,大宮,3,032520261006,1791254220,1791253920,production_top10,7,3-7-5,0.02528237492088366,0.02528237492088366,balanced_2head,2026-10-06T08:18:02+09:00
2026-10-06,大宮,3,032520261006,1791254220,1791253920,production_top10,8,5-7-3,0.024972819387693624,0.024972819387693624,balanced_2head,2026-10-06T08:18:02+09:00
2026-10-06,大宮,3,032520261006,1791254220,1791253920,production_top10,9,5-7-4,0.023082757997870094,0.023082757997870094,balanced_2head,2026-10-06T08:18:02+09:00
2026-10-06,大宮,3,032520261006,1791254220,1791253920,production_top10,10,3-7-1,0.02245658593225216,0.02245658593225216,balanced_2head,2026-10-06T08:18:02+09:00
2026-10-06,奈良,3,035320261006,1791255060,1791254760,production_top10,1,5-7-3,0.020523299738916582,0.020523299738916582,balanced_2head,2026-10-06T08:18:02+09:00
2026-10-06,奈良,3,035320261006,1791255060,1791254760,production_top10,2,5-7-4,0.01990354303084276,0.01990354303084276,balanced_2head,2026-10-06T08:18:02+09:00
2026-10-06,奈良,3,035320261006,1791255060,1791254760,production_top10,3,7-4-3,0.018369944530890393,0.018369944530890393,balanced_2head,2026-10-06T08:18:02+09:00
2026-10-06,奈良,3,035320261006,1791255060,1791254760,production_top10,4,5-7-1,0.01662790441907029,0.01662790441907029,balanced_2head,2026-10-06T08:18:02+09:00
2026-10-06,奈良,3,035320261006,1791255060,1791254760,production_top10,5,7-3-4,0.016455853853249765,0.016455853853249765,balanced_2head,2026-10-06T08:18:02+09:00
2026-10-06,奈良,3,035320261006,1791255060,1791254760,production_top10,6,7-4-1,0.014883263691952163,0.014883263691952163,balanced_2head,2026-10-06T08:18:02+09:00
2026-10-06,奈良,3,035320261006,1791255060,1791254760,production_top10,7,7-4-5,0.014640975915459518,0.014640975915459518,balanced_2head,2026-10-06T08:18:02+09:00
2026-10-06,奈良,3,035320261006,1791255060,1791254760,production_top10,8,7-5-3,0.014585212862944319,0.014585212862944319,balanced_2head,2026-10-06T08:18:02+09:00
2026-10-06,奈良,3,035320261006,1791255060,1791254760,production_top10,9,7-5-4,0.01414477279602107,0.01414477279602107,balanced_2head,2026-10-06T08:18:02+09:00
2026-10-06,奈良,3,035320261006,1791255060,1791254760,production_top10,10,7-3-1,0.013747620942764415,0.013747620942764415,balanced_2head,2026-10-06T08:18:02+09:00
2026-10-06,大宮,4,042520261006,1791255900,1791255600,production_top10,1,7-3-5,0.11194527502728364,0.11194527502728364,clear_1head,2026-10-06T08:18:02+09:00
2026-10-06,大宮,4,042520261006,1791255900,1791255600,production_top10,2,7-3-1,0.055987345019752666,0.055987345019752666,clear_1head,2026-10-06T08:18:02+09:00
2026-10-06,大宮,4,042520261006,1791255900,1791255600,production_top10,3,7-3-4,0.05263028305834714,0.05263028305834714,clear_1head,2026-10-06T08:18:02+09:00
2026-10-06,大宮,4,042520261006,1791255900,1791255600,production_top10,4,7-3-6,0.05041360896403482,0.05041360896403482,clear_1head,2026-10-06T08:18:02+09:00
2026-10-06,大宮,4,042520261006,1791255900,1791255600,production_top10,5,7-2-5,0.03867988115209946,0.03867988115209946,clear_1head,2026-10-06T08:18:02+09:00
2026-10-06,大宮,4,042520261006,1791255900,1791255600,production_top10,6,7-5-1,0.036210706160905756,0.036210706160905756,clear_1head,2026-10-06T08:18:02+09:00
2026-10-06,大宮,4,042520261006,1791255900,1791255600,production_top10,7,7-5-3,0.03416314499076012,0.03416314499076012,clear_1head,2026-10-06T08:18:02+09:00
2026-10-06,大宮,4,042520261006,1791255900,1791255600,production_top10,8,7-5-4,0.03403947292586806,0.03403947292586806,clear_1head,2026-10-06T08:18:02+09:00
2026-10-06,大宮,4,042520261006,1791255900,1791255600,production_top10,9,7-5-6,0.032605803687662235,0.032605803687662235,clear_1head,2026-10-06T08:18:02+09:00
2026-10-06,大宮,4,042520261006,1791255900,1791255600,production_top10,10,7-2-1,0.01934502238578464,0.01934502238578464,clear_1head,2026-10-06T08:18:02+09:00
2026-10-06,奈良,4,045320261006,1791256740,1791256440,production_top10,1,7-4-3,0.02169148950673804,0.02169148950673804,balanced_2head,2026-10-06T08:18:02+09:00
2026-10-06,奈良,4,045320261006,1791256740,1791256440,production_top10,2,7-4-1,0.01975507633784996,0.01975507633784996,balanced_2head,2026-10-06T08:18:02+09:00
2026-10-06,奈良,4,045320261006,1791256740,1791256440,production_top10,3,7-4-5,0.018861093731968263,0.018861093731968263,balanced_2head,2026-10-06T08:18:02+09:00
2026-10-06,奈良,4,045320261006,1791256740,1791256440,production_top10,4,7-4-2,0.018418128499077018,0.018418128499077018,balanced_2head,2026-10-06T08:18:02+09:00
2026-10-06,奈良,4,045320261006,1791256740,1791256440,production_top10,5,7-5-3,0.018025685630142736,0.018025685630142736,balanced_2head,2026-10-06T08:18:02+09:00
2026-10-06,奈良,4,045320261006,1791256740,1791256440,production_top10,6,7-3-1,0.0169811944249662,0.0169811944249662,balanced_2head,2026-10-06T08:18:02+09:00
2026-10-06,奈良,4,045320261006,1791256740,1791256440,production_top10,7,7-1-3,0.01669326249501317,0.01669326249501317,balanced_2head,2026-10-06T08:18:02+09:00
2026-10-06,奈良,4,045320261006,1791256740,1791256440,production_top10,8,7-5-1,0.016416521122486292,0.016416521122486292,balanced_2head,2026-10-06T08:18:02+09:00
2026-10-06,奈良,4,045320261006,1791256740,1791256440,production_top10,9,7-3-5,0.01621273915891749,0.01621273915891749,balanced_2head,2026-10-06T08:18:02+09:00
2026-10-06,奈良,4,045320261006,1791256740,1791256440,production_top10,10,7-3-2,0.015831972280846023,0.015831972280846023,balanced_2head,2026-10-06T08:18:02+09:00
2026-10-06,大宮,5,052520261006,1791257580,1791257280,production_top10,1,5-7-2,0.05286090631628233,0.05286090631628233,clear_1head,2026-10-06T08:18:02+09:00
2026-10-06,大宮,5,052520261006,1791257580,1791257280,production_top10,2,5-2-7,0.0456094666721695,0.0456094666721695,clear_1head,2026-10-06T08:18:02+09:00
2026-10-06,大宮,5,052520261006,1791257580,1791257280,production_top10,3,5-2-3,0.042920597061228985,0.042920597061228985,clear_1head,2026-10-06T08:18:02+09:00
2026-10-06,大宮,5,052520261006,1791257580,1791257280,production_top10,4,5-2-4,0.04168548235311796,0.04168548235311796,clear_1head,2026-10-06T08:18:02+09:00
2026-10-06,大宮,5,052520261006,1791257580,1791257280,production_top10,5,5-7-3,0.04117491603251483,0.04117491603251483,clear_1head,2026-10-06T08:18:02+09:00
2026-10-06,大宮,5,052520261006,1791257580,1791257280,production_top10,6,5-7-4,0.0399900363272198,0.0399900363272198,clear_1head,2026-10-06T08:18:02+09:00
2026-10-06,大宮,5,052520261006,1791257580,1791257280,production_top10,7,5-4-2,0.033875364916802334,0.033875364916802334,clear_1head,2026-10-06T08:18:02+09:00
2026-10-06,大宮,5,052520261006,1791257580,1791257280,production_top10,8,5-2-1,0.03346437979288549,0.03346437979288549,clear_1head,2026-10-06T08:18:02+09:00
2026-10-06,大宮,5,052520261006,1791257580,1791257280,production_top10,9,5-7-1,0.03210330522864333,0.03210330522864333,clear_1head,2026-10-06T08:18:02+09:00
2026-10-06,大宮,5,052520261006,1791257580,1791257280,production_top10,10,5-4-7,0.028039569317914074,0.028039569317914074,clear_1head,2026-10-06T08:18:02+09:00
2026-10-06,奈良,5,055320261006,1791258420,1791258120,production_top10,1,4-1-2,0.036343742841188,0.036343742841188,balanced_2head,2026-10-06T08:18:02+09:00
2026-10-06,奈良,5,055320261006,1791258420,1791258120,production_top10,2,4-1-3,0.03272269715348361,0.03272269715348361,balanced_2head,2026-10-06T08:18:02+09:00
2026-10-06,奈良,5,055320261006,1791258420,1791258120,production_top10,3,4-3-1,0.02804144060013559,0.02804144060013559,balanced_2head,2026-10-06T08:18:02+09:00
2026-10-06,奈良,5,055320261006,1791258420,1791258120,production_top10,4,4-1-7,0.027773823731402667,0.027773823731402667,balanced_2head,2026-10-06T08:18:02+09:00
2026-10-06,奈良,5,055320261006,1791258420,1791258120,production_top10,5,4-3-2,0.027292393147440728,0.027292393147440728,balanced_2head,2026-10-06T08:18:02+09:00
2026-10-06,奈良,5,055320261006,1791258420,1791258120,production_top10,6,3-1-2,0.024525753578347798,0.024525753578347798,balanced_2head,2026-10-06T08:18:02+09:00
2026-10-06,奈良,5,055320261006,1791258420,1791258120,production_top10,7,4-1-6,0.023724408734358222,0.023724408734358222,balanced_2head,2026-10-06T08:18:02+09:00
2026-10-06,奈良,5,055320261006,1791258420,1791258120,production_top10,8,4-3-7,0.02085679837097326,0.02085679837097326,balanced_2head,2026-10-06T08:18:02+09:00
2026-10-06,奈良,5,055320261006,1791258420,1791258120,production_top10,9,3-1-7,0.018742537325926772,0.018742537325926772,balanced_2head,2026-10-06T08:18:02+09:00
2026-10-06,奈良,5,055320261006,1791258420,1791258120,production_top10,10,4-3-6,0.017815883553822662,0.017815883553822662,balanced_2head,2026-10-06T08:18:02+09:00
2026-10-06,大宮,6,062520261006,1791259260,1791258960,production_top10,1,1-2-4,0.08013676405784505,0.08013676405784505,clear_1head,2026-10-06T08:18:02+09:00
2026-10-06,大宮,6,062520261006,1791259260,1791258960,production_top10,2,1-2-7,0.07030366998046615,0.07030366998046615,clear_1head,2026-10-06T08:18:02+09:00
2026-10-06,大宮,6,062520261006,1791259260,1791258960,production_top10,3,1-2-3,0.06326464806029387,0.06326464806029387,clear_1head,2026-10-06T08:18:02+09:00
2026-10-06,大宮,6,062520261006,1791259260,1791258960,production_top10,4,1-4-2,0.05638384917868608,0.05638384917868608,clear_1head,2026-10-06T08:18:02+09:00
2026-10-06,大宮,6,062520261006,1791259260,1791258960,production_top10,5,1-2-5,0.049802650535729825,0.049802650535729825,clear_1head,2026-10-06T08:18:02+09:00
2026-10-06,大宮,6,062520261006,1791259260,1791258960,production_top10,6,1-4-7,0.04342070066176962,0.04342070066176962,clear_1head,2026-10-06T08:18:02+09:00
2026-10-06,大宮,6,062520261006,1791259260,1791258960,production_top10,7,1-7-2,0.039505160588113916,0.039505160588113916,clear_1head,2026-10-06T08:18:02+09:00
2026-10-06,大宮,6,062520261006,1791259260,1791258960,production_top10,8,1-4-3,0.0390732851736115,0.0390732851736115,clear_1head,2026-10-06T08:18:02+09:00
2026-10-06,大宮,6,062520261006,1791259260,1791258960,production_top10,9,1-7-4,0.03467765670914764,0.03467765670914764,clear_1head,2026-10-06T08:18:02+09:00
2026-10-06,大宮,6,062520261006,1791259260,1791258960,production_top10,10,1-4-5,0.03075893451473423,0.03075893451473423,clear_1head,2026-10-06T08:18:02+09:00
2026-10-06,奈良,6,065320261006,1791260100,1791259800,production_top10,1,3-4-5,0.07022648315382345,0.07022648315382345,balanced_2head,2026-10-06T08:18:02+09:00
2026-10-06,奈良,6,065320261006,1791260100,1791259800,production_top10,2,3-5-1,0.06213822525176435,0.06213822525176435,balanced_2head,2026-10-06T08:18:02+09:00
2026-10-06,奈良,6,065320261006,1791260100,1791259800,production_top10,3,3-2-5,0.053872412141204876,0.053872412141204876,balanced_2head,2026-10-06T08:18:02+09:00
2026-10-06,奈良,6,065320261006,1791260100,1791259800,production_top10,4,3-4-1,0.04103722934622138,0.04103722934622138,balanced_2head,2026-10-06T08:18:02+09:00
2026-10-06,奈良,6,065320261006,1791260100,1791259800,production_top10,5,3-2-1,0.0314806385452953,0.0314806385452953,balanced_2head,2026-10-06T08:18:02+09:00
2026-10-06,奈良,6,065320261006,1791260100,1791259800,production_top10,6,5-3-1,0.028507217820866702,0.028507217820866702,balanced_2head,2026-10-06T08:18:02+09:00
2026-10-06,奈良,6,065320261006,1791260100,1791259800,production_top10,7,3-5-7,0.028493310417189353,0.028493310417189353,balanced_2head,2026-10-06T08:18:02+09:00
2026-10-06,奈良,6,065320261006,1791260100,1791259800,production_top10,8,3-5-4,0.02830082718669476,0.02830082718669476,balanced_2head,2026-10-06T08:18:02+09:00
2026-10-06,奈良,6,065320261006,1791260100,1791259800,production_top10,9,5-4-1,0.02806514320045752,0.02806514320045752,balanced_2head,2026-10-06T08:18:02+09:00
2026-10-06,奈良,6,065320261006,1791260100,1791259800,production_top10,10,3-5-2,0.02769823621555346,0.02769823621555346,balanced_2head,2026-10-06T08:18:02+09:00
2026-10-06,大宮,7,072520261006,1791260940,1791260640,production_top10,1,7-3-1,0.08090441324678152,0.08090441324678152,clear_1head,2026-10-06T08:18:02+09:00
2026-10-06,大宮,7,072520261006,1791260940,1791260640,production_top10,2,7-3-2,0.0724983658138955,0.0724983658138955,clear_1head,2026-10-06T08:18:02+09:00
2026-10-06,大宮,7,072520261006,1791260940,1791260640,production_top10,3,7-3-5,0.06573116050349724,0.06573116050349724,clear_1head,2026-10-06T08:18:02+09:00
2026-10-06,大宮,7,072520261006,1791260940,1791260640,production_top10,4,7-3-4,0.0649530338990644,0.0649530338990644,clear_1head,2026-10-06T08:18:02+09:00
2026-10-06,大宮,7,072520261006,1791260940,1791260640,production_top10,5,7-1-3,0.048949572361201836,0.048949572361201836,clear_1head,2026-10-06T08:18:02+09:00
2026-10-06,大宮,7,072520261006,1791260940,1791260640,production_top10,6,7-1-2,0.04734922357486766,0.04734922357486766,clear_1head,2026-10-06T08:18:02+09:00
2026-10-06,大宮,7,072520261006,1791260940,1791260640,production_top10,7,7-1-5,0.04292951130105438,0.04292951130105438,clear_1head,2026-10-06T08:18:02+09:00
2026-10-06,大宮,7,072520261006,1791260940,1791260640,production_top10,8,7-1-4,0.0424213110106172,0.0424213110106172,clear_1head,2026-10-06T08:18:02+09:00
2026-10-06,大宮,7,072520261006,1791260940,1791260640,production_top10,9,7-2-1,0.04121486958478704,0.04121486958478704,clear_1head,2026-10-06T08:18:02+09:00
2026-10-06,大宮,7,072520261006,1791260940,1791260640,production_top10,10,7-2-3,0.03818088359585926,0.03818088359585926,clear_1head,2026-10-06T08:18:02+09:00
2026-10-06,奈良,7,075320261006,1791261780,1791261480,production_top10,1,1-7-4,0.03362734743484482,0.03362734743484482,balanced_2head,2026-10-06T08:18:02+09:00
2026-10-06,奈良,7,075320261006,1791261780,1791261480,production_top10,2,1-7-3,0.03205107665004918,0.03205107665004918,balanced_2head,2026-10-06T08:18:02+09:00
2026-10-06,奈良,7,075320261006,1791261780,1791261480,production_top10,3,1-3-4,0.027045732497976614,0.027045732497976614,balanced_2head,2026-10-06T08:18:02+09:00
2026-10-06,奈良,7,075320261006,1791261780,1791261480,production_top10,4,1-5-4,0.022878415506943677,0.022878415506943677,balanced_2head,2026-10-06T08:18:02+09:00
2026-10-06,奈良,7,075320261006,1791261780,1791261480,production_top10,5,1-7-5,0.022232931066162306,0.022232931066162306,balanced_2head,2026-10-06T08:18:02+09:00
2026-10-06,奈良,7,075320261006,1791261780,1791261480,production_top10,6,1-7-6,0.022068945852625022,0.022068945852625022,balanced_2head,2026-10-06T08:18:02+09:00
2026-10-06,奈良,7,075320261006,1791261780,1791261480,production_top10,7,1-5-3,0.021805997349790943,0.021805997349790943,balanced_2head,2026-10-06T08:18:02+09:00
2026-10-06,奈良,7,075320261006,1791261780,1791261480,production_top10,8,7-1-4,0.02149553191297988,0.02149553191297988,balanced_2head,2026-10-06T08:18:02+09:00
2026-10-06,奈良,7,075320261006,1791261780,1791261480,production_top10,9,7-1-3,0.02048793596674229,0.02048793596674229,balanced_2head,2026-10-06T08:18:02+09:00
2026-10-06,奈良,7,075320261006,1791261780,1791261480,production_top10,10,1-7-2,0.019255888287332996,0.019255888287332996,balanced_2head,2026-10-06T08:18:02+09:00
2026-10-06,大宮,8,082520261006,1791262620,1791262320,production_top10,1,4-3-1,0.0667674219311652,0.0667674219311652,balanced_2head,2026-10-06T08:18:02+09:00
2026-10-06,大宮,8,082520261006,1791262620,1791262320,production_top10,2,4-6-1,0.04725058280171912,0.04725058280171912,balanced_2head,2026-10-06T08:18:02+09:00
2026-10-06,大宮,8,082520261006,1791262620,1791262320,production_top10,3,4-3-6,0.04248339220829024,0.04248339220829024,balanced_2head,2026-10-06T08:18:02+09:00
2026-10-06,大宮,8,082520261006,1791262620,1791262320,production_top10,4,4-1-3,0.035474040014462464,0.035474040014462464,balanced_2head,2026-10-06T08:18:02+09:00
2026-10-06,大宮,8,082520261006,1791262620,1791262320,production_top10,5,4-1-6,0.03459977960245998,0.03459977960245998,balanced_2head,2026-10-06T08:18:02+09:00
2026-10-06,大宮,8,082520261006,1791262620,1791262320,production_top10,6,4-7-1,0.03248431064023939,0.03248431064023939,balanced_2head,2026-10-06T08:18:02+09:00
2026-10-06,大宮,8,082520261006,1791262620,1791262320,production_top10,7,4-6-3,0.030824714897694304,0.030824714897694304,balanced_2head,2026-10-06T08:18:02+09:00
2026-10-06,大宮,8,082520261006,1791262620,1791262320,production_top10,8,4-3-7,0.027178646500476127,0.027178646500476127,balanced_2head,2026-10-06T08:18:02+09:00
2026-10-06,大宮,8,082520261006,1791262620,1791262320,production_top10,9,3-6-1,0.02636254932812024,0.02636254932812024,balanced_2head,2026-10-06T08:18:02+09:00
2026-10-06,大宮,8,082520261006,1791262620,1791262320,production_top10,10,4-3-2,0.02589110757774557,0.02589110757774557,balanced_2head,2026-10-06T08:18:02+09:00
2026-10-06,奈良,8,085320261006,1791263460,1791263160,production_top10,1,4-1-3,0.04453054219502403,0.04453054219502403,near_tie_3head,2026-10-06T08:18:02+09:00
2026-10-06,奈良,8,085320261006,1791263460,1791263160,production_top10,2,1-4-3,0.03729899569006549,0.03729899569006549,near_tie_3head,2026-10-06T08:18:02+09:00
2026-10-06,奈良,8,085320261006,1791263460,1791263160,production_top10,3,4-1-7,0.036637951458450266,0.036637951458450266,near_tie_3head,2026-10-06T08:18:02+09:00
2026-10-06,奈良,8,085320261006,1791263460,1791263160,production_top10,4,1-3-4,0.0321965313328284,0.0321965313328284,near_tie_3head,2026-10-06T08:18:02+09:00
2026-10-06,奈良,8,085320261006,1791263460,1791263160,production_top10,5,1-4-7,0.030688123839962323,0.030688123839962323,near_tie_3head,2026-10-06T08:18:02+09:00
2026-10-06,奈良,8,085320261006,1791263460,1791263160,production_top10,6,4-1-5,0.028966776180795056,0.028966776180795056,near_tie_3head,2026-10-06T08:18:02+09:00
2026-10-06,奈良,8,085320261006,1791263460,1791263160,production_top10,7,4-1-6,0.028037134117085884,0.028037134117085884,near_tie_3head,2026-10-06T08:18:02+09:00
2026-10-06,奈良,8,085320261006,1791263460,1791263160,production_top10,8,4-3-1,0.027741677593363052,0.027741677593363052,near_tie_3head,2026-10-06T08:18:02+09:00
2026-10-06,奈良,8,085320261006,1791263460,1791263160,production_top10,9,1-4-5,0.024262710640053625,0.024262710640053625,near_tie_3head,2026-10-06T08:18:02+09:00
2026-10-06,奈良,8,085320261006,1791263460,1791263160,production_top10,10,1-4-6,0.023484037989365204,0.023484037989365204,near_tie_3head,2026-10-06T08:18:02+09:00
2026-10-06,大宮,9,092520261006,1791264300,1791264000,production_top10,1,5-4-2,0.06089529617818755,0.06089529617818755,balanced_2head,2026-10-06T08:18:02+09:00
2026-10-06,大宮,9,092520261006,1791264300,1791264000,production_top10,2,3-4-2,0.04397843425676469,0.04397843425676469,balanced_2head,2026-10-06T08:18:02+09:00
2026-10-06,大宮,9,092520261006,1791264300,1791264000,production_top10,3,5-3-2,0.04330553905031639,0.04330553905031639,balanced_2head,2026-10-06T08:18:02+09:00
2026-10-06,大宮,9,092520261006,1791264300,1791264000,production_top10,4,5-4-3,0.03699844270340894,0.03699844270340894,balanced_2head,2026-10-06T08:18:02+09:00
2026-10-06,大宮,9,092520261006,1791264300,1791264000,production_top10,5,5-2-4,0.03078060200981462,0.03078060200981462,balanced_2head,2026-10-06T08:18:02+09:00
2026-10-06,大宮,9,092520261006,1791264300,1791264000,production_top10,6,5-4-7,0.030538297144960234,0.030538297144960234,balanced_2head,2026-10-06T08:18:02+09:00
2026-10-06,大宮,9,092520261006,1791264300,1791264000,production_top10,7,5-3-4,0.02981777211770324,0.02981777211770324,balanced_2head,2026-10-06T08:18:02+09:00
2026-10-06,大宮,9,092520261006,1791264300,1791264000,production_top10,8,5-2-3,0.027160956790736466,0.027160956790736466,balanced_2head,2026-10-06T08:18:02+09:00
2026-10-06,大宮,9,092520261006,1791264300,1791264000,production_top10,9,3-5-2,0.026983347930628312,0.026983347930628312,balanced_2head,2026-10-06T08:18:02+09:00
2026-10-06,大宮,9,092520261006,1791264300,1791264000,production_top10,10,5-4-1,0.024856229063607172,0.024856229063607172,balanced_2head,2026-10-06T08:18:02+09:00
2026-10-06,奈良,9,095320261006,1791265140,1791264840,production_top10,1,5-7-1,0.03809744238199244,0.03809744238199244,balanced_2head,2026-10-06T08:18:02+09:00
2026-10-06,奈良,9,095320261006,1791265140,1791264840,production_top10,2,7-5-1,0.033615267768743094,0.033615267768743094,balanced_2head,2026-10-06T08:18:02+09:00
2026-10-06,奈良,9,095320261006,1791265140,1791264840,production_top10,3,5-1-7,0.025463131157135773,0.025463131157135773,balanced_2head,2026-10-06T08:18:02+09:00
2026-10-06,奈良,9,095320261006,1791265140,1791264840,production_top10,4,5-7-4,0.023647827309531425,0.023647827309531425,balanced_2head,2026-10-06T08:18:02+09:00
2026-10-06,奈良,9,095320261006,1791265140,1791264840,production_top10,5,5-1-4,0.022513240189008,0.022513240189008,balanced_2head,2026-10-06T08:18:02+09:00
2026-10-06,奈良,9,095320261006,1791265140,1791264840,production_top10,6,7-5-4,0.020865653898452616,0.020865653898452616,balanced_2head,2026-10-06T08:18:02+09:00
2026-10-06,奈良,9,095320261006,1791265140,1791264840,production_top10,7,7-1-5,0.020826419515937385,0.020826419515937385,balanced_2head,2026-10-06T08:18:02+09:00
2026-10-06,奈良,9,095320261006,1791265140,1791264840,production_top10,8,5-7-3,0.020724301046905032,0.020724301046905032,balanced_2head,2026-10-06T08:18:02+09:00
2026-10-06,奈良,9,095320261006,1791265140,1791264840,production_top10,9,5-1-3,0.01972998031113954,0.01972998031113954,balanced_2head,2026-10-06T08:18:02+09:00
2026-10-06,奈良,9,095320261006,1791265140,1791264840,production_top10,10,7-5-3,0.018286081307679676,0.018286081307679676,balanced_2head,2026-10-06T08:18:02+09:00
2026-10-06,大宮,10,102520261006,1791265980,1791265680,production_top10,1,1-5-4,0.12855267284211233,0.12855267284211233,clear_1head,2026-10-06T08:18:02+09:00
2026-10-06,大宮,10,102520261006,1791265980,1791265680,production_top10,2,1-5-7,0.07753966634300896,0.07753966634300896,clear_1head,2026-10-06T08:18:02+09:00
2026-10-06,大宮,10,102520261006,1791265980,1791265680,production_top10,3,1-7-4,0.05270883437181851,0.05270883437181851,clear_1head,2026-10-06T08:18:02+09:00
2026-10-06,大宮,10,102520261006,1791265980,1791265680,production_top10,4,1-5-6,0.047731670369837095,0.047731670369837095,clear_1head,2026-10-06T08:18:02+09:00
2026-10-06,大宮,10,102520261006,1791265980,1791265680,production_top10,5,1-5-2,0.04724401145750618,0.04724401145750618,clear_1head,2026-10-06T08:18:02+09:00
2026-10-06,大宮,10,102520261006,1791265980,1791265680,production_top10,6,1-7-5,0.03278307128713385,0.03278307128713385,clear_1head,2026-10-06T08:18:02+09:00
2026-10-06,大宮,10,102520261006,1791265980,1791265680,production_top10,7,1-4-5,0.025798076732749118,0.025798076732749118,clear_1head,2026-10-06T08:18:02+09:00
2026-10-06,大宮,10,102520261006,1791265980,1791265680,production_top10,8,1-4-7,0.025018652862258538,0.025018652862258538,clear_1head,2026-10-06T08:18:02+09:00
2026-10-06,大宮,10,102520261006,1791265980,1791265680,production_top10,9,1-7-6,0.019570816010212187,0.019570816010212187,clear_1head,2026-10-06T08:18:02+09:00
2026-10-06,大宮,10,102520261006,1791265980,1791265680,production_top10,10,1-7-2,0.01937086736448032,0.01937086736448032,clear_1head,2026-10-06T08:18:02+09:00
2026-10-06,奈良,10,105320261006,1791266820,1791266520,production_top10,1,1-7-2,0.019538343439109037,0.019538343439109037,near_tie_3head,2026-10-06T08:18:02+09:00
2026-10-06,奈良,10,105320261006,1791266820,1791266520,production_top10,2,1-2-7,0.018051826019436876,0.018051826019436876,near_tie_3head,2026-10-06T08:18:02+09:00
2026-10-06,奈良,10,105320261006,1791266820,1791266520,production_top10,3,1-7-4,0.016567239436795746,0.016567239436795746,near_tie_3head,2026-10-06T08:18:02+09:00
2026-10-06,奈良,10,105320261006,1791266820,1791266520,production_top10,4,7-2-4,0.016484707147170447,0.016484707147170447,near_tie_3head,2026-10-06T08:18:02+09:00
2026-10-06,奈良,10,105320261006,1791266820,1791266520,production_top10,5,7-2-1,0.016348833392092022,0.016348833392092022,near_tie_3head,2026-10-06T08:18:02+09:00
2026-10-06,奈良,10,105320261006,1791266820,1791266520,production_top10,6,1-2-4,0.01565991759339712,0.01565991759339712,near_tie_3head,2026-10-06T08:18:02+09:00
2026-10-06,奈良,10,105320261006,1791266820,1791266520,production_top10,7,4-7-2,0.014665504829997839,0.014665504829997839,near_tie_3head,2026-10-06T08:18:02+09:00
2026-10-06,奈良,10,105320261006,1791266820,1791266520,production_top10,8,7-4-2,0.013656816398268363,0.013656816398268363,near_tie_3head,2026-10-06T08:18:02+09:00
2026-10-06,奈良,10,105320261006,1791266820,1791266520,production_top10,9,4-2-7,0.013549900465986659,0.013549900465986659,near_tie_3head,2026-10-06T08:18:02+09:00
2026-10-06,奈良,10,105320261006,1791266820,1791266520,production_top10,10,7-1-2,0.013230197148604968,0.013230197148604968,near_tie_3head,2026-10-06T08:18:02+09:00
2026-10-06,大宮,11,112520261006,1791267720,1791267420,production_top10,1,1-4-2,0.09764099256887111,0.09764099256887111,clear_1head,2026-10-06T08:18:02+09:00
2026-10-06,大宮,11,112520261006,1791267720,1791267420,production_top10,2,1-4-7,0.07630561520180731,0.07630561520180731,clear_1head,2026-10-06T08:18:02+09:00
2026-10-06,大宮,11,112520261006,1791267720,1791267420,production_top10,3,1-2-4,0.05816584866227088,0.05816584866227088,clear_1head,2026-10-06T08:18:02+09:00
2026-10-06,大宮,11,112520261006,1791267720,1791267420,production_top10,4,1-4-6,0.05524737342071155,0.05524737342071155,clear_1head,2026-10-06T08:18:02+09:00
2026-10-06,大宮,11,112520261006,1791267720,1791267420,production_top10,5,1-7-4,0.04971087997435989,0.04971087997435989,clear_1head,2026-10-06T08:18:02+09:00
2026-10-06,大宮,11,112520261006,1791267720,1791267420,production_top10,6,1-4-3,0.0483179062302057,0.0483179062302057,clear_1head,2026-10-06T08:18:02+09:00
2026-10-06,大宮,11,112520261006,1791267720,1791267420,production_top10,7,1-7-2,0.018463844581842234,0.018463844581842234,clear_1head,2026-10-06T08:18:02+09:00
2026-10-06,大宮,11,112520261006,1791267720,1791267420,production_top10,8,1-2-7,0.01688352271138328,0.01688352271138328,clear_1head,2026-10-06T08:18:02+09:00
2026-10-06,大宮,11,112520261006,1791267720,1791267420,production_top10,9,1-2-6,0.012224136866283514,0.012224136866283514,clear_1head,2026-10-06T08:18:02+09:00
2026-10-06,大宮,11,112520261006,1791267720,1791267420,production_top10,10,1-2-3,0.010690910033903295,0.010690910033903295,clear_1head,2026-10-06T08:18:02+09:00
2026-10-06,奈良,11,115320261006,1791268620,1791268320,production_top10,1,5-3-4,0.025784133226986125,0.025784133226986125,balanced_2head,2026-10-06T08:18:02+09:00
2026-10-06,奈良,11,115320261006,1791268620,1791268320,production_top10,2,5-4-1,0.023519535107182812,0.023519535107182812,balanced_2head,2026-10-06T08:18:02+09:00
2026-10-06,奈良,11,115320261006,1791268620,1791268320,production_top10,3,5-4-3,0.02116269721598348,0.02116269721598348,balanced_2head,2026-10-06T08:18:02+09:00
2026-10-06,奈良,11,115320261006,1791268620,1791268320,production_top10,4,5-7-4,0.020563078631275634,0.020563078631275634,balanced_2head,2026-10-06T08:18:02+09:00
2026-10-06,奈良,11,115320261006,1791268620,1791268320,production_top10,5,5-4-6,0.019554932551996293,0.019554932551996293,balanced_2head,2026-10-06T08:18:02+09:00
2026-10-06,奈良,11,115320261006,1791268620,1791268320,production_top10,6,5-4-7,0.019334685811199008,0.019334685811199008,balanced_2head,2026-10-06T08:18:02+09:00
2026-10-06,奈良,11,115320261006,1791268620,1791268320,production_top10,7,5-4-2,0.017581033656051622,0.017581033656051622,balanced_2head,2026-10-06T08:18:02+09:00
2026-10-06,奈良,11,115320261006,1791268620,1791268320,production_top10,8,4-3-1,0.014558646947958411,0.014558646947958411,balanced_2head,2026-10-06T08:18:02+09:00
2026-10-06,奈良,11,115320261006,1791268620,1791268320,production_top10,9,5-3-1,0.013910982814538543,0.013910982814538543,balanced_2head,2026-10-06T08:18:02+09:00
2026-10-06,奈良,11,115320261006,1791268620,1791268320,production_top10,10,4-3-6,0.012104548742917486,0.012104548742917486,balanced_2head,2026-10-06T08:18:02+09:00
2026-10-06,松山,1,017520261006,1791269100,1791268800,production_top10,1,7-2-5,0.04636167540378277,0.04636167540378277,clear_1head,2026-10-06T08:18:02+09:00
2026-10-06,松山,1,017520261006,1791269100,1791268800,production_top10,2,7-1-5,0.044702347343213863,0.044702347343213863,clear_1head,2026-10-06T08:18:02+09:00
2026-10-06,松山,1,017520261006,1791269100,1791268800,production_top10,3,7-2-4,0.04395240270566266,0.04395240270566266,clear_1head,2026-10-06T08:18:02+09:00
2026-10-06,松山,1,017520261006,1791269100,1791268800,production_top10,4,7-1-4,0.04237930478580233,0.04237930478580233,clear_1head,2026-10-06T08:18:02+09:00
2026-10-06,松山,1,017520261006,1791269100,1791268800,production_top10,5,7-1-2,0.03823324083705751,0.03823324083705751,clear_1head,2026-10-06T08:18:02+09:00
2026-10-06,松山,1,017520261006,1791269100,1791268800,production_top10,6,7-2-1,0.0360485157225241,0.0360485157225241,clear_1head,2026-10-06T08:18:02+09:00
2026-10-06,松山,1,017520261006,1791269100,1791268800,production_top10,7,7-5-4,0.035174312255018034,0.035174312255018034,clear_1head,2026-10-06T08:18:02+09:00
2026-10-06,松山,1,017520261006,1791269100,1791268800,production_top10,8,7-5-2,0.03173312914218697,0.03173312914218697,clear_1head,2026-10-06T08:18:02+09:00
2026-10-06,松山,1,017520261006,1791269100,1791268800,production_top10,9,7-2-3,0.031025986116267702,0.031025986116267702,clear_1head,2026-10-06T08:18:02+09:00
2026-10-06,松山,1,017520261006,1791269100,1791268800,production_top10,10,7-1-3,0.029915536829843867,0.029915536829843867,clear_1head,2026-10-06T08:18:02+09:00
2026-10-06,大宮,12,122520261006,1791269520,1791269220,production_top10,1,3-4-5,0.05754777389151834,0.05754777389151834,clear_1head,2026-10-06T08:18:02+09:00
2026-10-06,大宮,12,122520261006,1791269520,1791269220,production_top10,2,3-1-5,0.05034384431664546,0.05034384431664546,clear_1head,2026-10-06T08:18:02+09:00
2026-10-06,大宮,12,122520261006,1791269520,1791269220,production_top10,3,3-5-4,0.040747144129683784,0.040747144129683784,clear_1head,2026-10-06T08:18:02+09:00
2026-10-06,大宮,12,122520261006,1791269520,1791269220,production_top10,4,3-1-4,0.03837515552892311,0.03837515552892311,clear_1head,2026-10-06T08:18:02+09:00
2026-10-06,大宮,12,122520261006,1791269520,1791269220,production_top10,5,3-4-7,0.03578668610532266,0.03578668610532266,clear_1head,2026-10-06T08:18:02+09:00
2026-10-06,大宮,12,122520261006,1791269520,1791269220,production_top10,6,3-4-1,0.03339226937998751,0.03339226937998751,clear_1head,2026-10-06T08:18:02+09:00
2026-10-06,大宮,12,122520261006,1791269520,1791269220,production_top10,7,3-5-7,0.033241939750402044,0.033241939750402044,clear_1head,2026-10-06T08:18:02+09:00
2026-10-06,大宮,12,122520261006,1791269520,1791269220,production_top10,8,3-1-7,0.031306847025764056,0.031306847025764056,clear_1head,2026-10-06T08:18:02+09:00
2026-10-06,大宮,12,122520261006,1791269520,1791269220,production_top10,9,3-5-1,0.031017786994634373,0.031017786994634373,clear_1head,2026-10-06T08:18:02+09:00
2026-10-06,大宮,12,122520261006,1791269520,1791269220,production_top10,10,3-4-2,0.024695145005493187,0.024695145005493187,clear_1head,2026-10-06T08:18:02+09:00
2026-10-06,いわき平,1,011320261006,1791269940,1791269640,production_top10,1,5-3-6,0.08475792073127968,0.08475792073127968,clear_1head,2026-10-06T08:18:02+09:00
2026-10-06,いわき平,1,011320261006,1791269940,1791269640,production_top10,2,5-3-4,0.079294471294366,0.079294471294366,clear_1head,2026-10-06T08:18:02+09:00
2026-10-06,いわき平,1,011320261006,1791269940,1791269640,production_top10,3,5-3-2,0.07850855020074704,0.07850855020074704,clear_1head,2026-10-06T08:18:02+09:00
2026-10-06,いわき平,1,011320261006,1791269940,1791269640,production_top10,4,5-3-1,0.06798895655979252,0.06798895655979252,clear_1head,2026-10-06T08:18:02+09:00
2026-10-06,いわき平,1,011320261006,1791269940,1791269640,production_top10,5,5-4-3,0.050502429022093155,0.050502429022093155,clear_1head,2026-10-06T08:18:02+09:00
2026-10-06,いわき平,1,011320261006,1791269940,1791269640,production_top10,6,5-2-3,0.04580111318297145,0.04580111318297145,clear_1head,2026-10-06T08:18:02+09:00
2026-10-06,いわき平,1,011320261006,1791269940,1791269640,production_top10,7,5-4-6,0.018518484144511394,0.018518484144511394,clear_1head,2026-10-06T08:18:02+09:00
2026-10-06,いわき平,1,011320261006,1791269940,1791269640,production_top10,8,5-4-2,0.01715307937662242,0.01715307937662242,clear_1head,2026-10-06T08:18:02+09:00
2026-10-06,いわき平,1,011320261006,1791269940,1791269640,production_top10,9,5-2-6,0.01679458205681123,0.01679458205681123,clear_1head,2026-10-06T08:18:02+09:00
2026-10-06,いわき平,1,011320261006,1791269940,1791269640,production_top10,10,5-2-4,0.01571201243865844,0.01571201243865844,clear_1head,2026-10-06T08:18:02+09:00
2026-10-06,松山,2,027520261006,1791270420,1791270120,production_top10,1,7-1-4,0.0687707498459831,0.0687707498459831,clear_1head,2026-10-06T08:18:02+09:00
2026-10-06,松山,2,027520261006,1791270420,1791270120,production_top10,2,7-1-3,0.05025690756160888,0.05025690756160888,clear_1head,2026-10-06T08:18:02+09:00
2026-10-06,松山,2,027520261006,1791270420,1791270120,production_top10,3,7-1-2,0.04526907765306157,0.04526907765306157,clear_1head,2026-10-06T08:18:02+09:00
2026-10-06,松山,2,027520261006,1791270420,1791270120,production_top10,4,7-4-1,0.04103379847893343,0.04103379847893343,clear_1head,2026-10-06T08:18:02+09:00
2026-10-06,松山,2,027520261006,1791270420,1791270120,production_top10,5,7-3-1,0.03949712745791459,0.03949712745791459,clear_1head,2026-10-06T08:18:02+09:00
2026-10-06,松山,2,027520261006,1791270420,1791270120,production_top10,6,7-1-6,0.038264478940394975,0.038264478940394975,clear_1head,2026-10-06T08:18:02+09:00
2026-10-06,松山,2,027520261006,1791270420,1791270120,production_top10,7,7-3-4,0.033948936700324714,0.033948936700324714,clear_1head,2026-10-06T08:18:02+09:00
2026-10-06,松山,2,027520261006,1791270420,1791270120,production_top10,8,7-4-3,0.025774745655231215,0.025774745655231215,clear_1head,2026-10-06T08:18:02+09:00
2026-10-06,松山,2,027520261006,1791270420,1791270120,production_top10,9,7-4-2,0.02321668839500757,0.02321668839500757,clear_1head,2026-10-06T08:18:02+09:00
2026-10-06,松山,2,027520261006,1791270420,1791270120,production_top10,10,7-3-2,0.02234724872373393,0.02234724872373393,clear_1head,2026-10-06T08:18:02+09:00
2026-10-06,奈良,12,125320261006,1791270900,1791270600,production_top10,1,5-4-7,0.07408269674400024,0.07408269674400024,clear_1head,2026-10-06T08:18:02+09:00
2026-10-06,奈良,12,125320261006,1791270900,1791270600,production_top10,2,5-7-4,0.060148869703388196,0.060148869703388196,clear_1head,2026-10-06T08:18:02+09:00
2026-10-06,奈良,12,125320261006,1791270900,1791270600,production_top10,3,5-1-7,0.04669866092203877,0.04669866092203877,clear_1head,2026-10-06T08:18:02+09:00
2026-10-06,奈良,12,125320261006,1791270900,1791270600,production_top10,4,5-4-1,0.04500620712281468,0.04500620712281468,clear_1head,2026-10-06T08:18:02+09:00
2026-10-06,奈良,12,125320261006,1791270900,1791270600,production_top10,5,5-1-4,0.04444961511376789,0.04444961511376789,clear_1head,2026-10-06T08:18:02+09:00
2026-10-06,奈良,12,125320261006,1791270900,1791270600,production_top10,6,5-4-3,0.040001591806961674,0.040001591806961674,clear_1head,2026-10-06T08:18:02+09:00
2026-10-06,奈良,12,125320261006,1791270900,1791270600,production_top10,7,5-7-1,0.03839012486748543,0.03839012486748543,clear_1head,2026-10-06T08:18:02+09:00
2026-10-06,奈良,12,125320261006,1791270900,1791270600,production_top10,8,5-7-3,0.03412120688546039,0.03412120688546039,clear_1head,2026-10-06T08:18:02+09:00
2026-10-06,奈良,12,125320261006,1791270900,1791270600,production_top10,9,5-1-3,0.02521534520524043,0.02521534520524043,clear_1head,2026-10-06T08:18:02+09:00
2026-10-06,奈良,12,125320261006,1791270900,1791270600,production_top10,10,5-4-6,0.020989042947173783,0.020989042947173783,clear_1head,2026-10-06T08:18:02+09:00
2026-10-06,いわき平,2,021320261006,1791271320,1791271020,production_top10,1,4-7-5,0.050013028878535974,0.050013028878535974,balanced_2head,2026-10-06T08:18:02+09:00
2026-10-06,いわき平,2,021320261006,1791271320,1791271020,production_top10,2,4-3-5,0.04964279035914838,0.04964279035914838,balanced_2head,2026-10-06T08:18:02+09:00
2026-10-06,いわき平,2,021320261006,1791271320,1791271020,production_top10,3,7-4-5,0.04135026361643425,0.04135026361643425,balanced_2head,2026-10-06T08:18:02+09:00
2026-10-06,いわき平,2,021320261006,1791271320,1791271020,production_top10,4,7-3-5,0.037210963424656684,0.037210963424656684,balanced_2head,2026-10-06T08:18:02+09:00
2026-10-06,いわき平,2,021320261006,1791271320,1791271020,production_top10,5,4-5-7,0.036667373010163484,0.036667373010163484,balanced_2head,2026-10-06T08:18:02+09:00
2026-10-06,いわき平,2,021320261006,1791271320,1791271020,production_top10,6,4-5-2,0.027347731572436487,0.027347731572436487,balanced_2head,2026-10-06T08:18:02+09:00
2026-10-06,いわき平,2,021320261006,1791271320,1791271020,production_top10,7,4-3-7,0.026448281918659444,0.026448281918659444,balanced_2head,2026-10-06T08:18:02+09:00
2026-10-06,いわき平,2,021320261006,1791271320,1791271020,production_top10,8,4-5-3,0.02585034139814669,0.02585034139814669,balanced_2head,2026-10-06T08:18:02+09:00
2026-10-06,いわき平,2,021320261006,1791271320,1791271020,production_top10,9,4-5-1,0.025292710106521725,0.025292710106521725,balanced_2head,2026-10-06T08:18:02+09:00
2026-10-06,いわき平,2,021320261006,1791271320,1791271020,production_top10,10,7-5-4,0.02430338028471089,0.02430338028471089,balanced_2head,2026-10-06T08:18:02+09:00
2026-10-06,松山,3,037520261006,1791271980,1791271680,production_top10,1,5-1-4,0.03963663677610681,0.03963663677610681,balanced_2head,2026-10-06T08:18:02+09:00
2026-10-06,松山,3,037520261006,1791271980,1791271680,production_top10,2,5-1-3,0.0354524947893575,0.0354524947893575,balanced_2head,2026-10-06T08:18:02+09:00
2026-10-06,松山,3,037520261006,1791271980,1791271680,production_top10,3,3-1-4,0.03430014607540579,0.03430014607540579,balanced_2head,2026-10-06T08:18:02+09:00
2026-10-06,松山,3,037520261006,1791271980,1791271680,production_top10,4,5-3-4,0.028160071402229092,0.028160071402229092,balanced_2head,2026-10-06T08:18:02+09:00
2026-10-06,松山,3,037520261006,1791271980,1791271680,production_top10,5,5-3-1,0.026115587887696797,0.026115587887696797,balanced_2head,2026-10-06T08:18:02+09:00
2026-10-06,松山,3,037520261006,1791271980,1791271680,production_top10,6,5-1-7,0.02428812634817957,0.02428812634817957,balanced_2head,2026-10-06T08:18:02+09:00
2026-10-06,松山,3,037520261006,1791271980,1791271680,production_top10,7,3-1-7,0.021018087037663613,0.021018087037663613,balanced_2head,2026-10-06T08:18:02+09:00
2026-10-06,松山,3,037520261006,1791271980,1791271680,production_top10,8,5-1-2,0.020779810347981535,0.020779810347981535,balanced_2head,2026-10-06T08:18:02+09:00
2026-10-06,松山,3,037520261006,1791271980,1791271680,production_top10,9,3-1-2,0.017982114233885894,0.017982114233885894,balanced_2head,2026-10-06T08:18:02+09:00
2026-10-06,松山,3,037520261006,1791271980,1791271680,production_top10,10,5-3-7,0.017255635891978368,0.017255635891978368,balanced_2head,2026-10-06T08:18:02+09:00
2026-10-06,いわき平,3,031320261006,1791272760,1791272460,production_top10,1,2-3-7,0.06023754351668947,0.06023754351668947,clear_1head,2026-10-06T08:18:02+09:00
2026-10-06,いわき平,3,031320261006,1791272760,1791272460,production_top10,2,2-3-5,0.05833941281736298,0.05833941281736298,clear_1head,2026-10-06T08:18:02+09:00
2026-10-06,いわき平,3,031320261006,1791272760,1791272460,production_top10,3,2-3-6,0.055899411472582615,0.055899411472582615,clear_1head,2026-10-06T08:18:02+09:00
2026-10-06,いわき平,3,031320261006,1791272760,1791272460,production_top10,4,2-5-3,0.04933901319142546,0.04933901319142546,clear_1head,2026-10-06T08:18:02+09:00
2026-10-06,いわき平,3,031320261006,1791272760,1791272460,production_top10,5,2-3-4,0.043332123958262185,0.043332123958262185,clear_1head,2026-10-06T08:18:02+09:00
2026-10-06,いわき平,3,031320261006,1791272760,1791272460,production_top10,6,2-5-7,0.03993142302020972,0.03993142302020972,clear_1head,2026-10-06T08:18:02+09:00
2026-10-06,いわき平,3,031320261006,1791272760,1791272460,production_top10,7,2-1-3,0.038627641947386854,0.038627641947386854,clear_1head,2026-10-06T08:18:02+09:00
2026-10-06,いわき平,3,031320261006,1791272760,1791272460,production_top10,8,2-5-6,0.03705567849847698,0.03705567849847698,clear_1head,2026-10-06T08:18:02+09:00
2026-10-06,いわき平,3,031320261006,1791272760,1791272460,production_top10,9,2-1-7,0.03126241509715405,0.03126241509715405,clear_1head,2026-10-06T08:18:02+09:00
2026-10-06,いわき平,3,031320261006,1791272760,1791272460,production_top10,10,2-1-5,0.03027731267818581,0.03027731267818581,clear_1head,2026-10-06T08:18:02+09:00
2026-10-06,松山,4,047520261006,1791273540,1791273240,production_top10,1,1-2-7,0.07214055642945946,0.07214055642945946,balanced_2head,2026-10-06T08:18:02+09:00
2026-10-06,松山,4,047520261006,1791273540,1791273240,production_top10,2,5-2-7,0.046283775919408986,0.046283775919408986,balanced_2head,2026-10-06T08:18:02+09:00
2026-10-06,松山,4,047520261006,1791273540,1791273240,production_top10,3,1-2-3,0.046202560880901924,0.046202560880901924,balanced_2head,2026-10-06T08:18:02+09:00
2026-10-06,松山,4,047520261006,1791273540,1791273240,production_top10,4,1-5-7,0.038112380253740134,0.038112380253740134,balanced_2head,2026-10-06T08:18:02+09:00
2026-10-06,松山,4,047520261006,1791273540,1791273240,production_top10,5,1-7-2,0.036204791787951635,0.036204791787951635,balanced_2head,2026-10-06T08:18:02+09:00
2026-10-06,松山,4,047520261006,1791273540,1791273240,production_top10,6,1-5-2,0.03226015769831479,0.03226015769831479,balanced_2head,2026-10-06T08:18:02+09:00
2026-10-06,松山,4,047520261006,1791273540,1791273240,production_top10,7,5-2-3,0.02964253508088084,0.02964253508088084,balanced_2head,2026-10-06T08:18:02+09:00
2026-10-06,松山,4,047520261006,1791273540,1791273240,production_top10,8,1-2-5,0.028478748703356354,0.028478748703356354,balanced_2head,2026-10-06T08:18:02+09:00
2026-10-06,松山,4,047520261006,1791273540,1791273240,production_top10,9,1-2-4,0.02762453542735456,0.02762453542735456,balanced_2head,2026-10-06T08:18:02+09:00
2026-10-06,松山,4,047520261006,1791273540,1791273240,production_top10,10,1-7-3,0.027393794989151385,0.027393794989151385,balanced_2head,2026-10-06T08:18:02+09:00
2026-10-06,いわき平,4,041320261006,1791274320,1791274020,production_top10,1,2-4-6,0.021090487474110072,0.021090487474110072,balanced_2head,2026-10-06T08:18:02+09:00
2026-10-06,いわき平,4,041320261006,1791274320,1791274020,production_top10,2,4-2-6,0.02030311651133515,0.02030311651133515,balanced_2head,2026-10-06T08:18:02+09:00
2026-10-06,いわき平,4,041320261006,1791274320,1791274020,production_top10,3,2-6-5,0.019222117761724278,0.019222117761724278,balanced_2head,2026-10-06T08:18:02+09:00
2026-10-06,いわき平,4,041320261006,1791274320,1791274020,production_top10,4,2-4-5,0.018362680246582233,0.018362680246582233,balanced_2head,2026-10-06T08:18:02+09:00
2026-10-06,いわき平,4,041320261006,1791274320,1791274020,production_top10,5,2-6-3,0.01823668418003263,0.01823668418003263,balanced_2head,2026-10-06T08:18:02+09:00
2026-10-06,いわき平,4,041320261006,1791274320,1791274020,production_top10,6,2-5-6,0.017964540119036025,0.017964540119036025,balanced_2head,2026-10-06T08:18:02+09:00
2026-10-06,いわき平,4,041320261006,1791274320,1791274020,production_top10,7,4-2-5,0.017677146484376502,0.017677146484376502,balanced_2head,2026-10-06T08:18:02+09:00
2026-10-06,いわき平,4,041320261006,1791274320,1791274020,production_top10,8,4-6-2,0.017470699956756635,0.017470699956756635,balanced_2head,2026-10-06T08:18:02+09:00
2026-10-06,いわき平,4,041320261006,1791274320,1791274020,production_top10,9,2-4-3,0.01742130625287589,0.01742130625287589,balanced_2head,2026-10-06T08:18:02+09:00
2026-10-06,いわき平,4,041320261006,1791274320,1791274020,production_top10,10,2-6-1,0.017412258690497322,0.017412258690497322,balanced_2head,2026-10-06T08:18:02+09:00
2026-10-06,松山,5,057520261006,1791275100,1791274800,production_top10,1,2-5-1,0.02434154008493288,0.02434154008493288,balanced_2head,2026-10-06T08:18:02+09:00
2026-10-06,松山,5,057520261006,1791275100,1791274800,production_top10,2,2-5-7,0.023378138676658573,0.023378138676658573,balanced_2head,2026-10-06T08:18:02+09:00
2026-10-06,松山,5,057520261006,1791275100,1791274800,production_top10,3,2-5-6,0.022500758080786176,0.022500758080786176,balanced_2head,2026-10-06T08:18:02+09:00
2026-10-06,松山,5,057520261006,1791275100,1791274800,production_top10,4,2-5-4,0.021295723924402297,0.021295723924402297,balanced_2head,2026-10-06T08:18:02+09:00
2026-10-06,松山,5,057520261006,1791275100,1791274800,production_top10,5,2-7-1,0.017621332422463942,0.017621332422463942,balanced_2head,2026-10-06T08:18:02+09:00
2026-10-06,松山,5,057520261006,1791275100,1791274800,production_top10,6,2-7-5,0.017390009227820937,0.017390009227820937,balanced_2head,2026-10-06T08:18:02+09:00
2026-10-06,松山,5,057520261006,1791275100,1791274800,production_top10,7,2-7-6,0.016288753156765114,0.016288753156765114,balanced_2head,2026-10-06T08:18:02+09:00
2026-10-06,松山,5,057520261006,1791275100,1791274800,production_top10,8,2-7-4,0.015416404596403994,0.015416404596403994,balanced_2head,2026-10-06T08:18:02+09:00
2026-10-06,松山,5,057520261006,1791275100,1791274800,production_top10,9,2-4-1,0.015251196596604805,0.015251196596604805,balanced_2head,2026-10-06T08:18:02+09:00
2026-10-06,松山,5,057520261006,1791275100,1791274800,production_top10,10,2-4-5,0.015050987246126996,0.015050987246126996,balanced_2head,2026-10-06T08:18:02+09:00
2026-10-06,いわき平,5,051320261006,1791275880,1791275580,production_top10,1,7-4-1,0.023554807570309078,0.023554807570309078,near_tie_3head,2026-10-06T08:18:02+09:00
2026-10-06,いわき平,5,051320261006,1791275880,1791275580,production_top10,2,7-1-6,0.022150018343194716,0.022150018343194716,near_tie_3head,2026-10-06T08:18:02+09:00
2026-10-06,いわき平,5,051320261006,1791275880,1791275580,production_top10,3,4-1-7,0.021568272202445754,0.021568272202445754,near_tie_3head,2026-10-06T08:18:02+09:00
2026-10-06,いわき平,5,051320261006,1791275880,1791275580,production_top10,4,4-7-1,0.021030922380469268,0.021030922380469268,near_tie_3head,2026-10-06T08:18:02+09:00
2026-10-06,いわき平,5,051320261006,1791275880,1791275580,production_top10,5,7-1-4,0.0203886189726778,0.0203886189726778,near_tie_3head,2026-10-06T08:18:02+09:00
2026-10-06,いわき平,5,051320261006,1791275880,1791275580,production_top10,6,4-1-6,0.019996759718890207,0.019996759718890207,near_tie_3head,2026-10-06T08:18:02+09:00
2026-10-06,いわき平,5,051320261006,1791275880,1791275580,production_top10,7,3-4-1,0.019675526634005035,0.019675526634005035,near_tie_3head,2026-10-06T08:18:02+09:00
2026-10-06,いわき平,5,051320261006,1791275880,1791275580,production_top10,8,3-1-7,0.019645774919049543,0.019645774919049543,near_tie_3head,2026-10-06T08:18:02+09:00
2026-10-06,いわき平,5,051320261006,1791275880,1791275580,production_top10,9,3-7-1,0.019301833149506436,0.019301833149506436,near_tie_3head,2026-10-06T08:18:02+09:00
2026-10-06,いわき平,5,051320261006,1791275880,1791275580,production_top10,10,3-1-6,0.018214339881294974,0.018214339881294974,near_tie_3head,2026-10-06T08:18:02+09:00
2026-10-06,松山,6,067520261006,1791276660,1791276360,production_top10,1,7-4-2,0.08325851809309319,0.08325851809309319,clear_1head,2026-10-06T08:18:02+09:00
2026-10-06,松山,6,067520261006,1791276660,1791276360,production_top10,2,7-4-1,0.0672507492767596,0.0672507492767596,clear_1head,2026-10-06T08:18:02+09:00
2026-10-06,松山,6,067520261006,1791276660,1791276360,production_top10,3,7-4-3,0.06323970165498465,0.06323970165498465,clear_1head,2026-10-06T08:18:02+09:00
2026-10-06,松山,6,067520261006,1791276660,1791276360,production_top10,4,7-4-5,0.049744434298764434,0.049744434298764434,clear_1head,2026-10-06T08:18:02+09:00
2026-10-06,松山,6,067520261006,1791276660,1791276360,production_top10,5,7-1-2,0.034919239421634676,0.034919239421634676,clear_1head,2026-10-06T08:18:02+09:00
2026-10-06,松山,6,067520261006,1791276660,1791276360,production_top10,6,7-1-4,0.034543373798645534,0.034543373798645534,clear_1head,2026-10-06T08:18:02+09:00
2026-10-06,松山,6,067520261006,1791276660,1791276360,production_top10,7,7-1-3,0.026523199471002193,0.026523199471002193,clear_1head,2026-10-06T08:18:02+09:00
2026-10-06,松山,6,067520261006,1791276660,1791276360,production_top10,8,7-3-2,0.023994712925383344,0.023994712925383344,clear_1head,2026-10-06T08:18:02+09:00
2026-10-06,松山,6,067520261006,1791276660,1791276360,production_top10,9,7-3-4,0.02373643731939872,0.02373643731939872,clear_1head,2026-10-06T08:18:02+09:00
2026-10-06,松山,6,067520261006,1791276660,1791276360,production_top10,10,7-1-5,0.020863184343854292,0.020863184343854292,clear_1head,2026-10-06T08:18:02+09:00
2026-10-06,いわき平,6,061320261006,1791277440,1791277140,production_top10,1,7-3-5,0.05130258869607389,0.05130258869607389,balanced_2head,2026-10-06T08:18:02+09:00
2026-10-06,いわき平,6,061320261006,1791277440,1791277140,production_top10,2,3-7-5,0.05076943370276637,0.05076943370276637,balanced_2head,2026-10-06T08:18:02+09:00
2026-10-06,いわき平,6,061320261006,1791277440,1791277140,production_top10,3,3-2-5,0.03866268360198764,0.03866268360198764,balanced_2head,2026-10-06T08:18:02+09:00
2026-10-06,いわき平,6,061320261006,1791277440,1791277140,production_top10,4,7-3-6,0.029598442407831924,0.029598442407831924,balanced_2head,2026-10-06T08:18:02+09:00
2026-10-06,いわき平,6,061320261006,1791277440,1791277140,production_top10,5,3-7-6,0.029290844725825126,0.029290844725825126,balanced_2head,2026-10-06T08:18:02+09:00
2026-10-06,いわき平,6,061320261006,1791277440,1791277140,production_top10,6,7-2-5,0.0284889827013496,0.0284889827013496,balanced_2head,2026-10-06T08:18:02+09:00
2026-10-06,いわき平,6,061320261006,1791277440,1791277140,production_top10,7,7-3-4,0.02464391861600691,0.02464391861600691,balanced_2head,2026-10-06T08:18:02+09:00
2026-10-06,いわき平,6,061320261006,1791277440,1791277140,production_top10,8,3-7-4,0.024387810131060346,0.024387810131060346,balanced_2head,2026-10-06T08:18:02+09:00
2026-10-06,いわき平,6,061320261006,1791277440,1791277140,production_top10,9,3-2-6,0.022305993576757558,0.022305993576757558,balanced_2head,2026-10-06T08:18:02+09:00
2026-10-06,いわき平,6,061320261006,1791277440,1791277140,production_top10,10,7-3-2,0.02087960593074146,0.02087960593074146,balanced_2head,2026-10-06T08:18:02+09:00
2026-10-06,松山,7,077520261006,1791278220,1791277920,production_top10,1,4-7-3,0.0916583046295367,0.0916583046295367,clear_1head,2026-10-06T08:18:02+09:00
2026-10-06,松山,7,077520261006,1791278220,1791277920,production_top10,2,4-7-6,0.0701018164788545,0.0701018164788545,clear_1head,2026-10-06T08:18:02+09:00
2026-10-06,松山,7,077520261006,1791278220,1791277920,production_top10,3,4-7-5,0.05202213364191928,0.05202213364191928,clear_1head,2026-10-06T08:18:02+09:00
2026-10-06,松山,7,077520261006,1791278220,1791277920,production_top10,4,4-2-7,0.05164572277225953,0.05164572277225953,clear_1head,2026-10-06T08:18:02+09:00
2026-10-06,松山,7,077520261006,1791278220,1791277920,production_top10,5,4-7-2,0.04856169224090349,0.04856169224090349,clear_1head,2026-10-06T08:18:02+09:00
2026-10-06,松山,7,077520261006,1791278220,1791277920,production_top10,6,4-2-3,0.03502839171794557,0.03502839171794557,clear_1head,2026-10-06T08:18:02+09:00
2026-10-06,松山,7,077520261006,1791278220,1791277920,production_top10,7,4-2-6,0.026790304464889145,0.026790304464889145,clear_1head,2026-10-06T08:18:02+09:00
2026-10-06,松山,7,077520261006,1791278220,1791277920,production_top10,8,4-6-7,0.026241215602465832,0.026241215602465832,clear_1head,2026-10-06T08:18:02+09:00
2026-10-06,松山,7,077520261006,1791278220,1791277920,production_top10,9,4-2-5,0.019880922766110663,0.019880922766110663,clear_1head,2026-10-06T08:18:02+09:00
2026-10-06,松山,7,077520261006,1791278220,1791277920,production_top10,10,4-6-3,0.017797942016061035,0.017797942016061035,clear_1head,2026-10-06T08:18:02+09:00
2026-10-06,いわき平,7,071320261006,1791279000,1791278700,production_top10,1,4-3-7,0.049754394940191765,0.049754394940191765,clear_1head,2026-10-06T08:18:02+09:00
2026-10-06,いわき平,7,071320261006,1791279000,1791278700,production_top10,2,4-3-1,0.03957599147113219,0.03957599147113219,clear_1head,2026-10-06T08:18:02+09:00
2026-10-06,いわき平,7,071320261006,1791279000,1791278700,production_top10,3,4-3-2,0.03916659320912849,0.03916659320912849,clear_1head,2026-10-06T08:18:02+09:00
2026-10-06,いわき平,7,071320261006,1791279000,1791278700,production_top10,4,4-1-3,0.037622845728928885,0.037622845728928885,clear_1head,2026-10-06T08:18:02+09:00
2026-10-06,いわき平,7,071320261006,1791279000,1791278700,production_top10,5,4-1-7,0.03341121256333656,0.03341121256333656,clear_1head,2026-10-06T08:18:02+09:00
2026-10-06,いわき平,7,071320261006,1791279000,1791278700,production_top10,6,4-3-5,0.03145153695873238,0.03145153695873238,clear_1head,2026-10-06T08:18:02+09:00
2026-10-06,いわき平,7,071320261006,1791279000,1791278700,production_top10,7,4-7-3,0.02901772510677201,0.02901772510677201,clear_1head,2026-10-06T08:18:02+09:00
2026-10-06,いわき平,7,071320261006,1791279000,1791278700,production_top10,8,4-1-2,0.0263012618817887,0.0263012618817887,clear_1head,2026-10-06T08:18:02+09:00
2026-10-06,いわき平,7,071320261006,1791279000,1791278700,production_top10,9,4-1-5,0.021120425402319107,0.021120425402319107,clear_1head,2026-10-06T08:18:02+09:00
2026-10-06,いわき平,7,071320261006,1791279000,1791278700,production_top10,10,4-7-1,0.02049766128835166,0.02049766128835166,clear_1head,2026-10-06T08:18:02+09:00
2026-10-06,松山,8,087520261006,1791279780,1791279480,production_top10,1,5-7-2,0.03359436930449953,0.03359436930449953,near_tie_3head,2026-10-06T08:18:02+09:00
2026-10-06,松山,8,087520261006,1791279780,1791279480,production_top10,2,7-5-2,0.03264608470384042,0.03264608470384042,near_tie_3head,2026-10-06T08:18:02+09:00
2026-10-06,松山,8,087520261006,1791279780,1791279480,production_top10,3,7-4-2,0.027076410475368108,0.027076410475368108,near_tie_3head,2026-10-06T08:18:02+09:00
2026-10-06,松山,8,087520261006,1791279780,1791279480,production_top10,4,5-7-4,0.02518497079785929,0.02518497079785929,near_tie_3head,2026-10-06T08:18:02+09:00
2026-10-06,松山,8,087520261006,1791279780,1791279480,production_top10,5,5-4-2,0.024990696770292743,0.024990696770292743,near_tie_3head,2026-10-06T08:18:02+09:00
2026-10-06,松山,8,087520261006,1791279780,1791279480,production_top10,6,5-7-3,0.02448426383836757,0.02448426383836757,near_tie_3head,2026-10-06T08:18:02+09:00
2026-10-06,松山,8,087520261006,1791279780,1791279480,production_top10,7,7-5-4,0.024474062378677847,0.024474062378677847,near_tie_3head,2026-10-06T08:18:02+09:00
2026-10-06,松山,8,087520261006,1791279780,1791279480,production_top10,8,7-5-3,0.023793134615313846,0.023793134615313846,near_tie_3head,2026-10-06T08:18:02+09:00
2026-10-06,松山,8,087520261006,1791279780,1791279480,production_top10,9,5-4-7,0.023429476662823433,0.023429476662823433,near_tie_3head,2026-10-06T08:18:02+09:00
2026-10-06,松山,8,087520261006,1791279780,1791279480,production_top10,10,5-7-1,0.02125158693309526,0.02125158693309526,near_tie_3head,2026-10-06T08:18:02+09:00
2026-10-06,いわき平,8,081320261006,1791280560,1791280260,production_top10,1,2-5-7,0.03243706654257231,0.03243706654257231,balanced_2head,2026-10-06T08:18:02+09:00
2026-10-06,いわき平,8,081320261006,1791280560,1791280260,production_top10,2,2-7-4,0.029945398002512533,0.029945398002512533,balanced_2head,2026-10-06T08:18:02+09:00
2026-10-06,いわき平,8,081320261006,1791280560,1791280260,production_top10,3,2-7-5,0.02958404057229451,0.02958404057229451,balanced_2head,2026-10-06T08:18:02+09:00
2026-10-06,いわき平,8,081320261006,1791280560,1791280260,production_top10,4,2-7-1,0.02755234065630086,0.02755234065630086,balanced_2head,2026-10-06T08:18:02+09:00
2026-10-06,いわき平,8,081320261006,1791280560,1791280260,production_top10,5,7-2-4,0.026357519722969174,0.026357519722969174,balanced_2head,2026-10-06T08:18:02+09:00
2026-10-06,いわき平,8,081320261006,1791280560,1791280260,production_top10,6,7-2-5,0.026039457976278952,0.026039457976278952,balanced_2head,2026-10-06T08:18:02+09:00
2026-10-06,いわき平,8,081320261006,1791280560,1791280260,production_top10,7,2-5-4,0.024416580265780488,0.024416580265780488,balanced_2head,2026-10-06T08:18:02+09:00
2026-10-06,いわき平,8,081320261006,1791280560,1791280260,production_top10,8,7-2-1,0.0242511841786669,0.0242511841786669,balanced_2head,2026-10-06T08:18:02+09:00
2026-10-06,いわき平,8,081320261006,1791280560,1791280260,production_top10,9,7-5-2,0.02413013437740407,0.02413013437740407,balanced_2head,2026-10-06T08:18:02+09:00
2026-10-06,いわき平,8,081320261006,1791280560,1791280260,production_top10,10,2-5-1,0.022465353009776392,0.022465353009776392,balanced_2head,2026-10-06T08:18:02+09:00
2026-10-06,松山,9,097520261006,1791281340,1791281040,production_top10,1,3-2-5,0.026590352873742208,0.026590352873742208,balanced_2head,2026-10-06T08:18:02+09:00
2026-10-06,松山,9,097520261006,1791281340,1791281040,production_top10,2,3-7-5,0.022554270205053722,0.022554270205053722,balanced_2head,2026-10-06T08:18:02+09:00
2026-10-06,松山,9,097520261006,1791281340,1791281040,production_top10,3,2-3-5,0.02047307982360658,0.02047307982360658,balanced_2head,2026-10-06T08:18:02+09:00
2026-10-06,松山,9,097520261006,1791281340,1791281040,production_top10,4,3-5-1,0.019353288918667336,0.019353288918667336,balanced_2head,2026-10-06T08:18:02+09:00
2026-10-06,松山,9,097520261006,1791281340,1791281040,production_top10,5,3-5-2,0.01877288135477073,0.01877288135477073,balanced_2head,2026-10-06T08:18:02+09:00
2026-10-06,松山,9,097520261006,1791281340,1791281040,production_top10,6,2-7-5,0.018741755985232977,0.018741755985232977,balanced_2head,2026-10-06T08:18:02+09:00
2026-10-06,松山,9,097520261006,1791281340,1791281040,production_top10,7,3-2-1,0.017854648903390634,0.017854648903390634,balanced_2head,2026-10-06T08:18:02+09:00
2026-10-06,松山,9,097520261006,1791281340,1791281040,production_top10,8,2-5-3,0.016926427102476875,0.016926427102476875,balanced_2head,2026-10-06T08:18:02+09:00
2026-10-06,松山,9,097520261006,1791281340,1791281040,production_top10,9,2-5-1,0.01603459723481823,0.01603459723481823,balanced_2head,2026-10-06T08:18:02+09:00
2026-10-06,松山,9,097520261006,1791281340,1791281040,production_top10,10,3-7-1,0.015144536730879584,0.015144536730879584,balanced_2head,2026-10-06T08:18:02+09:00
2026-10-06,いわき平,9,091320261006,1791282120,1791281820,production_top10,1,7-1-3,0.041313143996748895,0.041313143996748895,balanced_2head,2026-10-06T08:18:02+09:00
2026-10-06,いわき平,9,091320261006,1791282120,1791281820,production_top10,2,7-1-4,0.038048532266118436,0.038048532266118436,balanced_2head,2026-10-06T08:18:02+09:00
2026-10-06,いわき平,9,091320261006,1791282120,1791281820,production_top10,3,7-4-3,0.037236520772517386,0.037236520772517386,balanced_2head,2026-10-06T08:18:02+09:00
2026-10-06,いわき平,9,091320261006,1791282120,1791281820,production_top10,4,1-4-7,0.034919039775295826,0.034919039775295826,balanced_2head,2026-10-06T08:18:02+09:00
2026-10-06,いわき平,9,091320261006,1791282120,1791281820,production_top10,5,7-1-5,0.03490351148146383,0.03490351148146383,balanced_2head,2026-10-06T08:18:02+09:00
2026-10-06,いわき平,9,091320261006,1791282120,1791281820,production_top10,6,7-1-2,0.033068685073784916,0.033068685073784916,balanced_2head,2026-10-06T08:18:02+09:00
2026-10-06,いわき平,9,091320261006,1791282120,1791281820,production_top10,7,1-3-7,0.03229333343133275,0.03229333343133275,balanced_2head,2026-10-06T08:18:02+09:00
2026-10-06,いわき平,9,091320261006,1791282120,1791281820,production_top10,8,7-3-4,0.031895089858236116,0.031895089858236116,balanced_2head,2026-10-06T08:18:02+09:00
2026-10-06,いわき平,9,091320261006,1791282120,1791281820,production_top10,9,7-4-5,0.03145936630762366,0.03145936630762366,balanced_2head,2026-10-06T08:18:02+09:00
2026-10-06,いわき平,9,091320261006,1791282120,1791281820,production_top10,10,7-4-2,0.02980559356041091,0.02980559356041091,balanced_2head,2026-10-06T08:18:02+09:00
2026-10-06,松山,10,107520261006,1791282900,1791282600,production_top10,1,5-7-2,0.04038475820381122,0.04038475820381122,balanced_2head,2026-10-06T08:18:02+09:00
2026-10-06,松山,10,107520261006,1791282900,1791282600,production_top10,2,5-2-7,0.03688776485746412,0.03688776485746412,balanced_2head,2026-10-06T08:18:02+09:00
2026-10-06,松山,10,107520261006,1791282900,1791282600,production_top10,3,5-1-2,0.03264261012827989,0.03264261012827989,balanced_2head,2026-10-06T08:18:02+09:00
2026-10-06,松山,10,107520261006,1791282900,1791282600,production_top10,4,5-2-1,0.02929012592093087,0.02929012592093087,balanced_2head,2026-10-06T08:18:02+09:00
2026-10-06,松山,10,107520261006,1791282900,1791282600,production_top10,5,5-2-3,0.025428559935909787,0.025428559935909787,balanced_2head,2026-10-06T08:18:02+09:00
2026-10-06,松山,10,107520261006,1791282900,1791282600,production_top10,6,5-2-6,0.022403592194556118,0.022403592194556118,balanced_2head,2026-10-06T08:18:02+09:00
2026-10-06,松山,10,107520261006,1791282900,1791282600,production_top10,7,5-1-7,0.020816194351698628,0.020816194351698628,balanced_2head,2026-10-06T08:18:02+09:00
2026-10-06,松山,10,107520261006,1791282900,1791282600,production_top10,8,5-7-1,0.020449036070621335,0.020449036070621335,balanced_2head,2026-10-06T08:18:02+09:00
2026-10-06,松山,10,107520261006,1791282900,1791282600,production_top10,9,1-5-2,0.020037844082053252,0.020037844082053252,balanced_2head,2026-10-06T08:18:02+09:00
2026-10-06,松山,10,107520261006,1791282900,1791282600,production_top10,10,1-7-2,0.01987832140185936,0.01987832140185936,balanced_2head,2026-10-06T08:18:02+09:00
2026-10-06,いわき平,10,101320261006,1791283680,1791283380,production_top10,1,1-2-4,0.07619753095028126,0.07619753095028126,clear_1head,2026-10-06T08:18:02+09:00
2026-10-06,いわき平,10,101320261006,1791283680,1791283380,production_top10,2,1-4-2,0.06956741160695355,0.06956741160695355,clear_1head,2026-10-06T08:18:02+09:00
2026-10-06,いわき平,10,101320261006,1791283680,1791283380,production_top10,3,1-4-6,0.06024794400432625,0.06024794400432625,clear_1head,2026-10-06T08:18:02+09:00
2026-10-06,いわき平,10,101320261006,1791283680,1791283380,production_top10,4,1-2-6,0.05910368023875742,0.05910368023875742,clear_1head,2026-10-06T08:18:02+09:00
2026-10-06,いわき平,10,101320261006,1791283680,1791283380,production_top10,5,1-4-3,0.05183490090986949,0.05183490090986949,clear_1head,2026-10-06T08:18:02+09:00
2026-10-06,いわき平,10,101320261006,1791283680,1791283380,production_top10,6,1-2-3,0.050850422520054964,0.050850422520054964,clear_1head,2026-10-06T08:18:02+09:00
2026-10-06,いわき平,10,101320261006,1791283680,1791283380,production_top10,7,1-3-4,0.04210599410520564,0.04210599410520564,clear_1head,2026-10-06T08:18:02+09:00
2026-10-06,いわき平,10,101320261006,1791283680,1791283380,production_top10,8,1-3-2,0.03771213886882037,0.03771213886882037,clear_1head,2026-10-06T08:18:02+09:00
2026-10-06,いわき平,10,101320261006,1791283680,1791283380,production_top10,9,1-4-5,0.0361096119202456,0.0361096119202456,clear_1head,2026-10-06T08:18:02+09:00
2026-10-06,いわき平,10,101320261006,1791283680,1791283380,production_top10,10,1-2-5,0.035423797305457715,0.035423797305457715,clear_1head,2026-10-06T08:18:02+09:00
2026-10-06,松山,11,117520261006,1791284520,1791284220,production_top10,1,4-2-3,0.031014570662682452,0.031014570662682452,balanced_2head,2026-10-06T08:18:02+09:00
2026-10-06,松山,11,117520261006,1791284520,1791284220,production_top10,2,4-2-1,0.0300776339864264,0.0300776339864264,balanced_2head,2026-10-06T08:18:02+09:00
2026-10-06,松山,11,117520261006,1791284520,1791284220,production_top10,3,4-5-2,0.029125459379477043,0.029125459379477043,balanced_2head,2026-10-06T08:18:02+09:00
2026-10-06,松山,11,117520261006,1791284520,1791284220,production_top10,4,4-1-2,0.027488119936736857,0.027488119936736857,balanced_2head,2026-10-06T08:18:02+09:00
2026-10-06,松山,11,117520261006,1791284520,1791284220,production_top10,5,4-2-7,0.026605364594114684,0.026605364594114684,balanced_2head,2026-10-06T08:18:02+09:00
2026-10-06,松山,11,117520261006,1791284520,1791284220,production_top10,6,4-5-3,0.025892601391291202,0.025892601391291202,balanced_2head,2026-10-06T08:18:02+09:00
2026-10-06,松山,11,117520261006,1791284520,1791284220,production_top10,7,4-5-1,0.025110397176664776,0.025110397176664776,balanced_2head,2026-10-06T08:18:02+09:00
2026-10-06,松山,11,117520261006,1791284520,1791284220,production_top10,8,4-1-3,0.024437002803789312,0.024437002803789312,balanced_2head,2026-10-06T08:18:02+09:00
2026-10-06,松山,11,117520261006,1791284520,1791284220,production_top10,9,4-2-5,0.023626304400236737,0.023626304400236737,balanced_2head,2026-10-06T08:18:02+09:00
2026-10-06,松山,11,117520261006,1791284520,1791284220,production_top10,10,4-7-2,0.023180417706341074,0.023180417706341074,balanced_2head,2026-10-06T08:18:02+09:00
2026-10-06,いわき平,11,111320261006,1791285360,1791285060,production_top10,1,4-7-5,0.02993531360651639,0.02993531360651639,near_tie_3head,2026-10-06T08:18:02+09:00
2026-10-06,いわき平,11,111320261006,1791285360,1791285060,production_top10,2,1-4-7,0.027768269879898114,0.027768269879898114,near_tie_3head,2026-10-06T08:18:02+09:00
2026-10-06,いわき平,11,111320261006,1791285360,1791285060,production_top10,3,4-5-7,0.025918582831256507,0.025918582831256507,near_tie_3head,2026-10-06T08:18:02+09:00
2026-10-06,いわき平,11,111320261006,1791285360,1791285060,production_top10,4,1-7-5,0.02432815079200437,0.02432815079200437,near_tie_3head,2026-10-06T08:18:02+09:00
2026-10-06,いわき平,11,111320261006,1791285360,1791285060,production_top10,5,4-7-2,0.023403952494917772,0.023403952494917772,near_tie_3head,2026-10-06T08:18:02+09:00
2026-10-06,いわき平,11,111320261006,1791285360,1791285060,production_top10,6,1-7-4,0.021968257476707175,0.021968257476707175,near_tie_3head,2026-10-06T08:18:02+09:00
2026-10-06,いわき平,11,111320261006,1791285360,1791285060,production_top10,7,1-5-7,0.02174201001165386,0.02174201001165386,near_tie_3head,2026-10-06T08:18:02+09:00
2026-10-06,いわき平,11,111320261006,1791285360,1791285060,production_top10,8,3-4-7,0.019279838939054213,0.019279838939054213,near_tie_3head,2026-10-06T08:18:02+09:00
2026-10-06,いわき平,11,111320261006,1791285360,1791285060,production_top10,9,1-7-2,0.019020174397014623,0.019020174397014623,near_tie_3head,2026-10-06T08:18:02+09:00
2026-10-06,いわき平,11,111320261006,1791285360,1791285060,production_top10,10,4-7-3,0.01884839180165571,0.01884839180165571,near_tie_3head,2026-10-06T08:18:02+09:00
2026-10-06,松山,12,127520261006,1791286200,1791285900,production_top10,1,3-4-5,0.04837477674803255,0.04837477674803255,clear_1head,2026-10-06T08:18:02+09:00
2026-10-06,松山,12,127520261006,1791286200,1791285900,production_top10,2,3-1-5,0.03861501181165978,0.03861501181165978,clear_1head,2026-10-06T08:18:02+09:00
2026-10-06,松山,12,127520261006,1791286200,1791285900,production_top10,3,3-4-7,0.03776803630342342,0.03776803630342342,clear_1head,2026-10-06T08:18:02+09:00
2026-10-06,松山,12,127520261006,1791286200,1791285900,production_top10,4,3-4-1,0.03441061498830232,0.03441061498830232,clear_1head,2026-10-06T08:18:02+09:00
2026-10-06,松山,12,127520261006,1791286200,1791285900,production_top10,5,3-5-7,0.03382443731360584,0.03382443731360584,clear_1head,2026-10-06T08:18:02+09:00
2026-10-06,松山,12,127520261006,1791286200,1791285900,production_top10,6,3-5-4,0.03161185798703148,0.03161185798703148,clear_1head,2026-10-06T08:18:02+09:00
2026-10-06,松山,12,127520261006,1791286200,1791285900,production_top10,7,3-5-1,0.030817585543597772,0.030817585543597772,clear_1head,2026-10-06T08:18:02+09:00
2026-10-06,松山,12,127520261006,1791286200,1791285900,production_top10,8,3-1-7,0.03014821495830895,0.03014821495830895,clear_1head,2026-10-06T08:18:02+09:00
2026-10-06,松山,12,127520261006,1791286200,1791285900,production_top10,9,3-4-2,0.02904802998024747,0.02904802998024747,clear_1head,2026-10-06T08:18:02+09:00
2026-10-06,松山,12,127520261006,1791286200,1791285900,production_top10,10,3-1-4,0.028176110691461545,0.028176110691461545,clear_1head,2026-10-06T08:18:02+09:00
2026-10-06,大垣,1,014420261006,1791286800,1791286500,production_top10,1,2-3-6,0.04170424120104934,0.04170424120104934,balanced_2head,2026-10-06T08:18:02+09:00
2026-10-06,大垣,1,014420261006,1791286800,1791286500,production_top10,2,2-3-5,0.03451576956474883,0.03451576956474883,balanced_2head,2026-10-06T08:18:02+09:00
2026-10-06,大垣,1,014420261006,1791286800,1791286500,production_top10,3,2-1-6,0.03221494845969895,0.03221494845969895,balanced_2head,2026-10-06T08:18:02+09:00
2026-10-06,大垣,1,014420261006,1791286800,1791286500,production_top10,4,2-3-4,0.031262484522096984,0.031262484522096984,balanced_2head,2026-10-06T08:18:02+09:00
2026-10-06,大垣,1,014420261006,1791286800,1791286500,production_top10,5,2-1-3,0.03040913790436173,0.03040913790436173,balanced_2head,2026-10-06T08:18:02+09:00
2026-10-06,大垣,1,014420261006,1791286800,1791286500,production_top10,6,2-5-6,0.028842513509132032,0.028842513509132032,balanced_2head,2026-10-06T08:18:02+09:00
2026-10-06,大垣,1,014420261006,1791286800,1791286500,production_top10,7,2-5-3,0.027225744964479392,0.027225744964479392,balanced_2head,2026-10-06T08:18:02+09:00
2026-10-06,大垣,1,014420261006,1791286800,1791286500,production_top10,8,2-1-5,0.02666212609443789,0.02666212609443789,balanced_2head,2026-10-06T08:18:02+09:00
2026-10-06,大垣,1,014420261006,1791286800,1791286500,production_top10,9,1-3-6,0.024249380290741796,0.024249380290741796,balanced_2head,2026-10-06T08:18:02+09:00
2026-10-06,大垣,1,014420261006,1791286800,1791286500,production_top10,10,2-1-4,0.0241490864861042,0.0241490864861042,balanced_2head,2026-10-06T08:18:02+09:00
2026-10-06,前橋,1,012220261006,1791287400,1791287100,production_top10,1,1-2-3,0.0563940557378393,0.0563940557378393,balanced_2head,2026-10-06T08:18:02+09:00
2026-10-06,前橋,1,012220261006,1791287400,1791287100,production_top10,2,1-3-2,0.05236903246157442,0.05236903246157442,balanced_2head,2026-10-06T08:18:02+09:00
2026-10-06,前橋,1,012220261006,1791287400,1791287100,production_top10,3,2-1-3,0.041734669188988445,0.041734669188988445,balanced_2head,2026-10-06T08:18:02+09:00
2026-10-06,前橋,1,012220261006,1791287400,1791287100,production_top10,4,1-2-4,0.04087744014779429,0.04087744014779429,balanced_2head,2026-10-06T08:18:02+09:00
2026-10-06,前橋,1,012220261006,1791287400,1791287100,production_top10,5,1-2-5,0.03791503567660268,0.03791503567660268,balanced_2head,2026-10-06T08:18:02+09:00
2026-10-06,前橋,1,012220261006,1791287400,1791287100,production_top10,6,2-3-1,0.03230499555495841,0.03230499555495841,balanced_2head,2026-10-06T08:18:02+09:00
2026-10-06,前橋,1,012220261006,1791287400,1791287100,production_top10,7,1-3-4,0.03155144630213165,0.03155144630213165,balanced_2head,2026-10-06T08:18:02+09:00
2026-10-06,前橋,1,012220261006,1791287400,1791287100,production_top10,8,2-1-4,0.030251529519203797,0.030251529519203797,balanced_2head,2026-10-06T08:18:02+09:00
2026-10-06,前橋,1,012220261006,1791287400,1791287100,production_top10,9,1-3-5,0.029264900342794217,0.029264900342794217,balanced_2head,2026-10-06T08:18:02+09:00
2026-10-06,前橋,1,012220261006,1791287400,1791287100,production_top10,10,1-5-2,0.029025112905211575,0.029025112905211575,balanced_2head,2026-10-06T08:18:02+09:00
2026-10-06,大垣,2,024420261006,1791288000,1791287700,production_top10,1,2-3-4,0.08519476289116888,0.08519476289116888,balanced_2head,2026-10-06T08:18:02+09:00
2026-10-06,大垣,2,024420261006,1791288000,1791287700,production_top10,2,2-4-3,0.056340440484196105,0.056340440484196105,balanced_2head,2026-10-06T08:18:02+09:00
2026-10-06,大垣,2,024420261006,1791288000,1791287700,production_top10,3,2-3-5,0.05515287916064811,0.05515287916064811,balanced_2head,2026-10-06T08:18:02+09:00
2026-10-06,大垣,2,024420261006,1791288000,1791287700,production_top10,4,2-4-5,0.04352987076391872,0.04352987076391872,balanced_2head,2026-10-06T08:18:02+09:00
2026-10-06,大垣,2,024420261006,1791288000,1791287700,production_top10,5,2-3-6,0.041857591948277456,0.041857591948277456,balanced_2head,2026-10-06T08:18:02+09:00
2026-10-06,大垣,2,024420261006,1791288000,1791287700,production_top10,6,1-3-4,0.033996000973705816,0.033996000973705816,balanced_2head,2026-10-06T08:18:02+09:00
2026-10-06,大垣,2,024420261006,1791288000,1791287700,production_top10,7,2-4-6,0.03303645422916397,0.03303645422916397,balanced_2head,2026-10-06T08:18:02+09:00
2026-10-06,大垣,2,024420261006,1791288000,1791287700,production_top10,8,2-1-4,0.031124421793651047,0.031124421793651047,balanced_2head,2026-10-06T08:18:02+09:00
2026-10-06,大垣,2,024420261006,1791288000,1791287700,production_top10,9,2-3-1,0.03066314111191957,0.03066314111191957,balanced_2head,2026-10-06T08:18:02+09:00
2026-10-06,大垣,2,024420261006,1791288000,1791287700,production_top10,10,2-1-3,0.026078910439960187,0.026078910439960187,balanced_2head,2026-10-06T08:18:02+09:00
2026-10-06,前橋,2,022220261006,1791288600,1791288300,production_top10,1,1-2-3,0.07857274067252334,0.07857274067252334,clear_1head,2026-10-06T08:18:02+09:00
2026-10-06,前橋,2,022220261006,1791288600,1791288300,production_top10,2,1-3-4,0.0753435892326758,0.0753435892326758,clear_1head,2026-10-06T08:18:02+09:00
2026-10-06,前橋,2,022220261006,1791288600,1791288300,production_top10,3,1-2-4,0.07235462829565192,0.07235462829565192,clear_1head,2026-10-06T08:18:02+09:00
2026-10-06,前橋,2,022220261006,1791288600,1791288300,production_top10,4,1-3-2,0.07099132951260123,0.07099132951260123,clear_1head,2026-10-06T08:18:02+09:00
2026-10-06,前橋,2,022220261006,1791288600,1791288300,production_top10,5,1-3-5,0.05205874814415492,0.05205874814415492,clear_1head,2026-10-06T08:18:02+09:00
2026-10-06,前橋,2,022220261006,1791288600,1791288300,production_top10,6,1-4-3,0.05119394815403054,0.05119394815403054,clear_1head,2026-10-06T08:18:02+09:00
2026-10-06,前橋,2,022220261006,1791288600,1791288300,production_top10,7,1-2-5,0.04999352180946684,0.04999352180946684,clear_1head,2026-10-06T08:18:02+09:00
2026-10-06,前橋,2,022220261006,1791288600,1791288300,production_top10,8,1-4-2,0.04441933407681056,0.04441933407681056,clear_1head,2026-10-06T08:18:02+09:00
2026-10-06,前橋,2,022220261006,1791288600,1791288300,production_top10,9,1-3-6,0.03389421228189333,0.03389421228189333,clear_1head,2026-10-06T08:18:02+09:00
2026-10-06,前橋,2,022220261006,1791288600,1791288300,production_top10,10,1-4-5,0.03257320212639907,0.03257320212639907,clear_1head,2026-10-06T08:18:02+09:00
2026-10-06,大垣,3,034420261006,1791289200,1791288900,production_top10,1,1-2-5,0.08967711914345652,0.08967711914345652,clear_1head,2026-10-06T08:18:02+09:00
2026-10-06,大垣,3,034420261006,1791289200,1791288900,production_top10,2,1-4-5,0.0670180860530376,0.0670180860530376,clear_1head,2026-10-06T08:18:02+09:00
2026-10-06,大垣,3,034420261006,1791289200,1791288900,production_top10,3,1-3-5,0.06116901126786774,0.06116901126786774,clear_1head,2026-10-06T08:18:02+09:00
2026-10-06,大垣,3,034420261006,1791289200,1791288900,production_top10,4,1-2-4,0.04763178654303738,0.04763178654303738,clear_1head,2026-10-06T08:18:02+09:00
2026-10-06,大垣,3,034420261006,1791289200,1791288900,production_top10,5,1-2-3,0.044388545778983775,0.044388545778983775,clear_1head,2026-10-06T08:18:02+09:00
2026-10-06,大垣,3,034420261006,1791289200,1791288900,production_top10,6,1-2-6,0.03569356101830163,0.03569356101830163,clear_1head,2026-10-06T08:18:02+09:00
2026-10-06,大垣,3,034420261006,1791289200,1791288900,production_top10,7,1-4-3,0.03317273580149567,0.03317273580149567,clear_1head,2026-10-06T08:18:02+09:00
2026-10-06,大垣,3,034420261006,1791289200,1791288900,production_top10,8,1-3-4,0.03248977348501633,0.03248977348501633,clear_1head,2026-10-06T08:18:02+09:00
2026-10-06,大垣,3,034420261006,1791289200,1791288900,production_top10,9,1-4-6,0.02667474342075174,0.02667474342075174,clear_1head,2026-10-06T08:18:02+09:00
2026-10-06,大垣,3,034420261006,1791289200,1791288900,production_top10,10,1-3-6,0.024346676799754545,0.024346676799754545,clear_1head,2026-10-06T08:18:02+09:00
2026-10-06,前橋,3,032220261006,1791289800,1791289500,production_top10,1,1-3-5,0.05758505811314936,0.05758505811314936,balanced_2head,2026-10-06T08:18:02+09:00
2026-10-06,前橋,3,032220261006,1791289800,1791289500,production_top10,2,1-2-5,0.05034362601051644,0.05034362601051644,balanced_2head,2026-10-06T08:18:02+09:00
2026-10-06,前橋,3,032220261006,1791289800,1791289500,production_top10,3,1-4-5,0.04364182341652622,0.04364182341652622,balanced_2head,2026-10-06T08:18:02+09:00
2026-10-06,前橋,3,032220261006,1791289800,1791289500,production_top10,4,1-3-2,0.03368566254014648,0.03368566254014648,balanced_2head,2026-10-06T08:18:02+09:00
2026-10-06,前橋,3,032220261006,1791289800,1791289500,production_top10,5,1-2-3,0.03271799005539303,0.03271799005539303,balanced_2head,2026-10-06T08:18:02+09:00
2026-10-06,前橋,3,032220261006,1791289800,1791289500,production_top10,6,1-3-4,0.03024879107655331,0.03024879107655331,balanced_2head,2026-10-06T08:18:02+09:00
2026-10-06,前橋,3,032220261006,1791289800,1791289500,production_top10,7,1-4-3,0.0283625328108637,0.0283625328108637,balanced_2head,2026-10-06T08:18:02+09:00
2026-10-06,前橋,3,032220261006,1791289800,1791289500,production_top10,8,3-1-5,0.026843179612013015,0.026843179612013015,balanced_2head,2026-10-06T08:18:02+09:00
2026-10-06,前橋,3,032220261006,1791289800,1791289500,production_top10,9,1-2-4,0.02644494726802251,0.02644494726802251,balanced_2head,2026-10-06T08:18:02+09:00
2026-10-06,前橋,3,032220261006,1791289800,1791289500,production_top10,10,1-4-2,0.02552925679708694,0.02552925679708694,balanced_2head,2026-10-06T08:18:02+09:00
2026-10-06,大垣,4,044420261006,1791290400,1791290100,production_top10,1,1-2-5,0.27234208118786746,0.27234208118786746,clear_1head,2026-10-06T08:18:02+09:00
2026-10-06,大垣,4,044420261006,1791290400,1791290100,production_top10,2,1-3-5,0.09292499340435413,0.09292499340435413,clear_1head,2026-10-06T08:18:02+09:00
2026-10-06,大垣,4,044420261006,1791290400,1791290100,production_top10,3,1-2-3,0.05710393824574399,0.05710393824574399,clear_1head,2026-10-06T08:18:02+09:00
2026-10-06,大垣,4,044420261006,1791290400,1791290100,production_top10,4,1-2-4,0.05419647574890027,0.05419647574890027,clear_1head,2026-10-06T08:18:02+09:00
2026-10-06,大垣,4,044420261006,1791290400,1791290100,production_top10,5,1-2-7,0.04091571909607098,0.04091571909607098,clear_1head,2026-10-06T08:18:02+09:00
2026-10-06,大垣,4,044420261006,1791290400,1791290100,production_top10,6,1-5-2,0.03885449917967179,0.03885449917967179,clear_1head,2026-10-06T08:18:02+09:00
2026-10-06,大垣,4,044420261006,1791290400,1791290100,production_top10,7,1-3-2,0.031186870299294598,0.031186870299294598,clear_1head,2026-10-06T08:18:02+09:00
2026-10-06,大垣,4,044420261006,1791290400,1791290100,production_top10,8,1-5-3,0.024274671935408807,0.024274671935408807,clear_1head,2026-10-06T08:18:02+09:00
2026-10-06,大垣,4,044420261006,1791290400,1791290100,production_top10,9,1-5-4,0.023038720432875685,0.023038720432875685,clear_1head,2026-10-06T08:18:02+09:00
2026-10-06,大垣,4,044420261006,1791290400,1791290100,production_top10,10,1-3-4,0.018492210713597766,0.018492210713597766,clear_1head,2026-10-06T08:18:02+09:00
2026-10-06,前橋,4,042220261006,1791291000,1791290700,production_top10,1,1-4-3,0.04334145569947609,0.04334145569947609,balanced_2head,2026-10-06T08:18:02+09:00
2026-10-06,前橋,4,042220261006,1791291000,1791290700,production_top10,2,1-4-6,0.03526608838284616,0.03526608838284616,balanced_2head,2026-10-06T08:18:02+09:00
2026-10-06,前橋,4,042220261006,1791291000,1791290700,production_top10,3,1-4-5,0.03509010437303599,0.03509010437303599,balanced_2head,2026-10-06T08:18:02+09:00
2026-10-06,前橋,4,042220261006,1791291000,1791290700,production_top10,4,1-3-4,0.029399437144537438,0.029399437144537438,balanced_2head,2026-10-06T08:18:02+09:00
2026-10-06,前橋,4,042220261006,1791291000,1791290700,production_top10,5,1-2-4,0.026322633975680722,0.026322633975680722,balanced_2head,2026-10-06T08:18:02+09:00
2026-10-06,前橋,4,042220261006,1791291000,1791290700,production_top10,6,1-2-3,0.02570593262475769,0.02570593262475769,balanced_2head,2026-10-06T08:18:02+09:00
2026-10-06,前橋,4,042220261006,1791291000,1791290700,production_top10,7,1-3-6,0.023361290707280612,0.023361290707280612,balanced_2head,2026-10-06T08:18:02+09:00
2026-10-06,前橋,4,042220261006,1791291000,1791290700,production_top10,8,1-3-5,0.02324471374052498,0.02324471374052498,balanced_2head,2026-10-06T08:18:02+09:00
2026-10-06,前橋,4,042220261006,1791291000,1791290700,production_top10,9,2-4-3,0.021032818367438696,0.021032818367438696,balanced_2head,2026-10-06T08:18:02+09:00
2026-10-06,前橋,4,042220261006,1791291000,1791290700,production_top10,10,1-2-6,0.020916410796030363,0.020916410796030363,balanced_2head,2026-10-06T08:18:02+09:00
2026-10-06,大垣,5,054420261006,1791291600,1791291300,production_top10,1,1-3-2,0.06863162000994673,0.06863162000994673,balanced_2head,2026-10-06T08:18:02+09:00
2026-10-06,大垣,5,054420261006,1791291600,1791291300,production_top10,2,1-3-4,0.04634785640607999,0.04634785640607999,balanced_2head,2026-10-06T08:18:02+09:00
2026-10-06,大垣,5,054420261006,1791291600,1791291300,production_top10,3,1-2-3,0.04034368123420706,0.04034368123420706,balanced_2head,2026-10-06T08:18:02+09:00
2026-10-06,大垣,5,054420261006,1791291600,1791291300,production_top10,4,1-3-7,0.03913290392022869,0.03913290392022869,balanced_2head,2026-10-06T08:18:02+09:00
2026-10-06,大垣,5,054420261006,1791291600,1791291300,production_top10,5,1-3-5,0.03408796170703018,0.03408796170703018,balanced_2head,2026-10-06T08:18:02+09:00
2026-10-06,大垣,5,054420261006,1791291600,1791291300,production_top10,6,1-3-6,0.03397507557942052,0.03397507557942052,balanced_2head,2026-10-06T08:18:02+09:00
2026-10-06,大垣,5,054420261006,1791291600,1791291300,production_top10,7,1-4-3,0.02756506081708194,0.02756506081708194,balanced_2head,2026-10-06T08:18:02+09:00
2026-10-06,大垣,5,054420261006,1791291600,1791291300,production_top10,8,1-4-2,0.023000967069012494,0.023000967069012494,balanced_2head,2026-10-06T08:18:02+09:00
2026-10-06,大垣,5,054420261006,1791291600,1791291300,production_top10,9,1-2-4,0.02273359231007287,0.02273359231007287,balanced_2head,2026-10-06T08:18:02+09:00
2026-10-06,大垣,5,054420261006,1791291600,1791291300,production_top10,10,1-2-7,0.019194662981544666,0.019194662981544666,balanced_2head,2026-10-06T08:18:02+09:00
2026-10-06,前橋,5,052220261006,1791292200,1791291900,production_top10,1,1-3-5,0.06749490350289097,0.06749490350289097,clear_1head,2026-10-06T08:18:02+09:00
2026-10-06,前橋,5,052220261006,1791292200,1791291900,production_top10,2,1-5-3,0.057223539352826286,0.057223539352826286,clear_1head,2026-10-06T08:18:02+09:00
2026-10-06,前橋,5,052220261006,1791292200,1791291900,production_top10,3,1-2-5,0.051780582207031634,0.051780582207031634,clear_1head,2026-10-06T08:18:02+09:00
2026-10-06,前橋,5,052220261006,1791292200,1791291900,production_top10,4,1-5-6,0.042711140648132244,0.042711140648132244,clear_1head,2026-10-06T08:18:02+09:00
2026-10-06,前橋,5,052220261006,1791292200,1791291900,production_top10,5,1-5-2,0.039750572910439784,0.039750572910439784,clear_1head,2026-10-06T08:18:02+09:00
2026-10-06,前橋,5,052220261006,1791292200,1791291900,production_top10,6,1-5-4,0.03694314042043596,0.03694314042043596,clear_1head,2026-10-06T08:18:02+09:00
2026-10-06,前橋,5,052220261006,1791292200,1791291900,production_top10,7,1-2-3,0.03404297113397631,0.03404297113397631,clear_1head,2026-10-06T08:18:02+09:00
2026-10-06,前橋,5,052220261006,1791292200,1791291900,production_top10,8,1-3-6,0.03312058217747546,0.03312058217747546,clear_1head,2026-10-06T08:18:02+09:00
2026-10-06,前橋,5,052220261006,1791292200,1791291900,production_top10,9,1-3-2,0.03082479411000052,0.03082479411000052,clear_1head,2026-10-06T08:18:02+09:00
2026-10-06,前橋,5,052220261006,1791292200,1791291900,production_top10,10,1-3-4,0.028647755588390528,0.028647755588390528,clear_1head,2026-10-06T08:18:02+09:00
2026-10-06,大垣,6,064420261006,1791292800,1791292500,production_top10,1,1-3-4,0.1585179532396598,0.1585179532396598,clear_1head,2026-10-06T08:18:02+09:00
2026-10-06,大垣,6,064420261006,1791292800,1791292500,production_top10,2,1-3-2,0.07177948428638026,0.07177948428638026,clear_1head,2026-10-06T08:18:02+09:00
2026-10-06,大垣,6,064420261006,1791292800,1791292500,production_top10,3,1-2-3,0.05755848291324894,0.05755848291324894,clear_1head,2026-10-06T08:18:02+09:00
2026-10-06,大垣,6,064420261006,1791292800,1791292500,production_top10,4,1-2-4,0.05429865831213787,0.05429865831213787,clear_1head,2026-10-06T08:18:02+09:00
2026-10-06,大垣,6,064420261006,1791292800,1791292500,production_top10,5,1-3-5,0.05050416380881205,0.05050416380881205,clear_1head,2026-10-06T08:18:02+09:00
2026-10-06,大垣,6,064420261006,1791292800,1791292500,production_top10,6,1-4-3,0.04708794345873441,0.04708794345873441,clear_1head,2026-10-06T08:18:02+09:00
2026-10-06,大垣,6,064420261006,1791292800,1791292500,production_top10,7,1-3-6,0.03589887414606141,0.03589887414606141,clear_1head,2026-10-06T08:18:02+09:00
2026-10-06,大垣,6,064420261006,1791292800,1791292500,production_top10,8,1-4-2,0.020114598158737926,0.020114598158737926,clear_1head,2026-10-06T08:18:02+09:00
2026-10-06,大垣,6,064420261006,1791292800,1791292500,production_top10,9,1-2-5,0.017299670339856646,0.017299670339856646,clear_1head,2026-10-06T08:18:02+09:00
2026-10-06,大垣,6,064420261006,1791292800,1791292500,production_top10,10,1-4-5,0.014152664517681487,0.014152664517681487,clear_1head,2026-10-06T08:18:02+09:00
2026-10-06,前橋,6,062220261006,1791293400,1791293100,production_top10,1,2-1-4,0.1523085753714758,0.1523085753714758,clear_1head,2026-10-06T08:18:02+09:00
2026-10-06,前橋,6,062220261006,1791293400,1791293100,production_top10,2,2-3-4,0.07530285626679942,0.07530285626679942,clear_1head,2026-10-06T08:18:02+09:00
2026-10-06,前橋,6,062220261006,1791293400,1791293100,production_top10,3,2-1-3,0.06435391794957798,0.06435391794957798,clear_1head,2026-10-06T08:18:02+09:00
2026-10-06,前橋,6,062220261006,1791293400,1791293100,production_top10,4,2-1-5,0.05689040471724079,0.05689040471724079,clear_1head,2026-10-06T08:18:02+09:00
2026-10-06,前橋,6,062220261006,1791293400,1791293100,production_top10,5,2-1-6,0.0392304560293095,0.0392304560293095,clear_1head,2026-10-06T08:18:02+09:00
2026-10-06,前橋,6,062220261006,1791293400,1791293100,production_top10,6,2-4-1,0.03656023551609985,0.03656023551609985,clear_1head,2026-10-06T08:18:02+09:00
2026-10-06,前橋,6,062220261006,1791293400,1791293100,production_top10,7,2-3-1,0.03483392578014446,0.03483392578014446,clear_1head,2026-10-06T08:18:02+09:00
2026-10-06,前橋,6,062220261006,1791293400,1791293100,production_top10,8,2-4-3,0.03339401581904483,0.03339401581904483,clear_1head,2026-10-06T08:18:02+09:00
2026-10-06,前橋,6,062220261006,1791293400,1791293100,production_top10,9,2-4-5,0.029521109756952418,0.029521109756952418,clear_1head,2026-10-06T08:18:02+09:00
2026-10-06,前橋,6,062220261006,1791293400,1791293100,production_top10,10,2-3-5,0.028127175104447448,0.028127175104447448,clear_1head,2026-10-06T08:18:02+09:00
2026-10-06,大垣,7,074420261006,1791294000,1791293700,production_top10,1,3-2-5,0.06433475600429904,0.06433475600429904,balanced_2head,2026-10-06T08:18:02+09:00
2026-10-06,大垣,7,074420261006,1791294000,1791293700,production_top10,2,1-3-2,0.04262322351088084,0.04262322351088084,balanced_2head,2026-10-06T08:18:02+09:00
2026-10-06,大垣,7,074420261006,1791294000,1791293700,production_top10,3,1-3-5,0.04210852456114846,0.04210852456114846,balanced_2head,2026-10-06T08:18:02+09:00
2026-10-06,大垣,7,074420261006,1791294000,1791293700,production_top10,4,3-1-2,0.04028987715281046,0.04028987715281046,balanced_2head,2026-10-06T08:18:02+09:00
2026-10-06,大垣,7,074420261006,1791294000,1791293700,production_top10,5,3-1-5,0.03980335464823957,0.03980335464823957,balanced_2head,2026-10-06T08:18:02+09:00
2026-10-06,大垣,7,074420261006,1791294000,1791293700,production_top10,6,3-2-4,0.033344806397405995,0.033344806397405995,balanced_2head,2026-10-06T08:18:02+09:00
2026-10-06,大垣,7,074420261006,1791294000,1791293700,production_top10,7,3-4-2,0.030793120179761803,0.030793120179761803,balanced_2head,2026-10-06T08:18:02+09:00
2026-10-06,大垣,7,074420261006,1791294000,1791293700,production_top10,8,3-4-5,0.03042127625736442,0.03042127625736442,balanced_2head,2026-10-06T08:18:02+09:00
2026-10-06,大垣,7,074420261006,1791294000,1791293700,production_top10,9,1-2-3,0.02428635181519321,0.02428635181519321,balanced_2head,2026-10-06T08:18:02+09:00
2026-10-06,大垣,7,074420261006,1791294000,1791293700,production_top10,10,1-3-4,0.021824915277180567,0.021824915277180567,balanced_2head,2026-10-06T08:18:02+09:00
2026-10-06,前橋,7,072220261006,1791294600,1791294300,production_top10,1,1-2-4,0.05774907250216542,0.05774907250216542,clear_1head,2026-10-06T08:18:02+09:00
2026-10-06,前橋,7,072220261006,1791294600,1791294300,production_top10,2,1-2-3,0.04380954575675084,0.04380954575675084,clear_1head,2026-10-06T08:18:02+09:00
2026-10-06,前橋,7,072220261006,1791294600,1791294300,production_top10,3,1-3-4,0.041705312777709024,0.041705312777709024,clear_1head,2026-10-06T08:18:02+09:00
2026-10-06,前橋,7,072220261006,1791294600,1791294300,production_top10,4,1-2-6,0.038250148310305335,0.038250148310305335,clear_1head,2026-10-06T08:18:02+09:00
2026-10-06,前橋,7,072220261006,1791294600,1791294300,production_top10,5,1-4-3,0.03533439564624335,0.03533439564624335,clear_1head,2026-10-06T08:18:02+09:00
2026-10-06,前橋,7,072220261006,1791294600,1791294300,production_top10,6,1-2-5,0.03451240113253727,0.03451240113253727,clear_1head,2026-10-06T08:18:02+09:00
2026-10-06,前橋,7,072220261006,1791294600,1791294300,production_top10,7,1-4-6,0.030850488188765308,0.030850488188765308,clear_1head,2026-10-06T08:18:02+09:00
2026-10-06,前橋,7,072220261006,1791294600,1791294300,production_top10,8,1-4-2,0.03039020428467317,0.03039020428467317,clear_1head,2026-10-06T08:18:02+09:00
2026-10-06,前橋,7,072220261006,1791294600,1791294300,production_top10,9,1-4-5,0.027835824710212016,0.027835824710212016,clear_1head,2026-10-06T08:18:02+09:00
2026-10-06,前橋,7,072220261006,1791294600,1791294300,production_top10,10,1-3-6,0.027623550127410707,0.027623550127410707,clear_1head,2026-10-06T08:18:02+09:00
2026-10-06,大垣,8,084420261006,1791295200,1791294900,production_top10,1,1-2-3,0.14487748988912807,0.14487748988912807,clear_1head,2026-10-06T08:18:02+09:00
2026-10-06,大垣,8,084420261006,1791295200,1791294900,production_top10,2,1-2-4,0.13365794239699644,0.13365794239699644,clear_1head,2026-10-06T08:18:02+09:00
2026-10-06,大垣,8,084420261006,1791295200,1791294900,production_top10,3,1-2-5,0.09208450547945317,0.09208450547945317,clear_1head,2026-10-06T08:18:02+09:00
2026-10-06,大垣,8,084420261006,1791295200,1791294900,production_top10,4,1-2-7,0.07182511059938906,0.07182511059938906,clear_1head,2026-10-06T08:18:02+09:00
2026-10-06,大垣,8,084420261006,1791295200,1791294900,production_top10,5,1-3-2,0.062407346354264204,0.062407346354264204,clear_1head,2026-10-06T08:18:02+09:00
2026-10-06,大垣,8,084420261006,1791295200,1791294900,production_top10,6,1-4-2,0.050415288955588694,0.050415288955588694,clear_1head,2026-10-06T08:18:02+09:00
2026-10-06,大垣,8,084420261006,1791295200,1791294900,production_top10,7,1-3-4,0.03005990310395262,0.03005990310395262,clear_1head,2026-10-06T08:18:02+09:00
2026-10-06,大垣,8,084420261006,1791295200,1791294900,production_top10,8,1-4-3,0.026322083511735674,0.026322083511735674,clear_1head,2026-10-06T08:18:02+09:00
2026-10-06,大垣,8,084420261006,1791295200,1791294900,production_top10,9,1-3-5,0.02070996502299859,0.02070996502299859,clear_1head,2026-10-06T08:18:02+09:00
2026-10-06,大垣,8,084420261006,1791295200,1791294900,production_top10,10,1-4-5,0.01673038403151502,0.01673038403151502,clear_1head,2026-10-06T08:18:02+09:00
2026-10-06,前橋,8,082220261006,1791295800,1791295500,production_top10,1,2-1-5,0.10866627025472138,0.10866627025472138,clear_1head,2026-10-06T08:18:02+09:00
2026-10-06,前橋,8,082220261006,1791295800,1791295500,production_top10,2,2-1-4,0.04746470017176432,0.04746470017176432,clear_1head,2026-10-06T08:18:02+09:00
2026-10-06,前橋,8,082220261006,1791295800,1791295500,production_top10,3,2-3-5,0.0471922799067299,0.0471922799067299,clear_1head,2026-10-06T08:18:02+09:00
2026-10-06,前橋,8,082220261006,1791295800,1791295500,production_top10,4,2-1-3,0.04451925298292319,0.04451925298292319,clear_1head,2026-10-06T08:18:02+09:00
2026-10-06,前橋,8,082220261006,1791295800,1791295500,production_top10,5,2-4-5,0.043346647919223345,0.043346647919223345,clear_1head,2026-10-06T08:18:02+09:00
2026-10-06,前橋,8,082220261006,1791295800,1791295500,production_top10,6,2-1-6,0.04190049341145275,0.04190049341145275,clear_1head,2026-10-06T08:18:02+09:00
2026-10-06,前橋,8,082220261006,1791295800,1791295500,production_top10,7,2-3-1,0.023667432136184312,0.023667432136184312,clear_1head,2026-10-06T08:18:02+09:00
2026-10-06,前橋,8,082220261006,1791295800,1791295500,production_top10,8,2-4-1,0.021738806643520382,0.021738806643520382,clear_1head,2026-10-06T08:18:02+09:00
2026-10-06,前橋,8,082220261006,1791295800,1791295500,production_top10,9,2-3-4,0.0206132722779964,0.0206132722779964,clear_1head,2026-10-06T08:18:02+09:00
2026-10-06,前橋,8,082220261006,1791295800,1791295500,production_top10,10,2-3-6,0.01819681312948584,0.01819681312948584,clear_1head,2026-10-06T08:18:02+09:00
2026-10-06,大垣,9,094420261006,1791296400,1791296100,production_top10,1,2-1-4,0.024158978341539007,0.024158978341539007,balanced_2head,2026-10-06T08:18:02+09:00
2026-10-06,大垣,9,094420261006,1791296400,1791296100,production_top10,2,1-2-4,0.022723244739682274,0.022723244739682274,balanced_2head,2026-10-06T08:18:02+09:00
2026-10-06,大垣,9,094420261006,1791296400,1791296100,production_top10,3,2-3-4,0.020406806154526502,0.020406806154526502,balanced_2head,2026-10-06T08:18:02+09:00
2026-10-06,大垣,9,094420261006,1791296400,1791296100,production_top10,4,2-4-3,0.01993822045124958,0.01993822045124958,balanced_2head,2026-10-06T08:18:02+09:00
2026-10-06,大垣,9,094420261006,1791296400,1791296100,production_top10,5,2-1-3,0.015990649655152935,0.015990649655152935,balanced_2head,2026-10-06T08:18:02+09:00
2026-10-06,大垣,9,094420261006,1791296400,1791296100,production_top10,6,2-4-1,0.015762548758423884,0.015762548758423884,balanced_2head,2026-10-06T08:18:02+09:00
2026-10-06,大垣,9,094420261006,1791296400,1791296100,production_top10,7,2-4-5,0.015050484186073255,0.015050484186073255,balanced_2head,2026-10-06T08:18:02+09:00
2026-10-06,大垣,9,094420261006,1791296400,1791296100,production_top10,8,1-2-3,0.015040348168854266,0.015040348168854266,balanced_2head,2026-10-06T08:18:02+09:00
2026-10-06,大垣,9,094420261006,1791296400,1791296100,production_top10,9,2-4-6,0.013853294220637219,0.013853294220637219,balanced_2head,2026-10-06T08:18:02+09:00
2026-10-06,大垣,9,094420261006,1791296400,1791296100,production_top10,10,1-4-2,0.01323633668028999,0.01323633668028999,balanced_2head,2026-10-06T08:18:02+09:00
2026-10-06,前橋,9,092220261006,1791297000,1791296700,production_top10,1,1-4-7,0.030188732609941156,0.030188732609941156,balanced_2head,2026-10-06T08:18:02+09:00
2026-10-06,前橋,9,092220261006,1791297000,1791296700,production_top10,2,1-4-2,0.023067951811851096,0.023067951811851096,balanced_2head,2026-10-06T08:18:02+09:00
2026-10-06,前橋,9,092220261006,1791297000,1791296700,production_top10,3,1-4-5,0.022286668177026035,0.022286668177026035,balanced_2head,2026-10-06T08:18:02+09:00
2026-10-06,前橋,9,092220261006,1791297000,1791296700,production_top10,4,1-4-3,0.021504321393333806,0.021504321393333806,balanced_2head,2026-10-06T08:18:02+09:00
2026-10-06,前橋,9,092220261006,1791297000,1791296700,production_top10,5,1-7-4,0.02137869067890693,0.02137869067890693,balanced_2head,2026-10-06T08:18:02+09:00
2026-10-06,前橋,9,092220261006,1791297000,1791296700,production_top10,6,1-2-4,0.019743808400539943,0.019743808400539943,balanced_2head,2026-10-06T08:18:02+09:00
2026-10-06,前橋,9,092220261006,1791297000,1791296700,production_top10,7,1-2-7,0.018200795327021034,0.018200795327021034,balanced_2head,2026-10-06T08:18:02+09:00
2026-10-06,前橋,9,092220261006,1791297000,1791296700,production_top10,8,4-1-7,0.0151452196327268,0.0151452196327268,balanced_2head,2026-10-06T08:18:02+09:00
2026-10-06,前橋,9,092220261006,1791297000,1791296700,production_top10,9,1-7-2,0.015059296928630263,0.015059296928630263,balanced_2head,2026-10-06T08:18:02+09:00
2026-10-06,前橋,9,092220261006,1791297000,1791296700,production_top10,10,1-7-5,0.014549256750886107,0.014549256750886107,balanced_2head,2026-10-06T08:18:02+09:00
